data,000001.SS,ACWI,ARGT,BOVA11.SA,BRL=X,BTC-USD,BZ=F,ECH,ENZL,EWA,EWG,EWH,EWJ,EWT,EWU,EWW,EWY,EZA,FEZ,GC=F,GLD,IEMG,INDA,MCHI,QQQ,SMAL11.SA,SPY,USO,VEA,VT,XLE,^AXJO,^BVSP,^FTSE,^GDAXI,^GSPC,^HSI,^KS11,^MXX,^N225,^NDX,^NSEI,^NZ50,^STOXX50E,^TWII
2015-01-31,1338.483465447557,120.89933845715495,42.10606131075929,45.61000061035156,2.6001999378204346,565.4498910222501,137.7845990694541,71.14254313516722,71.96679016898452,35.82902110785244,56.234719578089425,38.89167096499591,96.50190200368434,45.9711637325986,61.10132608707863,110.34236443516329,116.9890104660999,104.51723771975594,69.81139181316348,3324.3556205034256,320.9946743887522,91.01038019439238,73.5205481007315,106.4879596285009,241.74830835624925,46.790000915527344,429.482081279315,370.6844967875368,70.86641373312477,120.59718662264459,63.10563860666889,11315.748048544396,46908.0,26443.474454123527,31515.09136215225,5187.372848559811,8220.64535502519,4.612728094532574,7202.387680429732,388.30636411713203,10786.74788511882,370.6534808883372,10877.247093385778,9876.357997686835,772.7359422322406
2015-02-28,1538.7520094076497,142.5116008074565,51.6456764666118,50.0099983215332,2.9049999713897705,738.6340091439342,181.79490352878565,86.15592673327046,85.40850516127057,43.24297812312011,66.52233730604394,43.530825162368956,115.88366077734645,53.95664769438599,72.27477892266916,131.9555988285938,133.00434832235442,118.28946361391263,83.00557802467301,3522.602894384385,337.4448073150634,105.96046793531787,85.64438458971836,125.24965489057922,289.5883725446838,49.4900016784668,506.7950555098687,420.6440047225951,84.05050987435197,142.75310419634388,73.74118089530293,13447.703246567398,51583.0,31053.13964237878,37115.82481986843,6113.572439789772,9298.05968431849,5.241124737944569,8563.171725924127,457.54184635628917,12900.14599599829,416.06308515184577,12874.664947284138,11715.824862003326,875.5869526315295
2015-03-31,1951.2179593063086,155.94657907981855,59.86593908428404,49.5,3.2260000705718994,787.8666380849609,177.78486585821156,93.31369245957148,92.78468525347989,46.35838363017797,74.22121114209403,48.830800401793795,130.5643242826136,58.94513280117053,75.68075269318797,141.06060155843352,149.29220325523147,128.59729909309863,91.24966969408206,3816.680604733847,366.6671798351672,116.06003628373855,90.90244372289362,142.86440943633352,314.00138484455056,49.91999816894531,553.9567251920744,434.60673344543466,92.20084771247912,156.6030171282364,80.94351726601872,14549.059632062912,51150.0,32339.044216156006,41799.027291367296,6671.012939391949,10358.52136665769,5.956004505472581,9239.920682220254,516.2838934015235,13980.484056813293,438.20837279192943,14117.810976318551,12915.317402079469,985.805903298616
2015-04-30,2118.6511665816024,146.82549853748424,57.565303076400596,54.619998931884766,2.952699899673462,697.2653304236846,197.1812956958238,89.49965516077964,85.96291778991508,43.28481168463804,67.43250810555173,48.48469548031562,122.65052717300114,56.3507880793677,73.8846007238476,130.5804678074128,146.02624075481162,124.14816543311917,85.24036550619257,3491.2724334613013,335.0428612203177,113.94252695694831,76.43915853480758,150.38738202089007,292.9246489390953,51.36000061035156,512.0125170068823,484.4790049449766,87.65260138881422,146.98974517268107,78.95644490729092,13670.190353393555,56229.0,31706.229255239712,37589.83726855251,6157.8851966029615,10717.829044342041,5.875651098393715,8647.646076962817,484.0962560911248,13033.95553213358,380.78107439045425,13005.847826579544,11865.281614898646,944.9413922811699
2015-05-31,2352.651173388146,157.0541128333207,58.75127850366425,51.349998474121094,3.158400058746338,727.0321172337572,207.06470014047227,93.55781848822517,86.4412435328586,44.75162542344606,70.88825820939292,51.62258291818944,133.1333023175921,59.909822787908524,79.5254782614029,139.41524658726848,147.59379235706547,122.1266135386486,89.82086316359073,3756.6011069822707,360.3734418836211,117.43679716723818,84.99146677249428,153.60113085991543,320.3763745869401,50.25,554.7229745268487,513.1768280509641,93.71362159781256,157.75255510705392,80.07473798841602,13966.381582359318,52760.0,33798.908145967405,39519.21098847315,6655.980360520189,11171.792087073263,6.033771212465885,9212.969416588428,524.5659678008124,14238.857064843178,417.34179915841077,13261.038121689973,12363.468629050185,995.1515277995072
2015-06-30,2149.3752768007116,150.90224131053674,55.268791711261656,51.459999084472656,3.115000009536743,819.4692543704223,198.08285108175278,86.48842490925927,79.55493448771767,42.173291578662656,68.12621139402745,49.14099847102739,129.54378430926408,57.06160050695735,75.40059506612442,135.16577802078154,138.79108410411573,122.30197728407165,86.68793681935495,3649.2225111722946,350.0325596272469,112.41052375876279,83.37665701643164,143.29558534623902,308.1250056735662,49.56999969482422,535.9878552633927,495.4095806030273,89.7355733376271,152.13050507391017,76.2233886000613,13044.826610326767,53081.0,31929.42423582077,38232.968946082285,6426.588004294492,10547.524019935518,5.778051590899203,8944.961537846713,513.7851794260787,13695.906711852644,409.074743474102,12200.437588931454,11961.765148712962,931.8190722452078
2015-07-31,1991.9815176493635,164.64008312243095,54.674219679473026,49.369998931884766,3.370800018310547,959.4982046383666,175.98946586993407,87.69838763382722,86.53472457361204,45.39780423487173,74.91056036633381,52.39854005209054,141.49494482531736,57.560489054740174,82.88895021680219,144.29338365887816,139.4782177437446,125.9544745626772,96.68881215013243,3690.68902234314,353.6980469500122,113.66547668098065,92.63855825010978,138.46083390795684,348.6247192918381,47.709999084472656,593.1040828299592,420.4061823984375,98.52499188727961,165.4528097732691,76.13960288475937,14008.633764837636,50865.0,35197.08994009998,41704.16366262594,7091.624206784181,10711.114855745109,5.845096120716552,9275.044635054655,559.3009894745373,15468.298438712955,448.5874707169107,13188.642865866263,13278.264416423044,924.4814662398909
2015-08-31,1798.7398673555665,162.89659936720273,57.15918559510919,45.34000015258789,3.578700065612793,823.3014214209106,193.78661401359568,91.30874844856044,84.91431214357908,42.96792259297581,73.9442771463091,48.24798093391473,140.8112620867505,55.502249812815535,80.97634823718909,143.70336569736173,138.417061723183,123.4597052523568,95.17545752938713,4049.6569068768295,389.43414004785154,109.38529702426604,88.91899169946191,129.55092459583102,344.8675401203436,43.47999954223633,591.3055385800981,454.92436216989154,97.03542758568983,164.00940056482068,77.39856283261906,13352.830579519272,46626.0,34179.76200657897,41052.20302507654,7057.840887615574,10008.340784087952,5.900144874251488,9337.69914238248,555.3801323681182,15297.440006053075,431.2911690865683,13082.134937536917,13083.0969931297,893.0236183347973
2015-09-30,1948.0601984689224,178.20640982512305,57.25475051938611,43.43000030517578,4.0543999671936035,957.0816463572846,196.11132208258823,97.33318337380024,95.48498271126482,46.77402591852251,78.68458913993072,54.20774082114076,150.44656687347378,61.93858284232647,88.13721795138372,158.83130121724935,159.8974402589156,130.57837688531254,102.23082194501058,4522.683163404465,433.2531829689178,121.48889699670235,102.45999397074411,145.80636500672335,382.08497388587784,42.18000030517578,652.8118462802377,476.1487420456542,105.44825489627146,178.9151070117714,81.37913713448506,14258.331583551946,45059.0,37237.01425576536,44083.48909523059,7784.569687791984,10905.116574033396,6.664112738943056,10154.64427844854,588.0672383134588,16951.689764396986,488.8959502433171,14409.53011961634,14149.287466110662,996.6907695036209
2015-10-31,2049.0857652083623,181.9282155269775,67.94338953826673,44.400001525878906,3.8447000980377197,1207.8739937426217,190.5433421386415,97.70359670487323,102.89100269728715,46.82996266979649,81.76272246568715,55.141026161829586,153.7738655437679,62.0377568898889,89.08596214446061,159.84726676369974,169.03427902188923,131.39067229036118,104.87631545962722,4388.725161910057,420.2257324486163,122.28108378330671,96.85453872252174,149.2795333879967,403.51865786716917,44.4900016784668,671.7034733582295,455.52008052191195,106.72792962084077,182.02322425208695,85.78239232145188,14283.127905890811,45869.0,37462.425975241,45861.36988522764,7994.516008860606,11231.49686321849,6.845317486235199,10303.185992908955,606.4609203954242,17873.357457127888,473.8491025986045,15434.414498564316,14448.174361481797,1010.7129492637476
2015-11-30,2072.854759098631,180.80167994573458,64.24591291556135,43.70000076293945,3.841399908065796,1449.4409100439589,171.3648522434196,90.76478852334594,101.1901967054655,47.21017094770423,82.1144217446681,53.965496537146464,154.39020920178882,60.334555872634155,87.53194535044122,156.41190299190566,164.04429381266164,123.04998428121417,103.35554880551399,4094.16420958488,391.5154715962526,119.3770808363247,93.305570408721,147.41709184090178,405.62700093077,43.56999969482422,673.5798844471938,397.3544158687437,105.82336953159393,181.71371641759015,85.69611275010539,13835.370742201805,45120.0,36702.66589264735,46340.47524609603,7991.686445116124,10565.9800399128,6.626043362621683,9724.01851557946,617.5034302853237,17918.247384843882,455.64226638543965,15294.769361504968,14275.809790539206,1007.9989315391696
2015-12-31,2160.630798630608,182.30701223989217,63.89737674745902,42.130001068115234,3.956700086593628,1703.6244311228584,147.5057743982543,92.32074804097647,111.3131620293243,49.66017157451847,81.28904515576824,55.43588597876146,156.82499368637582,60.481514775328606,86.40359893610548,152.01985142575722,162.71972877593998,112.88563727221162,101.90639223898916,4195.28929501347,401.44678716332237,118.70620234748776,96.95829082282944,146.96859271154062,411.1389092542522,41.529998779296875,681.807056381218,348.18960762023926,106.6740042308802,183.080076910589,78.98517870768046,15250.602659887052,43350.0,36612.962158857845,45353.76638480183,8087.257343154284,11188.397604295053,6.4805663484125064,9786.836613751948,610.2207925553375,18174.191884027212,473.12201861679256,17126.274796635265,13880.865713185864,1031.3568514019569
2016-01-31,1695.8842578800268,177.45227091010565,62.30023942251228,39.189998626708984,4.066999912261963,1499.775349694668,141.2875837783049,97.00510158504312,107.0591292383242,47.49078868551851,77.62109432995385,51.662623097739015,152.95068467339297,60.02551035228453,84.52021208578117,151.7420374101912,160.75686578703244,113.8465124766035,98.35832729437516,4540.398801341245,434.9656282049182,115.6652004180205,94.15262888351845,132.98646312303572,393.3966331986776,37.709999084472656,665.9222102128115,313.9723808151248,103.58602729870836,177.14485360030085,78.34709719248076,14425.35081088543,40406.0,35516.615863798186,43571.21585338609,7890.955870050355,10271.433329971507,6.450028782408777,9669.887757873279,598.9506880065892,17403.383696819656,451.74914798793577,16261.199980563362,13541.210779620451,1007.9018614276954
2016-02-29,1631.9108383022112,170.82881997918685,65.54931871359668,41.45000076293945,3.9646999835968018,1735.337252906429,142.61026324969862,96.18800850726029,107.52067805933439,45.35140960974945,72.65183711110649,50.69943816084992,141.19447829881483,60.93600906385632,79.81940439254822,148.20032325617285,152.93821414729155,108.48858458094173,91.76181837721924,4892.043406554527,470.37200363406373,111.66872031111643,84.85988375630723,126.57195501412843,377.4981987090159,39.650001525878906,648.6358913853,285.4583988189697,97.86577364123377,170.77878935653007,74.23767778180672,13831.494521230576,42794.0,33732.8155490763,41148.31672344357,7660.712171869702,9670.636084683705,6.122631789587854,9485.265241189743,557.4106951148497,16656.180859701475,403.0489609764827,16284.46317513687,12765.407355308533,1028.750397516419
2016-03-31,1673.4643016859332,166.4045301593551,62.05695263247435,48.63999938964844,3.596100091934204,1498.599209258915,142.4055581533812,96.99771598758707,111.02076278411232,45.99129069431319,72.58301898586251,50.25655301563097,134.1827907262932,59.661427369053854,76.29094162532556,148.89572427084022,157.26899224002955,116.4354419586789,89.56122506871361,4438.30655787437,423.04521262025446,113.99558687101262,86.90415178453804,127.25788641908548,365.8654597630393,44.25,627.9064791948076,279.05736164688096,95.15037018936027,167.25078190866589,74.18107382598737,14004.63853064971,50055.0,31911.265732962638,40623.40204699896,7407.031168242393,9636.23336911085,6.294586488743095,9551.98138399655,536.2774629718115,16123.690700092353,419.29938257817173,16762.65200189293,12249.295781854307,970.2328664316695
2016-04-30,1581.293605553496,163.1724533756642,64.46172820313222,52.150001525878906,3.4797000885009766,1560.0121604895685,167.47796897627268,96.9866645541515,109.22938980849722,45.90772916909373,71.59844250436436,48.6544355258593,129.95335970546876,54.39809968837835,76.78756862358568,144.98842401837464,150.53624023079465,118.38391176450386,88.9311569909114,4486.029184188228,430.2649212527467,111.04782194703148,83.90516836134339,122.44356629242247,342.7409545316186,46.650001525878906,609.9767816347594,314.56489331008925,94.20031870768071,163.46432214071683,78.28640924302817,13944.066687224898,53911.0,31711.348201958695,39666.980134664336,7186.624762688298,9450.257572549745,6.119086249036126,9234.330316742824,525.980563192672,15106.421314580366,411.1344140850908,16527.55779918253,11965.365733325249,903.3368332048076
2016-05-31,1582.8785750037082,167.84442437867256,66.2775759680153,47.02000045776367,3.5673999786376953,1895.6663562753238,177.26410003942874,91.79051984676335,112.38399977639347,45.931230725664136,72.56342688748191,49.80501702239053,137.54509457048698,56.964764855683825,77.80581494622311,137.20010419550817,146.97556181214168,109.51409927210989,90.61105993218007,4333.677668238524,414.0324328112183,109.96115377916794,87.83181279000928,125.47015927520988,366.73449871639605,44.2599983215332,635.9884430482634,338.7602987053833,96.2851044225863,168.67699552542035,79.51042203745601,13806.32867069298,48472.0,32499.852280390915,40810.8121152441,7480.659211014863,9558.28914806305,5.903943684111476,8773.673867213598,554.6216731485765,16138.52557708975,433.6219121084429,16850.58345442491,12182.23428114818,932.6114303256653
2016-06-30,1431.292952396375,152.25182952233808,64.48808469282903,49.900001525878906,3.237600088119507,2179.995849910294,160.84397336581424,88.71602119667523,105.9001792037534,42.27636455779361,62.570496043530056,45.718006665016446,122.7180409682569,54.45003495367564,69.00306241733915,127.2248241597681,139.58014209553676,107.80357099445064,77.62385933776704,4268.452035219729,409.4592870966226,104.12831985682169,81.04173915186266,115.08256408197121,325.24861026237886,48.45000076293945,579.1986823048901,299.67225625204446,85.58388172238801,152.7996343620771,74.12304615654602,12653.31402036408,51527.0,28329.479238408618,34867.683598724194,6795.26966873958,8677.698174968828,5.536783501774885,8038.619377252064,490.32995015374036,14302.746541629313,398.0126478564369,15908.985671755918,10318.79343936016,867.808545681908
2016-07-31,1469.0122982649789,160.1538470784617,66.22058514498985,55.68000030517578,3.281899929046631,2050.140628931171,139.34946798265082,93.96210049733963,116.05587075065341,46.02762491737667,67.64629438483462,49.46783961064739,130.45483360959588,59.04497831560366,70.99395274961626,127.19897414629486,151.24515335779506,119.36144496851011,82.22018532436869,4427.283004283905,423.2994388266452,110.92662512714014,86.94667383092565,121.14300092860503,353.27522425777715,55.5,608.5369898847493,256.2507524692992,90.36151158954908,161.31860706457155,74.19038236152574,13713.293830262264,57308.0,29009.732197605306,37604.72458600998,7133.538006273797,9262.895147022035,5.890358283110211,8104.958929407876,519.7779694726341,15524.141437274637,423.1004287833308,17099.7856211163,10879.487929391908,923.1352905860545
2016-08-31,1494.9879394271372,158.49441711385043,64.99255363263183,55.93000030517578,3.236799955368042,1862.6876949210273,152.25907286389156,88.01925450530416,115.19915555264197,43.939172920127476,68.1732901640903,49.09152258205336,131.00916456925825,58.233580337158855,70.78136607722445,127.44592373704381,151.01589838762538,107.0433442393205,81.78742309404197,4230.1739406939305,403.88789447965246,110.49706352763496,85.7808786267451,126.91512084519309,352.07916647089405,55.5,600.8931238920704,268.2659714107667,89.4827253316821,159.65420951729175,74.39797859754572,13210.883309841156,57901.0,28715.582213401794,38198.30183130689,7026.930705059378,9580.21018507192,5.888655984904747,8171.877808534424,531.1087365477215,15442.933794871205,423.6647091617505,17341.442253307112,10901.708919508383,925.5552323253208
2016-09-30,1468.536263843509,161.09535079374382,69.52004801898738,56.560001373291016,3.2592999935150146,1987.3092338022252,159.90126215781402,89.52908319550716,116.07426788123121,45.73255658033986,68.80432218213173,51.73634260879567,134.71295455564814,61.252327005393,71.58976642707785,123.27178508988709,156.86916724273487,115.05124823261667,82.46909008516468,4280.438840628776,409.4984491959076,114.27163417777138,85.93885379572157,132.55285268921853,362.3740967696813,55.58000183105469,605.1052368514502,284.99319939022826,91.58053095334253,162.01562212408135,77.67813891442984,13506.037262322381,58367.0,29154.370505644474,38408.31585165672,7067.042460597004,9783.871095637965,6.046371202841773,7873.040173925983,529.6848623823898,15891.369614963187,420.0520264103044,17384.247588902424,10970.484971944825,952.178179429047
2016-10-31,1464.0424038697934,155.2905248310708,68.09243807297207,62.900001525878906,3.2030999660491943,2245.2833409170125,154.70972591640475,95.33136098791601,104.43080465329331,43.610724606037365,66.69130788667417,49.82783467626746,133.34027743494516,60.426211311539646,66.62436688034177,127.01860755337293,146.7915524396176,111.51468681468941,80.57704877838887,4072.7416068315506,390.58601768010703,111.14400335952723,83.39446664269872,126.42635956999584,350.93624318810726,59.5,584.361395644828,269.8291342974244,87.83620432946009,156.08203792921813,74.1872709896711,12940.091206965735,64925.0,27157.542634568177,37526.968629586045,6810.2706800127635,9474.02852610685,5.609517165726405,8107.807451609988,532.8570813956321,15378.947836553562,408.6791438506042,15976.894452774253,10750.50782185793,941.382975780103
2016-11-30,1627.4437160625919,169.17788474603185,71.29326705769654,60.0,3.4537999629974365,2575.4674756912136,174.31328834854503,96.36335624833464,110.89788256432803,47.39503626305009,68.91364784223924,52.73142756101129,141.98357102904902,63.54329087539145,71.98261335119923,118.88017048311212,152.30398286687523,110.5450111485834,83.70918148308829,4043.709165319975,385.96214586496353,114.87832167268425,83.38802936441289,135.01825054626897,380.05288364037006,55.0,653.3102207869633,302.00027719662467,93.28420630878918,170.30149226115464,86.76678996854935,14058.796093583107,61906.0,29269.382575197145,39107.3581010371,7594.250099009485,10142.586955963634,5.865894354360519,7582.71959976037,562.2534451695246,16615.57560235879,414.03010854875487,16995.353169088117,11215.887845859106,1003.2223566983149
2016-12-31,1453.3509814369613,162.43389053058308,67.23605875241219,58.2400016784668,3.2523000240325928,3134.3813201277953,182.55160382278063,90.65670936168772,101.6190350642978,45.35281417447095,69.22921282769494,46.181310509709874,132.46597998542256,58.51919272597115,70.16183725322662,112.07011206623065,145.03467347200512,108.35996108971813,84.31670067664754,3740.1450276374817,356.4846076192589,107.60597843377127,78.39081609382674,120.41400648366107,361.93214564550544,54.099998474121094,627.666213240991,304.9356572009583,89.99269273061373,163.27449564887047,83.11876859630047,13333.89321496361,60227.0,28574.056812780444,39479.9190933269,7281.347116890829,9220.434629358002,5.495856619603865,7162.283664382179,534.8200443620444,15817.951824014308,391.89610232059897,15603.286165714577,11315.11106187303,932.6041178102693
2017-01-31,1456.2699127932433,160.63858930487368,71.955985455661,62.38999938964844,3.125499963760376,3032.994588642774,174.09035036602017,90.5214211410862,106.85008507052498,45.76060826457979,69.11796891752238,47.91214366481927,131.75671097764462,60.35448164768877,69.09610839741299,109.75824365382505,151.5843755979813,109.10731641337134,82.3855579284209,3777.479179894639,361.1515303507804,110.20729343232506,79.68994774544262,124.39896186022816,365.6993769777364,60.5,613.9887678900632,283.0452690875245,89.65561458584034,161.6161307192442,77.31171153835294,13274.879625284113,64671.0,27739.414082179544,38575.228716480546,7122.608468684135,9558.76333450654,5.5269716617880205,7068.019213515858,523.4464191505904,15992.4645106151,394.54362718307607,16076.57068870592,10803.716754469788,950.9602231157775
2017-02-28,1465.2701739319125,163.6107043209995,73.16126198885468,64.5,3.105299949645996,3664.1606906082015,172.6236246746521,93.19796518014664,105.35363591447094,46.98463970147259,68.69621465620548,48.915347720320824,132.613652439828,61.61952245452085,69.65362607065799,112.13953792769462,152.37405875354307,108.65902292103783,82.26211356170825,3889.6986411135877,370.24492342057783,111.72170175702558,82.83213245810475,128.0644586144408,379.2321265875289,63.79999923706055,633.9892788903817,284.44547064926155,90.01679893744222,164.89064076646173,75.21049295175726,13615.02973207552,66662.0,28065.050491987844,38894.973755814135,7339.810839404119,9498.666088475846,5.7279658964167925,7307.78452234366,526.5369940289929,16552.21155654872,413.442761516409,15992.40740730165,10910.23095388664,971.3328434425861
2017-03-31,1472.4208312051169,168.07648990942562,79.71942116051014,62.779998779296875,3.147700071334839,3373.673582413001,166.2930005322305,102.13787458681236,104.51473972093936,49.05820554617776,72.74650254450125,51.05168848682479,135.1328423244604,64.0807333375692,72.02077386689871,126.22674254758294,163.18485324118046,110.5432726681538,88.82805782914647,3926.126452672237,373.6949563112794,117.24616010643513,89.11355469631144,133.06439041486738,392.20171901706635,62.77000045776367,643.4489523812517,267.93223871743794,94.03659704058418,169.60987459307125,75.1045158677457,14112.121746783378,64984.0,28759.224613279803,41386.02019804646,7437.133820326475,9759.647904418991,6.087407646485078,8153.040327923081,532.4847591589241,17111.621497314074,445.68934805644915,15865.435756922625,11767.326016098668,1019.331308084483
2017-04-30,1455.0424385635822,172.59870842508462,81.79161489920261,63.189998626708984,3.1810998916625977,4287.772779571242,164.5582959395142,101.75246336643795,106.52433770019343,49.24984424633294,75.8965432964942,53.10062255375669,137.52138598192687,65.79357444138623,74.014821699393,129.03698056561552,165.5294789020445,118.37587153195273,93.42561185349041,4027.5904951704433,384.1814232373508,120.74646710971138,91.74650116619887,137.78907047026223,407.1722674098055,64.9000015258789,656.7313644427486,260.59569730023213,97.13824608297728,174.19547145664183,73.66456505906172,14060.25901132694,65403.0,29539.59231902007,42952.179114143364,7584.378206374822,10056.265818573069,6.208935920093831,8217.28243533289,549.0267677281663,17761.765994655434,462.02175194216375,16157.31699456333,12292.332447796944,1041.723464268643
2017-05-31,1480.5208560900614,180.5763448192074,88.48086237071584,60.560001373291016,3.256200075149536,7445.008127633191,163.81943025248347,104.08189571912817,113.05966776584864,48.235329855245936,81.19581899694231,56.13441047749711,144.64956838199396,68.58367681858454,79.21839143436819,131.7260771627134,184.7712811022402,123.22182818409601,99.95397919434072,4141.88649559021,392.76286200795766,126.4903130411758,95.28835192640008,148.23749483351276,433.02825326469247,64.37999725341797,681.7229189164027,259.45402298162844,102.82263104277263,181.77826602156802,72.73610080014487,13898.757011668175,62711.0,31365.16700744629,45864.57192098047,7853.3035002397955,10715.117653422756,6.800906227379932,8478.942886984965,577.3337413395493,18849.490359049058,484.82503108045205,17118.96140145936,12923.423137796985,1086.271249956284
2017-06-30,1553.8011758844445,184.5967225326458,86.7243053155762,60.93000030517578,3.3027000427246094,8193.47066426929,158.2653799999389,104.18274708786339,122.38824105430103,50.42229700981261,81.9138689820611,57.35678407213709,148.65752189415798,72.35531628329773,79.08475786224153,141.13034314535616,187.65897446167946,120.16733704417129,100.32845264694333,4097.659781743772,389.7846479554137,129.74078782490687,95.67780060485529,153.4632462761656,429.03129838453606,64.43000030517578,695.8661389366025,251.0052032470703,104.95556382969517,185.53796634326864,73.6924333139541,14514.87359881401,62900.0,31422.67223713454,46544.58471073536,8003.796020262875,10894.553015286801,6.8921464227043945,9120.929218085483,590.7858342123945,18650.08266723901,485.36895849493095,18375.14670649475,12997.915496688802,1131.0841322398785
2017-07-31,1543.3826657431464,182.46465797732526,84.61000326333306,63.720001220703125,3.1777000427246094,9136.968320137821,167.30591209823615,109.35674358304823,121.26893666580145,50.79640384286904,79.9592300742006,57.18801829476433,145.9904087522591,71.25212055008888,77.8951142234655,141.72993854917877,185.5889365261828,122.61109260463854,99.66780955099239,4024.874796534423,383.7072801589966,131.69052824268874,98.53786676903837,160.39833232396632,429.5582198150805,69.75,683.2908478099853,261.3340447253722,103.89148353337077,183.24767622019863,72.75999585417594,14293.491438919678,65920.0,30769.99173927307,44547.899014532566,7849.872570703737,10945.170909679553,6.792483811019654,8973.498041722924,572.05191315111,18685.925140492618,499.3801131203518,18386.0315738348,12680.19274484244,1095.6592800571373
2017-08-31,1609.5527116535973,182.10727646092164,84.13507552542251,68.41000366210938,3.158799886703491,14857.068230989506,165.45794143949115,115.1387764245228,117.89078490888551,50.38305038827207,79.61306232854349,57.807812871831175,144.98958236222734,72.53129624801113,76.7964002919648,141.31239727072807,181.22951607370305,126.68412590514072,99.19973276250403,4157.612256640859,397.44020078104404,133.93261392183194,97.23909315615992,166.39536070976283,435.8577499982166,75.80000305175781,681.2085757380264,243.35394616360463,103.29787989792567,182.91981092732294,68.36453115469294,14275.392691969872,70835.0,30333.19609281281,45261.24094186351,7807.447431494133,11284.897440903238,6.645281774440444,9112.904733246309,562.0789407053053,18916.78930998908,489.6924769979426,17788.303937051536,12845.225113008404,1109.5819446693201
2017-09-30,1598.2976262496663,186.82908919128568,90.68374943418257,71.58000183105469,3.1809000968933105,13801.002935138065,183.0289944874421,117.07608684795923,120.06606789988291,50.265156816293256,84.52260595751432,58.212259136521425,148.67269128942644,70.34949391651935,79.64181772481061,137.61394768626997,184.0699971432823,119.87786690919529,103.96685037495445,4076.3234741687775,386.73383960469073,134.89465571882465,94.30231694133454,170.50529243130586,437.6112533157211,78.4000015258789,699.7965166793365,265.4143118506472,106.63596754572063,188.08182099519217,75.85264984186415,14174.45643946412,74294.0,31495.126509414054,48053.060711550526,8013.8328098073835,11214.875658518751,6.646569968108304,8813.077824512555,575.8791374987413,19019.55532808462,476.38550385385804,18220.15870100333,13465.229588422459,1082.0822720213725
2017-10-31,1679.3529104857807,197.23070827993797,94.30650355078978,71.7699966430664,3.2873001098632812,21263.571709614247,201.74160423109424,127.26333491536207,120.00057411164744,52.54839087648725,89.07368291825696,60.13508010422811,161.7541159359971,76.73050703729677,82.80178707990854,131.07100967678707,205.92782562496723,126.33387859805953,108.48639616946457,4165.009239196777,396.6784982379759,143.9487555512751,104.54716996378556,182.38116419807193,473.08164087624755,77.4000015258789,740.2460023135645,287.44152963208035,112.15767275547842,198.46829882232123,77.73740446264856,14944.45155286789,74308.0,32543.283565791557,49645.28495413251,8465.652513029054,11898.15092883096,7.383748355838876,8307.185522711836,640.317723685439,20540.892167102545,523.9663025452242,18430.717140262484,14063.5127714267,1175.5775415858257
2017-11-30,1628.8018291787193,198.61319559627736,93.87268651328486,69.4000015258789,3.244800090789795,33205.98494160641,206.27194078127286,110.33948006484752,118.31917259769034,52.0289578766733,88.37408816607422,61.71460148263941,163.09299245398142,73.75060357722032,81.63801864166089,129.0165634487621,204.32584548756313,133.25537321091906,106.4153296620807,4131.2793171560625,392.94528604347215,142.26598640248994,101.84847999816702,182.6146220041046,476.17263090147753,75.2300033569336,753.0095911864628,297.7428632625124,111.65985861741683,199.61914997012718,78.07697481643663,14648.940159469494,71971.0,31896.058318401687,50052.46026354842,8590.868077873252,12117.937102161872,7.435572641689226,8225.636547537579,658.3421047871525,20654.969856052892,515.1472638934104,18289.128661632916,13719.597973586642,1143.3224180659338
2017-12-31,1676.5230349164192,205.61081739942892,105.32910819758399,73.81999969482422,3.3111000061035156,46873.25741980225,220.51925535415648,130.86399531988718,128.32453884395363,55.35271034506877,89.8078595777406,64.15990113870066,167.58400647689996,75.55102792590333,86.8161494119704,130.60103377574706,214.06072582030902,150.06273947263253,107.1347820986557,4325.290099647827,409.41752080703736,150.49859201135405,108.60046525260259,189.61125134286704,488.83266498800367,80.94999694824219,777.7146717140567,318.13049464923097,115.82612910526223,206.94594814835,83.87054814273142,15641.893128718948,76402.0,34205.32622812595,51038.88744889875,8852.590443002991,12665.674203645322,7.615419736811534,8285.620279421099,667.695680564706,21179.18604236096,544.2884076932141,19724.55030122606,13844.496590626659,1182.1791017527792
2018-01-31,1750.8516853272245,208.69518029487153,109.3064139202852,82.0,3.179500102996826,32497.987260748632,219.54449181499513,134.81763775008403,128.8053159019546,54.529116896842424,91.43572857556592,64.46979102695877,169.00579042503523,77.41686865774682,86.48426093832313,135.1296397819806,214.63306751114942,148.52499898246606,110.02830977382473,4257.35063791275,405.863192999077,156.04786961991522,107.69570524994379,204.7045767911186,510.51013480835536,84.19999694824219,788.893668804958,330.1592790515133,116.50355268988278,209.61221689989543,83.42379317637096,15540.43643828365,84913.0,33908.73349352111,52019.31104422081,8978.304372142302,13363.413200437557,7.608163223642131,8541.725647565909,675.3939521004941,22097.49466602225,549.829494137884,19701.245410364525,14235.039934715023,1208.23074323254
2018-02-28,1676.2213824180822,203.68227285179728,108.3422446060822,82.5,3.248500108718872,33777.580549393315,213.68633318607317,132.20512137555124,127.88754719731605,53.48586702726925,86.53558597355232,63.34307543840987,167.5432048240791,75.02335806160318,82.44023832901485,129.74361522780237,202.05366079778014,150.10746192525767,104.69620771037717,4273.401893019676,406.062513589859,150.3260699819666,101.37793419520176,193.46299988100054,514.845877803371,83.6500015258789,776.7067795954354,321.4715677847289,112.95238256249559,204.6465226170394,75.99908905605798,15229.504608154297,85481.0,32696.867140606977,49407.631114753895,8815.877303833608,12800.867700496747,7.305310923769075,8177.824652909185,667.3435691135237,22266.58386141574,525.1274134552773,19681.47417742912,13662.988095346373,1193.5091497400804
2018-03-31,1664.5917448591363,205.00490938485382,106.69637820888966,82.43000030517578,3.303499937057495,23037.05520633224,233.24719538074896,133.35103640017223,132.24658260018714,52.735649340447935,87.35826902326471,64.0404604726823,170.1014722728296,80.1933109708134,84.43137465290238,136.84779600980346,216.08003907723287,147.6616680896277,106.43969162323992,4390.77011780563,417.534742025402,154.84855061046164,103.01397286250312,195.87978483502684,504.60946176612197,83.75,771.8808743275731,347.5970933806457,114.96412499196867,206.4322473568036,78.99347338779262,14631.75502348214,85366.0,32975.49126035231,49387.318771418184,8765.840011742665,12724.083350350556,7.608159597193639,8331.99305362592,665.5124226129265,21844.744000765728,517.8604705409116,19913.81475418584,13723.995296001434,1238.0144156108265
2018-04-30,1690.231138456756,214.44127852416386,108.94608799418347,83.18000030517578,3.4581000804901123,31954.746023362735,259.9453767184714,140.91867318318054,134.21929024068686,55.365014151253035,92.20426601522468,67.77278709973734,177.0976258586188,79.10132846639999,91.75889104987164,142.79161724990718,225.56319978294414,147.43204130467893,114.55296860030467,4551.551157088543,430.84467636432237,157.04199357379912,109.90007847888228,198.9518147500139,528.3695255840612,85.56999969482422,808.3139557938448,381.77425416275037,121.28717737979059,215.9699348940494,90.11002618014072,15668.691560479347,86115.0,35772.80349237798,52839.69741343893,9157.222086994385,13560.031114148907,8.147654058671117,8972.856822217,714.028898725308,22842.721540813916,557.5400878794177,20684.71147409922,14816.604241450317,1247.6646498505418
2018-05-31,1795.2109259693561,231.90241852818053,99.9605084931004,74.06999969482422,3.722100019454956,27894.050012009684,288.79772687877266,140.76209751537863,148.29482635380828,60.612218750764896,96.7362853549862,73.74118880573178,187.78862421763188,85.91413301799412,98.16458075105493,133.0812196000943,231.67176089414716,149.9865854450636,117.40009275307057,4839.102144421806,458.1905067154312,165.10626789904654,113.89019207745241,220.48282813226433,600.9685902887104,76.0,891.1720437541153,403.47564778839114,128.68204109885937,233.77806478584807,99.89331321744248,16943.938120599603,76754.0,37969.46648536343,54710.26579009043,10069.285592328175,14444.84017215221,8.389240504051333,8397.45305792411,759.968337510305,25934.587895859615,592.629778288339,22510.603979728417,14786.223982065218,1353.9500356195194
2018-06-30,1658.2083349077236,239.05552120242646,93.77570136126451,70.3499984741211,3.859499931335449,24716.237560272217,306.59868396789534,137.20644160878874,154.87860040540545,64.18362784732562,97.31137278235474,72.34096298261647,190.21719082016716,87.55340904680997,100.57885324447125,147.46542303942988,225.47203781295684,146.0149009895831,120.46411011286727,4829.392452532193,457.9296727420806,163.22114130312548,116.99156279896852,215.5490753906961,630.2886229951837,73.19999694824219,929.3834370022814,464.9925646833799,131.22628085512042,240.96461504625404,104.17072904555062,17566.646538673318,72763.0,38563.290696593234,54916.75844478607,10491.549280629493,14238.9641717677,8.011938574336035,9316.725802656147,779.3195851170094,27173.96636273805,601.0730006706439,23307.297064508617,15153.205780763878,1368.217994457465
2018-07-31,1573.5388655596282,237.99485458943764,99.5170790983957,76.44999694824219,3.728100061416626,29006.25862340501,276.8114295601845,138.81064563126074,149.35811799320618,62.848480754717,98.16836199091085,71.46553811503509,185.70825976101332,88.80122331082475,98.07637685603368,157.0700788868544,216.3482692661728,149.93854305655532,121.43267969861427,4562.075863119389,432.4223181596335,162.43819653777336,120.95201897063362,205.69655277332913,625.855309786948,77.0,931.0000950232461,425.8981430521544,129.65425644309562,239.45457107504808,102.18772698041221,17339.00484860642,79220.0,37953.6196106812,55867.836953401566,10499.411067595938,13569.498015517078,7.662925193427648,9991.785176666861,757.3313726168271,26961.545009349356,616.4107294956781,22696.99258327274,15381.00815706246,1348.4071460620023
2018-08-31,1652.1711833882882,266.68140989650055,97.5858614685103,74.12000274658203,4.148600101470947,29196.105426219292,321.1846122595671,138.8348812354343,168.89021848713128,68.62518466686652,105.47285282085795,77.56702703798055,205.5601408142502,99.15713521108955,104.35156570885283,169.2717275151699,240.96537187050671,149.6173104069385,129.3187733770992,4979.564904363942,470.90760638033316,174.77914987430268,134.78332404100001,217.85072310949545,736.7060714188119,73.80000305175781,1069.0785977429186,488.20726120715335,141.77930736488634,268.7577989334932,109.76202428921624,19033.70172214508,76678.0,40118.60796038178,59801.246461512055,12037.246247447329,14733.241759756347,8.639293598880554,10754.819338320522,854.447842829577,31755.666096440982,678.6320836611068,25688.46999142792,16410.438830825733,1495.937878588123
2018-09-30,1645.1690744882853,259.47287310345564,96.21602464143871,76.61000061035156,4.01200008392334,26581.747511117253,331.8726518395997,140.36639104349524,161.83081493914506,65.2737586591029,100.3466427622061,74.29857794731106,205.65481147658647,95.31075192505341,102.56898049332449,166.5923561306663,236.31959037731212,141.47376820288991,125.17872921914568,4780.298099994659,452.3931380337526,167.3117013300398,118.61863372211883,207.72937597310738,710.4421661672386,72.5,1040.0244591332448,498.129945112305,138.08556691436388,260.11447110882,108.7442656414205,17930.65272815933,79342.0,39381.989010362886,57133.44984192774,11690.887926191557,14256.343968937872,8.451238213608104,10557.256946592825,853.5599498081137,30602.13204834098,601.1373338145139,24828.724220747335,15857.94840578246,1446.788675262666
2018-10-31,1380.394453889001,221.18359779938328,84.27708913871902,84.08000183105469,3.6946001052856445,23341.042066032533,278.8314744559175,118.44939182533199,138.9701059690742,55.9792646052756,84.67103145608235,61.12663050704214,172.43680351396688,77.13091503942815,88.05969785895468,126.01228379195163,185.74681518247962,117.21684840260423,105.84740238196719,4478.963888038183,425.43320776115434,140.62563194474933,101.5641050476861,170.0864118576319,598.0008156558324,81.5,891.5610804240569,407.58828248760983,116.22898711041489,220.80412274813352,88.79698582018136,15288.212219022214,87424.0,33466.43118211557,47959.34050367214,10018.794853427215,11757.440191775095,6.5912743594852845,8079.716927601898,716.3606877656712,25740.648754336406,521.0364055987617,21209.405253556542,13395.967722406844,1173.6001034511373
2018-11-30,1435.8728741011323,234.20253041113483,89.16307824262503,86.37000274658203,3.8510000705718994,15470.501487607835,226.09221061758035,127.98347974329317,154.34578348720152,58.91549070845372,86.92747122037872,68.81257073239112,181.37513419844254,80.80856728439358,90.69095323629199,125.88426573463948,201.41803943482046,133.74625901607487,110.13976402895196,4698.990098074719,444.9445516795731,153.43301020845047,116.94429828756029,191.36958586246237,621.6636812989782,85.98999786376953,946.5403958554452,330.5698319551084,121.76183115363074,234.1352043105053,91.1088951003353,15969.036965451669,89504.0,34351.658763200976,49359.61924593337,10629.41456393106,13044.501750089228,7.229063447501579,7937.157762849238,758.9525832921354,26760.637097826693,599.0613060006586,23329.684020808905,13913.22203067597,1242.6996674046354
2018-12-31,1406.3651009922887,218.62542858406778,83.03758780405951,84.5999984741211,3.8742001056671143,14499.970438009652,208.43196272911064,124.05822930526483,150.67448237572444,56.97158275886159,82.5963711176023,68.49874093611379,168.43413937714013,79.6496800315258,87.0571310071814,130.53619088865617,199.4468641197882,131.26445077103745,105.47971776109898,4952.390184244199,469.7467628121376,149.81638985201516,118.59469884504642,177.95970237956044,571.2441136944472,87.05000305175781,868.3995062993527,299.3981794367064,115.54056515197453,218.4997783715953,80.25628739403328,15414.106434305431,87887.0,33124.453794046305,46702.27841689484,9712.03891323146,12798.790463868645,7.057776408651656,8215.208913221257,698.9357996838953,24523.571275217342,601.8619262190491,22897.882184566137,13209.421898049884,1224.027989171873
2019-01-31,1416.8481378414476,224.45319672018195,93.96681529939087,94.0,3.6814000606536865,12729.51834610483,227.84184750690838,133.00074463207784,151.20297772997674,57.904847216764665,82.94433327689103,71.31914248706062,171.38728603524487,79.68323191357649,88.75644417358353,135.5464106415793,208.3897915589805,142.40968607356535,106.1955223535897,4858.343480288808,459.2546575665474,156.03822786228375,110.86757382369251,190.6030191979071,591.7278749163743,95.30000305175781,891.2522034688045,334.27113674209613,117.98799844280711,224.21468316034407,84.81276205332597,15657.576834249543,97394.0,33630.51674464997,47236.51582702063,9954.874263525358,13115.357683912152,7.319148247146653,8474.277141591243,701.583112346394,25426.84061970655,560.6448281796036,22823.86665363354,13357.122659595916,1199.8670802138436
2019-02-28,1639.4689889620356,232.85756900690103,95.92126259273346,93.83999633789062,3.727299928665161,14367.941347895481,246.11360973983392,130.04736908091581,155.734136504273,60.59147300380846,85.57717492907022,75.50779619741297,173.77989926200826,80.458614063401,92.9450489185001,132.84484883885398,205.28298013377298,134.39765350045036,111.11882101941228,4893.19952834869,462.14791019282166,156.27185252562867,111.87343346701391,197.53469672836763,617.0259637754752,94.05000305175781,931.6151167986027,356.32986749298107,122.24553872600427,233.40085868842834,87.84933010657005,16428.663925886154,95584.0,35117.396500240546,48815.94779647654,10378.629341969441,13589.593435787363,7.338412081804052,8322.807379891165,718.9690820057876,26454.622261911747,565.0636594633016,23821.139012150248,13981.653939455398,1265.8687272914817
2019-03-31,1787.8700924749774,247.3426456763309,98.27757135565344,91.80999755859375,3.897700071334839,16001.634620788042,266.5637054996223,130.14555604057114,172.2416356871181,64.07610965792855,88.2438603275973,80.02846093731932,182.92804613889348,87.63419047543584,98.50723091414739,139.01373663157028,207.78157874669614,136.981890373223,116.97018819251252,5039.726192235947,475.55839402994934,165.3021582522215,126.14942619601152,212.41762106558326,670.5570230237281,93.69000244140625,991.8394155248607,389.7700071334839,128.60339046974423,246.66976963595516,93.82050172261324,17059.968825282063,95415.0,37062.77528682677,50444.86439911416,11047.640701556695,14425.1622738624,7.3556752355652355,8713.820619056001,746.9958528536154,28760.232431490324,665.1790809222862,26023.65647922722,14669.093106708024,1344.3836804203324
2019-04-30,1809.4672882166303,258.8685768598989,93.83335684876829,92.87999725341797,3.9442999362945557,21104.870439598337,287.1450473992918,130.32900221859927,174.43423620816338,65.59548009499167,95.53518480818957,81.81951011363844,187.48314871331877,91.91322949807454,101.94984813537076,148.9375263359252,212.09412744408564,149.98359095869364,124.74333039719386,5059.748150871426,478.049140241852,170.9339378390232,128.59920316855005,218.71027591091115,715.8906791784248,95.05000305175781,1044.7008252135493,419.35796802313234,133.83470221309472,258.28408789457717,94.92783297454662,17593.745480418205,96353.0,37838.01300613722,54429.98652696423,11619.237389483023,14926.77279389184,7.500599573506556,9246.808485461399,788.6491089621995,30692.412028204417,663.759281612208,26345.750433011537,15497.3658964606,1400.3631084799124
2019-05-31,1671.7834557299777,245.35407176297667,102.27906512638583,93.58999633789062,3.9800000190734863,34126.517936983146,256.6701927278518,118.55165587972351,171.87588117952146,66.28040494257675,90.10712968139615,76.88561316143023,179.96345972474955,85.60294642464214,96.56495846295456,139.76719640955707,193.4409303398752,141.29091162682016,118.49311217827108,5197.084219242097,490.85340963993076,160.33817169734903,131.4806816298551,192.23507584190884,662.9538551058067,96.80000305175781,986.931966094453,353.42401383972174,128.00941665960636,245.0623856653874,85.15210222997666,17571.64486395591,97030.0,35935.97819642583,51922.92927719653,10953.199085694505,13636.162777875783,6.8379853986280175,8867.458508100826,749.3476439444858,28369.280780486297,678.0900402634787,26202.17556644413,14524.759748480283,1323.241273471998
2019-06-30,1655.341897120487,250.51234030688647,113.04709987450406,97.11000061035156,3.815999984741211,41278.26435838081,253.95481063003535,122.88138909604459,174.7417465546896,67.04368314256135,92.48560940191237,78.78953151478345,180.26116407412337,86.74008707076064,96.84158974643287,138.19307738931093,199.82162853448244,143.66738312303642,122.47600897071243,5379.414992161561,508.29118632202153,162.6031679899461,124.80624596090638,199.30548507341155,683.8813372312288,103.5999984741211,1012.1114293025457,367.55711736572266,129.92607699512155,249.93157883459935,89.3138097930132,17689.404562522424,100967.0,35928.022674038075,53804.591137571726,11225.75615237793,13935.362657757942,7.03624027116348,8589.936353706289,753.6356574724123,29272.841461073607,648.9181581108611,26856.06050080818,15074.07732846844,1325.6773069740084
2019-07-31,1614.2948438909104,248.92831734630454,112.81408932208979,97.9800033569336,3.789299964904785,38217.469560007565,246.94867177442939,114.88428844327427,176.7372411949218,66.19061159113517,87.81135019551766,75.124435838723,178.2456238065315,86.89695376767668,93.84321108573567,130.5514762944622,183.60885995413992,134.8597119158767,117.9672938516178,5403.920587438508,504.77267376582313,157.51042938568935,115.85804446090515,194.6485005222894,694.951866242729,110.25,1020.2254191734537,364.98537146322633,126.38779099519525,248.18284242492518,87.28291035532675,17740.69183894142,101812.0,34962.25112592708,51509.666412060615,11293.553385344334,13446.93100836128,6.497799575231386,8115.409405251266,751.1229060278711,29741.380964437965,609.8865392440349,27227.7256653898,14650.562428099802,1322.0726269150666
2019-08-31,1684.0439852764707,267.7617484086659,86.00106226336993,97.61000061035156,4.168099880218506,40141.56972533092,251.87827703360745,117.23680855334169,184.39324768825645,70.43571887294365,94.53668826567264,75.95040897439776,194.51282764722964,94.58093807481055,99.29693740637049,144.43727594068514,194.1619455818127,137.43361076681686,128.0484774692859,6331.760426279681,599.1643577814102,166.66141265438637,124.27319600791634,206.5999420589378,749.9025807627768,111.5,1103.4229078867502,382.13139829043575,136.40239782342906,267.2538375559525,88.01518383100756,18529.40490871179,101135.0,36606.091463279445,55007.843671917915,12197.777412647847,13657.517041767016,6.7944144252662895,8817.742936983705,810.7623895191355,32056.85617876053,640.9860604093387,28327.164044565714,15788.1107237041,1415.2758770711969
2019-09-30,1695.8024177653344,273.0529953123223,87.26615905507333,101.01000213623047,4.157100200653076,34478.44100901438,252.66854512110876,122.66077240098184,184.97648050314638,72.09682043474095,96.65784454733512,75.28565013291609,204.14564682794662,98.27758078369607,102.59284153294539,148.25530715210698,204.84823900777883,135.83995385204253,131.65629929849183,6093.0615611138055,577.2964845663519,168.80425319438473,129.2989721024569,204.81298649867676,754.7887289366918,112.80000305175781,1121.925200005251,377.1321352778323,140.3309141850059,272.6058292072121,91.23655416534712,18762.687424230156,104745.0,37855.16216107132,56392.41216925811,12374.606410695356,13804.637555489782,7.135563698876715,9086.991107885842,838.0784919593862,32215.240961884614,676.6144364590014,28552.05708811966,16196.378813033109,1459.783285593973
2019-10-31,1655.111703199015,268.99907509467994,80.26689173036175,103.2300033569336,3.9862000942230225,36671.38643810176,240.08882985031505,108.4763388994611,179.45793934703488,70.00286442475954,98.33272906878165,75.6252610992533,202.44613559201298,100.61314165282056,101.81817554933104,147.45152497507206,205.4567701449878,136.15747891724823,131.02736603277208,6024.742919728014,567.7544502243836,168.9639646925525,127.97219267640685,204.7628528510586,755.4604011669835,115.56999969482422,1099.582128597358,360.35249460021987,138.88568970942742,268.7007304983945,85.65331181884858,18313.94071098324,107220.0,37282.02976122592,57172.29365213076,12108.322191774496,13673.376133269048,7.136863669001966,9042.280159993563,840.0696772960946,32223.764219104778,666.9375171456086,27562.81886758422,16015.834665223374,1498.5302936434332
2019-11-30,1709.8619618753276,289.21906608629797,91.19091500106697,104.3499984741211,4.188000202178955,31701.61147963861,261.4568539001084,98.98342567693908,200.7579941125241,74.52604703957513,104.72204388152659,78.6518608450142,215.41337476387162,107.42213968448323,108.28806828463621,152.1542407132838,214.17298580323404,142.90620889475758,139.5935311530484,6137.932994067378,577.3577104285432,177.51771149644082,133.71347783726287,219.50730855525944,826.004246479999,121.19999694824219,1197.066266163325,389.31649496032696,147.87829289028195,289.53462310836767,91.43341399043493,19394.464628219604,108233.0,39710.808159828186,61011.766725422814,13154.424793243175,14089.523326216498,7.429313658136213,9192.893366483273,890.7591384814004,35194.61223029718,705.6963407298995,30427.281018697282,17071.281254846603,1581.5909337361763
2019-12-31,1753.3554899163164,286.86618434141565,98.54989031902733,111.2300033569336,4.015710830688477,28887.413902207278,265.03691482543945,105.7121890186354,203.16809286849457,72.30713640026079,102.00997581577758,78.62210301890082,208.3475975805195,110.09946308958024,109.44491711397495,152.4025710389178,223.19967982296657,149.4331441798131,137.80695482555166,6101.87260723114,573.8450531954295,182.9504753646761,130.9026387084159,228.2148606134797,822.8042961760657,136.44000244140625,1181.1707032824634,411.53005940942967,146.85215413228434,287.20904795764363,92.95524826450492,18793.30248359416,115964.0,39729.91459484445,59856.3743884759,12973.878355219495,14534.944987341762,7.615955341388668,9234.309913075354,869.3807527129466,35069.48503907025,685.2375989584917,31079.752335582747,16934.837087410153,1601.9500704115064
2020-01-31,1802.2440447083181,298.68638413793815,99.95796788069856,108.9000015258789,4.242199897766113,39666.81442726217,246.72634540676881,102.76192148248265,208.71769465038597,75.10322123160222,104.5745061880225,78.20892570463911,214.5626461658685,107.344888761334,110.66749816574338,163.96577405529024,218.57529434568642,143.7326147185231,139.54776633915026,6714.978321743314,633.4877185011137,181.87276616296003,135.68910472063908,226.1148667141897,895.6215719800239,136.91000366210938,1247.286129944987,367.883580312744,150.48701826058095,298.68764638918947,87.4033903771633,19981.827821901534,113761.0,40432.85436820984,60717.97296536621,13683.30069709802,14363.69628644886,7.57232957268603,9952.819544185186,903.8417478599295,38143.781808497384,708.3419564594267,32237.552399482636,17028.900411041686,1614.451615351265
2020-02-29,1844.447224583327,292.11823556101444,94.91231609304577,100.5999984741211,4.484799861907959,38567.07582966378,226.57209107656854,95.49710700521518,207.72718596834784,71.7651209073365,101.60350322222166,82.89802101315036,208.01853782705257,111.86929366235199,105.0242186900141,157.3160434470774,220.29283407386902,137.04968172063764,135.71835085647945,7014.6753545180545,665.4546254083398,185.12839265173898,133.88274005179392,247.0788993501701,889.4858990277426,125.9000015258789,1214.2256200345,339.0508627169802,146.92092391852202,292.9563297979039,78.27523533700969,19000.71621144656,104172.0,38016.17978169024,58628.93539125379,13249.08531665511,15027.662212795112,7.356780350815882,9514.92209312087,864.7047944083752,37949.614365863614,698.4235706134742,31876.62460766175,16417.049114297493,1663.1353207275067
2020-03-31,2011.7001291677423,292.87145217539,78.78989722453207,69.3499984741211,5.192699909210205,33433.94887285866,118.08199474692537,88.91597304216884,202.7574959441754,64.1780500345194,96.37412060807401,83.32177306254016,224.6173513988433,114.12380504486009,99.10744688055092,124.07214839509197,217.75181706529838,111.80239815490586,129.4139672805768,8222.121163018339,768.7792374054334,178.08949721737736,116.10504912662145,263.60885374788813,954.8501653975691,78.70999908447266,1230.3297255789148,174.89013452688596,144.33478867249323,289.1169540823885,59.479955465153125,16242.073938740417,73020.0,36405.64785385132,56883.67709121667,13421.000714735244,15799.060657406226,7.45180311717377,7523.143613692373,909.1703745760897,40573.16074061394,592.1158263614062,30572.78483563277,15955.280743598705,1678.6891952032777
2020-04-30,2156.4809994377597,330.45999802785445,88.82396636362137,77.20999908447266,5.334799766540527,46191.65031568799,134.81039254255666,106.0543903364578,227.421380109623,72.29862105026768,108.69129477657407,90.79638150786559,241.83737078124614,131.68486909000967,107.66097209140753,131.60390404457212,246.1198996908206,126.80139577695445,139.98392361421975,8984.869506319286,847.1662192071526,197.38480332348627,133.82769036922218,283.73688863607094,1127.8692742265994,90.41999816894531,1424.5046872585372,102.00137601339702,158.6920487003681,327.8193592441821,79.90676096466814,19308.08781068481,80506.0,39210.63032073714,63006.197607014794,15537.23051938205,17470.383702577557,8.772956335856128,8187.50316113024,1010.492203816757,48015.91739640199,698.9322834969724,34509.742975181696,16984.335498460452,1979.1045543356483
2020-05-31,2157.1077055491146,351.7695835716622,108.82116678713646,84.1500015258789,5.403600215911865,51123.77825994231,190.9092055224537,101.95923104542453,243.18336488656496,77.61456853742084,120.41137639636509,86.27101368272997,262.2300126248465,133.923448287891,111.12243376904189,145.23311362016284,258.66303952699855,137.6195212245766,152.23975331663132,9385.513346941152,880.300530962777,206.2497623579511,137.75854627056742,292.2834986584585,1217.824443063735,94.6500015258789,1511.622365490286,139.8451690529173,169.7035933309935,349.3418552275871,82.55602822774108,20623.329424521187,87403.0,40429.807357219746,69333.38993233256,16450.23448991985,15996.682661223575,8.858904818390332,8783.313890163903,1098.2045095399371,51634.26544869924,681.5180517086616,36457.317648641896,18251.786267690128,1976.8324961093513
2020-06-30,2277.4604003602476,362.0131613117337,119.3110940051838,91.62000274658203,5.402100086212158,49364.35365938814,222.29642679058088,109.59890962071768,270.0640986683993,84.03467093024801,127.87420077636398,94.68997765613949,261.9008780367949,144.83341214015581,112.92096295246665,145.69388344657455,275.82744606338565,147.02148276185198,163.73166428520562,9685.9654545784,904.1494650518871,219.92317828430714,145.777683342817,314.6882801312131,1294.0256951722404,107.80000305175781,1538.0031839169533,151.58292553408046,175.5907766643304,359.97080544875644,81.62893489503631,21893.08114682662,95056.0,40994.68337650038,74774.12580668181,16748.077087302227,17016.785813519033,9.50313295625256,8833.338482572231,1119.176694374648,54868.31815044861,735.178030713034,39759.68947659829,19643.095062484732,2134.508557149042
2020-07-31,2434.524814565391,363.886300643906,126.52985683071893,99.29000091552734,5.153900146484375,58360.01718312502,223.16387241065968,113.35997906554257,267.0674757172819,82.83646432566456,127.12918960989919,89.24033428478288,247.18354319909122,153.22684489609674,108.44375553523423,141.8340466232621,277.5720193221932,149.38152271782747,160.69347673177253,10116.075459174812,955.6876664143056,227.9355317786103,153.07416091882624,328.0281363183167,1325.2698697652668,118.0,1553.7543049640954,149.82387568545528,171.9283514857525,361.61357821221463,74.13371846321388,21998.586378497304,102912.0,39849.99883233663,75312.20722407615,16859.026451140642,16349.83292610792,9.745644024578755,8664.604079427896,1068.848445750773,56207.81592556834,761.0542399210514,40478.045362227254,19415.094170738594,2238.4470921216457
2020-08-31,2666.3225401518566,403.48622299178896,127.99822734391273,95.69999694824219,5.389999866485596,62959.619924817234,244.0591873748781,110.0043243625114,288.1934506172711,90.46017752684111,141.65960416844337,100.35788512544786,276.06432658147605,157.91074861376,116.51692559584262,150.06419725630622,303.8240677914291,154.7261038409615,175.18169861776914,10605.363605705264,996.2336851919172,245.7069428043378,167.2537865216691,362.915897306073,1537.6716565518145,116.0,1738.346509979383,164.82619550590516,189.10848992165666,400.8909449646453,76.71208890674416,24036.46366238594,99369.0,43835.423249140615,82998.00652634352,18866.6707484785,17494.32395134354,10.629164267346438,9118.449237494788,1181.492998363843,65276.67243578145,839.3278990409406,43401.6928817098,20981.370157292113,2313.82360246582
2020-09-30,2658.57346777368,409.05229945269093,121.02968221071023,91.05000305175781,5.630499839782715,60722.07603532169,230.56897273483264,109.20104470702609,285.80375432236906,89.63302588326951,143.21161006729562,101.23351714176715,293.6011494824197,168.52229025336965,116.46162390907011,158.9034946353131,328.8036511758073,160.5863040890763,175.44337787648146,10627.568447589874,997.2741041296395,254.26248222870345,177.2821008676019,371.69224565280456,1513.4614489384694,110.3499984741211,1747.916575720359,159.28684562232957,193.9911499746231,406.50196723079716,68.42994464990807,23389.576681596693,94603.0,42492.333773523336,84343.3249629885,18935.37096118927,17037.886332215276,11.296475679215963,9406.963765816181,1235.4422837118327,64289.382581274025,857.5980378439573,43660.51219488005,21108.485580430366,2439.2225922649795
2020-10-31,2774.9040539205366,410.40462664368533,125.47578466235336,90.66000366210938,5.7778000831604,79623.83473411901,216.43638582545464,111.17406319033307,302.6081577711466,92.21114386317595,132.5801949220022,101.89147272812988,297.0487134978612,173.93238160880173,114.11668709247351,166.97091538921995,335.13345355636375,165.27829970361836,166.36354372749338,10847.242017184908,1018.048357020416,264.22514283881355,180.46937973870172,399.6718886764029,1505.766148344992,107.80000305175781,1748.922346931431,145.8894520998001,192.00881315559855,408.601444497981,67.33630765634189,24100.341502128867,93952.0,41663.35652371403,77939.21823122911,18893.174934235867,17961.52234751894,11.597084590543068,10002.664239358623,1269.8770615243266,63861.736557644326,905.7882840637798,46289.77640609277,19950.76029789215,2555.5687273851327
2020-11-30,2755.547167069476,424.11573564982973,140.77517807675576,105.0,5.34250020980835,104851.032613758,254.2495857999802,115.65870779775196,313.0832824158915,97.98670251847852,142.55703387774247,104.24994150441307,303.6734395265921,176.14191235865292,122.5131610012022,183.36226845809506,364.89017199124646,169.53637054097726,184.69640576901838,9486.677361692418,890.4345001863476,267.8501316355323,181.2300902871266,379.4985302423993,1548.6207273206674,126.69999694824219,1793.0675026675453,165.45722782936082,202.92541740065644,424.54819969421806,79.6934072057843,25708.099857720546,108888.0,44558.911127883475,84922.5387733262,19348.55840877397,18149.550820445875,12.536320976578171,11131.603674487676,1356.7847948238705,65543.50384352729,934.4276136298324,47989.964545433104,22315.235344238114,2570.8163619480915
2020-12-31,2764.1198315316888,431.39125113553746,145.95398617350656,115.55000305175781,5.190838813781738,150543.25749223866,268.8854465935983,126.90084502462923,315.2537572390502,101.2115353353438,145.82066281789594,105.8664273285467,310.7944444502682,187.15411089672853,124.78438378282226,190.97648932392258,402.2824043002911,183.13773738340387,186.74728951829093,9826.776831640746,925.8380139943474,278.7328209233092,194.29939525417285,376.9449470847685,1578.4232266730687,135.3000030517578,1806.7105134937738,171.34958053028458,208.26527912397796,432.83881842924893,80.90011912771115,26290.829476504354,119306.0,45652.172550201416,87528.56065506069,19497.15429812367,18233.394161659293,13.698043376582447,11497.841531475424,1380.5790073754179,66900.98548625689,992.3839286512778,49033.38087661946,22787.458754495834,2724.410076757295
2021-01-31,2937.3011741578953,450.536196647372,145.25306452984296,110.55999755859375,5.437989234924316,180075.5298026651,303.87484425596995,131.71080266478384,328.46866419935395,105.14505195555103,151.2729931263675,112.79749336496025,322.8452418216875,204.41293746787778,130.41328927265567,187.0385635218372,431.47618378054176,192.25129059130268,191.13705293651947,10045.597779202508,938.6513251593715,300.42909443962344,198.08470734238654,426.8368079396532,1657.8983383759623,130.0,1873.4452094686276,191.30846294418006,216.61005706780998,452.41903071917477,87.92739069290292,27556.09381832299,116007.0,47849.29388999939,88515.8969710567,20197.99708281993,19837.17609407613,14.550699101948934,11539.991714459844,1442.1202417412424,70288.0766600417,1016.5345138242814,51215.39561947541,22940.948321248172,2947.164256194815
2021-02-28,3005.7149509830533,468.4782002357242,149.75568885095254,105.58999633789062,5.528025150299072,249522.72519715317,365.5682880061031,140.51226708212198,308.40781121300097,110.30629027104624,156.4660193680602,120.38458630635978,334.2165087103567,219.47517097890704,137.79012421955758,192.35886474925246,437.97288292092344,205.75552793258794,202.50082467894754,9552.980127270275,894.4897360737377,309.7094521141935,211.08790100866645,431.87127117666023,1683.0977487288474,127.16000366210938,1957.4182365232264,228.36272655044195,225.5521733277601,472.20765183458207,109.45576889968379,29012.43081295397,110035.0,50142.30393614131,92679.71318520326,21068.132511716103,20637.09751709411,14.882688022170191,11791.569732354255,1505.3056195191893,71363.71137160016,1097.9702106045556,49785.49495298388,24446.33108906122,3176.4094657649757
2021-03-31,3023.18147888886,503.07841683374863,154.110668123727,112.0199966430664,5.771599769592285,340055.91737620905,366.7274546439512,159.96797970782973,320.60646226669996,116.48222381824235,170.65804616187052,126.97878368668535,350.47710668275613,235.06541087811274,148.31413420824902,216.4923453994743,466.26333207297284,229.35968569085162,221.62697406564985,9891.367966943653,923.2251378937362,321.50746010518196,226.56591647254754,422.8968968046902,1787.4266500187514,134.14999389648438,2136.4467439224536,233.92293161616544,242.00989525664409,507.06924522362533,117.67381178870892,29796.72473515151,116634.0,53198.0983507256,101507.40686716512,22929.930388619425,21060.4240711109,15.604503846225574,13246.245579031063,1526.1679862117162,75558.5545676155,1154.448888028698,50691.786601197884,26507.184954796918,3334.3968315527104
2021-04-30,2842.4130990816384,484.894298181418,147.67610323431472,114.4000015258789,5.336400032043457,308178.0398895778,358.8729021549225,137.75752078034748,307.4299073193506,112.4344863990118,163.35776321312187,120.45186030808509,318.8476423152788,233.9420172586324,142.47402722117477,207.61208710022402,435.2386056926989,211.85040329083495,213.9389651899728,9431.02003719681,884.0280488507997,302.39142833249207,203.7210367182779,392.34900854490115,1750.3162480955652,140.5,2079.8676123791083,230.90603182933046,230.59599851753228,488.20650435975404,109.53258070760603,29144.543602223508,118894.0,51887.36571287736,97897.55026254244,22312.39530507289,19739.450769820833,15.17963564104348,12779.99569234997,1412.107070773156,73966.55885742791,1053.5936622548945,49237.505205657944,25708.219985293108,3377.2652796552748
2021-05-31,2974.194066043206,482.97722775109287,148.7885921505076,121.25,5.23799991607666,195549.49381221458,364.7358646812281,124.6675319253718,288.03233168012594,114.0329628580439,165.7245215773546,121.83398341991597,318.3653321527818,221.88047180565263,145.26920637262992,215.67127910347335,434.1643172451222,223.80235479382463,219.6729040484861,9965.675857067108,934.3901750560617,302.1767550407676,215.86464634901859,384.4713130156015,1697.4686001691443,149.36000061035156,2054.999581698852,237.91904293313564,234.44776417640605,486.7910604698336,113.65583978010909,28847.327279351186,126216.0,52243.256118855206,98170.9155400237,22021.96907488024,19610.124118571403,15.080319107352576,13333.900326642673,1375.1539510255752,71692.67802302353,1127.4866566139692,46742.809577095024,25715.2028201567,3236.9452305934033
2021-06-30,2753.2847358766912,462.6351747356457,142.23587274817328,121.80999755859375,4.955100059509277,173630.84823916107,372.2766538613432,118.19214302769069,270.866428608555,106.27817668854732,154.17300374156366,111.14181842119069,298.779165947868,215.24044781889097,135.23990143688934,205.10867603354563,415.8318367033062,196.65077025569917,202.59213075147636,8774.491427327273,820.7132470513461,289.3306900306379,204.24987317670457,367.15759606137,1706.2814772881975,150.0,1987.5339123615122,247.16039626094062,219.73361575233866,465.9252928247806,112.0653424335942,27215.818853139877,126802.0,48268.41862797737,91555.48073404236,21294.54250574112,18393.644357363228,14.449565650447893,12570.777632888407,1290.6091190055595,72120.48937835265,1048.64884344215,43829.41202250558,23959.048710321425,3156.134480902703
2021-07-31,2673.7640150392995,478.64645554749586,147.385505705156,117.11000061035156,5.080399990081787,211477.72225276753,387.786940545433,114.3649697596411,276.4351636479514,108.08484892458091,157.70612440525292,111.22286957732922,304.38408851862005,219.4408991535056,139.04137547318533,214.80878229090558,406.0774580481775,199.7665780905354,208.60219957902336,9208.732897989044,862.75356352565,279.9082871305509,211.49705701355742,325.4368835901296,1799.4783586695848,141.8000030517578,2087.5403559953993,257.3730627223358,226.42697240494272,480.6580802963763,105.34375390124569,27764.06294157903,121801.0,49897.20369406277,93867.90738290176,22329.677669688128,16967.817137156264,14.244621569423803,13005.09621365578,1266.831634173359,76002.27779615577,1078.5244708311184,44860.65411624278,24694.056629163213,3146.839447494107
2021-08-31,2841.083023990451,498.91968165394064,176.18706331091562,114.08000183105469,5.1828999519348145,244460.2223766744,378.2998564198533,121.91940560495459,296.05702645974816,110.90733478823222,162.89205223368754,112.11813261120915,316.49421341354355,228.691308428326,142.79831069563716,228.48596480458946,404.6545815912468,208.04887670676544,216.928594564175,9406.963412761688,879.486305497383,289.5310692807361,234.64166682842006,329.7667545284785,1913.2295249298186,136.3300018310547,2193.035895052235,248.9865184360351,234.0288388906829,501.4561677098245,105.31496351727219,28471.351043888717,118781.0,50768.31117826793,96782.48328434117,23440.59886567318,17214.62705016858,14.226816070041142,13712.058312215027,1323.9723568682384,80762.58911528159,1209.5493900761153,47945.94152400968,25648.03861607425,3269.1321659753216
2021-09-30,2986.141655128508,499.1641134339079,167.25275183965095,106.48999786376953,5.414299964904785,237097.03872369602,425.1308150688783,115.86531495045165,300.98870174735566,110.94216509070066,160.28100208587603,108.98834601385715,339.5669934635407,228.05253936154259,145.73931355727836,225.3774442555914,393.31742414502514,206.82692371543453,214.383943466255,9503.720992767485,889.1363468459167,291.4618148275258,245.57160337304595,328.6254372711119,1885.0626885989914,127.4000015258789,2184.177150805044,284.575613590805,236.2005295900235,502.3265170167724,119.84308347344268,28488.113251894247,110979.0,51514.7041683211,95814.24608530616,23322.31388232205,17084.44401807245,13.99283419258332,13555.713257390657,1424.3306833211536,79534.0096849529,1283.4685715761573,49397.94125634401,25415.871094794013,3296.7279466664995
2021-10-31,3133.509483121697,548.4972500756267,171.7096063566487,99.68000030517578,5.644899845123291,346139.37104882486,476.3166334273228,113.97026171794096,324.4292833198415,123.31007694192067,171.4222406781164,116.283829983322,344.7062750292116,241.63814388869469,158.6839521594702,235.4146581749701,404.1208571358802,215.63586746511464,235.6553390433819,10064.856423854828,940.722524736062,307.1720106960929,256.8194928801295,351.2977912271472,2119.9045133580803,111.19999694824219,2436.9799916062475,322.6060347622297,254.2106776444707,550.6709361793182,137.85224455936714,31133.63569113845,103501.0,56279.94089648011,103436.05650211684,25996.9081872222,18408.192524666665,14.364931944571671,14206.513809453463,1435.937802434768,89474.31410460407,1333.668806847589,53205.913018685904,28023.942190660397,3458.9038231067448
2021-11-30,3125.1411808148314,531.6450878911637,150.85921799528842,98.3499984741211,5.6006999015808105,319270.2825626191,395.24139034535983,116.62740109194965,295.7204116563571,113.09704200653414,160.20861634021094,109.49654170950635,331.65700397796536,246.0992753586852,149.77507372417858,218.88561759677395,381.99079036839976,204.21221713631712,219.21841980612044,9933.401208707888,926.9158337116241,293.4900364979494,247.9218572468999,328.26046441095787,2145.3051280636137,108.80000305175781,2398.4708474063227,268.32953143013765,240.50927930937905,532.0711482146398,129.9186906630357,29029.421710968018,101915.0,52642.417273283005,95467.55051295832,25578.39645051956,16850.28309838765,13.353413171352841,12832.060560384765,1369.2201336540384,90372.44511836115,1267.3096388447698,48584.21250812483,25687.88443485461,3517.9507528323115
2021-12-31,3181.7302849948273,549.3069576804555,162.62096638597723,100.80000305175781,5.570199966430664,257936.16012521088,433.25014658941654,109.20866560046488,299.77755742874433,118.30969672428182,165.61104124550548,109.63320253523852,337.3615969094244,258.8360224620119,158.26715467248505,246.48285716704413,398.9422841008636,212.06898528047896,230.1410696793173,10179.540438652039,952.2814236585691,297.1935544474909,253.02405562234344,316.54829094126035,2158.209232714784,113.30000305175781,2495.729556864768,302.79607357495115,249.55349619425397,549.3136722464551,133.0660816855525,30048.91407100763,104822.0,55509.16824388504,102846.53119420027,26548.576655139215,16707.995850507054,14.34575801670087,14496.229974632151,1428.2415880603658,90906.10950331762,1298.7233669555087,49589.289422682334,27879.649848942878,3761.9973107848527
2022-01-31,2852.7995956387904,504.78740065168313,155.20744055504838,107.9800033569336,5.362599849700928,206369.60034102201,489.1227273816148,119.800512145629,254.83301800573463,104.77179660920137,155.69355299793642,107.91390404524554,310.81885992262687,242.75471021666272,155.81686595529573,227.68266740026047,357.0450581433288,223.21768686973155,215.24826992161434,9625.866730213165,901.3993890978018,284.778878264151,243.75332423896725,303.92524010698617,1896.0297564480716,117.0,2275.9920817606762,335.05523615451057,230.98319148225528,504.62133320180874,152.15849290795813,26151.482053677784,112388.0,53689.34510923899,92489.92837022338,24215.08670393424,16384.904593692743,11.95828512289754,13233.50417189044,1257.0232185728964,80063.88283864455,1239.1779671561553,42146.12796828923,24956.59413182037,3471.7732067028433
2022-02-28,2828.2841255390476,470.79729562797,155.9298176860775,108.9000015258789,5.15939998626709,222851.1728412062,521.047793591446,113.9905721727846,256.54206356886425,106.14196405463736,136.08278620203964,99.31453310738652,293.7212575662779,230.06494802959787,148.14326549198995,227.13172805296927,343.6107959207293,222.9299535158134,190.6910448194285,9799.764459877624,920.3337947427062,263.1811814550929,223.67820664645114,273.77137030706217,1742.5357009770814,111.04000091552734,2125.1149405166216,348.15632839306636,216.34568810670316,472.04947513971274,156.74169142392202,26281.562233074917,113142.0,51658.52543682186,84076.3694302775,22566.905673624482,15119.307513997657,11.628477998625902,13580.416231651325,1185.6958131138235,73458.55450154375,1154.2394768140714,41773.44151275819,22815.47361541679,3221.4825807850493
2022-03-31,2444.300212622667,443.68574318499304,158.67873440299445,115.5999984741211,4.769700050354004,217205.82416688278,514.6983499008638,117.73308362282842,239.82433365137695,107.8353519456141,122.8191394729547,91.36780167830511,265.7980054343716,204.4689938909978,137.567102101184,229.28846827601956,312.48060043098667,217.32371616530145,174.20600543750697,9297.099105254514,861.646284984512,236.16037781588238,210.6590472396565,228.39243919017463,1686.1142951868824,120.94000244140625,2038.4508501394303,353.5301808326112,201.35556301286852,444.62271093475283,158.43453982148276,26802.978019589907,119999.0,47061.369269327726,76683.58560931683,21608.697550389916,13398.523305003648,10.866431975055148,13554.272876540199,1086.7884853168507,70775.14761807583,1098.5631178383244,40264.26448902926,20760.625609864714,2958.484549666925
2022-04-30,2270.9571935631775,422.26560218960367,146.32629607987565,103.4000015258789,4.93779993057251,186228.50715655088,539.8990263260348,106.45317173091644,225.48433697089422,103.82172467509645,116.48860626808255,89.558869684598,252.87900777254254,192.59167729696492,136.7424973952766,213.44671670862954,302.64778313020724,194.23159557682447,166.36498348618807,9427.741648545605,873.5462038003461,229.9596513908491,213.53281703319408,225.5785557027848,1508.2189521641849,110.5999984741211,1925.0739655046928,381.00066072573827,194.30349339762142,423.0293352370318,161.2503491983607,26080.649752616882,107876.0,46399.75900103222,73079.18114243215,20402.644535103114,13264.530481877737,10.459579196786207,12405.099501775112,1037.7787300749333,63474.42958310945,1102.6254014634883,38102.912937920264,19712.886260892847,2781.7099438465757
2022-05-31,2273.6497087080293,408.22724464445855,136.92510542555738,107.18000030517578,4.752399921417236,151089.77414464112,583.784788943085,122.59229880449311,210.0244813629797,100.33003612024004,117.80456552642136,89.42300600350336,247.59672918225988,189.1730511474634,135.15308954757074,216.4043549086091,297.403709208902,188.61551289679483,168.0906216346193,8757.247103144764,813.3257196507111,222.68082082655383,195.1076591349647,222.83118247873063,1428.5592627185542,109.30000305175781,1856.9759039621567,406.1876270848006,190.09898813624204,409.1577682618845,180.0809028511503,24647.06032598787,111351.0,45723.944999163505,73633.81744499784,19637.62887118268,12961.57104714238,10.325821239604482,12577.003381834365,1014.4812581065635,60080.313190142624,1016.7118587757445,35245.34659128261,19391.660760219675,2770.533294670702
2022-06-30,2628.1248189895127,408.95647096465837,121.84949577858788,95.0,5.1809000968933105,102502.6917646639,594.8191274756391,110.04366079464944,213.0188428850215,96.98972700826289,111.37280009715596,99.08334078528696,249.97346902017853,182.23114088978036,135.47021897624745,214.28432374326803,277.282605627106,184.51090768961876,163.4460102905814,9346.861738318403,872.7744651065223,229.17190136697172,202.12360429663022,263.2501184254306,1418.6369484307943,91.33000183105469,1857.4761674930778,416.28531487995133,188.23535159548555,409.82243134767486,162.79958359239572,23385.61486472469,98542.0,45055.09970874293,69157.63708312996,19611.67500164127,14427.394904352725,9.283933202280158,12220.770215301076,1001.3518823039776,59599.622645981144,1036.2187365555772,35053.31769877493,18690.102391004446,2589.267621430073
2022-07-31,2499.4170451170926,438.01681005945284,136.68594686541837,99.30000305175781,5.182700157165527,120948.13707732596,570.1488553612216,120.92086590142571,230.4871772287879,103.97326596636958,114.17135899890127,94.87622783935876,265.774887714706,185.4399510912299,139.81439038813733,215.3249758218044,288.6285582624805,184.40121258774525,171.49234618142145,9136.582233597874,850.4811274235544,229.25152522140706,219.19312017700577,234.46409850150303,1597.2552669457218,95.6500015258789,2029.2313005532196,404.5097630831151,198.26959737605648,438.5962023431057,178.5929166470669,25180.655956389382,103165.0,46805.798801756464,71191.73508934258,21406.05483458843,13301.885303552728,9.809975397676912,12289.61058124993,1071.8922536671744,67105.44473682996,1117.5617268599303,37498.950827400084,19577.655352870235,2598.7253365990973
2022-08-31,2373.247771813863,413.98631171452143,144.99139517304957,105.83000183105469,5.1219000816345215,102692.88618772943,494.21212793535597,125.51356397385734,220.9639831745826,99.00305548877077,104.50596605526061,90.18918031891917,250.68186314538252,179.476991098707,129.23377219202575,201.2041137533506,272.8058713146984,171.03323370094404,157.17239835944292,8772.790709916386,815.7650478850483,223.7912429463595,218.34734841379213,231.71351782619786,1497.5047511168668,106.80000305175781,1923.6000080362865,374.4621180944596,184.5409399945729,415.884906665131,181.17916552654788,24527.62847951497,109523.0,43501.61610696418,65866.44976997515,20257.114822864532,13015.490187648684,9.37763878307672,11413.973255190067,1037.3358935853175,62856.11285934085,1116.4424456643687,36437.24549799207,18049.824164509773,2540.26662521595
2022-09-30,2290.9098657424674,395.1816249672411,147.79237855081374,106.45999908447266,5.396200180053711,104857.82363782823,474.6497628971556,114.28333897447374,205.45657952616602,93.40329215846577,99.51591786405697,84.79209036223438,240.74691024928325,162.2481653132163,123.43884075892129,211.8836494145362,235.05463788298948,163.00572970159192,151.26583864939312,8970.643311064458,834.6302719681698,209.11397573127033,218.06283629750396,209.09372021911986,1411.4832972247968,105.44000244140625,1839.2650574152358,352.2639411667478,175.25363476228813,396.4055190022191,172.636227362942,22730.004105113912,110037.0,41503.91589155933,64243.66570205195,19348.723921971396,11833.806430062396,8.132917771861653,11954.001976869884,969.0142357805453,59202.89786388539,1132.1042253488324,34288.92389332,17596.74652307632,2290.249086958796
2022-10-31,2110.236436264809,411.87650270924496,155.97669129288988,112.1500015258789,5.28849983215332,108391.89438407123,501.5084487666318,115.12916097596099,213.23779895353073,96.6712487228433,107.80641324732642,73.35012023298805,241.44804712931364,153.69730880831776,129.42177237307988,237.42036339064362,252.00848391839827,168.39601325876356,165.16313570347847,8651.457004533382,803.3760288694757,201.93635002098745,221.1522508603157,171.31278400302108,1438.642545908282,112.5,1949.0596024015103,378.28638653823873,182.19529911478458,413.2672193551698,211.42960101668723,23294.347906947136,116037.0,43591.48724484444,69896.25301879365,20476.96547681,9902.443759740097,8.532167579770835,13345.579431701219,989.75535096557,60318.35668326914,1158.2982102362964,34790.16553611741,19077.821762352716,2132.5513299763684
2022-11-30,2318.8940202482663,444.49926377189695,164.32094615602546,108.58000183105469,5.268199920654297,90447.44017915428,450.0623208292236,126.03045513803227,237.55308303714264,110.10383894304687,124.96323588950327,90.81377742213226,268.4754414787312,186.77183920434618,144.97163989418186,252.08297632950416,294.11689895615564,196.2745509539236,192.27872629868216,9198.277061462402,868.2520160612185,230.65852655300114,230.95310233744385,225.4778070791799,1512.5748279084219,99.9800033569336,2049.513532333658,369.98569811254856,204.27118421818886,445.7790948713955,213.3092829536763,25609.791041122284,112486.0,47647.409410635475,78265.19110338856,21494.835744180717,12539.871134601766,9.828034558071753,14147.541489719413,1061.9825316590286,63376.75887378678,1210.6045295492702,37713.37691868645,21553.011267356807,2533.0720892788736
2022-12-31,2344.574064775725,425.32758954695964,172.4938694359389,105.94999694824219,5.284599781036377,87446.89423373155,453.99998654161755,129.63767710536194,238.38803727908635,105.5952821065921,122.13724421682673,96.9326339982681,263.33834992097763,174.600681869244,143.55082579531427,236.7439377775063,277.8486831416212,190.77817665716248,187.1774503773704,9616.385963514796,896.4795036295473,225.62143007109262,218.58026289991722,231.9551320906121,1380.5202498364815,96.5199966430664,1937.415754941845,370.5032938739241,200.435013483906,427.3243531895059,207.44938914694467,25186.602719556307,110031.0,47432.84512393782,78431.58015575819,20290.22085928917,13403.942991972901,9.243103283477758,13156.048213429749,1036.4474574699998,57812.25206201244,1155.0571228710608,38476.148946742476,21369.461729386356,2435.1954734420856
2023-01-31,2467.830630374644,442.56400835731256,199.68709039872738,109.83999633789062,5.1149001121521,118355.12225078326,432.15789954912543,135.52569238887736,247.7467694314073,114.29607844377097,134.03774237799553,98.46403199181623,274.68637373875936,188.56113292020018,147.59659636620472,267.13876247898224,302.20885391223965,196.6688302689945,203.87110226071673,9869.199766397476,917.6642478525318,237.8757716140335,207.7598030982408,253.24343733376008,1478.398908951218,99.44000244140625,1993.1281904034695,354.5648742134399,211.51718955223987,445.2256904247988,206.43465950877544,26978.03448839276,113532.0,49032.805459798314,83918.0249324888,20851.402296701213,14252.950418098248,10.072304217099775,14858.88671637245,1071.1680328447255,61900.161515850574,1107.3822000166663,39781.049176976354,23095.074857946485,2594.4500119768727
2023-02-28,2455.822821152281,434.9621228290016,198.45111274538067,101.1500015258789,5.199699878692627,120359.29126725066,436.20281964987953,132.35771536878565,236.4907185912507,106.93682927304235,132.6153359972359,92.51544944095531,266.24693261186076,186.89614919278029,148.7076200578431,271.5205585825024,283.16246017132835,181.38382545167588,203.9198782096082,9509.731235086743,882.8050390571443,225.08656267940387,199.92007397896305,229.95840519994636,1497.5018225771782,88.36000061035156,1975.2283746704925,349.47182408646404,207.55261073174552,438.21614033273727,195.29573609360705,25426.97278793482,104932.0,49396.80474327225,84723.37908367068,20643.58796560834,13107.432944405358,9.516514397298735,14920.822721089935,1047.2676860512001,62615.41051254189,1088.6045205672258,38062.84031318471,23370.426415137947,2629.5467065527255
2023-03-31,2426.015210557346,440.2085714482382,192.16532521888803,98.48999786376953,5.092700004577637,145032.37750692666,406.24466226930235,132.72387021741451,236.26140412891618,105.0109344093089,135.45496231066682,91.36749932338353,273.5873881807929,189.9214164461191,145.55725314845222,274.6530622330356,290.2304562846657,183.02679382067436,209.95558352345324,10027.526309013367,933.0845010553894,227.1591625699075,198.6321823360595,234.77934885414652,1605.9144386871485,87.81999969482422,2006.312124026299,338.3590007374878,208.66552636477718,441.4313913834194,191.28710333928393,24541.17070010281,101882.0,48119.16757230647,86768.18951506913,20927.48335421132,13229.899456574582,9.729198469118838,15165.296902656555,1073.0633754309383,67128.65921600349,1076.8265183420806,37947.39412507888,23956.292531196028,2662.469256806799
2023-04-30,2388.9830582483305,436.88589661722654,187.86497468365997,100.9000015258789,4.976200103759766,145647.43864200264,395.806960808899,128.02039959435206,230.81047908101755,103.50330686703091,136.77439367069746,90.49383823257813,268.01208514541213,179.80437106938916,149.59020083108044,274.45616025460185,281.04336489863636,181.93210360276862,211.64080258725153,9903.13570500305,919.6017943609622,221.00733981945086,202.7670371846325,219.43029532398214,1577.1479132015957,89.0,1991.733506947523,335.8935070037842,209.26365639892174,437.46908303227974,192.1013431573083,24107.912553302012,104432.0,48916.09605943691,87386.79506912967,20748.16671143286,12606.611979973968,9.293868177431113,15198.574409220368,1073.1710253323763,65914.69797869772,1099.4306275226052,36763.50892771753,23925.200726076262,2531.283501924092
2023-05-31,2279.1805339397374,437.39986789733666,192.54457174892377,104.83999633789062,5.034800052642822,137045.53655401338,365.82859026301594,128.8440872694082,223.04968590454882,98.97465157578245,131.65637027076718,83.29584085505485,273.47249472796284,191.3657888920552,142.2965300881342,272.99007244203494,294.2422933505841,158.74556857112657,203.59284491742073,9887.843946305162,917.9447824738163,219.00700328171297,208.04855768831294,201.17138004987828,1721.5234855902236,100.5,2024.4908271491004,305.25993256948095,203.82696895856498,437.2656547062361,174.86551776921442,23265.079653996276,108335.0,46524.72928253724,84604.49943597056,21044.608697381802,11714.040844222996,9.831324820313302,15021.396142203826,1112.2108255315106,71766.49229568802,1128.5993839573275,35963.97349666021,22782.477089856286,2731.2893317732323
2023-06-30,2144.008612336319,446.23174798250693,214.9744867973768,114.16999816894531,4.855599880218506,147985.34093298297,363.6844384374235,133.47776307384993,223.15306745957423,100.26160644238371,133.19368128917085,83.25211465617576,277.0109321938962,187.83027500513708,141.8696041929752,275.5459022221021,286.48155985943777,167.31240929729756,209.22413209609113,9328.092811342853,865.6078113919139,220.95367023752442,210.6656197878874,202.63168244945336,1764.9103860029136,109.5,2078.952028048385,308.57336868335733,205.27849412732394,446.1946656500477,180.30048697982784,23143.92791429558,118087.0,46131.07675123215,85162.41238755174,21609.264025911223,11712.069910364226,9.41077796503345,15170.742390004918,1112.9944228640234,73704.17006813968,1135.2287302452105,35103.38297768141,23200.36006791517,2639.5312324884912
2023-07-31,2188.5129786667653,449.68264812215057,213.91339557684842,117.94999694824219,4.723299980163574,138062.58425631188,404.1255347713013,137.76129146875428,221.59335262429158,101.03307738102012,132.96581154275736,83.83263773024191,276.0800946409472,186.05433287379492,142.05677301809737,280.3235763591183,297.0988552281051,182.47393008388462,208.1710898960846,9307.262610912323,861.293780211563,227.7534767683428,209.89636357391282,219.4033957704669,1783.0931657812034,112.9000015258789,2088.5036336636113,345.60385089994816,205.95518718055246,450.19396177738236,189.02219711189537,23287.069820794626,121943.0,46691.32443744433,85350.82230632193,21675.03449246753,12153.260432768264,9.772527070387678,15472.513003731845,1112.5298324818723,74425.03778743744,1134.3458661516008,35078.579404526674,23203.862900917884,2582.9017836812313
2023-08-31,2093.9126497833595,451.8683866642459,224.3216650273389,112.30999755859375,4.888400077819824,126763.41295079514,424.60643374307256,129.82027662795554,207.5976767911343,99.41695827286276,131.04264704002344,78.69804039084738,277.7107610447965,183.38832593576808,141.2826856849406,275.08733732291876,284.18472475717135,165.60559211386135,204.22397883551093,9474.696792138973,880.0098028946231,221.40823124225062,213.399090160161,204.7755984136893,1818.0523499503906,104.19999694824219,2126.3775034182763,366.9232979065855,204.74082032933438,452.68277191890957,198.84956202174362,23020.175512234913,115742.0,46222.17819881742,84726.83967924211,22035.24625859782,11394.672070806264,9.445039193967666,15389.286032987293,1091.410501273378,75775.43332191557,1138.087351927151,33624.19098953512,22830.545572398463,2557.2077536678376
2023-09-30,2146.0623056907516,445.30601810037115,200.91743808875617,113.1500015258789,5.032800197601318,135724.13305233326,479.6761745462718,124.17263948381242,209.14937932382963,99.12776586559539,126.60227146854959,76.55866808921292,279.65223972746026,184.4579904973234,143.81969934792141,267.4587422882614,276.1349393391174,164.0019300414533,198.68133768357802,9301.117922315898,862.8735785198587,221.11838742621148,220.95191628625253,203.2196585038546,1776.6735412657872,101.63999938964844,2085.3460146155703,406.95222704982007,202.81082412195792,446.22517071214315,209.6435707220171,22802.29956079973,116565.0,46730.79887181823,81851.9864142416,21580.897904355545,11455.333353227004,9.07946933437945,14595.981042172643,1073.5698561810277,74058.86395931337,1188.0283993165117,33909.19943332152,22207.938649034128,2558.782998233204
2023-10-31,2083.2621877022507,435.12373052981275,187.58905758059336,109.62000274658203,5.04610013961792,174937.0958058685,441.079631683373,115.13589194486667,197.15500003314992,95.83185052807039,121.99502046125508,75.10491200988918,274.2057945825545,180.6695149967909,139.00419353681536,252.36945378596283,258.12206261326537,163.42997539206772,195.128371306193,10017.517750777886,928.9365562228922,214.01602052949966,216.62615463339534,196.79068694094713,1744.575013159265,94.19999694824219,2045.4670593598566,378.5584155347133,196.46315934590166,434.34432457486764,198.10528241837528,21801.463725569425,113144.0,44918.40544222994,79290.11880565621,21162.3337799632,11033.425783388084,8.526980234236365,13704.257988443715,1044.2325664560267,72713.19424965652,1155.841677284015,31703.72299623261,21742.019425146747,2503.884186797658
2023-11-30,2098.888194165976,460.46000864887174,239.5074118652028,123.56999969482422,4.904099941253662,184947.07590287365,406.206607113716,124.13884612493712,213.92426113902548,100.8140182310899,133.77071698981945,73.12191128008044,282.9869242822879,196.48453463895203,143.46383672252887,283.04244860718427,287.79091955288095,171.78724757747113,210.7439969261759,9995.045970540086,925.6488639116287,224.79056608087922,224.06564438622445,195.23252471857086,1878.912623598415,106.3499984741211,2169.48952479288,343.9735668863068,207.74981777388712,460.1526418503381,191.15186099181847,22919.031304945238,127331.0,46402.09604478814,86960.10829517618,22400.946753826458,10661.344305615057,9.650498340694059,15302.659465875244,1116.9217250284273,78209.94890482025,1184.8629165548634,34208.96945627992,23502.31179979001,2751.853534815284
2023-12-31,2030.2561562831256,477.3167650505966,243.23922992533153,130.38999938964844,4.850200176239014,204994.61986127496,373.6594260179445,129.7064241870994,225.26084796484065,110.2950495632258,138.27056767951854,76.62540210165434,290.73873536452083,206.7148787591468,148.0862635275953,304.88754547641656,303.59221728146076,177.73693832783465,218.45685030168352,10003.05236982298,927.2127588106305,230.93977325435299,235.0378467850678,188.8498218264249,1962.082406793139,113.19999694824219,2243.605680413806,323.2658491471484,216.94911862610934,478.5668002385355,189.19686469105545,25053.29114509723,134185.0,47754.48179387301,89504.01477303356,23134.630685552023,10535.577516038902,9.897314016109705,16338.267640694976,1147.5198901281692,81609.12713569775,1280.6691996633497,36165.38875148526,24159.175134994322,2833.0192356022953
2024-01-31,1945.8635705836045,488.50812803179724,253.33665181197284,123.94999694824219,4.950300216674805,210796.68107853085,404.4890261723631,119.33742725175398,218.29586304946133,109.2413879295018,138.17721116963367,70.59775939938481,306.3158016833622,204.655835623671,148.30718485425677,305.72226192616654,281.20322161117656,170.2490925767779,223.15198927329038,10140.194480408914,932.8840607252496,225.78002340931562,245.19655930022418,172.87650354421203,2039.00778121216,106.37000274658203,2326.379899777996,351.07528230230673,219.02277976905316,488.4436206406681,192.11116862599738,25074.144963963423,127752.0,47956.62852197769,90610.9172265511,23987.42176150251,9789.924542814959,9.317925191910236,16536.665780102718,1218.6166243840707,84834.48404543474,1294.0574498920778,35950.56835685555,24917.28376569273,2842.1455247765207
2024-02-29,2081.330916449503,512.281305040291,241.93059035219085,125.25,4.967299938201904,303990.72316258773,415.36563447554,123.98523254010524,214.24126228366367,111.00878107553035,146.13996365352432,73.77681266828358,320.87688133588745,213.08546460364596,150.28491646050043,300.23718769389234,304.18443876477977,161.8172650823999,237.30192344467287,10161.605241035693,940.3595391738054,235.39314051630208,252.3017503759802,185.1012940552664,2154.1077885541745,106.5,2456.1920241636253,364.401126498291,225.80505634870678,512.1307004111222,199.0802762719486,24822.31811623159,129020.0,47927.13449001312,95126.33818907198,25314.701753077796,10477.28429079568,9.843701920948302,16086.906141161919,1291.4267868253228,89629.21304957289,1317.0022602710756,35423.954708224424,26247.28067977703,2976.9316556129193
2024-03-31,2110.110771999012,531.4464857559506,262.20825120750305,124.33000183105469,5.014100074768066,357674.0519639477,436.55147636972106,125.69468962894098,217.38368852373605,114.97290374999284,152.1353956632811,70.5781658485248,332.762887961253,224.93051241738067,157.71152461414022,320.4444169494236,319.8930061409701,171.40595272170322,247.52114658203573,11065.491128533613,1026.6045588184206,242.40221687810845,255.6004019091415,189.4877003629772,2191.673347776552,109.0,2548.2591396135977,392.8863498076025,235.1497731799318,530.9101137702091,220.9750736062888,25683.174349487643,128106.0,50070.476555940695,99667.1216707211,26220.784230381716,10524.412682449794,10.202901495024232,17145.532719674986,1336.4303922107792,91096.38003689982,1336.507400695105,36200.16698584468,27397.598994811997,3178.152194636686
2024-04-30,2195.088239540358,525.5922954837915,287.0097842651958,122.37999725341797,5.117000102996826,310278.7956789974,449.57963217247016,129.516598781197,217.07184083322863,111.58146891503475,149.65979937623706,74.65057122763028,321.70003266700587,223.43970916361286,164.03201803787124,310.4233039282135,308.1706987612597,180.0205157008495,243.90448880756048,11725.093536299886,1084.1387868365855,248.79747961344583,265.9508802768614,204.76427112367492,2149.025422956067,100.5,2507.604420865813,401.0704540186307,232.90168151059152,524.8802129499272,224.4494101841501,25728.560307630687,125924.0,52272.785656168824,98257.53470192198,25767.625948835863,11601.407360913232,10.02100266603666,17037.681473290315,1257.2861647703103,89244.00972797628,1386.0693509732573,36538.2156723532,26965.334822415607,3217.901284324099
2024-05-31,2219.9362128398957,558.7812131480314,318.9185201205437,118.66000366210938,5.202099800109863,351097.07160366327,424.5953999729609,139.21571288280575,232.38852438539107,119.80401469090066,160.140827132891,79.10942691437594,335.315163868785,242.37646709852925,174.5453078072751,312.79047894213363,308.97276667809274,185.15838993959915,259.8924362527505,12083.957117657643,1120.0121028392023,257.53844957943875,273.78256899348344,217.86473896247844,2319.1684198888834,96.87000274658203,2678.250470837287,389.2211054566651,247.8173549956191,558.1511523087465,227.4013993592016,26556.517752221553,122098.0,54731.48836593144,104163.75014277641,27454.132496835664,12024.675604519434,9.970369923088226,16886.336487644585,1276.5665860385925,96429.50529177673,1406.6932728756701,37760.150564103446,28063.54458299186,3404.2850765668763
2024-06-30,2246.009632668549,602.8739080619198,306.3848527113623,120.37999725341797,5.500500202178955,344761.96314684115,475.29824261371687,138.34292858601202,241.28161182352414,127.96856731239131,165.67030762315426,78.197705306427,353.390813415881,275.98943992917157,180.6659921638675,290.8803471423107,347.23919771316105,212.25681280211575,265.3238276902175,12803.514052032842,1182.662518255347,279.85511166969445,304.6140980400287,222.65533570439402,2610.859556598298,96.44999694824219,2931.7887655380764,437.7847909479897,257.69804838961136,599.5277900228211,237.04515403002006,28415.642792582512,123907.0,56734.53402076266,107423.2102652546,30035.371236562496,12487.93454092741,11.095865115747998,15677.363543662941,1354.6517400792218,108265.62568746973,1582.6110127695772,39345.21810265246,28830.18319394649,3895.483072901968
2024-07-31,2274.2100088914103,624.4617005546024,314.9111189675932,124.04000091552734,5.611100196838379,362585.0863945484,452.9280147382815,141.88835455899607,250.9518243376442,133.69432331127427,171.7059504280769,79.50935978240068,374.9185161398782,276.08366437256336,191.59029103155262,296.2574172294626,356.6867000252205,227.47090344289973,272.1735915982208,13615.334627628326,1271.1947667174536,287.6688233921777,319.8751780425664,223.63135898562177,2618.6628581778496,98.5,3026.9539612458902,436.2069173156124,270.80547067505904,623.6916041080622,247.2764749396083,29713.20141348173,127652.0,60283.97773742676,112338.25298105925,30986.177521082573,12463.656199851539,11.237165399297822,15914.642868824652,1438.3604239303968,108644.53303080052,1671.9020333708725,41082.196753311706,29576.30882565491,3802.108269203327
2024-08-31,2254.263643244338,641.9489724987143,359.7097907916723,132.60000610351562,5.627699851989746,331864.8887085691,443.462765511169,145.86444185635446,267.44208198024353,138.64524615865594,180.62809658189872,84.60769515933953,381.3260413061507,280.3395024002384,198.8873789660538,278.83899855061827,352.0976131464922,235.41277054921738,285.0243074875216,14034.35816568206,1301.630660983079,291.3012846616075,322.49768174457495,225.9675931158963,2655.4022152756224,102.7699966430664,3106.8444539518678,418.36318638766534,279.50244473373095,640.1321810288573,242.87276174629733,30903.9535541028,136004.0,62002.962792178616,117646.42208480928,31787.499294398818,12961.161478803493,11.291499636324605,14987.643434137106,1500.8853807868436,110160.20214806497,1692.8290681838284,43875.61100535462,30850.535564780468,3933.646821777696
2024-09-30,2585.8887610561906,633.3783686243914,353.19094672322535,128.42999267578125,5.433199882507324,344081.8319592476,389.94073732865945,144.09815278216956,259.09022700369314,140.26937427152188,180.85201604910617,94.20364509877618,365.9474344936316,271.0027929875396,191.3996290122377,272.6025095545083,331.93644138909076,243.92550090951045,279.3490546860194,14322.458740863483,1320.593550177582,296.4674769186786,315.72103080529996,265.51319762437925,2630.8360321708024,97.95999908447266,3062.470999155077,379.889325836426,272.75291822892905,631.5830814012515,227.40197742039527,31025.592390162637,131816.0,59883.41010761261,117209.56068033725,31308.70555283362,14770.181022197474,10.761287661550375,14471.612511715852,1442.118460180718,108993.73557973467,1675.1258957910445,42861.92184958247,30328.729784491472,3824.2396172070685
2024-10-31,2656.3402679415394,657.696126945204,411.9299339883837,126.26000213623047,5.76230001449585,404600.9759490788,421.56989016268926,143.30282291317872,262.4958417656144,139.1077878747401,183.19116128332917,95.67992269343176,369.28837753421976,289.2854019709466,192.90041391605337,279.47924420358686,329.7509067514693,253.36231575959027,279.6310919227799,15778.90641105629,1460.8006450215835,304.62160396227046,313.62033983886613,272.41401690080966,2766.0664936893736,97.25,3218.9877062850574,421.10889561044314,274.4296920603756,655.2339429958338,243.34621335325937,30890.20179748535,129713.0,60559.463275659364,119276.5921426937,32876.51574315457,15053.922035781434,10.684479989916218,14477.965554938535,1469.1032357746735,114614.56700414885,1658.698714189108,43487.094564729414,30183.308164729737,4107.2926237470265
2024-11-30,2762.011602512662,714.0924686065628,492.47815944548347,122.31999969482422,6.013899803161621,580034.9510002807,438.6538663249812,148.21512134645855,283.2419850648839,151.36692202988888,190.89407133428722,97.4547640860601,394.5851380089225,295.9583650033601,202.73881157827782,282.4126374857515,329.90265684545375,254.19291094243454,282.08359175181613,15978.931777000427,1476.9536306349037,310.4344043527017,327.0751301248747,273.16700983350165,3041.311241627409,93.31999969482422,3559.8799771232298,430.6553685749968,287.55552847762374,712.1689860355473,273.8671984164648,32977.570508789504,125668.0,63165.39388897363,124533.31629915722,36278.12818984222,14995.511816563085,10.60044166576663,14650.994007416535,1520.9853603158845,125873.14285490476,1717.9977044161815,46335.76855894154,30484.773175100097,4120.243820576173
2024-12-31,2837.2939317808596,714.0660897526686,506.43677050720726,117.2699966430664,6.1778998374938965,577196.2588031217,461.1184400998536,150.89036761981333,272.9564434136046,142.74145699088876,193.36520829731398,97.6064233992588,396.37737555221975,305.72242688704137,201.3399247938196,278.76955248119884,307.4870394897789,242.60141608287995,288.20747376652434,16242.933951083687,1495.8549178179237,313.267697049514,325.2046436749879,283.20185813777243,3138.433637034541,85.94999694824219,3568.971303257713,466.740351576118,285.04065908236953,710.1076656647456,254.38484845839412,31315.295833916287,120283.0,63258.511494636536,127991.88536133617,36336.12029722659,15950.327494867612,10.090793360329544,14802.585938654374,1565.940518779942,129811.0811457457,1702.7743216051645,45679.89159527611,31303.626399192726,4343.972741714599
2025-01-31,2651.920734069017,700.3213456827907,503.75928807854143,123.0,5.874499797821045,601578.2894794531,450.92661703002886,156.60182731773875,258.2875556973195,139.9978453204467,200.10626713993952,91.92156634971434,383.70780368488704,288.96715240450067,201.10931359894857,277.3082163414492,310.08219915361224,240.81511832754222,296.64933195349295,16522.03068137169,1518.9106533825689,302.2753334898316,299.54075455104794,278.2011428205751,3048.8657536201354,91.4000015258789,3484.8401211228047,458.3284545056922,283.0582541188651,695.8679180063191,247.48309151724425,31122.95529609546,126135.0,63301.006081581116,132593.3521318622,35485.09100163239,15287.26981739793,10.257820694240374,14535.36527177319,1508.0283307567297,126172.80497204326,1593.8241879501709,43027.86661070254,32256.6810734896,4346.757313097151
2025-02-28,2661.622658555448,694.0215656536857,479.2921898231252,120.01000213623047,5.839000225067139,492654.01160677895,427.29803825233466,163.00255702611685,241.93751225910273,135.64617586949407,207.16763621642713,97.4017868659721,382.2823811293056,283.64810601468525,207.92123307393558,284.29873008608956,312.20586975355036,242.91607670035592,305.83178078944366,16564.076123577892,1537.2335251042532,303.0001294046615,280.8559019161221,306.0512466906948,2948.514426823327,87.5999984741211,3419.808774030127,439.209604057236,287.7137825553709,688.8063270340826,255.41839401576,29708.331699710106,122799.0,64820.7977057416,136758.20627874509,34768.32684016228,17207.36721548764,10.200228652336847,14908.385506983264,1446.87231275253,121944.07560273819,1479.3376588825547,41404.826727038184,33132.44197943015,4083.8596550348575
2025-03-31,2644.6492577356335,659.2567217759388,461.1749527732354,127.30000305175781,5.7581000328063965,475324.90477141365,430.36038415132134,167.4839220832646,236.95248065490705,130.70001209547718,210.0178598162529,95.61541200163356,377.48134308695444,261.3858565025039,207.42077974812673,282.8014707793336,304.33231558889383,259.67483904585606,304.34035492838666,17981.395063605043,1659.1390278000035,301.76545992279534,296.4269870530243,306.4298363726339,2687.081659880394,93.41999816894531,3184.517855747341,445.2738860803147,283.6998559849526,655.36853696451,260.6782628346846,28346.290991948335,130260.0,63938.49279243499,138004.30174360424,32313.594231419032,17096.883672935655,9.722635151226376,14814.780717685353,1371.4897551649483,111007.23907894082,1575.1765896100476,40241.302518333585,32679.88969411142,3590.9657786281496
2025-04-30,2535.170349917789,646.7623316479949,477.5882094215267,131.6300048828125,5.619999885559082,529445.0854688287,354.73438677368176,170.64819736124628,234.18234065977595,134.2592640812436,218.3035213267467,93.375503584115,383.8507687033634,255.11687453524064,205.84988251173854,308.57136075142625,308.850877194709,260.76648112490875,307.08633049296986,18574.099621772766,1707.1873034931195,295.61944603714073,301.06339215431217,284.01653367575636,2659.2692750725255,101.5,3081.1934077161714,357.2072004440306,288.0085936072828,643.236239648264,219.16867595695658,29132.249765971676,135067.0,63919.48821622506,143842.58337374777,31298.11689196853,16007.750920101302,10.0395124479501,16153.839660479687,1423.431991866848,109989.12752589956,1605.6934313328045,39714.44448239846,32993.734759720974,3518.405915919159
2025-05-31,2632.5150710613343,689.0669419770129,506.8681823993102,133.99000549316406,5.66510009765625,592785.2751216888,361.9999048844911,174.06218003528193,245.92292363243178,141.59060227044392,233.87503402121365,101.75368554960005,401.50273188762367,283.70387952472083,217.41397040546872,328.51912095048465,335.9299070863053,277.13800465338863,325.72983540664427,18631.94715794921,1719.9244242254645,311.8544202565681,307.671594083542,292.72439915081486,2926.6438207626343,107.63999938964844,3301.11094815284,380.4114802018739,305.2010006750934,686.0453420332633,223.75425178650767,30761.3844155611,137027.0,67088.56369446963,154523.37291833013,33490.31526437402,16808.460180085385,11.151822601334068,16947.26810194913,1495.3694569845684,120898.84586083889,1642.6084672303411,42062.05507611123,34556.276222638786,4054.7040829218026
2025-06-30,2631.0208989677694,698.3863125754942,460.66252171805536,135.85000610351562,5.478400230407715,586930.2490848079,370.39464292161574,171.68318954478127,246.72940861900497,141.76828711476082,231.79112127198823,105.41643578120602,395.9023990725327,300.64767221479633,213.47882284556908,325.52531955015,384.60127594098594,279.188758616976,323.7911253365892,18048.041184055153,1669.9806686726806,323.25411906400404,305.03732650097663,298.2149267999812,3010.9246203819057,109.02999877929688,3356.3604255350656,400.5258441888582,305.144117521093,694.4393499094949,226.91633063727932,30545.367775135674,138855.0,65846.17026996613,153463.47306583077,33993.200579668395,16783.554707221803,12.340954088451367,16711.59899228078,1534.8365362244658,124244.69232541882,1635.8566105698512,41867.76366084405,34038.76876887027,4190.664748522419
2025-07-31,2776.0525068439683,718.2683121040463,457.6421035221647,129.8800048828125,5.575399875640869,645398.2713075355,404.3837461743242,165.72293587150216,248.01496730510007,142.63390344163236,229.42771339000683,111.82056947430556,395.65687057551986,311.08816719067363,217.7509232886714,328.99142734660927,397.02745284627963,280.4316987696984,319.2626795457254,18360.90659822419,1689.1230986828014,330.6216975464522,293.4890460507813,316.32888653789087,3138.502641531435,101.91999816894531,3494.458438523492,443.7460556845326,306.2436580343565,714.4884809200448,237.4691702426553,31404.347494176356,133071.0,67400.73860679707,153185.67773486767,35344.63497990067,17577.346958937123,12.994158074422103,16964.646841638023,1533.8345830003673,129450.29856925551,1574.349633784689,42238.46851254397,33863.27027552482,4400.528694455092
2025-08-31,2919.468766236611,716.0198363181262,430.55982105701696,138.5,5.413000106811523,585885.3278656155,368.7335821432498,176.96917843785923,239.77527229420957,144.12063226889586,226.69645025497448,110.97599038524277,408.4470185119135,304.40741533896653,220.17049203065108,328.9685233828204,382.4452327586623,295.9740923347272,320.3006901772678,18803.138206724543,1721.7129836195381,330.3556170495649,281.3677430741882,327.86374225216423,3076.1530509953154,107.43000030517578,3462.2878806361696,405.108908170776,310.49194016682304,714.1781971674063,238.95897773769684,31696.514057046734,141422.0,67185.69583036471,150993.11376063898,34969.38680135831,17406.876743903966,12.457200150072056,17018.40736901574,1574.0047295162221,126747.67053814605,1509.5328414437724,41192.11060455704,33807.51579299965,4301.795054233016
2025-09-30,2902.347973687815,729.2645515400218,368.4247666344163,143.24000549316406,5.321700096130371,606972.2834978476,356.66032257806364,174.77969506965383,241.35366712375253,141.2711982294677,221.4359442480927,111.11507362391058,411.4582588904959,323.6951935997131,219.1195763507967,356.1586929036275,416.90432092048286,323.4253976315522,327.4516304656645,20439.585989066167,1891.704739667679,344.817720923711,277.04771431279005,346.2025111548719,3186.8596961045405,109.66999816894531,3525.1381230586558,392.47538208961487,313.0382934587069,725.8034488911362,234.18099210023502,30961.02077219612,146237.0,66862.54206023645,148975.17601068132,35593.97801708523,18349.249296361813,13.0238722695926,18221.859485753113,1610.0709426761605,131339.50640277006,1476.5078299246948,40897.26513379382,34497.566834525205,4511.401387355286
2025-10-31,2993.7099762701014,754.4401755316649,504.1521294960403,146.41000366210938,5.381999969482422,589631.2716409862,350.20673637176515,189.41646927049442,243.87585657308227,141.65487400603888,219.20885629333497,112.32197432724206,432.929199342645,342.9541226815054,225.2983852657635,351.32278525459697,510.58604043978266,325.4062044155289,333.08111408575496,21432.200015679933,1981.2218024865724,361.1566212736652,290.4665449227905,338.00250778801274,3377.040078263264,110.05999755859375,3650.0635757385753,390.51790464599617,322.18579978596244,748.8890847123112,233.62682819644397,31320.253404543735,149540.0,68722.06504557282,149087.1147236321,36813.95724242553,17934.29291279521,15.524054494025643,18221.76825887873,1833.2962924325257,139168.45949602872,1561.8787147698217,41893.11248245468,35233.60110472189,4944.628321606766
2025-11-30,2943.128161531777,751.0299787495751,495.2295420875307,155.85000610351562,5.355400085449219,484097.7088866234,338.46128948623664,202.03466640872648,241.29564245935762,136.11059310306155,219.1429616905516,115.39900043746457,428.5181364698801,330.301977574738,226.70678197496454,359.51755390682956,475.95509468374075,338.8783522179583,334.61771371308714,22590.68313447386,2077.2526112934574,353.2128075003857,292.99393377191154,329.08368043997325,3307.8934137295,116.48999786376953,3639.105819941964,380.6082824385376,323.69526671874337,746.7779205213301,238.59193600676372,30126.43481699424,159072.0,68925.23887038231,147962.69623091817,36679.616334468126,17788.589976108633,14.389257438405695,18548.128062904812,1722.553254966071,136214.01542651653,1570.2746380345945,41400.629946990135,35184.17275651544,4724.645626797246
2025-12-31,3106.611226700016,774.8275827626348,500.5794715391239,158.0,5.476200103759766,479215.8536580205,333.2267679577635,221.23849254791276,247.90758120401006,143.42168364207464,232.73850440979004,116.36925220489502,442.14838467913796,347.90298590704333,240.84327805654902,379.6649632208864,532.396180772339,376.7625838507083,352.0718451794528,23687.85170360841,2170.2728497514036,368.110177659546,295.9886114302062,328.9553385616455,3359.847971131094,112.44999694824219,3724.1596700260416,378.73401923046913,341.51704520911153,770.6626925988821,243.25156606909877,31923.400214981055,161125.0,73132.54833478946,160382.50587727875,37487.327810287476,18020.88308643829,16.358103639960177,19554.993554446613,1796.5154626577714,138273.22905077785,1593.983241878206,42969.33053847686,37958.217797995545,5076.574531421613
2026-01-31,3075.540642643174,755.0285890102386,509.5794167466738,178.1999969482422,5.189199924468994,407980.69537104294,366.8245553296583,234.75941329287707,243.58103732829295,144.0002979040146,223.70641191109462,121.3234898791352,444.81822385995474,353.1769341904146,239.5334677216797,389.8127125786741,635.2099817576673,379.84941863494896,346.107068952133,24461.369017196586,2308.9345697372046,376.5283338505251,268.48921280192553,323.80608320495594,3222.9438508181775,123.80000305175781,3580.990727515833,412.64516057397486,342.94141628824946,753.0005284379513,263.1890408362251,32407.521197084803,181364.0,73129.47424316406,152225.87431779876,36008.01283702091,18188.381453463808,18.974668464634554,20342.147581382655,1806.6315964140813,132596.46350125223,1431.5885905699533,42320.65481566844,36897.08532188553,5305.363146481432
2026-02-28,3125.7662983413948,757.0321356672212,461.0612285480347,185.16000366210938,5.136600017547607,344130.93244124204,372.30078651507574,223.44210076332092,243.88576648181152,154.56029531179047,227.75684556184387,124.3570817221298,474.4677577289658,388.6865139224319,250.04969042178345,415.75641796083073,777.5271195751266,419.14655359405515,351.5740379854069,26866.98639178276,2484.830258488655,394.2854283199158,268.4900852685623,303.36760409040835,3115.4773915878905,126.37999725341797,3514.0592437796004,420.9443557623672,360.18185598356285,757.6155053255861,285.37410269379507,33523.25689679058,188787.0,75607.10816154256,153145.11371434946,35334.05452676257,17470.884902951308,22.392759705921723,21301.057104253443,1939.5872360797366,128209.73708642647,1421.122381775683,42154.19795008542,37179.950297864154,5803.522453521347
2026-03-31,2964.1120211585403,728.3796458514407,491.2364726977539,184.27999877929688,5.263999938964844,359180.1528353691,622.9943847442628,209.29662873779307,224.50960542907706,146.12863951049803,208.8228679400636,121.54575939392089,444.49216769775376,373.32286603271496,239.8278444482421,396.0107330792234,647.5246437371825,356.89921192626934,326.78912584960926,24464.966630395502,2265.046578717651,367.16399574279785,246.56575794433593,295.7315181774902,3038.2754462170415,120.0,3423.3898616735823,669.8439922332764,337.31712572753895,728.1165101123042,322.4726274255372,30546.039512053365,187462.0,70562.25467181206,136709.10832952708,34366.12898434326,16644.368340292014,17.542129822276202,19897.31438560225,1681.579321864061,124968.35583226383,1234.1175113227057,38860.72428446611,33572.817805463914,5212.079406439899
2026-04-30,2944.318176684601,740.6242524783738,467.7442806876752,193.58999633789062,4.995100021362305,369570.3800003417,476.78449416654985,219.1130887327654,225.25644422401456,150.93730800768753,211.27156854087843,117.54790598236468,444.3695520096662,402.36494923956343,238.59203564873496,396.4214013666606,717.3244016434182,363.4820094622228,331.9660586912505,24085.957680275897,2203.967007338724,379.9292230086394,249.20556026449958,288.96257025250634,3159.434044202353,124.0999984741211,3482.0850705831253,616.2587093595539,342.27991951171134,739.9749301141856,280.14710462010953,31784.59370743716,197234.296875,71283.05671152659,141319.445003476,34937.32572473469,16489.801046398003,20.18182888904863,20089.38067135401,1815.4401228702045,129871.59404442646,1298.0274705424247,38619.67574242624,34881.62303523347,5729.155386812813
