data,000001.SS,ACWI,ARGT,BOVA11.SA,BRL=X,BTC-USD,BZ=F,ECH,ENZL,EWA,EWG,EWH,EWJ,EWT,EWU,EWW,EWY,EZA,FEZ,GC=F,GLD,IEMG,INDA,MCHI,QQQ,SMAL11.SA,SPY,USO,VEA,VT,XLE,^AXJO,^BVSP,^FTSE,^GDAXI,^GSPC,^HSI,^KS11,^MXX,^N225,^NDX,^NSEI,^NZ50,^STOXX50E,^TWII
2015-01-31,100.0,100.0,100.0,100.0,100.0,100.0,100.0,100.0,100.0,100.0,100.0,100.0,100.0,100.0,100.0,100.0,100.0,100.0,100.0,100.0,100.0,100.0,100.0,100.0,100.0,100.0,100.0,100.0,100.0,100.0,100.0,100.0,100.0,100.0,100.0,100.0,100.0,100.0,100.0,100.0,100.0,100.0,100.0,100.0,100.0
2015-02-28,114.9623472482066,117.87630285525891,122.65614207496174,109.64700208792154,111.7221767886368,125.24331074309339,131.94138151619325,121.10322589590197,118.67764823056339,120.69257771332833,118.29409852053985,111.92832905584793,120.08436356772714,117.37067434501569,118.2867871676137,119.58739865556866,113.6896087867119,113.17693636854243,118.89979428877643,105.96347973899789,105.12473702488553,116.42678241091436,116.49037565044156,117.61864001078055,119.78911879146217,105.77046529196252,118.00151575305075,113.47763620222115,118.60413654705553,118.37186484894937,116.85352591612892,118.84060328028643,109.96631704613287,117.43214643088035,117.77159200763838,117.85488759473122,113.106201311004,113.62310178561852,118.89351289978329,117.83011782373785,119.59254200976616,112.25122833183067,118.36326633705826,118.62495126996528,113.30998142809017
2015-03-31,145.77826395889528,128.9888612794959,142.17887880321788,108.5288299442942,124.06738511331667,133.8201723854183,129.03101439413723,131.16437673448206,128.92711992300937,129.38780296238585,131.98471886531527,125.55590933383056,135.29717787731946,128.2219865245062,123.86105406652652,127.83898934879691,127.6121705505884,123.03925024171487,130.70893401526203,114.80963652606656,114.22843090259549,127.52395537596708,123.64226146640019,134.16019036958454,129.88770605710906,106.68945755967975,128.98247700865028,117.24437822781022,130.1051317591829,129.85632931697856,128.26667526144732,128.57355580601174,109.04323356357123,122.29498915606054,132.63178205970695,128.6009919499819,126.00618223149158,129.1210837363724,128.28968797843095,132.95787581935878,129.60796159981163,118.22588897362705,129.7921326518664,130.7700409918757,127.57345031096517
2015-04-30,158.28743658579123,121.44446830017439,136.7149737406108,119.75443587143542,113.55664834560774,118.43142253424253,143.10837134738782,125.80325794723461,119.44805997815202,120.8093208442085,119.91260003383869,124.66597583040505,127.09648822396463,122.5785811420483,120.9214448969225,118.34116889266278,124.82048650268918,118.7824118646281,122.10098197831083,105.02102759188557,104.37645479892043,125.19731309277186,103.96979574532901,141.22481505862618,121.16922608105394,109.76704339688878,119.2162803477983,130.69848055249608,123.68717099777315,121.88492617112625,125.11789041968456,120.80677560819342,119.87081094909185,119.90190362558626,119.2756728406495,118.70913035126436,130.37697870995433,127.37909059409056,120.06637882684556,124.66863817485564,120.83304134803188,102.73236163271542,119.5692964857636,120.13822927113051,122.28516115757095
2015-05-31,175.76990931311025,129.90491036901767,139.53165364563884,112.5849545866193,121.46758458096893,127.19212631324916,150.28145492232818,131.50754435421135,120.1127262321091,124.90323684992295,126.05783623514132,132.73426500242684,137.95929130323026,130.3204548805232,130.15345063417624,126.34786444175468,126.16038012518611,116.8482768384875,128.66220533572485,113.00238409551949,112.26773234473599,129.03669407691598,115.6023461815064,144.24275032561943,132.52473115313273,107.39474036497496,129.160934784798,138.44032661152778,132.2398151232302,130.80952348190368,126.89002649405612,123.42428907433907,112.47548392598277,127.81568550912148,125.39773575250798,128.3112001939115,135.89920991110594,130.80699943310466,127.91548893739547,135.09074696560415,132.00324339170675,112.59621740450858,121.91538914063769,125.18246738267145,128.7828705009843
2015-06-30,160.58287848046086,124.81649363977631,131.26086254446568,112.82613110247009,119.79848027178362,139.18791783207172,143.76269366789222,121.57061151041282,110.54395270501229,117.70703900761868,121.14619566278206,126.35351258452552,134.23964379717384,124.12476931841942,123.40256069084028,122.49669847498465,118.6360217226536,117.01603823938886,124.17454631500084,109.77232666280368,109.04622025078439,123.51401171858825,113.40593180364962,134.56510742751547,127.45689282502252,105.9414377535828,124.79867582113802,133.64723501964488,126.6264027730748,126.1476215393901,120.78693191197314,115.28028508910457,113.15980216594184,120.74594921788646,121.31638302022442,123.88907047772224,128.305304077957,125.2632167447259,124.19439128709897,132.31438547092577,126.96974897083892,110.36581728402533,112.16475532996103,121.11514337081093,120.58699761698878
2015-07-31,148.82376727629523,136.17951917930625,129.84882555198098,108.24380239249511,129.6361856364035,162.97201701585357,127.72796601253074,123.27132578333568,120.24256120335382,126.70674152182704,133.21051706650294,134.72945597607747,146.6240242830634,125.21001602026966,135.65819590881495,130.76873942985247,119.22336127694922,120.51069777012067,138.50004208255282,111.01968151602983,110.18813555817859,124.89289868350852,126.00363693197639,130.0249331469827,144.20971906113255,101.9662281490574,138.09755121010772,113.41347858942142,139.02922119507176,137.19457563452818,120.65420057033378,123.79768182130601,108.4356612944487,133.10312153254668,132.33077189397002,136.7093597051358,130.29530399578084,126.71668481055045,128.77735893413137,144.0360089761045,143.4009453400937,121.02610493277733,121.24982316422685,134.44494842666677,119.63743572860031
2015-08-31,134.38640923024855,134.7374451510832,135.75048460039417,99.40802356029262,137.63172645148845,139.83881638585814,140.64461146046682,128.34623651198214,117.99096770078617,119.92487913423575,131.49222387511062,124.05734504984652,145.91551703445626,120.73277524822122,132.52797185086547,130.23401005077258,118.31630579946626,118.12375487767927,136.33236108977496,121.81780077618673,121.32105954387681,120.18992637129462,120.94443478238846,121.65784868958498,142.65553639327578,92.9258360578647,137.67878292818202,122.72548922666115,136.92722531344202,135.99773410041226,122.64916214197366,118.00219059522907,99.39882322844717,129.25594201275266,130.26204669162976,136.058099035142,121.74641225667233,127.9100947060998,129.64727194225878,143.02627607735747,141.8169792135136,116.35967050758624,120.27064224266712,132.46884120840824,115.56646579102762
2015-09-30,145.54234316353975,147.40072250915904,135.97742049508227,95.22034581012258,155.92646966187235,162.56156145126738,142.33181604261372,136.81429636033042,132.67920803574683,130.54782694959468,139.92174871517008,139.38129378438916,155.90008930477325,134.7336085867461,144.2476605042635,143.9440270567618,136.6772901909726,124.93471383175194,146.43862710319388,136.04691193415613,134.97207821093346,133.48909561461366,139.36240075634845,136.92293212496924,158.05070709879547,90.14746629589887,151.9997864254736,128.4512155679836,148.79862309278587,148.3576755415164,128.95702677713808,126.00432178574417,96.05824166453483,140.81740400781078,139.88056892696252,150.06767230840637,132.6552369439854,144.47226462019233,140.9899706737622,151.44414118746434,157.15292454163313,131.90108159016629,132.47405336942714,143.2642221902507,128.98206425139625
2015-10-31,153.09010668452277,150.47916871285807,161.36243750680126,97.34707505310132,147.8617102521917,214.2027620652345,138.29074034797816,137.33494958682851,142.9701252325875,130.70396985018908,145.3954866923004,141.7810487727825,159.34806204786125,134.94933034438702,145.80036231016683,144.86476686291758,144.48732664273413,125.7118882462253,150.22804123379728,132.0173189306819,130.91361507751586,134.35950585989056,131.73805204793788,140.18446369276765,166.9168317816554,95.08442147455209,156.3984178408706,122.88619687890534,150.6043164797976,150.93490925625125,135.93455893795098,126.22345287838152,97.78502600835678,141.6698325336715,145.5219322013593,154.1149295077209,136.62548836695404,148.40062856401386,143.05236610498883,156.1810406518308,165.69736910033475,127.84153583636677,141.89633062532573,146.29050875703106,130.7966789203633
2015-11-30,154.86592196381878,149.54737199426472,152.58118505747302,95.81232224982996,147.73478962874572,246.18942225555145,124.37155777986366,127.58159396957178,140.60682496541574,131.76514368974236,146.0209128778488,138.75849358158655,159.98667166539383,131.24437218565154,143.25701851185048,141.75145291930895,140.22194379756854,117.7317160830729,148.0497105440299,123.1566257332264,121.96946019175809,131.168665506967,126.910882893598,138.43545278545236,167.78893049185882,93.11818517269026,156.83537339338218,107.19477596509603,149.32792816555326,150.6782753825288,135.79789457806802,122.26651462058244,96.1882834484523,138.79668481659763,147.0421732673388,154.06038236358668,128.52981224222177,143.64695310082277,135.01104004719826,159.02480292572662,166.1135272250456,122.92944485329306,140.61250268742532,144.54528474851537,130.4454570376671
2015-12-31,161.4237944962693,150.79242291220507,151.75335732040008,92.37009538332146,152.16907088730463,289.3628236461595,107.055342465307,129.7686638036585,154.67294598125673,138.6031235601103,144.55316510983428,142.5392051697792,162.5097448401352,131.5640729126362,141.4103374224003,137.77101488979818,139.0897685357417,108.00668332727487,145.97393627507088,126.19857120996443,125.06337929991192,130.43148747537018,131.87918189962008,138.01430621777857,170.06896181503612,88.75827733851374,158.75096199622323,93.93152684769798,150.52825250636948,151.81125874826617,125.16339346196,134.77326107352502,92.41493988232284,138.45745657355747,143.91126417380153,155.902758086872,136.1012076437005,140.49313585367983,135.88322439716288,157.14931532032924,168.48629519838838,127.64537310775317,157.45045276253205,140.54640097530825,133.46821275358633
2016-01-31,126.70192061826955,146.7769480651162,147.96024644680418,85.92413528232774,156.41104567024348,262.13503010688834,102.54236303078042,136.35313524834805,148.76184032906428,132.54835704827795,138.03053581839524,132.83723358200342,158.49502728247782,130.57211206194114,138.3279504692371,137.51926812499988,137.4119241048216,108.92604417658977,140.8915335235265,136.5798163511059,135.50555909788628,127.09009867693774,128.0630108314771,124.88411581156622,162.72983753764152,80.59414051423651,155.05244280720103,84.70070465209733,146.17083447248532,146.88970503578844,124.15229783276214,127.48031105854321,86.1388249339132,134.31145716277013,138.25508342239024,152.1185405487317,124.94680023743747,139.83110754032825,134.2594732042572,154.2469409092447,161.34041401699037,121.87910576348517,149.49738514675695,137.1073302809798,130.4328951641772
2016-02-29,121.9223756160887,141.29844897085152,155.6766625808382,90.87919361599842,152.47673557442403,294.7492876398892,103.50232479742675,135.20460593262194,149.40319745945484,126.577268956983,129.19395354501856,130.36066909013974,146.3126214422976,132.55269108284503,130.6344754559474,134.3094911227388,130.7286884587151,103.79967297876962,131.44248809328883,147.15764391697954,146.53576559479075,122.69886357447265,115.4233429276343,118.86039840662808,156.15335980752297,84.7403307331866,151.0274348257189,77.00845362912072,138.09895253894808,141.6109088939354,117.64032957488529,122.23225951915563,91.22964099940309,127.56574635303302,130.56702343201914,147.67999901909062,117.63840510127532,132.73342074606467,131.69612164814492,143.5492040884263,154.41336941489106,108.74009870634534,149.71125538776354,129.25217330415066,133.13091074094686
2016-03-31,125.02689386053541,137.63896522908055,147.3824024717197,106.64327721716624,138.30090677367537,254.5390232630382,103.35375587339612,136.34272491840082,154.26664947041402,128.3631991427459,129.07155130138125,129.22186603264225,139.04681198016468,129.7801391083943,124.85973747056258,134.93973832910277,134.43056883159264,111.40306997850374,128.2902707612217,133.50877777637558,131.7919723826665,125.25560167048839,118.20392204613563,119.50451715284558,151.3414394423658,94.57148778408244,146.20086877584524,75.28163817620535,134.26721045847526,138.6855781060739,117.55061934726605,123.76237497132327,106.70887695062676,120.67728009163514,128.90142560648025,142.78964293647857,117.2199134368487,136.46125155748962,132.622427559004,138.10679209214408,149.47684762648686,113.12436121556068,154.10748563472407,124.02644562624445,125.55813873868864
2016-04-30,118.14069029420166,134.96562424742442,153.0937159111548,114.33896256963223,133.8243278098747,268.97669103136855,121.55057249312082,136.3272009739905,151.77751130211468,128.12997648056304,127.32069397597921,125.10242234623648,134.66401235883473,118.33092106719391,125.67252924781727,131.39865695316604,128.67553937847504,113.26731303605655,127.38779002754512,134.94432293945988,134.04114011301598,122.01666136944165,114.12480296445919,114.98350392019887,141.77591251237797,99.70079207756122,142.0261058682073,84.86054745644965,132.9266063208358,135.54571798900622,124.05609392353114,123.22708695355405,114.92922316022853,119.92126169718861,125.86661951518892,138.54074061176354,114.95761177403068,132.6565564592681,128.21206975339953,135.45504575712047,140.0461146906092,110.92150358327508,151.9461464586254,121.15159997367131,116.90110215338161
2016-05-31,118.25910561206905,138.8299629937644,157.406208250561,103.09142694265192,137.19714114092307,321.98139420982284,128.65305791547422,129.02337055138642,156.1609457992111,128.19558885734813,129.03672363092164,128.06085675094886,142.53098213841318,123.91411378522834,127.33901788627138,124.3403364591335,125.63192698016717,104.78083776016224,129.79409704006346,130.36143430353735,128.9842062332129,120.8226638858869,119.46565603129538,117.825722628921,151.7009202368023,94.5928562844833,148.08262367673467,91.38777090522584,135.86845937622465,139.8681133347143,125.99570765300687,122.00986281652814,103.33418606634264,122.90310918398613,129.49609330422396,144.20901349113058,116.27176134316721,127.99244965488792,121.81618452799134,142.8309511253016,149.61437635298896,116.98849045453198,154.91588367677505,123.34743519829283,120.68953692403441
2016-06-30,106.93392853514143,125.9327444385416,153.1562651891929,109.40583393580067,124.51350532810797,370.275128216602,116.73581405475981,124.70180235180284,147.1514383295768,117.99475323503388,111.2667048043585,117.55214767790292,127.1664866026297,118.44391631854153,112.93219478449852,115.30000598581869,119.31051552730241,103.14427052746117,111.19087070302436,128.3993808873352,127.55952661094064,114.41372735117952,110.23006045557857,108.0709937931579,134.54016774955005,103.54776622126809,134.85980150315197,80.8429429471948,120.76785984974019,126.70251780072095,117.45870419600371,111.8203937210474,109.84693442483157,107.13221247668152,110.63805336321573,130.9963611084207,105.5598167808595,120.03273091985598,111.61047882904907,126.27399277077855,132.5955393966433,107.38133280241388,146.2593019646472,104.47974285436949,112.30337535161448
2016-07-31,109.7519944165897,132.4687978449956,157.27084534752774,122.07849059431662,126.21721434997102,366.23031700225425,101.13573572356074,132.07580619974388,161.2631089945771,128.46460125806337,120.29276675414292,127.19392478871431,135.18367956575827,128.43920519095983,116.19051669797118,115.2766011270385,129.28151565234097,114.20257291791938,117.77474734787255,133.1771780665709,131.87117189177823,121.88350051917438,118.26174886060853,113.76217807525268,146.1334267910266,118.61508637325593,141.69089152033456,69.12907194394296,127.50963459491335,133.7664879251475,117.56531951726532,121.18769144940688,122.17105824166454,109.7046919758368,119.32291153428487,137.5173563676709,112.67844246996653,127.69792978025303,112.53155604815058,133.85770038933583,143.91864538422584,114.1498598014769,157.20692445714795,110.15688102780416,119.46322671614675
2016-08-31,111.69267144643054,131.0962360534644,154.35435607256142,122.62661599807568,124.48273335785187,316.379925719928,110.50514636047328,123.72238119149782,160.0726602953167,122.6356544996094,121.22987009717359,126.22632942849637,135.75813047713018,126.6741895297133,115.8426122373453,115.50040428501767,129.08553157133812,102.41687743806,117.15485428232996,127.24793685139292,125.82386148578573,121.41148145911667,116.67605921822633,119.18262346807049,145.63869430550804,118.61508637325593,139.91107008078748,72.37043192678416,126.26958306572018,132.38636841471435,117.89428623412128,116.74776827096767,123.43523492794407,108.59231930062792,121.20638138838073,135.46222548877105,116.53841969007507,127.66102541106896,113.4606768077617,136.77569713678795,143.1657989909634,114.30209913214966,159.42859534607862,110.38187277194385,119.77639213359528
2016-09-30,109.71642920911731,133.24756890050787,165.10695004413208,124.00789435739287,125.34805289808051,337.54705605629294,116.05162205190393,125.8446220094884,161.2886376833476,127.64107327174995,122.3520647938513,133.0268004510732,139.59616667842658,133.2407867196964,117.16563056554428,111.71748509966221,134.08880596369443,110.0786647269769,118.13130424616078,128.75995619206847,127.57172684428082,125.558929455186,116.8909228504715,124.47684498078861,149.89722576509536,118.78606698768061,140.89184700069433,76.88295622289709,129.2298608659918,134.3444576770954,123.09219268956677,119.35611507415751,124.42866888377249,110.25166362394643,121.87277330181827,136.23548310314828,119.01585183524786,131.0801564481653,109.31153005438104,136.409008795594,147.32308369686288,113.32741983255485,159.82212631239585,111.0782433617154,123.2216760460815
2016-10-31,109.38068655037532,128.44620570571274,161.71645585683086,137.9083549312719,123.18667958796001,381.3642934113191,112.28375809869658,134.00052070454385,145.10973273496987,121.71897027218318,118.5945733522499,128.11954401259325,138.1737187911161,131.44374284598598,109.03915045213908,115.11312949630101,125.47462998196764,106.69494358906036,115.42105884184708,122.5122120423083,121.67990588126511,122.12236390428741,113.43016412693537,118.72365226976216,145.16590014839187,127.16392142718429,136.06192589126752,72.79212824810445,123.94613356222341,129.42428903742035,117.56047718401157,114.35471301988107,138.40922657116056,102.70035687512804,119.07618543239798,131.28554431755418,115.24677342169348,121.60953454801111,112.57110574095385,137.2259459633519,142.57260854098618,110.25908697016192,146.88362152303648,108.8509329489254,121.82466536507715
2016-11-30,121.58863057142165,139.9329140090749,169.31829534423716,131.5500969021748,132.8282457345382,437.4464978080091,126.5114457826144,135.45111675342906,154.0958583512285,132.28116403873065,122.54645159970153,135.5853403251832,147.13036308098293,138.22426805515843,117.80856193826503,107.73750651608711,130.1865949720219,105.7671875432654,119.90767826308569,121.63888665760776,120.2394234732786,126.22554385861653,113.42140006258154,126.79204521930347,157.21010265276288,117.5464819915149,152.11582724031763,81.47097594149467,131.6338470516619,141.2151247834827,137.49445926458975,124.24097844235374,131.97322418350814,110.68659916826078,124.09089236530886,146.39877102949913,123.37944915436087,127.1675727280199,105.28063659172462,144.7963508009675,154.03693290432145,111.70274390961008,156.24682443246718,113.56299405596684,129.82731899337526
2016-12-31,108.58191520139515,134.354680527526,159.68257903173543,127.69129773975216,125.07884400454097,530.9949574479845,132.49057228142058,127.4296542221274,141.20267810428552,126.58120835318292,123.10760924006141,118.74346286547106,137.267779871326,127.29544870670546,114.82863488662325,101.56575636563849,123.97292506983986,103.67658953932857,120.77792387889075,112.50736848277052,111.05623739648883,118.23486764714022,106.62437020252493,113.0776337205184,149.71434965860868,115.62299084325925,146.14492436971923,82.26285691568499,126.98918344237129,135.38836543315364,131.71365500820923,117.83483652836206,128.39387737699326,108.0571195829551,125.27305930878543,140.36675846256887,112.16193171162227,119.14547111758127,99.4431844295674,137.7314650966464,146.64245417134885,105.73112692246949,143.44885274512706,114.56764795811543,120.68859060912962
2017-01-31,108.79999270714198,132.86976519001868,170.89217755701446,136.79017442391466,120.20229361209292,515.158072542283,126.34964396729504,127.2394724847153,148.4714277073352,127.71938308587491,122.90977834449338,123.19385709906146,136.53281184424642,131.28771126989932,113.0844563627351,99.47059109476612,129.57148610773018,104.39165574542962,118.01163309333695,113.63041777469627,112.51013152741432,121.09310310020514,108.39141048477383,116.81976547710036,151.2727880763179,129.30113019066638,142.96026469132457,76.35746073560665,126.51353061921178,134.0131871937847,122.51157426861978,117.31331917549835,137.86774111025838,104.90079180141146,122.40240167225758,137.30666132205266,116.27752958182747,119.82001862063127,98.1343899707179,134.80243115271054,148.26029755157236,106.44541263648244,147.7999952624202,109.38968349466627,123.06405993859838
2017-02-28,109.47241499482858,135.3281242577987,173.75469710748396,141.41635416983792,119.42542973249017,622.3624552207356,125.28513770079373,131.0017074961156,146.3920173000506,131.13566201449999,122.1598103246756,125.77331697959306,137.42080415892676,134.03952570224814,113.99690417275303,101.6286974274602,130.24647199464667,103.96276033986132,117.8348245997988,117.00609336508194,115.34301125886574,122.75708551385245,112.66530518517976,120.26193665620978,156.87061452380019,136.35391747959636,147.61716647220604,76.73519478541765,127.02318312770542,136.72845321552796,119.18187152643505,120.3193078678249,142.1122196640232,106.13223515948167,123.41697921436041,141.4937976058902,115.54647692798736,124.17740172472121,101.46335974388481,135.59834261953117,153.44950797806086,111.54428133941158,147.02623991162517,110.46815998814492,125.70048710774972
2017-03-31,110.00665075177261,139.02188133285466,189.32999973231864,137.645248715582,121.05607824809562,573.0228423785029,120.69055733029057,143.56794101011016,145.22631266516635,136.92308594264603,129.36225860852923,131.26638678359848,140.03128789002568,139.39332823762362,117.8710291111119,114.39552992015581,139.48733525570492,105.76554941216429,127.24008854922619,118.10187900648492,116.41780569191084,128.8272135681404,121.20905380841825,124.95726283989903,162.23554868959567,134.15259506210725,149.8197658269625,72.2804004589939,132.69557598920818,140.64168431369944,119.01397361009751,124.71223012603832,138.53500469003154,108.75735963961107,131.32127628145992,143.3699492488047,118.72118894477093,131.9697914494554,113.19913186673433,137.1300623335395,158.63559322565536,120.24420949407386,145.85892570713096,119.14641023396197,131.91198343122105
2017-04-30,108.70828636475167,142.762395200384,194.2513802506364,138.54417404319764,122.34058794452135,711.3124993131737,119.43155987743165,143.0261707876383,148.01874232554303,137.45793064938613,134.9638642914684,136.53469732196677,142.50638898493864,143.11927165368562,121.13455867375231,116.94235352181495,141.49147705630884,113.25963191594117,133.8258382736252,121.15402065680696,119.68467201797685,132.67330606864562,124.79027644696177,129.39409650117514,168.4281149268634,138.70485201110932,152.9124466952022,70.30121290710369,137.07227025102685,144.44409287207597,116.7321162410047,124.25390659997582,139.42824251726785,111.70843820190103,136.29082848138708,146.20846482011603,122.32939610301743,134.60442048282073,114.09108756615285,141.39010288344213,164.6628454082922,124.65059031277575,148.5423366394632,124.46220004050035,134.80975936739333
2017-05-31,110.61181511084341,149.36096524514036,210.13801047432565,132.77790081753787,125.22883443643877,1264.5443059657482,118.8953129441599,146.30048748830498,157.09977824545786,134.6263960013827,144.38738227661827,144.33527615248622,149.89299969003613,149.18849086522562,129.65089524293631,119.37937880156919,157.93899610285547,117.89610905649141,143.17723301742294,124.59216065948387,122.35806178275968,138.98450545623442,129.60778259299374,139.2059361611445,179.12356834733174,137.5934943229577,158.7314112317324,69.99322206084553,145.0935273427934,150.73182940671705,115.26082066832623,122.82667440139801,133.6893493647139,118.61212512698114,145.5320925265065,151.39269394179246,130.34399600844867,147.43783045527843,117.72405573257154,148.67995858172372,174.74674072111605,130.80277296154952,157.3832170445869,130.8521131050921,140.57470224800446
2017-06-30,116.08669184156793,152.68634883711286,205.9663264617479,133.58912407325693,127.01715720726581,1391.6716405107468,114.86434700888515,146.44223831632166,170.06212638596662,140.7302758548158,145.6642516314397,147.47831345862215,154.0462120316424,157.39286548395503,129.4321670667746,127.90219405577584,160.40732024112233,114.97367003549972,143.71364990893943,123.26177610093474,121.43025385005326,142.5560626015303,130.1374965656114,144.1132897033919,177.47025692461958,137.70036128337534,162.02452219878612,67.71397385710944,148.10336421878125,153.84936801485335,116.7762471950602,128.27144556900183,134.0922657116057,118.8295898545759,147.68982953554956,154.2938256787344,132.52673658555386,149.4158398556723,126.63757663127183,152.14425742303436,172.89810483999804,130.9495211893485,168.93195997789076,131.60636238310798,146.3739513620215
2017-07-31,115.3083101573523,150.92283457618464,200.94491054876383,139.70620558650322,122.20983457865368,1551.925943523828,121.42569868342181,153.7149211610319,168.50685260095935,141.77441256785133,142.1884039588415,147.0443598037495,151.28241890029057,154.9931222086403,127.48515502500715,128.4455783880164,158.63791279608913,117.31175868138415,142.76731402557036,121.07232967828254,119.53696144325873,144.69840314690774,134.02763959018537,150.62583385498135,177.68825743848075,149.07031125287568,159.09645142794577,70.50039777497348,146.601911973508,151.9502030934661,115.29868630166209,126.31503792414614,140.53039993178135,116.3613797901466,141.35418013743075,151.32655391993126,133.1424777130045,147.25523967195736,124.59060022700024,147.31973668568344,173.23038731878904,134.72964341883375,169.03203003464867,128.38935919305777,141.78961015997936
2017-08-31,120.25196823147914,150.6272818676096,199.81697877092174,149.98904351381034,121.48296139685672,2523.4923471890165,120.08449605901714,161.84239619077582,163.8127595131967,140.62075482192324,141.5728272379787,148.63800327089595,150.24535097683574,157.7756837842299,125.68696165860347,128.06716240449992,154.91154186368843,121.20880022107092,142.09678288601557,125.0652075547576,123.81520084028239,147.16192618107507,132.26111913965246,156.25747336864615,180.29395839931883,162.00043079418586,158.61164072523908,65.6498850835638,145.76424020601,151.67835510102088,108.33347695773487,126.1550949237173,151.00835678349108,114.70957095837582,143.61767326563924,150.50869986455172,137.27507943162763,144.06402541517758,126.52616240039143,144.75141090805172,175.37064471569138,132.1159795462617,163.53681942068064,130.06034325625816,143.59134654252213
2017-09-30,119.4110848216742,154.5328473126544,215.36976814215117,156.93926961888488,122.33290412119754,2249.223428472642,132.83704835195792,164.56546706257217,166.83534634463368,140.2917184421588,150.30327805898324,149.67793338116007,154.06193178549455,153.02965913976595,130.34384492950116,124.71540139039847,157.33956241695074,114.69671046783884,148.9253685286892,122.61995825679676,120.47983049597974,148.21898117372098,128.2666629592129,160.11703571031887,181.01940100691587,167.55717031811756,162.9396644919098,71.60113631695077,150.47468564249274,155.95872927662612,120.19949056112776,125.26309686868164,158.3823654813678,119.10358664877636,152.47634905878584,154.4873107016453,136.42329980411114,144.09195235215412,122.36328028355618,148.3053564697766,176.3233509362318,128.52584109344264,167.5070773383701,136.33800629317184,140.032605303114
2017-10-31,125.46684018425623,163.13636757997335,223.97367387755355,157.3558335510691,126.42489764147886,3611.6452888863582,146.41810884059754,178.88497031939337,166.74439192012034,146.66426526856733,158.39629296258974,154.62200786937055,167.61759801991712,166.91011791520143,135.51550117230087,118.78571069298785,176.02323273320962,120.87365521367666,155.39934322030302,125.287716317367,123.57790639154472,158.16742104845355,142.20133662919847,171.2693066133566,195.69180357440246,165.41996155463545,172.35787829597922,77.5434452001999,158.26630860629615,164.57129897318697,123.18615700643693,132.0677297581778,158.41221113669312,123.06735116162785,157.5286087025391,163.19730160478832,144.73499847013534,160.0733493177447,115.33932761331427,164.9001362986387,190.4271091330534,141.36284415552916,169.44284690810977,142.39573712010588,152.13185738324486
2017-11-30,121.6900971304929,164.27982989280306,222.94337806525758,152.1596154290075,124.79040721421151,5640.0796966277785,149.7060935506267,155.09630024514863,164.40805137442737,145.21455416315655,157.15220848793274,158.68332734596294,169.0049558125652,160.42801550116894,133.61088876251125,116.9238278863453,174.6538796024529,127.49600044651991,152.43266457779384,124.27308593809347,122.4148926432286,156.31847569211368,138.53064143242415,171.48859909111806,196.97038065177617,160.78222245122544,175.3296990773547,80.32244829304747,157.56385780593493,165.525582126191,123.7241959692612,129.4562241632259,153.4301185298883,120.61977095232996,158.82060974653703,165.61115479212884,147.40858629492283,161.19685551165577,114.20707843717175,169.54193019318237,191.48468172272823,138.983522469226,168.14115285432968,138.91353449115496,147.95771175896925
2017-12-31,125.25541616278613,170.067857276229,250.15183059541073,161.85046855287735,127.34020787951326,8242.568419743993,160.04637444493903,183.94614344167468,178.3107891479947,154.4912572434108,159.7018060398957,164.97075806989812,173.6587779333858,164.3444377046215,142.0855301451595,118.35979700457617,182.97502854677208,143.5769694847277,153.4631949288479,130.10912770496031,127.5465150899038,165.36420951268423,147.71446624763004,178.05887829635557,202.20728721560386,173.00704288163155,181.08194824503937,85.82244399381291,163.4428518817191,171.60105566330517,132.90496775930694,138.23118950347296,162.8762684403513,129.35261698483825,161.95062505893102,170.65652887204294,154.07153157267555,165.09578671758308,115.03990963905923,171.95074360493783,196.3444985265609,146.84562151925024,181.33770550473324,140.17815670380935,152.98616734945185
2018-01-31,130.8086151622188,172.61905054732654,259.59775270836155,179.78513243297223,122.27906234248964,5519.825370424608,159.3389198050558,189.50354776436288,178.9788087959429,152.1925462220353,162.59660471234804,165.7676087992908,175.13207515042538,168.4031182745187,141.5423831291326,122.46394769681166,183.4643193524615,142.10567913224793,157.60794045109802,128.06543955932236,126.4392294893783,171.4616224709896,146.4838270346352,192.23256570707326,211.1741403987562,179.95297136294835,183.68489669472842,89.06746354724106,164.39882078804487,173.81191179373613,132.197020490257,137.33459221268805,181.02029504562122,128.23100667935665,165.0615904819902,173.07998931742452,162.55917416834737,164.9384717182879,118.59574944535981,173.93326880853348,204.85780238275066,148.34057212146493,181.1234519287921,144.13248221711936,156.3575184224334
2018-02-28,125.23287927636773,168.47271141516507,257.30783477749225,180.88138324049035,124.93270465354529,5737.165953452558,155.0872409755743,185.83126878071482,177.70357589808995,149.28083565817002,153.88289348369057,162.8705479192987,173.61648441562812,163.19658229537117,134.92382212383944,117.58271061782854,172.7116589778572,143.6197590155493,149.97010503927322,128.5482776470386,126.50132416155988,165.17460588158258,137.89063037314912,181.67600075084945,212.967674751794,178.7775163263985,180.84731890327214,86.72376928916589,159.38772798385438,169.69432438366601,120.43152558870571,134.58681249193552,182.23117591881982,123.64815068962433,156.77451334978366,169.94878835981862,155.7160922003735,158.3728928749994,113.54324448724,171.86006483072228,206.42536655681246,141.6761046454267,180.94168504636622,138.34034872517188,154.452392403585
2018-03-31,124.36401254329552,169.56672116316892,253.39909500500565,180.7279087965362,127.04792000828166,3866.2966742094227,169.28393808597892,187.44205261081171,183.76056829776655,147.18695373559578,155.3458055029623,164.66369567444292,176.26749962945348,174.44268992463543,138.18256720588533,124.02106160003716,184.70116427225918,141.27968545599143,152.46757995770503,132.07883328501154,130.07528639547817,170.14386690657477,140.1158770976592,183.94555175925507,208.7333060053028,178.99123394162496,179.7236268231137,93.77168357269498,162.22649091794113,171.175049566031,125.1765696026658,129.30435496364996,181.98601517864756,124.70180995905476,156.71006059887048,168.984190411074,154.78204935057153,164.93839309998617,115.68376243152727,171.3884922092535,202.51464327725964,139.71552871964582,183.077708754957,138.9580582155463,160.2118327813914
2018-04-30,126.2795680402061,177.3718496819742,258.7420237619461,182.3722850078134,132.99362215156404,5427.555140261608,188.6606910163006,198.07930293973965,186.50174102351605,154.52556153648865,163.96328844899844,174.2604205289249,183.51724390186953,172.0673115734573,150.17498001713784,129.40775691465217,192.8071470141173,141.05999635808843,164.08925540525408,136.91529056085992,134.2217521785213,172.55395522351634,149.4821452332726,186.83040245176838,218.5617975441251,182.880953238938,188.20666525124145,102.9916971093533,171.1490400001379,179.08371140526774,142.7923618135859,138.468013720886,183.58275773855206,135.2802694458317,167.66474450680562,176.52909004866956,164.95093181291188,176.6341716158917,124.58169735292049,183.88287308881763,211.76652855980134,150.42084227650403,190.16494979393406,150.02093124733378,161.46067261299518
2018-05-31,134.1227570091111,191.81447262294867,237.40166263024182,162.3985939566364,143.14668519586735,4737.84064547747,209.600876171361,197.8592955512731,206.06008133140114,169.17066136032014,172.0224042056437,189.60662340875808,194.59576570314573,186.8870341322434,160.6586863769502,120.60745063678384,198.02864027351893,143.50410686386107,168.16747357497664,145.5651168778686,142.74084378126568,181.41472296471366,154.90937431824983,207.04960890577397,248.59268584425047,162.42786602463875,207.4992639248241,108.84610802044119,181.58389554582232,193.850378925751,158.2953257802609,149.7376757410147,163.62667348853074,143.58728294663476,173.60021318483058,194.11146810323737,175.7141872483556,181.87155913211154,116.59262775789756,195.71359311563117,240.43009229536594,159.88782214266436,206.95129738678673,149.71332535260805,175.21509763196684
2018-06-30,123.88709892305307,197.7311348767085,222.7130602056266,154.242485272308,148.4308908402866,4076.3509642561994,222.52028603962182,192.8612844472537,215.20847252932097,179.1386009854212,173.04503459205415,186.0062815861909,197.11236460270445,190.45297728659642,164.60989900103877,133.6435135061159,192.7292586179418,139.70405198289347,172.5565804959991,145.27303946503926,142.6595857436215,179.3434051973551,159.12771832249746,202.41645261906683,260.7209424197035,156.44367496464537,216.39639276459835,125.44160025928927,185.17410554893615,199.80955244572925,165.07355338346656,155.24070051147,155.118529888292,145.83291905719966,174.25543151284603,202.2516905362278,173.2098096539778,173.6919759877569,129.35607212551855,200.69709310299348,251.9199174037126,162.16575094076148,214.2756973745801,153.429085745099,177.06151864827535
2018-07-31,117.56132265955743,196.85379674894327,236.3485716534457,167.61674177853715,143.377438295827,4926.750723542508,200.9015749435466,195.1162593087412,207.53755675708177,175.41220182096825,174.56897257086555,183.7553691706752,192.44001930863678,193.167286558938,160.51431799738685,142.3479110259211,184.93037210753394,143.4581408860769,173.94394840632694,137.23188442843335,134.71323752740298,178.48318852870702,164.51456910035884,193.16420860371224,258.8870409047188,164.56507478812082,216.77271807882073,114.8950513828109,182.9558340344622,198.5573533907384,161.93125660313135,153.22897588583925,168.88377249083314,143.52735559211968,177.27328254074337,202.40324677087608,165.06609188805587,166.125664387425,138.7287885629436,195.03449919980687,249.95063661907736,166.3037746248436,208.66486150778255,155.7356280590971,174.4977905604846
2018-08-31,123.43605476186004,220.5814545363389,231.76196279302582,162.50822572837217,159.54927315891055,4958.996449724264,233.10632278841643,195.1502211039117,234.67805854272794,191.53517514300052,187.55826347711476,199.44376843379297,213.01152982520205,215.69426672630576,170.78445328688295,153.40588606450976,205.9726152341217,143.15077689490235,185.240131357052,149.7903796348316,146.702622801157,192.04313219585538,183.3274108930454,204.57784046189354,304.74076193317103,157.7260132672217,248.9227772119479,131.7042567029655,200.06556004704527,222.85578877819697,173.93371768635205,168.20542168746402,163.46465421676473,151.71458663642358,189.75431730250287,232.04898893645696,179.2224469426853,187.29249636718524,149.3229719852963,220.04476923067736,294.39518226110073,183.09070834425833,236.16701699319242,166.15880909409378,193.58978880505197
2018-09-30,122.91291726477773,214.6189728053507,228.50868179330215,167.96755006612364,154.29583031550715,4527.5986449177135,240.86338682330543,197.3029994252102,224.8687196616467,182.1812125699262,178.4425373056819,191.03984650453728,213.10963167502427,207.32729987910204,167.86701600365484,150.97761058814444,202.0015294050127,135.3592315382419,179.3098395953024,143.79623138124893,140.93477996020135,183.83806243587287,161.34080170522557,195.07316577909987,293.8767420209593,154.94763535245144,242.15785172499142,134.38111100659694,194.8532809948079,215.68875891709388,172.32098209007796,158.45751117148498,169.14385605866804,148.92895061383192,181.2891772560165,225.3720383611396,173.4212261111973,183.21561645103864,146.57995952201955,219.8161113709274,283.70118940629976,162.1831076221869,228.26294197035529,160.56473863641423,187.22937502858426
2018-10-31,103.13122944910118,182.94865757143327,200.15428571431576,184.345539806838,142.08907751849918,3964.5063287918356,202.36766397626548,166.4958407314768,193.10304567067283,156.240002717481,150.5672316317202,157.17154646913394,178.6875137641496,167.78111628899623,144.12076381690355,114.20115062265421,158.77286280878738,112.15070409139301,151.61914014081802,134.73179164147032,132.535908444985,154.5160529719703,138.14385443189266,159.72367971686583,247.36500903794158,174.18251422379026,207.5897939718654,109.95557840154966,164.01137261829427,183.09236709103538,140.71166216565854,135.1056258361003,186.37332651146926,126.55837356084237,152.17896706232764,193.13812879690667,143.02332340109893,142.89319084942082,112.18108891244547,184.48337548997318,238.63215334667908,140.5723762124141,194.98872344688692,135.63671674866734,151.87595649568215
2018-11-30,107.2761009879947,193.71700904438686,211.75828921076157,189.36637051256616,148.10399825637728,2627.684783039767,164.0910610797745,179.8972057630436,214.46804621184893,164.43506682976633,154.5797065757437,176.93392259133677,187.94985223712658,175.78102914712338,148.4271439658178,114.08513169969221,172.16832926609482,127.96569366208035,157.76764313354553,141.35040394273835,138.61430957596104,168.58849133799748,159.06345081441063,179.7101331424661,257.15315857264335,183.77857700625435,220.39118095039933,89.17821889502417,171.818789320296,194.14650929413298,144.37519393927272,141.1222386442746,190.80753815980216,129.90599560884962,156.6221677060132,204.90939969511044,158.67977739868402,156.71991280106286,110.20175690370037,195.45200733902948,248.08809274892874,161.62300825150794,214.48151191669803,140.87401483355117,160.81815268159875
2018-12-31,105.07153336571355,180.83265921879396,197.21052700709225,185.4856332865745,148.99623868595987,2462.8388229692705,151.27377380112333,174.37974098715526,209.36668430247778,159.00957621197696,146.87791867031734,176.12698935156808,174.53972739652576,173.26012819787562,142.47994924457464,118.30101844854943,170.4834057030354,125.59117841534142,151.09245767951617,148.97293640005432,146.34098329096696,164.61461987215117,161.30827649839236,167.11726612873665,236.296890963492,186.04402938335937,202.19687079046724,80.76900491695255,163.03994751885668,181.181580041755,127.1776721395542,136.2181834393903,187.36036496972798,125.2651343208077,148.19020475054532,187.22461632824113,155.6908236656248,153.00655629403292,114.06229819513263,179.99596820232964,227.34907255086182,162.3785981387736,210.51174059004185,133.7479048566657,158.40184496090123
2019-01-31,105.85473593188448,185.65298659627507,223.16691299200318,206.0951518134072,141.58142253243597,2162.1252342904727,165.3608959532977,186.94963692244508,210.1010443496764,161.61431817487482,147.49666129026005,183.37891411376117,177.59993755172067,173.33311283991162,145.26106524329572,122.84166908003297,178.12766406752877,136.2546571583653,152.1178282155586,146.14391584114225,143.07236044992774,171.45108795883252,150.798088652174,178.99027004394173,244.77016334369787,203.67600168208662,207.51790175133658,90.17672431380062,166.49353305235812,185.92040369766724,134.3980293228958,138.36979019927597,207.6276967681419,127.17888794452921,149.8853843836508,191.90589445077512,159.54170405727183,158.6728742112932,117.65927519588368,180.67772696477425,235.72295274264178,151.2584818671926,209.83127861012045,135.24340311200058,155.27517417498763
2019-02-28,122.48705578248114,192.6046047377529,227.80870410659676,205.74434352582068,143.34666632557094,2440.4135104291763,178.62200231520333,182.79832805407665,216.3972640375329,169.11275924118996,152.1785663122045,194.14900288284093,180.0792957992026,175.01976844074255,152.11625486824843,120.39328636377927,175.47202024865248,128.58894822738097,159.17008517481418,147.19242123704223,143.97370020946852,171.70771156701716,152.16621311247428,185.4996119903891,255.23477669679022,201.004490727734,216.9159586117418,96.12753448850512,172.5014119263286,193.53751450519684,139.20993153389492,145.18407316429656,203.76907990108296,132.8017487307324,154.89705308327802,200.074867277969,165.31054252912386,159.09049767104648,115.55622592360346,185.15511164501842,245.25114097093166,152.45065501854342,218.9997046829558,141.5669009034512,163.8164679689551
2019-03-31,133.57431291668263,204.5856542237027,233.40479768201732,201.2935679236907,149.90001401976832,2713.244511360215,193.46407893182138,182.9362815711414,239.33486600435208,178.83855546905735,156.920602940732,205.7726797182204,189.55905622597743,190.62863507070296,161.21948915201196,125.98401752567096,177.60777522509719,131.0614939989425,167.5517670081147,151.6000923954325,148.15149034342144,181.6300413024666,171.58391492519314,199.475772814592,277.37807268665875,200.23509426843177,230.93845815920045,105.14872095038984,181.47297226347112,204.5402815680485,148.67212579038775,150.76306711756965,203.4088002046559,140.15849298142174,160.0657406302031,212.97178791811527,175.47481555136613,159.46474808007548,120.9851649992838,192.37280711378844,266.6256107753048,179.46117201653303,239.2485548577052,148.52735299939215,173.9771126132356
2019-04-30,135.1878700729103,214.1192388154004,222.8499540264999,203.63954398268106,151.69217870225725,3584.6896719269516,208.4014101275198,183.19415964649568,242.38159134912954,183.07914770502484,169.88649512757164,210.3779429978466,194.27924640974632,199.93674701033314,166.85374060470767,134.9775825817467,181.29406052677444,143.50125619635995,178.6862483945501,152.2023732859603,148.92743661625155,187.81808855599712,174.91603396863152,205.38506689659485,296.1304869606604,203.1416994912161,243.24677378473686,113.13070054383564,188.85488404229366,214.17091685336266,150.42685197843346,155.4801804082354,205.40845911145223,143.09017172377233,172.7108638254859,223.990789339712,181.57665425582758,162.60658377841412,128.3853201985607,203.09971245392845,284.538142126665,179.07811900791825,242.2097264760293,156.91377226392842,181.22142790907515
2019-05-31,124.90131547280438,202.9408725823631,242.908182522748,205.1962181220616,153.0651532285491,5796.433422211596,186.28365903105774,166.6395753301861,238.82672316415233,184.99075316256554,160.2339819039103,197.69172664149474,186.48695963834948,186.21011597935384,158.04070425015405,126.66678756421794,165.34965939893038,135.18426345144104,169.73326206071243,156.3335819786655,152.9163717667992,176.17576629961724,178.83527627749748,180.5228353356679,274.233097470991,206.88181482730977,229.7957715732254,95.34361887335469,180.63477014945593,203.2073398605915,134.93574893161951,155.28487191985724,206.85170972968362,135.89733928032314,164.75576313750713,211.1511820233913,165.87703506197536,148.24167517554355,123.1183171685608,192.9784606153007,263.0012408060819,182.94446841246844,240.88977055947467,147.06595034204065,171.24106711659942
2019-06-30,123.67294328637672,207.20747969496185,268.48174120313206,212.9138331743667,146.75794461943937,8041.843977367445,184.31291475618585,172.72556193708905,242.8088854612869,187.12108953099943,164.46355406492455,202.5871279318724,186.79548632349713,188.68372854513007,158.4934098672986,125.24025145369018,170.80378477613885,137.45802292492974,175.43846626213028,161.8182771717704,158.34879107883177,178.6643915712245,169.75696945156585,187.16249884554233,282.8897191856765,221.41482463562264,235.65856573868058,99.15632311334384,183.33942205104555,207.24500799805767,141.53063384429544,156.32554283318376,215.2447343736676,135.86725426860673,170.7264323599196,216.40542293956324,169.51665052962548,152.53967125232188,119.2651206078061,194.0827467986281,271.3778218684227,175.07407634635265,246.90126343768338,152.62789514109326,171.55631497409823
2019-07-31,120.6062596635162,205.89727913117576,267.9283173664078,214.8213156013338,145.73109974308707,6491.286871958124,179.22806572158922,161.48459934140072,245.58168460057618,184.74013898847315,156.1515134119418,193.16327109953056,184.70683946798084,189.02495708499228,153.58619831667616,118.31489764688561,156.94537868778053,129.03103652459956,168.9800624001355,162.55543041511794,157.2526630627211,173.06866119655285,157.5859375940801,182.78926142806804,287.46912758322003,235.6272661739003,237.5478696980153,98.46254014567623,178.34654747885494,205.7949435728285,138.31238066571723,156.77878088867047,217.04613285580282,132.21504302160702,163.44444577406702,217.71238958618144,163.57512613217548,140.866737472195,112.67665342845108,193.43564140022593,275.721480479474,164.5435887401713,250.31816811393756,148.33972635997142,171.08983220010833
2019-08-31,125.81731704196784,221.47498742819823,204.24862705386434,214.0100839818848,160.2992069799191,6795.096090833009,182.80582788983645,164.79141030283043,256.21993582779453,196.58841372263748,168.11090674908763,195.28706853489803,201.5637779169821,205.73976978755363,162.51193176213056,130.89916799271262,165.9659832220861,131.49372227394392,183.42066722032806,190.4657969570905,186.6586599676014,183.12355839238163,169.03193406660418,194.01254424618838,310.1996983764669,238.29877712825288,256.91951715444833,103.08804430778768,192.47812856054557,221.6087462760789,139.472763274527,163.74882888184598,215.60288223757144,138.43147399857355,174.54445249674595,235.14364146842382,166.1367989000806,147.29709373764408,122.42805203256695,208.7945149605043,297.18740551065923,172.93404580286182,260.4258577686523,159.85761884494133,183.15129395726296
2019-09-30,126.69580622710932,225.85161408465515,207.25315579455543,221.46459281850005,159.8761749120601,5856.208013353184,183.3793811699842,172.41547728492574,257.03033311448917,201.22458081986986,171.88289071511193,193.57783143203378,211.54574528833993,213.78097487423227,167.90608011802405,134.3593207121619,175.10042528756736,129.96889819260196,188.58869214677594,183.2854921878394,179.84612538063362,185.47809470259622,175.86781405307994,192.33449130041458,312.2207906321596,241.07715504302317,261.22744627638457,101.73938714625852,198.0217244684489,226.04662818812767,144.57745136743537,165.810402845119,223.29879764645688,143.15502384811722,178.93780322966808,238.55247679238948,167.9264456658644,154.69291821762562,126.16637025214483,215.82919297881534,298.65573298814286,182.5463596989226,262.49341256099217,163.99141076929877,188.91101161633878
2019-10-31,123.65574517168841,222.49847590179917,190.63026790803875,226.3319490802741,153.3035993210728,6228.682644422209,174.24939468691397,152.47743332588237,249.3621345616567,195.38030268603686,174.86127280617174,194.45099476256965,209.7846440362575,218.86148358120684,166.63826675442579,133.63087764094897,175.62058567088226,130.2727142498747,187.68763225640447,181.23039793244666,176.8734796941784,185.6535629879591,174.0631556875294,192.2873823333831,312.49855563639824,246.99721614340064,256.02514668877217,97.21272341388509,195.98231735095874,222.808417830608,135.72998774399954,161.84471969874815,228.57508314146838,140.98763695332877,181.41243188903232,233.41916120674017,166.32971674067736,154.72110045812644,125.54559072907408,216.34198018003352,298.73474899288254,179.93558715465826,253.39884835699448,162.16336699190612,193.92527404828024
2019-11-30,127.74621472844198,239.22315901102542,216.57425426499935,228.7875401835404,161.06454512453615,5520.861926099619,189.75767659512798,139.13393519850842,278.95923886153474,208.00467679332803,186.22315737791132,202.23314116013077,223.22193491370723,233.6729421845105,177.22700838662067,137.89282154636356,183.0710294496382,136.72974694296235,199.95814046701997,184.63527055321106,179.86519917439918,195.052215380665,181.8722877989797,206.13349592205924,341.67942702937546,259.02969561178566,278.7232153196187,105.02637642908206,208.67187205079043,240.08399452506293,144.88941661902473,171.39357066821947,230.73462948750745,150.17242998351824,193.59539854831047,253.58548878735957,171.39193722307616,161.06116610129507,127.63674734508011,229.39596689502216,326.2763958621018,190.39247629310597,279.73328873993734,172.84996411475674,204.67417746447202
2019-12-31,130.99567795781743,237.2769570470827,234.05156160927248,243.87196200056405,154.43854037065185,4906.564793197197,192.35597927155877,148.59206548039325,282.3080781482617,201.811623121738,181.400418731115,202.15664705354723,215.90004477329373,239.4968118860494,179.12035051193297,138.11787586701,190.78689036895875,142.9745855454331,197.3990145949623,183.55053742135746,178.77089527674025,201.02155335958733,178.0490428888858,214.31054288378962,340.3557792446881,291.600768907291,275.0220864196,111.0189562757204,207.2238820082349,238.15576840647776,147.30098299737747,166.08095552296822,247.21582672465252,150.2446838586639,189.92924278924937,250.10499021333078,176.81026682968036,165.1073981667333,128.21178646307453,223.89042082521703,325.1163873724295,184.8728352196228,285.7317855221077,171.46844101212716,207.3088597100678
2020-01-31,134.6482112952879,247.05388009203938,237.3956264348933,238.76342922293924,163.14898850901642,6737.459981221087,179.06670779830748,144.4450853545782,290.01948029501705,209.61561186515252,185.96076823474837,201.09426717203155,222.34033483490504,233.50488264126108,181.12124412049116,148.59724503271278,186.83403977420883,137.52045066876394,199.8926086967004,201.99338122334902,197.35147310696675,199.83744487357964,184.55944273964417,212.33849412500297,370.47683479002,292.60525963502505,290.4163373311518,99.24439341297887,212.35305876215298,247.67385035043782,138.50333983718704,176.58424114941212,242.51939967596147,152.90295697850266,192.6631665687788,263.7809368358198,174.72711284970458,164.16162881270728,138.18777863386754,232.76511316391583,353.6170698966625,191.10624693494282,296.3760234801102,172.42085002416948,208.9266885512687
2020-02-29,137.8012707812261,241.62116462909054,225.41247153783505,220.56565912715445,172.4790388875731,6606.234720150267,164.439344169633,134.2334671158263,288.64316401619845,200.29877088315072,180.6775634445816,213.15105552570563,215.55900741956592,243.34671719551415,171.8853204368459,142.5708084357976,188.3021749686971,131.1263738894889,194.40716198323892,211.00857294731253,207.31017630604583,203.4146131825428,182.10250208389033,232.02529513387867,367.93859859381104,269.07458658351675,282.7185749909842,91.46615670611985,207.32097171447293,242.92143159319596,124.03839777543952,167.9139207583428,222.0772576106421,143.7639363452184,186.0344769987361,255.41031469009403,182.8039230959996,159.48870603354678,132.10788581923654,222.68622776101043,351.817014451762,188.43032822451244,293.05783286880785,166.2257394693729,215.22686209251836
2020-03-31,150.29697273810385,242.24411517578042,187.1224249890613,152.04998365727172,199.70387021710653,5678.799666611511,85.70043063187556,124.98282564374605,281.73761157981426,179.12308131511276,171.3783554539165,214.24067309733803,232.75948992224875,248.2508827236609,162.2018098978685,112.44283721652191,186.13012999184102,106.97027395790958,185.37660057520205,247.3297715896357,239.49906298893157,195.68044463333197,157.92188734921146,247.54808761633905,394.9769146507519,168.21969981700215,286.4682136865341,47.18032074244712,203.67162774483322,239.7377829009349,94.25455866892406,143.53513235768554,155.66641084676388,137.67346615896125,180.49662759198148,258.7244276929384,192.18759568247808,161.54871833885736,104.4534666487642,234.13738701996647,376.1389546944714,159.74916111466024,281.07097846681654,161.55024703778082,217.23969385375875
2020-04-30,161.11375710694222,273.33492263437,210.95289641527498,169.28304768965344,205.16882909443945,7845.711836507222,97.84140858486063,149.07308770753346,316.00881451884,201.7878351216183,193.28154406075924,233.4597193720628,250.60376077285912,286.4510411751735,176.20069613980445,119.26868667188324,210.3786315993271,121.32098037878932,200.51735083975984,270.2740179451276,263.91908863296635,216.88166164598357,182.02761384953268,266.4498308201761,466.54669893154244,193.24641248070435,331.67976913747225,27.51703319058973,223.9312079640154,271.83011760250434,126.62380958684021,170.63023785836688,171.62530911571588,148.2809317995001,199.9238932325657,299.520219058395,212.5183966475102,190.19019018820197,113.67762364940803,260.2306573352847,445.1380333329546,188.56757579123675,317.26541356375304,171.96962182252196,256.11653945052836
2020-05-31,161.16057921028028,290.96090583690545,258.4453415541017,184.49901425079213,207.81479675141154,8663.30844210538,138.55627320599214,143.31682977546188,337.9104479666965,216.62486298016458,214.1228921298427,221.8239059965741,271.7355964187352,291.32063801877837,181.86581303346205,131.620411795065,221.10030601126485,131.6715716930762,218.07296990071302,282.32579237475954,274.2414753886718,226.6222648405839,187.3742367659915,274.4756878998937,503.7570145109337,202.28681272470146,351.96405072182495,37.72619849625694,239.46968802977437,289.67656609436443,130.82191507412048,182.25334583314688,186.32855802848127,152.89143424537855,220.000599508329,317.1207270070627,194.59156757619982,192.05347978110206,121.95002934970927,282.8190859134787,478.6824165968765,183.8693245441219,335.1704464892667,184.8028015181803,255.82251168475184
2020-06-30,170.15229990896594,299.43362240068245,283.3583945649056,200.87700399150648,207.75710389180148,8384.59962266065,161.33619308100342,154.05533623964772,375.26214333255774,234.54358042487118,227.39374285953642,243.47105425276658,271.3945523543725,315.0527657408062,184.8093152416378,132.03800299695408,235.7720818024495,140.66715707230938,234.5344164363199,291.3636975189676,281.67117313506714,241.64628450447205,198.2815367065235,295.51544528166846,535.2778425288208,230.39111122561275,358.10640798275483,40.89270709936446,247.7771102523052,298.4902330887033,129.3527938411601,193.47444864365676,202.64347232881383,155.0275983877292,237.26450590741769,322.86241178811844,207.00060735641466,206.0197948263315,122.64458502524246,288.2200236195588,508.6641380220246,198.3464525818154,365.53081064762523,198.89006724022548,276.2274200657707
2020-07-31,181.88680528461694,300.9829300287726,300.50272490236415,217.6934873642441,198.2116863984132,9912.524762876921,161.96575953903806,159.3419894823026,371.09821778932115,231.19922083835797,226.0688476737649,229.4586395741725,256.14372719460783,333.31087435306915,177.48183628729345,128.5399393965928,237.26332774019468,142.92515756145713,230.182390676308,304.3018441463515,297.7269539546583,250.45006529347015,208.2059578837224,308.0425700588713,548.2021343750356,252.19063409088648,361.77395348738804,40.41816611805296,242.60906969195645,299.85253094717564,117.47555928839822,194.40682387168474,219.3911486313635,150.69880057354763,238.97188289456025,325.00124713073734,198.8874622369331,211.27722737722564,120.30182855848327,275.25905947509955,521.0821326705105,205.32769261927584,372.13501738726785,196.58151491962775,289.6781383890767
2020-08-31,199.20474245532066,333.73746594276685,303.99006490944817,209.82239786798488,207.29174661098006,10693.773266169073,177.13096312879887,154.625198786701,400.4534181693869,252.4773093620316,251.90779023804168,258.0446300091328,286.07141333472356,343.49964165346887,190.6945938125604,135.99867789262055,259.70310129316505,148.03876175803558,250.93568582552726,319.02012950405214,310.3583220154589,269.9768631429322,227.49254634656813,340.8047257034243,636.0629585999044,247.9162165639223,404.7541795669435,44.46535987729147,266.852029742652,332.42163064052534,121.5613505579639,212.41603789046786,211.8380660015349,165.77028606883778,263.3595618447713,363.70377258917335,212.809617685909,230.43119059944357,126.60314387507023,304.2682550542611,605.1561891590684,226.44543821073566,399.01357861127786,212.4403566801265,299.4326361708714
2020-09-30,198.62579825629123,338.3413255319972,287.4400126430999,199.6272787400342,216.54103432147485,10313.723528639835,167.3401630458046,153.49610046172927,397.1328353693086,250.16877550690205,254.66762466828078,260.2961204166421,304.2439304969259,366.58268560453246,190.60408565125852,144.0094775340939,281.05517889625855,153.64570154383597,251.31064381940465,319.68807374406236,310.6824454420246,279.377436331647,241.13275559776977,349.0464431186519,626.0482593006329,235.84098378912674,406.9824218309113,42.97100283469021,273.74194787692124,337.0742622120178,108.43711497885951,206.6993413184506,201.6777521957875,160.69118998429192,267.62836887815536,365.02814650090875,207.2572845123431,244.89793128291205,130.60896168331377,318.1617397697771,596.0033855057126,231.374607838181,401.3930346533092,213.7274244754416,315.6605586662212
2020-10-31,207.31702150632657,339.4599907642406,297.99927838601667,198.77220444836686,222.2059926669918,13294.108115481591,157.08314810739768,156.26943146912987,420.483085463661,257.3643120737117,235.76219154576202,261.98788507495027,307.81646564723695,378.35115762863023,186.76630181453012,151.3207191048155,286.465775085801,158.1348861943527,238.3043280507514,326.29607826199566,317.1542826867812,290.32428739811326,245.46793316180424,375.3213055774608,622.8649272640157,230.39111122561275,407.21660417632506,39.356771962173205,270.94466070089254,338.8150544740736,106.70408072716127,212.98054179660727,200.28992922316021,157.5562870756462,247.30760680843048,364.21470917559446,218.4928502789536,251.41487538120856,138.8798365650016,327.0296803946458,592.0388354097595,244.37603604663218,425.56518215202266,202.0052361666605,330.71694840578203
2020-11-30,205.8708410079677,350.8007847861532,334.3346708600753,230.2126695788059,205.46497721581338,17809.08415321063,184.52685388431456,162.57319005650632,435.0385527557138,273.4840890249102,253.50365447232116,268.05211105803835,314.6813321131875,383.1574753872185,200.50818672348032,166.17570193271962,311.90123802011414,162.20898163968224,264.56493806417825,285.368908885139,277.3985275244644,294.3072426196485,246.50265428392862,356.37703794230913,640.591874470252,270.7843438109371,417.4953377255303,44.63559422184172,286.349114549398,352.0383542444771,126.28572789869979,227.1886909060998,232.13097979022768,168.5062649584426,269.4662623612544,372.9934009687732,220.78012171333063,271.7767169375832,154.55435292291162,349.41090855121763,607.6298856854695,252.1027487426558,441.1958663200248,225.94599496559985,332.690149564112
2020-12-31,206.51131694088076,356.8186509550123,346.6340819776389,253.34356830842225,199.63229512776832,25569.96793015793,195.14913017097018,178.37545811547002,438.05446470146484,282.4847321839561,259.3072385410679,272.20846508178573,322.06048766270146,407.11201605688007,204.2253282768129,173.076242291772,343.86344691736525,175.22245311664756,267.50254544765005,295.5994470336667,288.42784253581664,306.26494506369045,264.2790800421236,353.97903550136544,652.9199103098778,289.16435222137017,420.6720666341583,46.2251812566351,293.8843361834622,358.9128918750262,128.19787327493646,232.3384133661962,254.34041101731046,172.6405984561629,277.7353860385037,375.85797025437904,221.80003362526057,296.9618649930529,159.63930354259134,355.53859914563964,620.2146022023203,267.7390014719011,450.7885171279746,230.7273466578767,352.5667602424648
2021-01-31,219.44994092069203,372.6540643125467,344.9694976060115,242.40297320562027,209.13734962560616,31696.314763640283,220.54340347776719,185.13644315295298,456.41691284998547,293.4633067636103,269.0028697066629,290.0299302503179,334.548095221072,444.65479003770935,213.43772263576685,169.50745507706938,368.8177407006418,183.9421547043228,273.7905744763834,302.18180381319274,292.419594482924,330.10428923542025,269.4276985438436,400.83120213059783,685.7951178479319,277.83713925267153,436.21044718580714,51.60951283426113,305.6596423310407,375.14886818294747,139.33364622552426,243.51986011095107,247.3074955231517,180.94934526479327,280.86828609787574,389.3685237687816,241.30923105629273,315.4467118752512,160.22452867701378,371.3872279739997,651.6150874074817,274.25467889522446,470.84887545322374,232.28145766507478,381.39344828211244
2021-02-28,224.56123131696768,387.4946569126335,355.66297713441986,231.5062375024966,212.60000317255714,43510.360409136396,265.31868617756646,197.50804694229285,428.5418461610301,307.86846364594516,278.23740751715553,309.5382009658473,346.3315604392333,477.4193222748048,225.51085720003164,174.32906559412118,374.37096114924026,196.86269395794181,290.06848522787277,287.3633635448308,278.6618618446092,340.30127685113973,287.1141464711344,405.55885490685927,696.2190069622703,271.76747419107465,455.7626884461123,61.60568584051988,318.2779712583393,391.557832098686,173.44844947628394,256.3898620620666,234.5761916943805,189.620709726071,294.08042045693094,406.1426299357935,251.039871273353,322.64394772825455,163.71750946417686,387.65927077752355,661.5869039643737,296.2255225481963,457.7030798836718,247.5237440237267,411.06014256165236
2021-03-31,225.86618041471138,416.1136641925534,366.0058033388851,245.604023556278,221.9675374052279,57758.939500949666,266.1599751501198,224.85558200728678,445.4921742099035,325.10575795718836,303.4746337657514,326.4935227730923,363.1816134672421,511.33241473798705,242.73472231499352,196.20051475645218,398.55310359094176,219.44669189908038,317.4653470008803,297.54241411289655,287.61384893745344,353.2646435040664,308.1668453593809,397.13133812303545,739.3745658867035,286.7065425766351,497.4472773564342,63.1056690105499,341.50146256543235,420.4653780934494,186.47107115226078,263.32085698023667,248.6441545152213,201.17665869898588,322.0914250277868,442.0335892182021,256.1894250581786,338.29229745237865,183.9146428485605,393.0319271695866,700.4757631524377,311.46311785926184,466.0350745550542,268.39028071891715,431.50533698749314
2021-04-30,212.36071811549823,401.07284444558246,350.7240313263128,250.8221881056386,205.23037303495158,52344.44058154978,260.45937251232465,193.63592564953095,427.18296298053076,313.8083870446924,290.49278351706073,309.71120504137576,330.4056073762232,508.88872227807013,233.17666984265287,188.152603195107,372.033717735665,202.69416590867482,306.45280736488695,283.6946799262294,275.4027151803041,332.2604759080122,277.09400346805035,368.444582421763,724.0239512938706,300.2778312692335,484.2734314278551,62.29179634714468,325.395281197738,404.82419063075275,173.5702011204995,257.55737470641657,253.46209601773685,196.21992489260873,310.63705047706634,430.1290066563763,240.12045182990803,329.0815181375154,177.44109675011896,363.6579776341745,685.7169523677352,284.25300626605997,452.66513468833693,260.3006086992218,437.0529562659142
2021-05-31,222.2062612517,399.4871701625035,353.36616628004583,265.8408208231449,201.44604420178968,33214.335658936645,264.71453786890436,175.23627779244282,400.2294822676573,318.2697591373133,294.7014798901803,313.2649552687075,329.90577209737484,482.6514747118509,237.751282490091,195.45638890694462,371.1154710304441,214.1294917033742,314.6663676840393,299.77767106510555,291.0921113676904,332.0245529256327,293.61133246025,361.04684679219423,702.163549164312,319.2135022181335,478.483194357619,64.18370473947887,330.8305006969397,403.6504948237463,180.10403577704207,254.93080223770068,269.071373752878,197.5657783151432,311.5044611862403,424.530291494167,238.54725841668807,326.92842062871955,185.13166630662545,354.14149189961825,664.63663364126,304.18887579626835,429.7301438110965,260.3713112280814,418.89409482399367
2021-06-30,205.70181156149422,382.6616178550552,337.803754535673,267.06861637477806,190.56611714492965,29491.425223015118,270.18742034709334,166.13421792093166,376.37694979910816,296.6258688755132,274.15993161616774,285.77276091759313,309.60964546228956,468.20758467215234,221.33714348107924,185.8838368836562,355.4452123721505,188.15144745041755,290.1993321850433,263.94563124382296,255.67815061548086,317.90958453971956,277.8133354976863,344.7879928778473,705.8088922465956,320.58131452231333,462.7745481775432,66.67675567845617,310.0673398353901,386.3484881539777,177.58366509116397,240.51276801484448,270.32062761149484,182.53432888222645,290.51313760110196,410.50726692324037,223.7493963429452,313.25422514227176,174.53625367939605,332.36877843605185,668.6027164670143,282.9189249562357,402.94581566651465,242.58991741624726,408.43635042850747
2021-07-31,199.76070560910938,395.90507214014497,350.0339225452539,256.7638654750916,195.38497467776767,36445.58306481375,281.4443291662506,160.75461981568486,384.11492631399096,301.6684311234699,280.44271010098794,285.9811875551279,315.417741500274,477.34477155645567,227.55868714703558,194.67476960590744,347.107353443123,191.1325517731654,298.8082601690681,277.0080565747209,268.7750397007463,307.5564967636947,287.67069444419184,305.6091746572695,744.3599576041316,303.05620918400376,486.0598699936806,69.43183892307559,319.51231818376635,398.56498548967824,166.9323994644072,245.35773350972119,259.6593331627867,188.6938260727759,297.85065924204025,430.4621688392342,206.40492813358046,308.8112127464835,180.566456440454,326.2453957080191,704.5893591432407,290.9791831028383,412.4265425901889,250.03201215414492,407.23347724756735
2021-08-31,212.26134631707686,412.67389161358363,418.4363410993986,250.1205882579254,199.32697776615117,41521.88646969531,274.5588831950376,171.37340488436698,411.3800900884614,309.54608332090106,289.6646448293385,288.2830768373098,327.9668886472355,497.4670183974158,233.7073676707619,207.0699720425031,345.89110547994954,199.05692330578051,310.7352476727343,282.9710321826863,273.98781838736966,318.1297781513772,319.1511876467416,309.6751862982018,791.4136918299266,291.36567463885933,510.62341103715136,67.16939084149111,330.23935322091336,415.81093538248825,166.8867619038446,251.60820938878308,253.22119894261107,191.9880508378174,307.098850427485,451.878042122634,209.4072461068457,308.4252047482283,190.38211938345552,340.9607668621327,748.7204667747916,326.32889003961714,440.7911405558175,259.6912609089437,423.05941620000453
2021-09-30,223.09888259471427,412.8759715059475,397.21770912101283,233.47949230152113,208.22629391504458,40271.240157088265,308.5474123668782,162.86358863488175,418.2328011219095,309.64318301567283,285.0214255156677,280.2357077683314,351.87599551464854,496.07747564073964,238.52072159045355,204.25279445117602,336.2002817787461,197.88780335942954,307.0902369005977,285.8815986518399,276.99411167460556,320.2512357651281,334.0176675534986,308.603402945003,779.7623911335786,272.2803997287399,508.5607936800516,76.77030360239577,333.30380751504504,416.5325337185851,189.90863091722125,251.75634107158143,236.5886415963162,194.81064887177877,304.0265534510662,449.5977937810487,207.8236352530269,303.3526777606706,188.21138015416926,366.8059076393367,737.3307555901665,346.27182469731457,454.14010394580305,257.34052067317447,426.63059481135014
2021-10-31,234.1089422478541,453.6811575191463,407.80253670474514,218.54856165591147,217.09483809368194,59663.77286330509,345.69657033092824,160.19984780586137,450.80415919350054,344.16249042274404,304.8335124645467,298.9942093444006,357.2016161028207,525.6299774461438,259.70623278015535,213.34923888378512,345.43492469333347,206.31602197442643,337.55998633726455,302.7611234423425,293.06483870095803,337.51319741533285,349.3166425426723,329.89442895889607,876.9052662063107,237.65760797696473,567.4230125307654,87.02981580239543,358.71805434808664,456.62012704034044,218.4467258422415,275.13546216808294,220.64679798755012,212.83111262145042,328.21119035795465,501.15750199910565,223.92636745257403,311.41943878283865,197.24728020480325,369.79507294441856,829.4836873682847,359.8155354298073,489.14870244180884,283.7477357263067,447.6178257109198
2021-11-30,233.48373450170777,439.74218405592796,358.28380886268707,215.63253049332292,215.39497098348076,54228.47241497691,286.8545490676557,163.93478361776454,410.9123263132605,315.65760299751577,284.8927218552318,281.542431518309,343.6792537931426,535.3341743855278,245.12575094231786,198.36944615389743,326.5185241301702,195.3860856547725,314.0153216160915,298.806816799089,288.7636174888837,322.4797741288009,337.2143693302581,308.26072476650114,887.4125971580215,232.5283199890948,558.4567169696787,72.38757858922129,339.3839059243983,441.1970195241957,205.87496750023786,256.54001473373404,217.26571160569628,199.07526662054835,302.92645963136624,493.089608116775,204.97518589689867,289.49057689267494,178.163980193012,352.61336413250626,837.8099319725193,341.91224531533766,446.65908654100406,260.0947073898195,455.2591073568847
2021-12-31,237.71158681672117,454.35096462640143,386.21745371925533,221.00416948663758,214.2219867561328,43810.79200953091,314.44018381983676,153.50681260672775,416.54982176669694,330.2062643669143,294.49970111649463,281.8937922929104,349.59065529336,563.0401289469821,259.0241086932282,223.3800154253979,341.0082686543959,202.9032608925018,329.6613278260347,306.21093531234465,296.6658015345371,326.5491103355802,344.1542252160015,297.26211231112785,892.7500697367286,242.1457594247642,581.1020984721013,81.68565888216878,352.1462204350676,455.49467445380805,210.8623947212553,265.54951508374194,223.46294875074614,209.91631920452528,326.3405776373945,511.7923355463063,203.2443333696866,311.003764425325,201.26978188110013,367.81307751874465,842.7573395752565,350.3874734544207,455.8992638204985,282.28674836890923,486.8412487605254
2022-01-31,213.13670801939136,417.5272214711735,368.610616177112,236.74633175169623,206.23798084527377,35052.144814599174,354.9908557886496,168.39501395803887,354.0981025609988,292.421567332937,276.8637798850199,277.47305455221715,322.08576765499276,528.0587273144105,255.01388584141878,206.34198625470552,305.1953826439025,213.57015116402093,308.32841334205807,289.5558667323163,280.81443744020794,312.90816354482394,331.5445096354654,285.40817811954753,784.2987507405775,250.0534253274044,529.938737217518,90.38825174999222,325.94168018538676,418.4355135109583,241.1170896603216,231.10696651682508,239.5923936215571,203.03438265037371,293.4782174907425,466.8082941186146,199.31409136482006,259.2453940016882,183.73773752624294,323.71944802679496,742.2430160725187,334.322495551976,387.4705392499301,252.6902542178555,449.2832566676994
2022-02-28,211.30512244268456,389.41279147165295,370.32630017449384,238.76342922293924,198.4232024323427,37851.56132310677,378.1611276662333,160.22839675999882,356.4728712341197,296.24574876744737,241.99073317343073,255.361943343734,304.3683719972063,500.45502221312717,242.45507418425484,205.84266792105845,293.712062282462,213.2948153541598,273.15184554996733,294.7868874026658,286.71310403988286,289.177135153555,304.23905630938094,257.09141991410297,720.8054397325252,237.31566305372422,494.80879193815264,93.92254907078491,305.28656206392606,391.4267361758808,248.37976562098524,232.2565164965444,241.19979534407778,195.3545307612418,266.7812968210152,435.0353508884524,183.91874191185477,252.09545761886622,188.55436327805455,305.35060011433654,681.0074295227173,311.40662001817185,384.044245332624,231.01100244402298,416.89306847549926
2022-03-31,182.61713915198433,366.9878549083083,376.8548061093034,253.45318335269815,183.43589587007335,36892.69151411216,373.55288862249114,165.48897750861997,333.2430345903799,300.9719973468529,218.40448918467706,234.92893076623824,275.43294716030624,444.77672829348444,225.14586836071433,207.79725685203246,267.10252457561785,207.93088318560376,249.53805311069837,279.6662020126055,268.43008739172546,259.48730777190445,286.5308636729597,214.47728514457668,697.4666114532687,258.47403307331865,474.63001112116655,95.37225966999159,284.1339162343053,368.68423958788173,251.06240363263333,236.8643938041526,255.8177709559137,177.96968908519924,243.32338030728113,416.5634162269484,162.98627086270398,235.5749515765959,188.19138149658002,279.8791330108158,656.1305443665351,296.38548522609904,370.1696223625654,210.20527622355436,382.85841100138344
2022-04-30,169.66643609630424,349.2705425841086,347.51834702112376,226.70467034023986,189.9007787344046,32381.74047529147,391.84279663497364,149.63361189736978,313.31725941070926,289.7698829784535,207.1471305498091,230.27774778539657,262.04564730250775,418.9402730194096,223.79631505314586,193.44036995722757,258.6976338723011,185.83684846454375,238.30635222877513,283.59606265944285,272.1372887147674,252.67413980533644,290.43966204515976,211.83484094265296,623.8797457628679,236.37528597999724,448.2315328406937,102.78300388271009,274.18272770685047,350.77880255666196,255.52437110349803,230.4810043554458,229.97356527671187,175.467709742646,231.88630584201925,393.3136315961474,161.35631582463628,226.75473130930595,172.23593136318036,267.25771864040036,588.4482539049372,297.4814640404428,350.2992311454415,199.59671637571103,359.9819539661779
2022-05-31,169.86759772544332,337.6589295818709,325.1909227205847,234.99232376868332,182.7705574595483,25662.794493818205,423.69378935363625,172.31921610503795,291.83530208696294,280.0245147083555,209.48731552007936,229.92836243365878,256.57187201672076,411.5038137054638,221.19498883868772,196.12073875608195,254.21505128222896,180.46349438642858,240.77826425318509,263.42690442422054,253.37670202768027,244.67629570532154,265.37842458553985,209.25487306163996,590.9281333615528,233.59692437083584,432.3755739394853,109.57772191848989,268.2497016365815,339.2764350694648,285.3641009964999,217.8120281598029,237.38168329496037,172.91201683231694,233.64621285352732,378.5659802077798,157.6709672704603,223.854973195658,174.62269374930335,261.25795296019066,556.9826404585594,274.30252545828336,324.02818735923125,196.344247188705,358.53558030021554
2022-06-30,196.3509364765093,338.2620652991534,289.3870327295071,208.28765342844343,199.25006617899146,17410.215408102526,431.7021869590841,154.68049175732892,295.99603148179045,270.70152594510176,198.04994220484738,254.76751677413597,259.0348058298368,396.40314903005,221.71402450643902,194.19945100178828,237.01594237131758,176.5362177398118,234.12520599189781,281.1631126546851,271.89686768744247,251.80855838015896,274.92126099819643,247.2112273596771,586.8237303196762,195.1912802821653,432.49208531625305,112.30178723081352,265.61988367360726,339.8275782708445,257.97946307704353,206.66432978536403,210.07504050481796,170.3826771588147,219.442921133918,378.06565238675927,175.50197437398776,201.2677316333543,169.67665109873565,257.8767629988988,552.5263339862015,279.56535955688156,322.2627692266925,189.2408354920093,335.0779328253229
2022-07-31,186.73499595912807,362.298880862366,324.62295545100403,217.71541706408323,199.31929394282741,20954.941109887848,413.7972307585861,169.96982902007375,320.26883018961286,290.19284102261065,203.02649322987617,243.94997549839553,275.40899144382627,403.38328649101027,228.82382321601446,195.1425806634094,246.71424872519702,176.43133934699821,245.6509725791531,274.83769116777796,264.95178745350415,251.8960471511577,298.1386029152474,220.17905555559398,660.7097796997366,204.42402148818357,472.48330741650796,109.12508254019745,279.7792351397766,363.6869542592849,283.00619841353705,222.52754169114345,219.93050225974247,177.0032106898785,225.8972828961544,412.65695486938966,161.81071836922672,212.67187652583704,170.63245032814822,276.04292711098594,622.1100692397499,301.5111915802043,344.746703880639,198.2274777550142,336.3018587037676
2022-08-31,177.30871042327786,342.4224216150018,344.34799547043684,232.03244993387636,196.98100931145518,17442.52017803572,358.6845926707925,176.42546988274918,307.03601357965397,276.3208193822967,185.83888299505864,231.89843051383914,259.7688783799532,390.41219593126925,211.50729566588944,182.34524928205155,233.18929760094994,163.6410734050104,225.13858974621374,263.8944719334171,254.13662997320841,245.89642067065486,296.9882145651658,217.5960577355065,619.4477839161661,228.2539024621306,447.8883763723867,101.01909341762625,260.4067349306732,344.8545920905664,287.10451403240296,216.75658007134655,233.48469344248315,164.50794384994538,208.99971068805735,390.5081707880047,158.32686639002688,203.29918848223357,158.4748525298634,267.14367557272556,582.7160653866387,301.20921648668053,334.9859131190353,182.75789687592595,328.73669857749286
2022-09-30,171.15712856239443,326.8684104897209,351.00017966487525,233.41371992946364,207.530201872744,17810.237617474533,344.4868048408628,160.6399615217686,285.48804114194263,260.69166803035523,176.96529148511155,218.0211663822547,249.47372935259864,352.93472504737525,202.02321168590075,192.02379191236105,200.92027186699016,155.96055864000456,216.67790408782307,269.8460795149823,260.0137443269108,229.7693708020051,296.6012314117068,196.354385394936,583.8646645934009,225.3472972393463,428.2518346883263,95.03066468103547,247.30139650833638,328.7021822908465,273.56694768057423,200.8705390717655,234.58045535942696,156.9533381990479,203.85048218265607,372.9965916628347,143.9522801312493,176.31470152124353,165.97276496725104,249.54889368958257,548.8484434271473,305.43466707382396,315.23531274903524,178.17039972829755,296.3818507448793
2022-10-31,157.65876013710758,340.677424392909,370.4375521683272,245.88905947180706,203.3881993161764,18410.50412658074,363.98004722852426,161.82884380794604,296.30030549765377,269.8126988562645,191.7079394804727,188.6010775383654,250.20034538949548,334.3342423630259,211.81501408929682,215.16691275456435,215.4120997471153,161.11789134662692,236.58479848768684,260.24463060372716,250.27705845877,221.8827913894702,300.8033420474736,160.8753069100194,595.0991095373568,240.43598589173502,453.8162419264534,102.05077088914756,257.09684512552127,342.6841205458387,335.04065924739194,205.85778162446456,247.37145049884882,164.84780515688587,221.78661078779194,394.746359566097,120.45822842469227,184.97009589366294,185.29382232455654,254.8903243488978,559.1894547427323,312.5016410098802,319.843479121409,193.16656774512404,275.97413468512434
2022-11-30,173.24786447570224,367.66080937947135,390.2547795680541,238.06182937522604,202.60749352491177,15362.615259372125,326.6419642462053,177.15197112131943,330.0870615220698,307.303472787853,222.21726874204774,233.50444819367615,278.2074170592193,406.2805122567939,237.26432669541288,228.45525355127978,251.4055960307231,187.79150772125334,275.42606197057984,276.69353437191705,270.4879816821168,253.4420262822569,314.13410792375294,211.74022938986732,625.6813726145854,213.67813934740715,477.20575551913316,99.81148424575503,288.2482477374322,369.6431242538535,338.01922275979706,226.31991213710884,239.8013132088343,180.18588855749044,248.34194578087246,414.36843604076785,152.54120075787336,213.06338367788976,196.42849173699707,273.49089013093874,587.5427844310709,326.6135600960338,346.71803071954804,218.2283314598842,327.8056514313884
2022-12-31,175.16645706129478,351.8032520023921,409.6651738682475,232.2955394221064,203.2382088842786,14902.41706218944,329.49980593459975,182.2224133658819,331.2472832529139,294.71997022462966,217.19193543770058,249.23752436513539,272.88413131819317,379.8048719358076,234.93895289794278,214.55394335971886,237.49981475579185,182.5326889200386,268.1188347745264,289.2706756221987,279.28173741095577,247.90738614546237,297.30501647681325,217.82293295620744,571.0567658729572,206.28338267682332,451.1051800913266,99.95111667329414,282.83494940832315,354.340292216337,328.73347155705505,222.58009467430827,234.56766436428757,179.37448124008253,248.8699120509289,391.1463750850764,163.05219861819265,200.38257391398218,182.6623169588226,266.9148778507676,535.9562741034214,311.62721583047335,353.73057738238754,216.36985753646582,315.1394079596473
2023-01-31,184.37513006927287,366.0600591798861,474.2478402729001,240.82436936640065,196.71180041791564,20102.771327892075,313.64746311834494,190.49877544559862,344.2515747517242,319.00412341230697,238.3541111717509,253.17509705958338,284.6435109247821,410.1727644175809,241.56036548201837,242.09984243583884,258.3224293531496,188.16874557139934,292.0314277525272,296.8755720816333,285.88145569703795,261.372161100071,282.5874160084806,237.81421766689905,611.5443962611857,212.52404465845376,464.0771108242974,95.65139014072767,298.47306898204226,369.18420415272004,327.1254552008769,238.41141012204744,242.03121002814018,185.42497335160988,266.2788565901775,401.9645956717814,173.3799452786949,218.35894097114434,206.3050112776752,275.85641952590026,573.8537896231614,298.76481865558833,365.7271811096979,233.84201811392052,335.7485876070623
2023-02-28,183.47800959432192,359.77227568682457,471.31240299597835,221.77154170640833,199.97307911064607,20443.18203994492,316.5831468798625,186.04576272433573,328.6109023842096,298.46421633372796,235.82470115188588,237.87986261390532,275.89816810372156,406.5509640801679,243.37869513383686,246.07095070377528,242.04194810987113,173.5443459410383,292.101183686821,286.0623928569541,275.0217089234295,247.31968675464557,271.9240982685443,215.94784088863247,619.4464422194463,188.84376764572607,459.90949024777547,94.27743191719424,292.8786020237005,363.371837014298,309.47428715438184,224.70430305494142,223.69745032830218,186.8014917214082,268.8343121397973,397.95843808180655,159.44530360250766,206.30989302357915,207.16494839111022,269.70139632717775,580.4846018411614,293.69871772367844,349.9308233636607,236.63000491285948,340.29046183054766
2023-03-31,181.2510406877641,364.1117955207362,456.38389622629455,215.93947938123117,195.85801578191294,24633.937802746597,294.8403994444427,186.56045435480146,328.2922900983382,293.0889802700358,240.8742810591884,234.9282017055905,283.5046881160005,413.1316733728127,238.22272404932215,248.90980915983732,248.08352094641083,175.11632316532783,300.74694518608436,301.6381955999895,290.68535259415046,249.5969881842769,270.1723543506174,220.47506201893938,664.2917397275024,187.68967295677268,467.1469118029066,91.27951227251438,294.44904396764196,366.0379452956165,303.12202985864036,216.8762559472122,217.19536113242947,181.9699134309595,275.32266531606047,403.43125441660686,160.93504688761803,210.92070180010762,210.5592974932962,276.34452447636176,622.3252821975457,290.5210860994139,348.8694685271412,242.56201057927314,344.55097935726815
2023-04-30,178.4843160127878,361.36349578938155,446.17084973123156,221.22341630264927,191.37759490645035,24798.80157217725,287.2650234366046,179.94913534839128,320.7180666551205,288.88114209128986,243.22059187253356,232.6817560828542,277.72728529524875,391.12433809765787,244.82318126654113,248.73136320942672,240.23058470331424,174.06892729711132,303.1608513033935,297.8963996488246,286.4850627544198,242.83753505302258,275.7964352835199,206.06118983495878,652.3921842832495,190.2115799499059,463.7524817654368,90.61439307948895,295.2931227473004,362.7523719635218,304.41227947961477,213.04744900539862,222.6315340666837,184.983619094007,277.28555207070104,399.9744633199684,153.35306944323642,201.48311339762367,211.0213318635681,276.37224740634326,611.0710909414347,296.61953393439705,337.9854168254818,242.24720014887916,327.5741897823269
2023-05-31,170.2808135308294,361.7885875103259,457.2846813078269,229.86186129121938,193.63126578885863,23277.362487244387,265.50760588170675,181.1069208766683,309.9342135268865,276.2415694635831,234.11939257040504,214.17399427804722,283.38562987750583,416.27358421686654,232.88615681653147,247.40270903203253,251.51274719911333,151.88451414311515,291.6328144054982,297.43640798597204,285.9688511100051,240.63961350662683,282.9801696222799,188.91472516415115,712.1137986400964,214.78948072994993,471.3795791243887,82.35033706965228,287.62135642571525,362.5836559447757,277.09965916029154,205.59913100034942,230.95207640487763,175.94030377230666,268.45709715306594,405.68914770073815,142.49539225119756,213.1347137492514,208.56133838809922,286.42611306674695,665.3209388039523,304.48908270129766,330.6348857196518,230.67690635750773,353.4570067859431
2023-06-30,160.18192735906632,369.09380462619697,510.55466786571253,250.31790537409796,186.73948143728575,25135.502478315557,263.9514436980714,187.620134620338,310.07783859137066,279.8334493234349,236.85315012128717,214.0615388393266,287.05231336614025,408.5829034586376,232.18743892855872,249.71899763662938,244.87903497777853,160.08108414581054,299.6991912819517,280.5985242315997,269.6642282431105,242.77854385849432,286.5398034168055,190.28605654540368,730.0608087616727,234.02435960128872,484.0602480680286,83.2442066926313,289.6695854336318,369.98774650919455,285.7121211686121,204.52848379982007,251.74170717148462,174.45164715878926,270.22740124379504,416.57433650466595,142.47141683596368,204.01761760438387,210.63490418915842,286.62791180221046,683.2844417344774,306.2776390294332,322.72304450109465,234.90805085588212,341.58256245510546
2023-07-31,163.50691175217312,371.948103514893,508.03462428406317,258.6055588025414,181.65141501090818,23450.109361228788,293.3023991800352,193.64119722258422,307.9105433020021,281.98662500511114,236.44792218150653,215.55420557913916,286.08775297235195,404.71969794393203,232.4937642362213,254.04882719252603,253.9545296437181,174.58731858767797,298.1907548863323,279.97193060539274,268.32027099878366,250.25000784103258,285.4934887663591,206.03591225513617,737.5822974487679,241.2908726582496,486.2842639642101,93.23396416495832,290.6244460080486,373.3038990420158,299.5329000020057,205.79346341835674,259.9620533810864,176.57030855929528,270.82524155022185,417.842231997749,147.8382767763982,211.86002881832482,214.82477325920163,286.5082664847284,689.9673430776362,306.0394477971551,322.49501278551634,234.94351770513498,334.2541277709789
2023-08-31,156.4391868735715,373.7560027201327,532.7537927375769,246.23985103193374,188.0009304944999,21530.930430652512,308.1668318598061,182.47910667040952,288.46315960969804,277.4760344565267,233.0280660436714,202.35187662671348,287.77751026193084,398.92039262598786,231.22685776035073,249.30341414542636,242.9157436454427,158.44805398723548,292.53676192492856,285.008521161288,274.1509043943999,243.27802488026595,290.2577715594268,192.29936886595303,752.0432778794493,222.69714663259012,495.10265916568414,98.98533687986767,288.91094974679027,375.367636481517,315.105775821589,203.43485391755536,246.7425599044939,174.79616106804622,268.8452928967041,424.78624347805544,138.61043237731727,204.76037174536233,213.6692263150862,281.0694343768612,702.4863668729462,307.04887735021987,309.1240890351868,231.16360887025013,330.92905530972257
2023-09-30,160.33536170528336,368.32807065361953,477.1697683668895,248.0815610868433,193.55435420169889,23004.883078036957,348.1348262329942,174.5406007418812,290.6193232063527,276.6688896815408,225.13190205122976,196.85102673375212,289.7893851469599,401.2472500584953,235.37901475813564,242.389865331246,236.0349224601095,156.91370281356564,284.5973077886739,279.78709211944596,268.8124281697099,242.95955148524294,300.5308541610902,190.83822734421582,734.9267988524483,217.2258974158708,485.54905061294795,109.78398896543835,286.18749595183795,370.0130119192799,332.2104990893685,201.50943148414223,248.49705807111792,176.71958710603988,259.72314493284625,416.02750630017124,139.3483462490507,196.83512984737305,202.65475408707476,276.474957762265,686.5726792547315,320.52266080685115,311.74431491899253,224.85959555370005,331.13290820167117
2023-10-31,155.64347573062156,359.9059470279317,445.5155140273629,240.3420330621589,194.065851099424,29713.293069811767,320.12259328129613,161.83829087106682,273.95274899743646,267.4698545123391,216.93900653310055,193.1130891464566,284.14555109504715,393.00622403327026,227.49783423474864,228.7148438135935,220.63787152731052,156.36648668404854,279.50792746864545,301.3371279833437,289.3931365035266,235.15564202391613,294.6471086553657,184.8009139899094,721.6490107214111,201.32505899776922,476.26372705851986,102.12415647684601,277.2302441991212,360.16126883944946,313.92626500065666,192.66480335229684,241.20405900912422,169.8657471058062,251.59412642820044,407.95860250991154,134.21605369027958,184.8576386790134,190.27381746862656,268.91976618262055,674.097466855327,311.83888372337265,291.468261445591,220.14207494543027,324.0284358411702
2023-11-30,156.81091685836836,380.86240055785635,568.8192535678478,270.92742390093065,188.60472496451274,31413.501198197297,294.8127801344158,174.49309983359979,297.2541371328525,281.3752227325351,237.87927029536914,188.01432152538172,293.2449296706298,427.4083166055453,234.79660084311624,256.51285888068725,245.9982349612385,164.36253589648828,301.8762932054769,300.66115396602726,288.36891629877584,246.99443227508957,304.76603519612416,183.33770311247847,777.2183283603387,227.2921487351984,505.14087068092266,92.79416049694149,293.15690995467605,381.5617038968688,302.9076880719154,202.5410181158411,271.4483670162872,175.47654762724386,275.9316395306729,431.83606437786153,129.68987038344738,209.21455032506051,212.4664784076467,287.6393044878115,725.0558716841534,319.668633278481,314.5002514200644,237.96536947419833,356.11822673420215
2023-12-31,151.68331986859894,394.8052710172136,577.6821963519641,285.8802842463794,186.53181648425837,34682.026658894494,271.190995613081,182.3190462231328,313.00666242847274,307.8370940681819,245.881163549471,197.0226765558532,301.277756408457,449.6621503067198,242.36179844537685,276.3104146930203,259.50490227407573,170.05507869765646,312.9244256362726,300.9019946039396,288.85611905439157,253.75103304539329,319.6900304905607,177.34387554925738,811.621902605828,241.9320255039289,522.3979025383238,87.20781471808705,306.13806785159244,396.83088168475683,299.8096558821991,221.40198807554725,286.05994713055344,180.59079897659328,284.0036658771123,445.9797157625747,128.15998089004802,214.5653030760886,226.8451569899407,295.51920755592397,756.5684115810666,345.5165715951183,332.4865973990483,244.61623546506414,366.62190546209257
2024-01-31,145.37822997559064,404.06206719385847,601.6630719811154,271.76056849275886,190.38152200035412,35804.09023127223,293.56621052289694,167.74407536230007,303.32860828846606,304.89631552790775,245.71516774469484,181.52408581420698,317.4195166891376,445.18316084340626,242.72333337078194,277.06690992579746,240.36721098060855,162.89086055340562,319.6498354619592,305.02736884910433,290.6229090877211,248.08164468077334,333.50754608703824,162.34375459519538,843.4421494157073,227.33490204160898,541.6710387356535,94.70999875765796,309.06424859858396,405.0208090814476,304.42790920011197,221.5862783122751,272.34586850857,181.35524741719203,287.5159592123837,462.4194647616707,119.08948896366738,202.00464889648907,229.59977321181984,313.82865103299645,786.4695174944312,349.128638099024,330.51164553130656,252.29222929675763,367.80294139887866
2024-02-29,155.49918771342877,423.7256248267661,574.5741927052051,274.6108272832899,191.03530716817275,51633.21939365918,301.46013217788123,174.27718951851423,297.694619671943,309.82916807149815,259.875021209147,189.69819670716515,332.50838341513946,463.51994006402475,245.96015517948283,272.0959517800774,260.0111220300678,154.82345992407363,339.9186978744732,305.67142631680497,292.951757210448,258.64430592244844,343.17177158399346,173.8237500036357,891.0536422407881,227.61273331084246,571.8963454836572,98.30492768278701,318.63472962667106,424.66232993925905,315.471375343369,219.36082360392084,275.0490321480345,181.24371127236455,301.843764614032,488.0062122410577,127.45087323820667,213.40303870535865,223.35518240531712,332.57935129689656,830.9196989133634,355.3190049948121,325.6702215560128,265.758700585018,385.245656752203
2024-03-31,157.6493715813995,439.57790562960906,622.7327186647786,272.59372981204694,192.83517401246596,59524.32590064667,316.8361916484333,176.68005118051312,302.0611145964681,320.8931651576963,270.536448160327,181.47370590696337,344.8252472284749,489.2862017979744,258.1147328772823,290.40915714732137,273.4385091954137,163.99770253902446,354.5570872875492,332.8612336263202,319.8198103358918,266.34568907703954,347.6584788255655,177.9429082976694,906.5927579135983,232.95575521954768,593.3331581374999,105.98942044042134,331.82113765799204,440.2343172108369,350.166838836948,226.96841816649857,273.10053722179583,189.34908361912645,316.2520473934446,505.4732905436224,128.02416632675119,221.19017826170247,238.05345505439374,344.1690674448094,844.5212681996077,360.5813703656382,332.8063311888651,277.40589194143075,411.28566965007485
2024-04-30,163.99815882718974,434.73560629699807,681.6352361749882,268.31834162625034,196.7925630859775,52701.25668251215,326.29164304919686,182.0522359417323,301.62779293549755,311.42753147353307,266.1342257181641,191.94485537822845,333.3613934786128,486.04324909850936,268.45898284481507,281.32732319348776,263.41850190326966,172.2399589680927,349.3764190265191,352.7027452774228,337.7435432226518,273.3726490077179,361.73682744145526,192.28873252624,888.9513032627128,214.78948072994993,583.8670282210294,108.19725602080146,328.64889823362955,435.2342819852604,355.6724563141757,227.3695048463039,268.4488786560928,197.67744872882068,311.77931097456195,496.73749508847857,141.12526279729875,217.24676722034548,236.5560176604345,323.7871641967351,827.3486196066149,373.9528757834123,335.91418268480186,273.02913511976,416.4296117802399
2024-05-31,165.8545861900208,462.1873776887485,757.4169912458943,260.16224966938177,200.06537668293382,59634.293895499606,308.1588238747438,195.68560130431635,322.91078126413845,334.3769550811632,284.77221293332906,203.40967592145535,347.47004087178675,527.235945037925,285.66533492009916,283.47264084377827,264.1040944334035,177.15577228314856,372.2779981935837,363.4977269919065,348.9192164860565,282.97701564737804,372.38920891472077,204.59099860499714,959.331507205683,207.03141878852915,623.6001232858076,105.00064308860289,349.69646000008083,462.82277369354335,360.350308842467,234.68636486332565,260.2924874221881,206.97540506972504,330.52022266345347,529.2492615883173,146.27410726542146,216.149092657467,234.4547008143979,328.7524243752848,893.9627246207259,379.51708142718064,347.14804435273504,284.1487174681668,440.5495966361742
2024-06-30,167.8025684028556,498.65790921499985,727.6501958830634,263.9333383961779,211.54143272496339,56355.11967171412,344.9574523014214,194.45877767712122,335.26799132901874,357.1644613608543,294.60507332112536,201.06541678525645,366.20091666770304,600.3535196181772,295.68260418176703,263.61610901172514,296.8135180644007,203.0829907658243,380.0581199761352,385.14273181441206,368.4368036657957,307.49804755523263,414.3251464489598,209.08974000426093,1079.990561922294,206.13377871560394,682.6334689170627,118.10172660091378,363.639191982083,497.1325662178949,375.63222875950817,251.11590210987217,264.1489724567238,214.55022530867015,340.86276010058947,579.0093003417197,151.90941831949573,240.54886584144919,217.66897644598254,348.86158591791536,1003.6910739040337,426.9785916960951,361.7203669720572,291.9110789695845,504.1156829911254
2024-07-31,169.90945854762342,516.5139567247256,747.8996421713115,271.9579023363912,215.79495158136845,61585.548137485544,328.721800402359,199.442299672164,348.70503985016796,373.14526442039045,305.33802249345996,204.43800109391924,388.50897950350765,600.5584838959365,313.5616273911241,268.4892052584263,304.8890648823619,217.63952248946447,389.8699661128379,409.5631208542749,396.0174009547359,316.0835655559147,435.08271889128923,210.00629766709164,1083.2184938771163,210.51506320298574,704.7917563181591,117.67606174412812,382.1350884087302,517.1693670229931,391.8452321096449,262.5827412029017,272.1326852562463,227.9729838150154,356.45859848583785,597.3385454582348,151.61408455885575,243.61213514009498,220.96343011454084,370.4189673019414,1007.2037854957592,451.068752777894,377.68928480343993,299.46574266123247,492.0320204363716
2024-08-31,168.4192372515088,530.9783221024038,854.2944074020008,290.7257275357742,216.43335076405904,56510.6601982214,321.8522015567425,205.0312012437327,371.6187443573145,386.9634533251649,321.2039284577772,217.54706770218172,395.14877176856305,609.8161577687754,325.5041939394396,252.7033957566925,300.9663999581569,225.2381390093467,408.2777335191749,422.16777528623004,405.4991452620464,320.0748263962312,438.649754157841,212.20019338193188,1098.4156357220552,219.64093744858639,723.3931858600132,112.86233711237628,394.40746660766223,530.802006461486,384.86691353405587,273.1057056195073,289.9377504903215,234.47358591151414,373.3018595214851,612.786090809418,157.66598507841573,244.7900549288461,208.09270618494207,386.52093282048395,1021.255000314226,456.714736396556,403.3705461378591,312.3675303386739,509.05446567094776
2024-09-30,193.19542062415624,523.8892425131693,838.8124005798447,281.58296636074374,208.95315792760135,58442.74632493285,283.0074913757953,202.5484700731841,360.0135929299138,391.49641951408984,321.6021157491579,242.22060085079073,379.2127041119622,589.506180519731,313.2495839214307,247.05147241951897,283.7330105337343,233.38296568147686,400.1483832632916,430.83413376498373,411.40668538887644,325.7513138574261,429.4323971447732,249.33644467556508,1088.2538961274036,209.36096851403235,713.061490632852,102.48319774057481,384.883142357989,523.7130342612777,360.35122486378543,274.18065740827114,281.00963588300505,226.45817671011287,371.9156620345355,603.5561056985902,179.67179441901874,233.29551278571205,200.9279860210524,371.38676917118596,1010.441114787713,451.93853077443293,394.05119219591774,307.0841477353781,494.89604510433384
2024-10-31,198.4589527262724,544.0032684820517,978.3149329232423,276.82525859816525,221.6098820203027,68722.00158191688,305.9629980489949,201.43053174394595,364.74579615021105,388.25442250529863,325.76172686549967,246.01647144183946,382.6747989282127,629.2759219047931,315.70577313026087,253.28365063119267,281.86485673970355,242.41189789174035,400.55232284608877,474.6455617966288,455.08563274555394,334.71087200328986,426.5751128039895,255.81680217593168,1144.1923443819098,207.84355224863313,749.504623894765,113.60305037299896,387.24927814763805,543.324491333737,385.61720071032937,272.98417802311286,276.5263920866377,229.01477406353416,378.47452438591944,633.7796935549406,183.12336058359625,231.63038815533997,201.0161934809194,378.3361210457835,1062.5497900277135,447.5065795183524,399.7987192106079,305.6117262233613,531.5260232210873
2024-11-30,206.35380815773553,590.6506773749717,1169.6133195740433,268.1867968821353,231.28605287955867,99553.89537230249,318.3620442977562,208.33539841290195,393.5731806292961,422.4700381155156,339.4595126238896,250.58002254526565,408.88849895560406,643.7914159432066,331.80754749797796,255.94209691889787,281.99456985838015,243.20659442760592,404.06532745294976,480.6625283543116,460.1177989782427,341.09783688744585,444.87583490306315,256.52391793412147,1258.048303871726,199.4443211559242,828.8773304487963,116.17841380127459,405.771187056511,590.5354585895234,433.9820678733258,291.43075974576493,267.9031295301441,238.8694949998289,395.15454633494835,699.3545528525917,182.41282975911975,229.80850916253308,203.41856975050226,391.6972527025289,1166.9239347714504,463.50507765330934,425.98801113121107,308.6641166940284,533.2020416539472
2024-12-31,211.9782578585785,590.6288585089202,1202.7643885248542,257.11465703521833,237.59326148866836,98037.53467845521,334.6661696692344,212.0957842510514,379.2811139314095,398.39611281480154,343.85383950493235,250.96997571458397,410.7457035187271,665.0310064578891,329.5180934483807,252.64047832413493,262.83412285026543,232.11608848601495,412.83743422354274,488.603982404985,466.0061481288984,344.210990573381,442.33166647071994,265.94737871166967,1298.2232211744881,183.693086699042,830.9941396292013,125.91310281952175,402.2223745169708,588.8261595171031,403.1094376412298,276.74083674869854,256.423211392513,239.22163331593578,406.1288729597237,700.4725003970885,194.0276803829927,218.75976978331047,205.52331525940818,403.27449238189115,1203.4311224129976,459.3979038114419,419.9582045263371,316.9551610677177,562.1548713220133
2025-01-31,198.12876307607414,579.2601034076927,1196.4054890459024,269.67769864945836,225.92492647873942,102178.85427556877,327.2692449485787,220.12399133126053,358.89825722508533,390.73857090976287,355.84120261837035,236.35280409819282,397.6168709190394,628.5836408980205,329.1406692423293,251.31611324174816,265.0524163921065,230.40699521469335,424.92975009149785,496.9994960668397,473.18873943155745,332.13284659218726,407.4245670024314,261.2513391480982,1261.1732523705657,195.3408842433847,811.4050750709673,123.64381528704445,399.4250268632505,577.0184628372555,392.17268138225677,275.0410769361286,268.8986953184958,239.38233302662738,420.7297088502143,684.0667142614251,185.9619185256908,222.38077953042315,201.813147482585,388.3604468305431,1169.701992813874,430.00383650257027,395.57680579736825,326.60502060622457,562.5152235756574
2025-02-28,198.85360762865048,574.0493365881446,1138.2972390413063,263.1221235041887,224.55966328349209,83677.92412156648,310.1203190618883,229.1210394179476,336.1793845341881,378.5929492652497,368.39816097966093,250.44377652547843,396.1397780612846,617.0132408785213,340.2892316569633,257.65140603272283,266.86768997334053,232.41714934917232,438.0829772223133,498.26426575474204,478.89689386015516,332.9292348638056,382.0101020969838,287.4046354923011,1219.6625990904868,187.2194844199092,796.2634352155995,118.4861001373293,405.9945316866033,571.1629799826646,404.74724166402706,262.5397063655164,261.7869020209772,245.12965502395852,433.94513665596907,670.2492351174474,209.31893388356627,221.1322333182198,206.9922665714344,372.611022238122,1130.4989872894848,399.1160842027055,380.6553843225238,335.4722660639699,528.4935554100938
2025-03-31,197.58550075561268,545.2941270208249,1095.2696217530774,279.10546228509816,221.448356684179,80734.55280477791,312.34287943486805,235.42018929023493,329.252534535056,364.7880737442381,373.46660290299155,245.85059868275164,391.16466112891015,568.5866784249503,339.4701768870298,256.29448486228904,260.13752435070023,248.45159146543466,435.94667553752436,540.898661764773,516.8743160488212,331.57260981313306,403.1893323795837,287.76015905482654,1111.5200105925676,199.65803877115061,741.4786307874576,120.12206875097068,400.33042640574143,543.4361340058516,413.082297583475,250.5030234885326,277.6925044768483,241.7930854864066,437.8991009663998,622.9279285446074,207.97495737344414,210.7784146815532,205.69263104150798,353.19785661592726,1029.1075703371557,424.97283064355844,369.9585214240785,330.8900882467551,464.7080046845949
2025-04-30,189.40617612112888,534.9596185482561,1134.2503627772971,288.59899829279544,216.13722098116557,89926.93583049129,257.4557600554966,239.86796935917525,325.40334244433393,374.72206265405174,388.2006729474894,240.09124656667157,397.76501829251356,554.9499052591535,336.8992061127631,279.6489626772538,263.9999056015653,249.49605234908375,439.8800346562608,558.7278180232712,531.8428745722955,324.8195179763946,409.49560393742655,266.7124189739477,1100.0153287457265,216.92668949343204,717.4207125331284,96.36421364791232,406.41050975167514,533.3759132141616,347.3043714429021,257.44873110460526,287.9402234160484,241.72121680575006,456.42445303678915,603.3519819316234,194.72620735689492,217.64804346152218,224.28450643350905,366.5744688741367,1019.6690299736989,433.2060844226995,365.1148506734573,334.0678291273819,455.318010154331
2025-05-31,196.67893844180466,569.9511952977382,1203.7889722257728,293.7733034424778,217.87171114252493,100069.98416681556,262.7288589068036,244.6667606977957,341.71723242759964,395.18400918700326,415.89088916601185,261.6335727719671,416.05680468306616,617.1345637199312,355.8252894472715,297.7270190264139,287.14654970404104,265.1599922606681,466.5856359228756,560.4679307783465,535.8108907883275,342.658116116691,418.48384266212497,274.88974525455086,1210.6156086087499,230.04914999676336,768.6260819287177,102.62405994818616,430.6708403743323,568.8735511335597,354.57091183560476,271.84578768982135,292.1186151615929,253.70555526226627,490.3154845487883,645.6122635116166,204.46643121285555,241.76197627066344,235.30069268553962,385.1004246053233,1120.8090441014988,443.1655311299214,386.69761489272656,349.88885812697646,524.7205237029324
2025-06-30,196.5673067233609,577.659570331356,1094.052621209994,297.851357784642,210.69149916986282,99690.86557803414,268.8215122902874,241.32278386765563,342.8378673547369,395.67996360397643,412.18514806437236,271.0514268073076,410.25350956332767,653.9920086271643,349.38492585468515,295.0138266743223,328.7499179698015,267.12211184002155,463.80853602050524,542.9034448884273,520.2518302998978,355.1838302445843,414.9008065881061,280.0457546311891,1245.478778992108,233.01986887355474,781.4901336890076,108.05033597572478,430.59054174811456,575.8338843476342,359.5816475050826,269.93679643711124,296.0156050140701,249.00725653204864,486.952334366802,655.306675885194,204.16346871066762,267.54132989280225,232.02859570707912,395.26432684515174,1151.8271646714231,441.34392226648697,384.91139625119797,344.6489968958453,542.3152359674947
2025-07-31,207.4028240547389,594.104662536324,1086.8792648187678,284.76212046648203,214.42196788583635,109621.73513725025,293.48980140406223,232.9448814486307,344.62418946675064,398.09592731266025,407.9823916238963,287.5180201057395,409.9990808762742,676.7029786807011,356.3767551924215,298.1550561372477,339.37157965903725,268.31133163572787,457.32184862125865,552.3147549251573,526.2153030729501,363.27914780032256,399.19325063601065,297.0560953897665,1298.2519838616784,217.82431326074837,813.6446782177759,119.70990411796805,432.1421094110482,592.4587616520441,376.30414359208123,277.52780779010067,283.6850856996674,254.8860919306569,486.07086673032643,681.3590619327379,213.81955065355402,281.70223364832543,235.54198405251387,395.0062952194336,1200.0864389149442,424.74972311375024,388.31947228842745,342.87204132794716,569.4737948571496
2025-08-31,218.11765640753808,592.2448701363195,1022.5600707830985,303.6614736825202,208.17630321723883,99673.47576451374,267.6159633468031,248.75292049636934,333.1748876547024,402.2454364887456,403.1254924746185,285.34640079945575,423.2528603204809,662.1704918982456,360.3366835555661,298.13429896231366,326.9069729156177,283.1819769034876,458.80872751853826,565.6175317331748,536.3680836444021,362.98678496729366,382.7062900414645,307.8881734742823,1272.4607318334436,229.60033811310515,806.1542102811176,109.28671462701341,438.1368836828844,592.2014722306496,378.6649584000237,280.109754309385,301.48801910121944,254.0728751319135,479.11367930214135,674.1251847949775,211.74586656099126,270.0614450879397,236.28841051222514,405.3512574008254,1175.0313615191153,407.26255634397603,378.6997780863605,342.30751660599776,556.6966435916269
2025-09-30,216.83853768917038,603.2000340140686,874.9921312282548,314.05394338156304,204.66503435851857,103095.03116959486,258.85354748412726,245.67529174271203,335.3681143163845,394.2925721355198,393.7709389635038,285.7040178067708,426.3732554894577,704.1267550343491,358.6167279553281,322.77593350349736,356.3619516563822,309.44682610435797,469.0519289875634,614.8435463102136,589.3258955993338,378.8773959277597,376.8303422086272,325.1096265768306,1318.2548962716953,234.38768117773458,820.7881717808085,105.87855318766348,441.730056811508,601.8412109025248,371.0935511661369,273.61002241631564,311.7527927006054,252.85082025145934,472.71059537397264,686.1657925160964,223.2093528416856,282.34641198621006,252.99748214422556,414.63933931056687,1217.6005947442545,398.3526139794992,375.98911546895516,349.2944144248817,583.8218647269049
2025-10-31,223.6643226122391,624.0236668315634,1197.338469616867,321.0041694866376,206.98408192386063,100149.6377694335,254.16972487268615,266.2491872147737,338.8727717332394,395.36342387817024,389.81059495486926,288.8072545575533,448.6224984714522,746.0202632109596,368.72912536248265,318.3932955478518,436.4393188775078,311.3420216484193,477.1158064928459,644.7023863359822,617.2132937280892,396.83018559393645,395.08215324900664,317.4092201770175,1396.923630970625,235.22119129104388,849.8756373877086,105.350482156751,454.63815327784414,620.9839788768261,370.21539854947235,276.7846479983497,318.79423552485713,259.88288779826536,473.0657861987888,709.6840407885144,218.16161795414484,336.5482243019303,252.99621552434292,472.1262543818402,1290.1799595040384,421.3851468564387,385.1444407099015,356.74690116512625,639.8858978039733
2025-11-30,219.88528342019268,621.2029746553055,1176.147728712119,341.70139008536694,205.96108812841044,82702.13372010202,245.6452257887153,283.9856559909209,335.28748731571005,379.88915307651735,389.6934171421219,296.7190409058435,444.0515384856181,718.4983411855478,371.0341435992291,325.81996841663755,406.83743950604577,324.2318979809509,479.31685059993947,679.5507374464597,647.1299298809319,388.1017145974556,398.51981671167385,309.0337851781442,1368.3208879022961,248.96344429245806,847.3242490354936,102.6771515229267,456.76817036490814,619.2333870119688,378.083327849497,266.2345846492187,339.11486313635197,260.65122036047075,469.4979130176743,707.094273060623,216.3892152972475,311.9467946844982,257.5274879093725,443.6067533640694,1262.7903875869263,423.6503146472957,380.616801214022,356.2464297543286,611.4178684569697
2025-12-31,232.09933532210195,640.8867992972923,1188.853568809496,346.415255175727,210.60688542089883,81395.43552982157,241.84616438139903,310.9791300004934,344.474973278509,400.2946478261317,413.86984270144734,299.21379539052526,458.17587109175327,756.7854122555141,394.17029626052783,344.0789607663804,455.0822155441791,360.47875838216123,504.318723735778,712.5546845081883,676.1086780907201,404.4705856547624,402.5930696153439,308.9132627128446,1389.8120598424973,240.32911893131734,867.1280671204587,102.17152929585454,481.91657996697785,639.0388042654226,385.46718360757785,282.11480211498287,343.4915153065575,276.5617977382899,508.9069996157098,722.664996419049,219.21494369565914,354.6296964555377,271.50709489828324,462.65413824529935,1281.8806050110506,430.0467482614599,395.0386542621211,384.3341625211017,656.961098089557
2026-01-31,229.77800787511308,624.510364052127,1210.2280309826804,390.70378110847525,199.56926577033676,74150.354120652,266.230447965197,329.9845215200728,338.4631116051483,401.9095793087969,397.80842342241743,311.9523515785986,460.9424895726357,768.2577113949984,392.02662701674967,353.2755614311457,542.9655137921977,363.4321789659707,495.7745916913705,735.8228724486542,719.3061922706188,413.7202526602958,365.18937609875724,304.07773312474984,1333.1812244333091,264.5864514413261,833.7928131597472,111.31977845042935,483.92651782715615,624.3932162870054,417.0609873841515,286.3930962235727,386.63767374435065,276.55017259564556,483.02533084391746,694.1473822730507,221.25247675774568,411.3545840069147,282.4361653935426,465.2593321568929,1229.2533849259576,386.23368304511695,389.0750522841641,373.58999471796477,686.5687043306884
2026-02-28,233.5304379196207,626.1675670645159,1094.9995318698984,405.9636070692922,197.54634798788817,57479.11315501283,270.2049351157217,314.0765845067031,338.8865418467959,431.3828802493977,405.01115226249215,319.75245780777635,491.6667927220339,845.5008884446343,409.2377472551493,376.78756293529324,664.6155194213152,401.0308764620256,503.6056491397684,808.1862910838083,774.1032661119206,433.23131982292125,365.19056279651477,284.88449766680014,1288.727373440598,270.1004376588472,818.2085812083557,113.55866226141029,508.25459705964386,628.2199868577221,452.2164170103197,296.25312222379193,402.46226656433873,285.9197201665479,485.94215372723824,681.1550963908926,212.52449349699228,485.45587875564706,295.74993806751746,499.4992138461741,1188.5856464977924,383.40996511612667,387.54473064897536,376.454056308734,751.0356560814843
2026-03-31,221.45301736450006,602.4680977910283,1166.664369796213,404.03419494248595,202.44596818878807,61007.215747428,452.15095805462664,294.1933059086431,311.9627885333058,407.8498509064109,371.3415952637005,312.52386083777594,460.60461416402217,812.080696399848,392.5084115301379,358.89264138117784,553.4918546257957,341.4738891209341,468.1029657319036,735.9310923146855,705.6336940887949,403.43094378330875,335.36988086533455,277.7136512411749,1256.7925372094257,256.46505161785063,797.0972505945294,180.70461485126722,475.9900504976893,603.7592171731842,511.00437910006235,269.94273273858073,399.63758847104975,266.8418433221765,433.789344788975,662.4958333944408,202.47033683453446,380.29837143595637,276.25997472570197,433.0547931366933,1158.5359847398272,332.9572160943755,357.2661717696611,339.93115491891933,674.4968263522862
2026-04-30,219.9741911417704,613.5174504700858,1111.5330816898738,425.0383644291236,191.70832940202158,63546.59012857884,343.43972810316035,307.87776047334313,312.0747205372719,420.9995388628553,375.4907360114376,302.6126606492046,460.0905874354927,875.4897295671078,389.96441624936955,358.8309438558228,617.4914925616799,347.6859774711149,476.0493378848869,722.7336395489145,684.00041488607,417.85390486582895,338.8716733738822,271.6438663521951,1314.3052760490998,266.8091342064117,812.3879853428989,164.8535620216854,483.2411707155833,614.310394587933,440.4557094761718,280.88813546467907,421.5434667327535,270.40066817548234,447.99949883073896,674.8695762923542,200.59010374797364,437.52478957018894,279.701445631551,467.5277797719997,1210.9728395061554,340.6577824041888,350.96941879840074,355.8091802073476,741.4117907163368
