data,etfs_todos,etfs_global,etfs_america_norte,etfs_latam,etfs_europa,etfs_asia,etfs_oceania,etfs_brasil,etfs_exterior,etfs_desenvolvidos_emergentes,etfs_com_ouro,etfs_com_btc,etfs_com_petroleo,etfs_com_ouro_btc,etfs_com_ouro_petroleo,etfs_com_btc_petroleo,etfs_com_tudo
2015-01-05,99.27469994924193,99.35830857401783,98.92697654996354,98.76933279406062,97.96160375567585,100.39225481756108,100.79672893270603,97.59258362947014,99.42761961467575,99.52902090237468,99.42217378442884,98.83865577087187,99.13661669083393,98.99722846541195,99.28372934999088,98.72265433695532,98.87965031813899
2015-01-06,98.97981697927493,98.75068671608132,98.12177184228626,99.38737685771136,97.50889023145135,99.23236796716284,101.50838579359878,97.33556724846936,99.12923804053891,99.1515068582114,99.20178343063634,98.74378324533842,98.7145958723366,98.9662893476064,98.93794364346424,98.49812903428989,98.72122046160696
2015-01-07,100.24977651859872,99.71694937304501,98.78251215053211,100.41033150978156,98.2104726350149,100.78716190116934,101.89383990389858,100.19263114852592,100.25222051287305,100.46100112122731,100.3908154548961,100.06272125171584,99.99082988844191,100.20583253855797,100.13635308826616,99.82107528652223,99.96777266871507
2015-01-08,101.18527286919485,100.65239133925445,100.14599526630867,100.70180225298839,99.32068044012121,101.73995338319035,102.39486534236862,101.30029650821082,101.1720301259534,101.52145936644416,101.24982607243327,100.78712671739711,100.90211263805583,100.86466568581758,100.97518180162854,100.53084038798627,100.61506997164993
2015-01-09,99.9499699010004,99.27177967605272,98.61188002379781,99.8363526588143,97.66314106340647,100.8420009324166,101.95420804089608,99.30302031992188,100.00594391512448,100.29939142067985,100.07704901231365,99.6738158192314,99.62948965220166,99.80663701537635,99.76392041847416,99.37680255504132,99.51560558767359
2015-01-12,98.17747945882245,97.63713069827435,95.8493474351736,97.71029030607457,96.66883328572217,99.49318637294787,100.18355366549505,97.35483008388117,98.24959698486091,98.62346744079812,98.3669996949143,97.6204601280555,97.69616749590026,97.82358899378181,97.8964145059563,97.18081914398176,97.39220524488509
2015-01-13,99.90737450201287,99.47101115561419,97.08842225374627,98.8725847083578,98.67770376880897,102.0329026244107,101.53859965953531,97.16711493209961,100.1553633046629,100.91728292123936,100.08302677002104,98.71519247666747,99.46181873446378,98.92824704919877,99.64751352025537,98.33687596406546,98.55564954369149
2015-01-14,98.4001262882497,97.94017034803295,95.70622593416388,97.26262816027727,97.43541347203045,100.31460600258725,99.96095427262468,96.30723458085907,98.5875861249372,99.41618931051846,98.58128347898347,96.41489062360864,98.12080421631141,96.66199242998182,98.30565593083901,96.22810610519674,96.47283144536627
2015-01-15,97.61190314196126,96.92448580404846,93.60818414604634,95.35270534566341,96.46462515910002,100.48719307967626,99.82639506270813,96.90486369038365,97.67045185501826,98.68910820766573,97.88035481240624,96.3134342508901,97.15104761977881,96.61807841417132,97.42624756089319,95.92779948682374,96.2347045703242
2015-01-16,99.67638048176386,99.05113777254437,96.37019203710962,97.43728155680598,99.436896100256,102.06363644107834,101.32758595809892,98.50014587796049,99.77778840648887,100.58892655334961,99.95924428801037,98.27580081955132,99.36112972150626,98.59782239257788,99.64495769091502,98.03266430782942,98.3514309684103
2015-01-19,99.46517765850484,99.05113777254437,96.37019203710962,97.43728155680598,99.436896100256,102.06363644107834,101.32758595809892,95.99561967422385,99.77778840648887,100.58892655334961,99.75591419594312,98.17013699848259,99.15901627218918,98.49588965117195,99.45006269832959,97.93131584010732,98.25351880468864
2015-01-20,99.91415570250372,99.68848007389074,97.07661431046603,98.13122857217364,100.34954582018571,102.55428895801506,100.2413073778073,96.16420562645473,100.2531921881547,101.07806882360646,100.25731671356314,98.57678202128972,99.41825428743158,98.95381752785393,99.76632299820007,98.15950043975819,98.5370145794946
2015-01-21,99.85529535932154,99.0179419012733,96.6889990408362,98.20985553074605,99.81237491575257,102.39622873847179,99.01435713673656,98.37335343480895,99.97939186203021,101.00768837309792,100.14538787622985,98.75247181130487,99.37136627669518,99.07098194262666,99.66823595105062,98.3365824831599,98.65793350602493
2015-01-22,100.36519237633135,99.37038125313532,97.39438862161195,99.44264611143525,99.6475665849562,103.0707289323312,97.82286373104805,98.84058033106881,100.49316582212097,101.55891893870252,100.64705902199647,99.32825123458532,99.75723694205843,99.63662534962306,100.05065920202654,98.79153517496665,99.10727174757432
2015-01-23,98.83409868936808,97.72139239834947,96.07030222797682,97.40055535186033,98.17819507545568,101.9528841150426,96.04150982425375,97.4735152916771,98.94710859994416,99.87818033492593,99.10033605132327,97.82431983083463,98.16271355895452,98.11680296729885,98.44342123812714,97.22606513632405,97.5286380774048
2015-01-26,99.68256215165808,98.87173290232093,96.83465822423537,98.10607453255584,100.35302171243899,102.69941384375569,96.66662096959865,96.35325588012519,99.97714485610193,100.84257967603807,99.88832727267594,99.32529874845278,98.95244115510135,99.53701828091049,99.17750632555943,98.64214121705884,98.87033258519206
2015-01-27,99.43017105610694,98.54254154054478,95.62911740790503,98.55370097002393,100.07539801840504,102.46076851215602,97.15341234396774,96.44661115401189,99.69218940408098,100.76743324313799,99.69463022536632,98.94173934750555,98.7949813733702,99.21446913067805,99.07263251600827,98.35548663355902,98.63865458055973
2015-01-28,97.90495887879021,96.86045616149185,93.41631441628927,96.46706520560765,98.00905364423576,101.47321752207412,96.4795636480807,94.76866374049793,98.18161085496007,99.14649701622294,98.17886136559689,97.02626943705552,97.17525346219702,97.32197778219688,97.46527357838906,96.36677044950153,96.67440898602013
2015-01-29,98.50751128707645,98.02168332020048,94.24690391004987,95.91202546037711,100.08573831432174,102.02807327808232,95.9615189008858,94.88942483873693,98.82942453746787,100.0504558139301,98.67997372123264,97.59858890192858,97.7833501946481,97.7987052763183,97.9763593705877,96.94571712874712,97.16170558863584
2015-01-30,97.88285035387015,97.59867922466539,94.86965004439698,95.51197439673606,99.31879036030729,100.83574457914794,96.28716336739062,93.18686543907214,98.30695416426744,99.0658600112239,98.20967321853072,96.92581643599738,97.49941487239231,97.2747698878842,97.82731913254767,96.59994000614279,96.94689800800282
2015-02-02,102.1985785850786,101.87133739450405,99.42059745725173,100.04976545891617,103.98763700675413,105.51726716971037,100.38327546558956,94.43865745053127,102.91536839730864,103.58667043135421,102.45158799667666,101.3538313654669,101.92455062135875,101.62874098512353,102.17796283730645,101.12748051671103,101.40008659084717
2015-02-03,105.44297278371697,105.10473609652229,102.81610038421105,104.09216134802305,108.1376097989481,107.69862323236836,104.51594816914942,96.32520797339895,106.29263271521037,106.96052642533498,105.59582434006659,104.32085360591732,105.3216194387304,104.51028053415014,105.47350467306241,104.25144555789953,104.43653472141446
2015-02-04,103.6550079720361,103.24557021844356,100.8718826850415,101.88680167698696,105.17837590183478,106.6158944490189,102.64653127671264,96.51701204016474,104.30716742272932,105.07852161859061,103.84476073160516,102.56535136905478,103.27258219974145,102.78865667989999,103.46957759463078,102.24615596801459,102.47266410235241
2015-02-05,106.38525211211542,106.22150261446264,103.77394045527677,105.28326387093256,108.70675101394956,108.56252929893759,105.9847586469798,97.01082294218418,107.25583963366483,107.81601441947987,106.55074857084446,105.05151648640837,106.1288571462421,105.26069337774248,106.29802867964703,104.86241015473186,105.07083844914776
2015-02-06,105.30754515233834,105.29897480280432,103.60160560022287,104.77833245782062,106.6495618199137,107.34963040036907,105.19662626545161,96.12197001883474,106.15987667342735,106.43668907894461,105.40930978670842,104.13484497615993,105.20013961910027,104.2775651603508,105.30266427662667,104.0808068746563,104.2206049609278
2015-02-09,106.40807099519111,106.37352981938824,104.80395793041212,106.66634650582402,107.30365229299737,108.15402791052611,106.62567112883899,97.04231316784583,107.27776258105897,107.57196342263076,106.54437327690071,105.19635408610874,106.37962905665567,105.37340089755591,106.51237408771455,105.21898035835994,105.38908056957403
2015-02-10,106.29032520267981,106.76216797841236,105.19659876718126,105.95915466974517,107.86489138296531,108.21877870547884,106.41480498681865,95.94119914376556,107.25892214739667,107.39087028556071,106.38588699826275,105.0593155485994,106.06847313659011,105.19832707844385,106.16926244119571,104.89873393573161,105.03870189120516
2015-02-11,107.92977427610877,108.89157522153114,107.56060038203626,107.07534489733328,109.84890391456904,110.67947609139017,107.81299778582381,94.68735974974112,109.19114181357207,109.25381425511719,108.00938988729163,106.70060384650806,107.63986403086874,106.82442182854157,107.72791884799398,106.47524888563792,106.60293286131004
2015-02-12,110.94644213313845,111.705716721291,110.11497226369814,111.76809532776221,113.95925011069698,113.12793276216952,109.7507808656416,96.61384963761202,112.3185509363153,112.55546544931462,110.97010818113753,109.66631256143773,110.73814421164147,109.7388876994747,110.76948858643838,109.52066263774907,109.59626099993936
2015-02-13,110.29598393035059,110.53827498181651,109.47303972557616,110.9738931918492,112.361855962327,112.1842885126171,109.19435453802058,98.65909180311485,111.38403000394635,111.59235059109072,110.29420683495579,109.24052084765957,110.13980073309585,109.28039512613708,110.14473058992785,109.13549321512951,109.17816330159947
2015-02-16,110.29598393035059,110.53827498181651,109.47303972557616,110.9738931918492,112.361855962327,112.1842885126171,109.19435453802058,98.65909180311485,111.38403000394635,111.59235059109072,110.29420683495579,109.23253730718537,110.13980073309585,109.27271584289164,110.14473058992785,109.1278241143401,109.17077535414954
2015-02-17,110.64735771487226,111.04756725080512,110.02620737197803,111.35600035073216,112.59884864232193,112.44960923829626,110.25423076993543,98.65909180311485,111.77112819783042,111.94984821476797,110.57171345336808,109.7412192001222,110.52901217308168,109.70503903570687,110.46156052686038,109.6663657836778,109.63476255384037
2015-02-18,110.91805828192203,111.47963885481347,109.63271429306047,111.44229152653675,112.90786457630293,112.9021532258766,110.33698024525518,100.03423495391795,111.92780961735056,112.34090636691798,110.84351858240768,109.86726004717202,110.66974595926457,109.8377453996908,110.60843176179259,109.674078999197,109.65330612877493
2015-02-19,111.04124790481818,111.77171913721573,109.93855298142464,111.20730512251833,113.16088266400652,113.1397733201701,110.05196334704124,100.13722887232804,112.05294540716399,112.47960110043518,110.95943596276908,110.07111050917358,110.76386328993885,110.0315445064639,110.69670561622189,109.84698949610664,109.8177061260129
2015-02-20,112.75137319835132,113.86023983262355,111.36647364652895,112.84839781454532,115.67796210751675,114.88156688967759,111.83467950687131,100.00538645029448,113.94894594636864,114.52560728348924,112.62030661430123,111.80872892461207,112.34182465215675,111.72114402192001,112.2325867268765,111.45748598696326,111.3867989881052
2015-02-23,112.3272989977767,113.54554205557245,111.27782447117431,112.76064001235493,115.25929766790564,114.0390655993931,111.52724485028213,99.65083887302332,113.51813141282399,113.88561487091076,112.22079036011645,111.31658899982695,111.80729971002705,111.25509639435319,111.72594445061708,110.8628016324773,110.82102513926324
2015-02-24,113.5625811780421,114.50035773611332,111.92501615452232,114.3951834316297,116.7092172484781,115.439051735552,112.18376763757433,100.61711779126729,114.7799305425165,115.36660617391546,113.41551472441014,112.50533185731864,112.98688235633333,112.40699854025793,112.86888507704289,112.00040275538603,111.92520365117642
2015-02-25,113.03744213563319,113.84536334767526,111.31502396397033,113.57027124310703,115.97472670903129,114.75910008160133,113.2204560827238,100.57741376010448,114.20502805684703,114.64277996753074,112.90131297558814,111.9544845660545,112.60935659408237,111.86758350949869,112.49599954215206,111.59135842029198,111.52177704159143
2015-02-26,113.30906665630908,114.08927001086289,111.22882912902512,113.5023508233338,115.96744754011536,115.48618860246368,113.16322289534986,101.54650675356471,114.4043701599722,114.91327965629623,113.19491217485881,112.2114723510413,112.73737082948996,112.14608200735725,112.65073034795327,111.71211569328783,111.66831207854328
2015-02-27,114.61112582117616,115.44442973473983,112.17341425144596,115.70934838211986,117.69875152963803,117.17037645460877,115.26213850802695,100.37651514093746,115.95835951432146,116.41834415875145,114.50431910465304,113.84051812114633,114.05567272400438,113.7693738930017,113.97542883823118,113.3426439359134,113.29327077995433
2015-03-02,112.18232348374428,113.06986128314955,109.84645181909995,112.20672297988958,115.22859253397905,114.88670535777443,112.69987599665185,99.77247996540767,113.34104789183515,113.72302740581515,112.04883216704256,111.80028295739332,111.68236696741192,111.68844994555691,111.57440618882721,111.3388584288149,111.249098574227
2015-03-03,113.7878372485454,114.67716426059408,111.82166488655523,114.27634488009772,116.31894747970964,116.63204459134604,114.98692336866463,100.07461405389952,115.07940619959136,115.25619383686589,113.66831271705897,113.52423040865156,113.34709139028168,113.42112977608983,113.25017325664619,113.1145620512263,113.03122191928998
2015-03-04,114.4655879300867,115.49917046219973,112.82509229089577,115.26822659204632,117.37426192697305,117.3500910473299,116.13795238655158,98.63239594093706,115.9779318288729,115.88269544008358,114.35924947994232,114.08814120001698,114.17944240794876,114.00217698337785,114.08908490610754,113.83160863655952,113.75893384734562
2015-03-05,115.92345306265885,117.43691140044257,114.3818644430448,116.94909006158886,119.56243471958243,118.87335380061299,116.7031979472229,98.49154141800813,117.6043996809707,117.721585286277,115.82102517939437,115.60321224706773,115.57020255104702,115.51876973391538,115.48623377691266,115.28005933424711,115.21135872661499
2015-03-06,115.4073857127615,117.01797437407117,113.82006405781591,116.41304568103446,118.34904127048146,119.08533655715705,116.00068841273084,97.79575159384754,117.1087819501124,117.21028614885273,115.24306704255498,115.09541220917873,115.00369033947939,114.95128529556207,114.86235685453212,114.72352515654049,114.59933549132487
2015-03-09,117.19119451722374,119.38803298908492,115.9736314559854,118.07740945385343,121.31715019702729,120.98511004464596,118.7185362119692,95.88857987118729,119.29106250805206,119.23684293626387,117.0451325474507,117.18097891476775,116.82567164638587,117.04240962069959,116.70032356430788,116.83319978285445,116.71342773318581
2015-03-10,117.16437532161648,119.62643135109813,116.5432478657157,118.46461610758425,120.85701388356117,121.35738310987823,118.23578768474765,94.99409944010013,119.36244337506956,119.20144756238464,117.09654650915155,117.29156644083551,116.78597762923513,117.22277813959137,116.73614054196946,116.92572912739143,116.8736514244595
2015-03-11,116.98127295395355,118.95969964200404,115.55570437713104,118.6345130879682,120.50891557918375,121.2693973105977,116.80122345368427,96.36554497290494,119.00228837773142,118.93206167677432,116.861246204327,117.15766984788665,116.54293310095827,117.03671454830523,116.44538949201058,116.7320809626061,116.63215634035524
2015-03-12,119.08216307265252,121.37938683371058,116.99970981979202,121.18683701604567,122.39202704398464,123.66300831204408,121.42601531133579,96.47525467991068,121.3214474882095,121.05158567162621,118.9128847661633,119.18351208580336,118.50297916541285,119.01811788806098,118.36378162435881,118.6254964341398,118.4879411794368
2015-03-13,119.3208229139707,122.01411991751046,117.79325972340959,121.23445872399188,122.96877244118525,124.0638890415469,120.9023621273559,96.0710779735809,121.63290575427568,121.3234431624324,119.20369156887847,119.32028244376622,118.60989102767306,119.20913181882354,118.52581906739333,118.6398402545302,118.55895756029078
2015-03-16,123.61385349613974,126.64901395039169,122.44659733118289,126.06908585172938,128.40210019586488,128.525131641208,125.7046108163113,96.2640596346269,126.38474869508303,125.92837538751405,123.44132535075647,123.65534489253082,122.69911608071808,123.48932393666263,122.57006153797143,122.77715783305192,122.65117599266284
2015-03-17,124.0452523125241,126.40991754211706,122.15092589009191,126.88806271467756,127.72473206784913,129.46655391106643,124.43281788579328,98.48976419495628,126.6002675569311,126.39730760553687,123.82482521505769,123.9797292008363,122.98987558904686,123.77189327984006,122.82063933739178,122.97108602782151,122.81007028890818
2015-03-18,126.5950834208762,128.8049852694376,124.35412431507311,129.66317510442465,130.29117815270686,131.6068614030275,127.61118041251277,100.46632684988586,129.20822293269666,129.22799011727918,126.37068192516661,125.9236371281883,125.66890032411082,125.73629143956697,125.49071317928949,125.0673050067985,124.92001742963788
2015-03-19,124.17538728368945,126.48395383808939,122.49930089088106,126.88327994751141,127.2517872085466,129.44173301768868,124.87276336154298,99.5798446158256,126.61771180849561,126.35400049391039,124.00456757537314,123.6596325069328,123.11728950196172,123.51732763401984,122.99553340672955,122.67006514874774,122.57096765507217
2015-03-20,128.6902007347663,131.4939322409936,126.5044370180578,132.06314104840143,133.58809757479918,132.97737492336697,131.2856310689893,101.21463868910342,131.450864161756,131.43618121537415,128.5020765680683,128.10289321653212,127.63481993839304,127.94687845585071,127.49643343050548,127.11924357221922,127.00680216688802
2015-03-23,126.63248139691123,129.1540741365671,123.66908118833544,129.7191228331848,131.11404910862362,130.4239100112855,129.8865955142537,101.65927754740827,129.10542724235526,129.3608907820238,126.45869964438525,126.12978023740551,125.68009706812686,125.9841304628617,125.55133431702939,125.24088500301922,125.13477013312175
2015-03-24,123.15957381131841,125.00081569815448,119.34100677196136,126.00416112679262,127.24699433186953,126.72999374610528,125.80586628064803,101.22578954835866,125.29286193159453,125.59188254670227,122.99024249443171,122.2703554763378,122.2239533313987,122.14423866659186,122.09878971750815,121.41498307769525,121.3262958244599
2015-03-25,122.4226001038011,124.10875444348825,118.66388266681398,125.89598552483933,126.87080459763489,125.80416392504023,124.50140592654549,101.40820259037599,124.4544390405697,124.67687326624863,122.30303198998007,121.59233848941466,121.70057272826429,121.51141275071626,121.61448867638742,120.93833179399101,120.88527269262657
2015-03-26,123.56186589774232,125.78970804780873,120.69497620294203,126.00555152037127,128.1750113312564,127.63091931257651,126.29910094209593,99.55212389569579,125.92498305979807,126.15129584111222,123.52357140275336,122.82039874894515,123.12565401441755,122.81365067584306,123.10609020139577,122.43561593557948,122.44353379416384
2015-03-27,123.06538969968032,125.35322848059987,119.94730939355773,125.74442487461167,127.70310619843099,127.31291998950718,125.33909941196026,98.64405735838446,125.47743502026047,125.76065425784759,123.00172460742431,122.2897465550355,122.33552300814377,122.26005490405069,122.30298495709566,121.62559698001489,121.621816394609
2015-03-30,126.32328420427599,128.48316862056612,124.11451784872418,128.66215453090578,130.6635889577516,131.64035070173833,126.07368802681553,100.48268856917157,128.88854406663856,129.3378903303278,126.16605816239033,125.50256927720238,125.56570573793819,125.38523191440667,125.44479112305692,124.813889081267,124.72705995008691
2015-03-31,124.87311783939896,126.5410441152628,122.49391752941861,127.70803985571852,127.95830973777045,130.19947438967282,124.40739210133995,100.31140078426057,127.2943921864355,127.62412505785048,124.74799043381385,124.0292579009665,124.04518737171686,123.94349768489936,123.95773641347783,123.27435459777132,123.22027522533891
2015-04-01,124.53772669962018,125.51526807720279,120.70668460162052,127.90600535609701,127.48833377473021,129.75246061494147,123.16089254170389,102.30178589002304,126.69179988601257,127.45830132776572,124.45251293213056,123.71298532884838,123.88317092969861,123.66460602427121,123.82707037883837,123.12290842189921,123.0984417807329
2015-04-02,124.67519143085421,125.39771911706417,120.04318208658312,128.28208921098118,127.49388907130006,129.92227799972278,122.6376581358203,103.6840482658139,126.68873605892821,127.80291813438926,124.53293056076649,123.92038008426847,123.97123891026192,123.81478027028771,123.86248238664118,123.28008738358822,123.20264112958867
2015-04-03,124.67519143085421,125.39771911706417,120.04318208658312,128.28208921098118,127.49388907130006,129.92227799972278,122.6376581358203,103.6840482658139,126.68873605892821,127.80291813438926,124.53293056076649,123.8798904077167,123.97123891026192,123.77588106555035,123.86248238664118,123.24135616467635,123.16536783058673
2015-04-06,124.56411262584415,124.80288296944391,119.7230703793614,128.84903129124316,126.98746301888235,129.34060545837266,122.13671715579267,105.24881891535836,126.39178841118976,127.52469393510665,124.41930206050516,123.7957743699939,124.04065732293353,123.68826886523135,123.92236824436569,123.32860282649062,123.24281615091321
2015-04-07,124.2744453691911,124.65498088069214,119.57490865485039,128.9460188596595,126.55227872017163,129.05824138140395,122.0620918269739,104.79546298664863,126.12064473433584,127.2078301652223,124.11680797630136,123.47459869441334,123.93335034425455,123.35606865564867,123.79559647020145,123.18309104611961,123.08010330247944
2015-04-08,125.33795892184409,125.49435153789341,119.83796729206627,129.28047239911348,126.74480390646022,131.46640883913417,123.51986317336592,104.75468098096093,127.30253891206831,128.9571252689219,125.1146563849373,124.33521541170587,124.69930061999266,124.16192906484204,124.51033288142794,123.76760191951313,123.62245133598707
2015-04-09,123.06351627161271,122.64501222267334,117.85014949641395,125.72062003497118,123.38753105111762,130.25684067024707,120.17034032271583,104.53076678620138,124.80717492578704,126.40428313161438,122.77477318423982,122.01686477663978,122.3901075455055,121.78288373122146,122.13992157063933,121.41798810024196,121.21585043253418
2015-04-10,123.69523729896659,123.47041351039213,118.75549709778328,125.70558210172491,124.38469693240475,130.92208457011165,120.43987029960151,105.02273554483406,125.45268967132705,126.958738223521,123.45047865922396,122.48013710729512,123.11151841028585,122.29489254736269,122.899774384016,121.97408067799844,121.81506548793041
2015-04-13,123.62797444894828,123.48589032733858,118.71981029132239,125.48755655993268,124.24360565632814,131.35006938447094,119.34664398043984,105.18700624534189,125.36043073686707,127.01868196596035,123.37716916505697,122.20302144461617,123.09804910174502,122.020394002133,122.8783594558799,121.75711749353664,121.59831082331193
2015-04-14,125.96981449443878,126.04358931086028,121.23696132129457,128.1170974927011,127.01384658216452,133.62941803045072,122.53966005865682,105.01536754621321,127.9695620744494,129.75594291043134,125.66646056284615,124.38073906563953,125.49904310864153,124.15466951782406,125.22663844164282,123.99795005078047,123.7950269209652
2015-04-15,124.56268404214276,124.4897909406739,120.48991073446615,126.91291806668963,125.24563894051239,131.25455840313748,120.9738418607573,106.2647238185763,126.27173839586523,128.09942271478633,124.27360273231238,123.0640947328626,124.29861330869186,122.84796535530265,124.03151210854963,122.87394627233623,122.6731357654727
2015-04-16,123.48496870786268,123.11469837375122,118.81077785782243,125.73327696674149,123.26639664664891,130.06584592303682,120.90127105454155,105.8921466734296,125.12016562183199,127.23167403310134,123.16161510375383,122.0826989067289,123.26070000731009,121.8301393777311,122.95909909284468,121.92652670980686,121.68937597391655
2015-04-17,121.55552882166529,121.32240026224761,117.16604311101604,123.78824436440364,120.97090011298857,127.81039554380406,119.28720894715158,105.17030041943907,123.06498779503481,124.92448164850364,121.32667098012058,120.11839874236958,121.37524044238748,119.95715534310811,121.16256185536425,120.0054181421361,119.85442414531997
2015-04-20,122.29022186226901,122.5514335114994,118.96553925457974,123.805249004093,122.24938059250591,128.55572328093092,119.66691855161757,104.79727246429218,123.91610549981633,125.78083948726835,122.02258301255135,120.88199679476952,122.12091969179244,120.68273100057192,121.87056009748699,120.77833390442333,120.59039959130841
2015-04-21,122.38436061321924,122.82596574351994,118.38295692546863,123.77525023833262,122.6937297342757,129.00759450921302,118.93830836845432,104.79727246429218,124.02016770275436,126.37945240180102,122.1290380999226,121.18825516309397,122.09162451153163,120.99220642229682,121.85808343272986,120.9588788241842,120.77888398443758
2015-04-22,122.94608645941874,123.12305878690867,118.92064808881628,123.93687544036986,122.58197388670406,130.2338400296486,118.87164168012355,106.25962381001983,124.4838238813625,126.98562945900802,122.59613419092028,121.6943057732891,122.60153759766578,121.41033862302409,122.27929458761473,121.41782037923765,121.15512340043482
2015-04-23,122.864455370575,122.77709252087791,118.6200558126325,124.75943638332387,121.993671250902,129.82169837557075,117.5484235901945,107.75932892427404,124.2339385129287,126.86967283527675,122.51979441158771,121.63046996775533,122.59030884621127,121.35081816043333,122.27025526892739,121.4203017424438,121.15915751890671
2015-04-24,122.00053716932806,121.75069577131575,117.56945795883371,123.58823956788673,121.19782976484687,128.2369461990845,117.49997167837944,108.9926938580347,123.15171140772432,125.82091167601442,121.56493598930378,120.64446151981225,121.68085262224675,120.28317841967495,121.27540430974062,120.39581336797227,120.05769427212067
2015-04-27,121.52555303080665,121.05685737991443,116.46625530309107,123.5753008034306,121.76075056810147,127.74639205972494,117.2825916311142,107.37558039129263,122.7947657135771,125.44032232409386,121.17489215325894,120.11963037472984,121.15607817575108,119.84123156083481,120.83418682017661,119.82562596856026,119.56897753687608
2015-04-28,120.59012282812131,119.85385155981616,115.31320920454023,122.38137283941319,120.25810700229142,126.439754491607,117.40248696412729,107.32781938413802,121.76860403176532,124.24497553347464,120.26312729834584,119.10360224489993,120.22256041168258,118.85100415918095,119.92328808819437,118.81470631845292,118.58265247647091
2015-04-29,120.18974718392845,119.91181042861498,116.07116881403105,121.72826478241319,119.81823800682525,125.96758231280667,116.33690506840155,105.90793545632349,121.47401009237132,123.925298525925,119.88148134519317,118.75846940191379,120.00372683174827,118.5214386868372,119.71499853347972,118.63983625423893,118.41611486693027
2015-04-30,119.74974694364062,119.40415127207156,115.6547440043262,121.18137905429928,120.20261627134875,124.85205355015847,115.74121118792343,106.89715630013048,120.88573416156801,123.30606507673629,119.40420711440774,118.58885933255412,119.70486951259831,118.30548282485842,119.3745966643644,118.59373224499525,118.32062306749502
2015-05-01,122.64716673291541,122.88221293946195,118.97747562183507,124.2144178815902,123.5071137577821,128.30861782277708,118.11198764601491,106.89715630013048,124.07654038878432,126.51940017555975,122.25542921906774,121.35394689284908,122.55386541889621,121.03191572634826,122.18117485580979,121.31784812229218,121.00911946105634
2015-05-04,123.20885985530448,123.04563619167523,119.05536814091215,125.08846491177397,123.41177094408332,129.4942683288213,117.93813944290761,108.97618150691302,124.47706105255844,126.92039340721,122.83704272850662,122.03262272956388,123.06384466424211,121.72474632790622,122.71243639241247,121.94277969027524,121.64980060056921
2015-05-05,124.8808528282272,124.32553268373718,120.26934664617369,128.55942354178825,124.07633114325888,130.6921175853293,120.75175877885793,110.10501529318633,126.20260972177562,128.33744465719417,124.5687467727309,123.67839334424848,124.90390293303378,123.42846076551477,124.60292228677827,123.74973709879514,123.5061755919564
2015-05-06,122.93144005622688,123.00537449017625,118.51047829591333,126.81895660525713,124.08130097906958,127.75813494613577,117.80259040085892,108.56500629994945,124.21393827071053,126.48368328309554,122.65107606832284,121.64547325488778,122.99796665341798,121.42917473994348,122.72574044913034,121.76134116715819,121.54845426834764
2015-05-07,121.59503195914536,121.93602270685327,117.53067460630842,124.99123446161713,122.7160570181788,126.50005862566793,115.52289997844566,108.28049873446253,122.77042129646108,125.06370576225353,121.29183796279813,120.49569689040199,121.52966180624556,120.25017945638068,121.24082157281984,120.4789625633059,120.24304487117638
2015-05-08,123.11772859604966,123.76749909292286,118.88717273663516,126.07833685751328,125.72600400057638,128.09033547753015,116.24056083996048,108.8312620050398,124.39083243477754,126.96509079807801,122.76159723033606,122.06476184908013,123.03160144533491,121.76689442354139,122.69272591211882,122.02649127320248,121.74100164879853
2015-05-11,120.29338956983923,120.87612919763409,115.84510021308718,123.68517815408424,122.8697687534071,124.89384850660217,112.30220315412618,108.68468553338215,121.29310533009642,123.68189618479958,119.95800452607584,119.26204960581008,120.23104641987426,118.98311339742887,119.91113432102694,119.2455531146558,118.97743919958455
2015-05-12,123.23451662986145,124.21641048876506,119.05162922976847,127.34767704125896,125.64416013472322,127.77905825187435,116.96672598561555,108.00855310469046,124.59686957498104,127.10433211958114,122.95338025777845,122.17692232857648,123.27836003233269,121.95076735065578,123.0062312788458,122.26278176587144,122.04147511079002
2015-05-13,122.21699144255905,123.13875844387987,117.52173809915503,125.99609819283206,124.2631528787778,126.5909709352743,117.52206223905726,107.11823182514235,123.5679398598292,126.12317069297214,122.00312264379293,121.05152946302002,122.20791246290787,120.8938730710889,122.00263893170889,121.09096332394986,120.937468053862
2015-05-14,124.14143140591001,125.25441754425046,119.23478405035092,128.3394281138605,127.41659118713615,128.2460585699437,119.04698260483974,107.92188147027598,125.60625646205128,128.36772510469953,123.90462544780551,122.92324171436162,124.06692346478832,122.74582225937908,123.84221730992486,122.90240664446395,122.73217739198694
2015-05-15,122.84653255277883,123.53596120908519,117.60320699815068,126.59960942027864,125.21521304540515,127.20794736065604,117.00428070799916,109.24207360560614,124.03728729279872,126.87463805255952,122.60240955481542,121.63069273108135,122.74602634267015,121.44621394015209,122.51533455933759,121.58497104677122,121.40890168664637
2015-05-18,122.33968739951231,123.41012019235602,117.98990835357309,126.15969542387542,124.79966665036567,126.97831289769299,115.44587029705077,107.4979198545417,123.65903976785589,126.18139642842496,122.118847722656,121.0596603912071,122.24316485160303,120.89992267137785,122.03468526993926,121.02021329577808,120.86772131162758
2015-05-19,122.48670089005398,123.72422728409084,117.93892125041539,125.11102756140531,125.27527919307124,128.22093452158865,114.37374655617188,106.71839565245263,123.90266742437484,126.65943388640616,122.21516267827226,121.19797790767244,122.21302055928216,120.9903232311671,121.96293007600907,120.9902315068327,120.79804682573582
2015-05-20,123.4001216952793,124.84557739897699,119.02329076162175,125.75129244200154,126.67849999098766,129.3593754837848,114.80727375658925,106.33020677542886,124.95161815085484,127.86783001254595,123.14014727892317,122.15090498013448,123.18265148994583,121.952666885965,122.9413800922144,121.99508950555058,121.80995110225838
2015-05-21,122.51931857219272,124.15663942030281,118.53681413692097,124.30217201992035,126.11785593036417,127.85620397832751,114.68534319712498,106.45777401196864,123.96503303799335,126.75592369407056,122.23139184433383,121.29311605974095,122.45226933138156,121.06734363243687,122.17809876158074,121.27961625397951,121.0625186701505
2015-05-22,123.5529710275785,125.0196009136586,119.63969633784292,125.07170032155422,126.14498250799919,130.56452692107285,115.33888143352947,105.23696833777885,125.23519336913476,128.015118411894,123.2745273106419,122.43642560079313,123.4407155106686,122.21526307429713,123.17749390658864,122.3756709888058,122.16484196120638
2015-05-25,123.56479093375847,125.0196009136586,119.63969633784292,125.07170032155422,126.14498250799919,130.56452692107285,115.33888143352947,105.35778043144897,125.23519336913476,128.015118411894,123.28584884829228,122.4649016246938,123.45205231105008,122.24259440732956,123.1883714316834,122.40303819429819,122.19115016445643
2015-05-26,123.80669343557041,125.52819862021127,120.3186708477664,125.1272126911326,125.46874160719366,131.73939468144326,116.90048924781439,103.77239304291194,125.67397223738143,128.33044933154457,123.53586819874134,122.7018453760379,123.63684339618126,122.48747500530679,123.3832744098502,122.58573232456665,122.38358306630988
2015-05-27,126.38657167499461,128.7898396622972,123.42315137706976,127.48691638686205,129.2451252255781,134.1242960177191,118.72034068711834,104.70258193700029,128.42842252236179,131.24447644732135,126.09379433984857,125.24689762906067,126.14406448772067,125.0129856986346,125.87234429448195,125.06293529750816,124.84459703024994
2015-05-28,125.2189167989638,128.06206375810217,122.72715662398161,126.64861722784033,128.5702323341152,132.187745905083,116.91799954368307,104.32114162356075,127.17657225493161,129.8630957445138,124.96499884702641,124.12261423530349,125.0297333930628,123.924007166789,124.79315588393662,123.98773953611726,123.80145679546104
2015-05-29,124.97761668682017,127.84576007952005,122.98038736760775,126.60512106359074,127.48208571171375,132.31084914431176,118.03067686884626,102.52870534951923,127.10786910966038,129.45045220949197,124.77000656345894,123.91886229935152,125.02412429609299,123.76290979670132,124.82251919711942,124.00723724039896,123.8533978232323
2015-06-01,125.3040675134091,128.41869969568222,123.7752893139773,126.54831032313822,127.56642083523685,132.8734955502572,117.9064679486105,103.0465984975345,127.41169956377216,129.87594577816196,125.10597561870878,123.95903602196732,125.37756435434551,123.82351902519805,125.18403526412389,124.08397593166735,123.94843154170843
2015-06-02,125.63651674489398,128.4456013027926,123.64273209956337,127.55145781205708,128.3063904362133,132.07398580139898,119.11983012412163,105.01164332421959,127.55959213746122,130.03326243024085,125.43484765827151,124.32878915618693,125.76562052592138,124.18839345415627,125.56642841786385,124.50525913075832,124.36304879795006
2015-06-03,123.97520364791959,127.34342063828035,121.9979211873097,124.9170678688667,127.97898799873748,130.41793403104467,116.97054106830313,104.02461825702373,125.82850583346308,128.4321981990574,123.74231995940981,122.68789760505634,123.9817424011092,122.51698017823911,123.75740432666649,122.74687310986248,122.57971227523774
2015-06-04,122.88520857421108,126.21555007467589,120.97130697478771,124.54668759511371,126.56862748613551,129.19774887869727,115.15831912529144,104.02461825702373,124.62164468890347,126.96207045149845,122.67027186250968,121.62585751868625,122.81700371941437,121.47091718688637,122.61293032026992,121.6125840095522,121.46358901170915
2015-06-05,122.3421919448728,125.52178231962235,121.35940491666564,123.97642699650284,125.0520584010141,128.74642433204338,114.50981375946081,103.28363961441345,124.10159163734902,126.18687613003578,122.13470110235625,121.13442300149944,122.36707825347592,120.98452624360256,122.16643286300591,121.20777940654102,121.06033142100286
2015-06-08,122.1426220200543,125.11206060676514,120.44762983615436,123.99267318055315,124.83258498945091,128.20116930332028,115.84068807571815,102.88944647254932,123.92380689975522,126.1395676173103,121.9568666694832,121.01997271873948,122.12779277957084,120.88740379696222,121.94964261001063,121.05227224940467,120.92308970177041
2015-06-09,120.54222605261708,123.49372437158739,119.23116805992248,122.79791259920279,123.05833989520549,125.73998374679189,114.22462549349063,102.78688635331301,122.16369016788964,124.1449535431846,120.3874068771866,119.4636519852736,120.66813932198048,119.35882540978993,120.51412497904425,119.62835877045454,119.52086221949678
2015-06-10,121.8880309117662,125.04559560856808,120.18228885831113,123.50484235711765,125.98911404635962,126.59968040916915,115.21577793802595,104.01162587402044,123.51926049906925,125.63151885187797,121.69620854201943,120.71685012505775,122.0413328171389,120.58039163840222,121.85061405458211,120.9111558845639,120.77203394150303
2015-06-11,122.27641634239976,126.1103282819278,120.9089089582725,123.79980620195386,126.94358256358689,126.85019505122477,114.97003439344348,103.58960013681826,123.99418559806496,126.42443776517918,122.07518424559734,121.13412566767717,122.40813764423737,120.98755969055664,122.2092223138804,121.30682259984917,121.15877598339493
2015-06-12,120.78870171301159,124.12892978023315,118.78396880316748,122.83311327431204,124.51990398814414,125.8161369667998,113.1049447372215,102.90352400341737,122.42308043454557,124.78148700329177,120.6058649604904,119.68319779869576,120.88397926136221,119.55270512850551,120.7042290612017,119.8197449306295,119.68858090223695
2015-06-15,121.0733105379296,124.6084652233856,119.46342631213838,122.63586261826293,124.35808444775212,126.26854644907704,114.43427491052435,102.68116624133394,122.7618126505003,124.93929186871581,120.94659609202323,120.14375204595807,121.17503744769597,120.05980054954526,121.049037738796,120.27988222445245,120.19360182436063
2015-06-16,121.43059643950261,125.08147964665129,120.46727120985443,123.1178794299908,124.56140505833713,126.11318217374021,115.05121477029694,103.13589044641422,123.10759195397414,125.15374936472689,121.2821530224088,120.78061500350479,121.55525655745897,120.66498447768119,121.40744081265171,120.92819776177397,120.81094442674573
2015-06-17,120.1472444856605,123.53165790846441,119.13181615030017,121.00934304335549,123.0127120155109,125.21811144811367,113.13588337666312,102.38576901446699,121.76963494237174,123.90386964742919,120.01721915660188,119.46792309747576,120.25314097333315,119.37105938151511,120.12379677606087,119.59860763205809,119.50009135197548
2015-06-18,119.84559415611584,123.28789241092075,118.67771426356543,119.74416047778725,123.52738550307802,124.8762199241421,111.54789698332547,103.70701501593611,121.29326492299879,123.65438138543388,119.7324364630463,119.11822472995009,119.94170506649343,119.03937594986654,119.82898070772619,119.24133868568589,119.16047584236634
2015-06-19,119.57185150151699,123.0552577068849,118.22554745033698,119.0408540794225,122.97134904695046,124.97765577594573,111.45373397569129,103.32262353057926,121.03189977099382,123.35233706316393,119.47318398664073,118.78416850270344,119.6100275181748,118.72152804946963,119.51352798628756,118.85415182157118,118.79091598052042
2015-06-22,122.39439696832719,126.1651144718619,120.58074911614062,122.15198962940987,127.88251636166743,128.1242803099935,112.82949760876768,103.52533552016226,124.12705159744219,126.58977756835468,122.17376696283876,121.57781283635725,122.40976945650456,121.39978699711438,122.19685115837515,121.62718981533156,121.45354500171442
2015-06-23,122.60718355348874,126.11718889006684,120.42903706533406,122.63509601037464,127.34474905277169,128.8429392965037,112.67674623145099,103.59896738737957,124.35444265171307,127.08289712412584,122.3316095921006,121.71399708522443,122.67521759214215,121.48652968211616,122.40734486143924,121.81660903968515,121.5932876263135
2015-06-24,121.4984994797396,124.76583025578283,119.26969446568465,121.58598205487294,125.87757540692002,127.42987557098297,112.27310355687831,103.17794860172008,123.17367557060166,125.71263695993262,121.23988983613685,120.56559023285168,121.53131454891519,120.35592371391137,121.28119204922072,120.63603403040537,120.43111846164562
2015-06-25,121.88210396514923,125.36890491210131,119.47925534286428,121.17815985299313,126.95688042744435,128.08714943190375,112.3756101331223,102.0898389847428,123.71601242099919,126.29997087027635,121.63415083870832,121.01023866967408,121.87734075652355,120.8082933617676,121.63898793159018,121.04251402894532,120.8465138191543
2015-06-26,122.54177072743487,126.51982117475116,120.4762048289911,122.09424903769943,128.2471925830133,128.49222516594335,111.9968379834152,103.05901820400246,124.33970558742686,126.98996953989152,122.31776013907209,121.7011266179216,122.55706458122302,121.5207953250935,122.34092455681417,121.75138172544536,121.5755063474283
2015-06-29,119.59444986153285,123.15888322857495,117.97480679120036,119.13433032818557,123.40341652799864,125.50817677528836,110.24905820182916,101.57145282065355,121.2404296904934,123.61665960288784,119.51771809144816,119.16243426638653,119.61395653599554,119.10649272499019,119.53929057451529,119.20107157329144,119.14548375355842
2015-06-30,119.89077151590057,122.85107313924566,118.06563478179113,119.66002047091091,122.16098178997312,126.46503835655093,109.97675463243553,101.95613243066302,121.52639584010991,123.9452746750036,119.75614367211571,119.54057794075862,119.97251960057405,119.42597662233678,119.83974275781786,119.6357432676259,119.5215299479959
2015-07-01,119.89382777090718,123.30949875364905,117.92521686768896,117.93160814694372,122.57494081600183,126.9851838109599,110.5511481324686,101.93359099831223,121.53221798706471,124.1623344837697,119.7317218218654,119.45203838041738,119.77680815535192,119.31469601785845,119.62544804563751,119.36007031484314,119.23104370757113
2015-07-02,121.65485579992139,124.93610108094411,119.49962602763105,120.45991836752779,123.96030449819271,128.97805798176404,112.38773948282599,102.45791913876036,123.4227613500678,126.06598853788185,121.46828560211497,121.13404387101066,121.48039461188893,120.97639424094729,121.3078071825539,120.99017524199394,120.84357831826387
2015-07-03,121.55941595304137,124.93610108094411,119.49962602763105,120.45991836752779,123.96030449819271,128.97805798176404,112.38773948282599,101.4933639913358,123.4227613500678,126.06598853788185,121.37680386123154,120.98072486860904,121.38890375131398,120.8291639854383,121.2199601831942,120.84292821478071,120.70195668770151
2015-07-06,118.78849008066992,122.50608565133807,118.15478625390215,117.73994335232875,120.17848632319902,125.53233656284095,109.5969092616659,101.18252495388343,120.38796090341484,122.28400264690886,118.70851702548175,118.63072414049446,118.40117889849743,118.5607064789593,118.33943612497124,118.26869646388162,118.21473058621808
2015-07-07,118.43556215101924,122.77479554731454,119.08407553085914,117.43062572734178,120.30455023495684,124.25784840024056,109.66522079974834,100.94623728614873,120.02332242269425,121.4535807733494,118.32369818083237,118.2514233987224,118.08043120531968,118.15180702281245,117.98686611436506,117.92138514203312,117.83780210070489
2015-07-08,117.10803821613077,121.7605659518021,118.55079083335605,116.78074328157655,120.11397323690605,120.78816062918219,109.82678147318138,100.19305895044303,118.63711019922417,119.45841301185467,117.13059766830149,117.1272378890043,116.77305019975182,117.14869537146254,116.80758306063454,116.80813726840884,116.84042487458753
2015-07-09,120.42688733145701,125.12510291106163,120.78180150622775,120.0245591549295,124.48304368901535,125.16155990810003,112.08465386818315,100.19305895044303,122.30494632010024,123.76047193963512,120.4070028501733,120.36458380213615,120.11807913172316,120.34835798280898,120.11091676752805,120.07412209891768,120.06916298930041
2015-07-10,122.65666468839309,127.71241093257773,121.72365001157333,122.15700039990736,129.5974284392672,127.45255306425412,112.52492617257161,101.53287402619686,124.6266832806689,126.78982275225033,122.53704234636191,122.76750621765153,122.22660088697937,122.64875234122326,122.1284434739649,122.35350479565896,122.25462167457705
2015-07-13,121.13061989465066,125.90474920344847,120.66630319030975,120.16432271793349,127.00263319929128,126.11150503947506,109.78381761374747,102.24552571075914,122.85564645641097,124.9555635642258,120.95226335272025,121.32222822643284,120.62394730775452,121.14375694513653,120.47251354992731,120.8310628248024,120.6777833078807
2015-07-14,120.92376654792847,125.72559917285895,120.45454418233223,120.47843919563468,126.93383502485153,125.19203880483217,110.17172125678741,102.63906758208385,122.58378647037856,124.52687570641116,120.70575372526228,121.01013144668565,120.44630951715428,120.79766384393315,120.25573824554483,120.55155517892385,120.36441981073868
2015-07-15,120.46646775818101,125.54050783788841,119.98200601092728,120.03483742075356,126.75492083754223,124.49118153895924,109.66767100482897,102.5684293874098,122.08573614891525,123.78782064643099,120.25038016434273,120.55142696842374,119.88374018557289,120.34086541769953,119.69922529769124,119.9915825413862,119.81018166455061
2015-07-16,121.46145611402792,126.49808787474915,120.88807350293871,121.25689175416309,127.7302502588676,125.89257739863197,109.81120848705699,102.80982527907234,123.15964720718931,125.04636745527131,121.18501510778358,121.37536611307284,120.78285060402771,121.11360131219342,120.54439110156478,120.73062922445492,120.50339930445442
2015-07-17,121.73978837599732,126.94531797512043,121.60610506273069,120.94274385430279,127.85777282680566,126.6934925462136,110.30988142185775,101.48988673083859,123.61127331537915,125.4583630137319,121.42553843765332,121.68986130300958,121.05458556760995,121.39029822123445,120.78022646216908,121.03721657240396,120.77407507847695
2015-07-20,122.55507894318231,128.4276630470492,122.56042318205374,120.53848023207499,129.61566513997334,127.53986203337809,112.35060653208409,100.34068218539022,124.64159869841131,126.58527408455929,122.12621363240979,122.51702971470691,121.79959698207301,122.10680974882284,121.4184616376051,121.79632681007229,121.42981952870527
2015-07-21,122.8056292969138,128.4572602057732,122.74841078768715,120.8743226894653,129.47529320168002,127.8450867082896,113.66453739942459,100.0179941930271,124.95601961209582,126.81047028059228,122.36486780840849,122.71633213969655,122.11727516896424,122.2968124454398,121.72197858487579,122.06244266580096,121.68435757342647
2015-07-22,120.79533160434475,126.75666057782628,121.017505854501,117.98906165445348,127.74237407269982,125.90033053274337,111.67928731797758,98.96897449219175,122.84370950765702,124.56365636887314,120.38099105731375,120.77766571242235,120.00016185257816,120.38054079911251,119.63461547656323,120.01793076238498,119.66557518342103
2015-07-23,121.65556633898143,128.13267221254932,122.42714910888976,118.69535212322282,129.04381590854658,127.20203388665993,112.74992662834995,96.646896199488,124.06008305306302,125.69196791242787,121.25477910396721,121.65557657013173,120.83339846313453,121.27075176761817,120.48190280672422,120.86912103302537,120.5295867054347
2015-07-24,122.22359140628616,129.24291609907496,123.23721820006321,119.2831816182613,129.944600268306,128.1479103668019,113.37804723894243,95.61651193570925,124.81223486425938,126.60697260781389,121.94366347290575,122.51809713179955,121.43809051920358,122.23727882182189,121.20054049700965,121.7537716056527,121.5128824753269
2015-07-27,123.25918892278153,131.02331305022634,124.73574915266938,119.78455960304612,131.66103902344176,128.60619244722912,116.01680229163229,94.96223444139234,126.04354651437171,127.63192932884981,123.01901555757222,123.7146755682599,122.41440316301512,123.46563668144314,122.21722288259855,122.88609096440506,122.67810732374818
2015-07-28,124.86339923337361,132.79347808120693,127.00982379567355,120.58744493968017,133.56859422923372,130.3721916113734,118.42593756035673,95.98758724518149,127.70940377587469,129.3240934351377,124.57193535984925,125.28237005059314,124.01488935563141,124.98532423574893,123.76884154829011,124.4519252776824,124.19805753371578
2015-07-29,125.5458586028436,133.21945089287317,127.76360937174702,121.7406600742272,133.6267329100268,131.14575146094464,118.41084668976494,96.87275132126746,128.3638114053693,129.88115081659018,125.22199670864687,125.84684440632327,124.77677092700709,125.52335674007895,124.49655565708736,125.09836488900388,124.81598917555755
2015-07-30,123.97772961232243,132.00277290149938,126.5132476554486,119.48232528992229,132.23807259354265,129.14773200200875,116.9307570134303,97.00556744486018,126.59872861700087,128.02087376430796,123.63231185893908,124.25973702322872,123.19242630267591,123.91623719642115,122.89228617978767,123.49638600164683,123.19545591999439
2015-07-31,126.22308106353093,134.18004150030194,127.24927124707214,122.48686367614943,134.98176897225318,131.7169534703507,119.053079800804,97.98767847980572,128.9834669532669,130.61600616920418,125.88336560947673,126.43649208441757,125.24554223887601,126.10132644005327,124.958659355163,125.49099757111802,125.20518228456712
2015-08-03,126.81592188715405,135.644687476271,127.89884247790302,123.25997032995033,137.19226227335162,131.77127992794126,120.63109750374048,96.84048191663557,129.78162606811463,131.26856870466997,126.4831561341102,127.0178052447793,125.72276216156175,126.6898100944826,125.44720300928462,125.96147349858353,125.68685097653012
2015-08-04,128.06995272025293,136.81804442789857,128.68795489677493,124.61822145684013,138.2822062463734,133.45244468224,121.79314591815344,96.85376246097698,131.18003439542704,132.7028922445606,127.73766086297564,128.33999768234628,126.99980150806982,128.00967562527813,126.72373553280923,127.30272575196855,127.02510706862608
2015-08-05,129.0094745522572,138.05568210522833,129.49104116092406,124.79916688767571,140.38217697723013,134.8529563922144,122.49625847990949,96.93064465485308,132.22039063287525,133.84534027792606,128.64448014269877,129.20954053383994,127.85624436166796,128.85057821939608,127.55233396601253,128.09547861083496,127.79348044429778
2015-08-06,128.9836772397502,137.9455716470761,129.7848954300783,126.30571402103617,141.0775447197432,134.16532853561958,121.30939858732408,96.076763901618,132.29743448335446,133.70643272766122,128.66865415834502,129.14992588367966,127.80280214605277,128.84048074756524,127.54766021639676,128.01081236747976,127.75709228933098
2015-08-07,130.38317939352206,139.66794417818218,130.641926112853,129.35085121029422,142.68749967141386,136.34125775529859,122.73720710227079,93.73716017049526,134.15626301381377,135.45809485493683,130.09250645927094,130.5850095464681,129.09612951887397,130.2975657666944,128.86845689652878,129.34203350359107,129.1133378113334
2015-08-10,132.24765746158243,141.43218633683625,133.07829099925846,132.1632419169248,144.35748405403672,138.18890316973253,123.74324633947877,94.59465360595114,136.1375317569813,137.46798631119768,131.9316205689772,132.0952905016025,130.985397526181,131.79780221771878,130.73253479881924,130.8931545802562,130.6532624989024
2015-08-11,126.74186501663864,135.67597584541977,128.6031720410013,126.05375076686481,138.08093204723463,131.36806732436176,116.80610962245639,94.30419989596564,129.9925465496857,131.02688297283888,126.5416110493516,126.78732346348855,125.47108208727565,126.59301931747846,125.32899056170177,125.56751153691872,125.42690760864588
2015-08-12,126.94997096137281,136.4995712100366,130.91322440380048,126.09857090116753,138.34417900154534,130.70977943392342,118.81973534824695,93.36908832720647,130.34257521590663,131.03485805525148,126.86478790209755,126.96329783372403,125.70293035541289,126.88096715204202,125.66948192567051,125.76787422769937,125.73317140994425
2015-08-13,126.64434628468126,136.54354581065945,130.2798183960813,124.78108215560503,137.60790848941025,131.33248230066258,117.51604949687193,92.80815980157831,130.07144304254763,131.11232868896303,126.53561449087469,126.63204033824292,125.29633575801455,126.52806535646579,125.24436838028646,125.3406862393432,125.28890968842425
2015-08-14,128.24071422651718,138.606511619289,132.0698636590261,126.56137902441264,139.539169744956,133.81660028883334,118.54896904559442,92.25602951107446,131.93040836462936,133.06637587141415,128.13070865535084,128.2599100152046,126.84025994392802,128.1534749232828,126.78910731201947,126.91664980925215,126.86445803060997
2015-08-17,126.48304538086927,136.96673609989995,131.21558125441663,124.70806444371323,137.0039074048148,131.1177142898969,118.0101499921979,92.20930209015931,129.96385784669135,130.638465915481,126.39777498073667,126.36492580533425,125.07580117570755,126.2876681509827,125.048459344996,125.02172751081434,124.99736254913839
2015-08-18,125.46835782174479,136.11299604103536,130.652626940624,123.61119583743194,135.90998602709618,129.31565160199634,116.86590506762826,92.27873103784934,128.8175671867173,129.3464006415073,125.42149827258804,124.47132287979554,124.16827741191558,124.46528729362063,124.17333580082858,123.27388094095882,123.31198464149679
2015-08-19,123.73957536544695,134.4659940389631,128.38653719649557,121.56844228969057,133.88578037766473,127.35750517742146,117.54167890561827,90.45079907284173,127.11325473920768,127.54854933343512,123.81282395895667,123.17497096634365,122.29069350574807,123.2668874746874,122.41581241027646,121.8149035770069,121.95243363059328
2015-08-20,122.17410076907062,132.2848588731753,126.18790486509843,120.84547718510483,131.7559888287118,125.1840385176577,116.46178785657916,90.60315749554294,125.3394375678149,125.80114947977248,122.42933748700288,121.90187536131289,120.8164688057519,122.15696716567554,121.11116706245049,120.61485786859998,120.90520695178364
2015-08-21,118.00833723204154,127.57678761899265,120.54972926693523,116.4780436190846,127.81821145567483,120.4144434426814,114.52780484456073,88.85631131930529,120.89691630283596,121.10989416017588,118.4093595629118,117.8119046675572,116.76935918599034,118.20409041067741,117.19834284220323,116.63500075123619,117.05210523491654
2015-08-24,114.32304949525691,124.28846553433226,116.4925436698097,112.87722994822877,125.87228892333823,115.9282191439321,108.44467979942516,86.16110157856905,117.11156439116807,117.66431940236527,114.88865598425436,113.88222519878512,113.05863936921145,114.4409977228644,113.64502026183831,112.69252998784536,113.26879799488871
2015-08-25,116.97408511444698,126.4112688993192,116.9792199915227,114.42865648975295,128.53344957493474,120.40887242926372,113.31583059035073,86.67713956641697,120.01038023147477,120.89279151086645,117.45428446733402,116.72661020315462,115.72840034019347,117.1971063339797,116.2330623357432,115.54550085533104,116.03749427515058
2015-08-26,122.21325974975075,132.49455977001801,123.9594234394932,119.42134941732886,133.4719963047351,126.02014635870185,116.74586278693207,88.93584467378551,125.58989692102831,126.74160444791418,122.52321517937949,121.91954976028529,120.8019691199759,122.22836186545835,121.15053807628794,120.58181123072282,120.92500869353968
2015-08-27,125.12085988793203,134.34144690199196,127.4548941264741,124.985110662163,134.32766523555995,129.25930962839666,118.59954740607827,91.44954699384174,128.52676166093852,129.46506798580648,125.30069628651108,124.65781845653392,123.9821035543887,124.84793928584097,124.19731730280195,123.5900109747592,123.81094421510561
2015-08-28,123.28834815748677,132.54394229783892,126.8452966811573,123.90171871784392,132.01403166643337,126.64713517822173,116.562539169073,90.87315073084984,126.54688509034024,126.98782319070526,123.5223140060115,122.989431194252,122.50490902814578,123.22532952040952,122.75861090056914,122.25449987979218,122.50737100450235
2015-08-31,123.50748626086553,132.64465058363203,127.4314042785973,125.91949092308352,132.68369282017866,126.67118555157431,114.87278442250297,89.67665719672881,126.94373565202856,127.18643471564424,123.77824845028145,123.21006920836928,123.08855986162142,123.48120957806313,123.36413297501181,122.82485459973765,123.09921116230005
2015-09-01,120.85456376346448,129.8171777535469,124.73561548030807,124.20645228541099,130.27010976307355,123.71842640405177,112.68299991016157,87.63273358006654,124.23214736782697,124.31063482822329,121.29937609492742,120.6832491335533,120.26768539836799,121.1167474924734,120.71613363351348,120.13156446831135,120.5675767092823
2015-09-02,124.90283106769951,134.64963846153256,129.65400752717537,127.77506751373284,134.97113793471195,128.03352288178417,116.18528190621579,88.29863515337422,128.68604400289158,128.89338173302122,125.27199203668688,124.68695416862859,124.32537545916588,125.0493951398815,124.70118126481127,124.14638484986749,124.51397382684372
2015-09-03,127.258231894319,137.10632921302556,131.74802253772626,131.2789880970068,137.35740908697497,130.77261178610345,117.52889801510717,89.80513258349414,131.13380464173866,131.27358004037046,127.58660052594894,126.98070232404896,126.74255819540964,127.30619625257931,127.07715904813242,126.50216957289997,126.83224066714848
2015-09-04,123.9176976837514,133.6634391461152,129.1826038813483,128.57722172915967,133.63961502607938,126.58844485362944,114.34850909242537,88.95382829431698,127.49161008209906,127.11560861310937,124.32923775560094,123.82450319124484,123.43762078200726,124.22314638805787,123.85055415873141,123.3722524085805,123.77156214904215
2015-09-07,123.9176976837514,133.6634391461152,129.1826038813483,128.57722172915967,133.63961502607938,126.58844485362944,114.34850909242537,88.95382829431698,127.49161008209906,127.11560861310937,124.32923775560094,124.1744714503394,123.43762078200726,124.5607376902036,123.85055415873141,123.70753130426355,124.09546828840901
2015-09-08,130.28948049066298,141.006992219751,135.69202937249335,132.82728372184582,141.82268997059717,134.70926572789614,121.61408443119393,89.2422307542887,134.60554371328504,134.54610209151187,130.60103972104378,130.37574842759705,129.64285911456676,130.6716929286586,129.9659908902119,129.75582712564784,130.06239052595163
2015-09-09,129.08096674829446,139.23176342460985,133.0613780992068,131.5201533578906,139.84910439550114,134.57592017851644,121.13229451815413,89.2262119361026,133.24568802022765,133.37166528292693,129.34487512391428,129.07297827289784,128.2874140874022,129.32650553660164,128.57023389685895,128.31565353331408,128.58632399312495
2015-09-10,128.6414837445071,138.77503851620182,132.73672940140085,130.89451844530774,139.96482244896106,133.8102679327109,119.8405666160619,88.71474665240306,132.8202192144918,133.23007727581597,128.8837397879309,128.60740228547775,127.96516487759206,128.84106890885255,128.22302341062434,127.96395914590516,128.21162237228486
2015-09-11,130.91941357002477,141.5036814979458,135.2265657229499,133.21303774135578,142.302262897936,136.86879425813743,121.86541875066203,88.46902666416702,135.41939956640658,135.9612766264191,131.1584970032819,130.92392303147557,130.1367306185036,131.15311533265793,130.39546405134837,130.17663309267965,130.42368153830307
2015-09-14,131.44352447515854,141.43421156963947,135.23417183438713,133.36877812112533,141.8341382232555,136.9531429865419,122.96557053701524,91.20322887557914,135.6303331917341,136.00445445210175,131.69294649509845,131.24696661807724,130.57119322683727,131.49349228962592,130.84309271563794,130.42230973067936,130.6886839017409
2015-09-15,130.60589739199727,140.6169605583544,134.79705432229034,132.61336522095323,140.65641423826202,135.89502302842183,121.71677413355384,90.94351802017898,134.7225632143271,135.07134104273752,130.79336121811704,130.3583846484292,129.75913069273025,130.54729406003514,129.9708958291071,129.56052051876173,129.77080208574304
2015-09-16,134.62757868818872,144.371361062587,138.470819280252,136.90100848088704,144.34344419924784,140.72420938726572,125.11730047526089,93.29627679591171,138.9312884609452,139.38018674544614,134.79754244122563,134.2511140070224,133.94669967522728,134.4280025465802,134.13566693606663,133.61835833458704,133.81131028289076
2015-09-17,133.6497345040347,143.16588913840025,137.24122395230137,136.32019831671352,143.63475743031253,139.02255165845943,123.38954335165273,93.97474414172534,137.73859985850413,138.2442720104897,133.86900654294269,133.28845666527883,132.92456397533405,133.51206284496126,133.16234585180163,132.61253434806727,132.85179998245295
2015-09-18,133.04865407927906,142.42342891745545,136.8499563432713,135.71324758604493,141.5520751209921,139.054849689907,125.5629487301947,91.47201347759929,137.3962916501911,137.56588349937195,133.41901906432093,132.8750638963837,132.2214200696176,133.2366483036865,132.60746033173444,132.09308177696275,132.4682985720617
2015-09-21,134.15627672607772,144.36353746863125,139.1705986643842,136.14462881248488,142.87728086764858,141.07270791151757,125.7727156098257,90.04497792740412,138.83895422855113,139.31655262649724,134.5169402420178,133.8659918426143,133.5002776266418,134.2224413239172,133.87096263222656,133.25368912538445,133.61818587553205
2015-09-22,132.9108129648544,143.07562785433527,138.86394997518096,133.9402882890954,139.55563805659642,140.26990427949343,126.00864895399964,89.0077954602788,137.5782252048948,137.84300791723666,133.33891691500776,132.814776320717,132.32133686754753,133.22895669969648,132.75415676578723,132.2579493655651,132.675866447507
2015-09-23,133.6180512825108,144.78988411617036,140.53026925592926,133.41144610991768,141.78642859816085,141.57956174616317,126.14570523375608,87.19534838968511,138.63153141770306,138.79585000222846,134.1305003251874,133.57385650080158,132.91229799867912,134.06722979103742,133.42998130473669,132.90310514155766,133.4008485544966
2015-09-24,137.35782355845762,148.85382092341132,144.81293777793553,138.06640268052516,145.96215698591226,145.125117120723,132.24912281875723,87.20191041194504,142.8634108173577,142.63458667182286,138.01940079871778,137.43263313092962,136.70781638618325,138.0651579049802,137.36629240740743,136.8104934594993,137.44001800872763
2015-09-25,130.20949798854923,140.80715104059468,136.10611834120493,129.75777505709078,138.4638583495033,137.16961060990755,124.3947188462206,87.20191041194504,134.75267046111048,134.93196319045865,130.77181807031138,130.26131250237344,129.6067079664493,130.79921491216592,130.16842358090187,129.68525222376178,130.22241777071878
2015-09-28,128.21493437582072,138.9124992916137,133.02468679809684,127.00772285690876,136.9546902464633,135.56101260547524,123.71850503474026,85.13961687265733,132.7905772370904,133.21683142127733,128.82798968484263,128.48097701761426,127.62560021309201,129.0603016849088,128.23536955525736,127.90861881749593,128.48534098233287
2015-09-29,132.42809566147147,143.59896101971543,137.30721885655655,132.3958100267615,141.99705154101514,140.20491262712613,126.76761731846867,85.49245781596943,137.50074922052588,138.14918473323308,133.04710059151242,132.65572642885766,131.91121373061375,133.24202286581522,132.52432384392702,132.15505822036698,132.73620543986243
2015-09-30,133.73821518258987,144.65517285565224,138.6087768571299,133.14147539484756,142.72784284282108,142.36052701467335,127.15855227221498,86.46222249424628,138.84292504579295,139.73964116939732,134.19222215988808,133.8379684979956,133.12560759354747,134.2697359084547,133.58396968918987,133.25053627855306,133.68630911063133
2015-10-01,130.8948810110366,141.21657603197943,135.30137445613016,129.3366476753751,138.52728886768836,139.6562970097375,124.112525663058,86.74174675667695,135.5819053043327,136.61010618341456,131.30309040898192,130.99566491723763,130.23044253736848,131.38336626358557,130.6467419127294,130.35816797592372,130.7533475103458
2015-10-02,135.2828749597784,145.5153400949533,140.49121596778733,133.1769825661868,143.0495258977806,144.35643192179197,127.13872960059649,89.57980874446648,140.13693866167733,141.17791387814694,135.71209296605358,135.27617590944706,134.5604358058993,135.68786939162166,134.99896237765202,134.58770452941846,135.0076773104898
2015-10-05,135.9129300790975,145.74098280477926,140.85391972313784,134.72794158655236,143.14996322561683,144.5568396861507,127.81167772388642,91.05806336889995,140.63870148857836,141.50588531413732,136.21131086480997,135.8537235143563,135.1484092018708,136.14149480078663,135.4632899580743,135.12708530397848,135.42963160322915
2015-10-06,135.49345850762182,145.02974914382003,140.87845046287245,135.38215235010745,143.37842090823335,142.54644968431506,128.13434006807043,91.7168875494531,140.07268034415645,140.7965609402775,135.83767354361777,135.55468257305532,134.98925405234067,135.8821195345893,135.3385294506329,135.07303996362805,135.4050340448879
2015-10-07,135.74186993169505,144.4579045173241,139.92455639670646,135.41101637046953,142.949585623634,143.40882400561986,127.61647954209636,93.75747077184604,140.06952080394504,141.03251058643974,135.98433263973996,135.6416932492116,135.08532898354326,135.87708963764973,135.34260774095986,135.02025253055777,135.2687736644802
2015-10-08,137.96416199473398,146.87901721685844,142.57155990956457,137.61399712976862,145.30434622879585,145.37867102045624,130.30615907059376,94.528692512411,142.46638743026702,143.54704982646675,138.13778392889523,137.8026701992975,137.41678697194584,137.97416135107943,137.60420580011888,137.28886048762902,137.47233821233164
2015-10-09,135.00824935495976,143.41187025516348,138.89299717123401,134.84421314514907,142.04094951221487,141.7713156323555,127.6267240486876,94.90199539154244,139.08537841157482,140.24875752287397,135.24178091701856,134.86460829416313,134.43427971806693,135.09299869774546,134.68005263406087,134.3243879768464,134.56339032064767
2015-10-12,134.0972127989589,142.32898903640157,137.61729972123376,134.4258282232446,140.84406009396827,140.51576628097578,127.45741215445877,94.90199539154244,138.06150672095742,138.9372465925431,134.35439886352674,133.98869037279704,133.3036819151217,134.23851505415442,133.58015642429103,133.23600535225327,133.50306669840896
2015-10-13,132.25938138864518,140.85942398962726,136.60408448549578,132.47159762232954,139.16596951589057,139.0685003471902,125.68953740364428,91.85272878847324,136.4006027625441,137.05251883675044,132.61526307959826,132.31959280387935,131.46468798840834,132.65806495259247,131.83553480340618,131.5583184080714,131.91056061707434
2015-10-14,136.87602440821513,145.7695895307243,141.3690600874196,137.3067290075265,144.62642390232458,144.17850668404247,132.05331071721398,90.63083591600956,141.7595898913897,142.44250366359944,137.33577493543737,136.98859067300322,136.04583573751395,137.4250259604263,136.51731685948874,136.1910697022637,136.63843163621556
2015-10-15,136.59218518772164,145.11738287656465,140.69383018384886,135.3526764690399,143.62736375405052,144.66934307862914,131.7291869519964,91.51886927772716,141.3126256933185,142.37734043433903,136.9223903601879,136.65038440288973,135.68899417309476,136.9641044049108,136.03921332664007,135.78497573560662,136.11713727256696
2015-10-16,136.45934119261926,144.6846301817993,140.62277624677867,135.9148242917859,142.8304927024277,144.70848662169968,130.96449191289054,91.83412378022733,141.11844409360555,141.69714361634658,136.7350211491729,136.68487369893757,135.5736545790619,136.9400848495279,135.87115180451386,135.8288471513378,136.10469033995042
2015-10-19,139.79712876113805,149.10123072514872,144.71906050433114,138.1896359909579,147.46619819819017,148.48443118823099,134.82256480508966,92.24928830975094,144.8259911786662,145.4606780453494,140.10703138829328,140.09147675737904,138.79679235532362,140.3770717001678,139.1312022466071,139.12211823043987,139.4310559478801
2015-10-20,138.4756947825647,147.53715737203325,143.33112072116205,136.97221179784998,145.92444100869344,147.2647786840129,133.56019417566054,91.44185559643459,143.44780843903996,143.9765800137686,138.8238379785556,138.900312172659,137.45358256243188,139.2180137297411,137.82527105179142,137.904013224811,138.24458371817124
2015-10-21,138.05973623337184,147.4799379126992,142.68364023458884,136.23151015812059,146.2520715003835,146.78737564011882,133.3271607571507,91.64506656386524,142.94876195546007,143.58972000027003,138.3947814863496,138.45444887946007,136.9653197983479,138.7606127372291,137.32708955857595,137.38972827475632,137.72163029074514
2015-10-22,141.58525421693554,150.7605219226576,146.59313452997992,140.00919863459072,149.45979459975177,150.82476670578274,137.1603048874293,92.97783946520984,146.74199009642766,147.13748883824113,141.83429299103224,142.06007747210552,140.4019249306911,142.28034938701617,140.68489913191348,140.90615418526545,141.15912165843224
2015-10-23,141.65073200940097,150.88519794835855,147.08521952415288,140.22470745748794,149.8054322807602,150.80963511340798,137.05456009352596,93.05316491819933,146.80521453949734,146.88596533898215,141.8381194135211,142.1243263884163,140.32310317976726,142.28517603738953,140.552548983012,140.8312167097603,141.0323289026152
2015-10-26,140.3389689829889,149.32528636023414,144.79813571570173,141.8536545608125,148.40870318506586,148.50440146544548,136.15421467722,92.21564011931689,145.44224761694622,145.03503281470415,140.53480492908395,141.00170489640965,138.93564140089984,141.16365526282922,139.17591183531755,139.62651835617052,139.83159657824
2015-10-27,140.32118403969247,149.38669681580004,145.27651325560052,141.75470624100373,148.11006473573897,148.41337789725492,136.82397252766674,92.01439312050502,145.45099544522586,144.71066939101073,140.57145924927158,141.19475862193732,138.88340023236282,141.40141264237013,139.17677763300884,139.77618835712616,140.0254559783291
2015-10-28,139.85912675082704,149.73673001645687,146.53101827675795,142.89155980339174,148.47250491721803,146.90161554217903,134.33960987807615,91.26673254835089,145.0359472765909,143.66251282993142,140.05249137206667,140.92586811055074,138.7630827867198,141.07032971367772,138.98982266468803,139.82866173166292,140.00726863675575
2015-10-29,139.28556936737905,149.5059733334499,147.19400818926206,142.5703006411299,148.2734483285012,146.23007240662355,133.13278079383542,89.91669330980436,144.58212528991888,143.00519986085976,139.46722864444348,140.56262572920713,138.21375623675672,140.68788030466885,138.4284251522762,139.4791770848222,139.63893184929555
2015-10-30,137.6368182668461,147.08589239771197,145.1007889551713,141.55060779034676,146.3394661600498,143.9378304781265,132.12643078502313,89.80955379878858,142.73075308782677,141.05650207339272,137.78614451919805,139.1398205150572,136.6357629182304,139.22525151303648,136.81693834796855,138.11448684858843,138.23407940267563
2015-11-02,139.05369755047394,148.99886997861074,147.60648011587656,141.47906637941426,148.3827507659854,145.55343436034133,132.23640619158246,89.80955379878858,144.33364539316375,143.32439590129752,139.1215642071755,141.08843697586846,137.97341720787654,141.07455773935988,138.07977733982068,139.96204754406926,139.99035846486808
2015-11-03,140.96530808483604,150.04526217228445,149.90703504931625,143.67585755381128,148.6029459566434,147.29010051738416,133.78674820309257,93.68991240427128,145.931299084461,144.89205889809486,140.90186068201044,143.64101286540225,140.02052174756443,143.47436248018275,139.99646458713653,142.61750235522356,142.49604198385234
2015-11-04,136.7869336149215,145.32340910188765,145.33430778992732,138.84811813030967,143.30254607480722,143.41465404694168,129.04550779312572,93.4817172369113,141.2419734878859,140.08874432498166,136.69049205739054,139.5135025421789,135.7335483642076,139.31249420829846,135.68216283939472,138.38064579593632,138.2304887994856
2015-11-05,137.54602193942398,146.1940098212135,145.83968859019666,139.06061708953547,143.83523130191193,144.36436682876086,129.62245895210134,94.26940686237508,141.98884717804182,141.0398046078956,137.44291255176938,139.95456804499958,136.36143650086314,139.75970949818992,136.30877950858402,138.70795554173725,138.56800269418633
2015-11-06,135.8608524060515,145.04840456783248,145.0041203742047,137.24245974066247,142.62568998072476,142.42657683147277,127.52609736196933,92.71207682957274,140.3043413364337,139.30586846279581,135.72409444457,138.1141226559622,134.64154468799765,137.89252209232092,134.5581527112428,136.84054117050982,136.67609839233813
2015-11-09,133.37200725943111,143.03128536378452,143.03745436139792,134.8605438777792,140.34989488934394,139.30562805730895,125.01344876186981,91.607234317766,137.65243649395336,136.36451067731102,133.33297693353867,135.75009975733994,132.1974713908914,135.6189367803943,132.20550423174555,134.51391259560097,134.43438833409536
2015-11-10,134.17523439550177,144.28135467809005,144.37566927810167,136.08854227030739,141.1680157005931,139.7771680398261,125.74700997343145,91.65150021805624,138.5507596249347,137.31981771346616,134.1389594116626,135.95654680467345,133.0116184594295,135.85159025476852,133.02185974106015,134.75937418671052,134.70339689715436
2015-11-11,132.79187964785334,142.35529277912184,141.08277318577254,134.7156311517373,139.68777435302852,137.92618414070037,124.84694748743499,93.33926392173247,136.76048559218324,135.86601284722505,132.7176850617671,134.1243835948104,131.49706212463687,134.00009328841426,131.47618072449802,132.8202537658263,132.749828126963
2015-11-12,132.16383622036477,141.308280059875,139.54970078730722,134.21095788016697,138.48052147215876,138.1387700335996,125.19771833602813,92.73030042662347,136.13598514428415,134.98339832637987,132.14093204779005,134.00947696210625,130.7671374707415,133.91478680794677,130.7990474747496,132.5817841715109,132.54423663369934
2015-11-13,130.8801116000334,140.0784043467925,138.07105929413808,133.4863743130688,137.33162056181152,136.5512616501171,124.18991977476783,92.3083527690714,134.74978293167962,133.73446797507742,130.89961277533305,132.74338874737813,129.43959955585174,132.6893312877217,129.5135416275349,131.27189286237297,131.27471226721096
2015-11-16,134.92341488347088,144.6538134046251,143.7256141916652,137.1835808075595,141.74594143408538,141.12802424502019,126.87223706377837,92.41285917782831,139.27720481758635,138.43259874000552,134.89193753363904,136.68761817627296,133.51313575171486,136.5877013127407,133.53745683919826,135.2512348729025,135.2090599894898
2015-11-17,134.3653779527741,144.15344447680673,142.63447535103828,135.3161137097181,141.76079243423376,140.17648094113747,126.77810293800663,93.28211082480794,138.52969627480704,137.81818210586593,134.26427515433807,136.19505535659977,132.8111925820399,136.02478580200247,132.77474681081495,134.61522444190388,134.5113442923656
2015-11-18,135.053601113096,145.14339714420973,144.42799793523687,136.12533944689528,142.6775686103065,140.17665415391508,127.18243407779006,93.74645071888617,139.24106550534347,138.54926263917667,134.9048876332275,136.8319539606279,133.45648058855068,136.61734440170662,133.37642333194793,135.21295636061618,135.0683265417455
2015-11-19,134.5855368294288,144.11196136058516,142.21876680333716,135.36117420215768,142.15389552283457,139.57437475010238,128.18374981898552,94.47749174343335,138.6159077104386,137.95279973025276,134.45654846191078,136.1808973973795,132.91828364178454,135.99280474903824,132.85971939209915,134.50260855038147,134.3854902973579
2015-11-20,134.98254351580226,143.98156073111025,141.98503774302043,137.22212969434582,140.9950743497616,140.4837141587159,128.93882990410728,94.47749174343335,139.06197570552013,138.24443750685575,134.80451530132106,136.4891904167463,133.27407355884907,136.25693763903791,133.17051585570067,134.77533241357227,134.61753554924775
2015-11-23,132.16946493391424,140.96019483885996,139.80606056499795,132.53145406202017,137.7848586831663,137.31869042853097,126.41587164991907,94.40631707420923,135.9099411293095,135.00952148819175,131.9765075621163,133.6861529072377,130.55688863356409,133.43896317293022,130.43542008671855,132.06454086768463,131.88905892236514
2015-11-24,133.45483355149034,142.2920530845483,141.93890763861506,133.40833461007492,138.4746079142235,138.84426517262696,128.4998607645992,94.23911552903034,137.37372766847207,136.44273641159336,133.2858511768823,134.9265644354963,131.9384280593209,134.70450601960397,131.83594308515154,133.40096808358666,133.24570480804638
2015-11-25,131.7545720062794,141.1753352372255,140.34695336020408,130.75734020783665,138.48142037902426,137.13071418317577,126.55147852620627,92.12946737236918,135.74399940836355,134.9711841660068,131.58427144936405,133.3653828890925,130.30593496069403,133.13646031601664,130.19955480824171,131.8985387319301,131.73451791507637
2015-11-26,131.788385512647,141.1753352372255,140.34695336020408,130.75734020783665,138.48142037902426,137.13071418317577,126.55147852620627,92.41319675959603,135.74399940836355,134.9711841660068,131.61669045776327,133.8631021122543,130.3380390195867,133.6142150129217,130.23039889433437,132.37185119828618,132.1897335074803
2015-11-27,132.08615971714593,142.67692897051683,141.73024189833117,131.17975035718877,140.94087765150996,136.9647078314058,127.34892430075877,90.4726356587342,136.33772631069402,135.2160177656581,131.89940598331097,134.23335839630633,130.5385099490461,133.96685969894605,130.42035977480987,132.64358374940429,132.44846098854845
2015-11-30,135.20261911216335,146.28476361225904,145.4895523324172,134.63373582641537,145.00633159488692,141.02677685450527,131.5960539417578,88.19070377181589,140.15954580190515,138.7992552527212,135.06821443682912,137.71881074337227,133.59794226839304,137.48860087352298,133.53177171056288,136.05561734068775,135.89780068401342
2015-12-01,137.1311209473164,148.78336902353968,147.78506253834308,135.60642455382578,146.60942060032335,143.7274956665506,136.0547272445126,87.90783683087626,142.3813668015391,141.02572763710464,136.97238707350917,139.42278824232255,135.47070760497135,139.17779297776735,135.38356728523195,137.71674597204876,137.54646445099033
2015-12-02,134.95004352126955,146.62290610951166,144.85350150485905,133.090047005739,143.84440654645246,141.50758380894186,133.93391501588013,87.37192850321135,139.989821207584,138.93144094737232,134.77348483374394,137.22030951438393,133.18394850619515,136.9587248672098,133.0840164196274,135.4115301324748,135.2294253204868
2015-12-03,133.61904454272323,144.60529686670012,141.7156375776368,131.56510846417177,141.83594641773948,139.6130392982309,133.1458129912936,90.64737934998539,138.00650380497305,137.5728077623658,133.52879247563723,135.92324147842774,132.02079801421172,135.74459848074738,131.996250686021,134.27648496782444,134.1670564949826
2015-12-04,131.89039242878442,143.4334436485632,140.58403525475242,129.1357888521625,140.33930565715588,138.09053188028773,131.69215961866564,88.48367718628297,136.35824716508534,135.74183365432165,131.88018426884344,134.15826792627848,130.1502238966323,134.05929588617624,130.2072491444591,132.37412581196182,132.34574396762238
2015-12-07,130.13096110843475,142.02553762249363,138.12629609017014,126.28289151407708,139.60798059255612,136.39870708207627,128.53813411031848,88.49607525610031,134.37211065376627,133.9422639285766,130.11600516118605,132.91058809986774,128.16788183046987,132.78693181486386,128.22887245242575,130.881767227885,130.83903878777195
2015-12-08,128.7608144578272,140.6729758018908,137.65873226520935,125.13699389709491,137.52089084163973,134.95382963948424,127.03997375015987,86.64658017008892,133.08398763077892,132.4666754083266,128.82124695499314,131.84899263939926,126.86646414201175,131.78716549326776,126.99627446439328,129.87077166918348,129.88482843327077
2015-12-09,130.34376493014702,142.13235660274864,139.21591784622888,127.80971813991941,139.16685765732802,135.77009256596958,130.2044593913423,88.96712465844988,134.5448024046293,133.65695583698127,130.40680933016736,133.50798132022797,128.38508025787561,133.44575102979462,128.51979635240397,131.46302536847452,131.4791601235359
2015-12-10,127.71907509708176,139.35544974517882,137.2105204842833,125.18532315521111,136.2967890006701,133.48932357647817,127.82300283788359,88.0847423377493,131.71053040110004,130.64569664156056,127.78321532081642,130.8004396825336,125.72376163123793,130.74253439583188,125.86085546051874,128.72278212487655,128.7442341232754
2015-12-11,126.94248057447479,139.06837721477706,135.88333160766618,124.68690602985062,135.87536128698545,132.94752843161322,127.64093696669188,87.759194047177,130.88111299195393,129.963032965936,127.15461290463254,130.5950313148977,124.94235280801837,130.66051699043783,125.21977578434233,128.48162389456544,128.62139946660693
2015-12-14,127.90297861827595,139.664437304774,136.8712129061058,124.17678742902271,135.77782155791212,134.56369189139428,128.44186925966847,86.43131379834057,132.14147189178075,131.22113692650123,128.01958053425807,131.46059859131643,125.89701768855308,131.4352600720471,126.08422359322809,129.3470178414129,129.4007151052586
2015-12-15,131.69648499663586,143.4338621649488,141.38632413493414,129.93718198898313,139.6053058783638,138.4103834086745,131.70127426401962,86.71653603653634,136.37733895761943,135.02559004902756,131.74712707617803,135.55750697095567,129.6867057676163,135.45524013211138,129.81166308698485,133.42557146844564,133.40701762567463
2015-12-16,134.28604186543535,146.80264917161858,143.25515038056605,132.58087474830907,142.80083585680194,141.84744103912666,134.59875709603213,86.48435587365945,139.33591230573097,138.34972873087307,134.32742903541723,138.02466866581457,131.97585583188453,137.91802844671452,132.10335102520432,135.60335289571276,135.59139312936767
2015-12-17,132.6834274952627,144.39205539737523,140.19132691014923,132.6343677834064,141.10411806324356,139.97326886662282,131.87731589229614,86.94932633416666,137.45375834336113,136.28902062758172,132.65329432633658,136.43878736151953,130.32655599254878,136.2608944326763,130.38815277783962,133.96961135456897,133.89198220134043
2015-12-18,130.93366881902236,141.947567270993,137.0570314820086,130.33345801067998,138.6133941213463,139.26464140670947,132.51818374232386,84.49109519624268,135.8295842595918,134.73261440535228,131.03224259137133,134.77802151588472,128.61573094340625,134.72370316703967,128.79748485052548,132.3414312686831,132.3795319543851
2015-12-21,134.8897070339798,146.7508965631145,141.62255113687374,134.10835295637756,143.09151829799765,144.10091734326934,137.36985649096772,83.732194080407,140.41754692262776,139.3160793384016,135.02946852049175,138.53123211282218,132.48180176000398,138.52543954986012,132.70589997230223,136.01911436952207,136.10590490655773
2015-12-22,136.89022158221547,149.1506757903375,144.1001824311815,136.39839186948325,145.1081818278456,146.07278186007827,139.51821253985156,83.97068706350123,142.65300231609407,141.57946618243938,136.96824403805655,140.5232073173887,134.46710662332012,140.456790901902,134.63347154451318,137.99756835776523,138.02750362733212
2015-12-23,138.10241086806988,150.38176725403997,146.1800937819402,137.2239289632575,146.980348759501,146.74114657405943,140.6859908148019,85.15557452044405,143.84806597392398,142.65326996311546,138.08091126699978,141.75563930384345,135.81819302042433,141.59028610567827,135.8853383470381,139.36653523207926,139.29781550582996
2015-12-24,136.3759463488392,148.41730306428548,144.03640271233235,135.18067382834542,145.31485849058012,144.40323550116275,139.67127550373246,85.15557452044405,141.88629192389132,140.58444935899436,136.40201135201582,140.15100061957375,134.14703126026296,140.0277171046576,134.25707481608,137.80899719390135,137.77838537781184
2015-12-25,136.3759463488392,148.41730306428548,144.03640271233235,135.18067382834542,145.31485849058012,144.40323550116275,139.67127550373246,85.15557452044405,141.88629192389132,140.58444935899436,136.40201135201582,140.11934358877184,134.14703126026296,139.99730442796007,134.25707481608,137.77906640188155,137.7495695359932
2015-12-28,134.75624332964307,146.77935169987452,141.8373307312228,133.74410673809783,143.6674082127934,142.41225697466032,137.95144995940248,84.9476114978281,140.0794493763357,138.80879339269833,134.76043520604773,138.10485768598872,132.39863619048177,137.9767546138441,132.49281011181324,135.65823947812214,135.62697224398553
2015-12-29,133.81000590105756,146.18460093161346,141.46551274892502,131.98726887753634,142.9988194349558,140.80378412025567,139.09254274735076,84.5405445312319,139.0674369744515,137.7810065844134,133.77514085524206,137.23696627695347,131.59190899019313,137.0673321326789,131.64388170349096,134.92301217613206,134.8474975579858
2015-12-30,132.95014126059007,145.51434668021707,140.39808872215335,131.21223493857207,141.74225279010787,139.85293892567373,139.2349637152478,84.55913951372796,138.08976644743484,136.69475321164498,132.92144360774816,136.3223107646354,130.63778666359366,136.1609213906379,130.69918141270892,133.9180388959393,133.85374060151094
2015-12-31,135.10400291793306,147.45320781788877,142.90221149327468,133.93864018060918,143.23110047393413,142.77836995760788,141.6000207349802,84.55913951372796,140.53026782967535,138.97964349358494,135.1182660468172,138.62479577618228,132.82902427991147,138.4998428376831,132.92962650165546,136.25013020549656,136.21918575154086
2016-01-04,132.2361063631577,144.7393046963946,140.94430930713966,131.82303528451328,140.0317450168891,139.01051472988507,139.83108122966223,81.90678232153303,137.67672398260638,135.91308558738513,132.43044242064514,135.82165941416832,130.1023560989887,135.8716514828786,130.36794482515398,133.5814024243502,133.71116359408197
2016-01-05,134.86826192454268,147.9710735158746,144.27327744504484,135.03285710514052,142.16619386504175,142.73129010676945,140.96154783947753,81.64812776471973,140.70583142292955,139.0346342675454,135.09459848953819,138.52387838670583,132.54962668326598,138.60266849522606,132.8523287793186,136.09850304717256,136.26226780449502
2016-01-06,132.1579132152472,145.21779715166787,140.98937981857475,132.6337698159024,139.58657956560293,139.76740084714692,137.5993218799451,80.63388846737932,137.78000540340233,136.16651039422965,132.5522104585245,135.80061631512444,129.7059158266039,136.04570884168157,130.17218212870202,133.24296422466986,133.56887141764082
2016-01-07,128.5032656934586,141.8007680237331,137.00499297897326,128.1597339366854,136.48086796610986,136.12265644450713,133.66483983178287,78.91059366688282,133.8912041787788,132.5957297067146,129.09890426935542,132.55175894745625,126.14594965442221,132.9809316089504,126.7987986900917,130.0627263847228,130.5601576346371
2016-01-08,127.63901093217136,140.86856895203795,136.27040415205732,126.83355011893687,135.99794121395308,135.31259347098882,131.69450629708314,78.94418615247749,132.90366808381776,131.84808650228177,128.27013423212583,131.6683552750662,125.30735646664688,132.13346958764083,125.99278165017896,129.2053291220785,129.73581568369454
2016-01-11,126.19450786068245,139.46669794881424,133.8634661445718,125.7440016657283,135.09390461839274,134.21168095726483,130.71616790736886,77.75181965744225,131.44533731879133,130.48486940830563,126.77014409566665,130.1197785316107,123.60812309938873,130.53379420952973,124.24946506567719,127.40921329312425,127.89946737734633
2016-01-12,128.29799957629828,142.22502499062318,136.77834582988586,127.96787684091473,138.3540915448912,135.8809075714102,133.30082867486576,77.34938743723977,133.89738580964612,132.67711646196824,128.8453165392016,132.12653261968114,125.61353774982639,132.5156519759085,126.23167864023424,129.32579460114724,129.7957068614339
2016-01-13,125.7296407805079,138.6229673453627,132.14681758003127,126.71432973225596,134.63506523194454,133.7471772289548,130.7067936953643,76.06557733683921,131.17529068340934,130.15409447131594,126.36217467804917,129.51444011807834,123.12468072343947,129.989706078237,123.82017695180987,126.79333632077221,127.34165385867368
2016-01-14,127.0298522791671,140.19925565767198,135.33003952208546,127.13191258878882,136.17257692121748,134.9317156289997,131.45884173103676,76.5894731651202,132.57300534500868,131.38713263017888,127.52089183902304,130.76125736033808,124.40908440117464,131.0982425327585,124.97192688477699,128.0284638277433,128.44682032553186
2016-01-15,122.5818996785394,135.66425405074656,131.3870240732554,122.97170988136614,130.93331396268331,129.69881696323185,127.33473653329024,74.71649566963964,127.8036859892642,126.13640924837912,123.27630802475227,125.55480851169617,119.98023797750417,126.12061493966189,120.73369125832092,122.88257017203985,123.51445382431064
2016-01-18,122.48382108283423,135.66425405074656,131.3870240732554,122.97170988136614,130.93331396268331,129.69881696323185,127.33473653329024,73.99912167000272,127.8036859892642,126.13640924837912,123.18161919615495,125.77103939154459,119.88808086823515,126.32946620257535,120.64452218279631,123.0860593477211,123.71141398606092
2016-01-19,124.66805545263107,138.04362465001537,132.1107761406348,124.12546393379662,133.54164179102318,133.295906356622,130.71045655226115,73.92723409140723,130.30126679582094,129.2138744429618,125.34271346723646,127.89218712465866,121.83048862816281,128.42964414863823,122.57324329642823,124.97347377980108,125.5867769508555
2016-01-20,122.51727570669185,135.71928809862231,130.43983032570875,122.81121219543529,131.04444733118513,129.75357383305982,130.08561601129395,72.75089626256053,128.03743015019987,126.55760521916532,123.34146258536227,126.32192623123942,119.67635689631575,126.98700044330411,120.55954791188373,123.36354869046025,124.09814543658999
2016-01-21,124.55832585383587,138.02526426434548,133.47815796600716,124.4209140534614,133.96137863314996,131.49819547009602,133.30682754343832,72.8710645157033,130.34512600185,128.67997204744276,125.37200316461367,128.27459219471774,121.82892559904985,128.9318184319128,122.69906571290687,125.43362750337708,126.15741266846577
2016-01-22,129.46002856903658,143.4750519097374,139.3947852771013,130.71141515886282,139.01242685186998,137.15449553923742,136.8814287754596,73.40708824197661,135.85370369202414,134.24170834107548,130.1484916029318,132.83408093431933,126.90268453656093,133.3780712794515,127.65027372920798,130.1871732472261,130.79869001093115
2016-01-25,125.67368908296812,139.15370527446177,133.7424050318696,126.4484245117351,135.0182413566073,133.00165094095038,133.32967285868423,73.40708824197661,131.51915490247853,130.15626374498476,126.46678045499031,129.148885774312,122.86780814457128,129.79300940703186,123.72179938205309,126.24893563807282,126.9629138717198
2016-01-26,127.54404275037605,141.49163081321706,136.38471421682655,128.84563180412613,137.89138375110252,134.442028476995,135.11332241942875,72.74223230827775,133.76273465881175,132.1517170385923,128.32935124229127,130.99768459149715,124.86870202185048,131.63453316692627,125.71150342755418,128.2292071377084,128.9324027858362
2016-01-27,126.2822750781083,139.65168414131585,133.851776576271,128.1173670711404,136.12888204191935,132.69070432062736,132.49065226370928,74.45625151665027,132.03261687575753,130.77465243293426,127.10326528704014,129.7641428780993,123.7734871579406,130.43543868291374,124.64439927511879,127.15770916068637,127.88811184629385
2016-01-28,128.70968453623112,141.55200423489666,137.34297425233538,131.88296859648517,137.76977458494778,134.9335638394183,135.7576473926414,74.28418367020426,134.82902079021522,133.2294761204894,129.441433348625,132.01244603611556,126.38683091494376,132.60125398293746,127.16803228435477,129.60143435662343,130.2480494769491
2016-01-29,131.01757588985654,143.13231742896383,139.4510036451433,134.97839203310292,138.38689049605907,137.130785677739,135.89522249534446,77.72906194658393,136.89800271581345,135.2009639234806,131.6415417170339,134.22490830638037,128.4899264824802,134.7104673138089,129.17622871571118,131.61846889195454,132.1739231975281
2016-02-01,128.690314283633,140.54948131063446,136.3993214403719,132.7466107246859,135.83385376504296,133.93035138255453,134.28247971257176,78.67294944695742,134.09409549426624,132.17381979575492,129.35945690306758,131.75452245008546,125.8807522562934,132.289827932768,126.6188382610995,128.87741045933947,129.4885940130575
2016-02-02,124.16325662213464,136.1011149887418,131.83344300483955,127.45092901652757,130.75814911775464,129.8841834643207,129.95960282098127,76.10497712424254,129.34601936869097,127.4990942495839,124.94436582539343,127.27523520192796,121.33369127359761,127.9195797034563,122.17724710306317,124.37309710689708,125.08742169899858
2016-02-03,126.707527429495,138.15287106171624,134.3134985588495,129.8104791247154,133.65790713326655,131.99686989279996,133.59215115086363,77.10834930624812,132.08241622188618,130.53599818424533,127.48852480530577,129.75030309656444,124.19079100807315,130.39645115218923,125.0246946813552,127.16220610333768,127.8686487016785
2016-02-04,124.97309254101567,135.24329952365258,131.22056052544633,129.81875863348859,130.68419080074764,129.14999830868635,131.89358023721297,79.01552768920098,129.81305248412883,128.0012980319304,125.75437913582432,128.19331562614303,122.32860196184063,128.83403956043495,123.16663567850613,125.46831918005196,126.17380645190815
2016-02-05,123.03115503862605,132.83758989761353,127.65216717206278,127.73822876153656,128.2348576469604,127.65743201088466,128.6919896154463,79.23847244284694,127.57923337399318,126.158167333286,123.95006946413115,126.23296808470208,120.38362762517912,127.01020591778209,121.35109030562307,123.5049310329017,124.33902753243875
2016-02-08,121.8517847358258,131.01037031285455,126.60777817323772,126.38551463004353,125.47498665305797,126.65614513230143,128.7502232728827,79.23847244284694,126.24508652271442,124.6006173133748,122.89197509687486,124.91560163921692,119.14465571307409,125.81705011463309,120.22791480192777,122.13624142610864,123.08881092822024
2016-02-09,120.38864908813632,129.75127757159828,125.24077063805849,124.57098371962361,124.36847569519442,124.68703526156699,127.46989462926084,79.23847244284694,124.59139027044903,122.84401332246593,121.45589699340076,123.5013158605707,117.50953109962686,124.42817231333278,118.62306261524111,120.54863607872434,121.53001875262319
2016-02-10,120.03076249564812,129.33884716960728,124.87106341358762,124.60574832221234,124.30696464223622,124.14075589919744,126.62435243524422,78.37686643875439,124.3104985111527,122.65174743689278,121.13421453773545,123.2096813523936,117.03588943788374,124.17021217831609,118.1867385122619,120.13851525474557,121.15497399925106
2016-02-11,119.71648125638896,129.0910014463662,125.52462897592072,124.02919363646276,124.24439249293499,123.53564564430872,127.69278395224204,76.53737166336558,124.22065365863672,122.28109739085242,121.08263247371774,122.93080444647886,116.81358731367268,124.14924012062316,118.20814216616455,119.94799597562921,121.20416700997949
2016-02-12,123.34565573041654,133.33655277273348,130.12460332381235,128.6603094808335,128.50635019504676,127.35714959303996,129.61108528086763,76.94582814336353,128.26844276336584,126.08512416651287,124.65297192834099,126.64562720145025,120.48787702481256,127.8025055135583,121.82701025497965,123.70455472675563,124.90264530517865
2016-02-15,123.42800222229428,133.33655277273348,130.12460332381235,128.6603094808335,128.50635019504676,127.35714959303996,129.61108528086763,77.56226353945883,128.26844276336584,126.08512416651287,124.73286242374972,126.91116287915554,120.56509809734175,128.06016059460154,121.90208653130159,123.95394817131655,125.14512789588517
2016-02-16,126.05513597732224,136.15477548135243,132.51499058030544,131.04450579958433,130.75031409208532,130.47118838317186,132.08202630477444,79.31847673831174,130.98277017229046,128.8435859805454,127.13934104801572,129.63193475283842,123.0261180368413,130.55956249980443,124.16103510592811,126.50661461522834,127.49474135164552
2016-02-17,130.47996140906187,141.02286057024085,137.97731447046516,136.92849190679163,135.89554778712824,134.48031793454786,136.59072302027718,80.25650612880627,135.85772867896986,133.48965190514335,131.54162852490308,134.20222172711033,127.53805312518838,135.10194979021236,128.6501838578946,131.1572257668943,132.11757732356608
2016-02-18,127.62178914428229,137.58231396422283,133.94406921166868,134.63109476170976,132.6080293244386,131.09162806127384,133.86832126366687,79.86935096705614,132.67079254523227,130.0964736913274,128.79523238316884,131.34873210084902,124.68527873082942,132.3593439453353,125.90180851871658,128.30685487554342,129.371068152554
2016-02-19,128.70391637089853,138.8695109779509,135.4238733633311,136.0597520638851,133.69833324443974,132.41269452480475,135.871588947437,79.97049489347394,133.88272465959363,131.1414072630592,129.86891830440115,132.45561639963523,125.69092080889284,133.45683686409558,126.90197937229948,129.33731960734696,130.3951211085523
2016-02-22,130.90716019746466,140.49690089549642,137.68144008056842,137.96546873934085,134.47709246452644,134.9538536515892,138.38866939453627,82.86345004444247,135.9426823249896,133.24873400934632,131.90044406777443,134.83474113045602,127.95753403324584,135.66023703479397,129.0058886478002,131.76997448797547,132.6613271512413
2016-02-23,126.37806493668262,135.8307097534805,132.3089990060424,133.17053440289,129.3671645762612,129.8944449114435,134.48387235625466,81.60016147357094,131.0002047935996,128.38192568971445,127.50042453829636,130.0517668070253,123.37129415686255,131.01418060846544,124.54195298455777,126.94251834876434,127.9634353184512
2016-02-24,126.59137465381296,136.16802098555075,133.74067634957817,133.98061667061583,128.60147195890102,130.41092479755318,134.98350363691793,80.69911988383708,131.37291933433227,128.4342933000101,127.73787510746084,130.32892035706837,123.64877915764309,131.3131320384554,124.84027674530635,127.27939607032886,128.3191178733876
2016-02-25,127.55980666622513,137.72209420499632,134.78956166336678,135.76187273440325,130.4251544868717,130.9745794074523,135.64273828079848,80.55745736612515,132.49026032902114,129.4394270228907,128.69062378405158,131.2822077788438,124.67893062537449,132.25114163296453,125.85410383801579,128.29538960407655,129.3190857261738
2016-02-26,126.77227804448299,137.29981243097967,134.8129926981285,135.15510036230012,130.26733162293658,130.35462758409017,133.41270874509706,79.99373251135896,131.68221679440236,128.4826840464275,127.8893027840189,130.59484395400625,123.92549713046117,131.54720316913637,125.0865309623085,127.63517222138476,128.642340710205
2016-02-29,127.19871969064663,136.99796142019792,133.97867838836385,135.88448329144603,129.78765494733676,130.81132834514523,133.14357748468723,81.99929914918806,131.86530932334966,129.13967655368756,128.38591252594375,131.10073574725075,124.4663537888036,132.1198870431764,125.69009813165486,128.24988693576427,129.3168397601166
2016-03-01,132.35030832191825,142.16483615943162,139.30332891186737,140.29297852081942,135.47783505292404,136.49555726375576,138.32596199997894,84.16410559830534,137.37492383864463,134.73371852624715,133.40191221273795,136.23051147702344,129.45015658666372,137.11476876239715,130.55222196664405,133.21828320692376,134.163702430769
2016-03-02,131.02696732873864,139.86441495370548,137.4788307325621,138.76327863392467,132.8531025455726,135.10459073468937,137.52957560159905,85.23488707952868,135.71758471513434,132.96505125520582,132.04083589996932,134.66314660969704,128.173258273646,135.51827277641232,129.23816169048908,131.71055557755113,132.62648053534267
2016-03-03,131.4599466771909,139.91860150083895,137.11247888835788,138.40857289892966,132.9498577125877,134.83472701783882,138.76853520194442,88.82057744625969,135.6877974870328,133.2048301544901,132.5061475153786,135.01597616676833,128.50978514993824,135.90551133705424,129.6081350974564,131.9731315726392,132.92427601837824
2016-03-04,130.31421839208235,137.51123442011405,134.41733724051926,136.45532552959352,130.4743767935732,133.8309782571493,138.09436182919674,91.65642580259897,134.0038769189684,131.80768938599445,131.26234244506807,133.62299272293902,127.52834927865158,134.42399138260538,128.52926904179475,130.75651364818265,131.61873832326708
2016-03-07,129.504984995143,136.51707424663317,134.2560467638482,135.7283864297389,129.45877800949103,131.80643308096973,137.85888518717022,92.160118774649,133.0291351777351,130.65687021171593,130.4680137761391,132.83163742436406,126.97282214755464,133.6468798751822,127.97979434000337,130.2137562221624,131.08166946944263
2016-03-08,128.16374646901346,135.37244919214322,131.9466430901619,133.92482137987497,128.52404922710733,130.21900749216744,136.83981612819568,92.46377955635246,131.4863020504109,129.32381319511293,129.16367854747688,131.52382358906604,125.49514242526479,132.37458507084094,126.54091617328989,128.76875605298602,129.67424173661806
2016-03-09,127.96545039006864,135.03053179940358,132.16043216234357,133.9864184716151,128.13954299331064,129.8596244407087,137.08619238776134,92.2809561198174,131.28800562158924,128.97149263248292,128.89049738288284,131.30015377232075,125.52917802564794,132.0779791330697,126.4972998419924,128.77568082915252,129.60535211511774
2016-03-10,125.58518764148592,132.19357792889136,129.4952489968288,130.83753586799904,125.1627936668614,127.15230525324084,133.77981507384305,94.18596050901179,128.37754856687138,126.45666836863978,126.56589675970488,128.87763981937175,123.13289077875838,129.7121478489041,124.15367427165742,126.3384905582983,127.22186511875628
2016-03-11,126.06292262751741,132.85880979837927,129.8021962229606,130.20131192578413,126.74550596127565,127.9549865993272,134.42529097890116,93.7757709994678,128.9611290474562,127.25837256517511,126.85590276448156,129.31548037211317,123.57063103350715,129.96618048142196,124.4156455272005,126.73942696907869,127.4503798151024
2016-03-14,123.88562720681722,131.01158983265518,128.01923291423873,128.19661614104007,125.21898093556938,126.20724565667152,131.17203789625054,90.54318899123248,126.93542442034969,125.1774234936049,124.62848455968043,127.04713520072836,121.31528773796367,127.65188472619164,122.11521675592121,124.39816147339302,125.06776609124589
2016-03-15,125.25046443466357,132.98380506789667,130.83279634562203,129.5583836970026,127.17883138360256,127.9668758471517,132.66497910144082,88.73721004676568,128.69116071451367,126.53573285540902,126.066744345256,128.51423171125307,122.62105057435603,129.1876100575447,123.49224468449589,125.80180343315381,126.53834780948631
2016-03-16,130.64584745569647,138.27699687883276,136.1103061687881,135.83495433402976,132.65113644302335,133.74529295738952,139.24267423730026,90.16842773709683,134.55002804467705,132.2168986027404,131.54383647711754,133.9819779025379,128.08571352023074,134.7325077985757,129.03250406891294,131.33679448563683,132.14468873006302
2016-03-17,131.91296235724778,138.5795456391062,136.05732684842437,137.79467129066728,132.60080543616138,133.89726616923977,140.81244300232757,95.0145472886551,135.31624208900587,133.3209057108444,132.71275085532918,135.23893934115088,129.42825167823818,135.8928646218249,130.280246134639,132.6693871576542,133.38384541993065
2016-03-18,128.39554977126363,134.36928707320664,132.20143669641607,133.72634914183692,128.42096339797675,130.24505418677796,136.1685431249142,94.83911619790591,131.40278067755315,129.2786309024198,129.13663338163755,131.47116147747147,125.92113471423406,132.0763144010151,126.71692669560426,128.9241442225637,129.59138092993553
2016-03-21,128.69247283395154,134.30078429951143,132.3018904243709,134.14001533027772,128.00585475528163,130.7977051400061,135.982229772063,95.86167284267026,131.6054846033529,129.4213471712957,129.38781427259423,131.8120364098696,126.25425827770475,132.37066544966328,127.00575718164163,129.2982975369636,129.92054551741862
2016-03-22,128.20418633306093,133.8021366929845,131.85902068779748,133.77168846432633,127.05375755571534,130.27916739456873,135.40549512713085,95.72668414888807,131.07759848789394,128.88998713382816,128.9195693387595,131.38040203991736,125.75874178323258,131.9568667279329,126.52933495949306,128.85608148270146,129.4954875449083
2016-03-23,125.28642549999151,131.1356046774257,128.9885398029331,130.14243961809635,124.77306740175977,127.51615351631385,132.28019767124897,93.44976510635621,128.10667949589026,125.8747779418258,125.93763953931241,128.45873565903918,122.7594169019744,128.97260845406632,123.47174933548999,125.85278084734036,126.43537704141663
2016-03-24,128.2291245073309,134.40132814431865,132.88505548376793,133.75744125782938,127.32452264187076,130.77528839537612,136.1119696168395,93.296917051719,131.4082085312663,128.92733708466815,128.90890988438676,131.4813548662496,125.64285180754176,132.02018292268409,126.38442761252836,128.81396681797048,129.42241895302794
2016-03-25,128.2291245073309,134.40132814431865,132.88505548376793,133.75744125782938,127.32452264187076,130.77528839537612,136.1119696168395,93.296917051719,131.4082085312663,128.92733708466815,128.90890988438676,131.48709235848148,125.64285180754176,132.0257223507967,126.38442761252836,128.81937171662528,129.42764825470715
2016-03-28,128.91609671069634,135.10167704204292,132.7354242408021,134.46700518860672,127.95485921041978,131.31696774844633,136.865725539641,95.27922710412886,131.9223878119612,129.68724324608624,129.5886421373962,132.26143671594977,126.2686851472101,132.7898223269254,127.00552571708137,129.52875685689068,130.12955040276512
2016-03-29,130.11712772235015,136.36416235733626,133.83449845983878,135.27953726705738,129.37963218765248,132.65148694153123,138.04211650222592,95.80649547210831,133.19678927329312,131.02593845376984,130.83464188187497,133.33925103746287,127.28358027096871,133.91603782320217,128.06906260955247,130.43084760199486,131.0831466485402
2016-03-30,129.94674592142582,135.688200852034,132.78885363914569,135.50851414946155,129.26061986054413,132.55381704983506,137.78383736102563,96.30226858838907,132.94385913873182,130.72801347998228,130.53766236807692,133.0887621478932,127.02905966428071,133.5437259697351,127.69809983269329,130.1021184630495,130.64208110894245
2016-03-31,128.0252898388237,133.60652984802596,131.17984798231137,134.0490816216345,126.7949813213063,130.34872616036193,136.3109946552433,93.87899488020489,131.10349724764112,128.66786880502397,128.65276224280547,131.16702653795613,125.15614151641819,131.65819308310333,125.85771284162408,128.22708580006307,128.7994265429708
2016-04-01,127.22417349338113,132.64601271907378,131.0051522397975,133.49445123739375,125.26523465884213,128.74905707217144,135.2109106255172,94.9892893743754,130.06758070534315,127.485756853158,127.83520744547512,130.38053223545413,124.20049059548191,130.8551183604535,124.89160686093537,127.28700718482504,127.84867619847489
2016-04-04,124.98725427515697,130.8147593329624,128.99798660948673,131.05047583062253,123.77972689151365,126.56880881499029,132.11265611623588,92.15744176537443,127.92527619738914,125.32832350262333,125.58966652034735,128.16771502545464,121.91987368832696,128.63326223432261,122.60403880132742,125.02825371939356,125.58269169683014
2016-04-05,125.06558909133196,131.28898166120584,130.33484506857042,130.95607305138114,123.32928821757517,126.5288607625692,132.0782950735083,92.35489456576087,127.98782409531701,125.36351429335421,125.82891552078466,128.37600310276497,122.11487940384104,128.99547049176726,122.94624444022202,125.34357816076525,126.03923585365273
2016-04-06,128.12880198058835,135.10760149387198,134.53075883497024,132.96790944475518,127.00733842621001,130.24742364506602,136.72084792321542,91.00940598904876,131.57710175726035,129.16866808920338,128.83488468439174,131.46714567291323,125.3178602032557,132.0287266993817,126.09147425773051,128.57297403748643,129.2101872610421
2016-04-07,125.08231514647011,131.8742011242973,131.73613150864287,129.16960658460883,123.26195241664901,126.87492476238296,133.18157705127697,91.33827759185486,128.1209943486693,125.73100471563559,125.91466407419361,128.40471327119977,122.35998187927457,129.0917250903232,123.24911714173965,125.597053204071,126.3493418402362
2016-04-08,128.46434850217474,135.28187405709588,134.39178042304357,132.65997053284096,127.06138762113054,130.21090582366216,135.78718292985627,94.49288227115535,131.49784375264218,129.55269090283704,129.23927001872985,131.77347892783854,125.86927537397827,132.40370368744573,126.70089782600331,129.09428889089284,129.78948377291184
2016-04-11,125.89081166502073,131.80819496907588,130.4294382417116,129.950688306928,124.18542349665549,127.89452947691365,132.66080581114005,94.0036231829572,128.68595064433217,126.97399385776767,126.68645990642644,129.12732363976355,123.43899956198685,129.78084727879536,124.28520329732518,126.59218488465125,127.3044841353516
2016-04-12,124.88300997459693,129.91623984288677,128.88405623326244,129.32153629873397,122.48224917495483,125.94375368131867,131.94628144428117,96.79989116280565,127.21412561041686,125.39883108271938,125.5756229157454,128.02643982886005,122.52403740520607,128.58177021244165,123.26994754769996,125.58764168915594,126.20401611008869
2016-04-13,126.66262388583284,131.4916180075969,129.84501720154523,130.68573296149992,124.05231105659489,128.25936249494058,133.16434530547377,99.16271814397422,128.9094687513168,127.20583613098127,127.23142326564232,129.75155803308317,124.13198882086334,130.18658780305532,124.7668481060354,127.14758788786304,127.65576749455765
2016-04-14,126.9916760750014,131.9792124845988,130.36253193936224,131.85682981638445,124.6988177128976,128.5531279397282,134.07714310611397,97.87348644480403,129.42716371358654,127.40725998049321,127.49345200597824,130.09827862175896,124.44303300579362,130.46670240201445,125.01533453356932,127.47572562494935,127.92165907684088
2016-04-15,126.10523939619323,130.9375608389229,128.83866196105643,130.42164521150937,123.78474946769127,127.16447897979015,134.42976225169562,99.1314924157605,128.29036169119104,126.13953981506438,126.64351571759931,129.26141255702643,123.47062365238035,129.66407943657592,124.08017910772271,126.55084048176141,127.03200608432377
2016-04-18,128.88366860439194,134.16071405651942,132.27054965443506,133.25096598595087,127.12138670125984,130.16147307062766,138.3901978768866,98.10852851193161,131.49424715872033,129.1482817806084,129.3996705816425,132.06883857989072,126.12619622139863,132.44821118476375,126.71920997532844,129.23705116104978,129.7005211439955
2016-04-19,133.5229324470962,138.85779814111174,135.99298780385467,139.9558883447363,132.70920043903993,134.45071627283895,143.7791846739099,99.70342488619546,136.46344471857904,134.1940139850439,134.06954824360815,136.83781699058807,130.7342659264789,137.2421572988963,131.35765260576866,133.9702669382705,134.45886582697557
2016-04-20,130.45441224350697,135.5918361644634,133.28060170075645,136.49072756487615,129.66225312641782,130.44681579177924,140.08567990388391,99.41595389843468,133.0780173072953,130.71584436957593,130.9593142441637,133.76279843612343,127.88398799776203,134.12667044007176,128.4603625546974,131.10895927694574,131.55196722999878
2016-04-21,129.62139528848834,134.81454198512608,132.75111989842787,135.4579125816189,129.09755278194282,129.5948434791535,138.5218791707991,99.41595389843468,132.15099549860417,129.62664640921628,130.1749942626288,133.0388426424294,127.07973131826347,133.44685599452998,127.70097548138024,130.40663017475953,130.89054562454535
2016-04-22,129.02921943692812,134.74775991382813,132.72611405821127,134.4391400903827,128.75089725625776,129.37224184535808,137.4096117645253,98.07700917376758,131.6541805616928,129.2374364679447,129.53736585612344,132.41169695758907,126.54135674400338,132.77622383228461,127.1178502510866,129.83425155295066,130.27521131148313
2016-04-25,129.46827158122588,135.68986679298325,133.57607823002596,133.73643157148106,129.58708669161555,130.2841848605263,138.125161495699,96.83682556619844,132.29423303019044,129.98981142468728,130.03134006964126,133.08962152214434,126.90930160612628,133.49967185796623,127.5400834260698,130.42860571500304,130.915447739039
2016-04-26,130.10402564271863,135.7249967426578,133.68956521073864,135.0269265773852,129.69628420222227,130.72870576927386,138.22619707989853,99.06937620067643,132.7256474304376,130.38816035769307,130.6475506108661,133.75285159106863,127.61529166723764,134.14254877497353,128.2253424965766,131.16003467537303,131.6254289882307
2016-04-27,129.61733967407167,134.76619994853885,133.12862897968364,135.445664473744,129.23941707437405,129.8379076191729,134.68257197489413,101.19808135568628,131.9247573034226,129.71994686858255,130.14876998535775,132.98344312878038,127.26809462018038,133.37134441928922,127.86195976117389,130.54433884595932,131.00281085651918
2016-04-28,128.52630308675538,133.48198145941024,131.57867714271765,135.4766073121741,128.36233618871367,127.39506827688838,135.9093294614553,100.4097470480428,130.80677438541582,128.35230916541227,129.1974383415705,131.9625545977173,126.2781347290255,132.4857447534194,127.00043585583194,129.618644250576,130.2018042665197
2016-04-29,126.67370993730262,131.2916978087061,129.48399860371302,134.60005917917826,126.20216073151285,124.57905451917874,135.1145953871979,99.82557917102963,128.81908741982818,126.36586627938038,127.44768018434634,130.14455710897428,124.50638547980553,130.76822599019272,125.3230205861884,127.87756737125457,128.5531442852592
2016-05-02,125.53278978540479,130.45648684546825,128.43585029567777,132.142134835187,125.5456156091539,123.52222042521004,134.36882936752625,99.65781047775303,127.57304914694438,125.04029217095479,126.26031817166879,128.83142235993995,123.25401951830746,129.4153041927962,124.03019050892767,126.46329406160982,127.10430921217221
2016-05-03,125.13367534005995,130.92640934988256,129.006877796119,131.67375327016833,125.28565044423429,123.37937807247172,134.9719069496289,97.77310790655876,127.34990498567929,124.64874897067246,125.95697720781145,128.60034507211705,122.82843132886453,129.27295288877096,123.69587543145207,126.1964581181654,126.92251455506162
2016-05-04,125.72754910782729,131.77640128743292,130.00569388387424,132.90120466542712,125.59852668760803,124.06057876293868,135.85634385220422,98.20829482680519,127.9577112377899,125.0466365507757,126.58375387478367,129.2305734882549,123.49336362351136,129.93432241644263,124.38970743051321,126.89516190085135,127.6485747639047
2016-05-05,125.45262189065876,131.3879234531369,129.99048394343225,132.76955413829944,124.73764133917452,124.1646504579637,136.01548361793047,96.91643921219847,127.80548759458976,124.64489007910302,126.2987103185788,128.9599477802582,123.27114672902009,129.65362357620893,124.15623525812589,126.67622727166989,127.41846139664712
2016-05-06,125.3417856982133,131.29880435792944,129.82873774423786,133.12629218362324,124.97793256594967,123.66951056617769,135.55094117203424,96.87590982400282,127.68716647882297,124.45910800577875,126.2198420411425,128.96609336979824,123.17653597480998,129.68745164699524,124.0913148365089,126.6918552983987,127.45999004270301
2016-05-09,123.08420209930586,129.6209381034762,128.10907999796314,129.06771077525917,123.59207207522664,121.81306862278574,132.61299303992234,95.42394041824748,125.35224279894976,122.1937630316567,123.88595423548215,126.69613849955776,120.87448245787003,127.342993182767,121.7182173333914,124.37738138171635,125.07613839343676
2016-05-10,125.69027878304853,132.0290332730481,130.4951243764105,131.9252925065322,125.37334744612556,124.31542172534056,135.20610009293148,98.88610934600904,127.83416565213,124.81133761564156,126.43752009774707,129.18572305681502,123.49164867470176,129.78209316086813,124.28387630513652,126.88595118816824,127.53662586254475
2016-05-11,123.68137063588559,129.49673234945237,128.25365557128194,130.3050107252078,123.01624685977055,121.44932309783731,133.91186646893198,98.65744462037472,125.63212179533684,122.7204474857634,124.48325287235006,127.16162835445375,121.69233847608152,127.81279931095888,122.52920280671786,125.06871079495978,125.76440783871607
2016-05-12,122.80304769751467,128.50621921736297,127.32999719083693,129.59628544082807,121.5322688740546,120.4303990377922,132.6649975266988,99.66696410116512,124.54197141889422,121.66110197852743,123.56214250896858,126.28315786444821,120.87678584057862,126.89226042146515,121.67105152434128,124.25184143767171,124.905640270476
2016-05-13,122.09162598222501,128.24649399309337,127.3647810466573,128.47215205160376,121.51842957168257,119.6449848373398,132.26024228249514,97.86233816338459,123.95988770462563,120.9911390493018,122.94074662547338,125.63507679888777,120.21267748874602,126.3310650397399,121.09058191819516,123.64675934550942,124.3814822933964
2016-05-16,124.88480735768972,131.74858475702746,131.00390019228772,130.1167475397359,124.68126582399579,123.25083002900699,135.90671717320092,97.38725864906476,127.10832841575137,124.26348189695373,125.71964076181601,128.45422515038248,123.09375202005441,129.1346512466991,123.95569744696277,126.55281757948853,127.27034696790788
2016-05-17,123.11323491565855,129.4705251688042,128.93614120712945,129.03145143602822,122.38557055217123,121.51782782613607,134.75362800646855,95.90849171329535,125.31675469206024,122.4034297585226,123.9738725434963,126.64868966690126,121.43395302557707,127.35608939716747,122.31662194920345,124.85875432804043,125.59819858006212
2016-05-18,122.27062281148535,129.04687123697073,128.3799720763569,127.41516062283166,122.56209590630871,120.64518239866577,132.91596642817015,95.43483553354521,124.43735208080267,121.58259457066391,123.06157975072838,125.81368570626815,120.53496922355149,126.45218116897105,121.3532159553244,123.9672503060487,124.64295231576487
2016-05-19,123.78549442733258,130.9912616969348,130.67453015789786,128.79378291661493,124.10706915509078,122.13588221591165,134.92554789907206,94.89502465544966,126.18321156351978,123.19016627559893,124.61787241444478,127.23490985649532,122.10659211966419,127.91717794615165,122.96246068953162,125.45021714991293,126.16562856703734
2016-05-20,124.7991917872169,132.15090108923712,131.77661254051293,130.13068854089522,125.16485942944638,123.29677734223064,135.73967237653278,94.18787939318908,127.39596538896446,124.40980253479697,125.59426933977815,128.28459086546667,123.05325477472687,128.9286453169013,123.8759659186317,126.43224171000307,127.11358459292283
2016-05-23,124.33006769799474,131.63046508727908,131.4131418812375,129.56533345195973,124.46549448381283,123.42979510741586,134.77159686176444,93.01162120177813,127.01817898359684,123.93547991011245,125.12170835279224,127.83359341783323,122.56655677340918,128.47373413004985,123.38652345302674,125.96272673710394,126.64090537880614
2016-05-24,125.83487621395352,133.7314821827895,133.42165215341123,130.3182288216567,127.4574044608987,124.68860195953022,135.19627265599632,93.4010554898166,128.64693405275972,125.63195962671918,126.50145224257585,129.35321795042358,124.0708104567902,129.86909888231057,124.77236363233379,127.4817006941144,128.04207970691584
2016-05-25,127.10667035022286,134.9118137523356,134.7775241499657,131.25246947368942,129.0579170715297,126.42821604848533,136.2556366612823,93.65754007556654,130.0332349991982,126.89794664290123,127.71617016183828,130.65142252463923,125.36392219107131,131.109841879208,126.01075289331337,128.80014519481728,129.3053976563873
2016-05-26,127.93838301539107,135.51417485013536,135.09786760568358,132.63159939822094,129.93840437223878,127.31275221753842,136.8841598376414,93.65754007556654,130.96144854236107,127.74201547127441,128.51467531218714,131.5303120807581,126.13147685480453,131.9541741143305,126.74901979083614,129.61355609739852,130.08822285285214
2016-05-27,128.11854881082837,135.7894452267391,135.772409490577,132.89600035309292,129.80713616084077,127.98200266675633,137.09340266242475,93.0940055465522,131.2342727561467,127.86217113899434,128.65434938489165,131.9500507069216,126.32286059991105,132.32543892105178,126.90163959216008,130.0318881109928,130.4606092548772
2016-05-30,128.07962611960596,135.7894452267391,135.772409490577,132.89600035309292,129.80713616084077,127.98200266675633,137.09340266242475,92.75461963253656,131.2342727561467,127.86217113899434,128.61682733504387,132.6284062905855,126.28601852892778,132.9795595513728,126.86605221531761,130.67467109593147,131.08162625575574
2016-05-31,127.41533693879974,134.9088801677073,135.01824522624202,130.9814283223771,128.1351922644678,128.2583628429606,137.11168722743184,92.33925689644376,130.54516979671774,127.13805604181216,127.97395903940645,131.8826926399161,125.5894751177004,132.25816730094948,126.19087446344734,129.90078689908418,130.3317471696178
2016-06-01,128.09684843321276,135.62982919787706,135.7264876635936,131.31964808328408,128.46218831796796,128.80545589365474,137.92448916182926,93.30207990846196,131.1831542653779,127.68203859554446,128.6484343642059,132.63842872001334,126.2821057744502,133.0041524896545,126.87651047959328,130.6640305901976,131.085527278184
2016-06-02,128.95856636081692,136.12478898588685,136.19344417252796,131.9930578101841,129.02069904256626,129.79081787660368,137.75647552400025,95.16510037960273,131.907730786422,128.4674632312209,129.47843758041947,133.51697473845988,127.07892777635925,133.85043415848813,127.64552548537698,131.47759945098457,131.87072872443397
2016-06-03,129.86785813434338,136.32728929800416,135.25587070407906,133.30091926842354,129.34299767982006,130.44322001719286,140.2027070839571,96.50965876636036,132.75294475374992,129.47993204552893,130.4824478922082,134.7135529752143,127.90660352459699,135.1306702132883,128.56584407806804,132.57822888065195,133.0540671291718
2016-06-06,128.84503134683476,135.04391164564566,134.52300259410995,132.69636425099304,127.46076853432318,129.46430207019023,138.7183827395495,96.4202968048671,131.62351998679281,128.40962504766168,129.41655880277634,133.76363173442073,126.95380907062108,134.13546156147572,127.56981662889326,131.69356372019823,132.12420978817292
2016-06-07,128.5180364023732,134.30145636800543,133.9569796104351,133.48964509334763,127.10282267206172,129.00366226060046,138.15279913721255,96.50860808651723,131.24814623083503,128.02473196051196,129.03819705857637,133.2962438494474,126.66192684264261,133.62196119102228,127.22803501536161,131.26848771530743,131.65393383514478
2016-06-08,127.56227691199501,132.81703743204596,132.16829662043918,132.95077727665569,125.4516775437784,127.63148810526432,136.86345876711235,98.72529376583879,129.90929503869154,126.85465800640094,128.11884895114213,132.31472102598104,125.77135840400115,132.67776951301587,126.36968811836327,130.35273428865318,130.7712976567206
2016-06-09,123.79923880402693,128.68809320963038,128.7321499979443,128.201890425434,120.86435590020328,123.60858381721644,133.59543219004954,97.9267407933914,125.82415850502177,122.53222183053573,124.40292618294689,128.3859632825998,122.02498694439352,128.80248054121097,122.6671480260513,126.44715954352614,126.91546528400377
2016-06-10,122.37126183268923,127.42129805406984,128.36165708927666,126.76021622996711,117.97044002301863,122.99815298097529,132.39703090828107,95.4828582583402,124.52634879748766,120.81257396137231,123.10263525139166,127.04872075155605,120.57645771385815,127.58940638364417,121.34024579400165,125.08380071871737,125.67071299356587
2016-06-13,121.53611670577848,126.68319209818071,128.2946786684607,125.68747585949107,116.822808097649,121.69409157296023,132.21709904907235,95.24100752609728,123.627910679254,119.7981627280941,122.36157594261337,127.36948080375757,119.76978333295536,127.96439017826738,120.62173636298814,125.37080177133153,126.01026779640785
2016-06-14,122.51666748770876,127.75225254481093,130.49300177745354,127.46194459623494,116.81868539325944,123.65693462336252,132.76685977400084,93.29897802437905,124.94518212536194,120.90758067060683,123.40270203077684,128.30916525150326,120.77124553040687,128.966076987472,121.6800649202618,126.33446043187668,127.03203261045803
2016-06-15,123.25752647730017,128.2711771510971,130.12152851690314,128.63248082077362,117.41391444749438,124.73116158400283,133.59779244352842,93.8857341401866,125.6979777687362,121.77368434758769,124.15251200072368,129.11743049560474,121.36227194117468,129.7808393177138,122.28434273747284,126.98897001642926,127.69765652086602
2016-06-16,123.0934350446643,128.12226086926995,129.95529426059827,128.4469183944665,118.11016794336255,123.86615995814128,133.33788725361944,94.88337690324555,125.39399880455335,121.43819923165616,123.93344021840814,129.47716133085714,121.05963014600798,130.0678016059058,121.93392688557667,127.18072421020565,127.8258161446605
2016-06-17,123.34576306543816,128.42324095032487,129.42558690062936,129.47711577815554,119.48089995744363,123.39273166596566,133.35647600865664,95.07935185036033,125.65086558571785,121.8188288194899,124.22920255599747,129.6025503659186,121.51206482477888,130.24126608772866,122.42117654317049,127.51552980715128,128.1993972376096
2016-06-20,123.83362144297574,128.78831025060563,128.52619513931663,129.4434327363957,121.21382384172263,123.71407340463234,133.55675209388303,96.3536449641876,126.03992751427708,122.50932741073059,124.60216257431269,129.94241806302455,122.00823490776807,130.4701370203551,122.80827351187259,127.87216644111297,128.4503206281812
2016-06-21,123.89316123461683,128.7102285864343,128.49235353319793,128.72242391065646,121.68937896341166,123.53014192832713,133.17455756403612,97.50324505143091,125.96932919982524,122.71328947630322,124.53358227013169,129.47576562584027,122.02623286291845,129.89265718276494,122.70619474902912,127.39199623828365,127.86548515017786
2016-06-22,124.63117282688184,129.296180885251,128.8508641625947,130.21175589139716,122.9485496843433,124.22289564084655,133.8421789520462,96.83641104030497,126.86624412377196,123.41060088297438,125.27818540759239,129.69606180496177,122.69145768888703,130.13770682873366,123.38014204573618,127.5676957994777,128.0661560913158
2016-06-23,126.17289620692307,130.62489550857111,129.2832460317693,130.96907662223006,125.45066492733494,125.42037290838752,135.596698508505,99.4404799053091,128.26813943659553,125.09689595378597,126.6780273205536,131.41857262312908,124.19332424035396,131.71181334261755,124.74911541738835,129.24161238655628,129.60117775306685
2016-06-24,117.55628758980214,121.04872719809494,123.1912602214597,122.41599318731716,110.01653153748315,117.74700522892591,127.85204608382526,96.82821216314954,119.018429905167,115.02766304063725,118.5626902120968,123.08888320431863,115.75839797729246,123.87430076322075,116.78196207823703,121.07202458407025,121.89200413811014
2016-06-27,116.30201606210437,119.74162287071732,121.43181240074175,120.80763429418457,108.02161756718253,117.8591279390361,125.81980363856941,95.59657172054197,117.77074206361114,114.28979218546796,117.4177419681198,121.7985447809145,114.5292310881756,122.69545524804066,115.65540633417304,119.80791571158487,120.73259136210173
2016-06-28,119.96004552228734,123.32832566352808,124.9724734063712,125.84520692922283,111.9679890651985,121.20566853106153,129.68994155986314,96.90856735148475,121.6647766435676,118.25325286568548,120.9425174558547,125.44555554866805,118.13216074982414,126.20729965361863,119.13429598613891,123.4029418028936,124.20155370055225
2016-06-29,119.61968896052026,122.37692264354456,123.95172504825037,126.05175917441747,111.22517075954181,120.28244204967757,128.53547805027148,98.63954714611468,121.09064076638623,117.6338773486848,120.50876468842003,124.92162866987371,117.8178362481046,125.59577601202965,118.73067530529558,122.91484098403487,123.62927968582824
2016-06-30,118.91792556443276,121.51401742595233,122.86028745300004,125.18329062853056,111.31803606407608,118.76342251170107,127.73292380469836,99.5423352453996,120.21491491791969,116.65887603248845,119.75899458061525,124.37593102818359,116.97546762398412,124.99701388850863,117.84710166721484,122.21917627624958,122.887976999135
2016-07-01,118.51294848908111,120.68706143933437,122.16009744192044,124.69506638900383,110.29967539142203,118.62199757419674,127.318685712154,100.39133320565429,119.67509286129841,116.07527399266392,119.39332614096685,123.94224661027084,116.63132118218049,124.60387949189231,117.53819359333593,121.84786190738619,122.55302772701158
2016-07-04,118.59817167718154,120.68706143933437,122.16009744192044,124.69506638900383,110.29967539142203,118.62199757419674,127.318685712154,101.25763545355355,119.67509286129841,116.07527399266392,119.47574816168706,124.12041928968529,116.71183647965829,124.77611392180508,117.61621412027903,122.01628681612327,122.71615329495764
2016-07-05,119.44210241053528,121.91011259404483,123.911763471795,125.92598769300835,109.94708344451969,119.95755313519084,129.50639284880833,100.30715813078494,120.70622782751204,116.76013746007412,120.45551478387027,124.96094009349798,117.38549804229395,125.75286105267476,118.42384253577653,122.686505465832,123.52083912828479
2016-07-06,119.63560093737009,122.48697049780239,125.07793212149885,125.01063481779056,109.76335006572464,119.97583461173042,130.83830802766127,100.41580739153414,120.90766531697155,116.9267139930114,120.68675438950103,125.22152155009492,117.64639342963461,126.04908088791058,118.71842674542901,123.01122794789208,123.87734859474433
2016-07-07,120.43829006257074,123.12776475981136,125.80412086212827,126.28805529975486,109.94217767447572,121.16949222529878,132.34519242485595,100.68065595275142,121.76364636407175,117.57517446840957,121.48661472119902,125.79623560149184,118.23034177296294,126.62794674972918,119.30632155008479,123.37932669161272,124.25570175138549
2016-07-08,123.74094366237387,126.26183064251781,128.94391358123525,130.38708824893487,113.08245181938368,124.099931256301,136.49909802133516,102.63139624673923,125.19171321075473,120.81711258254298,124.76408105648535,129.365428662064,121.39565255679116,130.1620521344649,122.45249023698159,126.79837436621054,127.64662442815917
2016-07-11,122.76771336683825,125.17799060669319,126.98221401917829,128.28141520965278,112.5718717900982,123.16241354754081,134.18693635993742,104.27357014586195,123.93545475887409,119.82927328656538,123.68177484269123,128.1473618251339,120.3082805948915,128.84290131350974,121.26545251096883,125.4788785575934,126.23460885187143
2016-07-12,124.7253384012744,126.91425795739313,128.92185329773253,130.44137409256666,114.96501682579358,125.02274768229222,136.8739707126229,104.8103033836615,126.03336446756967,121.89987264518727,125.50721687722037,130.25787689032163,122.40852362658887,130.81527405376718,123.23699877828444,127.7252740897205,128.34669292260855
2016-07-13,124.08137172382345,126.31755988384457,127.90883194877128,129.6691280340205,114.58623081611647,124.25737443344764,135.6058869008884,105.78619703933627,125.21680592266937,121.20300604906498,124.91034120592728,129.5119360578448,121.58978561179572,130.1202173438772,122.46822230419987,126.80925521633428,127.48417762827238
2016-07-14,124.1228641968465,126.0221524968468,127.40863993207742,129.55840938184312,114.84928443836189,124.35390401539517,134.37761652378884,106.92675034409677,125.1397530070176,121.37212858055268,124.86387160304031,129.5316337552642,121.63547648465223,130.05253565078596,122.43086170353408,126.83447675304502,127.4267866346132
2016-07-15,123.44974993060507,125.12736175282492,126.74383644479981,128.55326749818587,113.80735240366499,123.66167277410281,133.0646974675655,107.86180090634076,124.29994709246517,120.45629015681472,124.17446787375684,128.87691188946548,121.03604002788447,129.3810486038032,121.81360625298913,126.25193794137243,126.82601466020833
2016-07-18,125.23809636362238,126.53639919478043,128.27148915053343,130.92868605314777,114.90132158175848,125.57998851348557,134.60983481782353,109.90883916910772,126.04985127774499,122.1130726292436,125.95237831995772,130.7911825603022,122.68577404335133,131.280007551816,123.4582039073526,128.02148158863304,128.5860166569465
2016-07-19,123.59165559586486,124.73290668235686,126.77038784409275,129.10102132726962,112.74375658378027,123.5566413291968,132.3260923961951,111.40943475917287,124.08564034798766,120.0186544580837,124.32764358913182,129.09522127507444,121.04269047276806,129.6079662006163,121.83525242938522,126.33025255096612,126.91702969289867
2016-07-20,124.12898680404656,125.44387298359028,127.31982886990411,129.2816111430152,113.81951589484854,124.3729552425382,132.86489895103665,110.4473390482128,124.77157760077407,120.71610595803577,124.7731402002685,129.5765770473093,121.55922335501303,129.9990590305851,122.26599625495756,126.79455521245937,127.29682179631546
2016-07-21,124.07211097205173,125.2626567535904,126.82989550329091,129.2672550064926,113.89654476888924,124.20688710796296,132.87123703621998,110.82543722235636,124.67037959773364,120.60519917829609,124.80176881153595,129.5219925169669,121.4040208447237,130.03006676865738,122.19458258987004,126.6411647456508,127.22741798781205
2016-07-22,125.18219243615323,126.19038687065114,127.94781975656892,130.6476785946814,114.41209229869622,125.5806828724579,134.0001806203791,111.49513238987052,125.81872989538643,121.64745668301578,125.86067995092422,130.547126942016,122.43795675964215,131.0065816092938,123.18295449968694,127.59609464577525,128.13893369302102
2016-07-25,123.97720041580016,125.226922177323,126.32240804522552,127.91912929115765,114.01909508152355,124.14800073439902,133.90076969621177,111.36358330138367,124.51100423571073,120.34257372190405,124.63639942045614,129.34120719731476,121.14531137132869,129.781691939614,121.8748519242312,126.30122579087842,126.82900840795949
2016-07-26,125.64240353277131,126.84590966087418,127.82702819877206,128.92538478561548,115.61257260931836,126.40446425192633,136.510459167527,111.26234102131288,126.34570149058621,122.18248979734318,126.31167003203801,131.0391896548664,122.72885216696248,131.4881874225995,123.47075778751883,127.91704126865167,128.4557170839509
2016-07-27,125.40221474610287,126.63646209321864,127.18945800648262,127.77133991807787,116.1234790141451,126.15591900640632,136.13947920105656,111.05949572252001,126.10315102821671,122.1963235265668,126.1423345357984,130.79995562365886,122.39817913113274,131.3198994921271,123.2096009491088,127.58682001345795,128.1952153275968
2016-07-28,125.04204802566834,126.25874785028344,126.948649850359,126.92195791474998,115.80186263832472,126.0062759469487,135.94090428124423,110.60262007139576,125.75520590362513,121.78422975783778,125.76241259028176,130.42651479429398,121.93028648155746,130.92724088116415,122.72655392096188,127.10584789086923,127.69962251774538
2016-07-29,126.90805645092848,128.13827131004055,128.45235102832996,128.7614387625231,117.57847211926547,127.47201737993316,139.5626291842548,112.5605693994989,127.60008064072001,123.72724461757613,127.65245698428234,132.34802325137971,123.75766607266756,132.87038540397063,124.57803152042666,128.98719266279795,129.60282260679935
2016-08-01,125.06377798386741,126.2052792083441,125.84878129154129,126.28224473992576,115.214058369306,126.43197682873522,136.8839552424839,112.21788717730921,125.61248482491598,121.89330743938133,125.82541939631737,130.03978915965953,121.80167133910331,130.59598569220913,122.64149852089228,126.5941608429389,127.24404344073457
2016-08-02,124.81161731746757,125.94434581580305,126.11332836000153,126.2370154536215,115.2019470396431,126.02146884718863,137.40617092477584,111.04257872211198,125.45579319806876,121.70209668575941,125.64183650333227,129.3011937209657,121.54264550795868,129.94260552468143,122.44691811219899,125.87953944405426,126.60850649418363
2016-08-03,124.85343304441108,125.70137832814412,126.96853397710719,126.66062099955849,114.7660831334072,125.44998188720942,136.07463697077844,112.67406663734019,125.3340773026485,121.45451388327844,125.6497311540073,129.51204368933656,121.7606491079539,130.11401650913496,122.62762666690614,126.25508383257169,126.9418975025383
2016-08-04,124.74901387085691,125.45978879993503,126.36053139761853,126.67205115741879,114.37009106791369,125.19734703375937,136.1156723664643,113.51590682584056,125.13459704538899,121.46931222149524,125.52920903618907,129.48762578135162,121.71061108993555,130.07087266649668,122.56073984200914,126.27977507596235,126.94743104454727
2016-08-05,124.0460691201791,124.34109723573474,125.61303157162074,125.72177304367185,113.33830083254439,125.05749688252237,134.74083379858817,113.81860636950019,124.33504329156273,120.54372281626178,124.68774002780056,128.6821398693758,120.99017537523802,129.13105336761632,121.7106931562439,125.4625583049761,126.00423139513804
2016-08-08,123.53825206476152,123.57110557525888,125.06282038683332,125.77476960602696,112.79746064051149,124.50860578662643,133.74024029803837,113.06436730049208,123.85467306202882,120.12471942992462,124.15244513841834,128.2762374930743,120.59172553932349,128.69432231696726,121.28279837739693,125.15885243879825,125.66815318641524
2016-08-09,124.60569496753158,124.6131713577579,125.27720462176613,126.98537117703567,114.59235099471925,125.60765090009545,134.83513779403086,113.37836022070924,124.99086985577925,121.36016257587163,125.21501146829719,129.32479847426612,121.58972203005169,129.7384590242603,122.27865000288374,126.14027933054413,126.64774887482011
2016-08-10,123.5794508350341,123.70567706317897,123.60202400269749,126.19482535377024,114.05566975387642,124.49107423424375,133.83112043256136,112.0112306968512,124.00488418657754,120.56025302324696,124.20767006290355,128.29788813777446,120.44520767883608,128.73062196186316,121.15564782081204,124.99446747686274,125.52370614455594
2016-08-11,124.15335793094253,123.87291544477517,123.85426804063908,127.50841250838283,114.2133595324148,124.89675558434652,133.5762681912892,114.5028514791943,124.38235524657075,121.03124814313043,124.69845556703874,128.8144520859276,121.17000349130531,129.16624436942612,121.79762099673128,125.66579027357699,126.11398264270153
2016-08-12,124.35484487665462,124.17106699787497,124.6440478336876,127.40265765101259,114.63166419619175,125.16123717288004,133.35231728925936,114.08816834081028,124.64351576539904,121.2229689857429,124.90496229878292,129.02500653762797,121.5192600703418,129.38143444539395,122.14667014714209,126.0233278547193,126.47095867183896
2016-08-15,127.00062150881494,126.76573581603085,127.3290448620626,130.3178822676242,116.8579477825088,128.19327504419456,136.31570175725415,115.0891192303944,127.437103286586,124.09884303556429,127.55565247105874,131.5636076698531,124.20337398167922,131.92825050173386,124.8344423927466,128.60901789107712,129.06301918260468
2016-08-16,126.28100986999722,126.09579509476553,126.71638355195245,129.72688327759818,116.80811808976112,127.09192413527441,135.57366757217213,114.80748248593412,126.67772471532179,123.39145528486351,126.8777898177134,130.93300992901706,123.59263013856324,131.33612170344347,124.25924591852595,128.08087594875064,128.5676172779463
2016-08-17,126.6925315664678,126.77421437473271,127.65347806267924,128.89496929586127,117.11515038911548,127.31506052532524,136.80054853858593,115.60624840900651,127.04794486317648,123.72819436460082,127.30204305234687,131.33109405696527,124.03659160379128,131.74727106988763,124.71416660373129,128.51241909776152,129.01039488115148
2016-08-18,127.58687517019007,127.4543828627774,128.77911528156352,129.85184948331963,118.05342546375348,128.1482762455581,137.63150872469362,115.66935387643917,128.02002479105516,124.7129631580878,128.1946694411813,132.23711656693976,125.02284992977741,132.650987020195,125.6958623725452,129.5100358807781,130.00286651060915
2016-08-19,128.022394013869,128.13871935813992,129.67432101250938,129.96043277826055,118.30970725761536,128.62576077351403,138.18823218512023,115.81157112481645,128.4824399050015,125.17499094564913,128.62197623945193,132.7372931901911,125.50208188945413,133.14061194310466,126.1659470178971,130.05031805906668,130.5318947025663
2016-08-22,126.05137173374463,126.73874630203821,127.87542007403587,127.58602648356442,116.82762883462456,126.31937464350034,137.58455751020972,113.50392440651586,126.55724568133971,123.09114850763427,126.66030174820146,130.8221937634788,123.43326206913893,131.23322763765302,124.1089886701075,128.0330366231361,128.5251604082888
2016-08-23,125.84154453458112,126.90652417476365,128.10531691016297,126.33218830637477,117.30527070014203,126.5050457772552,138.11070302278088,113.29129532057591,126.3489775631763,122.91274891228987,126.44793313513509,130.5739486290758,123.28098669998336,130.98385632957712,123.95238314145057,127.84428511066245,128.33334172359233
2016-08-24,127.01291372735184,127.85199658601212,128.9064329720847,128.32364270313607,118.40920087251928,127.98589460859873,138.9688140761305,112.94690122044105,127.6669046936587,124.3111416251055,127.57919247743739,131.7715644773199,124.31791396523788,132.14034606642159,124.9561086424863,128.90724501058625,129.36209471706806
2016-08-25,126.4635563455021,127.12632529659118,128.20474218577974,128.2979245691807,117.42542336162984,127.60617392139399,138.52888471885,112.90558226329752,127.06876574550323,123.67145283052771,127.02578942607119,131.18263599291393,123.84249131121317,131.54891189502644,124.47433432208345,128.39392615460352,128.84382181342198
2016-08-26,125.72279151125218,126.65294187727439,128.2378419595145,126.67820404638319,117.00902671188376,126.97105188521647,136.8793412410946,112.70306850996232,126.27751112627148,122.9770531012973,126.31211887790958,130.47029709744865,123.15378031483684,130.86268084104944,123.80932269701752,127.73120592391759,128.2039978261383
2016-08-29,127.6558139545645,128.6541499627754,130.2247607657201,128.38959348472878,118.75811912891928,129.10796957494986,138.67086863698148,114.11852537398015,128.25139079319578,125.00763457579393,128.24268010276438,132.4034784204996,124.98070443441844,132.79300764259946,125.63768699654328,129.5601268777928,130.03387769267377
2016-08-30,126.07815096391705,126.96175984308692,128.41084231902056,125.91646912367705,117.5274787251119,128.05026744235843,135.93862138155572,114.04631131164552,126.5296521201143,123.40804884387171,126.61279441911665,130.80434889293076,123.38731075061948,131.14296376585307,123.99544199887329,127.94530408511639,128.37143633585407
2016-08-31,125.52430553987826,126.84171840835133,127.93227883668912,125.32295157605779,117.57296805398039,127.81522070239886,135.8742548725987,112.82835604299851,126.04613622131436,122.89501111165728,126.08312841525901,130.24918644325567,122.71036037746347,130.61203474769195,123.3453506350064,127.26701598128129,127.72011286079743
2016-09-01,125.80243108290254,127.06871850455255,127.49276140456034,125.53560755735356,117.77650271396179,128.2346422663562,136.17973250168174,113.30359823013613,126.30254210100995,123.4809969549833,126.35503442872766,130.48025913667828,122.81333707523581,130.83854124234506,123.44837534129474,127.3265114088812,127.78109491663795
2016-09-02,128.47979590261545,129.29550508516124,129.38353043300194,128.99294642093807,120.51739255144065,131.0062188740483,138.06162032041624,115.65925230895144,128.99619569768817,125.99122158875791,129.0312798806357,133.21984955186454,125.45259607891094,133.57426980809174,126.08819537636249,130.0267153425754,130.47923531783047
2016-09-05,128.56998541317142,129.29550508516124,129.38353043300194,128.99294642093807,120.51739255144065,131.0062188740483,138.06162032041624,116.63353013531908,128.99619569768817,125.99122158875791,129.11823345322827,133.60214666605938,125.5371379933224,133.9428411385343,126.1698975319282,130.38549791002453,130.82593203404633
2016-09-06,130.80031460804017,130.832878293437,130.99329767631306,130.70556063487763,121.59169660055854,134.06465037663173,141.64623625100222,117.22037420204255,131.37834350837275,128.43513875711,131.37840517210392,135.87928132441925,127.72323045778093,136.24762432008964,128.38578863389674,132.61769086224797,133.08584119453874
2016-09-07,128.1344060887654,128.04868884027925,128.41579929857858,127.30506289262121,118.95142319274254,131.1267023650018,139.0726366020066,117.22037420204255,128.45722755520762,125.55301632831868,128.6762075679406,133.13846987663982,125.17583479837108,133.47384202053303,125.79999390244632,129.99730173626185,130.4301470018653
2016-09-08,127.51698831636841,127.44146182531443,128.64305589639034,125.67495892724357,118.51054269710973,130.72798460492325,137.39343351486067,117.45282130169139,127.75882671797699,124.97073876353804,128.04472388371036,132.6151059738689,124.79707954379515,132.9331781600155,125.39990757340544,129.70593478194246,130.11460889448435
2016-09-09,125.07465596170077,125.47109824013467,126.21029225313167,123.55931900325352,116.94251393663156,128.46860019592165,134.61455344196304,113.62855428076062,125.46757757429636,122.60895930092886,125.695252430577,130.18747758574335,122.37051249229039,130.5981839479249,123.05998632555459,127.29102900975668,127.78640017097456
2016-09-12,128.09683357507384,128.9987794961874,130.24625993061923,126.29178439451125,119.82121381339097,131.4985564136181,136.9035151159999,114.60096252339451,128.6772446000766,125.77973333823881,128.69330940390915,133.1749969961493,125.31907561620181,133.56215321922247,125.9886595209647,130.20975447175206,130.68550077560369
2016-09-13,124.36718118773105,125.56374600822211,127.0240579459331,122.86296098103533,116.59538521737115,127.5845875475851,131.37445398193276,111.47185360140399,124.9095022693098,121.95715429235352,125.02325132622134,129.42088514219736,121.65201429536138,129.86916877300146,122.37515798587235,126.51632177446544,127.04730373496997
2016-09-14,126.90189704638595,128.08763230856707,129.3310417004599,125.03461860058293,118.86150316633733,130.70204765760204,134.87037362320885,111.78647000430257,127.65465532699068,124.68840361509433,127.59037202046977,132.07274975963063,123.99882096255985,132.54868356448387,124.75895797432217,128.97556942309836,129.53921759952448
2016-09-15,129.48280457134297,130.5582087124429,132.1295028043958,127.09371898644181,120.92320055030325,133.509539784912,137.77798821508617,114.06478757858976,130.2503714279291,127.41822713621032,130.0937074741933,134.66744430830607,126.48860881345811,135.06478156978253,127.17915195813718,131.4807673780084,131.973662896641
2016-09-16,126.74001782561317,127.66636016995687,129.86285149821913,123.97225380512373,117.03655481782673,130.9850122072451,135.74613090987287,112.10352408981477,127.4440998989502,124.60431912447501,127.36749637350688,131.85693917642823,123.7813497988518,132.2738252025059,124.48593705586022,128.70730402279338,129.2170941717512
2016-09-19,126.21887657257011,126.87517235320365,128.30933892895777,123.35494827170102,116.66429344560191,130.5420303004588,135.19159294258444,112.5695752695228,126.82425777692184,124.13208450948167,126.82224875035213,131.30100355858556,123.231467559726,131.6951669521382,123.91427703649822,128.12426560527663,128.61352605335853
2016-09-20,126.65301650527152,127.54168125970718,128.3045868185461,123.5445461876209,117.108318438255,131.20367764779394,136.4357497277646,113.11673070219182,127.24409637387521,124.6485453337693,127.2547361882144,131.7358247702264,123.69151131524754,132.12821935890133,124.37196834117398,128.58536606477298,129.07212813807774
2016-09-21,128.47550690225953,129.06367593549032,129.5955113418819,125.61046394110384,118.09854120559397,133.5655014621688,137.6396094146332,114.42290380306555,129.10797330693464,126.95791830138367,129.0630585795566,133.4350537143496,125.53874246800171,133.81729694575753,126.20530532975943,130.31865879061218,130.79489461257882
2016-09-22,127.92955332789361,128.23390720901338,128.40161502149095,126.27381350376857,118.00446530776725,132.53849197488617,135.70090481222528,115.91280473619554,128.35662694661187,126.10308864186119,128.47481627950782,132.80698518652082,125.01676844314349,133.1501127250891,125.64270088931617,129.7190302923588,130.15744012461744
2016-09-23,126.93070263623201,127.5118293626476,127.61935210859463,124.72848315046375,117.55569026830382,131.23898390736414,134.71968896479692,115.11403028820114,127.34374553225207,124.97299711617077,127.52691122781007,131.88221110572252,123.92939659086773,132.27363578082787,124.60609526032347,128.70053676555744,129.18749843167745
2016-09-26,126.5448681440341,127.40107364422761,127.76224001930683,124.40166499413088,116.93106387216434,130.6447570579341,135.75074472878234,113.59891263775961,127.07383675114181,124.6360616892281,127.19228611810448,131.58620757670042,123.72583131437487,132.02558784519366,124.44453733801888,128.58063389535772,129.10678873325443
2016-09-27,127.46549048023368,128.01126405895081,128.06027326391757,125.80028205632581,116.8230977988705,132.18984417745477,136.65010175589316,113.90122351052676,128.0516073787582,125.72139895099372,128.03946060794956,132.48475943016422,124.45321919948451,132.85139953760103,125.10930413463916,129.28827042976684,129.75233467418764
2016-09-28,128.5522143261957,128.62711190452893,129.86712435928905,126.9960228629198,117.77646000924587,132.74486861138786,137.4715478126456,116.36623791597982,128.99064354220857,126.51407404847646,129.05862998964312,133.54347181226206,125.70415285641235,133.8434931188927,126.29142309739431,130.51377796297027,130.90968125824497
2016-09-29,126.31060213588563,126.63676361149444,128.49638869757348,125.50350082566877,115.47561173432595,130.11306497495184,135.9855289070424,113.69157928835175,126.80643823239912,124.0736399481982,126.86846286291704,131.2919993821165,123.68025328516362,131.6440936837097,124.30828916352819,128.47825267646257,128.91566592403476
2016-09-30,128.74178427053533,129.15349740089644,131.39661753599438,127.53094373559561,118.72169366625948,132.51568182974304,139.17915861739212,113.56814434629075,129.48156400597415,126.44285013993384,129.26062263851307,133.82120854400927,126.05704947473473,134.13035573444992,126.65041924928614,130.94942346435064,131.3484969906508
2016-10-03,129.1087228036765,128.9345826876409,131.21771526340328,128.5868183990444,118.40419496898483,132.95722183736876,139.05144908583156,115.50199299683574,129.6837222558174,126.71828828475185,129.6019255187378,134.20924417440892,126.48117531779546,134.49197879894362,127.04849085336154,131.3936479318162,131.76592635233305
2016-10-04,126.58226924706162,126.44952122934463,128.4366102495922,126.61049609191744,116.92044073733815,129.84721358515614,135.39544075290956,115.12529360222752,126.95376654606744,123.90922401560644,126.90887596014223,131.58722626235382,124.02134582901061,131.7076711113965,124.42910534655978,128.84166804838046,129.05825761981762
2016-10-05,129.29288914062397,129.0072818760203,131.28137799628652,129.48599122772103,119.09398602657477,133.10452147406724,136.9037635803052,116.6554633356944,129.76608610678716,126.95643767806821,129.58215649200667,134.38762314957393,126.75966997041823,134.46706100477584,127.13145219140078,131.66674373587017,131.84388656912895
2016-10-06,127.73318630669543,127.16254126354762,129.9045597018482,127.7669726432034,117.08367823057226,131.54240632295,134.61763653790166,117.84871993922505,127.93769539919369,125.17582326243894,127.97662329221737,132.77627202635585,125.3062913984489,132.81213272804285,125.63094593366786,130.16331846855473,130.2954006559367
2016-10-07,127.58172157465559,126.89839036689423,129.7610755887147,127.8008855976042,116.40733202611217,131.51361631872035,134.10733276356882,118.50647608449604,127.70728147255872,124.82348896583038,127.84820911113624,132.67509880258228,125.09860037703578,132.73205679690784,125.44702615533558,130.0029808945735,130.1571244413227
2016-10-10,128.22079600193118,127.14132800541384,130.6196154023863,129.30619196317332,116.51463600544415,132.26493873464588,133.78187772843123,119.3648176220107,128.32105034399723,125.32713947013971,128.46837738861822,133.3161799598531,125.83771666131874,133.35411166794955,126.1647658380282,130.7444304477641,130.877026532901
2016-10-11,125.49538553184809,124.6485304348399,128.2861191253265,128.1232377300568,114.20949588933149,128.63892181366424,130.76927451216037,117.94763449627277,125.48405221526781,122.38644791553067,125.79448112961626,130.75753689736874,123.2053765256705,130.8408270626549,123.57756272635463,128.26714496469515,128.439597486871
2016-10-12,125.30586718036028,124.38266846053581,127.852869414561,127.7540236126969,113.50147408673008,128.69926359308116,131.04036153952075,117.94763449627277,125.27732359380082,121.98916718389468,125.60940625506443,130.51713566558152,122.95259404751744,130.606820847865,123.33121455989912,127.96615036879089,128.14680513512693
2016-10-13,124.65551775529877,124.07654827566996,127.51666442615598,126.77164626544129,113.10647470355086,127.52498400810765,131.33357980044119,118.34060548841516,124.53006841265034,121.47808461514433,125.00329171013769,129.8795580472318,122.37322587065627,130.01307339431327,122.79104445864621,127.39834418705453,127.61789756442464
2016-10-14,124.03494592252909,123.25912073063641,126.41027520757979,126.11025771671063,112.54438539750929,126.64984044826788,130.49783801091988,119.49410602275812,123.74341398079676,120.69344920664646,124.34161881216399,129.24995169575527,121.73145273541515,129.34279369357833,122.1111512522119,126.74752896691382,126.92936027467651
2016-10-17,124.83381740314712,123.90293261671867,126.92267248818676,127.65900380648903,112.93848660274712,127.3610362337056,131.0060895894414,120.37185629338403,124.53022870392914,121.47740858815021,125.16253411863296,130.07966268913634,122.49195379391557,130.19327938515016,122.89388303454479,127.53771789429777,127.74062163430742
2016-10-18,126.50764554999776,125.15640847930453,127.82257794263512,129.79816995631,114.26498223256176,129.28514681521688,131.59058457056543,122.32227438980634,126.16834621026554,123.32421559350134,126.80805759129558,131.74759440457868,124.10654878385954,131.83288426887242,124.48396596970757,129.14806632237062,129.32631875651052
2016-10-19,126.37575405547734,124.74539357008673,127.6348390904767,130.90160974811755,113.72989012441576,128.87681578544127,131.89061100502605,121.53933392633365,126.09826482002038,122.98315486038692,126.67438315170823,131.51770165230587,124.037885103053,131.60493494113504,124.41136349753923,128.9869594309143,129.16458304830763
2016-10-20,125.55377200104012,124.04955820381478,126.83183488698336,129.62821406465844,113.26182505996374,128.0453631980102,129.90043693426406,122.18156231959973,125.14295167424206,122.20667821019843,125.84316798521584,130.6734963935698,123.14166515321968,130.75245465957283,123.50901044457365,128.06914018594392,128.24154101671567
2016-10-21,124.44018077102707,122.80038328224028,125.65360655065605,128.7137147293824,111.98794642080223,126.8735840855163,128.0505868155294,122.24450514456136,123.92623910783864,120.99359620276809,124.73244987321081,129.5324731135356,122.07251363353824,129.6154848099814,122.44091416171383,126.97322615491761,127.14780165716458
2016-10-24,125.28390500748401,123.39118022610789,126.60381790289328,130.12794081450505,112.3829745429197,127.88541176409775,128.01341097946687,123.2436295711319,124.7507851121437,121.56789832926329,125.5487198064494,130.56369388190524,122.86098873801687,130.61206738997154,123.20549708159807,127.93910381740623,128.08333057179055
2016-10-25,124.38326954232146,122.23083991566399,125.15796416779573,129.29844166754953,111.45459568023655,126.80522092293896,128.20981720171298,122.40656141751893,123.84948227294663,120.57675260420342,124.68098110463221,129.65251395631887,121.89395948088652,129.734306714282,122.27182623025973,126.96128845212972,127.13944006090261
2016-10-26,123.09754252667591,121.118260800575,124.32290338053586,127.35980555691728,110.44588575467262,125.30920739920366,125.83549122124165,123.33412365864282,122.36757240544304,119.1374559838589,123.39342969670679,128.5051644523313,120.5975866151358,128.5800652440074,120.9740196497727,125.79405922219955,125.96637270662477
2016-10-27,123.60393598794903,122.0208565282068,125.00004290824364,128.40410531019424,111.48665670041152,125.51197508738471,126.11470778355684,122.73164141563552,122.97106760288692,119.67009476968154,123.93487418312496,129.13613218559067,121.17057069914297,129.2413627001487,121.57772093352467,126.48496578467021,126.68377474268544
2016-10-28,124.36153760836038,122.77101761485014,125.5525682128859,129.06095160117454,112.53608760581233,126.38505694051932,127.16297510734695,123.48057452270129,123.72509279140733,120.40642963055377,124.7295210952066,129.94971798386413,121.83726724675365,130.0898734330061,122.28261989991705,127.20474473779855,127.43988532469166
2016-10-31,126.00887334319137,124.26608852803429,126.55623267831486,130.6742403050497,113.83509192871047,128.09323514303352,128.94474142733017,123.92993387886568,125.47205759391096,122.13358180541766,126.39017323089281,131.7506435191749,123.22980323724258,131.89814388806892,123.69674912858359,128.7424076943483,128.9938441064217
2016-11-01,124.8924025338793,123.45626551981495,125.74674692864534,128.8671199614298,113.03280820266058,127.47658208044218,128.2383987496346,120.9970460325225,124.5292220901037,121.26644003770681,125.34008727145608,130.83828106294766,122.1927848281682,131.04494537907297,122.71933497571568,127.8963726758856,128.20114858284913
2016-11-02,125.25876312663995,123.98065339108544,126.1333117402554,128.5924341745961,113.55414353020447,127.5907962282858,129.65099542006269,120.9970460325225,124.92772598359636,121.51193730500079,125.78850273157623,131.34716917187953,122.45763475328437,131.63098849563704,123.0649542460006,128.29492312557403,128.67624814179658
2016-11-03,125.46549309768132,124.39916429202202,126.37557145308547,129.1783183594499,113.86676971196536,128.18562826919327,130.27825170291277,118.42989143667768,125.39361270882938,121.9559892876771,126.04202459307494,131.21200342324565,122.5823410689421,131.55529847653037,123.2364663177161,128.09814884107567,128.53755650317365
2016-11-04,124.60572757381424,123.84542765588913,126.17727921174766,129.26069571188955,113.09641674329853,127.15251980190905,129.22989174372427,117.26918399644673,124.56794743560384,121.0707267246541,125.22550407336735,130.46915052633307,121.73594578348037,130.8518406383041,122.43017185270703,127.36063884399287,127.83686767956992
2016-11-07,127.04688345648702,125.07111129156586,127.97690341875936,131.9940062631624,113.9573192917078,128.77684920623008,132.20855460848483,123.75074279269889,126.60431304017136,122.9566338475683,127.45106842233547,132.88036773522373,124.07360009583788,133.04690324906946,124.56889938928315,129.67228253297841,129.9487145456669
2016-11-08,126.40148440950752,124.36680567272724,127.2548025983357,132.2720041084779,113.29254251813956,127.65364910194927,132.13093241381432,121.76008631100915,126.0878357333661,122.30394838647136,126.75891097299919,132.23098478682434,123.39128119818139,132.35084563041147,123.8438519692012,128.9853342211066,129.21914410431927
2016-11-09,123.8292863631791,123.23387899597648,127.27388324735038,127.16036521687724,112.58497842817765,123.66448325381766,128.17332235905073,122.82532025541933,123.18848286783945,119.10026634231663,124.22736131547234,129.6926009450953,121.01726104493021,129.85240384771436,121.5008579153272,126.64116106367082,126.90554334753885
2016-11-10,123.66563338346275,125.38627215784217,129.4743794802348,122.96297569167108,114.63034822663114,124.79203509114265,129.17341838932157,115.62892428128681,123.66702838935375,119.69848884297475,124.09603923790374,129.57768197888274,120.84755834837546,129.76819200122125,121.36175405884286,126.51699776260745,126.81059631026162
2016-11-11,127.51396819524953,130.85749137313792,135.07475469011615,126.20706595510482,119.49004975105136,129.46111763952013,134.23805618146446,112.00831865241463,128.2172861798101,124.02787784337801,127.9375776751314,133.71605140279044,124.5643547590457,133.88825972190548,125.07707273415083,130.5094996289218,130.79120184345993
2016-11-14,126.91116532431519,130.31280406382103,134.68551797970656,125.98488310269498,118.42006943494474,128.33778068883484,134.78479514969047,112.65350693350274,127.48891460919765,123.04728754234671,127.30533123186065,133.01549681810963,124.04174721884584,133.1618254623455,124.52395981846894,129.89505720243864,130.14936448624334
2016-11-15,130.12916735201983,133.31437821115446,138.95640371450142,130.0659944035509,120.75796109671495,131.67480124498846,137.5638733690356,112.65350693350274,131.0154436624398,126.57369852828842,130.52471755437395,136.38284926008254,127.37457728210401,136.5244314672851,127.8544051151069,133.37250075985884,133.61864550511345
2016-11-16,129.33121364856984,132.54076523807674,138.87841923316856,129.53006954120033,119.31092608055118,130.40790746567927,136.08319261188348,113.29517574418534,130.07117840539684,125.55435152002967,129.7428691664948,135.83207397697458,126.57260630578358,135.9807283782028,127.06767384765331,132.8020922734157,133.05556808647458
2016-11-17,129.93984016155434,133.64420491881978,139.5052585366909,129.46644475164493,120.0515868445167,131.66179254658806,136.2628211174645,112.48449865043033,130.82354402669787,126.39561587594963,130.3158454831082,136.43635490571893,127.10804478718059,136.54913647987271,127.57213474271325,133.3334677051286,133.55573866607637
2016-11-18,128.6134542933279,132.10610677827245,138.6784877963084,127.14502540345825,118.12077325119641,130.21806146363667,135.3953913695295,112.84468036375654,129.3286547800614,124.92739266050093,128.96566104651822,135.1481362562777,125.93035703962798,135.23572036882,126.36673425419811,132.1914451632351,132.3847461751363
2016-11-21,128.2238561966546,131.29217256012964,138.55420074142182,127.85914153160792,117.55538837183764,128.82337942627225,134.41749526207082,114.4560285303329,128.73339081071987,124.1655373656727,128.53430864594816,134.58877141980562,125.70706146528296,134.64074036053327,126.09822608765691,131.80961269288733,131.9629930118052
2016-11-22,129.25465587437986,131.90621834090555,138.96854567364812,127.91100252825709,118.0846211133341,130.51774996776317,134.82365911000173,115.58828375240083,129.74659593847653,125.31796788335075,129.5322426352876,135.7238214005304,126.61932598418188,135.73856947863933,126.98376498480674,132.82011500825445,132.94287723171348
2016-11-23,127.8502791601795,130.68155167011446,138.02109717924176,126.93326307724833,116.38475174211726,128.798380357248,134.48312926923256,115.47298883274075,128.22048288808892,123.6061002402496,128.04277026418853,134.22154695437052,125.28195172782934,134.15448962353665,125.56369152920442,131.38971982567514,131.43268763875534
2016-11-24,127.7986540298601,130.68155167011446,138.02109717924176,126.93326307724833,116.38475174211726,128.798380357248,134.48312926923256,114.91346172312291,128.22048288808892,123.6061002402496,127.99313552146465,134.24559414345907,125.23338719404798,134.17760036879514,125.51688984849937,131.41235428504353,131.45449091271337
2016-11-25,129.42522945710314,132.14513341457032,139.22577368112886,128.14544984562386,118.01879857610298,130.61010763576718,137.30044041908727,116.11458544123094,129.87894811326314,124.98648278735192,129.569107426481,135.83240000642445,126.64300654518766,135.71478231717185,126.88675512261369,132.7842959919262,132.78753430386286
2016-11-28,130.41001116012959,132.82285068945535,139.49335904705333,129.09188976549524,117.70772820600615,132.10795269284517,138.47462759239954,116.86777314236194,130.88043324748364,126.21392672438043,130.6171210424807,136.83000831988699,127.6677670148251,136.77548850781378,127.96964192880793,133.82251624442375,133.88371079897664
2016-11-29,129.94462576434594,132.73397988344632,138.61285776243406,128.26022433586,118.18798238846708,132.11704357181188,138.34137394665643,114.29907337661555,130.63242612584355,126.15799833546832,130.1243307451176,136.33761769864182,127.02466555473788,136.2566024168713,127.30712801160192,133.1521201293447,133.19484530206174
2016-11-30,131.78725298280838,134.30574323251838,142.20974643167855,130.49228841870982,119.60996935413746,134.12601427395145,138.57538630001486,116.51920900734099,132.42253250887677,128.0022085040719,131.89608492880808,138.3439578577776,129.2687496753336,138.1850176757123,129.47006228848974,135.5552085978505,135.5100386294619
2016-12-01,128.98285675588176,131.93956417070277,139.38745394243216,127.18676586040843,117.69203455798515,131.45663113630994,137.5506602489605,111.5547857253679,129.86135282639844,125.35444660661874,129.11930498654124,135.5228038305728,126.74349442714283,135.3925416858612,126.9604375628514,133.0137167467676,132.98516541533303
2016-12-02,134.9554361503999,138.7040588531442,146.47410971237835,134.07770631314182,123.86727664908696,137.2961235487498,144.89825067009875,112.13580542202979,136.35978309139603,131.5955205620987,135.1409460564253,141.97155854914448,132.69613449533765,141.87153363720867,132.96045199008654,139.42105244534062,139.42270080967123
2016-12-05,132.5007519203947,135.8745894999862,143.5177370386345,132.214112943903,122.63542798485358,133.95519469903715,140.651362267109,111.40741109132253,133.73460240436572,128.96747404111017,132.60436380727526,139.19970196186793,130.17460686315974,139.02965140164676,130.36377602535373,136.5971058513331,136.534378168923
2016-12-06,131.32407413031143,134.50616642914855,141.4333078957843,130.9161568428216,121.83962539132378,132.46058424264803,138.7325970813931,113.31029887794821,132.2313418034088,127.66982876531985,131.38522107913647,137.96522901687806,128.95576442915726,137.75473886586752,129.10631016247413,135.32226358123887,135.22280119177748
2016-12-07,132.65890676820584,135.7818483522138,142.44947914905296,132.19934489372102,123.53914433793582,133.63410645750554,139.7109833404921,114.18736363534234,133.60453571248092,128.99410861659234,132.66499452077463,139.31747247555558,130.10242022228508,139.05070822484313,130.2080131580885,136.48490936443307,136.33940697368314
2016-12-08,132.13429884685758,135.03980356548615,141.87006364391564,131.68898268004142,122.2754367923632,133.29115778796583,138.9603574160752,114.64785843341687,132.9791748025549,128.35845527702241,132.11061970713575,138.76744852258247,129.67325423567962,138.47172685862068,129.74714497805402,136.0321091509968,135.85557057840018
2016-12-09,131.6964117261644,135.19769122286877,142.34194177043184,131.66367657764985,122.2298808415245,132.3883194387379,138.28316444680658,113.12540281425649,132.6589603133006,127.98754381101709,131.6226915013845,138.3272605345247,129.3080748157995,137.98120927183334,129.3319435673129,135.66496882403263,135.43808957178
2016-12-12,131.1668045091568,134.904111445705,142.4352597681642,131.5602211654782,122.26017285908326,131.19173441265386,138.69577664584236,110.87064971076333,132.31735565759024,127.46814567886253,131.13975241041223,137.85091894696214,128.89539430171283,137.54973489321486,128.95887047157873,135.30304749173249,135.1141645525229
2016-12-13,130.97186244433655,134.4999988967288,142.19601698437887,130.93861636661197,122.05419295053197,130.9609577465389,137.5013677870462,111.89285693524073,131.99192235522713,127.3121693639252,130.87367150151096,137.59269138390798,128.6991121714083,137.22233227401713,128.6953699499043,135.04684684275654,134.79245593095524
2016-12-14,128.28902826956968,132.5238586687144,140.6255738573392,127.5913537269614,120.33527938265178,128.07971765884773,134.65331391895648,109.58778216135185,129.2895933226275,124.36772391764114,128.21850780324945,134.88837745674135,125.98373196390058,134.54678840445683,126.0073725487135,132.30845114728004,132.08265669231753
2016-12-15,129.4450764968647,133.98099130863545,142.46877905873097,128.53134784881118,121.57513453281497,129.4684651837808,134.41565361600632,110.1562613796792,130.49960188124413,125.76858741939947,129.31028312508735,136.08791777972556,127.14418548000852,135.67969407216108,127.10694060784753,133.51107730299697,133.22214817377204
2016-12-16,128.79992198768787,133.72926686081723,142.3550798564554,126.73407173465196,121.88716154581509,128.53047361009465,132.83730856026173,110.19253412128649,129.78615691075223,125.3994684553611,128.72069303934833,135.47911278198578,126.61584273151563,135.12543308317746,126.62658412616885,133.01754399566508,132.77569462163123
2016-12-19,129.13995952135144,134.76291417162142,143.48103681986456,126.48178181873537,122.29714879735782,129.13329336731758,133.7808825380268,108.39015225828912,130.35293536087502,125.8402966987915,129.11063481403716,135.9165433657215,126.95182545800749,135.60924559912362,127.00993158295071,133.44574343837039,133.24813090370793
2016-12-20,128.596517427226,134.13529534523423,142.6184440817884,125.59390185739552,121.7930220081944,128.13592967854314,133.36546951174816,108.71272850532947,129.71925382634063,125.12492464123343,128.5109332217819,135.38050845663003,126.45184397387818,135.01610091910015,126.45507101585909,132.95271631789362,132.6994199245229
2016-12-21,128.0350402833422,133.52223882998197,142.06814703049182,124.9126815219689,121.72012457697316,127.17527222641083,132.97034080562648,109.17747177837856,129.050972354513,124.47984173384268,127.95862245096727,135.02081629724722,125.82747549576041,134.6573831896168,125.8417849920063,132.51768585520685,132.2682476073756
2016-12-22,126.51761072084,132.05146856788957,140.87212004726086,123.0677955230369,120.51440442798334,124.97430637839335,132.2221255674173,109.6093534406092,127.33605076496053,122.63348575485595,126.44823964787093,133.63425364491079,124.3630081425664,133.2725711596054,124.38192745138976,131.17590136002985,130.92640936505174
2016-12-23,125.34647507462428,130.6948776330106,139.27209925900067,121.6467378766652,119.35525838800842,123.65229948326962,130.13269892908832,110.34919123996272,125.97204809978399,121.61739900081874,125.28089061472623,132.73486578570407,123.24227152607344,132.3658537963801,123.26282294861055,130.31119947253535,130.05344493855125
2016-12-26,125.43689406012093,130.6948776330106,139.27209925900067,121.6467378766652,119.35525838800842,123.65229948326962,130.13269892908832,111.30439913867885,125.97204809978399,121.61739900081874,125.3676474236733,132.7172902583458,123.32761659468308,132.3490012327337,123.34489919902944,130.2946085034904,130.03750005121108
2016-12-27,125.1279148260073,130.11456130275798,139.0200191177557,121.32432364094143,118.91073086885189,123.18005102409839,129.89317240679162,111.47375511766387,125.6161169265261,121.11991615653696,125.07483036304646,132.5532876140085,123.08309233809382,132.19543813424835,123.11318959906129,130.1876473084207,129.9381988301421
2016-12-28,125.23879204374131,129.55739632652262,137.76547312204454,121.97325810528585,118.20214596870848,123.08559310117475,130.24170022608402,113.32323371545559,125.54808066120987,121.38761281740773,125.194746063818,132.9084455267609,123.19588789021442,132.54975300546076,123.23446828994756,130.5312814732635,130.2814758249732
2016-12-29,126.77507333457663,130.36196661864906,138.150447819331,124.65139505182974,119.4031404188195,124.53834342378354,132.0234893188293,113.87262279195234,127.17283051647566,123.04888629339443,126.75516972600616,134.48163879352842,124.65377371457159,134.14602110988193,124.71822440851948,132.02415880621913,131.79928345473476
2016-12-30,125.35640431567114,129.09531821219812,136.1109768366091,122.9939128359209,119.0697247620691,123.23829389907021,129.77250373685285,113.87262279195234,125.62033586486598,121.69109686394508,125.31584074728013,132.9203186954308,123.2687660898932,132.56951144369572,123.31236199363755,130.50360546393946,130.26281000976653
2017-01-02,125.29204261899869,129.09531821219812,136.1109768366091,122.9939128359209,119.0697247620691,123.23829389907021,129.77250373685285,113.17103580108964,125.62033586486598,121.69109686394508,125.25407351195233,133.19107219250486,123.20800784226675,132.8291642479317,123.2539199400611,130.75921195107668,130.5084954317003
2017-01-03,127.69456313759055,131.32107071716837,138.7149662612373,124.7865202774857,120.50110141472683,125.83792412580146,132.4341778620137,116.77203872474895,127.88475943027082,123.929705876879,127.64832081198267,135.80961249412871,125.40521047923927,135.43041965447077,125.45116445040262,133.15876383210255,132.90015218298007
2017-01-04,127.97074257494118,131.801835174225,138.2757470627909,123.87513977202384,120.65237984608963,126.1825342374916,133.4947254184532,118.39358105179882,128.0250532148929,124.454999438639,127.89939721480859,136.6311778928942,125.695280439679,136.20393946707264,125.71698819616608,133.96362556693794,133.66024138537233
2017-01-05,127.24783588297359,130.4952888439592,136.2899440033447,123.46887673449878,119.92315770272883,126.03601282152938,132.83477128595672,118.69080267513277,127.20687476916814,123.82234566708665,127.20652564277783,135.1486216120718,124.98883615175708,134.78361164268279,125.03828931362571,132.5405140558157,132.29364947965007
2017-01-06,126.29724417542786,129.67067723966844,136.19434914956176,122.48032205926911,118.77287444313131,124.61157550242162,131.3761285653213,117.98289515256954,126.23917216801772,122.66317395336092,126.23096909114683,133.56174294379832,124.05845619199094,133.19741244676467,124.08352570104637,131.0094347416203,130.76108254556243
2017-01-09,127.04930740602865,130.339474018891,136.57382858581147,122.50981071250911,119.29435197359679,125.64988536480162,133.80921261579948,118.39652447449522,127.01899349756162,123.31248761817729,127.03314388203096,134.3699251937846,124.6472571722389,134.05414062340236,124.7259509010421,131.64944591255372,131.45350323431094
2017-01-10,126.44079389794915,129.34726140066152,135.13130064317926,122.3317480966881,118.30272903014642,125.55653821043431,132.93873609364434,118.1749009899389,126.37693384881076,122.77800501358188,126.42840837872924,133.73619517496573,123.92788940157476,133.42527705080147,124.01433169309897,130.90391323407988,130.71687830059122
2017-01-11,127.33721146046196,130.07870888082363,135.82355313448198,122.53807408471896,119.15025876377096,126.83852124285528,134.29621750478776,118.62155082383138,127.31092729134903,123.76943507021561,127.30294044479737,133.87927324637113,124.90409339766006,133.57679513178513,124.96690096186747,131.17340016988032,130.98946926065202
2017-01-12,127.86230382161091,130.08184740054506,135.52890311910173,123.2709616096008,119.19677678117726,126.95712685770968,135.13820521970342,121.78023233656926,127.57544942778622,124.18263739350806,127.82816775003016,134.59881837195647,125.47610828118272,134.28856647604562,125.53727253625276,131.9296052114496,131.73691450550442
2017-01-13,127.90619708935931,130.11577792607568,135.25080012676096,124.22865244953401,119.31974394218538,126.87251076154152,134.51907157995663,121.57076573579766,127.64317416695452,124.02984202538204,127.86852282645395,134.75489751027055,125.44616949823231,134.43650748238957,125.50679864712335,132.004631578891,131.80736643826737
2017-01-16,127.9984627965828,130.11577792607568,135.25080012676096,124.22865244953401,119.31974394218538,126.87251076154152,134.51907157995663,122.623113121638,127.64317416695452,124.02984202538204,127.95707181595041,134.8976045189739,125.5330410073397,134.57340154964825,125.59036931521061,132.13904931446172,131.9366123076267
2017-01-17,129.9433978704449,131.91968433580314,137.5141424936792,126.22009349026213,121.37697280739448,128.74232547561962,137.47362059194415,123.13459234677234,129.71063043642573,125.93875675618682,129.9845871008131,137.46045364280351,127.45777827658691,137.1945506698302,127.59385020546448,134.64763352709187,134.50227778238732
2017-01-18,128.4028941318595,130.35253405012259,136.3009962498851,124.73030991406316,119.98952908385816,127.23254759921159,134.92496953819,122.41533933716622,128.1019698988267,124.18330797972665,128.4124108006707,135.71603795717863,125.83959112617124,135.42626800195333,125.94862772671706,132.8343966825335,132.66914753194388
2017-01-19,128.76945707411699,130.84679571180948,136.69911613900229,124.77603364168263,120.3714754147625,127.75823158543042,136.51337023880444,121.66583797521267,128.5722212436836,124.57839736203636,128.79152282787746,136.19819862683497,126.22005500521855,135.916461836013,126.34041375301028,133.32429055940582,133.16631652040246
2017-01-20,128.0779890028402,129.97316779266552,135.66492018666577,125.01742594919378,119.75669072351984,126.51621805774364,134.90316472124968,123.1560685565294,127.67588204301276,123.74606686833867,128.08468209633048,135.41330029351363,125.61351280244013,135.11976317262125,125.71616238648335,132.6303215410312,132.4577534878444
2017-01-23,127.10756693001638,127.93097903389878,132.88034127566445,125.21576843697343,118.17234171067781,125.4822502430448,133.5780875697478,124.92095091849669,126.45423131777514,122.7472627357199,127.10108880014674,134.49383685974095,124.58673918897583,134.18489537581326,124.67905503453156,131.64957277723462,131.46482354441264
2017-01-24,128.62297824598622,129.4326598545858,134.77584344205113,127.0205817965288,119.16542762942257,126.99350086309798,135.00311114754348,125.7016161529277,128.02706929134007,124.12521565318184,128.56422466922356,135.8999126390748,126.06559722968271,135.54232814996251,126.11002487239817,133.02674103192763,132.7971838303879
2017-01-25,130.08727313006625,130.95374600158578,136.15267189665465,129.14735168709782,120.98505292356978,128.55080195413484,136.1995989333723,125.7016161529277,129.61708109576452,125.5871338243397,129.93821494675143,137.4512423036886,127.4278661349778,136.99854886706848,127.39103621749477,134.47113630156474,134.1559472697085
2017-01-26,129.65120189924068,130.63367795802165,136.1799902679499,127.51263165263981,120.15970227237854,128.36168536436068,135.57513953980512,126.74051157884121,129.04569956732163,125.12004463478632,129.47154866746965,137.1064072848624,127.11661565586421,136.6188823853714,127.04610640469274,134.2470240099377,133.89425939583847
2017-01-27,129.72844324432165,130.70330785211175,136.04904408740666,127.96423566592681,120.31441533259199,128.45725670039778,136.31110309424582,126.80328450208364,129.12375890004895,125.25825401557542,129.56856167771045,137.21094246112798,127.14404715425485,136.74233934983647,127.09413540084127,134.29947122987952,133.96662077863627
2017-01-30,126.29469276379439,127.08802397842159,131.76577575596053,124.43880149034068,116.70903538665702,125.56808489963312,132.66580529041528,124.44629184019813,125.61350274460521,121.94311664518366,126.18917089163682,133.6131893677475,123.75441909860754,133.20643667286126,123.75405092928489,130.75211342876366,130.47577223442474
2017-01-31,127.1086215302866,128.02217916095654,132.36537391979223,124.94695004200642,117.49553870486618,126.50840738853377,133.6837188285686,124.67923283817264,126.47526081540961,122.92702646281882,127.0660324936497,134.7591171891842,124.56302894127438,134.40252184524778,124.62221917071031,131.87401094863176,131.64587987521656
2017-02-01,128.28398647144616,129.26022498078927,133.40238745578944,126.39384489307713,118.85373143305118,127.92085514950085,134.40293700842074,125.08140855498817,127.7139999452729,124.18931409982106,128.21849224988333,136.10205146724257,125.7789766494409,135.7152929741344,125.81504804120027,133.24982374894574,132.99193556993058
2017-02-02,127.89658933781955,128.558690553307,132.70707406949327,127.39910963509298,117.87838895793175,127.18781603480743,134.38024263081013,125.19707321436874,127.28252635969571,123.68760724318012,127.8390925495353,135.7937879501325,125.39209642216053,135.41190318390463,125.43568709479945,132.93697226070293,132.68387038921736
2017-02-03,128.49511207476846,128.97502512224682,133.28724280911118,128.69760213046544,118.01204128727021,127.61137568125626,134.93621658301072,126.09009755947373,127.84978901506223,124.10948978909822,128.41720379936953,136.49134859160313,125.95965734895485,136.0846061038959,125.9851820468563,133.5979055796219,133.3227530051621
2017-02-06,127.7164217230206,128.22637151885203,132.75785917538917,127.7118915547786,116.5645359177089,127.49220067671581,134.13584699600085,124.50601247305002,127.15059234007259,123.42785266027789,127.73455696221079,135.73567987915652,125.15223517767662,135.4258306250977,125.26944783843715,132.8105931092617,132.6281102068129
2017-02-07,127.03668827701526,127.89231267779175,132.04933156537973,126.6326794612256,116.2911421953955,126.84151449739561,133.3770069020396,124.16756756714393,126.44377141864726,122.85312074769838,127.06202145916761,135.15317598793547,124.42005833182934,134.84672381361128,124.54600813598451,132.16793964429993,131.990978415143
2017-02-08,127.58354746954473,128.24893691755722,132.4119395107612,126.99910556792824,116.49101909419828,127.66812356045811,133.52651883187156,125.52221726871566,126.91215317942476,123.50139007656678,127.62362549418924,135.7256806565502,124.95683222115798,135.433222082436,125.09707423386686,132.7293523379803,132.56599548314853
2017-02-09,128.26834510563452,128.76454565155677,133.29716168170083,128.373177575515,117.13673025772302,128.06161734699103,133.86542664366016,126.23521994600155,127.58973769352629,123.95336786924544,128.24106404676272,136.0729577471684,125.65281689085988,135.7254305163121,125.7291775165929,133.10912712285167,132.89261604770496
2017-02-10,129.73218609928256,129.84835897724892,134.51009612757179,131.0269635788815,117.6692674180281,129.31617031299365,134.8880781555505,128.3844993308529,128.98072102216912,125.15518426154657,129.68090309337336,137.55490651652548,127.1169563474815,137.18220784771478,127.17071327049237,134.59217550176606,134.351853289583
2017-02-13,129.40261894728795,129.52252444673212,134.15626392389973,130.1986306645111,117.3932181127497,128.66759669729183,134.61743419546258,129.85675555148583,128.48881272226316,124.76938232379308,129.29362504546623,137.1921602086743,126.6926503755996,136.76212117659279,126.69558887401011,134.13452727516025,133.8438153577009
2017-02-14,129.69449549091888,129.80327285197797,134.7612179247657,130.44382437586532,117.53797980782208,128.7744889089774,135.01183671698115,129.92046249311915,128.79924443588726,124.88421717730627,129.58434568955755,137.57164518744992,126.99876365258744,137.13680568297266,127.00006909847303,134.5236367560076,134.22801024573624
2017-02-15,129.338724801689,129.20715104374221,133.82922928121513,129.39044585667833,116.77295770569107,128.2506525429925,135.30391192637782,131.59579987843398,128.26282099905754,124.46780671108321,129.21776682314086,137.17412810774536,126.60827298987509,136.7300115404203,126.60072427265321,134.09279002297646,133.7897392700602
2017-02-16,127.9779790517571,128.26337012619638,132.0846138402181,127.45761592993279,116.23832042675008,126.80417759317717,133.18759155687883,131.5005753627796,126.79915700285905,123.34528863612432,127.89806660038563,135.8517980977296,125.31038829283796,135.44779622324356,125.3390728562511,132.8303817311994,132.56283166853817
2017-02-17,128.8234732532476,129.38802609661928,133.45870872052333,127.82012012713366,116.98770167882732,127.91281476149943,133.80954379926357,131.57699973922814,127.70631908175221,124.14954366909178,128.74428977348904,136.86953712133564,126.14776857879689,136.4591782431707,126.17746337834535,133.8306571245336,133.5577623843305
2017-02-20,128.96243616953012,129.38802609661928,133.45870872052333,127.82012012713366,116.98770167882732,127.91281476149943,133.80954379926357,133.28019774850887,127.70631908175221,124.14954366909178,128.87761217389826,137.20263444610393,126.27840212644999,136.77850385909946,126.30310212679858,134.14383178648478,133.85872304046262
2017-02-21,129.9357657479423,129.9078845151066,134.15890121509807,129.96626584833035,117.41737899279985,129.1108908213798,134.19744027156312,134.43769750606168,128.6569643415805,124.99612087225348,129.81111891140466,138.35791107466855,127.25655663374475,137.88563215308426,127.24356007160091,135.2944692115534,134.96412474622926
2017-02-22,130.15643498074428,130.23499369595794,133.82076858702402,130.3522569193174,117.90887312043203,129.70270128729013,134.0850890934422,133.10347442155194,129.01140268486236,125.44758203008588,130.04396898505547,138.60919874597246,127.39827494886404,138.14809378529478,127.39980539689337,135.46352150423985,135.1469376373174
2017-02-23,128.96987880327592,129.00327403595827,132.50368855109244,128.5511639974326,116.87489048239783,128.63264022109186,133.4518673446503,131.37648256646713,127.88053782569544,124.34469032487554,128.897706083786,137.58151418112084,126.30675233412556,137.1548946001866,126.34257155882713,134.52174689431658,134.23431748157034
2017-02-24,127.92361047049894,128.35020290564802,132.14536183063686,127.11071525331315,115.7184651052475,127.73514117167326,131.8619256596575,130.19346520016302,126.85348005255473,123.07549047387829,127.92340681286967,136.53924354482382,125.28912298136214,136.1860589357801,125.39166041794981,133.50708216371612,133.28782057691845
2017-02-27,129.23619137228962,129.812500444134,134.13350412313633,128.48033794601966,117.26907842756336,129.0338423367747,133.60949181772648,130.19346520016302,128.2734080403758,124.2342987206073,129.21576162294127,137.97499788295698,126.58384216427928,137.5960633284876,126.66802493691054,134.91904019854348,134.67639231222574
2017-02-28,129.1733955894136,129.84631632525688,134.20074477173333,127.80317853730097,117.51754843066871,129.10667138172906,134.53916609643628,130.19346520016302,128.20541389448152,124.0220069294212,129.17814786451638,137.92972026803332,126.53344305566927,137.5758489617768,126.64089151299581,134.88533083651296,134.66585861965444
2017-03-01,130.89857517612066,131.4427400777655,136.33005890004713,130.41301132813433,119.01327677734275,130.62804539919642,135.06402597052755,131.51623267730056,129.9549094628464,125.64403996135371,130.83150004126006,139.90198817729154,128.13804747531123,139.4644445565199,128.18237462423193,136.7217212018696,136.42857613074978
2017-03-02,128.67127402180301,129.73947708399464,134.52254021306325,127.9944917928465,117.77572930863465,127.86162689698924,132.47839129963603,129.3346847784913,127.73861113125211,123.40319610467563,128.59640887535534,137.71073418737168,125.90952766618919,137.26363336248477,125.94652408798017,134.52372499196358,134.22192417645405
2017-03-03,131.95672260205887,133.0166246153222,137.44528200491894,132.76326299575655,121.31631951758746,130.84335243986345,135.115316839029,130.65714912048998,131.17801723298086,126.81995052044745,131.85607498352059,141.31263897679662,129.1594188734061,140.8260608314093,129.1735453967549,138.07496919038863,137.73783166978214
2017-03-06,130.46062290360027,131.16326751318599,135.80322978068907,131.65714973503873,119.28997831973066,129.34936020856495,133.19699762556348,130.60906496657725,129.55992861338,125.23126532324396,130.32799725494678,139.7030821829349,127.692418438267,139.18831737627897,127.67528767288196,136.49987795038484,136.13490809655434
2017-03-07,130.95675034517868,131.52473396315995,135.93559406624377,132.35591988298435,119.3644814259473,130.30524300989688,133.55162023102775,130.42502159537278,130.1140187420741,125.86657199829021,130.7903195748515,140.0263222024838,128.1822001537649,139.48414140086265,128.13347465274703,136.82782235972624,136.4368284610489
2017-03-08,129.18555259667593,130.1308228847327,133.8378546890166,130.23947753782687,118.05080282951673,129.11983336039307,131.80959427775824,127.83828810911513,128.42883404070818,124.13473381941789,129.02429760459157,137.8358222927866,126.21194650982407,137.31648721564326,126.17582097007214,134.45568082493628,134.09355151882883
2017-03-09,130.45441335315434,132.17638872102606,136.09272521239964,130.97562114043544,120.55919259204093,130.35293655623397,133.20857900970844,126.42251134865583,129.93423913990793,125.60835914665746,130.28593575978635,139.39938975838285,127.40516907437795,138.8603564957111,127.36518513236406,135.9254740579488,135.54845005170716
2017-03-10,132.7308868761892,134.3541392392761,137.7590058061397,133.24143551915512,122.79347049999822,132.81371769149547,135.815023178428,127.16388071657346,132.33849302895374,128.02985506476932,132.5328103544777,141.45100110272313,129.47379080147115,140.89130947410735,129.41404459967552,137.78160730831667,137.39280475867844
2017-03-13,132.1163972732237,133.05505705472626,135.9734585423802,132.73286013990472,121.55467100227979,132.5851255148024,134.50311211513332,128.85900427426515,131.50974956673045,127.40140891615495,131.87193272165203,141.32034871221774,128.8223126577918,140.69273770863725,128.72045350816802,137.58142793586637,137.13161800831597
2017-03-14,131.4810733086498,132.43779757748183,135.38888306430707,132.19582636170685,120.73788491740545,132.3016986561195,133.57636561380883,127.7019724822598,130.92719979525987,126.79553270482499,131.24281506547544,140.71388175248802,128.19044744638524,140.0913251827975,128.0942853927397,136.97555332107342,136.53051079338857
2017-03-15,134.42768128355397,134.67322128187308,137.55304577926367,135.70925856590816,122.90291542381698,135.38769342087576,137.0241163804765,130.2195191796348,133.89349184311513,129.84129464959054,134.18358553217027,143.8052179613868,131.06272670400762,143.17085465479173,130.96396511949771,139.9864918027432,139.53335783061692
2017-03-16,132.45898980018995,132.29450932836983,134.34273302936717,134.7050548840975,121.60719936200567,133.09721571247536,133.44310036292333,130.33009624444992,131.74402672579043,127.84318337369555,132.21054924916143,141.38869212352026,129.1044717440169,140.7687533930164,129.00124637023126,137.60586940374176,137.16501810443722
2017-03-17,133.0217226233444,133.18278530127176,135.0557247476563,136.19015657192236,122.39644313868409,133.90431398401284,134.78489169533083,126.76091246353218,132.68259492230462,128.72809787786244,132.79470836330543,141.58112169803837,129.64828508793505,140.9989882978779,129.56589664997352,137.80364768295948,137.39804005262448
2017-03-20,132.2487094165628,131.71103933016164,133.56782161709737,135.76851724468304,120.80652822898385,133.69377329229138,132.6941720489185,127.1901917356121,131.8006092036196,128.0502294441904,132.02156096822256,140.49761530316204,128.84084191616085,139.9284407884599,128.75967995552338,136.70358771489356,136.31087658381367
2017-03-21,130.33561074493278,129.93751811417624,131.34043425655148,133.82025701665074,119.96011334551943,131.6733685137508,131.14717684166746,124.26891893669061,129.99586064211937,126.25520462338638,130.20750462091627,138.86978227269543,126.94566134808308,138.38929190499866,126.95669799152591,135.07255770234522,134.7632791083386
2017-03-22,131.353938358312,130.81179877043942,132.35446870478756,134.80937572972556,120.66757578023226,132.94070900707263,131.75259284743336,125.22242709343783,131.0131903348031,127.33040591303173,131.22374180519023,139.58419857762217,127.92900268430903,139.1143270171022,127.9394303175948,135.77260636576716,135.4738094745572
2017-03-23,131.423250621119,130.84344885738562,131.93169560977014,135.63017536450656,120.93995003311224,133.02637090293604,130.93796093636223,125.27468546957434,131.0836371073323,127.4663607428869,131.27975147487746,139.59518037577075,127.93490673303907,139.11418419445303,127.93529789553017,135.7227696629421,135.4159213551901
2017-03-24,133.9225111102695,133.31363558605304,134.0959117403132,139.7247692030953,123.27991808954802,135.63522045661222,133.94455938414146,125.38793380863895,133.79228488503477,129.98258788170457,133.77570604391858,141.68736262491976,130.40053733845934,141.22012899730282,130.3991373670308,137.81131200312404,137.51738953849218
2017-03-27,132.76039473163797,132.2904760496062,132.70133121391893,138.1724891460057,122.58712930770659,134.47004749003813,133.03666727482664,125.94573079991882,132.47164666892073,128.794056045764,132.6427602893759,141.10422573460696,129.24142627687473,140.64245356285213,129.26724533399272,137.19194505028045,136.90459021551484
2017-03-28,133.9690182216732,133.60093051502,134.58996925844937,139.95022662769736,123.62488395138902,135.6227927794757,134.3435053730055,126.42292414425256,133.7416483216213,129.8399940426223,133.80659818703734,142.37304454326818,130.45363987627877,141.86315608246525,130.43736692691058,138.46253706182944,138.12994461478337
2017-03-29,134.99537106858426,134.2953830832953,136.02773683485802,141.4473825382045,124.0529496369736,136.31668543307185,136.32575094171366,128.02531264410584,134.70530097724546,130.61661841003774,134.82640302937955,143.40499242991564,131.54870477298127,142.88825447078227,131.52364578798137,139.56595100707733,139.22406331914218
2017-03-30,133.9945849933289,133.3873409967575,135.52706884634964,140.60226688071685,122.90082881824611,135.04158251341443,136.06386336347026,127.58015248071113,133.658460939391,129.34236596161662,133.80017551844304,142.28030005907794,130.68610768267303,141.74277183703495,130.631843017011,138.58857736094848,138.22144407789048
2017-03-31,134.44749394734689,134.19698644193545,136.3455164375151,141.09196717787643,124.2769881729595,135.3208337202189,136.9613521075757,127.44099633448542,134.16455730380548,129.86985378452346,134.28960819388647,143.042212431218,131.18793070685,142.52891201406692,131.1660514497988,139.38147307734857,139.0358184743969
2017-04-03,133.79184028141592,132.99980401893276,135.04063462222297,141.37016008011622,122.79784210693447,135.1811956917323,135.91368187213155,127.92821966314894,133.40417412604117,129.153424842744,133.64499118549074,142.7067795052582,130.4865633861558,142.19128203042547,130.47681251233263,138.97811304009332,138.63309093787205
2017-04-04,133.6203001923238,132.64349063568383,135.08788087798914,141.26713993646095,122.57703407187502,134.42047969757164,135.31819287537758,129.11572599768982,133.10500558269734,128.81012330453797,133.47748385263716,142.46248477169303,130.39017460928676,141.95415287102617,130.3813126795145,138.81512160047177,138.4736351960672
2017-04-05,132.35199840044223,131.38005127977576,133.87708958034563,140.30606595882074,121.16687224442396,133.54289862260745,134.64668641712345,127.14723034847239,131.9112226476146,127.52121744661673,132.23137275082118,141.09013920967325,129.1583580698789,140.60878100920405,129.16892486414605,137.48462835975334,137.166904820603
2017-04-06,133.45866173457438,132.54249182357097,135.42470768584724,142.2921251919509,122.26298694460142,134.55547342301006,136.11090301440717,126.27397648417293,133.19683233689886,128.50571789334688,133.31420235428084,142.559199240672,130.32292171172276,142.03840115077023,130.30889058101278,138.99189751564504,138.6355503725814
2017-04-07,134.18020737402813,133.31901810227288,136.13120443737466,144.004322707414,122.9706880887059,135.21013576823242,135.67358854997283,126.60963452155545,133.95024147229387,129.23052621623955,134.05618777115924,143.31108394984008,131.08426374089694,142.81000183298147,131.08791282246239,139.78387181285424,139.44443075656173
2017-04-10,134.25977080822096,133.46126969447272,136.65627035407906,144.99591158015215,122.76642894845,134.74168686161462,136.20028600322246,127.02601489339227,133.99684179058494,129.0513174590557,134.13796026494427,143.44838074200956,131.25042501506937,142.94715145977128,131.25282354335016,140.00650228783982,139.66355593287224
2017-04-11,133.86913752728555,133.19256455971944,135.8522433647075,143.996748697817,122.84666428485038,133.87142290929802,136.01383310657943,126.98531376884992,133.57543409280103,128.70452435572633,133.81866620116324,143.11023720243315,130.8763662931114,142.67989008075895,130.94524380889453,139.68151772982006,139.4047583686227
2017-04-12,134.0027460314076,133.1630288962702,135.49561098035002,143.3399215128624,122.9815395414914,134.4612307300662,136.1143596723043,125.64507773423321,133.84903176088326,129.15875124164106,133.99214589691414,143.23441730968378,130.98195573215307,142.84533995166177,131.0894139716475,139.7777341416991,139.54088816270897
2017-04-13,132.86604703210375,131.7422979750952,133.62861844477732,142.39145574458888,121.47342951217948,133.43390946931888,135.51698465053252,124.82970849810147,132.689383340084,127.99850358137195,132.90364462356501,141.89595365952562,129.9025015207766,141.56456131107944,130.05311241236058,138.50865142351435,138.32342825101503
2017-04-14,132.86604703210375,131.7422979750952,133.62861844477732,142.39145574458888,121.47342951217948,133.43390946931888,135.51698465053252,124.82970849810147,132.689383340084,127.99850358137195,132.90364462356501,141.9218002161452,129.9025015207766,141.589355727441,130.05311241236058,138.5329106105684,138.3467577101474
2017-04-17,134.81566108385684,133.68086164067506,135.35831997622446,144.7747317838656,123.00174866238515,135.17032043741116,137.11098643591384,127.3420744498643,134.57062959182608,129.91064983896229,134.79447222631103,144.0516131876358,131.73309703438616,143.65157931977114,131.83290666293595,140.53263722522277,140.28782635577733
2017-04-18,133.29407463007453,132.39400232981953,134.15852369731024,143.03562610325613,121.99823805256503,132.95861444680645,135.79547208795174,127.23671824837459,132.9238555584009,128.22374219725282,133.33647042125352,142.55160675147113,130.27382510763317,142.21582397119323,130.43104060537337,139.09278538302758,138.90611878081697
2017-04-19,131.60477575026215,130.98550981383534,132.47647867159776,140.66188152933577,120.57238144800937,131.41108491557486,133.44886228507443,126.01496958320881,131.20213505906904,126.60667538422743,131.62670339644424,140.76744924269698,128.4524889605753,140.414566527505,128.59531823255247,137.1762250588915,136.97859278601484
2017-04-20,134.38138374745975,133.87060432618435,135.21550392023585,143.39164253383098,123.02092885895013,134.7971524319879,136.094344692007,126.42420496393171,134.1831601363567,129.66326178468094,134.37361782580365,143.78293353339848,131.08409642840357,143.38981123962762,131.2045456218218,140.03247127297365,139.80306823568608
2017-04-21,134.2178751153952,133.71023209096228,134.78533867165737,142.82779723241242,122.99314175934587,134.73588867838038,136.45086325308216,126.42420496393171,134.00505019814284,129.64693170802113,134.23002900810283,143.57990840485758,130.81957870737193,143.2088472916579,130.96252090219622,139.7279183608753,139.52315572465847
2017-04-24,136.19630662568923,136.05408475858658,136.0738990196512,144.21570822410777,127.96859569348311,136.04170053412275,137.2514429839035,127.38622843619541,136.0672158969327,131.8441727219084,136.09255167704023,145.74318304950125,132.634795392735,145.24564460799002,132.67517075422998,141.71522444191532,141.39849756286281
2017-04-25,136.20635069441767,136.0666147366311,136.1892093352071,142.66463864933127,128.0229180868631,136.61110797665083,136.12162929519278,128.91846177725955,135.92937627509397,132.07646152987095,136.0131628812355,145.787903652899,132.66738104316423,145.19714149636792,132.62306235378125,141.78086688392563,141.37592438612563
2017-04-26,136.4609126871197,136.65601720114873,136.8232131969408,141.78902148576833,128.15917538264586,137.6457184803278,136.42989515028,128.3109567877553,136.2647467093234,132.3828753198663,136.3192067877563,146.15944943397625,132.8881380209504,145.61660146030673,132.89339757354958,142.1105535981581,141.75217520905824
2017-04-27,137.3194774909667,137.7974253581486,137.6737719396705,142.54612601477012,129.10910787887008,138.57277503381462,137.77673019873401,128.35702752756754,137.19556857791437,133.44673909958655,137.16352153940625,147.2551753868885,133.72070617156962,146.68778754612657,133.71361208664322,143.1657214124191,142.78587009212634
2017-04-28,137.96390816149503,138.0861188126611,138.12294850130397,143.2094662613434,129.3763803096104,139.03877873075007,138.5589921480003,130.01979283540985,137.73638024827645,133.95535561048473,137.81614629758758,147.93156081800547,134.34001379191017,147.37130759317415,134.3415703391472,143.81539466564362,143.44324298128683
2017-05-01,138.2490635630474,138.2135268826906,138.30198391407194,143.69087577169512,129.72674141206105,139.2919244457758,139.35990414175816,130.01979283540985,138.0469458421715,134.24372898242262,138.0308064048308,148.68753406915354,134.55097172766534,148.03499781498962,134.48930768051096,144.46483320957253,144.0103464606258
2017-05-02,139.11169248106182,138.76052180752347,138.12143965092562,144.88133755640575,130.43924080057238,140.18108678553529,139.82435200742574,132.78153271725265,138.72005213731805,135.01271408847265,138.85496224689422,149.70688557098063,135.2333302836757,149.00809835641527,135.1426284080384,145.28952629647412,144.79942678348033
2017-05-03,137.46135039981056,137.23188746802947,136.96547274460684,142.76920804600772,128.96501683152934,138.60303691586986,136.61841510359608,132.66558209344475,136.9357599377854,133.2900447267681,137.1530858423853,148.10734347885585,133.65616065834985,147.3529476424776,133.5143949162425,143.75865266480488,143.21390147538762
2017-05-04,137.35714676790636,138.283370679017,136.7115364847799,141.619217934768,131.2955642711162,138.78069988816014,136.0945110903024,130.12485882345018,137.06092725021023,133.71297874126864,137.0184543690307,148.21182341026582,133.32508937431896,147.41692639258375,133.1638019752248,143.61435933911963,143.0418130981546
2017-05-05,139.66649071759204,140.3920344603168,138.77279914004856,145.49554900727125,134.18933316331757,140.16466753509494,138.40475767724723,131.95724444553227,139.3993187787581,135.8695965245026,139.27987494210112,150.7157812612776,135.6289957680857,149.8633049391151,135.42306346322866,146.10477489104753,145.47868144274352
2017-05-08,138.95255978598334,139.59837288704855,138.88114572018145,143.5234260142331,132.37884740325302,140.2372412485346,137.8949285547625,131.6587858475487,138.6506377018803,135.24904584790224,138.57145234007757,150.61183533715007,134.95677398783772,149.73811294218487,134.7543553458569,146.00098525061037,145.3550378852403
2017-05-09,140.1463477643865,140.3603623577736,139.4331586606288,144.74858079046425,133.04069408064913,142.17888872583094,137.3883689682573,133.3308847311501,139.7900405799055,136.62462524502237,139.71353489673112,152.00204499012096,136.04546814711864,151.0662560747934,135.79884854944277,147.27143487075674,146.57223383893137
2017-05-10,140.62055538880068,140.19886307642565,139.7378616815086,145.9092711291687,132.95214937839063,142.041896325916,138.46905199375271,135.25409770324507,140.12273529336534,136.71449588730337,140.15010371024403,152.58724675936787,136.63545112575892,151.6075364153804,136.34897607108383,147.97073434626702,147.22566573976098
2017-05-11,139.82929869890458,139.04625438991337,138.5862184410961,145.0705512558342,131.69063303475124,141.52036269094327,137.28399942569098,135.69783913303152,139.22080978722028,135.81322754792936,139.37799666178685,151.93103003905526,135.9052350741906,150.96496430767868,135.6342462554129,147.36703529280743,146.63262224588445
2017-05-12,139.07794331156848,138.10536243787303,137.2885572039371,144.47767704792915,131.58123639102013,140.61801214709797,135.37526009008158,136.50894261384522,138.32906522159368,135.23542502075415,138.6276611301793,150.69075447881391,135.16374911419527,149.74731161195254,134.8933544868837,146.16813712293504,145.4533304811072
2017-05-15,141.7200889434886,140.65257085938939,139.74650187004386,148.47688806573626,134.0484502134844,143.3878998714814,137.6599556332235,136.80073200641905,141.16900568690056,137.92019046729425,141.23916816641614,153.56353600266425,137.81649511764093,152.578786043786,137.51686959809578,149.04266919959633,148.28874949973596
2017-05-16,139.28068346302533,137.98265330476326,136.6115823212515,145.35225891331078,132.40199395949176,140.30285665567195,134.72233909056882,137.88521121205613,138.41644698882314,135.34095744923985,138.80578227256942,150.8779016080282,135.38678991415313,149.90964693134538,135.09253887046904,146.37789728965615,145.6389216620616
2017-05-17,136.68759401796697,135.48056536742428,133.6612777521681,142.0497387304778,130.17525953094017,137.97782100464323,132.41545330417986,135.92847345414395,135.78374559069374,132.8793265843377,136.40334334291154,148.51982964030813,132.98809606611454,147.73827644815537,132.86451980171356,144.20005698226447,143.62853362322252
2017-05-18,136.72997370698218,137.29962291276328,135.84728962364628,140.7711729347421,131.99115251449916,139.68472424513982,133.91485331487382,123.30326812107752,136.97619616005363,133.54091297695464,136.46503188796513,148.7982276220614,133.12927423974295,148.02652073757915,133.01989337524049,144.56588458538923,143.99997666747265
2017-05-19,148.1461592211475,149.19361508194265,147.1849309887005,154.42676811932594,143.58308237375036,151.77652169965,145.3095894296875,126.26968650668967,149.15306562272863,145.874315096491,147.84291059254394,161.50826900641658,144.32336879523072,160.6428112984782,144.1866019121442,156.98572669579144,156.3424965270207
2017-05-22,143.4883087688688,144.5817975849076,142.6651130702106,148.7574053936661,138.81320141565743,146.82564984305515,141.3725438857495,123.36346173973855,144.34932078817468,141.13614035437578,143.2013490062137,156.99434768793427,139.80087579079535,156.13855739427174,139.67414592484425,152.5929787781387,151.95433135318893
2017-05-23,144.27750627617024,145.08799677996996,143.4618171896415,149.59360894881507,139.1463574268438,146.75107229389945,142.07755042389982,126.17914090668059,144.91591460235784,141.53618789388642,143.94232469025056,158.273022933465,140.6130867793595,157.3454791655058,140.44021212497236,153.86572349648077,153.1599336936879
2017-05-24,145.08846756274596,145.5244552396394,143.68117908240546,151.77694151307256,139.3928402583022,147.3399894838429,142.72158876359575,127.57851459848342,145.658407753671,142.112411198722,144.7474174192091,159.46978678062257,141.35618281308047,158.51929774791452,141.18047225325324,154.96794431720107,154.2444219176359
2017-05-25,145.51967757825682,146.07564240183808,143.6938260991439,152.0963149409607,139.41101701381683,148.66391679633495,142.81879376014294,127.43675843902169,146.14537976425467,142.65164152401425,145.1640220963764,159.5731361854016,141.46995587307686,158.62188774804812,141.29312481159448,154.7593012054259,154.04801233020513
2017-05-26,145.76881344880678,145.8359243544684,143.81733169053572,152.880531269394,138.56740247440143,148.95482474050422,142.88215360989975,129.05498017387492,146.24962494711951,142.65963847563037,145.45286997980634,159.55009223961437,141.83650156986184,158.6526714993466,141.69217216757258,154.87879448771784,154.21193811623607
2017-05-29,145.7482247233616,145.8359243544684,143.81733169053572,152.880531269394,138.56740247440143,148.95482474050422,142.88215360989975,128.8362438756555,146.24962494711951,142.65963847563037,145.43314764298404,159.4913070122013,141.81726958593435,158.59646517397266,141.6736986926451,154.82392514430097,154.15932846982855
2017-05-30,144.5435373837489,144.87604516879813,142.38422906878552,150.40969623325094,137.79786874058954,148.1367707112142,141.77959700047958,128.95378821935094,144.91876933776206,141.49816975417303,144.2277848633075,158.14954320239423,140.63864510969674,157.25968855767906,140.4934423600801,153.51555543689153,152.85441325305885
2017-05-31,143.98992423185166,144.91001385711849,142.1883938584074,149.18973481139258,138.4448196441804,147.8940385037879,141.29631428200895,126.79595510433006,144.5337127394429,141.0781417675345,143.72195056994371,157.89227993248844,139.969055787197,157.03937022889235,139.8731939784205,153.11539717574013,152.49475108472384
2017-06-01,143.7256535991892,144.59568444507826,141.68050141375204,149.67235926490451,137.85067681236555,147.75450532963066,140.52976323733625,125.89104684034145,144.33810126466636,140.8184127483389,143.41853577253877,157.88609256870564,139.64112866494693,156.9807245833046,139.51113080387557,153.0241000332414,152.3578855991405
2017-06-02,145.56291523982205,146.6953678998583,142.8830987297641,150.84413485256752,140.1326307054361,150.05806550040705,143.3827236692797,126.39956096562139,146.29792489123722,142.92132256683678,145.26365807604307,160.08359069207006,141.3677777521266,159.17117291398756,141.24944101084515,155.085711732095,154.4182255829496
2017-06-05,145.56917892250846,146.33739193796018,142.93462350723425,152.14824804938547,139.46133695241744,149.8499664724689,143.42453769756688,126.06129932140976,146.34038452572352,142.59714998084308,145.27575069520086,160.60077656936895,141.33955391524054,159.67205097699048,141.22802109995658,155.53154826451953,154.85169791865053
2017-06-06,147.42426443751583,148.09690760624633,145.221885704706,154.55251566303662,140.67068207156623,152.31396515742506,145.15824702097805,127.34395269597955,148.23947291291014,144.48336255451923,147.20326442827033,163.08610727578093,143.24978436029588,162.20673010955647,143.20375085717413,158.03747161093244,157.4025236102522
2017-06-07,146.47012783926226,147.18826804650942,143.93579901133577,153.3141579954699,139.89309459902134,151.1535976829501,144.0509516464266,128.11770891709463,147.1109573004052,143.43722641847813,146.22185877806962,161.7363082964276,142.03348640554947,160.84505932790577,141.97211666733187,156.43366662129532,155.7981788438933
2017-06-08,146.10728158292605,146.74980568965532,143.48739135944902,152.52596097309743,139.22516194585646,151.62136039363867,144.1770063949787,126.73876616918467,146.85733581482927,143.42180373025997,145.82047321045272,161.50797280191998,141.66264817320638,160.5699770473855,141.56561425193465,156.18630333504558,155.50802185492373
2017-06-09,145.20999030502725,145.97425336326765,143.03130375192052,151.70273459406337,138.51157999045745,150.01242947234593,143.32741910597517,126.46434454699687,145.90235510959712,142.2920131566252,144.89392206915684,160.5823370635038,140.85006733139394,159.61433922544504,140.72242548802697,155.34956977078792,154.63977470996187
2017-06-12,141.38218931250796,142.00298972944486,139.50786124770278,147.65824827608708,134.21561952848165,145.42373117154267,139.6459729698028,125.51236142227506,141.80650799576833,138.12902921213717,141.07317158375352,155.99316931379815,137.1615154492293,155.06509342325603,137.03508529230217,150.94898848508396,150.26929666244718
2017-06-13,148.0019612741906,149.23887323053896,146.60433127522685,154.80674666593146,141.0325947448086,152.7144219062154,147.94106183992432,125.7892057647566,149.02131594759433,145.16929252192637,147.66696957740547,163.41837057921964,143.61489351843443,162.42932054595803,143.47056897677604,158.16261683469835,157.4337159953421
2017-06-14,147.83224143905954,148.88521512828666,145.34444350639473,154.30248384807916,140.94376013915334,152.45887351854049,149.11176268190124,126.1471732867929,148.79633903144287,144.982116610746,147.46797618394436,162.72749502822438,143.23155513137226,161.7305057671909,143.06831033383455,157.2811660846567,156.55285971620842
2017-06-15,144.80381414035824,145.91351796562006,142.84568824592117,150.68067083497968,137.36194666215232,149.04425380317164,146.57197273380834,126.1471732867929,145.4710546118765,141.58908983407255,144.46915265983662,159.33802124616923,140.3118430803651,158.38728465672222,140.1720249582758,154.02248869858502,153.3323888090194
2017-06-16,145.5186060799987,146.7847612869037,143.48103817036014,151.58613777963367,138.83493793227154,149.3801396031549,147.8452256040213,126.14597777681185,146.25454607886036,142.4353395360742,145.15650186466505,160.2346819184158,141.0151656592407,159.24719697031762,140.85017421872922,154.89644074461998,154.17288915439556
2017-06-19,147.09007384023022,148.23339964350572,145.0375110475729,153.06885059048528,140.1440802763099,151.6033362528713,149.2071575462171,126.99490136316894,147.88806742475347,143.9892616710902,146.64348463941664,162.10683803749677,142.42934243190933,161.01740014387713,142.19169351271466,156.5861912454787,155.7748791599824
2017-06-20,145.20588189345747,146.62974653156564,143.38865649638234,151.0078571131129,138.14823977875758,150.33523884725662,147.15943545129824,124.46582734887028,146.08917539871115,142.20777513083172,144.81442087985482,160.4288031916701,140.558884938242,159.38758170874553,140.3721869892647,154.90190342944038,154.13606694329388
2017-06-21,146.74362073241304,148.5908532310504,145.01468317684106,151.34280501027192,139.9994287007411,152.72247758728386,147.7469938310481,123.69075707483836,147.85961523865583,144.34219645291427,146.38194615955774,162.06851692185006,141.9111455532604,161.05482716986012,141.75951162066283,156.34293214220224,155.61076050961236
2017-06-22,147.60273496902482,149.05493604585067,145.29318764092707,153.29375711251828,140.18291976498776,153.58755049600182,149.04359082769852,124.7412637298662,148.68979717340832,145.1028169724082,147.2383811231309,163.03421031224033,142.76794820205183,162.01324168345715,142.61387741991643,157.3014053145164,156.56260100839376
2017-06-23,148.28709409262825,149.61717456442284,146.13820232512816,154.1399605390672,140.72679986621847,154.00751880369972,149.82058282160108,124.85137154768648,149.42993757577597,145.915170032063,147.9301807688958,163.8676005519115,143.46633832528556,162.84811113648732,143.3186165242078,158.14122875112372,157.40339567193473
2017-06-26,149.1010559981633,150.0703919581632,145.9153232680214,154.8514436216396,141.2025742235325,155.32442022888137,150.5466612839904,126.56472540025317,150.13831683283473,146.7326235119679,148.65985060231966,164.0980031842808,144.270795810378,163.01550439767132,144.0448957975225,158.40638736020568,157.60842622900836
2017-06-27,146.11714213758034,147.49086643404632,142.54506933140402,150.86439825685997,139.42234023205924,151.75774078532623,148.10272714127245,125.58730351056317,146.96589927092936,143.86269125325975,145.74295628250314,161.04682837247037,141.5267103484681,160.0369146188855,141.35382424620758,155.6035375192664,154.86328353404363
2017-06-28,147.9630521419512,149.5036282425934,144.6659596181197,152.91382729337684,141.45324768352063,153.22294331945372,151.29113231275988,125.79749226803281,148.96895564502478,145.81149044194325,147.54536432214522,163.09027067239882,143.33519896687721,162.0262614006873,143.12315277833963,157.5993270413966,156.81032192361712
2017-06-29,145.3032343075596,146.61848843908643,142.10171966043575,149.9556578642565,138.30156723244713,150.13954875448047,149.39558972624042,126.05314566952327,146.02008781609356,142.79264836178265,144.91272700282008,160.12279090425835,140.81154765198482,159.1002788565735,140.61954890587248,154.7890915415093,154.0326737946801
2017-06-30,146.70822148616742,147.98858740265547,143.42729762008236,151.7559999890571,138.95938763823733,151.84086004135457,150.33221407480463,127.24804009191448,147.4345293907628,144.36137701452495,146.2840946410851,161.50590502121565,142.33709327103986,160.44936755824045,142.1088700872365,156.30561012853278,155.51167941003374
2017-07-03,141.90778681552376,142.43095388657125,138.4779841782055,147.085643369186,133.82221804996996,146.30626353011738,143.79298952201466,127.87923612224807,142.1052811839803,139.06852045189706,141.37547199959158,156.3966623098582,137.71969216416588,155.23811045578972,137.38331530893672,151.39659282234618,150.499872554422
2017-07-04,141.96825814933652,142.43095388657125,138.4779841782055,147.085643369186,133.82221804996996,146.30626353011738,143.79298952201466,128.53315609229074,142.1052811839803,139.06852045189706,141.43330671754464,156.7976269038502,137.77603135398599,155.6207973183264,137.43735529237696,151.76980972724033,150.8571379241472
2017-07-05,147.28912814885632,148.3565333349467,143.8191464538187,153.83350215430937,139.40796103496947,152.2516674952343,149.92736891989026,128.30050778565618,147.93885213973695,144.71445334851478,146.77802883720176,162.4566035877074,142.7405538196831,161.29205854730583,142.43833837859236,157.04441159186152,156.15860636198505
2017-07-06,145.218071961255,146.28271838019128,141.46071904656048,151.68374282609773,137.87228297449272,149.76352174837453,148.0071801693242,127.66795289050987,145.73585871307634,142.4484767957238,144.75482483162966,160.23635210067263,140.8122233907117,159.1282437469799,140.5490129598369,154.9790723210436,154.13971399649625
2017-07-07,146.11148961149206,147.23125789459777,142.64716124370403,152.85598070501214,138.72231156987098,150.65274801365814,149.28335458432946,127.6939068103614,146.71127793564708,143.2618542221402,145.56856874350615,160.98123358381528,141.53408593041675,159.79597279526587,141.2033488017751,155.55560988108968,154.65126905117435
2017-07-10,141.89544971253335,142.1925971922758,137.9719408738949,148.96143025261114,133.87060345518307,146.10888615080233,143.25730980994666,128.70545570401526,141.9874270848535,138.71061748784922,141.33425538615847,155.92839397198873,137.42612221316773,154.76007887377452,137.07425023593512,150.66285400594424,149.76845520096617
2017-07-11,142.43937222662987,142.45680721725608,138.31780714382228,149.16877617736,134.28531085587937,147.25466655614196,143.15715043315743,129.80097086911715,142.47131184795572,139.48331047478726,141.86169986409004,156.41079424309729,138.01613324636511,155.22818221539785,137.6469646640968,151.19989370908178,150.28974034093306
2017-07-12,147.39442268285424,147.12692193815212,142.64615786618205,155.32690443968545,138.61422921113456,152.7365609728532,147.2780988858554,131.96066537296795,147.66253261482666,144.78986128926687,146.7544987911888,161.94993802468974,142.792837660985,160.67734768970158,142.37250073465248,156.52507097443032,155.53910352094724
2017-07-13,146.08498154265018,145.42361367784605,140.98619058897236,153.6800546971544,137.11086152891514,150.98214112861868,146.6342448863799,132.92780081644491,146.133069885012,143.2120196100278,145.40887220726702,160.36755408232943,141.57821350552223,159.06879930538872,141.12032572472572,155.05788162049362,154.04288685303183
2017-07-14,147.50134142782255,146.4935224145461,141.99878415760742,155.0196968668298,138.20886872405657,152.4627917759163,148.81287381256706,133.58493757298854,147.6130240363177,144.72982833835528,146.8158442634871,161.5273927296056,142.97345527295414,160.23133446983226,142.50754614057038,156.2177834818745,155.20505481182988
2017-07-17,145.83261681155525,144.8459187443548,140.5300017757009,153.56891602621513,136.25367767238197,150.1784505100194,146.89313087180992,133.5830507717433,145.79140836163208,142.82551782720162,145.18811049091929,159.69395053858614,141.2804619336105,158.44771118596861,140.8539834709745,154.36551863266203,153.40045510336694
2017-07-18,146.18957336377196,145.23827811833053,140.80036703286817,153.60227905698423,136.14637645339093,150.76548290897787,147.64963586584915,134.0263166355428,146.13672578210893,143.38326410368197,145.57631721974326,160.3358545353131,141.6725484147643,159.1094744739962,141.27373490452314,155.02528548881952,154.07783623205714
2017-07-19,145.79436798574054,144.68906806635138,140.74340185679657,152.59221969080832,135.19736756126645,150.3686644026493,148.1105281371395,133.53793376585895,145.75415871402248,143.00764869002685,145.14487765984128,159.737710107957,141.34240851240452,158.48236944962275,140.90713941215762,154.50868854354908,153.53085157726935
2017-07-20,145.6558911009556,144.75275444497666,140.46083487068447,152.59310340804439,135.76831289992487,149.96678592211802,147.52279511172344,133.35350758089453,145.62143447857903,142.99006515455707,145.01117889950046,161.10889819217422,141.15796138597668,159.78903746131877,140.72906943690526,155.72557043866365,154.6939224182618
2017-07-21,144.1331646389965,143.13462046545604,138.63431902339153,150.63439304800644,133.5366594550804,148.67988499633674,145.74435586903073,133.20709249232118,143.97520627006404,141.38122530801357,143.551411278799,159.09248531871512,139.53156709275333,157.86137897776408,139.1658552440168,153.62903418539605,152.6840438693686
2017-07-24,146.80915656134798,145.72836215315462,141.38803216085384,153.29389898477987,135.6723477290497,152.23365588227156,148.43890394506292,133.70092710462524,146.84274773265494,144.19397655029044,146.22163936081398,162.26079785198363,142.22206557079858,161.0023108955929,141.85016350659777,156.78637825642127,155.81569871944708
2017-07-25,145.595761828594,144.43301737941894,140.4889637960846,152.0804573575021,134.72106234569495,150.3569018802595,147.82603474499362,134.44051751049483,145.44489726618548,142.55780520892517,144.98123153290274,160.48946400332417,141.2176794038128,159.22739356909173,140.81211320696212,155.27215774996407,154.28744588049392
2017-07-26,147.5044011501121,146.2658162069109,141.89221791028467,154.5569103044167,136.7536169880624,152.48590127865398,150.74405007637895,133.3804369156021,147.62915098267405,144.79210006005135,146.902433645727,162.44572784329475,143.1301281699281,161.1956804657775,142.73597801665838,157.23502439994036,156.26085390702616
2017-07-27,145.56452014220392,144.31900474030058,140.52283572762795,151.8544036778967,134.6195499052421,150.39995913406526,148.23607541793953,133.91693481694762,145.45714458973683,142.60580988721446,144.98093883398488,160.6874938370154,141.31909908967805,159.44759054871125,140.93698176263314,155.5944505031871,154.6250288951877
2017-07-28,146.2904419259698,144.9879963315591,141.0481196630745,152.63129741216628,135.53140877895387,151.0457955735494,148.31875656404088,134.70530512446422,146.17062895902268,143.3597629059673,145.74672044843376,161.81943633172162,142.08497136287983,160.60341001144215,141.73841668151317,156.74291130484565,155.7948594656446
2017-07-31,147.4125413749601,146.31072093299406,142.05017959594792,153.2221074352552,136.85466946893183,152.53648738218664,150.22183192269097,135.40536682083396,147.32467609178588,144.70920225250023,146.86926898026985,163.21659507026206,143.23843067430457,161.9890113701708,142.89094155714787,158.15791028034945,157.19804114615818
2017-08-01,145.79439024728532,144.55641715225192,139.9342840855687,150.7337085630887,135.62813762009577,151.14082973491435,147.8736298882049,135.97636379703036,145.50399431120022,143.09810656537192,145.22083280863592,161.0391613560987,141.5312474873051,159.80423892273782,141.15916365470574,155.9191714229134,154.9554685927051
2017-08-02,145.77505397087984,144.38220239818466,139.77427984010254,150.5983219396215,135.54873317143782,150.95343273702815,147.5668782394147,137.09646132801564,145.37398031230174,142.94084089714505,145.18474337413826,160.99450639855243,141.53582138758455,159.74300858256524,141.14710065727525,155.90153256522353,154.92119967892077
2017-08-03,144.8537017111961,143.66329624657342,138.37836364588912,149.96068377898203,135.0803714768172,149.92614614991388,146.60675482357755,136.61972449455018,144.41759058714123,141.99313284671723,144.29324736443533,160.21850546752475,140.59105600775112,158.99146137658715,140.23127758861702,155.08790821273362,154.13218342024177
2017-08-04,145.02807439508018,143.88024821953638,138.6629289211113,148.8967527193189,135.50580201691565,150.4373679746075,146.3774523870007,136.98287858785255,144.57234426906376,142.3433877759131,144.4137189682135,160.61046921425358,140.81398536742213,159.31643184236123,140.401838316987,155.51685410883096,154.49692466274826
2017-08-07,146.2104620471527,144.8978508731366,139.4830001281997,149.57953490935643,136.26266083754504,151.81094507935927,146.92857157208488,138.79463358002894,145.6843380562757,143.70763190632056,145.57025122930293,162.9820308365342,141.93154139762626,161.606250269892,141.49780405327655,157.74128567105748,156.65092276940095
2017-08-08,145.56635610181635,144.1260330064773,138.95425073108763,149.0195594226068,135.36004560247014,151.35614534501164,146.00715572225903,138.68005598894277,144.99513867920086,143.0640402003639,144.96215222273864,162.3611111930471,141.2995956434157,161.022295435687,140.89906349290467,157.12956937820272,156.07344251982533
2017-08-09,144.94891301847989,143.91252693316702,139.00976690846275,147.91868670636322,134.97253718544565,150.14083861265198,146.04734383410667,138.35006391212167,144.35557294037028,142.28593938737072,144.4452071194727,161.55631637798535,140.7778913651805,160.3331671855829,140.46738934434407,156.43804651353688,155.4851198753675
2017-08-10,143.64485562044018,142.9892364055788,138.02667547766418,147.85649485423517,133.76671429992427,147.71621393525837,145.55145586107264,136.96535394042562,143.0701352850993,140.7182441618843,143.28968672941272,160.2912316574113,139.47530432484402,159.22416681767345,139.3037124702143,155.16750027010974,154.36080375239266
2017-08-11,144.91378286413362,143.972225805775,139.07687615158824,149.84418828239262,134.7542239424644,149.14015478777443,146.9694224109343,138.02944286824973,144.34783403764533,141.87192808696486,144.57095880803413,162.20807265182535,140.7411539625836,161.12565392818405,140.58118082074202,157.04052969645693,156.22103113891473
2017-08-14,146.63287378010418,145.36169785239957,140.1765796982186,152.99563302857558,136.07367254131663,150.87288334006982,147.7897677728926,139.89006333583572,146.03899168759602,143.26200811933978,146.18382692065126,165.2641046597126,142.19888617175883,164.0085786449561,141.94987922418406,159.7297579207542,158.76357152870077
2017-08-15,146.84182455309167,145.6354467412207,140.44609120484662,153.42130793897175,136.3330866114773,151.07009091185967,147.58959562181306,139.9146955982391,146.2636770475965,143.6770458318404,146.3560691004295,165.29042574660892,142.42802566051265,164.00377370726048,142.1439227815632,159.79160332660788,158.7948743699815
2017-08-16,147.04509333852516,145.4998332568517,139.29742531956316,153.5507606692138,136.18115313147956,151.39243541637393,149.40017432279745,140.33309883974692,146.44478907796957,143.9313167520234,146.55736246453762,165.77534758918392,142.47773192917901,164.4737429571909,142.19797301226978,160.09180397053825,159.0889855426441
2017-08-17,144.54896505632934,142.89342148903762,136.26663545374228,150.92737545430077,133.76531434665924,148.7641032830953,147.15542310444508,139.41452700598282,143.82000010383774,141.5422960659395,144.16871739552954,162.97217897414572,140.15635682886287,161.7992167867779,139.96997503751513,157.48937428969228,156.59832837285495
2017-08-18,146.24074538966195,144.12361342877426,137.33837605075084,153.18910675078016,135.00679525693724,150.50854046141842,149.50410775520984,140.80581030321812,145.52579428528105,143.3039773753393,145.81962188419328,164.58935029421465,141.97545871858173,163.37652355630829,141.74578824096346,159.25603820585377,158.32118155708008
2017-08-21,146.5633078721887,144.4206225600613,137.2708940980929,154.1122705956293,135.06414352211954,150.86098276510313,149.70822130540765,140.97937159408139,145.85965309823214,143.75171583667964,146.1584466347479,164.6952382580263,142.13565722568782,163.5099687720148,141.92766914250203,159.20309057832054,158.3007102852675
2017-08-22,147.1243598070978,144.7672330240167,138.10755741213055,154.0370431515053,135.36709933180177,151.61749189307864,149.1953238975048,143.21665742548134,146.25834089487094,144.17697521925743,146.6424514439163,165.43186970978815,142.66666427838925,164.1560331615209,142.38790988557096,159.89710611167374,158.91196498035575
2017-08-23,147.21782600424663,144.54047223612474,137.86864658013977,154.44089063389333,135.33638559286447,151.78580260924502,148.16581167816233,144.14850548424582,146.27319120014633,144.44852654204175,146.74930986820166,165.6097691734836,142.81336271917823,164.34452672343429,142.5449589647122,160.1267657853709,159.14924017555438
2017-08-24,146.52980113187803,143.40916741255018,136.73224365043086,154.1954506358653,134.26620602608006,151.09200432195638,146.83832838352333,145.60562822789748,145.39301653006376,143.58215274535902,146.03347197820617,165.1126133675123,142.03666805360095,163.80829576034367,141.7458960288894,159.5179876187386,158.50891288848598
2017-08-25,147.5498265837459,144.39687047679607,137.26014566423822,155.45955927236815,135.61311533406322,152.18382897357498,147.70745767381857,145.35593050054243,146.51980541365336,144.78040378764828,147.04432068425115,166.2875516552717,143.0223546612512,164.96680619971792,142.72434217551987,160.64885940587973,159.62612860193573
2017-08-28,147.9554552453929,144.9064971796298,137.7324504057331,155.70966052754022,136.1788717112712,152.59899371841755,148.05372734324075,145.91715509039153,146.9077914190334,145.1534571967952,147.54900309357433,166.76908968890623,143.29240361104507,165.55194057966497,143.09229727347795,160.9801732715279,160.0603543192902
2017-08-29,147.83272117841514,144.94849392581816,138.21697092751515,155.73974875428885,135.61902863784928,152.2811719817224,147.0403282858084,146.21262774628445,146.74780427711386,144.99544995730201,147.43195959889155,166.95082461809582,143.14898095716265,165.72590395317218,142.955010105292,161.11718960458234,160.19200163813147
2017-08-30,147.8186637224175,145.0909065494602,138.9284575930676,155.06184951192697,135.2651732408984,152.79311897628364,146.32160387664942,146.00819742261976,146.75123401356572,144.98093156663043,147.41267814542675,166.9122096685335,143.0846214366064,165.6827529559404,142.88778090073913,161.02584749059537,160.09868946787708
2017-08-31,148.37263302060296,145.8504755757512,139.68615148452812,155.49933291768025,135.80619221223853,153.12418544544317,147.52175566799124,146.2676593337973,147.32749267864514,145.52603408885648,148.00207222757476,167.70292355926898,143.74191428239297,166.5012641042123,143.5739543667718,161.91355151049834,161.00796898809563
2017-09-01,148.51949625143112,145.6113334592907,139.57152056050083,155.8075356469444,135.71235676142302,153.1242466658162,146.97075995985728,148.11898995837487,147.31705627743034,145.5825424006853,148.12996627863666,168.10302307452721,143.87898963534224,166.8694346660913,143.69371773142856,162.28550912124462,161.35131161986803
2017-09-04,148.57718727738035,145.6113334592907,139.57152056050083,155.8075356469444,135.71235676142302,153.1242466658162,146.97075995985728,148.80941539414064,147.31705627743034,145.5825424006853,148.18520440660208,167.32311580509764,143.93264256081488,166.1250268918412,143.74524065162078,161.56155032747435,160.65817923701493
2017-09-05,147.296558016314,144.25535927425764,138.7842647110191,154.97769135338402,134.57845218590558,150.87118358450172,146.33934012238845,149.06305467633587,145.909028131992,143.88047050267778,147.01229956053388,166.07679243604738,142.8781239896828,164.99262672583038,142.782273860243,160.5517035492334,159.7446330942006
2017-09-06,147.1162375209583,143.91987541028413,138.78425242519964,154.32773292232363,135.02471492876145,150.26577039498082,145.30740342481621,151.25161116100662,145.51941800766434,143.78726212925395,146.76555696701618,166.16398888720136,142.73586096259504,164.99609928878095,142.5764966995853,160.6604733620046,159.77442635770106
2017-09-07,147.0778854768832,143.8536916713961,138.17407132273158,154.42129094416194,135.55190972176356,150.07893812658529,145.27584800500708,151.25161116100662,145.47803353587332,144.0506751613337,146.75585875810074,166.08818723593902,142.66168491804166,164.95294631129553,142.53050362455093,160.5483825798656,159.69433054730266
2017-09-08,146.57000390345135,143.724180296483,137.2194904330813,152.8594264858424,135.56715168857446,149.7279362612974,145.8986506861258,151.23772190560325,144.9312221251925,143.57042671262917,146.26146182643322,165.00099354479045,142.017540356787,163.90617706103387,141.90432766483227,159.35259807789782,158.54100200599194
2017-09-11,151.66796236971084,148.72887709929233,142.2528650067778,159.04186403176664,140.36652445257562,155.36852631874103,150.55025738982093,153.6998471877146,150.2159538604537,148.81130271182298,151.21300386645603,170.57307859391838,146.9603713323326,169.30146277749023,146.71651522470788,164.74360631325388,163.77395598061247
2017-09-12,148.46144645816005,145.5073806503598,139.3125756010995,155.19324839211976,137.45073840559414,151.48064438710702,147.48907674639867,153.4952910205708,146.76959962566494,145.2433876853159,148.0128142335387,166.89493178127188,143.86256563242864,165.6499385249279,143.62042562942378,161.20373482993395,160.2537133986868
2017-09-13,148.91653167120882,146.07148681454188,140.9830871539898,155.57451305109342,137.67086041700696,151.78029229825174,147.18223155365396,154.257674956612,147.19412788518213,145.5724629965557,148.446019238929,167.02984948751424,144.44456898213508,165.77616337888256,144.17690360789112,161.4999809610656,160.53494375517337
2017-09-14,149.47328697591493,146.69647758249064,141.35693530173162,156.55477022296304,138.56997130278597,152.45449575939577,147.24526531487749,154.03416150672686,147.81386129765193,146.4153217080955,149.02334515433344,166.3940850713353,145.01548812593578,165.2172552967923,144.7664325951147,160.96533257842466,160.067762406664
2017-09-15,149.3814117571767,146.26881401019438,141.08257363387614,156.05627112550536,138.1563965594464,152.5590373058406,146.60752517406524,156.2501271644759,147.52143020337726,146.2445560664352,148.88007475033308,167.28086163861542,144.94482281115978,166.00490524548155,144.64691436686397,161.80609072600026,160.81783277967963
2017-09-18,149.29100137193234,146.21083299409904,140.94026319454886,155.8289426494322,138.05843450443695,153.1025162700279,145.40989568721042,156.58637673280504,147.39516825480248,146.193980339518,148.7221733863121,167.95024171326222,144.82798147017274,166.56708122999092,144.46809727809583,162.39364093573028,161.30875539046548
2017-09-19,150.80647894147722,147.8099970779992,142.40456720901645,157.60370936682554,139.7591517569272,154.49442275187977,148.11395242068096,156.29101883984038,149.05269671129284,147.86918530243156,150.2322349093963,169.4077603399865,146.25183817747083,168.02241813025677,145.8905273811317,163.76220130302897,162.67883102528972
2017-09-20,150.47178787419654,147.60647818824447,142.50137571821128,157.55736187269662,139.2954801677856,153.60717175605552,148.54667652373251,155.86845799636416,148.72846078682744,147.28691012213534,149.8599408748931,169.00947100570667,146.01149308216563,167.58642826947784,145.61124236161686,163.46871017548065,162.3457278053997
2017-09-21,150.07927248841077,147.1560443444944,141.99769294164815,157.37832409490971,139.3593318093141,153.35924374401236,146.66465594533443,155.38293501991367,148.34733974733518,147.07783564966024,149.434899322538,168.1060088791572,145.6474458969857,166.67152452771472,145.21566783427235,162.6301965293517,161.49390543988173
2017-09-22,150.17620662149483,147.49485669709918,142.37915275249918,158.51539277897712,139.8393058848074,152.3165969482535,147.78939332962983,155.13652344342213,148.47325250260312,146.9900013499291,149.56232210852474,168.21798950352175,145.7393215033232,166.81556364228157,145.33623245779816,162.73604509015505,161.62990952626703
2017-09-25,148.19690299713017,146.34110273086506,141.96735753025294,155.87594485344908,138.16295449906082,149.63126778115569,146.46840254971184,152.26817336225497,146.5880565674476,144.8276183043397,147.71136483832865,166.61145180691338,144.05073288474756,165.32810161341123,143.75576960434665,161.40849217623935,160.40164778989487
2017-09-26,149.35830036763204,147.5918804026071,143.63530655897324,156.8450071665309,139.1863369380939,151.3209035511543,147.3241788600959,152.1665125041635,147.85017815761904,146.0006117838782,148.81992613066774,167.87919141266622,145.1637083043623,166.5347574614453,144.82119478861662,162.6208954991394,161.5591223548305
2017-09-27,149.3930435137801,148.13570125466694,144.75890878274745,156.28801118472123,139.77235460914451,151.2703705162488,147.76306841034057,150.55486837219848,148.03005419834378,146.14877996910172,148.80940943147502,168.46374991935497,145.22490386499658,167.04525696548092,144.83896095925112,163.19636546621706,162.06568365755624
2017-09-28,150.76021341689398,149.73093492475124,146.12425751480473,158.18642928123307,141.55687580034373,152.60242855817583,149.03251382426774,150.25119642288882,149.5350485154126,147.59933459482772,150.18076549019196,169.96143273151344,146.50204030334945,168.54229103909518,146.12361017940742,164.59279259123753,163.46561329415422
2017-09-29,151.46370135059374,150.055011545706,146.13376186841768,158.96594561090808,142.4488075274848,153.44371037095127,148.72349234031375,152.1753882211616,150.12216045575903,148.39846013712858,150.8019553116933,170.68044360627553,147.1381187248505,169.1722335142394,146.68540388586337,165.24049491620087,164.03308852131192
2017-10-02,150.83629659907092,149.34253162218613,145.56911903267905,158.86893461770146,141.28929326157362,152.845245963662,147.90523767869624,152.91575289658127,149.3773833745361,147.52436483778317,150.129125374902,170.36577252899065,146.39717065592805,168.79343096937387,145.90672669636695,164.7792877627652,163.5185312981262
2017-10-03,151.47783820230677,149.45281084345956,145.24297204070157,159.8660882352237,141.24153565741935,153.783442924849,146.82021438139336,156.70538645063135,149.733937389431,148.4112609154817,150.72515931699567,170.89730626841012,146.95833927438815,169.28147062596832,146.42865656953475,165.23402274744086,163.93597106154704
2017-10-04,151.06904473047442,148.84481269416884,144.75384586562552,159.42785145716942,140.53821714113764,153.4619072269435,145.88132041437754,157.00664359595675,149.2669463547159,147.70586657848304,150.32842944187922,170.28933349555854,146.49752443051062,168.6956720368301,145.98133517306172,164.58222808988677,163.30696537086214
2017-10-05,151.19208136491545,148.77808535725728,145.37844707636884,158.99268437950394,140.0698294757556,154.1126825051723,145.06222766543317,157.22241990976187,149.38091796031495,147.80454323646603,150.39923635773357,170.56513263325334,146.69647418285393,168.9079599738173,146.12832635997106,164.92971354939203,163.59198495916917
2017-10-06,151.62716083166728,149.50481133208726,145.86802780755414,159.51477965660217,140.8863930855782,154.5683779642451,145.38812277615588,156.12525657539155,149.94463184393607,148.26116149151878,150.88021481909243,171.1453784823993,146.97641420412765,169.53119124321404,146.4576422056,165.33373458067345,164.04384713368518
2017-10-09,151.58049941113399,149.5114348641962,145.97515704156555,158.64762820161818,141.02238362788268,154.84719536406394,145.62670010450665,155.54436322401855,149.94501124976927,148.3736476157602,150.89096633280164,171.73056527682309,146.9564818620493,170.14833776467626,146.4901827058986,165.90271322262655,164.64317487081223
2017-10-10,154.11911953322098,152.01753847712058,147.63265016417515,160.4495572761238,143.78429111151874,157.84727911368103,148.26965363258606,157.62914923234203,152.5018309846354,151.27307085589962,153.39280199417115,174.5742401129707,149.54374472910803,172.93968506801315,149.04084403107422,168.78795432175545,167.47709048089007
2017-10-11,154.1629395416813,152.03297214313244,147.55406764746058,160.7629296345373,143.79429408927174,157.7925884872982,148.12795966316165,157.22082906502013,152.58504557581668,151.4170893387382,153.43683748152853,174.66695282033,149.61408867468688,173.03034587609963,149.11027907727416,168.90618976988057,167.5922528295083
2017-10-12,153.76415478322733,151.61003726979715,146.83617518383497,158.51775837973966,143.34046168256592,157.76402751810562,148.92405246512567,157.22082906502013,152.15446037297605,151.0175859951059,153.0451487044307,175.1112213226889,149.15239264104832,173.44196717720337,148.65787588871194,169.22141232418207,167.88265965703462
2017-10-13,154.61393498811327,152.0933541270622,147.02335167133415,158.74695720170595,143.4233761249912,159.27877612014981,150.76572228956127,157.32666792618136,153.06247693342988,152.0403111475777,153.90208914691263,176.29623784099522,150.02402620343213,174.61954331435177,149.53520351256873,170.41014043387693,169.06397654459647
2017-10-16,153.501238601388,151.0248242279424,146.30486771464888,156.8766118077787,142.04903862790025,158.42702179635788,149.7002889260546,156.517158841261,151.9324036925176,150.8108919963225,152.75257129121698,175.12468715787998,148.99608014785318,173.40967227595993,148.46943738598495,169.33057874062106,167.94488483355204
2017-10-17,154.3033678716065,151.99485176875552,147.55171701409228,159.05626393472397,142.73035554935947,159.13291876360452,151.09362839316142,155.06990197217849,152.92622534243688,151.4418312327839,153.5236057781606,175.90882696753732,149.80640071944376,174.16144975027535,149.2502733752328,170.12832299421962,168.7116281644974
2017-10-18,153.8418983465585,151.52005556304772,146.53564784605385,157.7880178746309,142.6600407938183,158.69808497312087,150.4800314526557,156.6956608259576,152.28154389527003,151.03550376517256,153.03230199809244,175.35375051655225,149.34377435145362,173.57790429127706,148.7598559074005,169.5766161076842,168.1333614414434
2017-10-19,153.85449275831184,151.99332959178622,146.86593971190644,158.55570571828304,142.97055154412243,158.2998645392639,149.53434135105832,156.18328287633813,152.3404115611478,150.984957862826,153.10786643221235,175.54713226298364,149.30757994769633,173.83126109315262,148.78457769901226,169.70410212818578,168.31971724259856
2017-10-20,153.64788456744688,151.98951829024034,147.10303855796704,157.5678736720447,142.24928879054724,158.54506355620552,148.82412754739389,156.37217634644563,152.10048926129863,150.89245608469852,152.86147279011453,175.68131944369037,149.15138841207246,173.90552011406874,148.5891231135817,169.8684953731466,168.42683984309045
2017-10-23,154.18221380415687,152.66504037457605,147.54142415133174,159.1899423084547,142.93995019716394,159.28452379072263,149.72195690584869,154.59205007277106,152.834932312071,151.38197010789204,153.43166606050536,176.22994547326581,149.6925774775854,174.49319729543984,149.16348701040948,170.42592303083214,169.02013888605336
2017-10-24,156.3895217573349,154.97952580757348,149.82085551513643,161.3834442705987,145.15363878909022,161.92986624074743,151.20725761590077,156.35652253071552,155.06327979952331,153.69004782230317,155.60002746833285,178.2616903769231,151.90141305291198,176.4927864014661,151.33563099671395,172.48105883498536,171.04368844391254
2017-10-25,156.01603279719941,154.7666229380689,149.41504918160348,160.37720897026014,145.47591132270824,161.8261153435831,149.89274224243917,156.56403650940854,154.64058368985752,153.5970728950546,155.26009574651155,178.16101654537363,151.53388107656218,176.4152763926979,150.99926941605372,172.36635446574664,170.95126011703627
2017-10-26,155.0812045277062,154.1633965404032,148.89924096769784,158.94134847201488,144.84941642571357,161.39893162330142,148.9557667800605,154.42682433712045,153.82166683678852,152.48473880194072,154.2931575617842,177.30134927943493,150.69278901059005,175.51608626005242,150.1243181424789,171.60006173776807,170.14411500964422
2017-10-27,158.76143577356106,157.61183282895246,153.42067588791886,162.74455883477248,147.35091915533778,165.83525916217644,152.5079006531206,154.8138725289913,157.76880888309864,156.4697305177754,157.9435873896988,181.31056631795585,154.3856029915715,179.48034358012927,153.78834399620482,175.6155475352238,174.11628152874255
2017-10-30,156.08149441587034,155.10468096244355,151.19449929411402,159.7527606854925,145.68939318861723,162.46752485534316,150.17435093560175,152.22187759329455,155.1036490872453,153.71333264918138,155.29654225470512,178.69005193475147,151.80344622149428,176.89038655273458,151.23313370248155,173.08711232660687,171.61290805045257
2017-10-31,159.0424218038596,158.1937517494169,154.0871688604243,163.012228491529,148.9570770003928,166.43601582676618,152.04386158817198,151.41556654068114,158.38820390239664,157.22693429442896,158.20158150621225,182.46060056990117,154.7006368781941,180.56356259763476,154.08038338686427,176.74434671396207,175.1833215305139
2017-11-01,158.7270900750892,157.66641602512692,153.88752420744797,161.94013029220395,148.4478226512882,166.94620389964004,151.09383064345226,151.03485516437846,158.08182459299275,156.9918909919685,157.88934050966478,182.4094608948924,154.35597013144277,180.5026941358375,153.73988524517165,176.6415536451137,175.07380528861378
2017-11-02,158.87728218639919,157.7417592509808,153.50046541478446,162.05010079266665,148.61526317911827,166.89497397650652,152.33270553521942,151.03485516437846,158.2450044577127,157.0998333128298,158.03036432953112,182.90274075093419,154.54069075539437,180.96940586662086,153.91454562502292,177.1498369679732,175.55645552406406
2017-11-03,158.6313922899829,157.71281549095804,154.23723567666175,162.27379841307803,148.12222532961337,166.68732767526487,151.4115762787136,150.4336847745709,158.03508929359674,156.5887193034857,157.7627553935411,182.76093957665398,154.41487006332565,180.7983690918766,153.76332517280497,177.1321771971473,175.5058509051781
2017-11-06,160.8129922197591,159.45028758270516,157.0016112801614,165.91608635816004,149.60852198265243,168.75580168977834,153.3128786418456,151.0484102340765,160.34736227512204,158.87927981942917,159.95409612226834,185.04730217756378,156.69039090019982,183.0927173638211,156.04375066931965,179.52414386161618,177.8998118538176
2017-11-07,157.73915155680055,156.93374929200752,154.7983492303483,161.7977117808184,146.35364882207767,165.86192611016583,150.75220982945876,147.22111907541537,157.37314631303045,155.9443880644995,156.90928133082298,181.67767885203915,153.7193213353756,179.7661915187562,153.0958514623365,176.27525370182224,174.68660018737958
2017-11-08,159.52952005492563,158.45297957206,155.90232924067874,162.9362415636282,147.52487931528856,167.92923386180897,152.92879297117082,150.72489686747542,158.9812536823444,157.7390594196971,158.68378961150583,184.02986205536217,155.39319863579038,182.07549058710697,154.75961143769166,178.46852718536707,176.84640152385654
2017-11-09,157.70195417088024,156.64664257393775,154.70316017700617,161.64622389346977,145.607445316492,165.71823901529942,151.3995808082646,148.0743588267259,157.24855448192451,155.87184848400602,156.9280790015759,181.6534878640631,153.67557250426466,179.80314359839565,153.10488985360016,176.24304759921435,174.71194059810796
2017-11-10,156.8435471529654,156.25928519759526,154.28787595039918,159.41176817635946,145.15647246524077,165.45262465838968,150.92748776960795,146.0930348194595,156.50608280201055,155.28936910094944,156.05167612315,180.1644202224346,152.846187188644,178.32382277961725,152.2574784126937,174.82483485669727,173.30000303566032
2017-11-13,157.69382315663847,157.2342010697305,155.41793113161026,159.61620812842847,145.72032193603837,166.5237249906379,151.57051125250126,147.16910470604884,157.32686370007315,156.15700288102445,156.9263980569878,181.0990926473392,153.67218148460947,179.2821238105265,153.10735291241363,175.73050280602217,174.22886810027654
2017-11-14,156.63353200570674,156.97816349285426,154.24778507803862,156.41511001609985,146.21115442949082,165.84150160594754,150.6237665660314,144.12116827151146,156.46908390889934,155.64216661566664,155.92544781545618,180.0132357758469,152.54430592300125,178.26166159739495,152.03807814878616,174.56787084487522,173.13117465784177
2017-11-15,157.61228069320128,157.87734320143136,154.85116752972192,158.08602355405026,147.05758976573162,166.87255067056347,151.92614890415547,144.12116827151146,157.53568875431577,156.56434250507735,156.92155926234946,181.91796600814226,153.5042590423003,180.1421047652947,153.0150136679953,176.39332964788952,174.93702429070177
2017-11-16,159.7922426273383,159.41899332326602,155.7427020216071,161.08081886723681,147.98094515302196,169.65789738709657,152.68254570713944,147.88193526570294,159.53896320909283,158.8500065370085,159.00463426675688,184.88665702128418,155.5314029116446,182.96817917174127,154.95749325171525,179.1489167091286,177.5681112393191
2017-11-17,158.39754770232295,157.07392991367198,153.706343615874,160.95471993520928,145.72672905252745,167.4090866453134,149.95061980419956,149.91527653740923,157.8204692354206,156.85903171409484,157.6685502009598,183.0943096163005,154.30601369343643,181.25847284709985,153.78004347324108,177.56517490914177,176.05257901037302
2017-11-20,157.4721949876132,156.57877400193647,152.87595299011045,155.98208064719884,145.02823732664794,167.17666068006247,149.8424478067024,149.91527653740923,156.81467129728895,156.64375979783054,156.67407960601608,182.4961942439985,153.37235787512247,180.5672906222901,152.78199016372224,176.93189926153943,175.33399721873946
2017-11-21,159.102777350386,157.76934484955487,153.85257178613693,158.53697679204672,145.96677311714942,169.42858778853486,149.96687806110768,152.32687423245147,158.35673515444483,158.20469800283936,158.24087302445693,184.19403345073232,154.96127462751235,182.19295456830852,154.31269781063625,178.58599880539902,176.92215584878724
2017-11-22,159.5086234603241,158.24657560419308,154.2315162205428,159.00738009987677,146.2037566492262,169.73078538383007,151.26425220577283,152.3576737324617,158.79448953516794,158.82616657228118,158.69319503131942,184.81913143111964,155.4558865814436,182.8592419052845,154.84707576878066,179.29634633776615,177.66692564939441
2017-11-23,159.510546476255,158.24657560419308,154.2315162205428,159.00738009987677,146.2037566492262,169.73078538383007,151.26425220577283,152.37971539221118,158.79448953516794,158.82616657228118,158.6950316891385,184.55284814889416,155.45768577182196,182.60591544652348,154.84879898437828,179.04795578329768,177.42990847933592
2017-11-24,158.20381499344322,157.1171351922135,152.92570485351175,156.81546919914524,146.06736165687678,168.33958504314685,149.80959138609424,152.2665539497565,157.3860840658038,157.29871419380098,157.35901344215705,183.29269200279776,154.26515720497196,181.30967859656948,153.6240920070468,177.9056998462222,176.24882913968975
2017-11-27,157.6745702624676,157.00294104005633,152.95542480052342,155.68058795346278,145.76014848646773,166.8222879501502,150.57866514015328,151.72884460720422,156.8622366589129,156.4306363140615,156.90462575151093,184.12804633014602,153.68879012934497,182.16068762293727,153.12004619780032,178.59556333120693,176.95981935220254
2017-11-28,158.3131022813688,157.75812078621493,153.68817075082347,155.5193768570921,146.37170285780948,167.42420723968428,150.85098228732366,152.37529692943806,157.49447160195263,157.02520348028366,157.50098431059268,185.00908025452983,154.26863157706097,182.98355884582676,153.6627248307325,179.39753140566478,177.710769041126
2017-11-29,156.32711933966118,156.3582087090028,152.25165435145368,153.80024813895307,145.22008506556872,164.79056773830044,148.87916587822693,149.14010638011464,155.64313682167034,154.74537906191762,155.53231635443404,182.61817430819315,152.32054213279446,180.6294550104625,151.72946485303584,177.0673957731027,175.41291078307643
2017-11-30,157.48190818139753,158.6341911784687,155.56461293223896,154.53881332184497,146.93302431448083,165.43611649241686,150.24338485949102,146.8086647338432,157.11858553004262,155.97072204202317,156.65486783606082,184.25072754833062,153.46735532396175,182.2039996396946,152.84626731349078,178.66391923219794,176.95639666434303
2017-12-01,158.37654211615333,159.51958540170887,156.9382309663047,156.52296760168488,147.18904264293525,165.63298660936593,152.61364066665945,147.43574475269986,158.0312874792848,156.54580298458237,157.5857488224134,185.85424727247138,154.46216461794586,183.81432031123285,153.87075302147605,180.33571697754874,178.63094773012128
2017-12-04,157.5309895966477,158.4051813792684,155.59053542157602,155.4534777400913,146.67251832036973,164.54110708009102,150.54699895242112,148.8724084314726,156.9708855516785,155.68195322001023,156.73031456270166,185.33004806116665,153.5495359018951,183.26225185336025,152.95174776209652,179.71085464519822,177.9847919351953
2017-12-05,156.43878166491908,157.29453723979483,154.50935670532087,153.2744770672038,145.49144668051534,163.66267692189086,149.87917707692532,147.9512382414813,155.87192063376457,154.77196108582788,155.614350161231,184.22709193548928,152.52621661508192,182.1317291961516,151.90332955994566,178.68101220524565,176.9260954002866
2017-12-06,155.56365507250254,156.67782634975907,153.9740034515767,151.97638816255733,145.09113509075848,161.57243558853585,149.22955397386752,151.73526535411764,154.55827750628978,153.3234766931223,154.76131668629677,184.70000608577382,151.52315294952373,182.56176883818793,150.9265091453682,178.91483876127378,177.13079649057923
2017-12-07,155.32076785438812,156.84585091204778,154.17362876878946,152.0148498167575,145.3452815919581,162.07548540346514,149.1008668064039,148.0911804663556,154.63246593565643,153.3215377528714,154.43657538440056,186.27128910929625,151.35503431519325,183.9498989519289,150.67849949217108,180.44534779532887,178.49160749587443
2017-12-08,158.8777107136406,160.33102240829004,157.69007258492445,156.61409639176347,148.5195861636039,166.14068937446578,152.69062142669117,148.8526572005864,158.4232888543137,157.12286161086774,157.93231065605056,189.9254534715541,154.86843117247253,187.5348421605369,154.1359566493171,184.06219797831963,182.04434909783126
2017-12-11,159.564240098668,160.8011909667306,158.6644797296771,158.091144019889,148.6502759245763,167.03029307631107,153.84915217001273,148.60857482109176,159.1937038720469,157.7643251443083,158.56354555347545,190.88318577621723,155.57131541839993,188.41684577845234,154.78617116140487,185.02374435558815,182.93461122030322
2017-12-12,160.13128125078256,161.6101961895578,159.290006242516,159.420356359982,149.33279791363694,166.91970006197474,155.36422319844448,150.208622890947,159.6550380444753,158.0784657837789,159.14195194604173,191.78716266151758,156.04515207269222,189.31762516095733,155.27464583460534,185.80120089201603,183.71483692120037
2017-12-13,161.5210197389708,162.0748214496447,159.30038208252907,163.42202067507185,149.59684617417196,168.71859084666582,157.60618995537973,149.03752561234336,161.2797661833514,159.26178242547454,160.5224251747842,192.94094615556781,157.2848659721817,190.4751641398076,156.51198572634047,186.80684053337052,184.73068300796967
2017-12-14,161.032878624383,161.57797017372945,159.11944014127982,163.34393794391158,148.95812438566807,168.0208480032107,157.5478573360598,148.14749401497534,160.8356022250214,158.59696257534574,160.0544453819649,192.46742670652205,156.8946375314029,190.0230955075983,156.1364896566932,186.44149247555927,184.38036663879953
2017-12-15,163.1397983687729,163.56573097547417,161.65450596712463,165.6669277782978,150.6849901997768,169.86698158882453,159.65164299731148,149.0705196424559,163.04014633488447,160.28310157649454,162.13991942352337,195.49520434036245,158.9422510434822,192.98320241708615,158.16629809599857,189.349589833383,187.2299258005691
2017-12-18,163.36973952837403,162.7949170024626,160.50378723564828,170.52299966285523,150.4815235867493,168.62305068583007,158.29449615686474,150.37079994718152,163.1615533230158,159.69856836252936,162.29483517790507,196.25891768786636,159.05426172256261,193.63431821273983,158.21299917726134,189.94279832254418,187.72583201301373
2017-12-19,162.74340632492218,162.18877511272484,159.98562366358752,169.63904897639466,150.24663927045452,167.64195779851073,157.9671155558297,149.20786443711287,162.5938656720176,159.00710769424603,161.69943063251858,194.98394057913623,158.50487771156807,192.42697504253215,157.68933827161513,188.79766514677607,186.63803731736488
2017-12-20,162.7763284060902,161.9797192248058,160.5561384582002,168.73701890337617,149.38833106188244,168.0123360296587,157.80392828598133,150.5571211678242,162.49608370015986,159.01564817727137,161.7441654040336,194.51190125559046,158.586856856612,191.9942988020567,157.78026041128786,188.4168178085162,186.28973918442549
2017-12-21,163.7610111482802,162.8824318748502,162.20065093131416,167.96503144281317,150.23199703962135,168.52407989883275,158.82948831213122,153.4267568849202,163.2868705916798,160.20563827519464,162.70838265038418,195.27492419105496,159.53968601259803,192.74691688350302,158.71515293639013,189.16390455080244,187.02760573736032
2017-12-22,164.92889929791772,163.68238363159492,162.74453575724246,168.88989739705065,150.65642692370636,170.3668836995604,160.13273175083606,154.37724807389398,164.46528018097212,161.5545581290307,163.87687133989218,195.65894686166266,160.66289597255695,193.1734935157181,159.84071990836816,189.5568736562853,187.4597765086354
2017-12-25,164.92889929791772,163.68238363159492,162.74453575724246,168.88989739705065,150.65642692370636,170.3668836995604,160.13273175083606,154.37724807389398,164.46528018097212,161.5545581290307,163.87687133989218,195.8440520426437,160.66289597255695,193.34921831571947,159.84071990836816,189.72930851318986,187.62398787032083
2017-12-26,166.25445301407711,165.061574937153,164.27505134538575,170.02573308750155,151.99914009249335,171.33648332565255,161.71052360733933,155.05848395840692,165.8412963884041,162.8733063613303,165.24355512211983,198.50624771191872,162.11951248364437,195.99243381988708,161.3300592326223,192.45559096968285,190.32858099962567
2017-12-27,165.5317783427394,164.01707837734074,162.85812740250105,169.63491043559026,151.0828874254517,170.32761585515283,160.82802688644114,156.21372171351732,164.9425583449328,162.086789153656,164.52765596751945,197.48860458154422,161.3766863100582,194.99627115901586,160.5945450507693,191.43121946719967,189.32494937218763
2017-12-28,166.29359095871544,164.65082636646105,163.29567113329915,170.5325214178157,151.3163937070849,171.49203756026466,161.70870895584625,157.12443294283835,165.68325027893093,163.0798133791116,165.29513593108825,197.75459057536187,162.12379590749217,195.29504004814441,161.34752081371505,191.71805663010323,189.64135693501865
2017-12-29,166.44060069986352,164.412044406318,162.48782612705807,170.90095313632463,151.13046619270852,172.193994930956,161.3957163728515,157.12443294283835,165.84303592679294,163.3927118645074,165.47405566162078,197.94406548044802,162.27873699967964,195.5188559659451,161.53205369598308,191.91441128848174,189.8694361182068
2018-01-02,168.55153459562706,165.88014862763504,164.71180870410154,174.9244988571034,152.17887442370278,174.6889421189541,162.64422561907222,159.02043881293716,167.95567672055324,165.67732565771632,167.56887664740876,200.52994968304637,164.28679240788625,198.06581445838995,163.5291695320838,194.36175009315284,192.28611358148876
2018-01-03,167.02561847493754,164.1984872418776,163.7409081171656,172.57594983638742,150.10127727448034,173.31556394296635,160.52889536628143,159.37852790463367,166.26254300517763,164.2363301145537,165.9874497066304,198.7735773403909,162.89802852333213,196.25558071659316,162.08260065706205,192.76930040600246,190.63611352366019
2018-01-04,166.83325711601375,164.26742033962745,163.27061639586168,172.0608909197696,150.96778604400657,172.5820633588985,160.50142922117195,160.21692501309417,165.9741429786435,164.18101603210215,165.79229270836973,198.7062386417969,162.6890553607487,196.1784213081175,161.87174370861626,192.67365771115115,190.5326563055249
2018-01-05,167.84306363012104,165.08149397138408,164.0363208033637,173.09713642685418,152.10131128291374,173.89154623504731,161.07449246141934,160.8277029218824,167.01255681429254,165.15022375224316,166.74387230048677,200.78685990045338,163.59802067780706,198.14015863998978,162.73029336453726,194.572103716094,192.32793376786722
2018-01-08,167.54127056139265,164.8352608834807,164.34618943486961,173.0393493449062,151.3886735042422,173.77140142831166,159.96159854155775,161.16433828432716,166.65317696996163,164.83812683094826,166.441576629498,199.3850924028494,163.3396072195999,196.79353703985927,162.46955665542552,193.29339271270106,191.09532900854055
2018-01-09,167.9680766613954,165.67730426445794,164.96712112270598,172.78518553225595,152.0336370741284,174.30592166140514,160.69519387903668,160.04250902133913,167.22177336710712,165.36193586195242,166.84327392859436,199.60005403161165,163.86483308053116,196.99146524548485,162.96687261924683,193.63687845205183,191.416647263016
2018-01-10,167.48791518905966,165.62485269813413,165.08522147007082,171.6583905939375,151.717364475679,174.17124657452547,159.71563459151758,159.06088569077937,166.793529804469,165.01238548722844,166.41756681531294,199.27873470422747,163.48842043341338,196.72305424459483,162.637126397365,193.42041349393432,191.2447543216922
2018-01-11,167.65600520754856,165.72186912640936,165.94192257411692,172.12405039094483,151.63101881757422,174.2521724008232,159.0211467987935,160.6080201723164,166.82865436799375,165.0954581481258,166.55776890220613,198.59141890299682,163.61509447522104,196.04776515008334,162.73937514299718,192.74387933651565,190.57918217223923
2018-01-12,168.41719536228842,166.4747849837688,166.61043643488256,173.6076095529209,153.140962351421,174.87920768839635,158.70806781087413,160.2437855033928,167.68934055162205,166.071255601267,167.33895681465597,199.7662707954548,164.390751203133,197.22547198182042,163.53309732768716,193.91110713465133,191.74907227546686
2018-01-15,168.50921124319052,166.4747849837688,166.61043643488256,173.6076095529209,153.140962351421,174.87920768839635,158.70806781087413,161.2943888969808,167.68934055162205,166.071255601267,167.42672652147192,199.7459675786303,164.47697456863622,197.2061979596141,163.61557186987235,193.89215701148822,191.73102746992893
2018-01-16,168.22278523546726,166.13885435321464,165.507433303333,174.2904105396983,153.22979648734537,174.0256821488209,158.37080410485746,161.48134979145243,167.36072577801446,165.48661945674846,167.1625143757911,198.09930013455167,164.15032479390595,195.65317822267207,163.3115783733985,192.28918623176918,190.21416392752707
2018-01-17,170.29842930898852,167.8021632193323,167.6062492913727,176.2538860679181,154.25623783998063,176.712829244953,160.5218492161861,163.004280808014,169.46997209925058,167.49414683348343,169.10802605223944,200.2604276467539,166.12443889574106,197.66664573149126,165.16761240582412,194.339738967626,192.13106225672155
2018-01-18,170.22299937609768,167.45639729952245,167.04008314660493,177.41740662440176,154.60071347110326,175.89451014036968,159.88911899768917,162.9702554467644,169.39130111480375,167.35562937900042,169.02005683913893,200.37897510544317,166.04237245062976,197.76110414420924,165.07407188786146,194.43750146926155,192.20723633310394
2018-01-19,170.10460734850238,167.3738693197413,166.50687348635495,176.1769401785564,154.81530208215815,176.61096613305497,159.27490739681537,163.30412505641408,169.2312295718456,167.5166172588536,168.90124652362775,200.29470774340953,165.87555088427533,197.67443434382318,164.90900765019177,194.29587211116728,192.06614428190022
2018-01-22,170.7578598170229,167.9345477246484,168.2035081276214,176.08875183621876,155.5138093163252,176.8774801353693,159.49955018340248,163.74143336492196,169.89901147024324,167.89683645727354,169.514261931585,200.54205236385468,166.4967478627841,197.89827171031519,165.49375317439205,194.5374668673293,192.2859389576618
2018-01-23,171.304717431642,168.76042503401496,169.01665506155828,175.5620778966748,156.26985894376392,178.157177819716,160.2630231062087,161.58709285802334,170.69579702036782,168.8087424438804,170.08194868938762,201.127353341939,167.12033712521298,198.50587003204183,166.13342238778117,195.20890497299445,192.9738933165467
2018-01-24,174.02180790057136,170.92051279660024,170.3091342941761,179.44168116239513,158.15771482070028,180.25226870677736,163.22894476429065,166.95196505537385,173.13415121138516,171.67816801569438,172.82945680531623,204.64473576826845,169.8679636038341,202.02088451641518,168.90790226937258,198.71940544392288,196.48136368824112
2018-01-25,169.2346138628854,165.81276950512031,165.12117685340456,174.40185156764323,152.841607641116,174.92141294051015,158.03374490382907,166.95196505537385,167.9383962880763,166.47596547456072,168.027225346627,198.9415552338886,165.11217280681655,196.3398535246966,164.13720505164434,193.09089251035482,190.87181376785784
2018-01-26,171.1228360225081,167.5395453803786,166.99732805937205,176.5574493677369,154.15891879307375,176.76334385654974,158.99146043185306,170.27199352381365,169.67889372218812,168.4040295064787,169.83608776240413,201.014766943888,166.97556797158336,198.31748245813324,165.92690020335147,195.1324045636135,192.82469455164795
2018-01-29,169.48586549839925,166.29786729437012,165.73335229068755,174.95458270538631,152.90805075672958,175.13516730741557,158.15002334037936,168.98469277992706,168.02479594483225,166.63821225867287,168.2470214908454,199.26932703765416,165.38519938796225,196.62869475453988,164.3796932001073,193.4392016332252,191.1825878348499
2018-01-30,167.89516449580339,164.9045004766986,163.73253581376642,173.46981411627345,151.95305728123603,173.11896581837814,157.32737647148122,168.1091228390036,166.38359029693885,165.0498164218234,166.7075747209317,196.64004966896232,163.79447697263092,194.10759724865244,162.83734127369513,190.87188254554707,188.71443190131845
2018-01-31,169.98095560070138,166.26065694436934,165.3697293642424,176.80373370335946,153.2085563289863,175.39878844356195,160.51774707909047,168.9120132949797,168.566272236903,166.87390071546784,168.7956044453857,199.13990798382693,165.84270441289848,196.59212224877638,164.88904765218746,193.31127634852177,191.14156757611292
2018-02-01,169.84630618248084,166.5954078595273,165.67615627577172,178.13828175623834,153.02965622888559,173.9480845819174,161.16849703115196,169.9599524583688,168.32553227432572,166.32649322158278,168.70053648234864,198.1814274745895,165.860533058501,195.71958285459365,164.93736461779858,192.57796872581613,190.47825421581842
2018-02-02,164.8682888571575,161.89465154937838,160.0025945259,172.09036026805828,148.28899153545584,168.64405676848662,157.8988894344987,167.85872861252435,163.13277563819165,161.3987531207521,163.8214453749106,192.26121802683093,161.05047822585425,189.95005356158086,160.2135561763732,186.88642313337988,184.91881204824253
2018-02-05,161.66908696018737,158.01748252770767,155.9389692394444,168.89351345877446,144.13537942380404,165.97678686748978,155.55747944262203,167.85872861252435,159.6794756699846,157.93278521659948,160.89365860060636,187.1453788033783,158.02007210380245,185.22829663390948,157.4314005406605,182.07106357656843,180.46016392706306
2018-02-06,167.230923310524,163.55522233724295,161.00864370932277,175.2161414666609,150.1650374708833,172.4892215170046,159.02854858125187,166.85575627222772,165.75899959511005,164.07407953611667,166.2303698340754,194.30440417389454,163.29361673952633,192.0668735547652,162.50482660280792,188.82869258657314,186.93377827467458
2018-02-07,162.94702217721,160.1149136664741,157.77402572395823,171.64065536487826,146.577190040785,166.4493811961519,154.49972721297488,165.21028887851196,161.27539119468685,159.1473161129526,162.0549283956242,189.32816897696307,159.05413614885774,187.23991880426735,158.3658432776574,183.92989256613822,182.1726433421633
2018-02-08,159.89843372824467,157.10582843681254,153.70811133974314,168.00029603175798,144.2484015292157,163.4904083722739,153.18950184031374,163.05855336198388,158.1747294881574,156.2610722184094,159.22746094721145,186.66063308498536,156.12359332231588,184.7956538053958,155.63834394289745,181.3560091769168,179.80432233926035
2018-02-09,161.88043497721426,159.34266823980872,156.02243067386655,168.76268060874978,145.37724642305005,166.54172255449896,155.19545359177815,161.32271156733194,160.46668170861633,158.88593220358015,161.14008009020728,189.34310639834914,157.8901318440504,187.36914001089966,157.3484661260711,183.7600742791597,182.11823791857177
2018-02-12,164.3239960008146,161.8801654618459,158.85859476839818,172.14268371741053,147.56927286695517,168.91826063070317,156.818457656623,161.32271156733194,163.1091042128206,161.37700742630736,163.51839174776262,192.2658421830917,160.20605409214025,190.19848820845243,159.6082562501118,186.51878414816866,184.79626810714169
2018-02-13,164.8293388835012,161.96470738417463,159.19946365146532,172.49465276846198,147.56113064029216,169.4330194444558,157.89498224614235,161.32271156733194,163.6563115720379,161.8332972441116,164.0445801529454,192.5578552022638,160.67446709964713,190.52483255573466,160.09774091874561,186.78606949416874,185.09673065602374
2018-02-14,168.1446097325661,164.81508096436187,161.68973417872817,176.14071427522427,150.38629851392534,172.71949280736462,160.44327318737018,165.44218472794498,166.86731747886628,165.38643432833763,167.32438824380318,197.07935500457978,163.9451507966464,194.95193875322815,163.33672439205887,191.19141854002888,189.41787774144004
2018-02-15,166.49997402128153,162.45580429108662,159.37889624316784,174.5893965878085,147.6339886126312,171.1179272455908,157.6827783487797,166.4947868350173,164.9902830891047,163.50253563076853,165.60240825961245,195.58670418005178,162.32930618107557,193.36321388345857,161.64721977495884,189.7133565844491,187.84966262512313
2018-02-16,166.785454929914,163.26512518539244,159.52929342468678,174.80942396779335,148.24534270462587,171.48541729760706,157.5507439676759,166.86046770801525,165.26594965721137,164.00983402158417,165.87426002870177,195.9855630499474,162.64350956108282,193.74154968270773,161.9473814461554,190.13818143814902,188.25396507525443
2018-02-19,166.85897280495965,163.26512518539244,159.52929342468678,174.80942396779335,148.24534270462587,171.48541729760706,157.5507439676759,167.7430789899287,165.26594965721137,164.00983402158417,165.9444516062714,196.83273064585842,162.71233400988868,194.54680700880158,162.01327555604536,190.92846191140828,189.00743449625762
2018-02-20,165.83442913866082,162.18367355352896,159.3441035937219,174.6721414185801,147.1064532948332,169.39187749067167,156.98124053646788,169.4042619581214,164.01014981403418,162.45684942994816,164.89065623298373,195.80975506292978,161.77199877858462,193.48935119904246,161.04199869814047,189.99553053991502,188.038341083371
2018-02-21,166.41763265983698,162.60098225818027,159.07139140668764,174.75290358524978,147.22590528675428,170.25196068805712,159.1650700358932,169.83013863312252,164.60188973103803,163.10166082344543,165.4600928711538,196.0290618807607,162.30802069788348,193.71210739542565,161.56704976629962,190.188691958125,188.23589251475133
2018-02-22,167.7212653556517,163.7028548613801,160.3675197443447,177.5864482211474,148.52938427075927,170.74034810131283,161.5011869155547,170.66731570639945,165.93475376940543,164.33865508210633,166.76527401957856,197.03049791203483,163.7142624100017,194.73219573619832,162.9702072338878,191.33210637029183,189.389798058086
2018-02-23,169.10824829864507,164.7044725594156,162.52615003107144,178.05808681547225,148.79659567135138,172.83529461639026,160.85056341889202,172.02877586773548,167.31137230460533,165.52224778745028,168.04220287846704,198.7809923637275,165.0691615697938,196.34297510978902,164.22292381917586,193.02863241499162,190.9574982407224
2018-02-26,169.78015916189437,165.64983899343085,163.61523165759337,177.43073443794611,149.20633264236557,173.95989041158015,161.9316165083605,172.55870471083193,167.98972320230666,166.30603267859135,168.67583787854633,199.56151897162414,165.72178647721606,197.07603797211533,164.84033984964418,193.7832782724436,191.66868113340766
2018-02-27,166.01499156878214,162.45308974264702,160.81609140243975,172.68788415254053,145.9791763672334,169.5312941410044,158.70004685654152,171.67360846500802,164.00391608640373,161.9560184458421,164.98403789701334,195.55177649090112,162.05576963267748,193.15535010099183,161.2394007281617,189.8843915507538,187.84916416429226
2018-02-28,165.2921525721772,161.92999444496803,159.97745505561082,172.86817743775492,145.61942192153387,168.7789043261606,158.43447361612476,168.88652107476457,163.4669687739948,161.29934822872335,164.34075583805793,194.55658505617882,161.28605605387563,192.2623213070365,160.54656069919835,188.85117717029067,186.91372879078656
2018-03-01,163.98425689433037,159.72913915755777,158.0712832239654,171.675740785412,143.5528237057866,167.64299165790473,158.01284797141136,168.88652107476457,162.0559284030027,160.05384101760666,163.0702075029337,193.4833384753956,160.0431402184161,191.21755496987396,159.3360798771031,187.8294687925857,185.91658095810874
2018-03-02,164.81454326323097,160.63982566823702,159.32663140150035,172.0182225782393,143.87082801707479,168.79787156345202,158.9846935912598,168.88652107476457,162.9510442295903,160.8515516897191,163.90838935312752,194.53204557283797,160.84170114675882,192.26547647790917,160.14332962088906,188.83166951351288,186.9199192324888
2018-03-05,165.3949677761154,161.69331948829955,161.07253039111137,172.1926059407199,145.20172688649154,168.57168717023882,159.06973066844023,168.88652107476457,163.57707535037719,161.17353426131214,164.4507472934705,195.53046573459085,161.49909387314446,193.20101692957178,160.76162098500092,189.89181552650294,187.9180199572847
2018-03-06,166.1660191885304,162.310585984933,161.0402404437469,173.0683316812956,145.56565839009028,169.65716239283253,160.18925638888993,169.19204271567304,164.38207559911177,162.1781687365062,165.2400750114189,195.8500857925781,162.1945363314667,193.56494225887442,161.47740390408487,190.15937958595873,188.22943719567903
2018-03-07,164.41496829933124,160.49746304053087,159.10372273106975,170.90467022373937,144.73807334754997,167.45120192753222,157.79935789074312,168.8272649219078,162.52456526810644,160.49175243634295,163.45925280022527,193.20324678484943,160.37525333043465,190.92662289468473,159.63323694783236,187.48711949595045,185.56710824000902
2018-03-08,166.43139346671393,162.8091037906091,161.37320869932762,173.29300229020654,146.3730600878834,170.10264758771345,159.79993937800154,168.28639162784106,164.74634444450328,162.4601646863312,165.43912773197314,195.11475983375996,162.22823094885223,192.8051325883035,161.45868660310668,189.23113408919323,187.28752221844235
2018-03-09,169.999732543213,165.77169337658444,165.55539367326412,178.02112718276317,148.10664561602286,174.23932997246482,163.253456629516,170.8177888701185,168.37437956082238,165.9249287315557,168.8980295128828,199.13850654313603,165.78587811578706,196.6885194083427,164.9136850827191,193.22858047180344,191.15368694023408
2018-03-12,169.93162967716637,165.4294757005325,165.2556838524873,177.69908813467572,147.86811910908085,174.54034325621475,163.06338316015493,172.23865104383057,168.1734742170131,165.72464097556042,168.81238949577974,198.92490775470594,165.64879962936814,196.46250079092295,164.7631520836338,192.947122003673,190.863886737203
2018-03-13,168.90830932037542,164.54720112195972,163.9665186744509,176.8513317058861,146.4327465436388,173.75118858032752,162.27177531803721,171.9281139222653,167.09623911754213,164.6645306359181,167.85810784174294,197.7762820887692,164.6299941628453,195.3959352882488,163.80907336268754,191.80734506700958,189.80082374904143
2018-03-14,168.82656071992685,164.3829169905503,163.2745392729338,176.3706037384658,146.8427639136463,174.13561160862488,162.56101646297435,171.08576522648121,167.08244059051492,164.93323838242637,167.77255348491335,196.88501427060464,164.57178123129677,194.5407954672334,163.746281194866,190.99669711670506,189.02044713252218
2018-03-15,168.1900234665725,164.25180120143312,162.87565570028502,174.12307371218563,146.9778837138509,174.24125089138386,161.3615406518852,169.82415546736374,166.50721815677048,164.6008558404276,167.12217356520782,196.2014648253084,164.00786436071422,193.84328621361433,163.1663075115304,190.39453523587426,188.40160579646238
2018-03-16,168.88346187971342,165.35259589623018,164.43971193934664,174.16656411931382,148.3396349235092,174.9666481575411,161.72181738111956,169.0430005199357,167.3257546396263,165.50112030261525,167.81589048774345,197.07057674040942,164.81697646679433,194.70488602273798,163.97057656769735,191.38404433622586,189.37814805752032
2018-03-19,166.95065639881835,163.63356148409352,161.58313107767478,171.76391259577014,147.21017557416843,172.6158542554952,160.98444897882894,167.48321681746972,165.37704563024968,163.82668080455485,165.98257349908795,195.17675729441555,163.0021439110032,192.9174201282581,162.24432175144827,189.61112387535962,187.69970115770622
2018-03-20,167.89064967486323,164.088077366157,162.50508977702202,171.91567003442992,147.2918664498752,174.50516303821695,160.61760014494448,168.28365076577967,166.32097573045286,164.99433631244028,166.85801914098178,196.49738085484282,164.0263884402672,194.14828272546092,163.2041837319992,191.00490604255717,189.00559428404364
2018-03-21,170.05077035975145,165.55005139516516,164.80904975475187,175.98858729665443,148.4623224175602,176.22308982593123,164.22779434809917,169.07686196045398,168.58417015083936,166.897653107023,169.08635772959485,198.9973570795613,166.29244800874127,196.7106307306755,165.52958063918146,193.61034556203757,191.66382399197656
2018-03-22,164.6500609544233,160.17821987148102,159.20706389350826,170.55470482572443,143.77626216751432,169.62052705610603,159.42924576372752,168.96860044775696,162.75311316710764,160.88294871053554,163.83104520377992,192.6664538017813,161.0351673838499,190.5812730242486,160.40352867449667,187.47817401195704,185.71314481315312
2018-03-23,164.1835067933923,159.70198957810376,158.3314931713841,170.60892157600532,144.23781288468126,168.35969278328724,160.30814682820434,168.10142572091996,162.3259430239514,160.34876874130217,163.5541422309211,192.37498366033967,160.84481360137636,190.4928121094914,160.38008951814638,187.4827492523597,185.89464028903075
2018-03-26,168.089346065868,163.17367938289124,162.704705534535,173.86966358595305,147.24830523291445,173.55623910686572,162.68051539450644,169.09207008474039,166.4516863896969,164.4226862769039,167.32451717510594,196.1884757342686,164.48503023291815,194.1631123403529,163.90331996445028,191.0191756157599,189.30822553298336
2018-03-27,165.55428243402878,161.01965407037557,159.31420665585395,172.16100118501697,145.50265826637352,171.1846451245377,159.60660781538544,166.86210031849575,163.91266532227323,162.1089686993394,164.85228263970055,192.978725872605,162.03055058699437,191.05328153262667,161.50482855035682,187.93267837098136,186.31065569910737
2018-03-28,165.58911309247014,161.90817614495293,158.11271589950755,171.9960472663974,146.67250141887808,171.7575304102965,158.99835756598875,166.6425172316832,163.96989488061487,162.75002511733584,164.81929960980028,193.16721331171613,162.06805002525743,191.1588527314467,161.47833329175094,188.11450111734283,186.4148757025277
2018-03-29,167.89973643281508,163.71497625713863,160.6867924132914,175.62902996759527,148.06968009254874,174.26047869533983,160.00476231081979,168.92658843128478,166.2616136931569,165.18498105112369,167.02318558160343,194.9811096049781,164.25688764938317,192.88038905195438,163.57155831215127,189.83288408844956,188.05047503487188
2018-03-30,167.89973643281508,163.71497625713863,160.6867924132914,175.62902996759527,148.06968009254874,174.26047869533983,160.00476231081979,168.92658843128478,166.2616136931569,165.18498105112369,167.02318558160343,194.64590077000545,164.25688764938317,192.56154548929533,163.57155831215127,189.51907824551185,187.75112893895655
2018-04-02,164.26600898510947,159.8852492451505,156.09480816968562,172.35622122572826,145.29584835774375,170.2871967963862,157.09617099389666,166.79933737148323,162.52655861898006,161.55100079674142,163.59586597658003,190.8165885493277,160.63519107462872,188.9664418798414,160.14403505798595,185.70215580018026,184.1544585159691
2018-04-03,166.3474652449316,161.7928759210077,158.81292310681536,174.27428533475953,146.85066386996158,172.9661935889792,159.48071085060135,166.8698618972894,164.7669463432818,163.39221593049948,165.55110260529005,193.55692014691417,162.63900606838416,191.53716661632149,162.03212461215742,188.32180508606191,186.61977805881017
2018-04-04,168.45921127331053,164.19940053807233,161.59525499682368,178.53668321194135,148.999626190838,174.28752536208856,162.24865283997318,165.7329742932484,167.15083184201958,165.11797793143052,167.63663850329647,195.35492782080965,164.6851848527282,193.32358856361026,164.0562244686264,190.0752633099754,188.3639721339477
2018-04-05,168.8986820795924,164.71121879616533,162.72236525089713,178.5937900358604,150.1178808055678,174.3355068571774,160.97009952849768,167.90817930981078,167.42709334568613,165.3548326605691,167.9986291822113,195.76866230579128,165.0796654944952,193.6531348651931,164.37965543686497,190.44240215586555,188.6541515520898
2018-04-06,167.44567099823078,163.14537157310355,159.8405598257232,177.96521647179836,150.10702997899574,172.02037721107945,160.5288335716124,168.07827091430792,165.84038254176946,163.85656275469117,166.6708894277734,193.98236783125162,163.5785156687338,192.02029403931752,162.99854665648544,188.6186850338697,186.97656241999422
2018-04-09,169.51734350083424,165.5011667813569,161.97627478955272,178.97733520530116,152.47221591860713,175.015370717026,164.83273578433617,165.59227873001367,168.30171261343443,165.9554754205669,168.7250236288261,196.50487175369517,165.70914718678688,194.50380949534997,165.11005251718584,191.18527592665748,189.50399480921305
2018-04-10,174.57772623559848,170.45053406877855,168.44756115033667,184.512203905758,156.95472240353635,180.2122829436733,169.48641924095807,167.2477967716389,173.62957835135288,171.08760053042855,173.68372629675358,202.33662773920406,170.8163920981763,200.19099312015703,170.11926116876535,197.0385429890833,195.2192805937244
2018-04-11,173.59195070908234,168.9934022887453,167.74113145335673,183.38386833153731,155.6436970383223,179.38398431161002,167.7261753610914,167.78735412294432,172.50910509299686,170.06229079717497,172.76829463244133,201.36492049410856,169.9657956055915,199.29545652074137,169.3292675696622,196.21225790504008,194.45807369897247
2018-04-12,172.63220980757745,168.1514212683161,167.17156181823728,182.54872161254698,155.1293519199262,177.79867650156442,166.07170748203316,169.04689857716178,171.35091968460145,168.64684510031555,171.70238087953044,201.2691236953423,169.03047916769668,199.0390969128493,168.29293762168587,196.08563744999168,194.18201847025443
2018-04-13,173.92501169909193,169.8135187629888,169.21510287572733,184.80754633077802,157.10975841738963,178.62375222295833,167.98798379541662,167.27330323653837,172.91421494509228,169.8556988690477,173.05948172132403,202.8134726311433,170.3368152078632,200.64435456860988,169.65918324807464,197.63400621546745,195.78704613807562
2018-04-16,174.64631267832863,171.1436786181426,171.35092097460637,184.62331172381127,157.81128332247874,179.3687867907023,168.91879431417206,164.76993365197598,173.93176931993628,170.7882681119243,173.7852907383447,203.8203920571899,170.955729041297,201.64322284656825,170.2866202916273,198.51137187006523,196.6625764115978
2018-04-17,175.28651630989393,171.8989624957281,172.99785695160443,186.01670502273075,158.69113528128238,178.98655982587707,167.43150569279322,167.4892925233567,174.36635534279392,170.93322587843568,174.38673049709035,204.3601006791118,171.55625751895735,202.14533311860586,170.85225124047335,199.01559976363842,197.13299721408868
2018-04-18,175.95063252200706,172.130168811847,173.54149788893974,186.63962564216678,158.84736412377788,179.3618267019823,167.30719570619337,170.18211914876912,174.83218862832575,171.5902231952596,175.00542125162295,205.34827254615803,172.39933730325492,203.06782646508844,171.64489346387774,200.18530484900472,198.23240871762027
2018-04-19,173.51193303272402,169.80660824358347,171.30381354329737,182.5684316586448,156.84022211746603,176.8526343278553,164.0754106327724,170.43814027371764,172.16478961563672,169.2694191634705,172.6042838091923,202.67733627245644,169.99313675906097,200.44717932158082,169.2729319731772,197.55628199207618,195.64934956463009
2018-04-20,172.47801762321896,168.99907337689123,169.9258479042292,181.60094197626327,156.4434907202295,175.64338651681896,162.1544089145084,170.82670780453478,171.0099567713513,168.17217440855262,171.5757939891988,202.07134855153402,169.022089606154,199.82499038652142,168.3044102441812,196.98986918227723,195.06601907400403
2018-04-23,173.23871265615242,170.33750812682717,171.6810335828522,181.41129968242828,157.63140531861924,176.5483549389913,163.1138920012357,171.11584716074347,171.8064289761513,168.95243988589252,172.30989538976075,203.07941321375841,169.88403859914234,200.79207955424354,169.13690766560302,198.09875311958766,196.13146218969894
2018-04-24,173.8108386307916,170.82101168490144,170.82836097072123,183.29738869313783,158.42205434465933,177.39750644537025,164.15520370658558,170.3586983976375,172.49451572303025,169.8494640120146,172.96107555952221,204.51150036680195,170.37434379448945,202.27109697331423,169.705274485413,199.38783243863526,197.47101106423622
2018-04-25,174.35325157125843,171.7970283426758,172.61375875428058,182.89908169168208,158.98645557861883,178.36397291375684,164.57452843627493,169.49518936755334,173.16124262875462,170.2572836508155,173.47934410274155,204.45457518577012,170.949479399514,202.21707094345288,170.25621014100756,199.4072900221964,197.48967137123813
2018-04-26,176.38550439124444,173.63415044094594,175.72174610134869,183.59699620763905,160.1449540590894,180.6115621891839,166.39706859898976,171.67246853322945,175.16087297451244,172.38209719925246,175.41490583964693,207.1684823791618,172.90585808103896,204.79173754875836,172.12440921266736,202.00118929132174,199.95755345822175
2018-04-27,176.67830858819445,173.58513155969712,174.85544075511496,184.02363670806932,160.14667909138757,181.25098124278696,167.38394667802967,172.033633682786,175.44457763664553,172.69053499542082,175.71064571476535,207.22028615259194,173.1480399731498,204.8591569612621,172.37150361632138,202.0122781066791,199.98521654213783
2018-04-30,175.20688093266185,171.75294394497914,173.1795207237512,182.789756259717,158.84903787200608,180.41057413858272,165.18874728799625,171.55422394435635,173.89503960083448,170.8766182073609,174.22251394843124,205.75783735921252,171.76674606950615,203.37559804922597,170.97072099074188,200.6448423583468,198.59385682449
2018-05-01,176.8746298608187,173.9743717882565,175.98455763825206,182.95512548454974,160.27834722278368,182.54274465591132,167.68863511397907,171.55422394435635,175.70077980108826,172.76021187918417,175.86078325638078,207.64183132251253,173.3352196669244,205.21804209373937,172.51549739023946,202.41009060235533,200.32513818680707
2018-05-02,176.01041696204524,173.449821580386,175.49947086767222,180.72586346352807,160.61321389198355,181.42261912296084,168.73561656576368,168.66500650488229,175.0332636203534,171.95698519080935,175.03308432610828,206.7750734254895,172.5533392607485,204.39119645561732,171.7645940979463,201.63265798597087,199.58124694633278
2018-05-03,177.49213370560878,175.70393123716923,177.40237168614922,179.76945932511,162.90789425058782,183.28983243775332,173.04399561229846,166.15388188387757,176.87761139096887,174.00203296066263,176.57061327282054,209.00928458170455,174.1101589947009,206.65279239197764,173.37073478291742,203.90987987592322,201.8816567157892
2018-05-04,177.0192056308664,175.77189747206117,178.416015748479,177.09180063823865,162.3589453289445,182.69704829905606,172.40930738786335,165.545932763484,176.422311262426,173.6350699833487,176.08787535444588,208.38374203759028,173.7548538030551,206.02310995408527,173.00119912927386,203.42448339936453,201.38597974361767
2018-05-07,176.46936021785532,175.88816760368678,179.13603695553797,175.32894629344057,162.63597682043766,181.9371395247663,171.61693746516679,164.00962824686655,175.97334246924345,173.06778147698915,175.56230034110283,207.47823496186518,173.23949990354794,205.16173028180344,172.50734303417008,202.57763579460212,200.57813871863536
2018-05-08,177.4343210560671,177.1029802338703,180.75028391451121,173.62983576662322,163.22524293606932,184.23480844374652,171.87146851238955,164.62181425829087,176.9633552355363,174.62069138831623,176.53224442389907,208.49998715709884,174.1757006445466,206.1875361137277,173.44940659558026,203.5670100923931,201.5726062117036
2018-05-09,179.06894630777828,178.62365614072772,183.87370578433922,175.22667576206982,164.93609907644478,185.1059578308925,173.7650157176922,166.18425701945912,178.5891606692068,175.65875854313913,178.10398530674917,210.45571237737624,175.89521200690814,208.05895287706022,175.10578818698147,205.6042843598169,203.52628409196805
2018-05-10,182.66543148769262,181.63751973040496,187.02080819729636,180.43666616094316,167.24884749826677,189.09300077597933,175.80030382801493,168.5464831702832,182.27130905586588,179.56006067429553,181.64390251236202,214.32471647714308,179.36248468697414,211.85573138318915,178.52485127143936,209.32396211931882,207.18404286874684
2018-05-11,180.63143236914163,179.94915239651087,185.1139366570683,176.47770839647922,165.30079878876373,187.49513710011084,174.20885394370035,166.94009514214602,180.21511548725334,177.4945541698019,179.6092863652772,211.37163707665962,177.2848661969428,208.9447618933262,176.44868053189066,206.370848448292,204.27126547202482
2018-05-14,182.69155836716803,182.94284421672808,188.46848514289593,176.3454798311588,167.80625521079213,190.6545114474269,176.2792789740858,164.95222541779714,182.65243172613333,180.4175411498754,181.65414701398595,214.09301291888582,179.39829825259963,211.61904562470997,178.54523484951054,209.11856061861118,206.9727787679112
2018-05-15,181.48937189412695,182.2996110439293,188.32876827327325,176.31529561887498,167.6734140623547,188.62906671491007,175.43251168379842,163.68750920761124,181.4685479625942,178.7650087346043,180.42638741800636,212.5811543090312,178.3122801516122,210.09228205212133,177.43014328041738,207.7516167042648,205.58534495565843
2018-05-16,184.25850565505598,184.43935037537875,190.64312222661474,179.60692049418347,168.99632504691263,191.97120145551256,176.99433517585254,166.3981227086972,184.2158870992563,181.7430474603996,183.1119107350245,215.61607959882863,181.00742511740833,213.02414999262766,180.049207864701,210.6968515033588,208.43700031537625
2018-05-17,184.2086735484031,185.7281574468403,192.65124030431798,179.243976944446,171.0143351604856,191.37002479319753,178.09624150995464,161.27691751481294,184.67695367809657,181.90953471984807,183.12018261786514,215.33595427835186,181.02655537489528,212.82046963356584,180.12027371233313,210.50765603622187,208.31559225316246
2018-05-18,184.08560123407628,186.13668687192688,192.74088899809962,178.6971510632833,171.3288041850924,191.59483275744003,179.1326492242635,160.0864271111932,184.66628088087722,181.91346289469882,183.0470063162629,215.41400006771548,180.92108759384328,212.94411388530517,180.06124475113668,210.59291506081627,208.44347447134703
2018-05-21,186.92606591120767,189.48254069484855,196.51874688054843,180.4019253797551,174.51185925436792,195.31499224682418,182.69238872341208,159.4411788892715,187.8424096123607,185.03020888671733,185.8485030725481,218.8834033407144,183.80763436986885,216.34254147263428,182.90873985254066,214.08542649641043,211.86723961788547
2018-05-22,184.44525623212053,186.1386787614209,192.10254405542955,178.6498879079501,171.61696645165378,192.00178769548373,178.46070876461758,162.0545385445913,184.84290694046973,182.19121042145275,183.351796124809,215.562121187079,181.28827120033492,213.04184003984315,180.37617949823425,210.76308280841002,208.56507690847414
2018-05-23,182.41486470480694,183.7483709981645,191.2532280560587,178.17327344124394,167.62017299949488,189.89425199811993,176.7204432098162,158.99559359691594,182.94034983259735,179.8492830886332,181.36264135034122,212.69972435391554,179.28916339473093,210.2641382053291,178.41488338678823,207.97894027029838,205.85773194261316
2018-05-24,180.64405490575928,182.1884466135329,188.99222421900882,175.12348893679874,165.72968027815315,188.24455026654894,176.1601727579535,158.38641763731079,181.06671219433196,178.10075739143218,179.6936931969089,210.70295561353763,177.47006280254905,208.38981249686682,176.69435294358868,205.93622192287975,203.93303748935128
2018-05-25,181.16911171057941,182.60039890822844,188.43021525435861,175.99462215165264,165.5239886153196,190.31183358787848,176.65235146275936,156.45198455269963,181.84188124853532,179.01133410404742,180.21746471221937,211.22336955607267,177.70440640935092,208.90966028156873,176.9398478809172,206.13424609600708,204.145378274651
2018-05-28,180.47613436227874,182.60039890822844,188.43021525435861,175.99462215165264,165.5239886153196,190.31183358787848,176.65235146275936,149.2707815075643,181.84188124853532,179.01133410404742,179.55570093334345,210.01064219128494,177.0518706537506,207.75634938716584,176.31510915551553,204.99625720927187,203.06011024970493
2018-05-29,181.29732820711467,183.74207711065367,191.6556062244755,174.52616945318422,164.68319258241985,192.24578045510756,178.80835471039057,150.55375912931402,182.60242426859475,179.35338533133617,180.5083435849167,211.58623486289238,177.90232023269414,209.44234233240917,177.28836878275763,206.56086913349833,204.72879382868445
2018-05-30,183.25933848441866,185.71853765784917,194.3717737059758,175.2357645275305,167.54536710919504,192.88844881369945,183.00428688875817,152.60222468697603,184.53234089762307,180.9851343815841,182.37466924805796,213.68692219198385,179.8994287259679,211.43171835648818,179.19353198104494,208.69896770708976,206.75998306710457
2018-05-31,182.38471351084095,184.62112674080936,193.3385181656845,173.5368127319181,166.45675573519046,192.61739693921112,181.7082513277126,152.60222468697603,183.57157669944107,180.4969984488995,181.51920762734716,212.8043793107984,178.9257078995845,210.5699200326239,178.24215855495976,207.7034425132192,205.78937250977057
2018-06-01,184.08594242029318,186.30984283915154,195.28293473187432,174.0598706227116,167.65226998032645,194.6485197913364,182.17684688559973,154.76509066389067,185.20301248559224,182.15772562186208,183.10846329084615,214.7634269625473,180.36926711376015,212.39349152294423,179.5907389493116,209.36491024962382,207.33658771505938
2018-06-04,187.34287861563394,189.26116725732797,197.69887876134786,178.2201831616031,170.0210435246183,197.87110001411816,185.13573112223335,157.9255763884043,188.4337702290884,185.47687095115992,186.2891954117011,218.47147464574292,183.43802072585365,215.99840305893912,182.59537916486605,212.84654442857,210.73089094483873
2018-06-05,185.666023662088,188.24551518988656,196.8951671959739,176.17962202788132,169.08023895931294,196.72747849194772,185.02006859176112,154.08696239568823,187.0102002208737,183.86322408874636,184.68368994862072,216.69258438065066,181.8841093340311,214.301966304649,181.10359332434277,211.20500996796784,209.16086102827416
2018-06-06,190.0395209122506,192.95984499321267,201.30386400557146,179.99257847853843,173.8480483438555,202.7966185017991,190.05472968930468,151.49217778946584,192.10212085847814,188.93771836928403,188.98228672813872,221.75451057348502,186.0797855376568,219.2519096275748,185.2358576562433,216.0412601592376,213.90111710847884
2018-06-07,189.9191589301007,194.05657164056103,203.84137560834054,179.16838426150278,174.12249847915675,203.1596902379857,191.79727802767937,146.8691391287458,192.50232989256025,188.95867840338101,188.94134748925495,221.73925005946708,186.15171272506214,219.31991378990418,185.37441545806848,216.23356609397328,214.16198316255813
2018-06-08,192.9542909114294,197.3476385296848,206.9539723162786,184.83552019153146,177.10386957475689,205.68079899122242,195.50520978817724,146.7758098973038,195.8695386560212,191.8619772668891,191.96211227022053,225.21088057057145,189.07336488803864,222.75781186111848,188.2870963683261,219.56219879005815,217.46470820434632
2018-06-11,184.27272844416942,188.20450434911976,197.17018529893642,175.2473919010334,169.67055467605357,195.7995003810151,186.1783416150899,145.41897568801937,186.42026015392298,182.7232662005744,183.2982808633781,214.22543056851487,180.5757824685146,211.89442704733503,179.79911319600862,208.8947099488033,206.89983402571622
2018-06-12,183.84795444666716,187.8624821537506,197.30670127548848,175.13579592620573,168.78659528702755,195.35527438588494,185.04910784985418,145.8953892061075,185.8959481650651,182.18556805229764,182.87595229165274,213.3572977944432,180.20543260411063,211.05020193079994,179.42878623081307,208.11327642979856,206.1370725492592
2018-06-13,183.49492120620178,187.88797847058441,197.1734752913329,173.83541829996676,169.41444314957948,194.64048181119372,185.51046572170617,144.80747792517772,185.63254783331337,181.88017207369828,182.57313426650356,212.67635626893653,179.92300326904297,210.44059462952794,179.19075099133647,207.52988245038512,205.6164214417645
2018-06-14,183.11215562471077,187.97563143234925,198.11218427658557,172.8749168197909,170.0584448336826,193.69121520752986,184.6394857660275,143.7216774700223,185.33665883672742,181.23841956244397,182.22627029520694,212.69562293799552,179.59680513987638,210.4797007847881,178.89606564208674,207.58578359843742,205.68930304075042
2018-06-15,185.80540295098936,191.31704681247155,200.87818950559347,176.39852030279914,172.75878813805377,196.7597960522502,188.61835436843947,142.29771534250565,188.47737363464165,184.12900374310075,184.8429950091354,215.60856039480458,182.0418160264166,213.2999733633883,181.27913106512975,210.21840346891642,208.24694739082966
2018-06-18,180.89103424407443,186.52492730807927,197.38374630106236,170.27787911721342,167.477570410718,191.0542603301091,185.4094310037639,140.89899409350215,183.20757089913943,178.62345550384197,179.98954218112593,210.3276149426754,177.4067079925977,208.0988741332746,176.6899989331551,205.25321925139372,203.34349293749088
2018-06-19,180.4137247810596,185.8690084495201,197.71951853646345,170.73263621602152,166.66026356336343,189.554199770425,184.14716458411363,143.474482027995,182.3757609818856,177.42151158301408,179.54888416308026,209.8783953166158,176.91015346960896,207.68849108466648,176.22889025699345,204.77923048920408,202.9072852586221
2018-06-20,181.25051485294114,186.29868380232907,198.5273990938812,171.7825873566144,166.45589458385436,190.45358105449927,185.28855288148748,144.73021165802086,183.15344091761918,177.9647090302332,180.31395632891102,210.81841392650148,177.77097566602788,208.54466823832757,177.02095543094808,205.7424999316102,203.79040778464946
2018-06-21,180.72609975357145,186.08514065849104,197.57563908698395,173.08136726856426,165.81412083310502,189.02086001309695,187.80585429362145,141.54216182437864,182.94211077842607,177.27134408454447,179.84685824107171,210.2284903361982,177.33912939961007,208.02107236570953,176.63931944944707,205.25783807006616,203.36343174144864
2018-06-22,182.314431224692,187.25035247130126,198.65247867798985,174.37104475000538,167.82741441180445,190.53999516180033,189.42236196122536,142.7289862544756,184.55663118747148,178.88982771893578,181.37396286233266,211.18686328654795,179.2058164607766,208.94372429383745,178.43631174975715,206.56985808362282,204.62537942917973
2018-06-25,180.84751421490384,185.63771104627065,196.02619140554665,173.6346027139975,165.90521897022094,189.0464401364976,187.61954803896373,143.4255947085747,182.8547903451041,177.53242368209595,179.9865552327915,209.83425454040065,177.7334083239411,207.6719828015864,177.03944913253082,205.19997160920727,203.33282067763326
2018-06-26,180.50641308115874,185.315028127893,196.6794820749349,172.68321608385884,165.24722705764466,188.48959416461852,187.75675772540262,144.52663392615815,182.35093837095917,176.7062376493,179.6016411283711,209.2212335841011,177.64794255448874,207.0231388441984,176.90177444258725,204.88592931872475,202.9714289014753
2018-06-27,178.87127240930886,184.57822166616086,197.19936737868343,169.87084515523395,164.65802401890568,186.3753428756874,186.8889785591823,142.68903362786634,180.75969538925392,175.13244619972969,178.03797963907758,207.53530690232247,176.33229211901497,205.41709769024138,175.64033984808262,203.5526413397016,201.69764119418562
2018-06-28,182.87761747106813,188.57366061339488,201.40864103333192,174.7056752414,167.66349787655503,190.30225095591877,190.92979155309646,144.30580981264384,184.99020046200073,179.07425774693598,181.96480380141537,211.79052250972984,180.34608942601633,209.57633404898294,179.5781941324397,207.81242229385214,205.86575194937762
2018-06-29,184.42039676396502,189.62846453422642,202.0723355526512,174.49881641046525,169.6062609671336,192.36049329024794,191.1338121450459,145.99013617478133,186.49638449369695,181.24507002027573,183.46381801401645,213.95619361494428,181.9026100605632,211.6650008240814,181.0925205487289,209.96200031999393,207.94286913641966
2018-07-02,183.39702107986344,189.3265415132539,202.51551520726997,172.4673634742603,169.0939134937028,190.50779715808437,189.54634966639748,145.8884055322885,185.37922167465211,179.9508705689272,182.44317730948984,213.39923491183598,180.91541903903615,211.08716855899488,180.10643309700393,209.4163021887688,207.3769977276125
2018-07-03,186.07858666216927,191.14551617012938,203.84759137302572,179.34692500292078,171.40926149860857,192.04501493718874,193.51223672603453,147.52620997490195,188.1469888024033,181.9140481382163,185.14840205827133,216.3659534499966,183.50444156472003,214.06942194092787,182.7217289893926,212.27082791061335,210.25091480285732
2018-07-04,186.28726589531905,191.14551617012938,203.84759137302572,179.34692500292078,171.40926149860857,192.04501493718874,193.51223672603453,149.5115425326744,188.1469888024033,181.9140481382163,185.3477326860633,216.65253968559603,183.70200230590427,214.34206076637062,182.91088098307085,212.54117604661795,210.50877276356346
2018-07-05,187.22852635647968,192.4359545314906,205.0891826761792,181.71260698746724,173.99694926193828,191.09563781069514,195.66171127541932,149.06311952381694,189.23536937649556,182.20667717240474,186.26873763333677,217.79097215407486,184.52114547416497,215.44944344063373,183.71595704394957,213.53503208967356,211.4797530848902
2018-07-06,189.7551132352167,194.7532110789855,208.22421212673405,184.34453933156902,175.81256272687418,194.08028791063975,198.42169774004503,150.08365136087787,191.90341113437887,184.97507489295984,188.70854691516487,220.70296567190968,187.0402603387875,218.24905078100647,186.15295312925252,216.42347971162388,214.26253863660926
2018-07-09,188.9177238969232,193.35053396646353,207.008189573342,183.0537773772054,173.99524135238815,194.02221160458393,195.7892642250119,150.08365136087787,190.97955319562666,184.26343862726253,187.80162550236105,219.70988346795028,186.1578312566814,217.1852777601628,185.20655986118544,215.38693431557903,213.16137488561685
2018-07-10,189.2284538859752,193.94032081828638,208.10956508711396,183.99597344852828,174.63082372625175,193.87429336544827,194.69810709470116,150.40962834352987,191.28452170339153,184.38490187513005,188.09476711122525,219.53151788733868,186.48202015618577,217.01196584946607,185.51346597751802,215.25245245186642,213.02964198499404
2018-07-11,183.8678408846997,188.5537560775298,202.79233489246528,179.0166240202149,168.63403403679766,188.14584572415572,188.38307708726745,149.39817777586012,185.48997738898865,178.4492381174826,182.7897626202413,213.52227403857523,180.93151563338944,211.08977421866194,180.02431123304748,209.05531680358953,206.9247767798123
2018-07-12,188.48535099480864,193.2098787470914,207.95874281502105,182.87359167333727,172.86796572342467,193.31045907189585,193.5226366784686,151.85421489937153,190.2944861298556,183.3493673381102,187.34442863065414,218.58145237433195,185.45035865049522,216.063120724969,184.48757636064676,213.9923739599662,211.7854995638039
2018-07-13,188.97083339466576,193.79409980753215,208.68413776883236,183.00708534217148,173.47146049700441,193.95504176642677,192.93450598807834,153.33038518077186,190.6610187972011,183.78772458288392,187.78353799195256,219.14529466783517,185.9590094284567,216.57226893626014,184.95127392088762,214.57872614247538,212.31905183497383
2018-07-16,187.16853870940463,192.07192836843475,205.97790463682662,182.06250518196498,172.1436799820542,191.80916975271066,190.25387084441644,153.46800319559043,188.66173701517823,181.98225792268633,185.9998216839367,217.77021440863194,183.92613645772437,215.19420162739925,182.94620691015356,212.91767007141905,210.66895645828896
2018-07-17,188.51967813887663,192.97190652846788,206.75391333071596,184.11909901761916,172.4731005909836,193.2798815706202,190.59900734319717,155.77911423931226,189.8891843984054,183.00418301897764,187.22105318048818,220.04408159456185,185.21866086657596,217.27936550984808,184.1183102568729,215.07528661071004,212.65365252010633
2018-07-18,187.54447383174966,192.07335604050988,205.73675125911768,184.37641342596132,171.8005103891547,191.68213978605,190.0133542753554,154.35449498454352,188.975465816841,182.00658592118754,186.25419150546895,218.96494193571283,184.33948768835907,216.2133518125635,183.24287790447605,214.10644784544434,211.69216764863035
2018-07-19,186.8012710480088,191.93294463665168,205.864672653589,183.04594291031054,171.49279788898033,190.76846214168486,188.8589671862144,154.54436058411574,188.13738091620598,181.15701731380517,185.53931863443,218.27686907467094,183.67951433856012,215.5530176126116,182.60609703126417,213.50565312824008,211.1135110801873
2018-07-20,187.5877599009874,191.62269631762678,204.4281846840985,183.85015999059613,171.19743704372007,191.98631422621784,190.42536640378822,157.28419494413617,188.69828857157748,181.98002480487122,186.29714057569677,218.98105828823802,184.39275788898726,216.23049058029133,183.29537001217707,214.1353573172321,211.721414938048
2018-07-23,184.14746326096895,188.63327085262367,201.38999859890038,180.21739104285697,168.4030390793856,188.2890494926593,185.3504637839794,156.01541843059695,185.06140008391344,178.43538815040841,182.86960796339054,215.4124268462865,181.00436062237992,212.67752109640608,179.91707722667815,210.62138991495476,208.2204533638106
2018-07-24,186.3884139003857,190.10445449504076,203.36720443904593,182.62163646692542,170.05808172205488,190.89498001484733,187.29817650834028,157.86022156707935,187.31927412892915,180.73508667527597,185.02714318994612,218.74985336794856,183.20950834128197,215.8694951263508,182.0446841915503,213.86039925547053,211.3262438755781
2018-07-25,186.81469803033818,190.12387091272373,203.5939247024494,183.61977516072275,169.56012703711127,191.2911749192807,187.37675546320946,159.00859193917597,187.66275446028482,181.17807293399684,185.40668519404383,218.90076727684055,183.64223167480728,215.98273919167843,182.43285782001425,214.03646512273534,211.4655415184189
2018-07-26,182.95950574444163,186.31415540619287,199.9080085179651,180.4326799305989,165.8429112273,187.12388688091644,182.36598625348537,157.23088189779742,183.6287312391943,177.05648200561106,181.55848608268062,214.18255291665443,179.91209631422694,211.31033030890003,178.70413609636958,209.4974306400615,206.96219522105645
2018-07-27,185.68823447260522,189.01871262575304,201.38552332822113,182.47369516931246,168.91000723140291,190.47688845008236,186.30050425137424,157.80458826590947,186.55550310796184,180.33069906325005,184.2758943913776,217.61730753624863,182.52530155624652,214.7006192757289,181.31153478698786,212.76955180208117,210.19942458606118
2018-07-30,184.03684503955083,186.88051852745204,198.85913415015278,181.13785451889797,167.71031093598347,188.30840120932532,184.8162510819618,157.69662414384155,184.75717640106367,178.48860453306335,182.62590832727258,215.69853982935206,181.01340728224085,212.79444025368855,179.79488419714392,211.017730448584,208.45184266571133
2018-07-31,185.28796787312865,188.1977003344831,200.48724460306667,182.60814300228068,169.14275516869623,189.97050402285234,185.76297706500858,156.0990771073543,186.297532932762,179.73739446925424,183.8728155334116,216.72191993322133,182.09785476627408,213.82687381303032,180.8827030711037,211.87178022676062,209.3224278912787
2018-08-01,185.38192979690075,188.87505088725987,201.03594016220998,182.48077278473863,168.7106854210664,190.14903812058407,185.18257509281617,157.02155739586604,186.30050985177985,180.0433307821444,183.95719517091874,216.71087880141195,182.13759249315163,213.81065745036003,180.91580036326195,211.80668004330005,209.2550805552235
2018-08-02,183.68385797664317,188.0726983023073,201.6198944579552,179.80218911265823,166.40426201886356,187.44556962036114,184.36938463977518,157.67587540409048,184.3683138797545,177.9234321377291,182.28825127903318,214.72582123818302,180.6637101372132,211.87013436338623,179.45957901302395,210.08399723974182,207.5621283053934
2018-08-03,184.82753340852764,188.6780773984979,201.84255500434398,181.98954664864826,166.85035979263355,188.3879408926492,184.372559442434,160.48843191677054,185.32163750010452,178.7670598774943,183.406039870485,215.8617608322987,181.70097810777125,212.97937593598704,180.47700113433,211.1049940908999,208.56324181604506
2018-08-06,182.23264266034573,186.04898125553382,200.24234375723844,178.92640504622898,164.00335167111484,185.36508527795164,182.3527891120217,160.05996720259978,182.52825845086932,175.5637959545277,180.8066775321259,212.29259843949725,179.1827584938055,209.4510331355985,177.95137868306878,207.6713551478867,205.16241434228152
2018-08-07,184.66915670631747,188.58790143742,202.95079963293242,180.78402350079494,166.7432235718933,188.91062458166667,184.0097287507935,158.3822256793671,185.36451768263765,178.4605574516911,183.20691861281855,214.84654181139913,181.57026146359635,211.96242009878725,180.30650452665958,210.1712319994018,207.62413708724105
2018-08-08,185.04565654128564,189.34827477749013,203.38280561463046,179.94251771920688,167.25598864610225,190.0340434688166,185.14862174618406,156.5283108920742,185.9740414512037,179.02065882738844,183.6174465097359,214.73217693218513,181.723103226313,211.91172225366097,180.50160598047626,209.8382396965106,207.36187664650157
2018-08-09,185.24766103498928,189.91516486200598,203.67984200618454,180.52288093561262,167.62009212219374,190.88737236630547,184.83369560846248,155.35176949788283,186.32259464080073,179.605670618743,183.83733451591402,215.36143064572747,181.94101976170475,212.5392996820724,180.73568886758244,210.46000633351468,207.98226332256235
2018-08-10,183.20834458341636,188.72379052241658,204.71293103352642,176.85294121829304,164.61460752863292,189.6470400124145,184.8512739436827,151.22005812724723,184.53546801095098,177.38595655076296,181.94880483339375,212.64590684827928,180.18085205619678,210.02280877537962,179.10577181551045,208.08923880466202,205.78307033595874
2018-08-13,184.48749697775,190.9551252972287,207.03610361269122,176.8841913440488,166.74193219150385,190.33827610134145,187.2481516460949,153.04390027949935,185.7386830538614,178.52775859626306,183.18270294225348,214.37640905203804,181.47690672429772,211.68215919621102,180.35812887539214,209.8156495747176,207.44214734640266
2018-08-14,186.46014984775644,192.4588671234184,208.96966275710466,179.80411552784054,167.27803079016738,192.2490666746637,188.67209406266008,155.8484253436791,187.59583939581967,179.99707088151231,185.10168909319708,216.47996543661358,183.36051658410642,213.7223156292782,182.194700964609,211.81835490359936,209.3893708200425
2018-08-15,181.91810637686535,189.14164188673513,204.23641964202227,174.48296970368344,163.26857077563199,187.12145600616222,187.15055190048895,152.93724466991313,182.92926769654227,175.34933743185522,180.61697848713058,211.52962011334023,178.78888265671432,208.8496808187689,177.67909339002387,206.84571772815247,204.49229683324205
2018-08-16,184.56510378625242,192.31693625882602,207.4287608202201,176.26351566806272,165.99447576055718,190.446545754969,191.19789693648636,152.7809481071144,185.84994687686216,178.18644681048772,183.20169606273024,214.59910883949755,181.41739973167205,211.83240327952976,180.24925799793934,209.87764634638305,207.44347307563856
2018-08-17,185.6232946789755,193.48411691869282,208.0352514024449,175.89480287729097,167.25126996234644,192.21303785523767,193.68081161759764,151.4647287254471,187.1579287576207,179.79334702204207,184.2842500059873,216.12103614257313,182.45404809372985,213.35941879111337,181.30980867900524,211.35123471482734,208.92381586543866
2018-08-20,186.59999765146253,194.54196600301043,208.90514339039706,176.45243237909548,168.82196110486944,193.1642191475084,194.8715624410663,151.90568867547339,188.182697869977,180.79980892605155,185.26313176601897,216.86779624035535,183.42407811546315,214.12172988936703,182.28209951129105,212.10733973696222,209.69395276471025
2018-08-21,190.2932888665292,198.34133560205075,212.69060743746735,180.992370167715,173.05714989807015,197.8316975360704,197.77829489292048,149.34419618350415,192.5343898936989,185.09211124085397,188.91182212651844,221.36455380184378,187.052616067322,218.5336258684317,185.8709564965052,216.4955949873231,214.00630475171855
2018-08-22,195.414993773441,203.07872782732304,218.21972029741187,188.18749849288676,177.42529847393453,202.51653041676283,202.3751133621161,151.58584671417518,197.92478539742433,190.07868666633763,193.96721513593272,227.11232332553521,192.28435531890972,224.18346994592557,191.03454789211045,222.34437289942755,219.75647792617076
2018-08-23,192.88740577795102,201.35980297927776,217.05253970465344,185.54218196815066,175.49627772505886,199.85344740682524,198.69214096435272,149.1246562151866,195.42414475479973,187.4522821618636,191.46339508040032,224.49090995144005,189.8747064350609,221.5894621650385,188.64237637642788,219.85219698256003,217.28455091115174
2018-08-24,198.25133703005156,206.64908853347504,222.77283643880116,190.64977752915243,180.47646854463744,205.92601557582634,204.44042423100365,149.94035457417095,201.25548484330403,193.2618903211577,196.85408163849334,230.91076853557882,195.17225726984512,227.99346631354805,193.96774294673898,226.15210108093976,223.57379163642867
2018-08-27,200.3234188227883,208.50390810012328,224.14494023206842,192.6367751324968,182.64741218358438,208.03767947296294,205.21471917654551,152.8093474946307,203.20011192879247,195.44321808058442,198.84066013903052,233.43215135479798,197.1503096917883,230.39993827504176,195.86877879979917,228.54854795686487,225.86715969919973
2018-08-28,198.59706542660845,207.04292720124334,222.59097132690374,188.93334475146617,181.09762459864262,206.40040877024614,204.3205185565282,151.98527824752142,201.38939240260223,193.7228261340912,197.08380885036306,231.7286270597025,195.43279715227817,228.65862806616076,194.1221479809216,226.84843229459463,224.1316098664187
2018-08-29,202.14093194129478,211.0366834778111,227.4053142596553,191.15544177246525,184.4895036652902,210.541947840351,209.81192303158568,153.1442560321791,205.17017577509344,197.40744113108326,200.60559959834606,235.76147073571732,199.01515595302158,232.64742090609923,197.68152120025528,230.9061759905025,228.14558858088967
2018-08-30,197.10307080097,207.78356899844704,225.195100562888,181.8414245111274,181.15715205733915,205.70999611461792,205.73903195009734,149.69802643214328,200.01169276138512,192.81909246638043,195.7117824457496,229.9643363496992,194.24744164337633,227.04183040590954,193.03864031100488,225.43993803685015,222.8455338865525
2018-08-31,199.2460187546268,209.29358634117304,227.0730230975454,186.27335990717867,180.6185039477225,208.89289952233437,206.44872551879158,150.49164448937995,202.2875563656021,194.9877987072121,197.82762577290575,232.54017318971796,196.3351434658273,229.56869961768405,195.10291509397945,227.93524112337792,225.29787116721002
2018-09-03,199.09558971691894,209.29358634117304,227.0730230975454,186.27335990717867,180.6185039477225,208.89289952233437,206.44872551879158,149.12820565701932,202.2875563656021,194.9877987072121,197.6842419362774,232.4461801438046,196.19284136810396,229.479476567337,194.96694491250756,227.84665292503692,225.2135510766117
2018-09-04,196.1669551983327,208.08099871036086,226.79393872484334,180.35265399241814,179.1513401223384,206.73988600412616,204.49108226177032,145.91234889239635,199.4380251556963,192.32697872696085,194.86403531005436,229.52898994751183,193.3646126851164,226.67830986176378,192.23731944699423,225.03270038081502,222.50491448722354
2018-09-05,194.65521953971364,206.66988002901036,225.45278083733615,180.59522888289052,177.75388221666205,203.83122948344536,202.9527461481223,146.3177796394171,197.71098137167007,190.22352130825203,193.4472555615804,227.11924293327624,191.88429884371553,224.41781496902263,190.84580849507316,222.70532126786014,220.3151799401041
2018-09-06,194.02048789133417,205.50819830115495,222.59729472717115,182.1556383860207,176.19027491948214,202.7800567867829,200.01492319789307,148.57846493393788,196.72997343380757,189.45853091430897,192.83693186217917,226.033371502763,191.16365700271712,223.38081408534913,190.15211587904975,221.54761728481614,219.20729614730826
2018-09-07,189.38911972025625,200.1312518546682,217.55657022981848,178.4051237766296,171.0546558259211,197.1441013442495,193.14548317404774,148.57846493393788,191.60701527898553,184.31101867817372,188.23757764764622,220.58221030190896,186.6141838023519,217.99992819675276,185.62975883319334,216.222002341828,213.94325970978127
2018-09-10,188.5127144193075,200.1009796630245,217.17201294939002,176.17998393771003,171.9791005215732,194.8451170007357,193.5438770743911,148.78796782657622,190.61517895109867,183.27109820331702,187.3709884150532,219.38613398975585,185.72385556824196,216.8295151052209,184.7494061065938,215.02636090533323,212.77208980976283
2018-09-11,190.31600860292087,202.55519683333222,220.86090828579324,177.6037829939588,173.73903457992557,196.9698964777664,196.78237842299197,145.26053132802923,193.01517366123585,185.49368932562493,189.17196899431153,221.47745224007446,187.71031032966613,218.90631821927994,186.72557118923473,217.3099963663172,215.03252644942114
2018-09-12,194.2537902097707,206.43080604570127,224.66827141113797,183.60329542342257,177.21642493742314,201.51911675935258,200.73202444388315,145.70358547233863,197.31834124777433,189.35411738631922,193.11816804554257,226.06559092870134,191.65607180605494,223.47668419074128,190.67872023420063,221.8804880864791,219.58617261258206
2018-09-13,196.23922953334468,208.18223489558795,226.38774283762336,187.1592142001975,179.06055936408453,204.36316635723935,202.3969281487347,144.12028195814594,199.71337038591173,191.48679073020767,195.00050972934707,228.537702535702,193.4010296450678,225.81254259005345,192.33610529402173,224.0625943647723,221.65253248881868
2018-09-14,198.29468326068633,210.69617611813368,229.04025331223175,188.88809121577256,180.6864182605104,207.1357519807654,204.24357934759172,145.32456623544664,201.84366910509652,193.71462916339627,196.99475348939384,230.9285155629627,195.4351822798713,228.1212499160445,194.31298853217572,226.4160899995304,223.929704485436
2018-09-17,196.58513197819715,208.63161677634596,225.8731959798078,188.98814359920468,179.43384235502856,203.463457166891,203.0326950208679,147.3599808584025,199.68832391344768,191.56455735003348,195.34331645475024,228.61898469000897,193.7402831563709,225.90413055985886,192.67269306106255,224.15256384830857,221.75181786816722
2018-09-18,196.5962158620218,208.31862838030068,225.2257090345929,188.5511908059477,178.86326644052667,203.42713605145892,203.19479262503543,149.830013015484,199.3963195463663,191.51910522269498,195.26758132869085,228.67382214267403,193.79335149496876,225.86026051076468,192.6415848216513,224.25163323961138,221.7554772806456
2018-09-19,199.00267500709842,210.2421556838324,226.91399372424635,192.0787916704364,180.68726046269617,206.53397257966552,205.45428836649307,149.33399566318263,202.11894845775146,194.2683609568595,197.64237068343218,231.4585414330672,196.2527156155359,228.59412891925368,195.06838312649583,227.08008269663083,224.5331856904823
2018-09-20,199.86697587969354,210.88476009914166,226.84011659565857,194.04358847740156,182.7741090332657,206.64808732083208,206.04367620637927,149.34133876291736,203.07568351055826,195.0152459591797,198.43989710313437,232.53511454022365,196.94486774926844,229.5869793354533,195.70471965179576,227.9553589926841,225.3386831595157
2018-09-21,197.91273404282904,208.14721374549566,223.874818172747,191.55455770016212,180.47653050334202,204.15427404990695,202.6474271216651,151.8587481415435,200.59835772847183,192.80678405007424,196.41939798992385,230.5332123719496,195.07670284740703,227.51090653081954,193.7700578812997,226.04663772821732,223.3558136197193
2018-09-24,195.2776684866719,205.89225872067246,223.49270982506536,187.98243566411404,178.57575205876734,200.60474073894267,200.41820828246895,149.42115120765612,197.97745590896295,190.0591054647035,193.85733006419818,227.33794680441278,192.68381275309216,224.4214655663824,191.4357693272399,223.14606294101839,220.54170013071274
2018-09-25,197.90842420927407,208.55614168468765,226.28824481971782,190.5561531597604,181.39085172024488,203.8464039362443,202.52062612106073,150.5135229006728,200.75547147043017,192.96230782680087,196.45598688826732,230.16339160047275,195.26459885043943,227.2052390737622,193.98810348727187,225.91163336913604,223.270144984823
2018-09-26,197.08928089921096,207.51963653541318,224.41286855087301,189.86035055167832,180.39567893811625,203.42517521509885,201.59074747059864,149.90969457591473,199.92222251053548,192.2783472673394,195.60007643904962,229.27802858258607,194.37344929996127,226.28112888425798,193.06533238112453,224.94780851956926,222.2736267284253
2018-09-27,195.33311605390807,205.20534505062753,222.88847729945095,187.21674189048863,178.12127144567887,201.64912173321153,197.86577468701876,152.16288475222854,197.70569635556643,190.45549878686404,193.77621159520092,227.47434686145374,192.70544655087807,224.40187212667615,191.3292651690083,223.24033839620992,220.490392864364
2018-09-28,193.40421125030954,203.34884368125685,221.63612817314547,185.18717818773948,174.72839051001543,199.56582138834037,197.10528436367935,151.6563489621047,195.63570876388505,188.29272642899812,191.95195627158142,225.23121614028935,190.97337699154824,222.2883274091933,189.68779680620403,221.22919060853147,218.59100456321397
2018-10-01,195.32211786684462,205.99615356321573,225.3310224679963,187.71571460488906,176.79645745344635,201.91388883821554,199.1746590352945,148.86739493114527,198.07917764535583,190.42628743152105,193.8441430485853,227.39212799264374,193.08271210382898,224.41115769257132,191.76394373576125,223.59452717417113,220.90992356467459
2018-10-02,193.0182919606384,203.1612857154931,223.17897323108,186.96221791984735,174.0605188716841,197.1814113092045,195.88447951946668,153.9022791948834,194.92141086382097,187.03618450664595,191.6684963514912,224.68999593425573,190.7888279465651,221.86848837861154,189.59170044124255,220.91993903850002,218.3856733197278
2018-10-03,189.06061618740495,199.1188158419857,219.61306369542527,182.44486982782715,171.44324278306965,191.3769307945093,190.41372575643808,157.33810155657167,190.1657805468733,182.58924404039666,187.7191879730367,220.02316994187723,186.98627800365048,217.24104271599592,185.7904630977473,216.4554960810639,213.9496810307948
2018-10-04,184.25390892979738,194.88226859835444,215.17609529525004,175.77993689247506,167.92666532176852,184.8702247597294,186.21371700722776,157.30621615244218,184.89495113938773,177.46789372022752,183.06689688929538,214.6649666729063,182.19165502819052,212.07551884550816,181.14255184344614,211.13000651780115,208.80630247658084
2018-10-05,181.90542982385364,192.47339422261038,212.43516736675377,173.47311930823886,165.4234472113812,182.18975394028078,183.5209492449274,156.25190661194807,182.4367165720551,175.41754505499273,180.79763852356254,212.0393544949706,179.88984232325197,209.5487720725272,178.9141925291264,208.56616180026356,206.3337039952725
2018-10-08,180.79658710508392,189.99370100900427,209.86319237249552,173.09667035245374,162.1276613833681,180.43366414638103,181.00369899712655,163.89933864959744,180.41181022546058,173.36053223852988,179.5892213313771,210.75283544519104,178.76183859176788,208.1586398177735,177.69233690713446,207.26543026810606,204.9356150040394
2018-10-09,178.0121698464245,186.59758828588687,207.39618761361504,169.69138419950173,159.62407910269195,176.62837001538486,177.7893137133699,164.67772252412843,177.302837432428,170.06211214560173,176.82805843832602,207.49614289877604,176.07251066594517,204.94764299696487,175.0210948003234,204.134115499169,201.84219771222564
2018-10-10,170.55915987157363,178.6182273001625,196.69440634221237,162.01805912791298,153.918525294919,169.56303999423616,171.51351121123776,159.10636524431257,169.74999641096687,162.99451980434873,169.62121069829325,198.94890179738056,168.68658495083554,196.7191382749248,167.8669074181516,195.70431222626306,193.7105329776589
2018-10-11,169.87010492783287,177.63569362935573,194.2879603561694,162.1751265916191,153.8402608516004,169.06349445099846,170.25674142466397,158.16700458529263,169.09297542220892,162.6726937145115,169.21260008619794,197.86079431918753,167.91433039794467,195.96255203812012,167.3651425869848,194.54345678016455,192.86761774275917
2018-10-12,173.4762941776855,180.59063606494948,198.56970136772938,165.70177695493643,155.26470394780048,173.77247453509855,173.2893617385313,158.16700458529263,173.00900250303297,166.52174159896728,172.67689064423294,201.9728289091993,171.46109330704334,199.89603556602586,170.77931523463266,198.56994197051085,196.72819419750033
2018-10-15,172.8072683627818,179.91335646788835,196.8488638097441,165.8743828555672,155.64906476046093,172.26297810243634,173.92009516664135,157.8956301774153,172.3081075503241,165.5431707567773,172.08392405922245,201.63982873500098,170.8310068572275,199.63071521133168,170.21993858123676,198.26039731013557,196.48176110013625
2018-10-16,174.21061357997107,181.03490954908287,198.2043919894906,166.47348745067177,156.08928219861556,173.3865282613875,174.03604935847213,162.15908174990304,173.41164265069554,166.88871248604082,173.3269537424818,203.10956354649056,172.10337495707816,200.91992059546948,171.34526712422158,199.58359228202426,197.64033845435932
2018-10-17,172.4452959897918,179.76965118628956,197.28021904224747,164.35224113401182,154.16412513963863,170.93305804253262,173.10457324896691,162.85714875361586,171.42680951628373,164.91087854386953,171.6211225702641,201.04784286729114,170.242956803201,198.9368857140031,169.54553630721875,197.42794359389626,195.56391665883893
2018-10-18,167.6242443524134,175.15255804879237,192.52628604361524,158.41891588096703,149.78097598666395,165.5793348086282,170.28925540881576,160.49677890501547,166.4244131867785,159.8640999007771,166.9537116756712,195.48882444312366,165.487189592044,193.57945195143736,164.93316697639867,191.9708278404121,190.2938317248925
2018-10-19,170.00631617607635,177.25578513622096,193.63798634788265,160.47726647645436,152.24067128265756,168.72707195110019,172.45097070572848,161.96332761462145,168.86618978495486,162.6302388086001,169.29836385304614,198.21431956694582,167.87947367298605,196.24923320018522,167.28939293914544,194.69452547627762,192.96446083227247
2018-10-22,169.65711255882857,176.21479310201903,192.47986155942948,158.86432129026184,150.83780576827797,169.28070114815546,170.45956743186304,164.59534682849585,168.2383228443629,162.53215542735907,168.929946047801,197.83003278120395,167.54056582926944,195.8448486704715,166.93181155851272,194.32280858598207,192.5731993745042
2018-10-23,166.8794946770075,173.41197586009173,188.77300781963467,156.15404400040077,148.55035174463808,165.70282953844864,167.53910642456685,164.52657455859807,165.23992467003242,159.62609041348546,166.26218836246517,194.64591363996723,164.53986307984445,192.7997911618747,164.04496221413117,190.90563091762664,189.29883425597308
2018-10-24,162.44467854917815,168.9122192749617,181.99999683285893,153.0148655994941,144.65808988395852,161.6342203894251,164.05176617017995,160.9367821458946,160.77723571770554,155.36752054677288,162.05422494285912,189.7257016681903,160.36488103414112,188.15127770160592,160.07461338051772,186.29095084791743,184.92800928880828
2018-10-25,166.59505654694027,173.07050909404768,187.87854538168256,157.44372397378578,148.3473117200375,165.61082668025287,166.98934258855854,162.9757215164833,165.07327119453902,159.18555904701938,166.08235234647927,194.43566150211052,164.439277466946,192.70205272187079,164.0358743100635,190.89531658442755,189.38576569016152
2018-10-26,164.2171116199839,169.90312568881203,183.40178502977355,156.68855107029896,146.42994066885876,161.86869606236257,164.43996558197787,165.77753035224214,162.24485772423114,156.5988238303732,163.7808694693811,191.7148886167928,162.1949583629196,190.08059922222645,161.85877994417308,188.3368341634337,186.9144089482535
2018-10-29,159.59555642723961,166.02771045667865,177.57787896493036,147.96759786664936,144.10067034133837,157.5876230133914,161.86928862950958,162.63319444536734,157.54346948507947,152.22217421173892,159.2186645725478,186.23881070310125,157.6041493176422,184.70680908347953,157.32322182926978,182.93108161231066,181.60310045278126
2018-10-30,165.09803982695283,171.74604067103704,184.4844819338688,152.1266371876661,147.97114981996287,163.17507239140983,168.72600454193764,167.86620235982573,163.00815580405205,157.72556150573706,164.58984713967314,192.5568068667769,162.9126012452168,190.8447989237617,162.51462292430077,189.00083742713488,187.51257392882184
2018-10-31,165.78242759358739,172.376089840864,185.89776106648048,152.74935431382775,148.40321481122385,164.1063427033595,169.17062717224547,168.49696419898942,163.68962727730565,158.4055722883608,165.17053152882738,193.25900524587112,163.41290101369694,191.43114186931246,162.92395846931157,189.49844575460338,187.90959560479067
2018-11-01,170.92999076646004,176.0733043346812,189.22784613185257,160.85237432454264,151.7585741784375,169.41425281203783,174.3805123604963,170.85809066094282,169.0257378196955,163.3243022955564,170.2261413437304,199.14844591524735,168.17258042203733,197.1878179860225,167.61225538068763,194.92701804870282,193.23252685132573
2018-11-02,170.35981401204907,174.7805741114474,186.41184287098972,161.72396100189297,150.85384113954362,169.73063231078146,171.7601304252821,170.85809066094282,168.4106563553552,162.94521633013775,169.63497025940822,198.46869732102843,167.5129497941945,196.48935033674204,166.93650443541367,194.15231134376145,192.44459082233226
2018-11-05,171.32228661600382,175.3253513711608,187.8988706307986,163.21088540664311,151.157763235947,169.7397695551911,173.09186096607115,172.84685942560512,169.27040596773332,163.37820479328025,170.54806873770627,199.59493187092608,168.4256904269156,197.55373430007063,167.80454891188714,195.21636628985422,193.45292968428367
2018-11-06,172.48737494859455,177.3496886193355,190.31847171890178,163.75315309865135,152.35695020489547,170.86941155689888,175.18644610586938,171.3014374993694,170.66377483267874,164.7112115042291,171.68738142545266,201.0028436165618,169.50886756482268,198.9224787624342,168.86671093708082,196.52215542522916,194.7261813692263
2018-11-07,176.68109259392682,181.8876859974097,196.55066659951532,165.76546147419586,155.84342177130844,175.91118940474948,180.31909168923897,170.27841505014914,175.2830271677592,168.78738769518776,175.759167337264,205.85742431657513,173.46725906884924,203.61387833778255,172.71942788963176,201.0881328496919,199.1505916729881
2018-11-08,172.20361250129918,178.88789925923749,193.06726388424272,159.6296091537002,152.42509892120185,171.10830070746132,177.900364286168,165.98055295041829,170.83935247286837,164.5853911455352,171.41302665192322,200.68901494725205,169.07665759293198,198.620230500299,168.44957388778428,196.0437001266376,194.26615516790153
2018-11-09,171.7739845363511,178.853473322707,192.71802817936444,159.20155645380373,153.08941265964353,169.71509077631515,178.7841093412603,166.31254873516312,170.3433155693198,163.7695657052209,170.9778316807171,200.18496132128024,168.64960726490472,198.11310058114373,168.01718348636714,195.54561594521135,193.76500499665786
2018-11-12,167.76721867436362,174.29000423567356,186.74995588446825,154.7233524691365,148.36257920997727,166.33278381140389,176.09037320351487,166.19262955758245,166.01986949750295,159.94275713671985,167.0463500511048,195.620936875542,164.70366495374614,193.655485394274,164.14008786087166,191.06996234751142,189.38647535733634
2018-11-13,169.82410011640314,176.41915796127233,187.0947424769179,153.70886543080624,151.31702579357926,170.69948996255565,178.40885143053768,165.3222250863052,168.31941495640152,162.774359358664,169.0811382383178,197.98640009274493,166.28640014034883,195.98365984141418,165.7216180049766,192.8946349683899,191.20016916703082
2018-11-14,171.68291738872813,177.70084304221314,187.81716524441566,157.37514627256346,153.18172266897574,172.65155427412057,178.54642814710456,167.58272947254454,170.12002278816072,164.84994333686967,170.97707846778667,199.35968703181157,168.24481265527055,197.42371458275161,167.71072695571797,194.41662788012914,192.77781261981562
2018-11-15,172.9971930209674,178.09305681004267,189.53227720417317,158.283061116489,152.575550810779,174.86870973643795,179.6350872867333,167.58272947254454,171.54072600656838,166.03064424263425,172.20712940715316,200.66004427538005,169.46442411199558,198.6325312124767,168.85474526390811,195.61727350178182,193.8966133782834
2018-11-16,173.95975601791577,178.4242313960035,190.22658349615259,160.59366240696818,152.23993552929832,174.92321483448515,180.19749680403558,172.45580937698634,172.1284838971515,166.36713913590768,173.17798558870524,201.62886409926196,170.4205386754096,199.61125708520092,169.8188774240312,196.58194249204993,194.8705692200294
2018-11-19,170.21802676492004,174.3608932228867,185.10239754372307,157.5028998852929,149.3704238510225,171.4849945849441,174.87548835141848,170.31777071201867,168.28356564333447,162.87989450798605,169.53195901352203,196.3726981180618,166.8687673119692,194.53012220841066,166.34966470510048,191.61807135373107,190.05911104966071
2018-11-20,167.51408993674514,171.7065549477199,181.4102441880313,153.9750962460483,147.14652216462795,168.78056566022855,171.93033687990345,170.31777071201867,165.3673391198833,160.14465772251242,166.96820429511789,192.7242861589461,163.86542713766093,191.07874050140637,163.49116498086994,187.6885186076312,186.32826563351043
2018-11-21,169.6865761369135,173.66935127558025,183.08891524447702,155.946046323358,149.49474882473825,171.55450203127512,175.04001516633306,169.98994162194353,167.7358882965498,162.80512831304674,169.0602818487876,195.38676791891507,166.05330703247913,193.63158134405714,165.60260090373367,190.34439200505764,188.88096757373057
2018-11-22,169.71730405676885,173.66935127558025,183.08891524447702,155.946046323358,149.49474882473825,171.55450203127512,175.04001516633306,170.35933588432738,167.7358882965498,162.80512831304674,169.0896717750461,195.09932048601715,166.082174217576,193.35767244738838,165.63028247396977,190.07513312673166,188.6236747170364
2018-11-23,170.0888537866198,174.71289661611445,182.60102065969454,155.4169769087009,149.73727212860416,172.21048498595138,176.6668463751049,169.85519500986322,168.1816083772883,163.38124029499102,169.52508193330632,195.4900232751635,166.11213846351401,193.81800336227312,165.73440424458988,190.08999996096213,188.72055590230502
2018-11-26,166.43695423806398,171.14181917769525,179.54525427984146,148.1333437957007,147.03446943158903,169.49748519789222,171.96046498631205,166.99205206111486,164.50011136173225,159.81536346444878,165.7915539009748,190.20640351197412,162.52616000556458,188.51795613865733,162.06921445613403,184.97154422257427,183.5804925638218
2018-11-27,177.85570196176525,183.4635257790958,192.8367760752915,159.1243655153851,156.65375564081333,181.96850994247563,184.04835477882958,171.19526605767584,176.43555757824018,171.6718360023997,177.15013162558046,203.3761753040558,173.70900293030834,201.5488617756207,173.2044370838586,197.80981893851924,196.30048881610287
2018-11-28,178.78288851026494,183.63750127751834,194.17004529086515,160.487319896706,156.19113348827557,182.63918838395605,184.80773407678845,174.10567708543093,177.1662756574735,172.0473233575195,177.94369329363536,205.1714933797073,174.280665994839,203.15787268291427,173.66507920932742,199.16289195090104,197.4980797571304
2018-11-29,177.35433578582408,181.79087113308597,193.02203261281267,161.3379537973793,154.26991295944018,180.15786138381645,182.9838828747334,174.75644347849035,175.5617456896671,169.89635334531442,176.55613633671996,203.58721994422132,173.03652799995285,201.62469138045495,172.45182523031266,197.7860652628441,196.16012065778713
2018-11-30,176.8776598188041,181.96557694579934,193.8550204961154,159.90894984922062,153.2174878406948,180.1300891024439,182.933860755106,175.44281945542488,174.9843061371227,169.38648189793133,176.09168038602724,202.56766574863073,172.50410988898756,200.64402109788887,171.93324973048902,196.7391943271957,195.15114753855593
2018-12-03,180.33270714168987,185.06333470743448,198.00427916083763,163.57644235558686,155.78424066710426,184.19026746225165,186.26193586154156,175.08522738915596,178.74552600322627,173.0174613200887,179.4729929773145,206.1468520848132,176.11292497191212,204.13964314551004,175.46614216930917,200.4918162218237,198.81689156164225
2018-12-04,175.1673154527965,178.82395346738653,190.23083891835137,159.86215642262027,150.86055808449984,179.0667840184548,181.13449048027158,172.82719443603634,173.36971610584683,168.0482020655766,174.53604739461477,200.55824887906292,171.16981294341005,198.8163288994684,170.72890396199705,195.15569924147798,193.71947936283877
2018-12-05,175.30832612166637,178.82395346738653,190.23083891835137,159.86215642262027,150.86055808449984,179.0667840184548,181.13449048027158,174.49671673635783,173.36971610584683,168.0482020655766,174.67092978938425,200.32228818034827,171.30209389411732,198.5914141919477,170.8557695522649,194.93492569003547,193.50844718436727
2018-12-06,175.1467624636771,178.92599744680098,190.72523180393972,161.4720618955789,149.70986670892654,178.33749298413477,180.95957493680802,174.30626788719448,173.21261559082183,167.61231377278176,174.56598188324824,199.67975768973443,171.04987990611835,198.0331464926316,170.66052849659323,194.22358471169167,192.87933261268316
2018-12-07,172.90111526663392,176.5324082200982,187.29610269976504,160.31385618594211,148.24020051923645,175.81755462802138,180.399754000844,172.56611359594496,170.9470750468807,165.5680711139239,172.49286762089474,197.01335044438156,169.0694907508544,195.5728546568855,168.83166954783647,191.86626926144456,190.70233723452853
2018-12-10,172.5660129947905,176.99209866918636,188.44486395688293,159.69876203388617,148.19787864548604,175.26933283914394,181.10758348288724,169.44324153573098,170.86687426968575,165.21727205679306,172.19762117940724,196.8956760620713,168.58303504215496,195.48854297195354,168.3887612779334,191.568516072047,190.44365168343583
2018-12-11,173.82491815133787,177.65364244770154,189.2136281432048,160.09835537515485,149.0966924675982,177.20237197499534,182.05270237262903,171.36439049518165,172.0505856233443,166.35606977838884,173.41459482951117,198.12056637724513,169.9083150882421,196.66991766459518,169.67194789807468,192.87245305494628,191.7031909520728
2018-12-12,175.60600728070153,179.20633479877415,189.65107448519746,162.07125881660568,151.16072291065768,179.62329292866087,182.16197565343424,171.97681188508764,173.9178609350727,168.37124966444372,175.11013356291278,200.18466186636564,171.47477164459514,198.62889277405708,171.16639828588634,194.69012884092464,193.43242135215343
2018-12-13,173.47962706948786,176.70926906868803,187.48900157756273,158.6291277869455,149.12211102849253,177.48373906645986,180.21362120146284,172.92233169490493,171.53354668384205,166.214019824207,172.97225574834073,197.36515371547645,169.6403847558438,195.82730144546525,169.3095706442775,192.22696482954007,190.97115770286152
2018-12-14,172.61846842268233,175.68248574320242,185.12869191717644,158.83264714809962,148.4184824496054,177.26652743768193,178.43837204103826,172.4970008202857,170.64299541678326,165.4926773740657,172.18573460738187,196.32836441420093,168.65809113501592,194.87927606256258,168.4024508248782,191.06655578397914,189.8996415605142
2018-12-17,171.61371994603726,174.42468080615646,182.55285730976786,156.27216517121752,148.17414531640802,177.2662969761223,179.2105333708867,170.39063610336618,169.74887957117429,165.04972221282193,171.31545731327122,196.02083074327405,167.52649709358772,194.68572482424076,167.4024180682596,190.57271935226285,189.52080877633855
2018-12-18,171.6111439079305,173.7381034678372,180.60196246269305,156.44104386845146,147.76433923096087,177.8956709477737,179.66970967260397,171.7197842597213,169.6257233328697,164.97650971217524,171.2978652715389,196.31276170602123,167.07215867451444,194.94799039265675,166.95166824058114,190.35129886602965,189.29327478833545
2018-12-19,170.11213789171225,172.14788799125535,178.11993025404783,155.82759292537352,147.28388101479825,176.15918907907053,178.7494138419621,169.88533049250665,168.17409791912985,163.2932537495189,169.8429302166914,194.7997359254134,165.8515188307446,193.483009716981,165.76147015093633,189.13821540985066,188.11266745787054
2018-12-20,169.28696898562978,170.1797153276328,173.99100969689908,155.30449766791554,146.2978441913271,176.2887254874178,177.31012149238668,170.35649167073072,167.24176782039387,163.12934287291296,169.1308064655121,194.66838856015136,164.85638311449856,193.44386656981507,164.879062561959,188.7712648155418,187.8420194825621
2018-12-21,164.6019100736428,164.55857422213185,167.93553665163589,151.04706414715622,142.6111942045373,171.3679680474673,170.32019315123205,170.32703564817623,162.19517035858792,158.38744920927553,164.5087365272417,188.94041289451494,160.27919335975437,187.82945448770977,160.35680305523127,183.21326804579613,182.38401220331576
2018-12-24,162.89659701586686,162.14299517506407,162.99441093337927,149.41838840547078,140.5309711032783,170.0146705392732,171.0237658872739,170.32703564817623,160.3620299701621,157.07425811069538,162.95241600642504,187.42362801427092,158.50480258900623,186.46724971885124,158.72467613278792,181.60087590066746,180.9203382529184
2018-12-25,162.89659701586686,162.14299517506407,162.99441093337927,149.41838840547078,140.5309711032783,170.0146705392732,171.0237658872739,170.32703564817623,160.3620299701621,157.07425811069538,162.95241600642504,187.0480302884207,158.50480258900623,186.1079409305916,158.72467613278792,181.25094425977537,180.58462982119013
2018-12-26,169.60164811605645,170.11264784824004,175.17871228287717,155.840610653713,146.49427669546753,175.91350431487254,178.01908941839795,169.56572027434927,167.62798196558742,163.13845069468707,169.47235568987026,194.52158994470565,165.2888419524191,193.34676477057448,165.33259575919848,188.78690048690368,187.89779623918133
2018-12-27,170.7827449315149,171.5215545602047,176.9627001127684,157.4547001556853,146.58338376606022,176.85238938597578,180.1829034985257,171.0458808285695,168.76843486794436,163.86210607989423,170.68804895436716,195.44726006201094,166.23616991871125,194.32218321885216,166.3213103459682,189.47754487320654,188.64463324427797
2018-12-28,169.697281484885,169.9391803649383,174.19510711362335,155.46633589686937,145.98487040566621,175.7938212719013,177.67890166992822,174.71603706768983,167.26905130998824,162.94165388344317,169.58847650104954,194.72519434029257,165.0771614848831,193.56827933502748,165.1518672114438,188.6458651057786,187.78781575725404
2018-12-31,170.10288508152192,170.78639940297435,175.62111529409592,156.5561890685412,146.4743201422515,175.45637288590743,177.7835094506718,174.71603706768983,167.70519647961817,163.0589299713241,169.99299144260542,194.8174634661697,165.5506814839834,193.6733577358455,165.6217873528299,188.83591969202064,187.98577310439947
2019-01-02,170.6751006115347,170.87338427149555,177.3312508260859,158.73363518778064,146.06957063804757,174.38460046938954,176.86776314877315,180.08051933070342,167.85252165093033,163.37926660581363,170.55646058988947,195.87658024770747,166.2254890845748,194.70163995279879,166.28450060796544,189.97678204122008,189.09427935725228
2019-01-03,164.81258662993181,164.48935763010178,169.22009142818936,154.0686794773095,140.99965676758745,166.81316024937337,171.51587238943716,180.18295264605837,161.55413861491215,157.35858022269412,164.8281364515608,189.02170837451962,160.64967232891127,188.03555224947192,160.8235307982177,183.48020557304736,182.7603862172323
2019-01-04,168.73206173183513,168.30536944882397,173.99625723158934,157.7364920321053,144.44788029672065,170.77236741140118,174.82663959361372,182.21323170262306,165.5799062152492,160.86557345212532,168.48398451910188,193.31579548789463,164.4116936595062,192.02534764449766,164.34419829940668,187.59171923320196,186.59402779183046
2019-01-07,165.4026789116843,164.94378607901362,171.60507668726896,155.93961516899967,140.95040261379393,166.86937522719646,171.119095950714,179.87722626404457,162.2086826592283,157.27170772103054,165.14667703266377,189.78795960258344,161.2021585322909,188.49606176371415,161.12262684962855,184.1956036442471,183.19157719610527
2019-01-08,169.26899049713873,169.49060482721458,176.5491308807841,160.52140643732832,144.65381558804756,170.53366500138733,174.4805741820939,180.87541819646083,166.26319843787994,161.1737803543177,168.96587913676288,194.20875748749745,165.08216244313024,192.84222543458597,164.95783542747586,188.60963777701224,187.53531695266054
2019-01-09,170.7505451628083,170.2400413135442,177.20024035973606,162.42582440459492,145.70675528105824,172.00508728700416,176.54563309686694,182.76907462637365,167.6924962931317,162.67112708747166,170.3894738510855,195.80398664867275,166.7747773711346,194.3695307631756,166.58773737239306,190.43490768610863,189.2869283086044
2019-01-10,170.2419471969023,169.50497501858547,176.19719684741347,162.03128690746902,144.58063377978078,171.4496599906968,175.6183142929257,183.63861948416488,167.0750701695361,162.12805962317483,169.80299839618053,194.49008827419502,166.26959308133965,193.0065544898398,166.0092209887716,189.17511549193648,187.9790137719613
2019-01-11,170.88889680085498,170.01788409203687,176.9884119067118,163.25611349309509,144.78696572382376,171.80467908449154,177.56573180415216,184.19005477528344,167.72209572592848,162.45542035679097,170.48578331650367,195.27658726863763,166.80585298165084,193.82623365158958,166.58356734151002,189.83376789902266,188.6741613854867
2019-01-14,168.26093358689775,166.89076524730834,173.67229284058763,161.54262896932775,142.3489909014795,167.9010888467991,175.29139502777232,186.37862559307604,164.72718130890573,159.30314856186553,167.89608308164705,192.33102568795834,164.12949921216432,190.93540791601666,163.94517547573116,186.84649579809906,185.7404952905876
2019-01-15,170.9395185693607,169.985387802518,177.49137934526726,163.97386657920148,144.07956595311927,171.50746186432255,177.23535757197192,185.66415017311414,167.64531219175782,162.05064838773228,170.51982912263267,195.19189882349232,166.89814939577036,193.72957763609622,166.65869386492486,189.80387433243254,188.63077285639787
2019-01-16,172.63857028786452,171.38448368825016,178.45488998498246,165.7762762226829,144.66823395351628,174.2156337031159,178.56649731198723,185.86326753885072,169.44675900476247,164.02883306068142,172.20371605894968,197.14690359834606,168.56140145103876,195.65735819307434,168.3090606551295,191.70913459666073,190.51230884720493
2019-01-17,174.11597600244085,173.14838325878904,180.78864234093425,166.72336757299246,145.94139361961268,175.37783611803178,181.09149014244912,187.71605254057008,170.87511843292643,165.36092761315538,173.64257280269953,198.85561372046666,169.9603127015635,197.31428587306186,169.6748215524176,193.3222245789333,192.080664924525
2019-01-18,176.14766323405823,175.68977502835946,184.12762077612805,168.67741523699974,148.720430414858,177.29161442834288,182.0411893676004,188.1863496711794,173.01133185343954,167.42011655484492,175.55260266065318,201.06927331892916,172.06401619010407,199.38796995984373,171.66124908291928,195.61007562694058,194.23369426946684
2019-01-21,176.15640776584678,175.68977502835946,184.12762077612805,168.67741523699974,148.720430414858,177.29161442834288,182.0411893676004,188.29845571811737,173.01133185343954,167.42011655484492,175.5609690520937,200.90170752686794,172.07221632436844,199.22819626898166,171.66911537081003,195.4533292406916,194.08381537869667
2019-01-22,173.45507784734693,173.29346773826686,180.85321291098947,165.22168730898136,146.69274606072256,174.4693964779828,179.0927536113939,186.73224305019363,170.24786371412625,164.76020870045443,173.00610946288117,198.01088176632194,169.42794975157386,196.50406503407038,169.1603865781167,192.6277129126919,191.41226861634794
2019-01-23,177.0825342253915,176.68063110343581,183.35452676811812,168.9969509657468,150.1190505733389,178.26993613597122,183.72750266386691,189.57499075747194,173.89630134034303,168.63730266245102,176.581400393135,202.0707416785132,172.89558428317554,200.4894095915173,172.585231508989,196.49758706748543,195.2197378950594
2019-01-24,175.89577348686007,174.73230242428028,181.70871945631035,167.46511483029715,148.12764532473363,177.52291847857867,180.94676694652298,192.20192195298077,172.40588664339006,167.26688685385994,175.34232369921077,200.70033268484798,171.76718913429727,199.0695613606688,171.40537674487194,195.19869760508504,193.8716418817379
2019-01-25,178.2227508109229,177.0524161808035,184.08119975047546,169.37430706534138,150.47265557321836,180.29459262561195,184.42917373530673,192.20192195298077,174.89404145421145,169.7584465245154,177.6858998123723,203.26279886907406,174.01165635231487,201.6408542224945,173.66867078543544,197.66390948183573,196.34889189671352
2019-01-28,176.85308168302893,175.9728706713165,182.23293457051543,169.23966077854118,149.9699555229899,178.57592651009347,183.1615567625891,188.7890762363364,173.71008394402938,168.48725206262628,176.399475210607,201.47068671314315,172.54187034013776,199.95815007818396,172.28122287750725,195.78506498494826,194.57673568747532
2019-01-29,176.53524275939904,175.71210029920542,181.28187259357833,169.41619064303265,150.01235257388123,177.96016850513558,181.32906316986387,189.56930212602873,173.30424832570125,168.35910328782637,176.1157989585293,201.04998639821403,172.35788415556868,199.5791930223648,172.12398804359438,195.5160167594775,194.34035870577347
2019-01-30,177.26723692835785,176.07527582406914,182.6082364536072,168.9917532292482,149.68593446495257,178.88568351315436,181.09882233659147,192.39882903467912,173.8530129479815,169.27126985077524,176.77973328890684,201.85017592464806,173.1152452805826,200.30254027037745,172.81635733052704,196.34199337666942,195.0930435993126
2019-01-31,176.65584554984522,175.00191864200195,182.60755453351177,169.14838665044905,147.97815734803265,178.5740550373366,179.58388364848926,192.74141328605882,173.17074466749065,168.1747645314943,176.12723027525388,201.03619755745888,172.44290175912664,199.45267664883792,172.107840089447,195.47254640598098,194.1924750758847
2019-02-01,174.5540852217457,173.0796220707862,181.5158197742172,167.33234899732716,146.74429968697845,175.18687865940723,177.15095780987323,193.56554591584072,170.8558348347515,165.9028228690168,174.02773890837443,198.725117365095,170.56938643876813,197.15234169633615,170.22735015645148,193.41654927693114,192.13591653359722
2019-02-04,175.96694768601077,174.6097688961492,183.56070336793698,169.64070229265258,147.45878757965914,176.78179925564132,178.6465746265966,194.70759752963986,172.2728419092774,167.01781231893784,175.37739217215943,200.23504710525648,171.84536089259652,198.5898693277606,171.44933849515655,194.77574678669853,193.43344449105865
2019-02-05,177.91977655567416,176.28577966999234,184.94184000088768,170.71093693486154,149.35231359236377,179.25605573958023,181.6255298708341,194.522580417991,174.37335939157964,169.18777546247887,177.2825899719657,202.4062761486113,173.56854234990675,200.70046420379632,173.1369827420822,196.68925355829057,195.300926553158
2019-02-06,176.15358732189225,175.49612807862823,184.28779701284805,168.53939603086278,148.58683698214998,178.21177954922237,179.74592834398544,188.32412894354124,172.99013987844376,167.61451531850605,175.54768784490778,200.35737746222404,171.93538290461044,198.69751674688038,171.5278778460644,194.79759487564564,193.44584410051877
2019-02-07,175.4445541301658,174.82195947811582,182.82505538638577,168.47847124073064,147.1615411734924,177.71698950705184,180.2117396668346,186.9904036125428,172.3419151817764,166.92591198773766,174.93708073226014,199.60705387719545,171.16752655466314,198.05573483623638,170.854931959917,193.98341523656958,192.7363601194187
2019-02-08,175.78646744194103,175.44540306018044,183.7385925115305,167.87673911582678,147.24693000678243,177.69844892974288,181.7959717393696,188.61780613318462,172.5719594022777,167.09688961138633,175.32934922008326,200.65540407429765,171.53141330800835,199.12666870003338,171.26520792823504,195.0106122132541,193.78544341467315
2019-02-11,175.96678624282015,175.8967307988493,184.68495945715978,167.70387365909266,147.50424732536558,178.1770663445032,182.61717324741107,187.333142447572,172.87192607610132,167.26167703440242,175.4932996677179,200.84228577834824,171.68212553821053,199.29548684306812,171.40172203820669,195.16535166678938,193.92460651443568
2019-02-12,178.95571292274434,179.38148961227074,188.500888498178,170.05515317592318,150.36715869129677,181.14226609660653,185.47537028429693,189.44038797366142,175.89844624251833,170.31895553264334,178.41989921746824,204.18590099976032,174.62484639194395,202.55666396630662,174.28763650046528,198.44603814323705,197.1301576938975
2019-02-13,176.3785479610625,177.20034999069782,187.15161639245838,165.20218712983385,148.41737913702266,178.58972424381338,183.32177740329877,189.39168243684347,173.13913547617997,167.5724756400156,175.83564577458876,201.21298843378605,172.23409197234162,199.5925480313376,171.88283146044435,195.693448738726,194.3768022143644
2019-02-14,178.7372820768448,179.31774116963015,189.59446472979775,168.34643152626575,149.8410499374065,180.8521439634309,185.24541045174536,192.79325917042735,175.38234310893947,169.79952334831353,178.2186140075803,203.86024344289058,174.61534020438705,202.2545215168169,174.28583409557586,198.3548649639095,197.05091591519036
2019-02-15,178.41849718652975,179.8900808761205,189.9762011427202,167.6227103629578,151.16809478281596,179.1254070947741,185.92923949852798,192.33451702711787,175.07904301838533,169.41262151871192,177.89637643004016,203.45219380890484,174.3970741974432,201.8466052493449,174.060286884052,198.06126178807074,196.7525471456805
2019-02-18,178.41849718652975,179.8900808761205,189.9762011427202,167.6227103629578,151.16809478281596,179.1254070947741,185.92923949852798,192.33451702711787,175.07904301838533,169.41262151871192,177.89637643004016,203.93720038017645,174.3970741974432,202.3092773967254,174.060286884052,198.51525718319357,197.1868391698655
2019-02-19,179.54890996700328,181.0113400338109,190.89875053452218,168.2111451968151,152.26822787970238,180.51985614037852,186.61405632013899,192.11933092666683,176.30694656172287,170.8281182852218,179.10555824296117,205.4344161397051,175.51779997942637,203.87646584537578,175.2554606112323,199.9822720745806,198.72057625486573
2019-02-20,179.65170303674023,181.1644704517243,190.78736909321842,167.8379642067425,152.76226016884675,181.36736126168807,185.97203696707453,190.47215780264105,176.5544780870199,171.3216097710749,179.17296632086916,205.6354483837803,175.68518221369678,204.0343375564591,175.3869697218033,200.24813553522498,198.94310005940775
2019-02-21,179.3329786681131,180.74388863603153,189.44683150843835,168.23698676034772,152.32255533143115,181.4040159331534,185.30107045151186,190.47215780264105,176.2127731691834,170.9528834298951,178.79058387258254,205.19560360064116,175.3602701477328,203.5301475622516,175.00240123104044,199.80812981032398,198.44276032235246
2019-02-22,182.62137867769565,183.78952434502608,192.6625895764912,172.89284335153337,154.5722410056633,185.2413273256528,189.0527768890974,190.47215780264105,179.73770259040975,174.18569879942666,182.04554663719767,209.0093381142101,178.56905503911068,207.28526544048304,178.18278820098845,203.5124047450362,202.09609326898828
2019-02-25,182.6217899429307,183.31119377531567,192.05592464190275,172.13443312214986,154.04019100895917,185.70417599236944,189.29946153473455,191.1463192048176,179.68031073785895,174.39799061810885,181.99938495400238,208.70995500442308,178.30521814140548,206.94880056258634,177.88583281645435,202.94255841402168,201.50331672955986
2019-02-26,182.70663984604883,183.8758824749497,192.0823929926322,170.94171397985193,155.44834034288633,185.38105425370196,189.63886266225057,191.0452843078039,179.78001737713257,174.71763953587967,182.10073826661437,208.7511853704907,178.429581573621,207.01016899445702,178.024092380003,203.03017253233006,201.6077700208991
2019-02-27,181.97882938313333,183.31627800884908,192.08898440683956,171.3880164573423,154.72244912812948,184.20632456864035,187.847639341253,191.3230060686076,178.9750016579018,173.5846100232198,181.34637081209,207.93837623410926,177.9003781343508,206.1717568946527,177.46189128226558,202.4375944000322,200.98169429767236
2019-02-28,180.07479734524375,181.68218041905467,190.17076741415138,168.02614026741813,154.16988619630138,181.95378330589836,186.45969221055506,191.3230060686076,176.93216180993326,171.3240710765527,179.4460147175327,205.8138368417301,176.11159021659253,204.06010295693892,175.67196030174676,200.44674869105498,198.99746912538842
2019-03-01,181.3826784630004,183.67561681063137,193.21305895501945,167.21416072189973,156.03714848752205,183.40672104331458,189.0030625696914,191.3230060686076,178.33404129334747,172.69606932776148,180.61328562819483,207.30378670178266,177.20582008798914,205.38878896106897,176.64249137942198,201.69570841212575,200.10531482453064
2019-03-04,179.88007656728095,181.79749293030042,191.76125637711394,165.39442920292436,154.16812273159496,181.93963738617768,187.37430283065325,191.3230060686076,176.72239054604228,171.34378224782907,179.10775437201465,205.3882529146206,175.83168796553775,203.48833036271654,175.26038007155879,199.94214266325102,198.35907085318624
2019-03-05,182.83785872996765,184.5100857173148,194.22277496731033,167.75923199939143,156.81563556442404,186.09161959185877,190.32071897241428,191.3230060686076,179.89241972919848,174.69977442479475,182.04605374542183,209.0453448434477,178.7189434497792,207.09351743100237,178.1320236966807,203.48745505351764,201.8598896700421
2019-03-06,181.61975312970912,183.67098986692153,192.65912094426315,165.84565824869946,156.52993436790595,185.64723300296956,189.92973341127464,186.75923694918495,178.9750849615337,174.03495658286775,180.87573397462094,207.72525380364374,177.53413434643602,205.82948475617954,176.99087787584912,202.20615313086944,200.6297492642078
2019-03-07,182.15118119784722,184.60328684760253,194.1083483126251,166.18003796201907,156.6544709595424,185.9136430639843,192.3332614633813,186.75923694918495,179.54638275370337,174.16838966559158,181.49738013607168,208.46244055467088,178.18709383068656,206.65611134039565,177.72365425451306,203.06509893229793,201.56707093264902
2019-03-08,183.40027814443397,185.76626659976986,194.3006504022616,168.07206001802103,158.17236803220544,186.30219927571662,194.72958649598695,189.03975174162483,180.6902351717321,175.0477781794448,182.83384106102238,209.8831598717255,179.37181378904694,208.16541267914351,178.99319826858954,204.40860810474635,202.99691842467408
2019-03-11,183.34646759551748,185.27434502515092,194.7456734522965,169.09336998985424,157.1623445231021,186.78064413670083,192.94635438111962,189.03975174162483,180.6324001802034,174.82371408671736,182.64148109791148,209.7114415962435,179.29600302301952,207.8474409812873,178.78785868377605,204.22009256888168,202.6718278200998
2019-03-12,185.2348008119084,186.85717258273706,196.99418025749205,170.66541798654927,157.9579790449668,188.99278746624773,193.52198834264655,193.37692143232064,182.28515340347536,176.42745327610135,184.53760145661357,211.8459856363221,181.13195880998583,209.98044393573232,180.6331839576688,206.28801613741925,204.7408360150802
2019-03-13,184.86501398512743,186.7767992109379,197.25568155359784,170.422872939968,158.6595826325276,187.56813122246024,192.971082209163,194.66333179754548,181.7779347735904,176.02944452297655,184.18577784268538,211.37798641873252,180.9178844527181,209.53641576585574,180.4296376852375,205.9955321508901,204.46318286972846
2019-03-14,184.47313956206452,186.66155858333548,197.25983294803757,169.62925083266333,159.02237261126226,186.75438392644875,192.57566262523486,194.66333179754548,181.3575742573843,175.61111940762984,183.72913602193225,210.9898241669328,180.5707630299916,209.07692812345417,180.0196948110968,205.654844280583,204.053448994639
2019-03-15,187.46583695180126,189.61925818967663,199.5823803443803,172.86046524349564,162.00472276443014,190.45352236979673,195.01484195980052,194.66333179754548,184.56719652864655,178.97675756780694,186.676820448366,214.4151310278291,183.4225912526588,212.4350413909604,182.83475733750532,208.90851141659647,207.2509410144266
2019-03-18,187.45217317375108,189.10408228523633,199.46761073582314,173.70383808188825,161.4030614335353,190.5265226711928,194.5474073310019,194.66333179754548,184.55252106806583,178.9376258958135,186.6145101013242,214.49263272725622,183.42289964454775,212.45498583769015,182.78867336883718,208.99551154882502,207.28342816125905
2019-03-19,186.3369789521147,188.1901477265194,198.32388445770806,171.65038162460488,161.21650585322814,189.45398090300375,192.8053618376676,194.66333179754548,183.354764464493,178.0774255769393,185.5241838789292,213.29766523901057,182.31329620267599,211.29004817264035,181.7023389079485,207.80799279631285,206.1240371048166
2019-03-20,186.48719589385456,187.75817297897152,198.84513731205536,172.9589288816496,160.59794299508408,189.5350136636772,192.12565952435457,194.66333179754548,183.51601479977955,178.05328366434486,185.7113483564764,213.49167073942797,182.58053374066913,211.5225653768749,181.99948252845203,208.12798844561743,206.47452179636568
2019-03-21,186.1109245580204,187.96060679736564,200.3793749121937,172.02046982901905,159.35054361593166,189.60251077894264,192.43867998811035,191.14677154718328,183.41345739093555,177.63921064229103,185.29535103648587,212.92665225198428,182.16591972803943,210.9226530427554,181.54905052389776,207.53153298407537,205.84678336379008
2019-03-22,182.86315375398874,185.00066243449427,196.69189863139778,167.13010286150615,156.1412367553388,186.49955299006325,191.61325020160862,191.14677154718328,179.92178679876528,174.0848044060815,182.2416023389988,209.38609079518596,179.02303042284458,207.60552484034608,178.58480218742986,204.11359299998745,202.6340452093108
2019-03-25,187.95255708929753,190.58707025448984,202.51008772890256,173.17619384906092,161.06058698480928,192.19739277695743,198.9251950366386,186.59686115974088,185.77389575440085,179.68163230571633,187.38951076901654,215.10404311242138,184.0355478599816,213.3620667224992,183.65532472260102,209.72455311060213,208.28494567730763
2019-03-26,186.50633155044065,189.21763497153,201.5556904242825,170.31351127277134,159.40158262432413,190.52217165951706,197.48457626637654,189.01120113679542,183.99596572527335,178.00526719909465,185.8680359501128,213.44682104424155,182.7077822667853,211.6312177018132,182.25191641286585,208.20563124826248,206.6910585213095
2019-03-27,185.79804331804849,189.64909217011052,201.40989582894892,168.61552577799398,160.55941866745087,190.59538566110595,196.810186879189,181.54333849477314,183.894570578997,177.8698932057444,185.19259886628424,212.93577157862563,182.00564651866364,211.1464042772048,181.58053757716587,207.68682728788656,206.19736131329117
2019-03-28,191.88214988066778,195.5197875897811,207.97664922323324,174.33277662621217,164.5092333831844,197.36324773941828,204.29439401303435,187.3400574066463,189.92998107951945,183.73042534007192,191.12280606204882,219.83991375513767,187.94591975595523,217.8481614787683,187.38128762547194,214.40179539471188,212.72910798024762
2019-03-29,189.38827551356027,192.0430591952331,204.09512198844112,172.09680175084964,161.55392975978114,194.54829427488127,201.67458685163865,188.89879697016067,187.09340696678004,180.7464135382677,188.57142546091396,216.95923430623253,185.51955627926827,214.92063145295376,184.89807070789308,211.61119015842291,209.89098559349117
2019-04-01,193.20087012443906,195.7137179352341,208.01345044690544,176.57347194211442,164.70625119111747,198.49448251402202,204.12834517689325,190.53299459202395,191.0550594833327,184.48293602331788,192.23385935657512,221.33482665113326,189.34327743705853,219.1082668583494,188.5795015075662,215.97624686610297,214.07888818096464
2019-04-02,189.34840140992165,192.03296653013632,203.9132209296084,170.6612182656167,162.39529859876265,194.71038948362119,199.5222926171044,189.53411817756788,186.9900998592338,180.75792327004564,188.43687227466958,218.43848304133178,185.6859996366658,216.22296866823638,184.96659127365206,213.22280314709397,211.3299407454536
2019-04-03,190.51528721092922,193.28395616840655,203.95812478247683,171.52375945548394,164.3151741509555,196.27464286255963,200.81746575786897,188.13921941962067,188.37231849917285,182.29207708903454,189.54799854639492,219.90636277295584,186.78044683948102,217.61600334573737,186.0113831653355,214.59600284057655,212.636709079328
2019-04-04,191.7148539683319,194.1467610951671,205.5302429785477,173.1498776592769,164.91027876403402,197.38979352701463,200.01476842687418,191.31082315758243,189.3775322369873,183.39474999662323,190.74460347768164,221.1829341648467,187.90005849769275,218.8868454717054,187.13149882178254,215.78345292760153,213.82257637672936
2019-04-05,192.1537864075443,194.16934365838114,206.75762579707825,174.8072297043755,164.61429379515005,197.81782169318268,197.70382993822258,192.8270350063962,189.7140853034537,183.6422734573718,191.13129209125992,221.84473242941613,188.42232594807712,219.48066393644834,187.60091602768128,216.52492950041994,214.4963129325054
2019-04-08,193.07681140952556,195.28513813754944,208.2644693733677,177.2893410648088,165.43525344790615,197.59273315641215,199.64538271334683,192.44989751033972,190.7419687290619,184.5014313078408,192.08194286912092,223.35740380784904,189.47056113833486,220.99613209294176,188.66980844056758,218.14270267315243,216.1115442997381
2019-04-09,191.05345488130465,192.91086279370603,205.43909536248748,175.31005317080323,163.22956472972535,196.14308044427327,196.84992724553706,190.63420549166645,188.72496118334666,182.65583820843645,190.1382309765976,220.9085551376116,187.47461872809797,218.65386359358698,186.7480731641104,215.74360146186908,213.81103954046722
2019-04-10,191.87663925359914,193.70293153670048,206.28466598067035,176.00733207457878,164.03956226242448,196.7147691830442,197.33148223070313,190.46871312185073,189.62692983273297,183.43126617931412,190.94777372564653,222.0248631347704,188.29468551014895,219.7417923961337,187.555331538646,216.84124400071326,214.88258258211337
2019-04-11,189.841355044192,192.06010787207916,204.86773845462997,173.28013214034135,163.08290669758455,194.0340556015117,196.63867806432754,188.2379577366144,187.6345520904227,181.2611825774862,188.8586386015321,219.2775370441903,186.25217057400855,216.96715818267518,185.46240407046724,214.12271547362786,212.13758899776732
2019-04-12,192.2615605570055,195.05273910556508,207.51895237931973,176.00314913328984,165.86929828853195,197.2593419883371,199.6989987512164,184.83170457208968,190.5527518604771,183.98313678064483,191.22533497626094,222.07787909145816,188.6105780271508,219.69254021973575,187.77272939110915,216.83931151909087,214.78686004102462
2019-04-15,193.1948895938965,196.19243469948117,208.39102639554557,177.04912200707415,166.96428354569525,197.69913224733023,201.4005829483032,185.89482913742418,191.46224029882745,184.84933100206396,192.1505719555613,223.1298735288124,189.50324575524675,220.7308451511997,188.65941918470173,217.84211344292487,215.77881432447242
2019-04-16,193.67291667449635,196.01887911765309,208.59728811902926,176.99965013504735,166.79510538875482,198.39071698895663,202.10923021189183,187.62746728145737,191.8168175662693,185.24262649304467,192.5186673348002,223.93306671999323,190.0082804889464,221.39727724999233,189.05947760361877,218.65679254890105,216.46404549063854
2019-04-17,195.39079268755026,197.76806406033822,210.3768349142674,179.07985622878775,169.22597237358357,200.50935651941887,203.682387532925,185.69110473558015,193.85286729143564,187.25840840008453,194.20962978376247,225.94545978212852,191.64022119466054,223.36745017346905,190.66956805578803,220.56166825885475,218.3337268807262
2019-04-18,196.72354122180394,199.37948074628292,212.0445882130557,179.2978427813027,170.38129781064688,201.76088454780844,204.64739688755918,187.7423441226972,195.10065846138633,188.4989658960577,195.55266567400506,227.58174495422926,192.98298794760166,225.00173524179098,192.0214883496506,222.19479023384005,219.96472941339871
2019-04-19,196.72354122180394,199.37948074628292,212.0445882130557,179.2978427813027,170.38129781064688,201.76088454780844,204.64739688755918,187.7423441226972,195.10065846138633,188.4989658960577,195.55266567400506,227.56792100755243,192.98298794760166,224.98859367474483,192.0214883496506,222.18181261066744,219.95235786893818
2019-04-22,196.2405363505909,199.13404027496156,213.67969487614397,178.60589091331497,170.51216473359696,200.09077061760027,204.27462430199586,187.63245276979927,194.58847254142952,187.77690334645013,195.08736920814422,227.21393532006218,192.72652759093836,224.64724451259244,191.77199292601546,222.06913932982562,219.84039358666288
2019-04-23,196.9100162014762,200.0539480728802,215.08998203433208,178.27185132561755,170.34810948467594,200.86112285441203,205.1473809188274,190.24754439795498,195.06611669234078,188.19271248615829,195.7092940348414,228.2483218955169,193.4246016336445,225.61178961780453,192.4238259864787,223.1153218110871,220.81998063202533
2019-04-24,194.0218463085576,197.94110643836441,212.5915606095424,173.571851709286,168.7054159062524,197.84167798054685,203.12445544341278,188.7898802393408,192.08076113840974,185.2449564177286,192.9448362114428,224.8223274205806,190.6084945363339,222.34594856817452,189.72179521870504,219.79253831550744,217.6440689747574
2019-04-25,197.30615069923317,201.43189774073028,216.48328705015197,176.03018135053833,171.3500095582291,201.22664988950106,207.36854199562947,191.13599952007908,195.41079246305247,188.4405474730537,196.22722764069906,228.21324827116848,193.7595742734936,225.73337699643682,192.8765329621379,223.03954136045903,220.89374304406294
2019-04-26,196.1236292411371,200.3941257403391,213.95065375109036,174.68134473680038,170.04850847813563,200.30249064231515,205.88332750905414,190.66667907962332,194.1767809667064,187.44642760863067,195.07721643587274,226.93524564504756,192.32336194596184,224.494654873489,191.48200732648056,221.48281547497314,219.38720887164865
2019-04-29,195.38786130909978,199.70528024891686,212.86314072950313,172.9588578944086,169.8170925714454,200.03623091778812,204.93261688206417,190.86008341460698,193.3641868214875,186.84701511185693,194.29374501242953,226.0092860690944,191.66676244536703,223.52436237516872,190.77706605396534,220.65378173799292,218.51218850856077
2019-04-30,195.9946312828975,200.64504504998538,213.11182796362425,173.57287558852929,171.44105527229078,199.96971248211582,205.36576278326996,191.3774601561228,193.9716105969071,187.50796652021248,194.92673879658483,226.89659935473827,192.3025346413833,224.42763287355228,191.43630111905497,221.5580016015001,219.4304465248576
2019-05-01,193.34872363085105,197.92496365405006,209.4656009783124,170.92252837874526,168.81002411305437,197.81308269439896,201.63529369824,191.3774601561228,191.1149592392167,184.89797024890586,192.2952350418452,223.98053382669372,189.716643915522,221.53769159676258,188.8616572393203,218.71629705740244,216.61054019294014
2019-05-02,193.34540629173625,197.67180786677181,207.92136465338257,170.86453494418902,168.55150978596743,198.65865845575576,202.14986785088232,190.30159253660636,191.20905412570858,185.09858278964168,192.26737580000992,224.15255654420108,189.48841650758612,221.67394129346198,188.61987846869752,218.62828590027493,216.50085079879315
2019-05-03,198.20813038142222,202.03587278610348,212.86449248617055,178.77465795683491,172.7157252560237,203.37100167358687,206.14461708055697,191.29059274651817,196.3648914111211,189.37462210270803,197.04766342885014,230.10535155214566,194.18412204073806,227.48758902853794,193.24455476981538,224.3448736113518,222.09613434214742
2019-05-06,194.56382095027644,198.8708647528367,210.62071006552134,176.14077588314657,169.89137139350814,197.9582238344433,202.40223619069874,189.2136765697072,192.62007143312707,185.1438640518103,193.52116045118603,225.9410875036404,190.81844746736044,223.4752588324604,189.97830124875506,220.50970459464665,218.38946408296053
2019-05-07,192.7972339133227,197.09943739468267,209.13469006605138,173.70426765035305,167.50058150771244,195.79704381056817,202.96904524189569,188.26177914235114,190.80023275645064,183.23770900328398,191.92229850917272,224.17530209501984,189.01629011129242,221.8936009217773,188.33612812172822,218.69833146901576,216.7538746882336
2019-05-08,193.02700341988577,197.1755350470893,208.88824414923525,173.7820523641295,168.52864573496933,195.31624326577293,203.15269903807643,190.63385887619066,190.82974280597506,183.3411838650171,192.1238407118051,224.66821871056055,189.3285359379146,222.34268515799704,188.61826631607818,219.2675054045309,217.27823478948122
2019-05-09,189.7608767616755,193.88558716821905,206.07731842362247,171.89725345223889,165.99983311465576,189.84194885400592,202.0764583615702,189.9182141423642,187.37237980388898,179.22869281383112,188.93916197536228,221.2081981007082,186.12572366322652,218.97910860697672,185.48990151584024,215.87865788464725,213.97762662374262
2019-05-10,191.56469563080424,195.98024097554438,207.8373069269407,173.2359671185607,167.76343143645357,191.81174639572887,204.40755502318603,188.7769246847283,189.4177764990726,181.25281489140482,190.7145060883441,223.56410392951912,187.8779546758884,221.27860755832586,187.21729337108079,218.14930500726913,216.19858624560817
2019-05-13,187.21572080319802,191.92484673291787,203.23628160335386,170.0591667297399,164.41757184766186,186.33850168034013,202.02306132757957,183.73401473806393,185.18661409903063,176.8476710445663,186.66385189328406,220.7446264524417,183.71654162309926,218.7133568043958,183.32990103756686,215.42941045764707,213.71393653284758
2019-05-14,190.346352556796,195.2982847473574,207.01900147096865,173.16679833365467,167.235135404441,190.55569962163037,203.69672925800916,184.16226250346557,188.52559387408394,180.2526634217591,189.70559503685772,224.5613483766083,186.8339057835987,222.40043057078523,186.3637396807672,219.20053907006417,217.3643886666358
2019-05-15,190.35891432904586,195.39788213424694,207.94964307261762,173.55888436605758,167.63838935733804,190.4658433646156,204.40311768277857,182.04921101097693,188.73581342719592,180.13758080407328,189.6840088729743,224.7767958834449,186.8747459264286,222.5677169014944,186.3711670675365,219.43547378918265,217.55307480594414
2019-05-16,191.94464875396065,197.99505336301974,210.97506567408612,175.60481735906777,170.16300024817753,191.72681446672033,206.8997359078371,179.1802699417829,190.72134793729535,181.41714325021846,191.1933588151904,226.27731246742297,188.51441061468918,223.9878145785728,187.9363789397343,221.00796041709293,219.04630521735697
2019-05-17,191.98057365109176,198.87109495482332,211.51219539277486,175.57538190332536,170.9684532991937,191.34651451445205,207.44564577527828,178.36444460307962,190.83923196340857,181.38575282745185,191.26148164855795,225.79451895004166,188.60073530775142,223.56632779797403,188.0510468729898,220.61367545982074,218.70581705862486
2019-05-20,194.17463993147672,200.3039589872727,212.54486339732014,177.7816505243323,171.55805742915854,193.65720611660308,212.85597802168868,182.78320353799725,192.78872850232017,182.89620133924703,193.45606202834455,229.1761949782377,190.80630292079402,226.89393739698406,190.25651934538817,223.9440336702097,221.98691421707238
2019-05-21,195.8068650788176,201.83646052551057,214.61476143761467,178.99309521085502,172.62350558825423,195.12819468287753,213.48555250815755,187.17720944338686,194.13530755451117,184.6830469050878,194.9945288253233,231.00278761814445,192.32980001576166,228.60721946387946,191.69576133047156,225.64192791995086,223.5835475126266
2019-05-22,194.91201978294237,200.9996597963516,212.96757199178055,178.02687515751794,171.78586605155542,194.43098566479242,212.88016793472715,186.85019908112258,193.19827956116498,183.8308756685615,194.1312646247003,229.66064587448386,191.25749239396924,227.32131515807214,190.66074431181408,224.12357749593195,222.12651389612458
2019-05-23,190.2014188510193,195.99550826012774,205.6732540825652,174.14669622307989,167.22425955116768,189.59003590916475,210.13158165850516,186.14425044427878,188.17098229756778,179.0626972734089,189.5762337973222,224.43985372330445,186.32677570014968,222.29506974947398,185.88633144983618,218.6687471356415,216.86652112669566
2019-05-24,191.18296701232552,197.42782363394699,206.14799743392922,175.10996650985192,169.03186677463196,190.61788304183906,211.1021147544898,185.68688313735876,189.2723628854959,180.26909970775904,190.52713203607192,225.67623992514564,187.3397201261935,223.48574402933102,186.86905390774083,219.9284055967778,218.08193086935694
2019-05-27,191.37634955634425,197.42782363394699,206.14799743392922,175.10996650985192,169.03186677463196,190.61788304183906,211.1021147544898,187.94076186388995,189.2723628854959,180.26909970775904,190.71214243313068,226.77719398825462,187.5216354032201,224.5340784537737,187.0435329837048,220.96005313877777,219.06702853405056
2019-05-28,190.44807906506813,195.9471055046497,204.70895682365455,173.06689211974137,167.49854203527488,190.91569508425164,208.3780477633356,190.54930735538136,188.03201662062133,179.8682460347846,189.8009344384996,225.67949569150184,186.65475948216243,223.4628194327165,186.19028163925276,219.93880262683626,218.06739334893342
2019-05-29,189.3404228121731,193.91312115898268,202.3230884781603,172.5135977141381,165.08596119009914,189.62088540792158,206.04239427498365,191.42185840842683,186.76071883095932,179.07479021080448,188.70895238351625,224.31579997149225,185.58449495757935,222.1279489156684,185.13332668210373,218.6290807111846,216.78260777140176
2019-05-30,188.01831265751244,192.23671940019705,199.4143294337002,172.01284144139902,163.7624857155801,187.8808023099841,203.63855320391383,193.55774862801877,185.14862402075377,177.68107158161058,187.40035366813578,222.35225933929777,183.9603491442989,220.2089896597557,183.53431020366077,216.35837044923426,214.56808281671837
2019-05-31,187.3411144497387,190.81865674259168,196.6175004346532,169.6729511588747,162.3205854499932,188.04044885152504,204.95817089051602,193.8815950980456,184.39297638149714,177.63467439565156,186.86602169458692,221.87130274947586,182.92283449100924,219.8793901280873,182.64602687375827,215.45440348472954,213.8252772174048
2019-06-03,185.75560614859955,188.60840534927078,193.09845512982957,168.63948329308974,161.0198410456518,186.76425955152257,202.12229386214773,193.86780796082726,182.6917419747188,176.15554905427666,185.34936616369032,219.5712355909139,181.26256612541874,217.6894214835287,181.05350858485815,213.10961377492217,211.58607072411675
2019-06-04,185.81345436322013,189.56503671061566,195.40440186365558,169.33698478541817,162.008999762976,185.68409740374165,200.73939330772942,194.64978539828314,182.68681748812998,175.66493884658752,185.33136427028168,219.01634793869994,181.35367583106813,217.07754043634452,181.07205804265388,212.63350503671833,211.05327445749697
2019-06-05,183.9976441357275,188.48131807217283,194.195033895858,168.1540385041946,160.4068152453922,183.37082899797895,198.61950394311256,193.0962820017897,180.87181333021678,173.68020174775987,183.55330276265568,217.0242191456436,179.34385931740914,215.1346075518236,179.10552320064986,210.4260481327904,208.9018214145915
2019-06-06,185.74535826001053,190.63979727303285,197.6446071925801,168.85464299804434,162.2025263058156,184.47082380570845,201.39331661133303,194.96694610871202,182.58672621266393,175.29867608258948,185.3003647527356,219.0588348791558,181.22171567194863,217.15655157110527,180.97753536404457,212.59649998648004,211.05399857499117
2019-06-07,187.4797447170215,192.6542048156493,199.82713517271276,170.06255723095532,164.17043601301856,185.92676634938118,203.44967982643647,196.66491837955147,184.30205006382678,176.94505758985144,187.00127148509762,221.26875034553981,182.95569949798144,219.30796143129453,182.6800369089325,214.78227500306636,213.18561025464385
2019-06-10,188.63329472690305,193.27434479424838,201.00628138310861,172.8279245078518,164.2664507605107,187.48847765433166,202.3275443025251,196.41791976332564,185.560181528593,178.02012333152518,188.0277733562273,222.52343410645187,183.95463756057907,220.41565006346616,183.56576511363517,215.86105863975362,214.1342971525038
2019-06-11,190.47429091615038,194.35451210200364,201.62762019673198,176.4701015020562,165.59605487588584,189.0672902595775,204.32299827182788,198.4276267061031,187.36322071693036,179.7081228744319,189.7959578765546,224.54572929898933,185.69334377021184,222.34907408650915,185.24016688811957,217.76448826249907,215.9594227080819
2019-06-12,187.89640152563817,191.69199683072938,198.65582883355103,176.85467901466302,163.1068000836919,185.37539810737982,202.0196579370621,196.59978018671353,184.75381317832677,176.68857544809353,187.31166060051916,221.80557424348723,182.91262412334294,219.71942894932738,182.55571486963674,214.79426291953953,213.10359520541232
2019-06-13,188.7682884930363,192.66188604814698,200.6564193077302,177.32353183571252,163.88340999740893,185.64316107943623,202.68982857662573,199.34594367790257,185.4544458310238,177.15605312997647,188.21303494049408,222.91140601876194,183.91342809296242,220.84826087026977,183.5789056998177,216.03396321149563,214.35852944509395
2019-06-14,186.52191403799995,190.76347758303922,198.94732978604927,173.94287794385312,161.650202220844,183.2547875529982,200.1862728704248,198.8839855632578,183.08594550040604,174.7424072889984,186.02602172104017,220.82317394836033,181.81907258179442,218.81736764007337,181.5342171232365,214.09556646497143,212.46755494515185
2019-06-17,188.84868042169052,193.2541903696221,202.33173828593573,176.09160187894628,163.41012087025825,186.11939567596613,201.84836192360996,198.46250795678574,185.61275015412556,177.1284929132266,188.33854656458632,224.21812090208184,183.9964907473005,222.14796332119758,183.70414758574478,217.2605328990772,215.58176980821108
2019-06-18,191.52907103906017,195.39141102706316,204.55515643445383,177.48752460268648,165.77927285589425,189.51697194380154,203.67458653838858,201.09752711189293,188.2626713618219,180.13160224056156,190.92830971062384,227.0268072336582,186.78836990241768,224.85038539008718,186.40645824231308,220.2007645072385,218.4161744558525
2019-06-19,191.48087578320596,194.88929601245803,203.43898400564177,177.07099910870312,165.18144889248157,189.7324023452154,203.89636856641164,202.5439501983273,188.0878907849744,180.01562452741535,190.8740880871063,227.09810456735718,186.74314223820684,224.90911186411822,186.35545567123154,220.26713887836235,218.47099348356295
2019-06-20,192.4649554546768,195.66254771341212,204.93195047517236,178.15660004940352,165.65947900079482,191.12276047381584,204.91677344555427,202.5439501983273,189.1424094047349,181.09887649440503,191.9591679042345,228.40872610874268,187.95852987186936,226.31960009088755,187.65625159215912,221.82293856913353,220.1088837465232
2019-06-21,192.17852748352746,195.134560273213,205.34805873860958,177.90691641241787,165.4552654440932,189.92605250878879,204.3454515243161,204.90329843756584,188.6350421904283,180.51162919232624,191.7405049835975,228.68030689580573,187.7706860915568,226.64136144803626,187.52817240713742,222.16810848125652,220.49771656315872
2019-06-24,191.459085714168,194.25752538934879,203.73532398485287,177.36844173377267,164.95123408832734,189.09778074177294,205.34268417541256,205.44477337757198,187.81935121903163,179.79750113599727,191.1304304051387,228.59531486854635,187.0871871165345,226.65017257437566,186.94611782658515,222.0788420266402,220.49653778877536
2019-06-25,190.2346363978989,193.09299728737687,201.63322636442075,177.2026538372924,164.14299589051447,187.98683237331738,205.9785323439026,201.22273249417427,186.85987508899947,178.66544079407075,189.98204265380173,227.85248621893606,185.94230748537234,225.97057276179916,185.86967618157996,221.38922523633306,219.86396889150282
2019-06-26,191.9895587825601,194.25475338636818,203.96675323157262,178.14630548586533,165.38954062636398,190.27522424131917,207.40780844731526,202.0324596568964,188.6720160282761,180.605671709601,191.63404854815798,230.86983267279342,187.808388682788,228.81304214593908,187.63460839124446,224.459363999912,222.76736650562623
2019-06-27,192.50855468730134,194.81422145190186,203.8261694454551,177.34342300394476,165.4558178952958,191.58749320767913,208.82789236631103,203.05771518793802,189.14136856153908,181.2120684282126,192.11869008565537,230.16282003263194,188.29069499684942,228.12473024253083,188.08600508328647,223.7925836007241,222.11648228476452
2019-06-28,191.89583361217427,194.37345200854776,203.61536774998658,176.99991980561322,165.71460953694208,189.8435053035901,207.8800124052057,204.3395249345644,188.3760949988213,180.23309566779218,191.49855648087333,230.39617275363713,187.51051558703386,228.30931481603724,187.30547735640627,223.77663577099304,222.0657930251367
2019-07-01,194.5500207045059,197.45711600702026,207.0128837823017,179.3014498853591,167.64250245107579,193.60992676189676,208.81175183430062,204.11538501804714,191.23724772626096,183.43114169421276,193.958875342888,232.1694476567501,190.2169735569277,229.90445253659786,189.82747512681206,225.68134659046683,223.79743388209653
2019-07-02,194.1753978422244,197.40734409932787,205.83164205702914,179.1222917922018,167.64589212706053,193.4700666907343,208.54269015929185,203.2843391442603,190.90631019724242,183.03263640915054,193.74566804397523,231.9076646556809,189.48733475224267,229.82084064321734,189.2641072116926,225.00542825919072,223.3072575608039
2019-07-03,195.15425184316678,198.81413423213235,207.40188571594115,179.69782500277105,169.06517239517044,192.96678028132808,211.52842657897511,206.50285654122024,191.68139656211585,183.48811272803258,194.70476133343675,234.03730973652995,190.45823370147568,231.8746414157996,190.2167337245323,227.05374377171557,225.28773911937904
2019-07-04,195.4200285616162,198.81413423213235,207.40188571594115,179.69782500277105,169.06517239517044,192.96678028132808,211.52842657897511,209.8776424478721,191.68139656211585,183.48811272803258,194.9593193169966,233.71640650470547,190.70723975346633,231.56893193342532,190.45585902617367,226.75439028460823,225.001714909317
2019-07-05,192.61436638234767,195.5718547133466,204.95702652024644,177.82433318186196,165.56609046249966,189.2602034475165,208.4655674758554,211.86167010799642,188.51450113923218,180.17850209372563,192.09881523614382,230.2397089548564,188.10857885606484,228.05860961788386,187.797543782451,223.54508561706524,221.74984465199486
2019-07-08,192.76012869928397,195.47086470001415,205.18305024496303,179.15665785907265,165.56567740684648,188.3583172223814,207.78386878259627,214.08334804196963,188.49041638291092,180.03217663851981,192.22570274802493,231.55342903104744,188.2688115875836,229.29537260466174,187.9394492685851,224.79848625942904,222.93358804639522
2019-07-09,191.1460741303471,193.99878251106472,204.58788209756955,176.7752481764696,164.09846678553924,186.58659585694411,206.05696894436232,214.08334804196963,186.7686316974581,178.36294652122643,190.66703949107895,229.85946573841645,186.78505824439495,227.66699954964616,186.50259910563636,223.25121657549917,221.4415239437851
2019-07-10,192.5832030731356,194.92178551178864,206.46152340005833,177.99622515793683,164.24630772707792,187.66460017636538,208.26564245252067,216.82143123218896,188.0833474286452,179.56564604699915,192.16342817662866,231.21315608053382,188.43708942740366,229.09421765677217,188.20174335037058,224.86464028371262,223.1118596994344
2019-07-11,190.38268493486686,192.54965739497297,204.06264966077208,176.75047232114113,161.92031900420614,185.29735724295358,206.16242573559668,215.79950457824052,185.81946214351245,177.11308977117514,189.89293029362616,227.9591438479359,186.28532458614328,225.8076346954227,185.98219506791915,221.72445222170535,219.93673714684542
2019-07-12,190.8284102869202,193.26690994589467,205.29180283082863,177.16324290237318,162.11197885619225,186.01526638602274,207.27719665951702,213.15142979147308,186.50134329155534,177.483626883879,190.3764064375822,228.85000261702336,186.6951197872258,226.72095330342722,186.42896586039342,222.5474426355679,220.78364201719336
2019-07-15,190.02761177882448,192.34639957340434,203.80454053639707,175.82139259850794,161.58472924013842,185.4186382032075,206.43874662672027,212.47832995420595,185.70109417705626,176.98114706193684,189.5680877575248,227.16877448162563,185.7719208562983,225.07205063891757,185.5035831791265,220.77930334376816,219.0500566951731
2019-07-16,190.29423254274855,192.587049653755,203.55875298263538,175.50556258313273,161.8433944961927,186.33399875210702,206.0977369864409,212.358969492613,185.99481443933865,177.3021288019746,189.7981126347064,226.33342559816833,185.92087882318162,224.24734722462557,185.62278838487157,219.8829552411392,218.16658514573177
2019-07-17,190.2862561937107,192.56593526782706,202.7164481309524,175.26127940256598,161.71563384348252,186.30926521487322,207.9649125422517,213.2569779292378,185.91480760265026,177.42367354677745,189.9432322564363,226.56410436274984,185.7422692930226,224.6406507652346,185.59497427594678,219.9038363270655,218.34911831809137
2019-07-18,190.8672108797946,193.0395799723187,202.7609492498542,174.46721025701214,161.75397394558996,186.8935345778081,209.98406932114455,214.43063167723565,186.4410006929502,178.16677409490336,190.5961633302408,228.12319599965028,186.15605066524924,226.2364701612891,186.08292666993958,221.21020104071962,219.70062152545876
2019-07-19,187.7785235730278,190.05231759750652,199.817389785354,170.1406063369598,159.01333532989284,184.16653315973042,207.22205091815476,212.3822452763489,183.3115718435229,175.39333069023007,187.43429695168953,224.3568205182241,183.2462309830319,222.41556969981863,183.097488326172,217.67801554110636,216.1080054648827
2019-07-22,189.17506106495324,191.79301616053112,202.35843127563444,170.0139572333971,160.63403234818648,185.554554100632,209.5322667611866,212.51672047946323,184.78827409135158,176.87448171691295,188.8288707883049,225.86633516081585,184.61707221646208,223.9187685491138,184.4674691691089,219.15767991119571,217.58275426698162
2019-07-23,189.31800822719723,192.6131351652124,203.13267599355189,168.47369732248697,161.71380096721705,185.72299741414906,209.3059254528325,212.32998244394898,184.9553614886198,177.12986141091665,188.91092356862939,225.6297166402261,184.82102839770556,223.630585531351,184.61182893672336,219.01685833976344,217.38952177618623
2019-07-24,191.1183110393786,194.72767777068827,205.995431093957,171.09581864498477,163.17039539319836,187.32931702344962,210.24789697599257,212.58862737810614,186.85358877548217,178.69526973035056,190.74013725554215,227.68647999788024,186.433793025392,225.70982662626852,186.25913384915899,220.85169557626244,219.25476808473508
2019-07-25,189.3609489313099,193.06943916511156,204.17826095213525,169.97067637244223,161.22277491088806,185.62850911512388,210.1226432194395,209.97400370153292,185.18816522003135,177.10594467047133,189.00025788251378,225.76667253640235,184.7923356818495,223.8159948024539,184.62956609918018,219.06599044239877,217.487870875263
2019-07-26,190.12429129689806,194.09783123690403,205.19987785451556,171.80909301443674,162.18111283015313,186.17027768900186,209.08271768356747,211.51786453250998,185.8787684217175,177.66700672526738,189.75196721691978,226.61182182453845,185.54700104124683,224.64472780171812,185.37363126433658,219.8995820254287,218.306431730196
2019-07-29,190.1137752332271,193.8923667485983,204.47475260267333,172.5294973931806,162.47412138543865,184.9705491032589,210.02911571000368,212.83083965453184,185.76265951713117,177.3403479293813,189.78899857064724,226.27336358292953,185.64206008905714,224.37573651458828,185.50919884642286,219.70333379332754,218.1690023988815
2019-07-30,189.10357111876584,192.861084772302,205.13846678816162,171.6367938146117,159.95591788263349,183.6895458652064,209.32050903736456,213.46742317347176,184.63532989829176,176.06711102498934,188.85957542243142,225.21902654011146,184.87168877516893,223.41446410400246,184.80537484864706,218.91996368487412,217.4611229200083
2019-07-31,187.61831751656638,191.73947893528018,203.72187805390985,169.80603920323537,159.18229660326008,182.46688930719245,207.75452483735904,211.7675859536243,183.1869969019611,174.9636622625335,187.35465574449134,223.99229454273737,183.47120521496717,222.15232597295852,183.38310547192032,217.76594769975816,216.27098493925834
2019-08-01,186.76477884825906,191.58502112194367,202.44474376559486,168.8392164305691,159.2274817874039,180.3549033773548,208.59610471454477,214.03061635688098,182.0998917733143,173.95230072772426,186.76180243378585,223.3476349730326,182.2657095689534,221.79452857483332,182.4366608981286,216.70199959432347,215.49438262310764
2019-08-02,186.18062117294343,191.2000490067083,201.31694378991392,167.69601658946377,158.31450370450105,179.88591138055804,208.9561386514486,214.1724821934626,181.46757314943076,173.52466731496142,186.22252361394598,222.83948612412905,181.8777128069576,221.3338766037893,182.08343488317672,216.41002930433814,215.2377667942531
2019-08-05,182.54698623566512,188.17379506874238,197.29505467622522,164.29739002828975,156.69756867736396,175.24940478207355,206.05326646069818,209.51406969025825,177.96277639714518,170.21833665176857,182.9293220600006,219.8769176894145,178.48783555801043,218.72834975320083,179.0044040581688,213.66395221889914,212.81734263619202
2019-08-06,188.16847525894437,194.38008786696417,203.63107279409678,169.76931754149055,160.83670002132294,181.89939497570606,208.7224385712345,213.94725049438804,183.59898157955558,175.89361166265004,188.56614795965828,226.3295482461492,183.7806954496653,225.16355326173675,184.3237891522404,219.71177060633244,218.86465783691273
2019-08-07,188.17482712044654,194.3498033546919,202.78990424442748,170.45111051147296,161.15132878355212,181.89878247663907,208.78500898268456,214.32359177288583,183.5763828360162,175.99679705928853,188.6590764998036,226.66855775976953,183.56275639715912,225.58752510856542,184.19521372019716,219.77083656308955,219.0146202225108
2019-08-08,191.48523013042987,197.40809687134052,207.9867284261445,174.63680582947902,162.90464909491175,184.789247893479,213.30396214039925,218.17767734915563,186.79937417105307,178.5476966847068,191.89990352213252,230.5351667566601,186.7604501949885,229.35053452179477,187.33182896162864,223.48794601883918,222.64049891260993
2019-08-09,188.25324862138763,193.52117259113922,203.51000126335146,174.66045354533946,159.8379400655061,180.55057082692775,208.75950942095835,219.58464191938955,183.2503458951072,174.81544819343299,188.66899504215476,226.60524000440714,183.8559103201887,225.45156474319103,184.4164238839639,219.96460608569288,219.13001079074644
2019-08-12,185.02045223770196,192.67379439356023,202.26241093566998,158.36946827315916,159.42899237874414,179.32159434879193,208.66285024456624,215.22147429007927,180.14840033682466,173.86576749295537,185.67580752339387,222.55266742251294,180.9198032182853,221.70930509563345,181.69474314145066,216.29124715058143,215.73210977078583
2019-08-13,188.9657598150225,197.222586811067,207.69002679171905,161.48478658223067,162.74875637990962,183.38188627492588,212.59993865775849,217.51723612651153,184.1643434910908,177.7377518783209,189.51433768514605,226.82227672374844,185.03211188807776,225.8423335670729,185.70121985643294,220.75101425572564,220.05606956281665
2019-08-14,182.75951960972054,190.6133533083322,199.7768386830988,155.29579636653796,157.24570140149038,178.08350499447513,207.3138844883748,211.48374764388745,178.03032446366544,172.02752370767044,183.54972357662308,218.92262085299708,178.8915337265679,218.2915565013121,179.78552232461533,213.006772470433,212.6336030756525
2019-08-15,187.09070984361017,195.33244383160994,203.88953380704007,160.38947282729495,160.5970753683892,183.9635128377688,211.18860619637937,207.8172003282236,182.913590088799,176.5714698661364,187.93846016626767,224.32895803786747,183.0626714557458,223.71833568124705,184.01670906284616,218.18055869751527,217.83531457156192
2019-08-16,186.72449943710726,194.9493308483168,203.8019588674769,159.77606659264285,160.08397776973226,184.2538588702355,208.52400952186878,208.84662380204682,182.44063800463502,176.1606103774203,187.42615733066665,223.82788288735293,182.64162084001637,223.0556839903299,183.45990925204944,217.62365311872688,217.1290830356543
2019-08-19,187.80222819911964,197.16098084258178,207.9549942109118,156.9920302746853,161.99299317007478,186.15414055135756,209.99726432937442,207.2869402397568,183.71323088482217,177.63648969270878,188.40390285137892,225.56982610039609,183.8473927615247,224.6553194616134,184.56731123230352,219.4741803018382,218.84184528617405
2019-08-20,190.57783812670456,199.6343402851423,209.8379941873516,160.29326977994737,163.89793290313284,189.44688674085563,214.8032401970612,207.32579693454323,186.67211132194237,180.61816575970596,191.26587560517746,228.7963513364036,186.56259607322028,227.96169647868675,187.36619629043204,222.61528262930716,222.0610074021311
2019-08-21,191.43231276905212,200.23382188796526,210.35959173546595,161.42247683641943,165.0398214297781,189.41899079881665,212.70451848432805,211.97251166395077,187.20481529154353,181.24106919430352,192.02466736009552,229.20406206206275,187.31345303425863,228.27841745736865,188.03056185273473,222.9368798404733,222.30062182934742
2019-08-22,188.76161105145292,198.3955885906623,208.36351871730648,159.1382898331119,163.67408114466605,185.5297597259943,210.0747770776466,209.54388958408768,184.55064923773827,178.52973241823722,189.38097565878175,226.06534623747362,184.7022448983075,225.190440275791,185.4424904641718,219.88410552537104,219.29224902352615
2019-08-23,187.5212861332806,196.969315193759,204.26363840197453,157.72205434890068,163.30803119540232,185.77575457133582,210.052106311514,205.14867373809867,183.57965969854635,178.13761363488243,188.41920720013889,224.98805801835982,183.39767879261132,224.42482531404374,184.4023110477252,218.7169350523146,218.4209873419066
2019-08-26,190.82301246206285,201.62818080440604,209.28908369744818,159.47976295775496,166.7676845754808,190.10586926583224,213.26591526095632,201.6082516384385,187.39384979829853,181.85352193245302,191.71293027857223,228.88719065489434,186.59593987845744,228.2893135011109,187.5968761820803,222.47432757064226,222.15119768761573
2019-08-27,191.8074114994922,202.45210432801917,209.71170153267997,160.11988551039175,168.03917138895847,191.42643369047246,213.73630926510043,203.78397235854092,188.2645940449405,183.0811214510724,192.7832238745396,229.91225220017796,187.72700169789076,229.41076205214475,188.80398912622246,223.66962652686547,223.4302330407197
2019-08-28,191.14595454453496,201.68670706986725,209.9935407676447,158.241754349833,166.80785650470978,190.33462792263666,213.7112731362743,205.28243093332944,187.4304836367601,182.0885099904824,192.07011522521037,228.70099693229147,187.19725791344,228.16295504199115,188.2211845344517,222.6416892152744,222.3610721851648
2019-08-29,195.0019136714017,205.9369952634504,215.3029380762464,161.22711175270527,170.41531547676328,193.7138044220031,217.07987290896708,210.2438687343308,191.14340298110295,185.86055134803445,195.81776047480923,232.99809938985098,190.99509735217964,232.31707723719234,191.91933680966403,226.86142038517127,226.44943931629297
2019-08-30,196.06966521580333,206.55602271095123,215.1198248018742,162.82732902111755,170.86644442553117,194.14526458145963,218.95098896292757,212.58827814179418,192.09140888043268,186.98413960870337,196.82773177056316,234.30998694296997,191.79225747829406,233.5527368318078,192.67130248413866,227.8534185326704,227.38223331609922
2019-09-02,195.96188887907954,206.55602271095123,215.1198248018742,162.82732902111755,170.86644442553117,194.14526458145963,218.95098896292757,211.1860019157403,192.09140888043268,186.98413960870337,196.7238664582129,234.8586604014987,191.69104936828768,234.07860244626028,192.57354096585843,228.36645160420343,227.87524353884052
2019-09-03,195.5082368214883,206.34782720267998,214.49067410291036,160.5442694234196,171.0078022621075,193.56394042011723,221.46599395864502,209.2962055238685,191.76255668740365,186.77689874451448,196.42734946522717,234.68228326417827,191.1338140728482,234.07052978796975,192.1676887983759,228.05123210439015,227.72324023988716
2019-09-04,197.72152608485516,208.11434234354232,216.33185774957008,162.92397343796685,172.86557828414527,196.30129181831487,223.59838924685977,210.51976182910502,194.0288815055905,188.82717594770511,198.57468639054002,237.16393335696898,193.50811572375574,236.46493782526213,194.47486384702003,230.71084398383798,230.2941796939181
2019-09-05,196.79653321459182,206.59112774597224,215.6863347593046,163.85030267179616,170.95056488172173,194.52346328805584,222.11559101533544,212.25270222119767,192.89344472190996,187.38822347290005,197.3583963804444,235.9183537270514,192.49893241157977,234.89927890346306,193.19410297503424,229.38513378581678,228.67145513732177
2019-09-06,198.033593714201,207.60330685545762,216.72576350534572,164.7001790984132,171.88028174210598,196.18438355236535,225.39039259892425,211.88908960474592,194.246240800488,188.524137461901,198.50655634616206,237.17260341460252,193.73086735782218,236.05108677057322,194.34263989234896,230.63828382406308,229.82851108873695
2019-09-09,196.34054423016022,205.61552985182186,215.68155932533014,162.40270964602513,170.43970409896897,194.7479975211167,222.9831886012212,210.6455592745713,192.53823583057923,186.89869611344773,196.76157506085997,235.10615792665286,192.25836956445133,233.94114210171492,192.8133213566934,228.84058242347643,227.97935858904546
2019-09-10,198.04815525059695,207.47990348663333,218.0152907019671,163.64299036585834,172.45417800052363,196.58926963512627,224.7250985699599,210.25229062275298,194.39768694953295,188.70853386296537,198.39871719220696,236.94260889902824,193.8602115125574,235.69171696340243,194.3526481426892,230.55547172748652,229.6184252256198
2019-09-11,198.83761704027182,208.2137559778601,218.54135125181412,164.15511541703142,172.69010899860652,197.69524361841985,222.7051713423587,213.80461454270923,194.94445704371574,189.35843725428458,199.17895184915264,237.87541003132313,194.3822132287154,236.60790506809985,194.8756376050797,231.1768034236155,230.23682760377105
2019-09-12,199.08192793775825,208.40921148618233,217.82253813706188,164.61803189089414,172.98484672904354,197.94649635255982,221.8627771951201,214.63277754748873,195.13711337784002,189.7902068277479,199.40033379782435,238.33614726485922,194.4430637600583,237.0330734412056,194.9215403078037,231.4147338580929,230.4505017846603
2019-09-13,199.4788286061619,208.6657972289322,217.80579705443864,164.75990273314855,173.65359849115274,199.57933755283977,220.12237883999828,212.62357581250484,195.72758005489945,190.44559082803127,199.7056177578379,238.73452299891528,194.78475054551316,237.32676388708168,195.1791291869513,231.751806530532,230.69203491612683
2019-09-16,199.88300474511757,208.9823726552412,221.13372794962643,166.52799015443756,173.0698635197412,198.45378509509337,220.57079723857566,211.79814875293786,196.2292837924585,190.30550399044975,200.21354367463684,239.18376899456396,196.167575220672,237.89270598852835,196.62373701930434,233.31967691493577,232.32272226567696
2019-09-17,200.09019932296454,209.1833431950501,220.3118232491317,167.1183248750358,173.73393770455414,198.1232354125334,221.65581437269472,214.97003667226912,196.18402541018446,190.32661591944208,200.41646958053354,239.37424681664643,196.0211196424573,238.0790851463557,196.4860715198739,233.107595135426,232.1233328244871
2019-09-18,199.2283310580208,208.73763794505976,219.79339035330483,166.01544815151,173.36812404822362,197.30266921688647,218.4021917863073,215.51286923049582,195.21712461244704,189.5242810122641,199.5308958768648,238.3364719075107,195.08309080155385,237.0217094723711,195.52840778612804,231.990111218197,230.9908346039831
2019-09-19,200.55881962961823,210.74912608137183,221.40831357364257,167.85947041285743,175.2985390934524,197.95147678345356,220.52207027017826,216.37631325086724,196.56824105114708,190.9510412378064,200.90397143668474,240.00188655281352,196.45219247851307,238.72145117270756,196.9363027621442,233.68422441191936,232.71579319766224
2019-09-20,203.20969340409022,213.13590383346727,223.5203632944609,170.34676172032474,177.21880943069107,202.33331669214962,222.62217129741964,216.91385158207993,199.3581695025229,193.63489522698947,203.66557711850913,243.10539656556423,199.06491652931916,241.93233467427123,199.6549136832521,236.7270605954536,235.86158263722794
2019-09-23,202.1789480665143,211.9838260188245,222.57814374335442,168.08457280921684,175.70667074288266,201.85855520712806,222.75170298323377,216.54940656778177,198.2854821498307,192.8192092506134,202.68345243823163,241.44880313775462,198.06710952053018,240.35811993430752,198.70169938268577,235.14341550376207,234.3524720440667
2019-09-24,201.35161500638802,211.47118941582653,220.53612731797264,167.02633974658755,175.1935259066294,201.15971157009983,222.7828037630951,215.42137715524365,197.49421692764471,192.05559718102938,201.95602741236277,239.42690073247036,197.11244298784283,238.50121175793007,197.8456608090171,233.0484783524246,232.41556452459787
2019-09-25,201.12309032168113,211.7032576522386,221.92861733654232,167.1754522257651,174.21359125396424,200.7878045288131,222.6221423914942,215.13464797254,197.2735903131094,191.78481718741878,201.58655177430322,239.0180904948858,196.83179755200237,237.9399579510605,197.4340440838339,232.590967997737,231.81696276779525
2019-09-26,200.61156290505605,211.0668680237705,219.76133517756114,166.50439081875533,174.5346372163282,200.05524804451022,221.66374377468995,217.25103111218357,196.54981607927166,191.32167397200084,201.06379952600895,237.98782702051264,196.32358844953777,236.9191111398867,196.91511234427884,231.59558490269302,230.82910177916295
2019-09-27,200.4763251138671,211.04592275642898,219.6095147036011,168.24668740275442,175.51210609718262,198.70491618875064,222.35862175516337,216.8535785894181,196.4379601309305,190.7143701087805,200.93491031812292,238.04116989908425,196.14471641418217,236.97156761268366,196.7437617185237,231.58672091129532,230.82190367423334
2019-09-30,200.57228250068326,211.27902787501304,219.47903007077548,167.64734774386085,175.64615537734468,199.595745310667,221.92192037493265,217.5770841438939,196.48095121253434,190.87929464470218,200.87949315188246,238.17126479385834,195.99737857186713,236.9285538468796,196.46255685057744,231.43882885382595,230.52280867065153
2019-10-01,198.73838647056837,208.96429467320078,216.1993315365247,166.49173515178555,173.69627736821207,197.82612034789005,220.87391074543322,216.02347845881656,194.64868910421188,189.42808779965972,199.15576097975804,236.13214674851557,194.16901158479538,235.02289560302017,194.73748910280614,229.4109562526943,228.61974748223085
2019-10-02,196.0237359996756,205.25476141139873,211.90739239943613,165.50395809294588,169.25314456322042,196.8267368643574,217.33788423996856,211.18867665999866,192.1442312413921,186.77720461335886,196.636830790831,233.09161834831812,191.47674212208256,232.21812661536575,192.22825936680726,226.40458243271522,225.8331387919203
2019-10-03,196.5261355065722,205.3304205979404,212.469449260052,166.14539153283948,169.03339269783214,197.56143244358685,217.0051120986027,212.67790372649617,192.55828086009538,187.27734214017175,197.09884491999946,233.45062274138328,191.857560578708,232.5372774482156,192.57537853990559,226.63721338689297,226.03340838245413
2019-10-04,196.40079458580487,205.21990990550063,212.7553349194911,167.42263031237442,168.75040974313652,195.55372050248283,217.22775122957944,214.9266703606672,192.2392123398174,186.50533231652722,196.89883791817547,233.15323517010347,191.73932933047394,232.1624538564674,192.38674196005883,226.35874345935193,225.6817306927473
2019-10-07,194.00532363070138,203.22395255770607,210.13820384442684,164.8242059364739,167.45656705637495,193.2082456471205,215.31824368720885,210.81764352971894,190.0154603997791,184.2703684390121,194.4720693847101,230.4033944994549,189.44109718198365,229.39210614358632,190.05549418513368,223.7313732677551,223.03052059441927
2019-10-08,194.15514284223826,203.30536469909543,209.3824673931562,163.57097949582672,167.5884457651053,194.54533835475908,216.80338409720252,209.15590873068805,190.31169875365484,185.0578467493604,194.78198317654176,230.6699362098207,189.5716809426964,229.83525439338072,190.33721006336842,223.96904602424704,223.43467429253465
2019-10-09,195.04524131143862,204.28968047838555,210.63215855612563,164.0157224032247,168.5247214544783,195.28752270457733,216.70452516402415,211.77029711966128,191.0472349862629,185.87747224327939,195.61939764512516,232.0632581729544,190.4491630701334,231.14763048832913,191.16570952757195,225.31888975520795,224.71035102904065
2019-10-10,197.6045242976055,206.61149697970643,213.43852761151885,167.86863963897878,170.96721234634902,197.47609511546455,218.57041174471888,212.20888182427026,193.7459815416497,188.14831011413253,198.04822789526258,235.0159047261779,193.01980603424457,233.93538922378977,193.61359885853827,228.27070194119722,227.5075992899452
2019-10-11,200.82821708478525,209.6409293813325,216.0566911516989,170.43616294731243,175.3630023622063,200.31759250673727,220.58376016672935,216.20275980413103,196.86257642991905,191.16254681309206,201.10623055213748,238.40696488594776,196.2016335933813,237.13140929108812,196.64139005095015,231.61842817457776,230.67408618493772
2019-10-14,200.30073536757317,209.02651170200562,215.93686631818647,169.48121122670105,174.9786848194408,199.68176468474283,219.58782994061,217.06516966473652,196.22711698004608,190.57193405372598,200.63151391420004,237.86671716875483,195.54217128986485,236.65141662797765,196.03630143133552,230.92674678253738,230.04511379558014
2019-10-15,202.6079346117564,212.0113282647148,218.66936530430885,170.87022858519157,177.97721269148576,202.35360091206638,222.30747655681938,216.92973999767196,198.70400308905602,193.07359853849266,202.823626022666,240.33915467591927,197.64913622089298,238.98660763445133,198.0424920549792,233.17190430095772,232.17077470232655
2019-10-16,205.34536026317082,214.86680388835967,220.2490128470318,172.4709020590608,180.72759097383727,205.5497081645461,226.65147871213392,219.0084828592302,201.45964530235605,195.98687929574828,205.60946992150053,243.39707093844757,200.3759477624294,242.08610966433045,200.815279982333,236.2096519214296,235.24786289357556
2019-10-17,204.74232834538978,213.8812031670253,219.1262175817568,171.90083290886133,180.32689805110013,204.9759545240284,225.8711787896643,218.87098969442496,200.82573856164782,195.20327160541052,204.98239932820815,242.7087110420312,199.8535079405897,241.3741101153606,200.26730394192663,235.61544185560854,234.62775876534386
2019-10-18,204.66636034344532,213.98376839308625,218.37836551829704,171.62758569427046,181.13847487663534,204.4750242898006,226.6317220940603,218.45976653364457,200.77875144010312,195.24869531870823,204.92531631814762,242.49445705891804,199.76375678755625,241.18726819108102,200.19579272340997,235.39440597893037,234.43268674683
2019-10-21,203.6270221417927,212.8569358701848,218.1659230045689,167.68125067787628,180.01501853674472,203.7644292134152,225.13202426401344,220.95518501891274,199.45796912173014,194.51801471512627,203.78916299795833,241.5208625591494,198.68684207260895,240.10098239580947,199.02924922314816,234.36890642409404,233.30395217474762
2019-10-22,204.13680327583003,212.97057227206034,219.01435712741213,166.7641350837179,179.9225928437682,204.53124660969561,226.11059172218103,222.69146677520789,199.86022108671057,195.00876157465618,204.33002333196123,241.93881906759773,199.283244933519,240.5583688164018,199.6516707021806,234.89373008980382,233.86118852051402
2019-10-23,202.1259842911286,211.36884645807754,217.50331866704738,164.44788774407687,179.23606732899947,202.24337505195527,221.59211751828653,222.58470447049064,197.7212664285286,193.29604292467891,202.3249620189123,238.8746724306619,197.52461633163506,237.5464194114842,197.88911312775355,232.1758746312291,231.17829860704796
2019-10-24,200.28967020355125,209.44132123623666,215.59978440422304,163.78912870059327,177.60404196673804,200.3615509075646,218.74374251661592,221.44961036591639,195.85333311516217,191.36425682416123,200.52742319998367,236.65853816358208,195.76778049958216,235.3901808772316,196.16575022101134,230.06618661810188,229.1206244593085
2019-10-25,200.90435808629877,210.2741187552579,217.38595178231762,163.32503934073407,177.6027464036765,201.5146682178794,218.73186726956612,221.4318302460078,196.51047843060655,192.2715114411894,201.1492857166374,238.84711816279057,196.42345685153467,237.51836582483622,196.82670724485513,232.20112556694747,231.20090388100948
2019-10-28,200.13348764784746,209.4784979644533,216.12995854946894,161.42612353228512,176.77745967723519,201.05894628506897,217.40404765685142,222.29552030922184,195.6182404099814,191.59943440028576,200.26727014721567,238.53216350142304,195.51065396015952,237.05703118811843,195.81447366928853,231.69156890867507,230.5621900973475
2019-10-29,199.0106808374065,208.51274664067802,215.08251519237493,160.0771611236598,175.7472820891329,200.06365388390458,216.1877325522835,222.53332512242392,194.4019707840747,190.23874842329636,199.13830203266505,237.39005005052505,194.3832863013668,235.90832595219092,194.68144189698947,230.54013215725658,229.40512795585312
2019-10-30,199.36712813426533,209.58820421610363,214.61409870062846,158.32955565547837,177.03787049746106,201.3625620677117,216.68634781781,224.21367786515108,194.64836891214924,191.4254471789626,199.54030616421323,237.5930347729488,194.65891353359905,236.17016926613266,195.0028952683848,230.66284454037955,229.5862813678161
2019-10-31,197.9615678277727,208.50076007261018,213.58643877186546,156.37277794263505,175.93712310393167,200.07458061956638,215.44038398131727,222.65866166587486,193.27404690826597,189.99422457431515,198.24842172868318,235.9536883737408,193.20588478250386,234.67003331490722,193.65837223278402,228.97807686557323,228.033941126295
2019-11-01,201.6821053665169,212.09045187571465,218.13264360318718,159.63160297008906,178.37794174476528,204.6251074802119,218.6758270900627,225.56236736986995,197.00757150579955,193.74991326834436,201.891887541644,240.3450197684332,197.01829089080766,238.9452701859577,197.3952641337732,233.44774355174258,232.39122181215183
2019-11-04,201.90056599303517,211.70057428645651,219.77639070636695,158.61005174723033,178.3892638789905,205.21639055929592,217.20238375741297,226.60488964006262,197.15759159982827,193.8544459592783,202.025266963153,240.68750544744546,197.25132740976397,239.1855383172463,197.5477897896269,233.79969444768454,232.64700475526885
2019-11-05,202.78815693680193,212.84726372997218,221.01058197209102,157.57348586382807,179.14839119097968,207.2109856687831,217.4862896627277,225.31467239395707,198.20517644827024,195.39206819146563,202.78977660053928,241.68286089779673,198.20671713751568,240.0363406605201,198.38497665845682,234.86947446078906,233.5781415765037
2019-11-06,201.41760839641773,211.738079472501,218.33111415971405,155.7192900552179,178.38552579066885,206.0665158897967,215.00038497250117,225.9548390393753,196.69262779943764,194.03525709574748,201.4706557093778,240.0883663901124,196.80417965948828,238.50976668734742,197.03198709023357,233.24674804615165,232.02049877329435
2019-11-07,206.95842494462659,217.37861902452752,224.89674357356688,160.7020332567714,182.75671801803082,212.11632676861822,222.3219360833268,228.1169757652866,202.4242559173337,199.6188126269199,206.84561884474869,246.54812748283157,202.2273142120803,244.74213506427,202.3037104763954,239.53836023765436,238.10522158004233
2019-11-08,206.51993938613754,218.1985111077605,226.0215815207938,159.95674433081365,182.98311780106317,211.52581768326223,222.91651877856694,223.65970218195082,202.31595639596262,199.3417005484512,206.40688258419232,245.59378007309084,201.92528717927328,243.81071422692435,201.9962441053715,238.77129066715912,237.35177505616116
2019-11-11,207.32229360536144,219.5764490823908,227.21808080169166,160.06516504445585,184.29007997374794,211.07601923544217,226.29948528452806,224.99086376960423,203.06396781312213,200.26430467494345,207.22499913081188,246.5380326906621,202.6772800756009,244.76689113136177,202.76499763797324,239.65271854558964,238.24691518457888
2019-11-12,206.9209194393618,220.5531250403245,228.1912342315318,156.90510056966713,185.20750878909809,211.1670907864115,227.0595344143146,221.18177341513768,202.94763212955212,200.4794995382216,206.8982300347406,246.1879850797021,202.3220060326599,244.49901698521396,202.47815650317654,239.34987912774983,238.01913904711984
2019-11-13,206.71211583980931,220.99562468045127,228.81666158215532,156.5465748277569,185.5721597549373,210.15897598009897,226.57718547867324,220.71042250908403,202.76353785532382,200.17596938394854,206.7641473792479,245.98057376068212,202.2199781702966,244.3763400870006,202.44240920713605,239.2628750819476,238.00649584751673
2019-11-14,206.8194021912833,221.00967675874497,228.7013627190861,156.21387918723005,185.34540607670132,210.1166229718959,226.52228416219432,222.6393081407459,202.7172473045654,200.25654188587953,206.90332857691095,245.99287588315084,202.28827149940835,244.4291863870743,202.5421909449729,239.23744828410213,238.0206803347222
2019-11-15,210.31040003920643,223.83568996763833,231.82185673050043,164.14744698854992,187.57021689409348,212.94550953542873,229.94014622041496,222.6393081407459,206.45007173493983,202.88600986881323,210.28603647903404,249.79398429843428,205.7322996999981,248.0949319416037,205.88614203736327,242.98086638664947,241.63906413617187
2019-11-18,209.9940514372616,224.044859683351,231.02839029815647,162.6071620546226,187.7038711781613,213.14548554127632,229.2912496726196,222.4729977062531,206.1253184928654,202.9495244340457,210.00833398405052,249.2194652858298,205.31355971044337,247.57571342202746,205.50764276696603,242.30535524914626,241.0197817897433
2019-11-19,211.15177611522142,224.99129555504584,231.16233440106438,163.2785560240575,188.7300690765031,214.94931419306488,231.87448968236657,222.1911807637141,207.388760196382,203.92371443294675,211.16734529982227,250.46544119853405,206.21357673688343,248.8197313230593,206.41857492447616,243.2583909472969,241.98314813917645
2019-11-20,209.57079528929938,222.5358612926487,229.83675761152762,163.49881273788387,186.20898651607106,212.63312212706805,229.54532391494794,222.1911807637141,205.69479048719316,201.6091298770706,209.60424786107404,248.38931962871013,204.9168965995706,246.78531652608308,205.12800217749097,241.53004458352055,240.27953366257918
2019-11-21,209.60618553700797,222.49281411579253,230.982908249131,162.68881324244927,186.45677378315798,211.77887958812448,229.04151149323116,225.58566669175755,205.44700532283304,201.50914725774226,209.59887229212327,247.96110637018037,205.16337185366825,246.33167726806658,205.3282079566074,241.3713617954396,240.0857457602529
2019-11-22,209.6798586186759,222.63284851329158,230.76558325986062,162.62788367315187,186.57444713971546,211.67026259107362,229.13810659222108,227.8332201544484,205.33969862195164,201.48788576828719,209.64721726181003,247.5880768719748,205.16565036341308,245.9500629774106,205.3093210288193,240.94647734058364,239.6550420273042
2019-11-25,211.4477637270523,224.51757574544163,232.53265449288355,163.6855134532576,188.06485881889358,214.95187942823844,230.68988089534366,227.72873043889632,207.23696306590688,203.3822666117226,211.3105303126475,249.39554365578235,206.83276160500097,247.63859845793456,206.88178496010622,242.6451015346839,241.2464105292214
2019-11-26,212.24341892312464,226.32200787764322,233.8267553426884,162.6475066390363,189.4531248466059,216.364247461631,233.32245317691783,226.6442537035907,208.1773827827105,204.59262349453527,212.17610657089568,250.47031806466853,207.69492386807485,248.779966956034,207.8072337716212,243.78029408912326,242.4413386841093
2019-11-27,213.23218353362327,227.46251374706537,235.27174701299373,163.39302082924328,190.2056459484391,217.2057180926313,236.2134300157117,227.16326101937096,209.1920328148548,205.3452692215415,213.09282588643592,252.0411652713257,208.60225194635035,250.24390773532747,208.64981832332984,245.22606648958472,243.79185624238616
2019-11-28,213.39974891560573,227.46251374706537,235.27174701299373,163.39302082924328,190.2056459484391,217.2057180926313,236.2134300157117,229.30541599659628,209.1920328148548,205.3452692215415,213.25358352146378,252.21248121355663,208.7596218838172,250.4074599669451,208.80117007489955,245.386339204266,243.94529028895397
2019-11-29,209.63822282192686,223.6114804046943,231.41196045277206,160.2580979744066,187.31726255745144,211.15134922438165,235.1642964294705,229.27246484337215,205.1721931615629,200.95841864267734,209.60907636282477,248.16380597395437,204.78667185616902,246.50181315589498,204.94645243970186,241.10098396772338,239.80484473021244
2019-12-02,210.94690520400272,224.8249421103647,232.60812938389898,160.9050783353152,187.67509809797727,213.18544613301955,238.13176666594754,229.58864222293133,206.54371064198563,202.8170910057371,210.95722621189208,249.1967727351316,206.14366503762977,247.59241802721635,206.33875545203497,242.21281686429768,240.96718844265598
2019-12-03,209.23054620651854,223.04395998638503,229.57183317212753,159.5369968971159,186.49569909285634,211.53056527097044,234.38140153712848,229.98648430449947,204.6778651674211,201.20549084253057,209.36252532952045,247.21532536674263,204.57000072940352,245.75935311453793,204.87410988122696,240.402237062165,239.28877796167268
2019-12-04,210.40027971733574,223.7923160886077,230.57552898005355,162.16812070418948,187.39272794631188,212.04864325076952,235.42426264282227,231.66556831693802,205.7903253591427,202.0101779655771,210.43849286111964,248.40766531357826,205.93037001932362,246.84525971026838,206.13923382804464,241.81366648403068,240.59117315071467
2019-12-05,210.91697656930717,223.97861918319256,230.6152470551615,164.73131160072424,186.93479158903142,212.41147322192901,235.62484064025875,232.4365187199969,206.27938613810227,202.45052844092694,210.94366662487795,249.26731782618202,206.41997563660402,247.67686237219002,206.61901450714538,242.62295939487566,241.37613766494735
2019-12-06,211.51618958082682,224.7217869390243,232.41491821840205,164.96193808787055,187.23020116993914,212.57764127040684,236.33494733237907,234.3800022779555,206.76190226537736,202.81109040955823,211.3925105778075,250.0276253336298,207.02835380160715,248.26047705713563,207.08544176197688,243.38584583016055,241.97299437071985
2019-12-09,207.91497763853008,220.31425516815523,228.09082028368897,163.51546220994243,183.49238490636722,208.32782523344702,230.46675188563577,235.38982013812642,202.8406269441517,198.69211554495752,207.8021916971689,245.5934183095826,203.52114143414232,243.87430459981223,203.58486272988205,239.0959532603071,237.7226968897961
2019-12-10,208.9890109637913,221.4572450683276,229.3250344956402,164.06277927297248,184.80540673092537,209.7550851398998,232.0505473316441,234.77502747635958,204.03186580431756,200.1075456593412,208.90119433978055,246.70043704368553,204.6141302029665,245.00858232716652,204.70066171683072,240.22678891656838,238.87794301695004
2019-12-11,211.04084117713074,222.72621938462186,230.01323353633413,166.37793423540705,186.122348987384,212.23639245517657,234.2989958514951,236.8775228438259,206.05102572459634,202.2091217348197,210.93477051045065,248.9516117918837,206.49006826768112,247.23123332767506,206.56612166933027,242.2752164100512,240.90787481202364
2019-12-12,212.67086710932665,223.51634852865482,231.4866001710135,167.95678020198432,186.6639131478022,214.98893426081597,234.38854065867415,239.16574216904868,207.60624324384898,203.7055110356779,212.42665138290283,250.78261206544613,208.02626844038033,248.89832291269238,207.97583599208627,243.9943527343992,242.47769002861318
2019-12-13,211.98582348564275,222.32696846140513,229.15904578759174,168.83697467843712,187.17534719351644,213.4316012721688,231.13695856867022,241.70023299683453,206.67671552753637,202.52011587299364,211.73237399936062,249.9548890224048,207.38944137470222,248.06629006729457,207.32845142327133,243.227285385801,241.704105367761
2019-12-16,213.6279791656154,224.16297488959782,231.39458699841109,169.70053344891,189.65681016689558,214.5718995771596,232.82861479422758,242.2061862626164,208.3839613117255,204.24019675640187,213.30334939811024,251.3465789984118,208.99518527582,249.39027671493554,208.86858364883074,244.60099118907667,243.01483419529347
2019-12-17,212.5554244959142,222.54697607983286,230.15198370286433,168.1857510921376,186.5681893408025,214.95045513942935,230.27594242748836,241.7801251028659,207.27594772058904,203.58797342192472,212.22352246517096,249.65537121375928,208.02477675529497,247.71860649177614,207.887348943232,243.06001442621832,241.48597367406083
2019-12-18,213.64494105259993,222.89186612900474,230.97489938749231,169.86299722533516,186.37070333762233,215.3918175297676,232.09382537045826,244.20695058489082,208.24585356757933,204.2892376618231,213.28578342360035,251.86309696971816,209.0785306938753,249.8451070904063,208.9168192764041,245.16057806315504,243.51456015552267
2019-12-19,213.50624570160036,222.74431499704534,231.14677372715278,169.50241422668935,185.70990825330378,214.56647727525478,233.05006955435417,247.0859272792818,207.87518881395167,203.87180917865288,213.152808559486,251.57792137691536,208.95276798804906,249.57303918143094,208.79593894195193,244.8987854730282,243.26410208856748
2019-12-20,214.56703689076068,223.7163297352763,233.05763144833395,171.01396027372869,186.46617068202636,215.51627726167646,233.64691563128255,247.76089664882443,208.95027130230002,204.58843038079158,214.1972554593901,252.82288539965086,209.86990013932103,250.79184803384322,209.7032939983776,245.97448256811725,244.32239293651713
2019-12-23,215.64177108468536,224.70265494793668,234.81798619265368,172.37222741107897,187.2027734756244,215.83228292361576,235.81573242117045,249.97199979878025,209.9224953053699,205.4601704403591,215.27707345260404,254.25835592660735,210.94861377036,252.21714310499212,210.78662346550337,247.39573986933118,245.7344691529296
2019-12-24,215.73365358632185,224.7410674160537,234.9440470368943,172.93269896477116,187.29762127124386,215.27827084912695,236.82371504267846,249.97199979878025,210.02007230543427,205.29900356074594,215.45082521593005,254.32180954957343,211.08577713273021,252.37420311290447,210.99908913121172,247.5124774003902,245.93670014175467
2019-12-25,215.73365358632185,224.7410674160537,234.9440470368943,172.93269896477116,187.29762127124386,215.27827084912695,236.82371504267846,249.97199979878025,210.02007230543427,205.29900356074594,215.45082521593005,254.25797264114433,211.08577713273021,252.3132915332223,210.99908913121172,247.4527392187395,245.8795407199018
2019-12-26,217.1633841059142,225.8890663186675,236.0845486732346,174.6499739515902,188.2599392140441,216.14950260319978,238.41470330567475,253.318960277601,211.28283127893818,206.62643453031,216.89141023928266,255.82551943892793,212.51017948249378,253.88766691906898,212.4339135433253,249.01144361325964,247.44477580116094
2019-12-27,216.01057596929735,224.66640783298203,234.0349859575877,172.49836573630463,187.70763822545248,215.72263391322878,236.33014342741058,252.7300015398099,210.10393402239842,205.91287545609472,215.72294160010657,254.52263292940117,211.38137605127332,252.57329245473113,211.2894335950215,247.74041030018088,246.1617998739804
2019-12-30,212.93124329197278,221.44522448799734,230.98678452539514,168.51878851383674,184.64668150506247,212.8674627492,234.08486308925487,251.2004747678553,206.9521144302998,202.8081877957756,212.71980966311813,250.9621000946163,208.40801076701987,249.1186110133811,208.38372721812064,244.31726601258376,242.8326541176413
2019-12-31,213.09056319668693,221.8911744239948,231.3778002649688,168.3384928728737,185.57373319080372,212.97159444581317,233.06781764900086,251.2004747678553,207.12103754356744,203.31369618899896,212.874746821427,250.98933039939686,208.4923997120049,249.14701361717403,208.46687853761347,244.26913833871163,242.78885458283784
2020-01-01,213.09056319668693,221.8911744239948,231.3778002649688,168.3384928728737,185.57373319080372,212.97159444581317,233.06781764900086,251.2004747678553,207.12103754356744,203.31369618899896,212.874746821427,251.00119761816998,208.4923997120049,249.1583406467724,208.46687853761347,244.28024360431263,242.7994837363517
2020-01-02,215.96258614263283,224.0425808363574,234.1148934174964,171.46706124475458,187.4146040004592,216.30099671208887,233.11227052513738,257.4162316679715,209.70046899381992,206.2735310127136,215.6929219244558,253.94829338684772,211.19127088191956,252.04311217267156,211.12172920698976,247.03949043349886,245.5078352056666
2020-01-03,213.9341913936597,222.20773710622402,232.98840929829282,170.21316387198414,185.18007514966263,213.25525649107172,232.02804669154423,258.21220168907166,207.49288979502342,203.55567361154945,213.87802508997842,252.20005319180623,209.54639666096853,250.5207112784412,209.66292578081305,245.69594255655264,244.3590058006229
2020-01-06,215.62572640987105,224.76445620861708,236.34687689165347,171.61162416853844,187.30475666743686,214.41954185719766,234.99748201921085,255.19012748480168,209.503410035811,205.22559365181198,215.66340653194663,254.7863120600227,211.1941378204625,253.17332197178501,211.40081062492183,248.18305500001858,246.91227846908959
2020-01-07,215.59738575909086,224.41473230194168,236.10499629520527,172.25036776102306,186.59929929615754,214.9640029112779,234.91588842454348,255.06865994058577,209.4824363618799,205.2343080692828,215.6773991328838,255.2805973967818,211.15529556931153,253.69209804307707,211.40226227105035,248.63223277133164,247.3862856000825
2020-01-08,216.45264091768874,225.51043910509043,236.1564857499232,173.42896084027635,187.80209101543335,215.95027537237394,235.70336260629156,253.6412884274965,210.49554929367682,206.0887260634209,216.44626270324628,256.1623460715247,211.66871669037565,254.47529496125858,211.8470467902845,249.1288495153074,247.80636951110196
2020-01-09,217.3599042526979,226.4216563776685,237.73840033785496,173.8818224700792,188.51392685760192,217.96654586468605,234.96320796169496,253.86337623345744,211.44129657115758,207.1012052033152,217.26108054137353,256.93011616403527,212.39976293772008,255.14522053243937,212.49774441611936,249.7102492445239,248.3037623686096
2020-01-10,219.04527163793034,227.468083874373,238.5679484916986,176.30565804686995,189.0358092786491,220.33275305244408,237.5724991131015,253.98008594107543,213.22097845231355,208.79766118028513,218.99371956920413,259.29442107351605,213.9872553788789,257.53313236859026,214.13343301623797,251.92704068116183,250.54856911653633
2020-01-13,219.77429324381714,227.81363749030007,238.79172930279165,175.2911389610056,188.52778581148604,222.65376495883916,237.0428571926814,258.31164578007565,213.66454420628168,209.886816797484,219.58252731544067,260.0398843989781,214.48169625811917,258.1196677693808,214.50492472664666,252.40922103401005,250.89288160064723
2020-01-14,223.11728085081737,231.9849882534017,242.77987081296737,176.58163586906684,191.98120228362419,226.03933598240573,242.6264255816627,259.76901108448214,217.1004673812851,213.28277034897073,222.9435019599372,264.9187447451238,217.82968498316143,262.95087579728687,217.86962216016508,257.2071991800152,255.64886182424726
2020-01-15,221.6061956496413,231.0829890877292,241.55301624005682,174.3140153787324,191.00778214386912,223.92683935618308,242.96283446018387,257.82746519984164,215.643977152059,211.6363381224102,221.51464607697972,263.1344340627085,216.31224102620087,261.2713626495859,216.42968348911023,255.42658172962325,253.96651352080815
2020-01-16,225.12563935780267,235.0328734540326,245.65467307518833,178.1116170736612,193.68696164198082,227.47521096868155,248.32548448909128,258.0228217556829,219.36521908119158,215.11647202579064,224.96987482845773,267.15505192065035,219.77899636653467,265.1983828376951,219.83815133029515,259.37097591071165,257.82586597124435
2020-01-17,226.50054737743002,236.20605267505974,246.34530159569823,180.27625663332293,194.76416035987742,228.63519290579416,248.9922386300597,260.84714870192886,220.60845089503957,216.51294134937083,226.32578169400696,268.99743592977734,221.1160343341477,266.99876600160997,221.15879012557826,261.1458879371643,259.56402422504044
2020-01-20,226.67887440932256,236.20605267505974,246.34530159569823,180.27625663332293,194.76416035987742,228.63519290579416,248.9922386300597,263.31157176902946,220.60845089503957,216.51294134937083,226.49684355298817,268.81884389575197,221.2831585548204,266.8283188067907,221.3195175644368,260.9791771140993,259.40446030892485
2020-01-21,223.45673074155994,234.91784194691104,244.96201364371868,175.7879167573968,193.59187237860667,223.45081976298044,247.91443546007815,259.7593815004013,217.4580730745911,213.25221863909084,223.426582016078,265.3303651617251,218.2092135048865,263.5220855311577,218.3825881273131,257.661096486929,256.25030337309863
2020-01-22,225.64914487651052,236.53298058393267,245.70709813169898,177.4506831901444,194.59190539870406,226.19751604227534,250.98244598439163,263.46911390643027,219.50326399399577,215.5115502456093,225.58187135702147,267.8069229601053,220.0674326876757,265.94483719195694,220.2185527815526,259.74981855768664,258.3046588569797
2020-01-23,223.26697982788053,234.60081187595497,244.02363906641475,174.39600052630956,192.4211573827064,223.0050911398054,249.3664044156805,265.11987850782316,216.85029155692277,212.73013955033787,223.25239025531522,264.68130657079456,217.59896095344916,262.9112670424933,217.80276223139631,256.56454169936984,255.20852873471398
2020-01-24,221.30734650143472,232.35783834441173,240.97330186346184,172.701764314791,191.61617854433698,221.0726763541582,247.12448171498568,262.3270587541724,214.9816167662134,210.89693492917257,221.39725782998192,262.4690814001478,215.5688858301331,260.82778526483315,215.8733215370123,254.2797596861166,253.0475089406601
2020-01-27,215.15937870675046,227.32616219282193,235.25636746530202,167.7104637274856,186.84132017711738,214.22412439120234,242.24378726065035,253.82945764450707,209.09953327903855,204.63957652620445,215.5327245491482,256.0210759610442,209.55164360995488,254.71176415028313,210.11676169058552,247.96897046906733,247.04214268551704
2020-01-28,219.45926791227222,232.00187271248262,240.30110461408057,173.52088961302564,190.57854219778773,217.88230128641462,245.0280085494952,258.0669011187979,213.3408698939638,208.83782260468817,219.68654471433524,261.56923380465065,213.78039739544872,260.0405706400538,214.21142529982498,253.37312797719602,252.24660914467648
2020-01-29,218.7382742243543,231.2333823442037,238.8018142989288,172.29764889123166,189.9736503130882,218.06101154791867,243.52170765897964,255.32231374092987,212.78252484802346,208.49005846259766,219.01460631323667,260.6659082517253,213.0121308838905,259.2008889638096,213.49084372281547,252.4246116535827,251.35953845907525
2020-01-30,219.29300449379872,233.01259381198327,242.01536439620156,173.64951401062112,191.19450664638958,216.69432982414153,244.565159656498,253.45779395739507,213.51246873994617,208.42893258920324,219.62257934172595,261.6058996598967,213.54126712749982,260.1847206137291,214.07084286534933,253.31187881571879,252.2897832120946
2020-01-31,215.85270629121533,229.72178400679445,237.50030369628323,171.7807740195592,188.61154583118588,213.21784780631972,240.7828412659274,249.02314479906943,210.19795904096128,205.23905285803315,216.39360398280348,257.5239344783769,210.16646970674677,256.37069667014123,210.8915341378306,249.33029344080603,248.55481654379236
2020-02-03,219.3462447467582,233.1319241652833,240.51649471353093,176.80186297391762,190.33105925678285,216.9691656778138,242.76460066880142,253.19833876163412,213.5888652763116,208.51965998321026,219.78147642150674,261.5598946829708,213.23795884739692,260.2632932186125,213.87913439556715,252.86629949082587,251.97657143770945
2020-02-04,221.4933177230011,235.01451644712986,241.82371873617296,177.2263898750192,191.94228692475957,220.69976879765326,243.37780781730748,255.7728523182187,215.67221401693413,211.2340941702018,221.65985762516294,263.804649588032,215.13013206889232,262.1982003540063,215.52911829723755,254.82570750076724,253.65836525820092
2020-02-05,223.52747410158682,237.6106387730607,246.45073638420664,177.57642708948663,194.06022745052547,222.29874742400355,245.39337765031283,256.84181710467686,217.7510309538822,213.2222167690339,223.6394386555681,266.64547948238646,217.25545658623506,264.9419352496193,217.60016486803423,257.7247087055904,256.4640393638912
2020-02-06,222.7766948213167,237.1620568959134,245.43340740527634,175.9126617596138,193.51584978567755,223.09944190951217,244.4692915073611,253.6371332133043,217.20015894263528,212.53620280069288,222.92403434173372,265.8638101016662,216.54620226494447,264.2016303931857,216.92244477345483,256.9882911693731,255.76442288426105
2020-02-07,222.5415056973954,237.8547318798689,246.79475647584067,175.89578465288358,193.8539647878828,222.64157247039736,245.36600559194775,248.62418523937237,217.3402658425423,212.43274096748698,222.82137326652958,265.78602109014196,216.29282568787823,264.2677768516782,216.7937277673659,256.8772963520639,255.78900123404424
2020-02-10,224.77447391174485,241.05676951484597,250.28574092459772,176.98603473296757,195.98416772100532,226.15708102860603,247.28436507840166,244.60305844109072,220.03885741378468,215.1993211175386,225.07329786875138,268.51102660127975,218.32426961634556,266.99340887126704,218.85033511895008,259.3502705611024,258.27251725265177
2020-02-11,226.88181520722455,242.447479255982,251.41008994823503,177.9213969380595,197.39261369097113,228.3762985083887,249.68973844095626,251.05128697828482,221.7620075514505,217.36389249464833,227.06924055969347,271.3123524148933,220.357481249424,269.6377829767727,220.7822005839247,262.0298767719016,260.81049912826023
2020-02-12,229.6911753848319,244.18328015243497,254.27799970392732,180.75689910276628,199.04011775015823,231.24128387823782,253.92619682220513,254.17417039904402,224.5068278678911,219.5142760503086,229.77484199214868,274.6794022720402,223.25091151551635,272.8626418800962,223.5756793678706,265.4699436679517,264.1145338243787
2020-02-13,229.15363602448303,244.44720142108673,255.39902464575644,179.91924003469225,198.8487173800233,230.18748657806833,253.99429176085908,252.46842081560516,224.07062555394944,218.6435439315032,229.3685486217248,274.0111975577411,222.82993127984602,272.349913010093,223.27315421720922,264.94112390748444,263.72490155498883
2020-02-14,228.77446172245786,244.09651990259178,254.87585540698726,180.67423609802705,198.2403994395855,229.4290037281271,253.36629745910705,250.94110898484007,223.7893851825235,218.22208456746526,229.02617500598174,273.66115952909973,222.55042737922645,272.0404680168642,223.02443428166328,264.70081460667825,263.5179499616507
2020-02-17,228.93733141877016,244.09651990259178,254.87585540698726,180.67423609802705,198.2403994395855,229.4290037281271,253.36629745910705,253.0849165709622,223.7893851825235,218.22208456746526,229.1827019467878,273.07018995660286,222.70252849854978,271.47559330604406,223.17099685596543,264.1511802188432,262.99103757785247
2020-02-18,226.53462607935813,241.7357979687321,252.8048104381592,177.8417483587118,196.10165424517444,226.13242766621494,251.6918244736154,253.33661936739293,221.20695820039077,215.74568416899268,226.9478557665935,270.9067615063219,220.41721401991046,269.4920596552695,221.03845299359278,262.09153471619237,261.09524932032764
2020-02-19,229.32777972974884,244.42364235908417,256.805218266851,179.64137348177476,198.60127687428943,228.88796755803753,254.79769951257524,256.41566563976437,223.93796037935272,218.45065342232695,229.7468361398388,273.63731027003524,223.27030518233144,272.23251251120206,223.89504967111785,264.9106869678701,263.9196811056303
2020-02-20,227.4604113744021,243.42033660373312,256.10511593476036,178.8298948112193,198.00572911183696,225.6419845092262,254.25233923114462,252.9466895573954,222.2241269351565,216.39986368496557,228.0079173469054,271.4930241919544,221.62390021226975,270.2462617387211,222.36097867025939,263.0274782004352,262.17366538328145
2020-02-21,227.6403442905127,243.3254597226268,254.21122746578928,180.34049492484039,198.32699257860375,225.8615910363033,254.9630749992609,251.850290962425,222.50346515753247,216.69761619583093,228.37813684548726,271.85831345106874,221.754772697575,270.8204796640948,222.67203173672314,263.3250507079307,262.66909920316664
2020-02-24,219.62946968131845,234.45775307041194,244.0812589241652,172.78414448677844,189.87928406721625,218.11346176138767,246.302693221657,251.850290962425,213.9615345318651,208.28097004184957,220.73960609022603,262.6271648463271,213.92448376478384,262.0658688320457,215.18379743736443,254.34085028177958,254.12102257033303
2020-02-25,215.86517431520554,229.09504390359254,235.6394053698564,168.54642616655292,185.34357736725048,217.07234407807707,242.41846349996155,251.850290962425,209.96100624972107,205.5832209841433,216.94347286867693,257.96275860842997,210.1276966832725,257.4030691767976,211.3576915249469,249.68076501945947,249.46244264551467
2020-02-26,214.60901971453458,229.103579848475,233.39489859909338,166.89113630230608,185.0037075443049,218.9549147482466,240.46534770628733,233.9605951728625,209.98397029198262,206.37274840324415,215.76986370451584,255.94644064185044,208.78449662337303,255.51222973779977,210.09449322398353,247.61076224958924,247.5116528987121
2020-02-27,210.79225449653003,224.41584135528262,224.995265727458,163.77924298800437,181.89826379417374,217.98800615327715,239.05237782976187,227.20056536514628,206.4615278318176,203.61408786626072,212.2102273946899,251.67956180890414,204.99765613997053,251.55792997425758,206.54680890546433,243.38823911414593,243.57914724655197
2020-02-28,210.92621771662562,224.75968254798352,226.4751178485295,162.60464120110817,181.8935189913577,218.76694283770783,234.84663101159194,229.55768232488668,206.4099436308802,204.6159220479025,212.09555152656284,251.78446259981877,204.9096180504018,251.38046391992611,206.233026838294,243.24249692007936,243.17921571376604
2020-03-02,214.0568085105806,228.0471709499445,234.39592930088446,168.15571682415427,182.84146309928678,219.17112171335611,234.17066867275273,236.02236700644292,209.2235715284989,205.81723319399256,215.08172110213724,255.5011144968283,208.15345510531395,254.907567537279,209.3387189453272,247.06500370983204,246.82112200619898
2020-03-03,212.90468134687802,225.7256843411982,228.8560188666748,168.2711747490008,181.73422015791385,219.07405190036718,235.5710250399019,233.61203925667965,208.1893255749232,205.88601342092878,214.3029595450832,254.15748268829134,207.1108639111119,253.99761339879245,208.6417652075023,245.85331067943815,246.0088418466008
2020-03-04,220.18681667059985,235.5233392722659,239.21219602696374,173.20843954305815,190.00084523730976,224.81190463956676,245.15185305338724,237.79856729889275,215.61835278510085,212.23977310362633,221.43309939379256,262.5576469838896,213.96168590251276,262.17602971284157,215.36519900893438,253.72380277318877,253.69188034335698
2020-03-05,217.19691123474058,232.37805365322126,234.81827871313706,169.57300020156626,186.89990973316156,225.01677954303702,245.1283127072538,226.00008471326322,213.39685781153236,210.49666483380332,218.87861649904457,259.6924659477131,211.08527274698358,259.8031029975267,212.89182540772268,250.96202448687444,251.3849928505664
2020-03-06,213.90338292958026,229.63645991870726,228.93925239926332,166.3763187090128,184.98740278341882,223.32422187479474,243.62307040127416,216.4040559048354,210.690496996194,207.92925162903498,215.7392533879915,256.01408007879144,207.2774362135645,256.31822037067064,209.2429759503,246.70375828074378,247.3274098035212
2020-03-09,194.8682984513036,210.85384596947057,201.5878739036959,149.0276329992975,167.47665272226286,211.95161383480507,219.1891308374354,188.971259054871,192.66490059172742,191.55376188685474,197.292199205383,232.765396016197,187.4488683275962,233.91826971457675,189.98082904730515,222.7349357170184,224.1704215762032
2020-03-10,209.34233756859132,226.26958777684757,218.05655625078276,160.43268701992932,178.2242692411393,225.51549430433076,239.8955548328098,201.8742134275764,207.08030042014602,205.84725520180888,211.41761047227067,249.6158993520302,201.8843434061406,250.26647599340762,204.10181814023431,239.46101916759295,240.44131598315172
2020-03-11,195.5987091434097,211.04263718042594,203.95361570162177,148.64747589137397,165.30689206937396,213.64453546113361,222.64670667450127,187.08424359222752,193.62847461049603,192.39605353371357,197.91866003450343,233.71505045287302,188.69345848344125,234.73898852725517,191.11718935983026,224.26107136441598,225.56089347793628
2020-03-12,180.24283441122108,196.06342104263382,189.49397231838907,140.21323665121014,151.33453699266934,200.29621751866503,202.66912922018304,159.6704090510572,179.62469320053708,178.00597588174222,182.96752898999472,212.84313004968686,174.30029869371702,214.54239965046278,177.06767904754204,204.8072346848195,206.68243245806255
2020-03-13,192.54004872137293,209.04487473126335,205.06372929611115,144.59394530343735,158.29435431405335,212.17777162503643,224.3470171768115,179.59025964997534,190.95662275170616,188.9723731762578,194.69318926589705,227.7524760489567,186.1277761236469,228.70173465474159,188.38062364893787,219.066669257557,220.26948071452244
2020-03-16,170.4389569240396,187.99517241039206,182.44126937973704,127.41094725607964,141.5477074453209,190.63942178818226,191.7690388072561,151.40596266240303,169.7689931973059,168.9449110473929,173.25002167713967,201.86282224965052,164.7282087457136,203.71667095675357,167.5654339766914,194.1159296876745,196.12259863408153
2020-03-17,184.53805933898283,204.33722369297547,196.50727716669252,137.3003484752887,152.1850020578388,208.71999661641323,208.9232231204855,159.17368721616717,184.29757111285406,184.1437020296938,187.31424369490966,218.48729861415248,177.62715711288018,220.1943464597218,180.46632612461934,209.28055302039175,211.1971064231992
2020-03-18,169.2066534975516,192.26389247299903,182.1832190496816,121.18623691797244,140.81138585611404,195.11297550401179,190.69703334600263,140.479438912161,169.56191880138067,171.0088677195775,172.24112529453873,201.10164310934792,162.2284192851062,203.1958059515807,165.2994642940833,191.8725411515866,194.14089739429204
2020-03-19,173.45170063832123,197.89655340570698,190.31953561719092,127.07459887883789,145.35574615632532,195.6071983787897,197.08036045998864,143.54643890417935,173.86606248896908,175.74409324800092,176.38638609713212,207.58698080135338,167.18411185844963,209.49316473002077,170.15192715655957,199.01467360302533,201.09661302120983
2020-03-20,171.4877276555226,193.038258988463,185.36442707294395,123.06430836420587,144.18609059496274,198.63446941420756,187.94457544799621,143.20746609046918,171.75575276310596,175.3475460581921,174.56117706527124,205.3247901828243,164.8195731399241,207.4031928130467,167.92340406407286,196.3029242564724,198.55521096724357
2020-03-23,164.67418947732907,187.45978873846155,177.90069530941537,116.36947578709409,143.30091423742823,190.3080752580962,177.25527620906328,135.3265551850263,165.1704541999649,169.94916144203563,168.14173159348954,197.70010935530425,158.3905821609166,200.2703497767028,161.8461359885101,189.1306356204969,191.82080229745435
2020-03-24,182.66197323956982,207.69948457216998,201.13900142984687,127.00024169426773,161.47005813555992,207.8569989361874,205.90262270000278,146.1653565482886,183.64998105397953,187.1560664022301,186.2344790989953,218.98238178754812,175.25303673088646,221.52792202619716,178.84030796656816,208.997941298291,211.71121907185076
2020-03-25,188.35653803766667,211.86467284765135,203.07185800288718,133.50990699456423,165.6718894729288,213.75107787433666,207.08470816728047,156.24902322863502,188.74404810455562,192.18727670756059,191.64389831430134,225.39259805060973,180.57820988636502,227.5753408032333,183.91378376006193,214.97246207799768,217.3662293927869
2020-03-26,195.28938537374023,219.35672020115348,212.01259571976868,136.79933349162258,171.4775980869842,219.42039583262303,218.46433507118513,166.19185631289542,195.23083778892587,197.99209353585795,198.41580491657174,233.29004045913587,186.51667541837585,235.24281970822804,189.72951939628868,221.70888888764253,223.9256182141622
2020-03-27,185.42179962506466,212.06389558431061,202.23962485251542,129.0595785502189,164.46896047652606,209.36835500318617,202.5833726969958,156.95082187441278,185.45631109847392,188.8749003846576,188.72260714452727,221.61136633621027,176.8980299511671,223.84105203400543,180.25837698023847,210.38388238911168,212.83926818532413
2020-03-30,191.7962099843378,220.48587348844802,210.96110191312246,131.29221219032075,170.12442043497086,216.10152658248043,219.47623326181787,158.43950057956516,192.25159366136126,195.5923595688313,195.10802783576617,229.0142905623417,182.46559980999913,231.2099776136803,185.85774077996675,216.83205494239343,219.28508902727538
2020-03-31,194.70637383391966,222.70069202791606,214.02346032940662,138.50234101501223,172.6387802271524,220.2257476232647,220.07260284730035,151.00217010279508,196.25426551401958,199.02020390906972,197.83184514007976,232.52098304528664,185.21426477955615,234.47946276226924,188.44157392199196,220.12828777922232,222.3721620460115
2020-04-01,187.02716028744416,213.16847438131597,204.67114768742053,132.6597228099027,164.3365465343341,210.28810010751405,216.49751312253164,148.15525890924934,188.14671287181108,190.96664739046292,190.43290588825695,223.9799085891609,178.51680279026948,226.30193275109212,181.97324659482106,212.71361898163406,215.25450151611176
2020-04-02,193.51587230696555,219.2808041593039,215.71666786567363,136.52417835593036,168.76975710919498,218.61412312329773,223.63946407920935,151.00904416054868,194.93821642226786,197.6503234814572,196.9668842578952,231.77234496945093,185.72419546973853,234.0910209071125,189.21346085670552,221.27500158689958,223.79757815670587
2020-04-03,189.58953312570446,215.76270480547214,213.18161263369632,134.85206121553844,165.53538381687892,214.90533627914954,217.1721322623112,144.79355080388166,191.35287395700706,194.21595159712876,193.17999217558912,227.1881315012464,183.2667892552114,229.69572132849066,186.8520038853928,218.3957635823833,221.04556503976048
2020-04-06,203.9148127087794,232.52335534863727,230.82098223796712,144.3468928221508,178.16892792740168,231.0314657282545,231.40918615782127,154.18990353135234,205.99690919080777,207.93502826299465,207.54766150502198,244.56836854248132,196.15933050486927,246.9977665692522,199.82131912024576,234.00117814237777,236.63140483897948
2020-04-07,203.57973137641997,230.58161019445555,229.7618392572122,144.02254954180302,177.2366347548085,230.88637112880517,225.98534146681823,158.70342723679587,205.07944766002453,206.73023804166252,207.07822677602422,243.94018139980292,195.2053597407199,246.22521959539702,198.75543592177033,232.68395701383918,235.19877891617858
2020-04-08,205.0963467532099,232.18523632285147,236.19110562889264,145.70155856532077,177.4714361573021,230.0441856879895,227.19550412806115,163.35405004739937,206.19979631964202,206.48604226912028,208.38662656487435,245.77918321906776,196.93181997579617,247.81275146881933,200.28641943309324,234.74932285960244,237.02765822676125
2020-04-09,203.77669069683049,231.96256165472775,232.33664592715698,144.82571803203538,179.77909704325987,226.08556776302424,229.7269509011619,161.38073664760515,204.97887059310384,204.51047003897452,207.15633140417603,244.03403003395562,195.00590711584968,246.18589671872942,198.4556188233594,232.33340593466565,234.73856549754842
2020-04-10,203.77669069683049,231.96256165472775,232.33664592715698,144.82571803203538,179.77909704325987,226.08556776302424,229.7269509011619,161.38073664760515,204.97887059310384,204.51047003897452,207.15633140417603,243.41868704103325,195.00590711584968,245.5890034269922,198.4556188233594,231.77009888378572,234.19050618921307
2020-04-13,202.45993634815477,229.21971133320685,231.39922243497355,143.5443317874375,176.83031197414897,224.8390454189158,228.75310665013774,162.65237689272894,203.38710212190745,202.94744977058207,205.98370173498589,241.87911174391257,193.6907863539009,244.22359366433346,197.27226501671572,230.24007604828944,232.8194405640781
2020-04-14,210.59243264454346,238.66014748331258,240.97455064767524,148.3497802896396,183.32651417459806,234.4981404962955,239.5758325771941,167.14625816142896,211.78869651609676,210.85934803021166,214.1428743250503,251.37886119508838,200.86891604935096,253.6928619968617,204.50093151120225,238.60240313776276,241.18841906932022
2020-04-15,203.73612553605344,230.39141287803656,232.92682889934392,144.30768037515114,173.9969471380606,227.86108011680852,229.64295985704504,166.61248836404835,204.32808583092498,203.49847277604187,207.34631352330007,243.1591227355963,194.1405742476071,245.59857120627896,197.81932022604397,230.5863158852173,233.27758642590362
2020-04-16,206.59019377393042,234.46892069509065,234.7617983739477,146.0596224643143,176.47842885132164,232.53677005150385,237.1345290111583,164.57497268199955,207.67781964691713,207.16652953531067,210.24799473216586,247.27573472033768,196.7397745974226,249.72551753189077,200.46977667146294,234.3266117246355,237.0393395869259
2020-04-17,211.76341440301235,240.5860773850577,245.65041569375236,148.14653906234642,182.8159389871177,237.45685678730544,242.7496583483026,166.22568741780873,213.16167660898327,212.02472672533926,215.12931242755116,253.17993470307783,201.18967454515268,255.26140444426085,204.67112488311702,239.3862305364741,241.78747115677686
2020-04-20,208.8514966804942,237.12665085473623,240.76411623727273,146.14320758524764,179.88100515880566,234.17440014420345,237.49258643491729,167.62121142722748,209.8013758938626,209.29756021281682,212.35374280422855,249.53541428088144,197.6569729793683,251.8016126260252,201.27434147356746,235.06962099683838,237.65595926438525
2020-04-21,206.3154204664862,234.4832935021701,237.64820753778443,143.05138299443232,178.12989408074213,231.87198941948273,231.54267806235592,167.62121142722748,207.02216437043845,207.47263045221942,209.95363779263744,246.7818608751036,193.46462925915404,249.21583636049064,197.23814368008908,230.41622043940419,233.20369077976588
2020-04-22,211.1664847487186,239.47264175893278,244.55815644873394,145.17217323385427,180.93278482411606,237.81249532590158,238.79454307413405,172.84287140117408,211.7460845144289,212.14613269052117,214.85733680023054,252.69139671398287,197.0048749271692,255.1419395491747,200.85726501197206,234.77490735757476,237.62095908070168
2020-04-23,216.11435096265953,245.57508702500343,253.60433267854222,148.44326278621597,184.72463982977285,244.25295782372623,244.79653118444662,170.28461417902722,217.44348710507353,217.3896258583874,220.0075998707107,259.10093605511514,202.06569723618267,261.72701426344105,206.10380447972236,241.22219528307,244.22963394066497
2020-04-24,218.83856537443026,251.66138679531952,259.8907258246459,149.07500740244433,189.19875368613486,247.88059051431105,252.02590025366533,159.44151755357973,221.69236208529446,221.45728965216986,222.75460543107766,262.55248915893856,204.4064976429936,265.1762775298718,208.47580116252215,244.19210633881914,247.21220982258907
2020-04-27,225.09764349320324,257.43425848638964,265.5959317191869,154.1311420620124,194.16806688013006,254.92053901977783,257.22668316230806,166.5798184421439,227.70718888374654,226.86967233145688,228.87486245134957,270.17921133825496,208.8597446878794,272.5875490122733,212.84663041311057,249.68110037946758,252.5674089215824
2020-04-28,230.6054055513478,261.8354983115159,269.361003557638,163.74616294858254,198.1222761317413,259.2175396317696,262.5868928126716,173.05533790522972,232.98060820821772,231.30833852195582,234.3410824633573,276.69686936424785,213.6535367438471,279.01350657148134,217.6245508182403,255.34359840830967,258.1752226172551
2020-04-29,232.10249168071493,261.56195053697775,273.8160946236106,166.1046878458557,199.8087448702164,257.98708989664095,261.0118721709478,177.96985565950388,234.02913214410054,231.02607246578907,235.5946450012334,279.48789442358196,215.21869680959566,281.4827616656097,218.97271340678665,258.0886233212704,260.6368123966264
2020-04-30,220.56803309983235,249.54467498366938,262.89598356426313,156.1846526640219,189.6653462380301,245.307947809321,247.8659793394408,170.83181453535022,222.1949527442999,219.73616437121893,223.91055189824587,265.64786374952,205.21628996143195,267.56950635993655,208.79008599324095,246.10559858321102,248.52844348298103
2020-05-01,220.23978710371975,250.24899525512905,260.32285374782987,156.41553145259056,190.49154042168738,244.82552031414778,246.35989707895348,170.83181453535022,221.83422494079562,219.63254962544448,223.9013446242036,265.8297466612368,205.04097024993956,268.10264215897473,208.8971351508492,246.40353246181786,249.13746577178827
2020-05-04,221.69946499061987,250.43057583393983,264.141087061161,159.25943474604608,189.78410832524014,246.3977564511346,250.87455832484315,167.3272223994743,223.8518470773414,220.6141529099165,225.34257755072184,267.5610093840746,206.68376884893053,269.8007158158903,210.52138917940346,248.33736346289714,251.03748463977763
2020-05-05,224.9752592955629,254.7461160945241,269.1131137065149,162.51875355255848,191.966562061392,250.00251522534342,255.50935462117766,166.66071383318285,227.541195405827,223.9866799583765,228.68235646656765,271.59042035192573,210.49387523707242,273.87260012047585,214.38173798320906,252.94819008298225,255.67367126288536
2020-05-06,225.3142641757289,255.00079128899822,268.5184076512711,166.24628729842226,191.1633589519507,250.70801707649366,253.0895615055563,165.33051880643737,228.0803377987013,224.48437528149617,228.95668551243637,272.37959395879057,210.59526354010939,274.5727597841444,214.4301173800938,253.420239521385,256.0746682715526
2020-05-07,233.50051624663135,264.92926128715635,279.7901875585962,173.92904026220418,199.33063049955632,259.95044621653835,265.15778080573574,162.72840790873587,237.44676769374382,232.77596550293168,237.31166811687396,282.97007360598354,217.9904180774143,285.2635606698471,222.00274464622146,262.95213432159755,265.731947694066
2020-05-08,242.14770309898478,274.72431368339375,292.5588406950903,180.64128954510983,206.94534032813382,269.5567284104392,274.44391833558524,165.01584193855717,246.73605868584065,241.6549550980855,245.8788198665475,293.12864549622725,226.34793623979684,295.2612613415296,230.30399181621294,272.7337539071589,275.3860213415131
2020-05-11,227.38049087369157,258.197516173224,274.1362130821071,168.390920865078,193.0558017934691,252.32723001461497,256.6753059721584,162.0715324673946,230.7213359637371,226.3181654101035,230.83277213059702,273.870924409386,212.43119783446622,275.85772446048173,216.10224588838526,254.7343612519862,257.2095116753657
2020-05-12,237.6072549169477,269.89636737180547,285.48591752531405,176.32507553137407,202.25472517485792,267.7227133968953,269.29514620394644,159.28663040249293,242.40213625615144,238.37902661443664,241.41101651867422,286.65035873752055,222.04580367073592,288.93744298188443,226.05727023148373,266.6737442232882,269.4493014169786
2020-05-13,236.92144647185222,269.7929865338972,281.5285190233187,172.95264364433189,201.38151764679617,269.37584254546863,270.1268679045184,157.3883804381774,241.90149790645933,239.7717044692396,240.94848515825956,286.6028193105023,221.3753769787275,289.12888189619184,225.58680849699803,266.56750982984704,269.5592281958634
2020-05-14,238.02058025732998,270.173475606425,284.844871784628,175.6761806032903,199.5904104760833,269.1363366021745,272.51184015152086,160.2277755856552,242.72902323930913,239.44609487810934,242.1095290671311,288.45602155328004,222.72919276096874,291.0279791060947,226.99248584974754,268.6508147318432,271.67898389176537
2020-05-15,233.7884322719109,266.9134433995976,281.7947760450936,171.89648102544606,197.54977467168447,262.2538179671422,268.14252875885103,157.95453227732966,238.33387168127317,234.80275247086544,237.90413147184512,282.9069102839815,219.19612138634875,285.56064677766346,223.46470087137803,263.9931983326767,267.06773923700433
2020-05-18,245.41766611774443,278.79411157782295,296.39768950646925,182.38350409108125,209.859387571288,272.13746161989445,280.9941485482634,166.961078900456,250.03153180816403,245.74534118158246,249.26720606445244,296.9928292519488,230.49027748311687,299.2347021749745,234.5381813684047,277.5894667039644,280.31549477163105
2020-05-19,237.54507611279365,269.49929137560076,285.5681035462848,175.38263282486,202.1641502988374,263.395896687831,269.5730678071245,166.16352709444877,241.3903706436796,237.79615426344884,241.45302147218172,287.5734750748546,223.22597853907746,289.95002813204263,227.3058015276014,268.9315345469605,271.7527094514392
2020-05-20,243.506915750527,275.92164001891,294.7383628995571,180.84202681761042,208.48719952959547,268.68022654276234,278.0697290483764,167.1367782705266,247.87094374475197,243.01107823590007,247.35475490184217,294.3298578672141,228.99175380133622,296.59747303763334,233.0273691814983,275.45570164175354,278.1889033835042
2020-05-21,239.51837919155153,270.2432779117248,288.14107814975273,179.0885138108021,204.07535201182387,261.6446420489714,270.8365566646004,172.07433854199147,242.7761418559947,237.86416058097473,243.21142442668423,289.03000440932385,225.73836040770408,291.16954257583893,229.61404485771078,271.0882455077878,273.6771481378581
2020-05-22,232.74634871398652,263.2535116501198,281.06893360883413,175.62778216275404,198.81444145983386,250.12582582403593,263.34918105470314,173.11145087500265,235.15496843407942,229.4450763788807,236.4301064334003,281.02963360356193,219.05094878581886,283.2128088020794,222.91010472678212,263.2261408152277,265.8464589438751
2020-05-25,233.28767401696427,263.2535116501198,281.06893360883413,175.62778216275404,198.81444145983386,250.12582582403593,263.34918105470314,177.94295654346698,235.15496843407942,229.4450763788807,236.95800375903863,281.273131872294,219.54004220876305,283.4487606116865,223.38867211528407,263.44544122231014,266.0597393136332
2020-05-26,233.55981120799544,263.89385377411116,278.98891123214884,174.79486162470778,200.54662448493335,250.20687022712943,268.2247750385047,178.05328907154788,235.44096651131477,230.89233844643547,236.90520705357372,281.32513755166906,219.64380740531243,283.13320969484,223.20179212674125,263.32832775129623,265.61507294439434
2020-05-27,232.05637550172722,262.23176261452784,276.9283905790391,171.8398797207133,201.00113698071493,245.942716236884,265.76865162217365,184.23923287237608,233.04403475634615,228.14810780470975,235.28496224339654,279.8137840743196,217.9042189235263,281.491061184987,221.36044412900148,261.527378892283,263.7035325605714
2020-05-28,228.37478330997007,259.42779589554664,270.4005539898526,167.45016639734646,199.50435757409863,242.91350775620063,261.1285922114803,181.94561093375688,229.27440407305056,225.17445652221423,231.6070040150161,275.81741207605444,214.47946280620693,277.5167016807097,217.92972910437888,257.8135447994455,259.9994660722138
2020-05-29,234.22097019732786,266.15485400738953,278.4516566500718,170.75800893106916,203.98857937168583,252.028778719697,265.73516217491783,182.55671139802374,235.60717977492095,232.32759610160963,237.59863406936068,282.7667366599317,220.26188498015094,284.58539003957696,223.85049148762076,264.65068891789036,266.95088871203427
2020-06-01,236.4534853993653,266.9176066400193,277.15914254952213,173.44141717107547,206.4400784689461,254.35203462186297,271.59949771023213,185.93901342851615,237.66022954662057,234.51415756530332,239.69494508389616,286.07156144112645,222.2794649345671,287.6939305309401,225.75159060630003,267.6272400989608,269.76116239904
2020-06-02,242.91728556466236,271.4528830759003,282.7910667563252,180.45344814246405,210.66258215283162,260.95084877562914,278.8393264617112,192.66011088778748,243.96666647020214,240.0617187904964,245.97976340237233,292.9252268881833,228.45552406131003,294.3150247915205,231.77789516053818,274.1892495819896,276.1247920849238
2020-06-03,241.7233136773067,268.0190413623361,278.2873162827253,179.4419541292847,211.35055129968583,257.44540248708614,277.094600477881,198.3611381076533,242.00222990661166,237.85907434835343,244.33666864563938,291.329172248945,227.10918987251625,292.21804712967145,230.02742274297376,272.4430478598775,273.9299557231106
2020-06-04,234.34055220438594,259.5421976884158,270.0681867173237,173.3978176705949,205.39288966819015,247.43939664560384,269.35552031833475,199.24404951831795,233.8410915901799,229.3599894619921,237.01390319579025,282.64770006711547,220.33355660783081,283.6625208548748,223.28502595313785,264.5020475169959,266.07660117741017
2020-06-05,243.55803406964634,268.2220010202366,283.93119941109575,182.64187841983082,212.56216694755534,256.77761350448105,278.8830111746992,202.678248484415,243.5086839734443,237.1839253496543,245.87343982888444,293.28720275615126,229.1941290775676,293.82575034541037,231.83723328262195,274.6996894544332,275.8612579111683
2020-06-08,240.84217231461707,263.0802220956577,281.1339294491248,182.82563685023243,208.78784722249318,250.13970202505672,277.1059969200749,210.78535457044737,239.6610424955785,232.22950210235456,243.0414920905343,289.9107407305728,226.3042512707294,290.34345265712534,228.84518974579598,271.1559066285065,272.22659312825266
2020-06-09,231.3119199798923,253.0181605687178,269.87582701148244,173.23524357788702,198.3725107185591,241.7925488311131,261.68441581799556,207.63928303769913,229.64057722870788,223.45979573084782,233.62971834899423,278.6031886894788,217.47128389136586,279.24875314014145,220.0943611354967,260.7145176443656,261.94638579418904
2020-06-10,233.7107430110931,256.4108865671044,270.2626968493591,174.4241522524116,200.773439751554,247.42796093248353,265.9180870864675,202.17517292930833,232.78793787489812,227.61145892632615,236.24051666500154,281.64036644677816,219.7780284196937,282.50326203458127,222.59716668609576,263.610674248242,265.0441751399273
2020-06-11,223.76616001634608,245.68621612589996,255.91623010981291,164.39172493003466,190.9725645323295,238.48848503003205,252.84864319530973,202.17517292930833,221.98213763942704,218.5733725206005,226.66355089878923,269.67016171377,210.28308298077764,271.04232165879654,213.41659667297873,252.24109890936163,254.11217052536688
2020-06-12,228.05872938571986,249.641118725435,259.9144976979997,170.90688678017816,194.49678765592265,244.14619389111797,257.67248145063576,197.3563105184649,227.1086026098499,223.05118145552706,230.8557296595343,274.82663315690354,214.1827316233789,276.04633920971736,217.238388560141,256.91003497881934,258.6601706967669
2020-06-15,231.11270874119504,254.64364064146227,265.87303249749976,172.274934118893,199.1794554878316,245.21486434020372,266.65833754644154,197.39393367615426,230.42240054093966,225.57863864746244,233.9419251493843,278.4850834297581,217.24242698202886,279.71584483027056,220.3295232147098,260.5516710731193,262.31367284234534
2020-06-16,237.76783964995508,264.03376671265016,277.3250593478296,177.5970660321622,205.87895930141542,252.14534284649037,271.3017683803546,198.37722504291702,237.55651099119143,232.5947551217683,240.59975857059646,286.52126510717386,223.64638677972536,287.69633150500795,226.74737198984843,268.2406962262535,269.9659757171999
2020-06-17,242.66423539423369,268.6919245337016,278.89235378167854,179.71127059441625,209.5499220262866,259.0014906283713,279.7326944193472,202.94786186985218,242.39571036939776,238.05096185836345,245.54380992659736,292.3160365331502,228.1061141057526,293.50668743018514,231.26496166367585,273.5013351275331,275.259186572987
2020-06-18,240.93616341965162,267.2888849849811,279.48833179299453,174.27213764029753,207.34178202434163,258.75680024559296,276.7079263415934,204.08712359804412,240.3889265669368,236.84633885885768,243.8164918128724,290.1985120010068,226.72278442985757,291.4063584994415,229.8723286654738,271.7993226786728,273.5591454827399
2020-06-19,247.24636612091086,273.5585770383329,285.4520207127508,182.76957389483545,211.98013686809514,265.8632159658244,282.2580319904636,205.0386775819156,247.15525690949676,243.12840053945223,250.33589938539822,297.66932483819943,232.7959229418443,299.0669995260365,236.14582804691673,278.9569724597243,280.9006489982257
2020-06-22,246.8210361416675,272.8751155333279,284.04964433778497,180.16200057087204,212.5020867946178,266.4696079570295,283.5490167084042,204.24291382385937,246.77863336543732,242.93685626138867,249.86124033620922,297.4855544171781,232.53939848743187,298.8191202057173,235.84007371076203,278.9387770525703,280.81937843277166
2020-06-23,246.03113178368358,271.11616496818493,282.2652419106978,179.64661660492303,212.24912608555272,265.1252529886465,280.4077461563339,206.43736667557775,245.67602477968316,241.8819987614879,249.06746574532625,296.4181429605472,231.64065593050913,297.7581187035502,234.93992057699907,277.76382343908847,279.65312549444616
2020-06-24,236.47319723727986,259.5196064427841,267.4657100168263,173.73971315813043,201.8687489914615,256.96645425242605,268.0805693466037,201.6643685459463,235.7806209008224,232.78375445768606,239.5531629418963,284.75390806390396,222.35857371018875,286.23265354135845,225.68324133700378,266.512488457192,268.5104299012089
2020-06-25,247.5179986526689,272.5279667311365,281.2657694931562,183.14662447039836,212.8371358764964,267.8634602077912,282.2285639404061,204.84909080748275,247.45570742243618,243.7263366794316,250.65214164697144,297.8923110723837,232.9002237950511,299.3424956691059,236.29518002818463,278.9949428723969,280.99209722359484
2020-06-26,243.67823093358766,268.29464223484695,274.23751496542405,179.33008612601006,209.33987385162064,266.38106710981623,277.6428934217853,199.58253899457668,243.84628257144536,241.12365738619494,246.98833529271806,293.35331443246105,229.26036442226777,295.03611628278423,232.80688588741594,274.70998733910346,276.9079765035855
2020-06-29,251.55899127124366,277.34857332607857,284.09755604476044,185.9158824444902,217.12370077148034,272.90419692442634,291.07912911550955,204.0124632749567,251.95736830507136,248.2772902218349,254.8858800919498,302.7634973180996,236.89790095911954,304.3995829121794,240.4720468026226,283.78191019375845,285.951776914481
2020-06-30,248.45571401564223,274.5233224855674,285.1825202962691,180.72212679408045,214.39318350966673,268.02560907418507,291.55980792719197,203.35567352095313,248.64035387111403,244.06244040995185,251.7653792947041,298.9351822430131,233.88676659297153,300.58154109263984,237.4405527659798,280.09478558526075,282.2681550636626
2020-07-01,252.83517835629485,279.1708038829436,287.78772938243907,185.15659589543435,217.2304379265893,273.36741643833903,294.7993275793085,207.08812828835028,253.00662687718932,248.77564038725058,256.091151230313,304.2450946699828,238.04549355730447,305.7905159836652,241.5594681691476,285.11010521606005,287.20317308376207
2020-07-02,250.50469889441888,274.300780507432,282.3056126073773,184.77339845302737,214.52468658918002,271.509817281033,292.51150273995836,206.76521802999952,250.4984262629132,246.0982976115869,253.5737310875497,301.09404894303833,235.81620800620206,302.45668970794577,239.15631437022097,282.129279849927,284.0506718235062
2020-07-03,250.7300751362351,274.300780507432,282.3056126073773,184.77339845302737,214.52468658918002,271.509817281033,292.51150273995836,208.99750994229848,250.4984262629132,246.0982976115869,253.7927430062743,301.4027942554641,236.01988273213004,302.75490372716786,239.35492935058386,282.4074515992956,284.3203651909562
2020-07-06,256.4602146648921,279.0249469348302,286.09043247432646,191.33358921611452,218.1364239817613,280.41263796058666,294.56508448744853,213.69924424153393,256.23140640963015,253.15086551428746,259.41244624982374,308.2875350510768,241.25845245139698,309.46370327201447,244.50996201171677,288.67964498809965,290.4546661148247
2020-07-07,254.67224898741983,277.79361525224795,283.6927231622381,190.32084819249272,215.66385043922094,278.39271441505855,294.3424529756288,211.24091337341784,254.5506029513997,251.28003000614743,257.826058455171,306.160468018838,239.66458794479527,307.582493604657,243.09252545613606,286.7884485844898,288.7776364155906
2020-07-08,258.5477483248647,281.65292911085953,286.83676944046243,190.91032338408652,219.20741807836905,282.95365329878655,297.18591954804066,215.3137248606678,258.3302336835406,256.5290600531832,261.7022166146047,310.9209346385785,243.33833059394271,312.3068540063291,246.7748621296901,291.27467979683263,293.24134478602144
2020-07-09,254.35924232552395,277.56332487372066,280.5256893212054,185.17618587243507,214.85830877394415,279.8781132227157,290.5741902581541,214.38189901295348,253.86643405630528,253.2764879196439,257.53554923459603,305.8070027804935,239.2350263563711,307.2567986563807,242.68603193525817,286.30113116371007,288.31939593746625
2020-07-10,255.46121163289453,279.67521718678705,284.84940031461304,185.52866440243528,217.09848781404241,278.4042188353635,292.54287061830723,217.6257048329356,254.717049190735,253.55605354176564,258.57069846258594,307.06898334071775,240.43006600385195,308.43475128314054,243.8191084498802,287.6673752641451,289.60704527980795
2020-07-13,253.41100653759304,277.05021024391556,280.991432787273,184.81401973059445,215.11290098987655,277.76911084239686,287.24172468631474,214.87110061198172,252.7800760349292,251.70438063509778,256.5702349381341,304.63160141158727,238.38281487809093,306.0711600118005,241.81531591136954,285.24763854774875,287.25259940086187
2020-07-14,259.581053098187,284.4961215094776,290.16115100136,189.27723356498745,222.0063964262146,282.401662016488,296.5499208709749,217.4103109542799,259.22271435786286,257.18348624620734,262.75958006502856,311.92219201994413,244.21724404708112,313.3349983779851,247.68035423660933,292.11373063793985,294.1101684795875
2020-07-15,260.2800035604913,285.65752350145624,291.45046938740654,188.9500804037683,223.694522346896,281.3354189452281,299.91931584573376,220.1451657499379,259.687714759872,257.3678153372373,263.38047137732286,312.5807630292294,244.92355893260904,313.9042404849724,248.31627744322984,292.79305905426713,294.7083673479963
2020-07-16,258.0853479201778,283.9649546667258,290.03383538973304,186.53280436308185,222.6869902092195,278.6189144651274,295.0535025457274,218.80517410298194,257.4426914119703,254.80245946950487,261.14921758469427,309.96844655387184,242.89778085218728,311.26798044456,246.25142366772917,290.39055435672583,292.2768427727179
2020-07-17,257.5881458117124,283.1820550924022,287.12257328246534,183.97442108094356,222.582139702127,278.4749992120145,295.51437935720276,223.37957739365316,256.41235154102964,254.36007349293655,260.6811581379108,309.3372814652761,242.36307799934798,310.67564716080966,245.74371639420525,289.723736559891,291.6460134446088
2020-07-20,261.8381052035887,288.23217736108893,291.98050374085494,185.79346209126408,226.3393556188533,283.3846497486819,299.6312611191053,226.96740314201597,260.6531092718105,259.43632797939335,264.96768768736194,314.3811753720129,246.30791628986378,315.72710447265837,249.73257412643042,294.38799930467053,296.33056318300765
2020-07-21,261.77588728561625,286.17769686249204,293.8767522902532,187.58126867414964,224.92151274074152,281.98035630899443,302.7940376092055,226.22033629651202,260.66353725485163,258.4090191286603,264.9202419468534,314.46093092002326,246.34718073888519,315.81901240209095,249.7826322260654,294.56950582512843,296.519959650548
2020-07-22,255.1302403306955,278.6156302273723,284.87518621342286,185.44019635630553,218.8972140711777,272.33930019622983,294.72882218942306,226.451794726304,253.42030136528302,250.60786529223563,258.3060464463885,306.6202232649826,240.0609838559273,308.06649412212363,243.5109106715329,287.18257245537535,289.19603677435765
2020-07-23,250.05202215481458,273.14439886782657,278.2749927658618,183.32359216485582,214.66408085497625,267.7118078095284,286.5988600583177,220.82136183776947,248.49037191604316,246.11522545414596,253.35722051226978,300.709612241435,235.269169155296,302.34143917506793,238.8253501986841,281.62414406039125,283.79241793169507
2020-07-24,253.52999878884344,276.5798662875382,281.2735867969573,186.8994838475564,216.98367091052327,272.6184392840806,291.0129931895591,219.79355687159776,252.3659770819042,249.77530927410515,257.0118808969166,304.885805679489,238.59049106666106,306.69052602448835,242.31343900689035,285.5918649006424,287.9243665076833
2020-07-27,258.11710278768714,280.8697728782031,284.7375934566301,192.17462233011838,220.2678145237162,277.62547278014597,295.5529110972045,222.81730936711946,257.0314918064279,254.30015418801116,261.7162785279857,312.09063517459134,242.85959800882338,313.93497396582967,246.70024598132835,292.2250226723868,294.61328171097165
2020-07-28,252.35897689946785,274.47927134049576,276.59336402918353,187.72023007370714,215.25041521253692,271.06080074481457,287.4924324658736,222.976323007095,250.75964407536512,248.30748769744594,256.0217223748567,305.1104625989407,237.37675349351542,307.0801748204566,241.26362830455705,285.6145057942837,288.1021039324355
2020-07-29,255.9099483501116,278.2834399621073,281.3072774814151,188.8877491419251,218.53308369718457,274.82153625878317,293.234356049732,225.36849893014158,254.36431304009162,252.23671409435505,259.57887369114536,309.46809550789953,240.67471457335407,311.4111344525289,244.57614020396403,289.6425607953586,292.11763857125203
2020-07-30,253.57899054225848,276.71756370995456,278.67018369697735,186.25730341548075,214.89721531033405,273.23808301427783,291.7887371120654,226.6036013661304,251.7100800674096,249.86381303036924,257.2652399308761,306.8137187893171,238.39201513542906,308.79226178573947,242.30594593896924,287.04757555717475,289.5517370902955
2020-07-31,250.43449055988384,273.49810070351606,279.81669737685206,185.02757315665653,209.82202470714086,269.8952485466863,287.9302399243994,221.52623455502754,248.81771796796048,245.9296667130765,254.26622391380943,303.35965274964724,235.5726124937976,305.52301389674267,239.60805905195573,283.9617716768561,286.6205647573726
2020-08-03,255.91408142904518,280.72410328981937,285.7446555589676,190.26593005150144,217.169741131455,275.5588861088662,295.60325579497027,220.96588395459614,254.81407874073145,252.21554982573164,259.7515950043005,309.8064907993466,240.7325510514361,311.9330286491978,244.78544276990814,290.0096547303327,292.64978059620836
2020-08-04,261.5707050575848,287.69585572503814,294.1768420729324,192.35393430631646,221.97851534825216,285.217118602162,301.1310134130431,217.1060608107925,261.36306031301194,259.4447095758308,265.6826113123258,316.5664177400506,246.16768540546715,318.96165734811416,250.47939602141474,296.47292592890375,299.36766799187984
2020-08-05,262.38518889954383,287.96442840579004,294.4749280092903,192.93057742038948,222.06070260469045,285.7665353419328,300.9684548013085,220.53501771322473,261.875614734819,260.3658298397167,266.51798947171005,318.0530679114099,246.9987778763673,320.4494835261476,251.32985261214657,297.9219454835033,300.8196104253644
2020-08-06,263.46614370462777,288.96816433793504,295.6835417569685,193.25350914155635,222.5453639238254,286.906261055646,302.80064078688747,223.44752738112277,262.73814101823837,261.0518076867029,267.7149915254298,319.34810507762353,247.96060631508468,321.86934904362914,252.4005147271489,299.07091871062926,302.08617681047957
2020-08-07,262.87505827900566,289.9995590260334,297.0000069549652,193.20925514166493,223.115064763411,286.15021870640663,301.4198265589197,220.77940480658808,262.3803096208641,260.0190048117268,267.0487575577676,318.56301957071366,247.39301321506758,321.0048705736528,251.76371725826084,298.3250562526588,301.267040395517
2020-08-10,268.4662866445606,296.66241624698466,305.8929188542183,194.44288878458096,227.93577805563848,294.1420530506952,309.2749775334606,221.90057011610062,268.3472223380946,266.0807872056768,272.676061102791,325.63067575380586,252.74584672143686,328.0544776562512,257.1597911889275,305.03859483965243,307.9779641103952
2020-08-11,270.12739264049003,298.77825869156584,305.18524889439965,196.31192497196855,231.10470269150514,296.8117359536197,309.76925421303,220.77335033412388,270.2824580659995,268.3211804448339,273.7922776340137,327.1517909727935,254.21276429015757,328.9455734718023,258.13838072917525,306.3688322144422,308.74476774290207
2020-08-12,268.7464856342976,298.2711979177305,304.5089545054291,192.58001446155757,232.14382284229984,296.08401299045715,305.66081838612985,218.87926398453158,268.9859530264192,267.6673960722271,272.1984002290194,325.5036211577128,253.027198702111,327.0630419361803,256.75396905654407,304.95657955849606,307.113010872736
2020-08-13,270.04769724222564,300.38683730876977,305.65430913413445,196.1579036926386,232.5950418766341,297.7450185114947,304.9369081043023,215.53621761454096,270.78020776958346,269.34776217473456,273.8338594756663,327.374878333528,254.25247698603792,329.298716453033,258.28528482307007,306.6992811758058,309.18983374112406
2020-08-14,266.828650941945,295.61230219484946,302.67236184208093,194.16427021251664,227.70807379926995,293.53531512079456,299.69877838103923,218.15578794862859,266.95981434613236,265.05269406899134,270.5165957804145,323.44798141034016,251.19257697912013,325.2883081640345,255.12984366026802,302.98747701220407,305.3944741784468
2020-08-17,270.4054397977483,300.6704175380804,306.62630912314887,195.10164268873055,231.6629114900967,299.86207672122475,308.1189604956457,212.99806816551717,271.4374623043933,270.25549029203535,274.3433364573335,328.27911588067786,254.67302440577916,330.3596096967455,258.84225728852743,307.62651468121265,310.25840500350733
2020-08-18,275.3159742326353,305.6998288814255,311.486762790705,198.88008280717875,235.46583088849383,303.19872114797926,318.0155148928304,219.45736906735198,276.0665348350935,274.5850724287176,279.40367992759604,333.92757609771684,259.22010834731867,336.1466422127109,263.53785257351234,312.84059774391557,315.6129952390174
2020-08-19,271.1908499384413,301.7097430315139,306.7572803108991,196.77619713238477,232.6968414081018,298.2540140486164,310.57606420677087,217.03907457346574,271.8306851642118,270.0709761655295,274.9476889629681,328.76290184988136,255.43092885467317,330.6419946439761,259.437323751272,308.11786058453526,310.5677259377748
2020-08-20,274.5893357336456,306.54161699004595,311.3864538267862,199.81221052672953,235.70629865496107,300.3147844837625,315.6268617830003,219.48323188163053,275.2685817471549,273.54298288255677,278.5158531266107,333.0735674834908,258.62656401589896,335.11168410633826,262.794524387199,312.14475146130894,314.7486748156601
2020-08-21,274.6685235073152,306.2390728743584,311.7875505187677,198.02290437423753,233.2948198681565,301.93683797702266,315.8541696716307,220.1317154507068,275.2812451422366,273.44497852929857,278.502719950219,332.8439597362575,258.5819984480324,334.78515471342615,262.66911045806694,311.80303475017854,314.32244321594965
2020-08-24,280.78227390126716,313.1162899266184,319.91534134171485,200.74892263634672,240.37006950791792,309.3143315399019,322.4143166955509,221.00734345642428,281.8661238863446,279.8215821759262,284.51582308651024,340.31802589351975,264.2831035896683,342.08530132461357,268.2937885572492,318.7389833801461,321.1202346604081
2020-08-25,281.33316188971315,313.66948818556216,319.17390557650174,200.54452190709767,240.32746547217226,311.1709361496327,322.1422109862786,222.19293472347817,282.3319517261258,281.21147976122666,285.0493168598637,340.4680784606783,264.9640843012855,342.2275678681513,268.9563468010195,319.08657168846105,321.4549513990013
2020-08-26,277.08976903502463,310.3029812985246,314.37550019962225,194.9728259618874,237.78691922942969,306.55627052419845,320.37518689944835,218.44168025967664,278.1196863215313,277.2875505106562,280.8442929599444,335.43141673444876,260.93586613536195,337.2700628452471,264.9543363393386,314.32592402636277,316.755613300957
2020-08-27,279.89454679689464,314.29682638685745,320.18217578599365,197.04240065725944,239.21588101875412,309.30956982153276,325.7022746270412,217.64716171145548,281.2827785426788,279.75695857267306,283.64469427292653,338.7379119060602,263.57128902004365,340.5491795738026,267.59212833893486,317.4208095738589,319.8334025217156
2020-08-28,281.27296984775467,314.41808150233487,321.1022239851417,199.2514955867732,239.2688849150969,310.9304021735589,325.1536824730319,220.93213709866325,282.4080223697762,280.60775303286186,285.1036460941422,340.50674053897365,264.7620816879858,342.39522055540033,268.8615704235436,318.9505133072057,321.4407785980561
2020-08-31,268.6551197025528,302.43847156155243,309.00900195089264,187.59470347753023,229.3148262189487,295.39370328395216,312.7059513843266,215.6798343737879,269.1978925070443,267.82516099060973,272.48592044208897,325.5635839687927,252.97342945806406,327.55493296944724,257.0428628413108,305.04393431188055,307.590159435587
2020-09-01,275.9634455662505,309.90768599429117,316.8689857343618,193.4485272660894,233.12724473447233,304.8294794626233,316.77725948966054,221.44566383955322,276.5324880227716,275.4146276903767,279.8192080932522,334.63851062553147,259.779429599529,336.5853113456667,263.88942442360445,313.4512050566377,315.98070188398196
2020-09-02,273.507347166583,308.16802877836767,313.4538850400955,191.296965089171,233.3729511619985,300.62098505002865,316.3365756029772,222.39296638594843,273.7400417819436,271.94183309648736,277.0931390681734,330.93953940450797,257.1324577317105,332.6201417151699,260.99996875112134,309.62382860233015,311.91478391760285
2020-09-03,264.66932746411624,296.38184814579824,300.4914574866532,185.37908832414502,224.85091706410967,292.5663554792893,304.08038359997323,218.83472573450865,264.4885250621329,263.50886869253634,268.2882160418973,319.18896424498627,248.96929881619917,321.0226837146353,252.8432572902139,298.83685769727873,301.2324376292871
2020-09-04,262.40787163753896,293.01297483350675,295.29971834077975,184.17275083073997,222.98114577774132,289.9300971810462,300.13406908053486,219.76230908127044,261.92124965152976,261.42576714597857,266.0187905246225,316.7831475161998,246.4598533473424,318.6170169340525,250.33048970344157,296.1318272052577,298.53524487513585
2020-09-07,262.40787163753896,293.01297483350675,295.29971834077975,184.17275083073997,222.98114577774132,289.9300971810462,300.13406908053486,219.76230908127044,261.92124965152976,261.42576714597857,266.0187905246225,316.63790375473656,246.4598533473424,318.47655098886213,250.33048970344157,296.00127411236394,298.40850675137693
2020-09-08,258.46607545550177,287.72364405861197,284.74554785262103,181.7820738900469,220.418897769845,287.3692393210852,294.32051790719544,219.42525433049948,257.66560229374005,258.06503323642096,262.17895420578105,311.7746832698709,242.31181415218708,313.7690340372882,246.2760579933372,290.9440220927017,293.4951750154388
2020-09-09,265.80793736998305,296.46157347228217,293.468476231702,186.14395927925776,228.61769465332534,293.9846728329808,304.7082410184651,221.2446705939982,265.45587444075113,265.05713251048786,269.5547119485571,320.56122647806416,249.27540876860834,322.5321166491417,253.28578339471005,299.2390631346074,301.78762271760655
2020-09-10,259.2111893979796,289.68309638490535,283.4520940385168,181.14027354189213,222.87055076870956,288.660962973193,295.9045095412654,215.21247797972998,258.9269176744814,259.0758313310725,262.99335904717236,312.9489770950459,243.0161623942682,315.0074832461713,247.04467575070203,292.03678757298144,294.6487202305934
2020-09-11,261.01726309785386,291.96551004677644,283.5710658136796,183.03528100749205,225.2894510747511,291.8404340497799,297.9582393889922,212.64450084858186,261.17589099879,262.02683547293975,264.7756901297883,315.1162848609045,244.75455716426936,317.13186257266,248.7648750149997,294.1119262771802,296.6889433354203
2020-09-14,264.0856781908476,294.8023257892886,286.95457405677575,184.88547035802327,225.6417350490164,295.3944657314952,301.6538190632596,218.28061273614315,263.89597544567846,264.88497604043255,267.83874708790006,319.0012624467099,247.47261510946538,320.9776446116818,251.4889362722816,297.5475416523779,300.10407809094926
2020-09-15,263.4561838365802,293.97073325423344,285.49941254874443,183.83883100403958,225.01645313079294,295.4641687342468,300.4421585349296,218.13141129476102,263.22614589607593,264.6861814339566,267.1039097816395,318.29378003789884,247.02832259538155,320.1526525240741,250.94471101786283,297.0540714707672,299.4982985841712
2020-09-16,263.45455862495777,293.87353329886014,287.7521312128342,182.60738710975204,224.8391143682486,295.87570186158086,300.3490918653062,217.61147181515406,263.28141335767026,264.71787896759577,267.14481573290186,318.51647745589304,247.46227818429762,320.41700264407405,251.40697338706963,297.7573714968424,300.22523477739577
2020-09-17,260.8643599293493,290.83033408457896,283.47782171941117,179.217384636237,223.6016910906852,292.896748672191,298.28039959936257,218.29956362424753,260.38191720016613,262.59244791965614,264.48755957738797,315.3878059794203,245.23621645737595,317.23405817384605,249.10949309176996,295.0718888043294,297.4764331766783
2020-09-18,258.1975136913094,288.47552949036685,280.22390850906606,177.33737563067123,221.49460792970692,291.7797217197762,293.8975841820405,213.57416482528797,257.99040447650657,260.6513445827986,261.9093474936322,312.29179075150756,242.77572315356525,314.25989842440515,246.7221334487436,292.2245867369501,294.7304880174983
2020-09-21,260.06477839435786,291.6280037839169,284.33072229742197,179.64002584281738,219.41319854150524,297.03725505006753,294.71295049182993,210.33641462204707,260.3813404908319,263.836052623136,263.81516489445914,314.2559466526947,244.4782625662072,316.26133288198514,248.4650333415083,294.0115541866466,296.55717121162144
2020-09-22,260.8617020954216,293.7500144097279,287.2887053611416,178.95920885317767,220.23110668583766,295.71565610639567,300.633778987666,211.1708306327754,261.15786576863843,263.8171362950996,264.5845264849254,315.32552583444243,245.1971686606593,317.28859363711547,249.16147803895794,294.9734092915929,297.4844293121734
2020-09-23,258.15187286983,292.09572065328115,280.75678149018506,173.40713094922887,219.73881622325365,295.9391523130746,296.8140762453843,208.3738841422775,258.5127887570025,263.0233740864767,261.8269142580521,311.96096512633676,242.8065179008258,313.896024794404,246.71781150178882,292.0101863859307,294.4827259389716
2020-09-24,264.44655543857607,298.59115872542066,287.71327439393446,182.3369601705831,225.34146753125648,299.7597254452283,305.2983309982534,211.01380519400345,265.09157580573805,268.1921558236247,268.2302029761611,320.1827480268938,248.8742129946764,322.1669013849915,252.89470758988287,299.85422760014455,302.385933642627
2020-09-25,261.83104818303474,296.61831937871574,287.05251432210804,179.59659628589856,221.77591613824154,296.5124069457037,304.9150373636852,210.57284747853484,262.2816960489396,264.6303336035133,265.4921150018202,316.87132224823944,246.31004836784976,318.7422046022936,250.21593070098766,296.6393061963853,299.0642852202912
2020-09-28,267.4760101482956,304.24792451734737,295.68210146646226,183.44166884528786,228.8014040719472,303.782092226012,310.2400538036627,205.34027821480407,269.042934794677,270.95727366826844,271.19651517572106,323.5711940432208,251.62152084330782,325.4642282478297,255.59392130014012,302.91745497163134,305.377804276824
2020-09-29,270.53912623535746,308.78518733057183,297.1920912294427,184.8061516927064,232.80932759076993,309.3119961913318,311.6407590868152,202.54041277876786,272.7375885809773,275.6373172609136,274.46442433730004,327.52517558737065,254.2136734878095,329.61888414387784,258.3852793538836,306.27510869671795,308.93598635562984
2020-09-30,271.0439065716147,307.8632870842287,296.7595297476228,187.38031423515656,230.25755376935246,310.4707144300681,310.0754469467746,205.2086004280812,272.9661022124632,275.9925403266047,274.83285853098806,327.9708112359193,254.83111390895718,329.9078686447795,258.8772055974907,306.86358145105373,309.37920042975827
2020-10-01,272.07979749167544,308.8460140368586,294.7645473715531,187.20797213160128,230.29687929769747,312.35645577484144,312.15108503981907,208.6417279555203,273.68902410882686,277.01748652666697,275.8957472732559,328.9226639498584,255.44613480259858,330.89145930381125,259.5273516379126,307.34946188755237,309.9077602803228
2020-10-02,271.797479979697,309.0226936536232,293.7648408629458,187.91842072153838,231.6534312292041,311.31852173249456,313.9458854293572,205.22310922343223,273.78689489869214,276.673060472366,275.67709735083537,328.6196517079515,254.81946318945532,330.66314002747663,258.96596643316457,306.6465928085646,309.2837167393653
2020-10-05,277.90699850424585,316.23046316238936,302.63895343503486,191.69906879034139,237.3558537158691,317.5105328385026,322.178788913911,209.33717663895757,280.00164869412913,282.63898726826574,281.7574614355799,336.0752770673606,261.0052414392457,338.02826066488234,265.1294002303722,314.1310609380908,316.6895744307767
2020-10-06,270.5385271533636,306.9762701828605,292.2275562868618,185.14552722571983,229.8772623432558,311.168527240061,311.35274905797104,208.36972583222305,272.0203682743298,276.0344886735362,274.2410666656822,327.0341109305427,254.33156937479842,328.8867299242473,258.2991720159187,305.9703828316552,308.4084498174818
2020-10-07,274.7423201948543,311.92983338487045,298.0709167461491,188.49517881669217,232.73112322264487,316.24437418951607,319.3128295269658,207.7700330041343,276.70261430779044,279.8837987396643,278.3671227973706,332.0403161488092,258.1626871236274,333.76822941991145,262.07227024217923,310.51707603967725,312.85827099084213
2020-10-08,278.40504326995836,315.3876888053314,304.15144785112005,191.86316440324393,235.74489574605008,318.2921515747986,324.27534780947036,212.33900903137734,280.17365426189065,282.89570191087,282.00426916567613,336.63948810931987,261.7726739341778,338.2994623051265,265.6634565237645,315.00655568351965,317.29164061186935
2020-10-09,279.80666249892334,317.0632270053708,304.2956405749749,194.29878446554838,237.0430928010516,319.10908701313485,327.18307017146617,211.93851139533075,281.76044707499204,284.28594935436104,283.54608794941396,338.4191279154954,262.85281134023137,340.22541517130674,266.8795104428014,316.39368869123774,318.82343150316797
2020-10-12,278.283521813885,316.0099464609747,305.4768489575928,192.33626332425698,235.48609569437923,315.8230291505425,326.12370887103805,211.93851139533075,280.08723667174735,282.4732084727595,281.8911677351813,337.07546014798794,261.12409657107344,338.72674438346326,265.03510412197323,314.7747993410065,317.0722442444235
2020-10-13,276.5173115800332,313.4947767671217,303.2639665128027,190.99601990444458,231.66017084158975,314.4408807207864,324.21106654119257,213.42502346312136,277.96938249489017,280.3059376730654,279.9976772172342,334.87231017613925,259.67954706323945,336.3946622485333,263.4662465201234,312.9663011943076,315.1347699736926
2020-10-14,277.67056198731825,314.50014541787544,304.33739337719715,191.5183353374419,232.50501465801472,315.60398131182166,326.90986701999066,215.31977355691177,279.0097382937744,281.0978928637567,281.2322230552481,336.31131907269014,260.9832548501408,337.9157206430672,264.84077423888544,314.5653886628447,316.80357241269553
2020-10-15,276.9912401199045,313.53771230061125,305.9651232489584,192.6437247236916,229.1835370209927,313.6266695202064,326.4834679130944,215.58721072572493,278.2335818336511,279.5491175544065,280.65733059859923,335.65239403665464,260.3970761432718,337.37803842683405,264.3463399648252,314.00380847436253,316.34825056222655
2020-10-16,278.117602700148,315.1418340475592,304.1554009889127,194.34401816224187,232.47431972509017,315.0671404427772,327.4525142085333,213.85774325930888,279.6707634713691,281.61935648671835,281.7554723986174,336.80934358526423,261.3726970057966,338.4991245070293,265.3009486465338,314.99707842520945,317.31450643785826
2020-10-19,278.2962534436937,314.53154770690344,300.5988577603549,195.5280290288712,232.15314589343416,316.92512481738873,325.4618714036992,214.9339769056827,279.73879484676735,282.40610173115357,282.0024301260472,337.6003694116452,261.5488737993657,339.3481130006112,265.53917829931146,315.7258024040989,318.0977450681408
2020-10-20,278.86730597706514,313.9151245496049,300.302433245769,197.00223546205103,231.83639868732743,316.7032504748579,325.2642339434729,218.21279070163317,279.97704400596274,282.8236341776173,282.53360926076397,338.370683734635,262.1585996350304,340.0644805264158,266.11236729605974,316.5281907968301,318.8508068194754
2020-10-21,278.7449092656425,312.96489613079603,298.05278157850057,198.38694503125984,229.47104642553532,317.4354903540906,325.18351534391326,218.42236279811448,279.8185443668969,282.8173174516089,282.49683497307535,339.25506600027535,261.70267919398526,341.0143200494788,265.7418799735408,316.92260256420866,319.31936674549615
2020-10-22,280.2382545122923,314.0020108337537,302.88738670120676,199.99910344367686,229.7570136674237,317.3603802909516,328.67567122776876,219.96923287077078,281.27377044875226,282.981693783749,283.8461842478185,341.15918126923333,263.20820107465465,342.73449226886106,267.1181703520875,318.81875557787123,321.0507143431143
2020-10-23,280.99266136304885,314.5786185752959,302.0418821274787,200.89841827672896,231.38247272473103,318.10298013358585,329.1585559113637,219.32056832932142,282.1752048569405,283.6727586518656,284.53430448809195,341.96465099890366,263.6254767235021,343.4598081089151,267.4842448263203,319.236280885103,321.40800743713584
2020-10-26,277.1976402808592,310.36748406885533,296.37436514647544,197.28900705508565,225.2015053722188,316.15622328262293,326.0933648499163,217.86423505556525,278.18809522225695,280.4742820659526,280.8900907588632,337.7444995957258,259.9618592713603,339.4363722544883,263.9505821078695,315.1622064323796,317.5051244670679
2020-10-27,276.1581972845159,309.15549727307314,295.8659936982526,195.70321354480402,222.34572749268816,317.5875198246528,324.27338060709576,215.2482890048157,277.3537665104713,280.35213763491936,279.92154743809346,337.1432161839087,259.2608009618421,338.90483460917915,263.3046487008529,314.89636976350545,317.29183155444105
2020-10-28,271.1624478983497,304.04975616017924,288.69869256061475,192.67001021682714,216.04268947212782,316.383422268644,321.8117838807581,205.20946333290144,273.0562022901888,276.8857537787578,275.04115125102373,331.1023103929649,254.3860731106942,333.04366196333086,258.5270071525068,309.0363402078102,311.5858455654175
2020-10-29,274.78048251434,308.3564269547431,296.359425926414,193.76456783734838,218.73546116418922,320.61986010728737,325.62306485750173,207.33795327519542,276.7732398607574,280.7052673941901,278.59478628233194,335.6029650129885,257.4388003986105,337.43226231137385,261.5377955566367,312.83521033621315,315.3063356879334
2020-10-30,273.70757840420265,307.68540391591876,295.05764100670496,194.12487683922075,219.01457875067666,318.92545121969124,323.6585678780625,202.42338178589924,276.19071162791846,279.93120928171686,277.66543712322823,334.5310169436803,256.3911947630013,336.52978072296446,260.6181931641478,311.7778779684175,314.4005673619391
2020-11-02,275.2039360267941,309.37309598682594,297.8467789870457,194.93979178550865,220.8020782246836,320.46553792256657,323.62477293548676,202.42338178589924,277.83791115129145,281.7587376477914,279.1598502458134,336.2063322499652,258.07984693365,338.1935651826839,262.3021833757383,313.6802839765383,316.28686045115717
2020-11-03,279.5533101958741,315.8308937654589,300.733073182288,196.06530806347084,227.66617227697935,324.12892359727937,330.1972649368465,206.2563672742795,282.1498227536572,286.0703349532853,283.45807359019295,341.7033326884352,262.1757228428044,343.5835441303255,266.3617017885599,318.8224201026699,321.3455806952788
2020-11-04,285.23609663530925,321.8840023013518,308.3233202337921,199.36309870359727,230.87524109126653,332.05437857214883,332.6362168343048,210.27433766609548,287.9071330065728,292.5182854363611,289.010652623044,348.58464683314986,267.6005472079425,350.26096222057004,271.68004869301694,325.3567031883375,327.7095916329865
2020-11-05,288.41402224990907,323.6808908105281,308.00870982357543,206.85944019742436,232.88951613804977,331.78052221860753,336.7261348521319,217.05061597792633,290.5629649602314,293.8141299641179,292.17868558502306,353.4942386251733,270.18431764458137,355.09398321432155,274.27178291663927,329.43741298278,331.7482699518049
2020-11-06,282.8909642167173,316.1874417719975,298.3005525556721,205.29500800783066,227.6575657944304,323.7964165810904,329.6830952537353,218.82683344195777,284.27675428769066,287.5030912630633,286.5354400557686,346.6347556738396,264.6831035309836,348.15073735335966,268.6567099846169,322.6643076347511,324.8944136236949
2020-11-09,282.2342587910722,312.9110572530104,302.64402577782096,202.6954202425764,230.25310511411757,318.86839456892375,332.51838015005217,223.74578920922593,282.9759126766612,284.0712677170336,285.07077275882364,345.25686074472105,264.40655205076666,345.85489904659863,267.6420317013412,321.7982794805105,323.1873812690111
2020-11-10,283.95204933136165,314.9498116684418,305.2008279631508,205.04842898985186,235.62293892410312,318.9118104186884,331.1459774359978,224.65852603048154,284.74984880686117,284.7034601155738,286.821134078375,347.2933771565628,266.31264760372113,347.9152978848482,269.57371424427225,324.04609245174845,325.4502070817166
2020-11-11,287.31695429289147,319.10015135754975,308.85490087796745,207.0434918330537,238.80458107751704,323.1412665085981,337.90538169426327,224.37594681448127,288.463528094889,288.2789823145499,290.096389511033,351.6945076376407,269.4482138591917,352.169086943263,272.6367231362141,328.11860893185576,329.4018129092207
2020-11-12,281.5829570619256,313.8920774547671,302.70866809829585,200.8858228067279,233.60082530513523,318.6650035372926,331.3677577967937,218.54678068357293,282.8645802292036,283.8850446316026,284.55729239988113,345.40727933608815,264.0979282822246,346.1374515059054,267.4483209966633,322.25833216420415,323.75627017553256
2020-11-13,289.60153779507226,322.1950512406774,312.48357984524137,207.75125093469455,240.08126546662334,327.43826290532445,338.9120090031163,224.3138394828062,290.9733653690101,291.42774822029736,292.5558792049708,355.05653527410266,271.25071807359336,355.69185488809137,274.6115665850432,330.8359838114745,332.28579782965954
2020-11-16,294.2120447354129,326.2870636893905,321.4701028644897,212.09355332702762,242.24563906156672,331.78593594726874,343.56230155675524,227.95445385986696,295.59751640385906,295.2083631422636,297.0271001449026,360.8304585614128,275.65923629415715,361.2536173402072,278.9030316862365,336.31741890747736,337.58732935263447
2020-11-17,292.04174444519754,323.2411965696299,319.170388502461,210.8295485604233,240.01479260984925,328.9619161646167,340.59301316106433,229.28933585129715,293.06140374420886,292.7156462202538,294.78875855759134,358.9600483224388,273.64485151595903,359.29525626851864,276.8215176036134,334.5680648984519,335.75442223016046
2020-11-18,286.1965016573185,315.6328324153842,308.9265696883216,208.12835321738868,234.93136305516998,323.17481027843104,333.12804399727344,227.04383294496643,286.9234243394203,286.83518039096975,288.8671841547914,351.95723037829356,268.25811662990134,352.2538791294245,271.3494590240345,328.1407326362278,329.27178229413266
2020-11-19,289.15468865614633,319.5139837448564,313.87169629366315,209.63905826600936,237.97636147470254,325.6487806471508,337.1168027363378,229.12258313988184,289.9199167399605,289.8632912539575,291.7865060860724,355.5512050018596,271.0229865182301,355.7746360682087,274.0864606566702,331.4837884008052,332.5580153356545
2020-11-20,286.63126745864923,316.03404708457947,308.56014068955295,208.64193957737422,235.15439741112618,323.85330327001446,332.9404757343913,229.12258313988184,287.1598084575172,287.9610312676727,289.2523975321255,353.0558423488135,268.7031173387736,353.26872284407915,271.7496980315337,329.1888510237764,330.24638458092016
2020-11-23,291.9106553652485,321.409622907936,320.83760668006806,213.03015696722318,238.74141603286074,329.0076253696596,336.92871688054527,231.55032531151406,292.65315221369104,292.5253993359623,294.2964706484938,359.29675991009304,273.69652954973907,359.19044861986447,276.5418201658598,335.0693802947118,335.8527937587633
2020-11-24,300.2493227570798,330.13800488237956,333.38845586121744,218.94238449366915,245.37277396075717,337.2504773283358,349.11482780006446,235.17401648462015,301.35666107865853,300.3714738556404,302.3212812033735,369.90534666840716,281.8096083653526,369.3343195794085,284.3826308472347,345.2971778079648,345.67648272769753
2020-11-25,296.13680636824944,325.51689203591775,327.16782544577063,215.68673586355592,242.022654150725,330.607625732501,345.4752263317347,237.3325067556574,296.60228511151047,295.60671452060103,298.1892440718529,364.569461850707,278.1691753291967,364.02741943339174,280.70845212335576,340.5845570780722,340.9674370138235
2020-11-26,296.2172988618572,325.51689203591775,327.16782544577063,215.68673586355592,242.022654150725,330.607625732501,345.4752263317347,238.10661459522925,296.60228511151047,295.60671452060103,298.2670524208793,363.3091531198603,278.2417597188509,362.8173858738207,280.7788819105944,339.4524480062402,339.876032344983
2020-11-27,295.5870047285712,325.2046937199435,324.9305812665147,214.9307984673224,241.243063524861,331.38794614214373,342.3848666396196,239.3252567791688,295.7757954901858,295.98799635658486,297.45473343193,362.5658370362383,277.5432773556762,361.86613288206047,279.91734760164377,338.63201558336374,338.8707638718749
2020-11-30,290.3618072998066,320.9489367842387,319.11735984133566,211.10901495770565,237.93457913972586,324.2324379715352,339.4616594902339,236.2140774881241,290.421487100792,289.8064553897798,292.3433778472543,358.5694560009199,272.7592577892929,357.9566302788621,275.22054992453076,334.9561470226796,335.2615915995514
2020-12-01,295.670521530292,325.66401954783987,321.4486286463605,217.60027567951227,243.33264473103932,329.6179905764241,343.6725807525097,240.66399410889852,295.7166290974943,295.1105064578005,297.69530988980864,364.23232555121973,277.4003487907486,363.65233275468705,279.9232666114978,339.8698607517284,340.23207464435063
2020-12-02,290.3276695043954,318.40184018349464,317.59296816920613,213.12642842746473,237.62700865354472,322.52800112795416,336.3388368107586,241.73068634132545,289.7679996588964,288.608712128863,292.3366046305468,357.87007886494484,272.449311753159,357.3161419934386,274.94355467977783,333.9979367419892,334.36583866385774
2020-12-03,292.5670438258157,320.0019278817465,319.52278618780736,215.34968674287418,238.94157930397037,325.76717543940845,335.6876671653686,244.0489095947588,291.95361629746066,291.21591363880464,294.61916182927354,360.73389983602044,274.58934099146927,360.2040966107556,277.1267177444639,336.7124564195332,337.10754262886377
2020-12-04,292.34212247007923,318.95743625317925,322.59008844081376,214.94376755322793,237.77752856319506,325.53297518256954,332.4283877751547,245.67898648832113,291.5314850122949,290.4659437591625,294.22119924163883,359.74066614532137,274.35678023142896,359.0382459353782,276.7377609351183,335.7857604769946,336.0228645657627
2020-12-07,291.32567618650603,317.80698391777435,320.6752996032756,212.5789617137165,236.5484234918885,324.86008849800305,332.07326521110775,246.0767456728811,290.3828005969855,289.50532251956855,293.4225438740394,358.92815473205786,273.39259421748596,358.4737117013456,275.96848502106263,334.99952983508643,335.4591657292251
2020-12-08,289.3342729964836,315.293335890297,319.42441974534455,211.56758303908546,234.86255337214078,320.7446721706674,331.8414757022339,245.99948535834972,288.22568012919703,286.7407230317282,291.4097852990483,355.7724059734644,271.48295017080886,355.340684724804,274.0360831972324,332.03127264409716,332.5045599349576
2020-12-09,288.8886260619998,315.36507561959525,317.6244166007469,209.5951059099757,235.66088472337577,321.7300353290946,332.49481944889834,243.53904073940734,288.00345382642274,287.0694961237997,290.82773177243956,355.4876441752477,271.10280403313635,354.8899705178858,273.53043663474057,331.80075901888074,332.1225630850347
2020-12-10,293.9440173929845,319.2628097505112,324.40537481153734,215.3681408304089,238.03398580008133,327.21542248347026,339.3287979028408,247.10473578615654,293.11819108630004,292.0008100743921,295.80462295896723,361.3749286758888,276.03212727118796,360.64824139823133,278.3950352631858,337.52565199519637,337.73714061530677
2020-12-11,285.1004506649247,309.38382573690825,313.7065062483309,207.81598411024342,229.06819111525328,316.6160420912079,329.75123684294,247.95684155014078,283.40587937829804,282.39477690535966,286.9494187263866,350.37219301721143,267.6920770696754,349.72461945205913,270.02509016558474,327.21214209994184,327.46992775685817
2020-12-14,286.49861340269456,311.330110573719,312.8057370068405,209.00184484979937,231.302060572897,318.80062074633486,330.5225025514112,247.2966036269476,284.9906845703792,283.9725465647503,288.32802141239074,353.0624062240407,269.1153235959875,352.33899841608365,271.4305523425622,329.81943989715836,330.01186639050997
2020-12-15,292.6257145453049,318.4551486060029,320.7325119096768,213.84361363411188,237.33511699939066,324.4924820251108,336.57530191674584,249.19652502302978,291.44056749424016,290.12416663230874,294.5325020001642,360.5865978838515,274.8792881366428,359.8937391276882,277.278398683231,336.85940988308585,337.09699025044335
2020-12-16,291.9966726823829,316.91024366865526,318.5254714949231,213.83508137954888,237.72204395489078,322.54186954821876,335.4184063282478,252.7940151607772,290.37463378267796,288.95937371827273,293.8998587342464,361.1289569130932,274.29570310635415,360.3850651352283,276.68988701436683,337.3273540569002,337.5216097071779
2020-12-17,294.5600791359886,319.3080311382682,319.58354955635883,219.1060417625076,239.912943231626,323.9709962475211,339.2785502678104,253.02805451807168,293.1311037059146,291.2474473452146,296.51054073233877,365.1986657995724,276.7575870838274,364.44791082016604,279.19884028040315,341.16022452702526,341.3568949414437
2020-12-18,291.5613699477013,316.21867992505355,315.414618380166,216.72056629899186,237.02516819585105,321.40791162647065,331.1444525636927,251.7377480902892,290.0115463239403,288.414252649817,293.5313252588097,361.766040823621,274.1018125293811,361.05790128075694,276.54899274929784,338.13495927228695,338.35523509237805
2020-12-21,289.9717278394608,316.32095848768944,315.51707731997834,214.27546575673503,234.72946745386864,320.6400049973611,331.25540052536826,247.42788154210325,288.73798497636886,287.34809456391315,292.0588339792589,359.78633146011833,272.48442660140506,359.2336094497525,275.0377951944935,336.13900716669946,336.500131242845
2020-12-22,289.9074793476116,316.83275019517515,314.9889577102798,214.69911553694425,235.10283105127064,319.8955356067999,333.16516301839,247.84708249125092,288.623722106124,286.8861851883972,291.94605420128255,360.38223128790474,272.28133435251914,359.74579762038513,274.79481406862334,336.50217642888157,336.79618329929235
2020-12-23,295.17326790874813,321.35939177908494,319.2138354747473,218.74184996261044,240.68602356406728,325.6847686188261,340.7522220212554,250.78657339197025,294.0315897140664,292.05213612038017,297.201006570744,366.44173715035475,277.3350422267515,365.7565642313146,279.8476590370622,342.306055980937,342.56543289451736
2020-12-24,298.67692752524096,325.67496837365735,323.17605722447394,221.71004774266572,244.02081019225506,330.29136451086873,345.57586163106106,250.78657339197025,297.838980345042,295.33839465816004,300.7707412902971,371.09953585361694,280.67968864452723,370.44352980113456,283.2585934510962,346.7085682858458,347.00353288743105
2020-12-25,298.67692752524096,325.67496837365735,323.17605722447394,221.71004774266572,244.02081019225506,330.29136451086873,345.57586163106106,250.78657339197025,297.838980345042,295.33839465816004,300.7707412902971,371.6804146826456,280.67968864452723,371.00107979011824,283.2585934510962,347.2303950769146,347.5064602653938
2020-12-28,300.29239772003746,327.56087262954486,324.5089993182169,222.162095747046,245.39399987170336,332.66833649758627,347.14128067635335,253.9255036344696,299.2574713561741,296.69468390019244,302.2888030038919,375.0690457038184,282.0245470486502,374.20163829813464,284.5240700092811,350.1404815929207,350.26428448678115
2020-12-29,303.88848482137996,330.7803426341791,325.58477262427994,226.10681517475763,247.75691000005082,337.95016258084826,352.2498719818959,255.17185770568832,303.0334226044093,301.5571558055367,305.87924361180126,379.6236547644098,285.3991217313962,378.70811704423716,287.901912206851,354.3868270683777,354.4784482892502
2020-12-30,304.06881860393025,329.40272588926285,325.11646812215884,226.50693844666344,245.81742569563906,340.26425826195344,350.7702145097603,256.09903166722523,303.1294986203462,301.70715198813866,306.0594984274119,380.5466271192179,285.525489994364,379.6005933446883,288.02991612059003,355.17205824093116,355.2412308599418
2020-12-31,301.7307206045956,327.6978941061591,323.91801098863266,223.5564586789851,242.12526703641944,338.7769825592179,346.3024943465558,256.09903166722523,300.58672565377316,299.52084124218266,303.8037981942047,377.7701647695154,283.41343845258507,376.941810674444,285.98451368042726,352.6751793352336,352.8401959479576
2021-01-01,301.7307206045956,327.6978941061591,323.91801098863266,223.5564586789851,242.12526703641944,338.7769825592179,346.3024943465558,256.09903166722523,300.58672565377316,299.52084124218266,303.8037981942047,377.9679320099324,283.41343845258507,377.131554508147,285.98451368042726,352.8527079051188,353.01122937468807
2021-01-04,302.41116340061626,327.1621182191137,321.16006168898554,224.59342703301735,244.84036742803804,341.2997352642341,346.5701032439579,253.25075190810057,301.63012727162,301.6459763354583,304.7345374013454,380.1226242800244,283.8129225087939,379.5246789721187,286.6192445594154,354.53057193406516,354.92142467263056
2021-01-05,312.60747610408555,337.30967453441235,334.09807568339363,233.2300153750594,251.95543845868232,355.7809755669462,360.3965854288531,253.6331897900916,312.6832407618434,312.7234887166951,314.8777798990577,393.7093040665708,293.7833190893747,392.90304728804443,296.5538046185741,367.65672748652173,367.8768643188292
2021-01-06,313.09640606355697,339.23476462350004,335.9069877087436,233.44081959420308,256.0521666960571,353.394906268666,366.43420052427575,251.4865127031354,313.4573353923279,312.6038667898908,315.11979666687677,395.57637347755997,294.2583096129025,394.41775755559075,296.8058567048315,369.3739611726388,369.2818514227872
2021-01-07,317.07859104420675,343.75488187737847,343.7866702835744,236.85736535251883,257.9087235095846,357.9146879833183,369.48764131609,255.05870262602897,317.40177760842965,315.9999259057143,319.0065120832614,401.59283616853736,298.0610652387853,400.2329455875762,300.529430983746,375.02913940543635,374.7686602794258
2021-01-08,326.37695584478007,353.1545624824963,352.01630633875146,243.7375592613671,263.9636983174537,372.5105441716574,372.76785930559373,258.7845100018229,327.13428800922935,327.3004595693487,327.77313812834194,413.78103434715683,306.9836768324774,411.6544237343251,308.985992339913,386.6164758333231,385.6862156293959
2021-01-11,322.9684071626841,349.7475463477596,351.5911889598729,241.07103254840453,259.73575905925156,369.56088049000857,365.58209902303724,257.7209667142311,323.52946522039883,323.19901294546065,324.46941338455895,407.5194123716168,303.85463940168194,405.6434195675713,305.9417975226502,380.9288680124705,380.20334979794126
2021-01-12,329.4034124807717,356.058572551819,360.4850602119261,245.37086901021738,264.20718313721943,376.857643407793,371.60450484604223,261.61712944207613,330.1170261581881,330.00564288195636,330.9420080065077,414.7778626576231,310.0599102230385,412.91066142134855,312.19080565943875,387.9268082766399,387.2181775046466
2021-01-13,319.88620406435547,345.2271131795463,349.7516672501471,236.41146002716096,255.5526304017675,366.59220647470937,359.28799603847096,259.2708982396809,319.98126571510426,320.0282763502897,321.30636483788726,404.37992589403314,301.05056810668935,402.41005519606387,303.05441677917577,378.08357638242234,377.26231904640184
2021-01-14,321.03487907875206,344.9131857134757,350.59257275483407,238.78442854864508,256.3061079603537,367.2776234060837,357.2227258086099,263.60785160974376,320.748148490892,321.28848607054977,322.34962346564447,406.50862732403203,302.1816191682686,404.3694011984196,304.0908310056401,380.1099135408343,379.13939197313493
2021-01-15,310.4751211603185,334.1158245256707,337.66009684208814,230.5760604344868,246.45053926061098,355.36165593161843,346.120677857896,257.5804079734624,309.90542567832756,310.48023295396484,311.766291494271,392.3988251435279,292.11311694944914,390.38583579526545,293.9815470230078,366.78708156535504,365.9022902770723
2021-01-18,310.54108435326214,334.1158245256707,337.66009684208814,230.5760604344868,246.45053926061098,355.36165593161843,346.120677857896,258.2371108778174,309.90542567832756,310.48023295396484,311.8298795072616,392.6825852036551,292.1726964908623,390.6572823174201,294.0392014724029,367.0421191936013,366.1472896323124
2021-01-19,318.65390115852983,343.32836554446095,348.97519628425925,235.73480287740347,253.18861913730316,367.1066839026549,350.9802825153787,256.69151438202664,318.90627706061895,319.79475386230735,319.99586872371503,402.3009629080339,299.86117598049236,400.2740480215064,301.792331150633,376.1225597974599,375.24558210222017
2021-01-20,325.6968747021935,351.0680565050489,357.85286715974604,241.41426733707644,257.8659465383291,376.1204232959089,362.58373107375627,254.90202473483046,326.7977162243463,327.6061312135539,327.14608408664867,410.7895532191282,306.37748478118476,408.8286105877227,308.4252682917952,383.9390406811401,383.14642784704415
2021-01-21,321.6862713779315,347.04985770920234,350.4967427374177,235.81862707007005,255.53534040764262,373.06184751923456,360.8011318930291,251.70719828875488,322.78008227446094,324.47463705510796,323.1089485965868,403.57465168948335,302.5940882073712,401.7202573390369,304.6091233117252,377.26036640950736,376.5442268117497
2021-01-22,322.56513609733656,349.0161142235784,353.0325240256924,234.65341004857936,256.6817588425925,373.98477147174674,365.8850129616413,250.3461363946249,323.9007743405085,325.4724577851453,323.9976332705196,405.96756423650265,303.3413154663258,404.0598677320143,305.3697819394522,379.3555852226818,378.6025185869611
2021-01-25,329.2103628960016,357.16447573110867,360.92691381776496,238.06956375762653,260.0173345600608,384.7476511895266,375.7315503568163,250.3461363946249,331.1801298393611,333.64634398146944,330.69782890060605,414.02717922657075,309.7303269032703,412.1237666292476,311.81917476976133,387.0659253131303,386.3289725091229
2021-01-26,327.88502324851703,356.49933986830206,358.3436489698732,236.56049811359318,262.01135056219084,381.62677168708916,378.26926072189184,246.37748344042052,330.20293459089885,332.5257851913559,329.3870732261714,412.5311586771594,308.48455181947145,410.65273721262025,310.5836056201139,385.6625560667267,384.94480234907786
2021-01-27,314.09522201520804,340.82521633128675,343.31937165026653,223.87556355996222,249.97049111766518,364.609664105258,362.0435319845887,245.76718495351076,315.12752721675554,317.55636138713237,315.73717927232724,394.477442850182,295.79449220227076,392.9516237499952,297.9803281758509,369.1511900717474,368.6946982474459
2021-01-28,320.8430716140538,347.36289199768646,350.12226705062426,230.51781206642573,254.65988874342435,371.1715346532111,366.4756444510528,254.0112054619468,321.55204352562095,323.42786334706454,322.3995278627016,404.3766438195056,301.9407011611807,402.61342915928066,304.07043389908097,378.1133994901963,377.47707970677953
2021-01-29,314.06822911563916,341.87672235809845,343.0581758377508,224.64914931503807,250.7000514712069,362.6408767294471,360.44857578854794,245.65532987201752,315.1065819658611,317.17004680715723,315.9193682481612,396.6682445035073,295.85258149045137,395.3001561475894,298.2252778104207,371.22206491279684,370.9120339408804
2021-02-01,321.97072112193104,348.8283357736116,350.0957550060561,233.07860293051257,254.79410165597628,373.49327931815253,365.08487097134577,252.5899665674734,322.9473310167852,325.208923442102,323.722580532714,405.9546245803857,303.36614143113064,404.4056386712028,305.66401202355826,380.02145897456876,379.56554400694984
2021-02-02,323.9486916317773,351.25298933422476,352.947630778016,232.9505438753308,256.3577482182255,376.8607847118879,365.1254906952381,255.4176215049516,324.7830002036615,327.44998877760503,325.40322949842687,409.2087289802934,305.3218028024915,407.24813340986043,307.3512127871321,383.1511104236822,382.3275582680641
2021-02-03,322.0328174336308,347.8332136728435,353.41108834316634,229.85267910332666,254.037883077637,373.9917214859743,362.4140151321343,258.4853312605518,322.33295220648307,324.8796264500505,323.38385954075807,407.5874151172484,303.64852589751985,405.48981856454327,305.5755045646176,381.7640744161073,380.80778434156105
2021-02-04,321.93681102328566,348.50847520613064,356.4491571454804,229.75071432180312,253.495340790503,372.80643395918696,360.2171307508929,257.039344860608,322.392043491664,324.06910344418134,322.97766411256345,407.1885945629298,303.6476011230053,404.7301614776269,305.28963789945306,381.5088301624086,380.22063078914823
2021-02-05,328.80971085238696,355.587320474097,363.2677873356152,236.40072409375983,258.6917045075098,380.6045980822989,367.8143878116656,258.69380555560133,329.71170809721644,331.0109498210354,329.9041787666367,416.3028208693169,310.1617590621534,413.8110806113692,311.86632980840017,390.07138105003867,388.7730655187594
2021-02-08,327.55569217039977,354.3275234625462,366.16473204000044,235.51093841279686,257.0848990779835,378.1519196847736,365.89522279615744,258.3362457070419,328.3813639316354,329.07112278099277,328.69039995788046,418.08383172755254,309.13809179736336,415.5062084607426,310.87124953537295,391.81132140122565,390.4365341166069
2021-02-09,328.41932736669474,355.2793833293888,364.4311939076462,237.35304039998937,257.74369413440314,380.0521879938145,363.7216196354894,257.54669940173414,329.41712478366367,331.31784675562847,329.55324867494414,419.22974497612904,309.9822484965883,416.6387980444824,311.7155781549114,392.9190950057217,391.533507433216
2021-02-10,328.85026809689487,355.84774828622636,367.27445621908726,238.5996864571501,257.1394316921154,382.2023266179439,360.4906531453667,253.76754593548281,330.32810259642963,332.29617359828876,330.0472249215244,419.2314383453603,310.43629032729154,416.7362621462922,312.2263068573242,392.9980923947313,391.69604535120556
2021-02-11,331.2803301073499,358.35923354753754,366.81470980399325,238.97077646261278,259.2593338985949,387.2162400115033,363.301644700666,255.2172380132564,332.8194419631842,335.5652252817565,332.2938759347374,423.3494213672274,312.5593116434666,420.55732028043565,314.1933035302843,396.61350104774897,395.0619519628197
2021-02-12,331.56997508502786,358.7571552385994,368.5679834387159,239.62290231461458,260.26678970165335,386.2861283519324,360.2110080023545,255.95098577927527,333.0498996257389,335.3704927268084,332.48442866920163,423.50098624815803,313.0864507986272,420.59456912817126,314.62248691197317,397.0731119463758,395.4055428764208
2021-02-15,331.56997508502786,358.7571552385994,368.5679834387159,239.62290231461458,260.26678970165335,386.2861283519324,360.2110080023545,255.95098577927527,333.0498996257389,335.3704927268084,332.48442866920163,423.6681593824953,313.0864507986272,420.75420937125483,314.62248691197317,397.2238244204918,395.5500639092615
2021-02-16,332.99475958665187,360.0360148668805,371.38961105580177,241.43270986553685,263.17231673452255,387.3804317226089,360.9958882794677,255.95098577927527,334.61114747712713,337.0079636445218,333.6714543081037,425.85746076790264,314.5440569318514,422.62027779094177,315.8629979539198,399.40011127713245,397.43363625697435
2021-02-17,332.80898307033294,358.75866991160746,372.7595501700536,240.82768780738618,260.8432497847629,388.30662209850055,359.7328315643246,257.60699000479946,334.2106860769527,336.02449377186264,333.3446629308722,426.6551580179486,314.5157696565083,423.20111864642496,315.70089604269816,400.2906217669881,398.1236268717443
2021-02-18,332.45692532837205,359.1934802507018,371.6554927515375,239.83221106362063,262.4212031851903,386.7031584108283,362.06986651344147,255.2730369668166,334.1002775642875,335.36427477774737,333.10566132323515,426.1955791828577,314.0988392279201,422.8842778832372,315.38911616591923,399.75666885302223,397.72228642966326
2021-02-19,334.7962210975642,361.336617099472,374.07240632338,242.90188091295715,263.8691536073502,390.4064598982005,363.6763716563994,254.95884827481822,336.7022336759215,338.26915341700226,335.45061432099277,430.51724777553665,316.07309389184707,427.12322179150533,317.3815844470286,403.47387975462254,401.3884633665909
2021-02-22,327.8228853942729,355.4588535002223,371.0910968112617,234.88104825775565,261.5225858494198,380.33597356962406,360.93451925945305,244.97100365419203,330.25074863353194,330.1638199158408,328.830782404536,421.2521199821364,310.1535372817651,418.39199546470604,311.7458835845733,395.6162609536251,393.95809251831133
2021-02-23,334.4068614754785,361.28285581104666,378.6499075648576,239.73706497301194,265.88217216489227,389.7594836471927,367.9039665233801,248.7297319665536,337.02580519904154,336.1558683366219,335.3422662150232,427.9341239810814,316.42791061949896,424.9831128950589,317.96618469593164,402.011380164726,400.2807177474611
2021-02-24,334.79816312607716,361.5928932885351,383.8713039500311,242.04746134894685,267.1087379289144,385.33566949842583,369.1437498803247,250.45085533805045,337.2440136106795,334.2839834647042,335.6510573669217,428.6477599636936,316.99467897209144,425.5818173890308,318.4518896994132,402.91414494311823,401.07124904510715
2021-02-25,324.3262607355809,351.7533985555231,371.34119332754165,230.83751311222085,260.59942487489457,376.5732811652303,356.43082828986775,241.93265583314337,326.77940540256617,325.6257839033905,325.2310663203613,414.76645585486136,307.37898754582835,411.9137110911405,308.85212268340973,390.2491829159078,388.5534698304373
2021-02-26,326.967653054409,356.11352830822904,376.80988848708773,234.21687936918246,263.2936835578421,378.9810073716685,357.8303840394592,237.47278722200934,330.23035252106115,328.66009603444326,327.7531154768268,418.12150972372774,309.7261019724884,415.0922522072111,311.1008217638742,393.2159931055219,391.37501758889664
2021-03-01,338.18641939935287,368.5430204374683,391.7630527086679,243.87079476877167,271.0212654307583,392.393885458644,372.94972284381845,237.5302178874959,342.58387180496584,340.415682080813,338.6910339909216,433.30745295061536,319.868510427496,429.76129135103076,321.02605230167705,406.875236568282,404.6238189211631
2021-03-02,339.69330445831605,369.72893638695433,390.92281990271783,246.55751799475087,274.08194995353847,391.41212232853053,375.73058004304147,239.92534103253487,343.935083058982,341.26286185561133,340.31848998721216,434.85372008843257,321.1669694493879,431.45393325396697,322.4419426509632,408.1859708070978,406.0766832826131
2021-03-03,340.11788386219337,368.5539414858025,389.68712886914545,247.26141123463816,274.95349582105337,393.94510223389835,375.1760186244413,239.3671512562299,344.4767870492436,342.0302940603589,340.65890574073194,436.2626487757046,321.975822218404,432.7152710157152,323.1608863555646,409.97515660401814,407.7156474401413
2021-03-04,333.0300287683791,360.07760497463914,385.10577010644715,239.48357387404985,269.67857914564905,383.83957032357415,366.34244818922514,241.17697302730656,336.4087101626712,333.14148958024043,333.57275857071215,426.68199499006516,316.0017728393611,423.247039145198,317.1482891763768,401.8902660084066,399.6728053745474
2021-03-05,339.4775713704016,367.68068142256635,397.76917864933347,241.26924478527093,273.5555122351169,390.48713791096196,372.6357864917831,247.9297074492587,342.6574665726472,339.0859044042215,339.90161555911544,434.8964249822054,322.3949360786892,431.2394846846636,323.4359140158291,409.9657331578554,407.5495308050607
2021-03-08,335.2855021423696,366.4848159700768,395.0774273559429,239.8506939388085,275.7278845714375,384.42243389680243,367.9599480403726,233.4058972370625,339.86628098687214,335.1555437998579,335.7815582980195,430.99048836174217,318.34749590385957,427.4047787816395,319.4486430523257,406.149524133885,403.79568793692215
2021-03-09,350.8996707660339,384.13576204795135,412.851500887476,254.0899734130705,287.85736000163496,403.5095430115509,384.2793722811359,236.77143626206492,356.68712779473674,351.704738519492,351.5252980220778,451.6978293779136,332.8762506217626,448.045884333005,334.13649490573897,425.2764302440711,422.9224668969557
2021-03-10,349.2316507017629,381.0574972674598,411.6141780259906,256.0561324728867,286.6589503067641,397.2702377839719,380.3444248731927,240.2636133742963,354.35920015601226,347.58895014758355,349.81697169144985,449.79720657108464,331.3836771590375,446.1054692518431,332.60068408169036,423.5883326694333,421.1898428220381
2021-03-11,347.7127409304171,376.6061573567365,406.86140287596714,256.486710582137,281.89645270631024,396.0318825047017,375.1006928956289,246.06545856593098,351.8999694444946,346.2041997568121,348.03001698586297,448.0789069639365,329.9568685994183,444.06663737769526,330.92535310451876,421.9793260083108,419.2853653572581
2021-03-12,338.18374999074854,367.6331366060307,396.4597151308204,248.73542491547758,275.5107362465607,382.28870989656554,366.55795869006573,245.7357367070617,341.42239175604743,335.38440824353347,338.5367309207945,435.7166718292971,320.8867565951074,431.87272457785946,321.87028168361365,410.30607619640057,407.74017794156094
2021-03-15,337.62296041570875,366.4561968320111,394.3100626002605,249.45477713460056,272.25825729413015,381.3455105139101,368.2477356617446,248.38993615637918,340.46951591540744,333.8200116844981,337.9599259077301,434.46815653538346,320.2581362790873,430.6363486884913,321.22935183478677,409.0307623012172,406.47752825226223
2021-03-16,344.18711388391125,374.5011231945136,399.6124850285281,255.4700038754482,278.37106605536354,391.04703109091827,376.4092978802772,245.88816947423564,348.0025294873566,342.1808721587048,344.57417007462146,443.2398613953265,326.3866739969371,439.37165932681364,327.4200480389699,417.15678641966247,414.594928556375
2021-03-17,346.6170158907988,376.64855992425214,402.28748859072266,257.28773867283377,281.33792265026534,391.5955076794953,377.8712813017103,251.1571437141509,350.004797052442,343.6703983246408,347.02998336103235,446.9178429358929,328.61645023919425,443.0250386394165,329.6809345109337,420.50696227649433,417.93544090585726
2021-03-18,338.49208078535213,369.25721508641425,387.4066838176702,250.70425371866241,276.8174927239173,383.96545045719586,367.5348596962858,246.32738863531932,341.66647279093604,336.73568889319773,339.0412002346528,436.42762406234226,320.1296829060883,432.8057448525435,321.3301321174292,409.67281257474053,407.3661350922337
2021-03-19,338.6358036152758,368.2804791631695,385.9548919873615,249.77455546254203,274.74653494733576,386.05442075974526,365.68925780659066,250.49192628402292,341.299605402786,337.5805100804115,339.1766117356735,436.67573940267505,320.61374718901516,433.0389173987597,321.7947847842262,410.33182997134645,407.9940714878873
2021-03-22,334.9938900987868,365.1728238980199,383.6126054784951,246.5816756522353,272.05008365336516,381.48121520703427,359.87564791195484,248.6100310069406,337.5284575297064,333.3882881345731,335.49609879561496,430.8331707046921,317.13509405316194,427.24848251600207,318.274590261733,404.84555283217196,402.54206255855587
2021-03-23,330.38764149264586,361.22013209645786,381.0039362482408,242.07480311274438,269.18439847987526,375.91622666158105,354.4943218090872,244.9762063965057,332.91394045211484,328.5008629223757,330.9984439331957,425.24996547002394,312.26318059896096,421.84015988049725,313.5102610594697,398.9592864509335,396.829370850065
2021-03-24,328.1839755504747,359.7113146989345,382.4349796855899,240.37478341218684,268.6476329602831,370.936562419051,354.83441173550057,241.80502481986989,330.88333393914405,324.9917685979484,328.96079167588164,421.9608934623104,310.9592068751604,418.80316261680724,312.3259110626789,396.8466507054947,394.89662202719995
2021-03-25,335.4270211603714,368.2068369464401,390.28901824816995,244.38847054997348,275.07641783368217,380.4651311258839,362.3425196503655,245.45611931092685,338.39563670112443,332.6827072609393,336.1183543920919,430.85599982697056,317.29455889046267,427.52201363018116,318.6157969433892,404.58008909441776,402.51576429461176
2021-03-26,342.8956927357513,375.76492941558763,399.59972899770315,249.75267820667452,280.06787084476656,390.224673549839,367.80638223624493,247.12124716661705,346.40669515216405,340.7585887680763,343.4103847198282,441.30430902090643,324.6664093191529,437.62198892648627,325.83145706253265,414.7366309293467,412.3652437000579
2021-03-29,347.5383921408455,381.2872941641327,405.23617606609656,253.58920808910256,284.84244702444823,395.39996879893755,374.6641342571401,246.52378600604266,351.59945417577745,345.0848862824191,347.9605681152978,448.21735847953266,329.2497695072111,444.3196800463039,330.33326600977097,421.4298738873929,418.8699123813114
2021-03-30,349.80104398670727,382.78660961202115,405.02210239891616,255.82912150366278,286.7847528364441,398.408188470028,374.1717971775504,252.50661771033376,353.3209275457633,347.2295458575582,349.9650029021941,451.47151208440545,331.1358402656213,447.2123068465349,331.99726365510605,424.16046131322236,421.29351994561387
2021-03-31,349.9055241495945,382.3193762952994,406.05893351745925,257.1232578964842,286.2716508983037,397.5870155409045,375.0248044831618,251.29775612202133,353.5898259586295,346.96878272768174,350.2550630628413,451.5725742680628,331.00413285739006,447.54166996798716,332.04334254183254,423.97259458070334,421.32529568459586
2021-04-01,345.51686572189885,377.90248042001883,403.2302792231421,253.42138077792976,283.4139212485423,391.3080450708545,368.68215744471456,248.24929610078038,349.1417287095517,342.6076213395699,345.86979450031157,445.7491708770615,327.1142992818829,441.78588307827556,328.1382836970036,418.83325847449964,416.2201458653142
2021-04-02,345.51686572189885,377.90248042001883,403.2302792231421,253.42138077792976,283.4139212485423,391.3080450708545,368.68215744471456,248.24929610078038,349.1417287095517,342.6076213395699,345.86979450031157,446.0783419042187,327.1142992818829,442.09957949186764,328.1382836970036,419.1306570472224,416.50474291934546
2021-04-05,353.25940453940564,388.0322809330097,410.33506419791496,257.85898062178967,292.4864719179559,398.7271345236826,379.2203501907885,253.7096360784457,356.97860992936177,350.53161764597303,353.4998489067416,455.5863467496168,333.8407858890037,451.3934085585172,334.79928982827846,427.3381756459854,424.5701984981993
2021-04-06,350.2433006685431,383.2451363137176,406.3598994415889,258.2669922394719,287.32317498824705,395.02334123868104,370.1519766436136,255.41763305965358,353.4351997863411,347.0093929024452,350.5963872750212,451.4344847492099,331.1305519654893,447.43056998358475,332.180321109607,423.6256103500599,421.0115850929758
2021-04-07,345.04338120568264,378.3706474049842,402.31526146902723,253.37609919380841,284.60558171908986,386.26196432810485,367.6521881672217,255.72617698533216,347.672049934046,340.75960601294906,345.3882746073641,444.1217367533017,326.29990618228277,440.20233166557466,327.3283729711229,416.89056326055277,414.33121974783694
2021-04-08,348.75481787630866,381.9647979751442,403.9652134705646,258.85970905047805,286.9247353650137,391.35184897727197,372.2911671400054,257.0211078232442,351.5916881591234,344.43167024018436,349.1505460623379,449.49135492072355,329.7006200306808,445.5597284596622,330.7869584443957,421.7755152553142,419.22377698174563
2021-04-09,345.6284150370894,380.2041269848157,401.5892378313789,255.50992253424732,284.6892091140122,386.8606366003275,369.44567126731226,256.4733694713684,348.22144010064005,340.606840140055,345.92814868564716,445.45316916987,326.6986468021872,441.44376047998054,327.69266757216445,417.9295890992424,415.3007304185957
2021-04-12,350.41210232406905,386.58516304547254,408.5142859839893,259.2169808130585,289.71169598655484,390.6845525545678,373.9149336677624,259.4394988332869,353.1130503774446,345.50144106909386,350.71901240369436,452.2471126449561,331.38933580308867,448.15630849417846,332.39386680373946,424.4889440093456,421.7936692112394
2021-04-13,355.39901334169974,392.16967200997016,414.47486854933555,262.4597570977401,293.457243274441,396.92469043052057,381.6373891198903,259.81051843508243,358.5493427658106,350.54875432204545,355.74165267277726,459.6948487866709,336.2039038081025,455.5366550969671,337.24781334539273,431.5642051891035,428.8208718417569
2021-04-14,355.9237637364676,391.07925293359506,415.0289227507615,262.29640154064884,292.9668184118982,397.7676956485964,383.8089826491017,261.2628687576626,358.9446626478742,350.72318590873675,356.1447813986442,460.1817390143561,337.1744041852994,455.87608068133443,338.0917106538111,432.6133841244165,429.7119091987077
2021-04-15,355.5333436684899,390.19732044907175,412.85636038826914,263.2723206592277,292.2228021807181,395.9037594924046,383.3862282189914,262.3220903232066,358.38283976185016,349.66300251880364,355.83944217655727,459.5519237537009,336.7410331255768,455.3619379426343,337.73749311588875,431.9474583538631,429.15281274774816
2021-04-16,354.72135828558896,389.3442592556669,409.6125870202559,263.4356067010273,293.7126990239591,393.7452252778813,382.2219303822575,263.3974489983645,357.35637912812746,348.8159256377263,355.04933897557515,457.91896971589364,335.88459209935604,453.7938919911123,336.90249647548814,430.32591668207834,427.59034635375696
2021-04-19,351.910433540008,385.82836460280976,405.4317971835965,260.94517273180327,292.25295654759543,389.9447021892102,379.263635091118,263.77274713718367,354.2208482144928,346.0199596008129,352.235433437824,452.60939047850013,333.3028683406144,448.59574092773124,334.30951678988185,425.49550168622517,422.84248455406583
2021-04-20,345.478468279989,378.1129259524421,396.98023253407257,257.75849140814125,285.03018874542425,384.05510089844466,370.60492712528355,260.94419592300557,347.5034069185371,339.40237686772707,346.002634567412,444.77805841340137,327.180802947341,441.06820948083936,328.3573072996957,418.0802953586793,415.68818277897117
2021-04-21,349.4652836428162,383.218548235994,402.68641581970286,260.7700678261536,288.7340095368254,387.38112775688,376.71084129630736,260.94419592300557,351.8781521388326,343.52081819051904,350.0299208269915,448.96601011158407,330.56054446136096,445.29945640369243,331.795894565801,421.56456449857586,419.24016678800103
2021-04-22,347.07469779746606,381.1098503936704,398.26563545034776,257.46067909359385,287.1235524577061,385.95953985840566,374.92536155045076,260.5406635951972,349.30170276740455,342.12919826420494,347.64047858222693,445.30341408755936,328.49102764962265,441.6954539810408,329.7158040397913,418.38199229649035,416.09169907668166
2021-04-23,343.3625603102997,376.7909492476491,393.5715934192381,252.34311682421904,283.1097832413855,382.2240859663232,370.5396244939057,262.5217529598183,344.9846587429855,338.71631060764884,343.7074986989509,440.1073269630638,324.9368274209621,436.29559185473784,325.95404701096567,413.4657050610907,410.9805454218189
2021-04-26,346.69122921069356,379.9811027468094,398.05364534076307,255.69293297893108,285.70801917338713,386.64826449138195,375.0908776389101,262.77760235172553,348.6025234927693,341.4075520567374,347.0286881445144,445.32834909399276,328.0020135945157,441.4217917943949,329.02223320944984,418.2323633444707,415.6786506797925
2021-04-27,343.1990596403134,376.4962582459131,396.0054209006026,250.95898703740875,283.25901846822205,383.247833674844,370.67626411433434,260.2556949754125,345.0760251394721,338.3183843263026,343.53207576222087,441.21671813849224,324.96979604237185,437.330690797596,325.96915036049427,414.6905069766131,412.1325655047375
2021-04-28,345.56144865980997,378.36489992099115,401.227698609785,249.5586477006404,285.3363892825611,385.4528066434689,374.208657331989,262.36107418939457,347.41349435323605,340.9889747803277,345.88243930267726,444.1162720009569,327.2817831038011,440.19242384523335,328.27228754497327,417.51283108008073,414.922760272225
2021-04-29,338.95753882541993,371.4531327641602,395.93182312783654,241.99949215753063,279.142829475906,378.5460548511735,366.5162532730162,261.23717304297884,340.3059129303798,333.87044696277115,339.2025738230102,435.208114173229,321.2293011583593,431.2935713630937,322.12997402334634,409.4013964355816,406.7889681681189
2021-04-30,333.7675436588732,366.963978237135,390.49977397962994,237.9869346992312,275.14322396908966,372.0216926774176,360.85876799757796,259.91681656437197,334.77793996745015,328.5021181258185,334.1582071324034,430.15696731148296,316.2083296441355,426.40902328795295,317.2352805983564,404.46590632359107,402.00178683683146
2021-05-03,341.93523990392725,376.44200809077984,401.29213070941995,246.0417709085558,284.0401247563176,379.52892843833325,372.8524638118951,259.6799070216355,343.7428678335212,336.6145186282346,342.4439446103949,440.4284386185643,324.09321108698816,436.7338268279617,325.23912851266425,414.3137876666436,411.9123475085268
2021-05-04,338.28985074339954,372.406096316751,398.02166110039445,244.73853618740827,278.5018208167097,375.1177795372825,370.23934142796315,257.2482335913511,340.0376791483004,332.5738253266951,338.83476415911827,434.72507046580677,321.0346927463656,431.1677970736425,322.19250563302626,409.4726353712057,407.16124106012427
2021-05-05,341.75244937113354,375.1979186584805,402.2345051867322,246.46212980720654,283.1060516248031,377.6136831610948,374.6728255298756,261.2245375781254,343.35675897459635,335.5968684453392,342.23161528142117,440.3459137790695,324.1397116636785,436.6106991893392,325.2504947469073,414.50260835424865,412.052571315735
2021-05-06,338.7489668758596,371.70718810137623,398.31664976994034,242.51371451585158,280.75357377408216,375.45625981784616,367.1046859175375,260.53235441197427,340.14756178939695,332.9827781446441,339.34267310400185,436.0298429635975,321.1194229769332,432.49392475266353,322.3349967874095,410.2450002013414,407.97515110589046
2021-05-07,338.3488706738977,369.87523075972683,396.7648413675711,241.79792396695325,280.9420984289666,373.67591232805466,365.75055995471234,265.6166817127819,339.10583389961596,331.78495491829005,338.87720298193244,435.5696158792196,320.57079772180305,431.95608499771845,321.7317643307529,409.6019741532214,407.26952687714106
2021-05-10,333.1297966749602,364.1389024003996,389.3437533001898,238.56696579061966,276.9883151632408,367.1288115561643,361.19013884551873,264.2697279641361,333.5558900278606,325.6674457204795,333.80235198326227,428.5429846753087,315.7458402710669,425.18624645542815,317.02380459691295,403.15268296910176,401.03134937741584
2021-05-11,329.21611232137633,359.71199574255076,383.69071012385183,234.96959735798222,272.60803915140934,361.1076220947915,357.11651312204793,266.4670861529629,329.02882245769956,322.32596465833063,330.0060322442903,423.924782227353,312.2631373872355,420.74175001324426,313.6326428925365,399.07141851588966,397.0867731661514
2021-05-12,322.05237107321835,352.47354009864245,378.2024420949029,230.24289975948147,270.56758978776423,349.8983583195685,351.7377067501463,257.6512007259949,322.2078868936655,314.97181138356626,322.9787083725995,412.8073832259993,305.83510692741044,409.9683870559443,307.3026206422409,389.12508632937516,387.40757247902616
2021-05-13,328.0786162555705,360.9056150622471,385.10279573764024,234.50031329714852,276.8880094840659,357.67705920762904,357.3309995999293,259.5461283866603,328.56971821516714,320.97375702006235,329.03709028027464,420.67488656062204,311.13344530641626,417.79438660552904,312.65632867929816,396.01678216981543,394.29965713728274
2021-05-14,334.0358162414484,366.988107919276,394.23317717824364,241.3343147527513,282.4602140303348,363.04377585784016,358.5800173667396,263.1340330528527,334.665294352551,326.4374220422587,334.9042088950857,428.0781615273316,316.8236613245026,425.02472595005554,318.2746170924678,403.04444436002933,401.18360059065566
2021-05-17,330.4701779488794,363.7345350707097,393.2967956602328,231.9580800915221,280.41640190588413,358.0999619050483,355.12602146962445,265.92681383586824,330.445269698631,323.6091804794135,331.5306830513499,421.4064383792292,313.6771771880964,418.72661294111174,315.28864835861555,397.12698005273927,395.5763702923586
2021-05-18,331.73838723822564,363.75012153378503,388.38752213077726,232.63382328659517,279.9994110852586,364.42605289274763,354.66695058460215,266.26885796827673,331.7900273759566,326.5203512768444,332.7829234327243,422.72206003173267,314.6854610245796,420.02105744031314,316.2913452092483,398.1397648559058,396.58192226738095
2021-05-19,328.5536163162376,360.64445906738524,384.09957121754314,228.6652613723549,276.0052838930279,362.99945405207296,348.57286761626233,266.1127489010073,328.3328749117153,323.84909358011413,329.6947203555522,416.46526251549705,311.36167863939244,414.01762257348673,313.0597202129939,391.958182811489,390.62919038406824
2021-05-20,334.41133945425605,368.4401647405161,391.33272820766206,232.9807367017886,283.0102922486351,368.03274611971364,358.335826963159,266.4940090578491,334.67606108646726,330.03685829637493,335.52006309007146,425.4645541977472,316.53074431259745,422.840169854915,318.22361485543104,399.90836164113,398.4590608955217
2021-05-21,331.4451446400859,366.2594636656494,388.81396126048304,230.3421424021157,281.5207677685647,363.97888307449193,354.665586540141,265.3701445174991,331.56596008708635,326.6066781429103,332.6016366047143,420.3119900655662,314.13355873496016,417.8418911858892,315.85027105730234,395.6137110998063,394.27090030572236
2021-05-24,338.5728110972416,374.57174834771223,399.6066137395883,233.91708377911132,287.950286059779,372.81769229842183,361.60210633101224,268.36462755597256,339.0042988756284,334.0480755397327,339.6946447908006,429.8865953827326,321.1955876564157,427.26783061412937,322.8846788116074,404.97762566273286,403.50608494252754
2021-05-25,336.0526534776463,371.5710527791546,393.58551071546464,228.8016306972979,284.9916029666483,373.1612782604001,358.1446775585028,267.76131538228987,336.3208156944422,332.95520176037877,337.2798305101443,426.542017846735,318.76834630472155,424.086663720389,320.5499927671011,401.7879206267979,400.45948503045213
2021-05-26,338.40840803404706,373.02494793453803,396.3794694336858,231.50451775115775,284.48939299165306,376.48435279022027,359.6105199147579,270.34701411527686,338.59752964065086,335.0656005822345,339.55700402606095,429.8488474015522,321.02246355990314,427.2569395453276,322.7362811525285,404.91503112823636,403.4689454204508
2021-05-27,337.92805620177216,372.1661115783903,394.5552268123589,232.19156719727266,284.00082530431195,374.97586466439714,358.02653166521503,272.7741674994798,337.7968619780005,334.21671752081556,339.04816583361634,428.824276509902,320.6354131773094,426.22189732716424,322.3199671493238,404.0481335290061,402.58637818036993
2021-05-28,335.6899297019519,368.1620521922501,390.0737152247463,234.21746239119153,280.7551532373814,371.9131850731698,351.8157892874091,274.0352411492638,335.21424617292354,331.15977737678406,336.75823805431895,424.6583813143218,318.3860433894472,422.0783164375597,320.0230723914859,400.0185775117583,398.5725524723519
2021-05-31,335.8836827909704,368.1620521922501,390.0737152247463,234.21746239119153,280.7551532373814,371.9131850731698,351.8157892874091,275.93324891564816,335.21424617292354,331.15977737678406,336.94483296044575,425.6711185128247,318.562458417099,423.0461858486569,320.19357440268533,400.9358616506641,399.4526700496281
2021-06-01,338.2685031948504,368.16055159512695,392.90578588234905,236.5293447570402,281.52312810027905,374.2038400936385,354.27792886244634,279.2606798983026,337.443202312764,334.0150201580217,339.14979798770537,428.20868376685627,320.9355244000403,425.3604072108535,322.40326652043115,403.47813882327944,401.7910784803648
2021-06-02,335.48413947788345,364.09182520572125,390.73122970440824,234.61295739362959,278.5703106179824,369.1010058059826,350.78605465782397,281.32554429407395,334.1863010388582,330.54013877810553,336.361362048461,425.0156614344936,318.3907815207162,422.1797895939916,319.84604829621816,400.5747013573038,398.88786652474806
2021-06-03,328.1220235102603,356.85548583390215,383.5622219562073,226.19418881448263,272.6477058188862,361.49196346568107,341.8618287808006,281.32554429407395,326.18597170140436,323.0341208066384,328.81920969997907,416.54192763098183,311.51601007274326,413.5359555340834,312.7885069742893,392.6931070188484,390.8293894611399
2021-06-04,331.4885292902309,360.34782078105377,387.89294895898496,228.53980382541775,274.6065218086323,364.6901037954848,347.832145474951,283.7665486347352,329.5795585559157,326.2680811102457,332.2044691730245,419.6667467366113,314.6656748528001,416.696121013599,315.9634427067525,395.62435415924915,393.7999564407277
2021-06-07,329.69592827962583,358.4832117286691,385.17572596475577,229.3788503327317,273.9115102223844,361.08709718428815,345.9238819948172,283.9585977218005,327.61497779428333,323.8824339193932,330.44979586510925,415.87591580013833,312.95615951929665,413.04063808703563,314.2854082221574,392.096323859771,390.3852670760897
2021-06-08,328.9342922792674,358.3650992134898,386.4203206277103,228.41309304863927,273.5675526025664,359.61493365812015,346.3833150814577,282.31886835827953,326.96133048405784,323.0166732615777,329.6776493015051,414.91194001802984,312.42516372067854,412.07281944873625,313.7367229565573,391.4188496931374,389.69273798683093
2021-06-09,327.5514517481389,356.54727792203363,384.66660847866757,229.82070824027338,271.6847500274068,357.1104103750986,343.73213544203327,282.2048232780363,325.47383270554684,321.3139906654703,328.2949663959299,415.1196857278538,311.06061064702516,412.208524349779,312.37141960515464,391.4824269452867,389.69660676524114
2021-06-10,331.01293202848814,360.0018431077314,388.4790374930627,233.12562050083696,273.580119246275,361.4610147373875,346.83768573787665,283.5684508576304,329.0830680528227,324.8630401136802,331.7515972082205,419.13161943793915,314.3477878532103,416.19130192002183,315.6608248094332,395.27947885356133,393.47490811244046
2021-06-11,330.2361701784457,360.15105847669105,388.0515449646248,232.57360948926907,274.49078972571084,360.6676406950538,346.2297773837686,281.5977625107612,328.4485406533443,324.1343263281259,330.8367760869034,418.4524312549137,313.68525466508834,415.34080793723973,314.8678980649249,394.7187319645673,392.75348444394155
2021-06-14,334.90714516470035,365.309111435133,393.83036669879664,236.85123386195127,278.349302839738,365.67464607754226,349.99686957678136,284.40019639472195,333.21941276964225,328.97601839325876,335.4141827945111,425.65039300752846,318.1658671424108,422.3132055038573,319.27031353587137,401.5149523903462,399.3589688796842
2021-06-15,330.4719486242788,360.6832210949982,390.72130274714533,231.93932746502713,275.58278575341694,359.7591510343143,346.1668810175046,283.9809531684349,328.4500545550628,324.14081373923153,330.94671969049773,420.1232297328554,314.1475157362986,416.7942537901698,315.2070953176788,396.533999163637,394.3642019597549
2021-06-16,326.97759185156985,357.289569107688,387.6854931351914,229.45510636769632,272.1182080941428,355.6638327559299,343.13253558447997,282.66960544102903,324.79923300719406,319.9077503531808,327.3256314419329,414.9555242572303,310.86304216641764,411.54778707348044,311.7986410523267,391.72802139145955,389.47281398090513
2021-06-17,326.14159616979947,356.6179488398177,385.69161615388407,227.8890905636315,270.7313028559296,357.2934057266239,341.2090618829985,280.3029047681032,324.14053519330304,320.41408179329363,326.1461547383463,413.8442538373587,309.94445015772203,410.0333886773978,310.56827161666433,390.5307826736328,387.91223261113623
2021-06-18,318.8565056993057,347.76455220053634,375.62024624523843,222.29914232606012,262.07443682459643,351.03075610181685,330.83993550273135,281.24646872736696,316.1427315644752,313.12947789450885,318.95961807872504,403.83958702923184,303.2648656049647,400.26909191142624,303.95618121873434,381.412582859583,378.9783441644437
2021-06-21,327.4885904640132,358.55929638724797,390.31256281583836,226.88435845533036,271.01035634937546,359.17401537777886,341.3195316764063,284.0924930086081,325.18857325719745,321.7104088373171,327.6338691629081,412.7325998808673,311.61636849989145,409.2087479104702,312.3573462503792,390.0569581816261,387.67273849259624
2021-06-22,322.6788906085832,353.6183323005163,386.69255133942283,225.57063754298176,266.69284515731044,352.11936554574123,335.2143422038517,282.52042032881377,320.1420678068715,316.03168919168274,322.7472604655836,407.06986552899133,307.0349750842416,403.4893485920809,307.696697331412,384.68505560403133,382.2386168835017
2021-06-23,319.73646778188225,348.64947391422686,382.63287434102295,224.7492474175587,262.04071524752106,349.3807570738579,330.9542516609794,282.5603531798043,316.95327389150344,312.5828177983306,319.76927600372085,403.92748464500363,304.2837241153512,400.310894522155,304.90561890343054,381.7532239859979,379.2659193011291
2021-06-24,323.0887556794352,351.86065200667673,385.9038131900445,228.56898515398433,264.78366480344283,352.8780745639059,335.0864488550981,283.4259218208031,320.49021609303844,315.76691069324113,323.00099122291766,408.47029551028015,307.3956980588831,404.6557474187815,307.91610906838207,385.941004955471,383.2868062507295
2021-06-25,320.15179210615514,349.4489316417351,382.78955096068256,223.91482578541226,262.3579859292157,351.356491991016,331.66930092177,278.8986723287659,317.77741455376366,314.05934478714545,320.08800621445084,403.3222995728649,304.6832303895508,399.63842330310655,305.21714442668974,381.22789416623004,378.67589370953556
2021-06-28,318.7590080502702,348.7244636499058,380.49594666350106,221.76073241540678,260.45881226927355,351.60839744587935,329.0963001488983,279.1834432979425,316.23978514800785,313.46551115736105,318.75746772644,403.0735596731202,303.24516439736334,399.40895943611315,303.8377123300944,380.8025945916855,378.27595333837604
2021-06-29,319.30496423872563,349.4371327967024,381.13392321039174,222.31109462222557,261.1304548420761,351.40955045251314,330.01344439912606,278.369099248201,316.914524183555,313.9881352704026,319.17176203472883,404.4395973689801,303.85283059336723,400.5782001250719,304.3224938432672,382.1751995935047,379.46827805230055
2021-06-30,319.7980017895006,350.0189933423273,384.9703586053516,223.04145331575765,260.5073398501828,352.13222802029065,329.4105320235468,277.19038395233054,317.5703503948726,313.75358053693077,319.7857748979348,404.7633714392976,304.375569630232,401.0565779303005,304.9550768021024,382.55685546580537,379.9882985330696
2021-07-01,320.44102671707344,352.2704283213692,389.0747024678601,222.55976566531635,262.2323884661981,352.0778750154309,330.04766063361524,275.037600582522,318.49116320940925,314.3529306056928,320.483599264226,404.91020566375164,305.17888588548243,401.2936001789944,305.8028213737258,382.9510727404038,380.453984102614
2021-07-02,326.6034107605855,359.14544088627133,397.24716394609345,227.0609926354225,266.9899962206051,357.7211409797159,339.0304703927294,279.6800321930077,324.6841395935382,319.76526475627276,326.6814406340434,412.792083775373,311.07536701239707,409.14315899406154,311.74207465555446,390.43534626330387,387.9231230126531
2021-07-05,326.39147171670857,359.14544088627133,397.24716394609345,227.0609926354225,266.9899962206051,357.7211409797159,339.0304703927294,277.50215713127153,324.6841395935382,319.76526475627276,326.47793054228316,412.50728861255357,310.8815789099503,408.8717381459238,311.55534058256546,390.1763359621509,387.6753105403364
2021-07-06,325.2425981952402,360.38870263965055,396.6482162703982,223.64012709703132,266.562146802676,357.8039523475176,339.26737324756397,273.7633415788978,323.8350611614391,318.74401563122086,325.5522970583744,411.4493770154806,309.6842874523824,408.0773197129351,310.5645466251584,389.0370439344596,386.7804909726108
2021-07-07,332.7388049303373,368.9563618385479,403.5442941179835,228.99764136877283,274.26946828813226,365.6800078118415,349.5378424649407,276.7092067651978,331.6605630506879,326.1289618621032,333.0795429063951,420.7122725494221,316.4822091488908,417.3015084313439,317.4168172371165,397.3930560592174,395.13680932867294
2021-07-08,329.94475561623415,366.9341845899905,403.63052342743464,226.9877370150865,271.807696086063,361.94962305520033,346.69755125452997,272.7484399265437,329.05396202195163,322.7968381097838,330.4778292149201,416.9476239022221,314.2437293347546,413.8113742914737,315.33442498936284,394.3514563799726,392.3160133055054
2021-07-09,336.389922282764,374.3737770275561,410.86075137404833,232.58694723941468,278.7253091621842,368.99957505247556,354.113347554914,272.7484399265437,336.0660702053434,329.79941594748027,336.7870276803719,425.3213771320571,320.4281153287327,421.9371536128498,321.4042020184825,402.31848245958844,400.0713002955404
2021-07-12,337.5085644043536,375.48919805332775,411.671150234856,232.86292231401572,279.8847285240351,370.06898709501644,353.464114436799,277.83276374647585,336.7157201721392,330.7003034155811,337.8452173548942,426.35561822896653,321.4253872227229,422.90325517304996,322.35046221575203,403.22817286827535,400.9237350511956
2021-07-13,330.9993002693595,367.72161256865957,403.51676056477805,226.8173197376706,273.4604233821842,364.23179368280717,345.80881176420377,279.28931575748044,329.47090864193746,324.43520129903857,331.3884166227654,417.9557430449708,315.47712018383095,414.64911376525623,316.42949007897994,395.59292996493576,393.39169768288684
2021-07-14,331.28163278790237,367.5583666148681,399.1556621372937,226.56181006204702,273.56588108075704,364.46598457332357,346.9638017383807,280.56400394245406,329.6407838299208,324.9134497648755,331.77566116538287,418.32608618685356,315.3533076195145,415.14182165054115,316.4164797131755,395.4692195166821,393.40061093899703
2021-07-15,324.1504126026632,358.97315026946046,388.81365084243316,221.7311548908145,265.5287806390642,358.3228570343705,337.07513126761353,278.0908868895355,322.16395938801526,318.21307102677883,324.68397782825866,408.86000113828106,308.4459670603359,405.8257560723913,309.53645258078353,386.39362992597603,384.44830749002296
2021-07-16,324.0386895239323,359.03360903962005,386.10384107435135,222.74544979533232,265.3450505157866,358.7475053775595,339.2213112827759,275.15481454135653,322.35204420951806,318.2422433845619,324.5522483483411,408.66777040973864,308.4668519469796,405.6130873921006,309.5343310021279,386.3670375198516,384.39618869083307
2021-07-19,318.95661108378255,353.43858716502655,379.0013644544058,221.47043185862802,259.1781768502229,353.52879718942023,333.09655286890774,271.6556791953704,317.20948338332505,312.9739892970868,319.6947810840345,402.2176513273955,303.0060678478848,399.4923299795051,304.29205593018133,379.52014704989284,377.86838818954334
2021-07-20,329.6282644973778,366.67864195166476,394.145139160173,230.31646556051953,267.7351083679727,365.2118266951516,345.56337360107483,273.9751360187341,328.5412988927404,323.2071987367408,330.2849828554951,415.02141981605723,313.24141941637566,412.10676983532323,314.4699372438647,391.742377230874,389.9387971939911
2021-07-21,331.3611593400395,368.79238082848497,398.43968590964846,232.00249312455895,270.9405160868006,364.6902830543441,347.9846825252642,274.56580037644704,330.36110458444506,324.6905823979944,331.8250338095342,418.29320600344874,315.2196658607073,415.0784463342358,316.26343357964515,395.18970508599165,393.1045034637383
2021-07-22,329.85302251391226,366.9899162112994,395.6262296982786,230.14869827683606,269.4880229124927,363.5790869168981,345.2059928725056,276.0766496125259,328.5555685748907,323.20590767251787,330.318094171537,416.4658798135325,313.99725896858166,413.2662247868863,315.03181995437984,393.71640863494156,391.630623631441
2021-07-23,330.17178759456743,370.1744621235323,398.97928420588084,229.0053594212771,272.57867675007844,362.0694702079968,348.3051830392823,273.2541063847614,329.20731496859366,322.7614617155641,330.6143574320849,417.54723062082365,314.3951592379761,414.2857471087672,315.4063390171347,394.8278900199368,392.684090372665
2021-07-26,329.1688948473072,369.98295888985655,402.568064143433,229.32361621053968,273.1613167061493,357.43551913799416,347.0702632366846,273.7340371456199,328.06388201882487,320.1558250551327,329.6145933623789,418.19164554707174,313.5250988035718,414.8575267675661,314.53430702222346,395.47021122141615,393.26000587518377
2021-07-27,324.6109610052381,366.3028769069292,397.5082647903026,227.72352797278646,271.4606892592808,349.2222915174942,342.1667754529632,269.52883740506405,323.5664491711142,315.1054221252877,325.1978386850116,413.4833536198299,309.25287015534064,410.32380140940114,310.3808617870318,391.06216148775087,389.00003965106424
2021-07-28,327.66800421856635,367.6117124691939,398.6875106774141,230.95272276805386,271.91066425826375,354.5565600617932,341.99632944303,272.8321247056245,326.53016889013986,319.38786668082895,328.18763293526325,417.44835579475694,312.09616040168464,414.16750152176746,313.17040241741176,394.7255384556139,392.56421089113275
2021-07-29,326.88773284278454,365.92174196830206,396.5481925155297,231.633412108725,271.4864863266966,352.7976565826781,342.41748076994077,271.6115267037909,325.8147225508531,317.89597234966493,327.4437366419874,416.3238177695021,311.48012797287066,413.10242107182023,312.58185302319885,393.8215953193466,391.70554868165095
2021-07-30,321.64890609961907,361.30429475958425,390.4665796681615,226.9394615955382,267.524376855753,348.32391145361817,335.63106359255863,264.2773171851741,320.91820181257424,313.341582351906,322.21521359627434,410.7273155472269,306.6089976505428,407.5314800928052,307.7064686929287,388.6352687257956,386.5269210526392
2021-08-02,329.6036872695815,371.18002133733364,399.05875461706165,230.5355725895178,275.00581860375655,358.6877252525232,345.8595505282356,265.5850056988686,329.4320710956441,323.09752887854023,330.17439600834047,419.6838720041451,313.830889760288,416.45250851387186,314.95932342740724,396.71389309167205,394.60751397888197
2021-08-03,330.239242929263,371.4095591219722,400.58679106664874,230.0168000931547,275.1013206385775,359.221005718527,347.98960432516026,267.21483835814473,329.94125744442135,322.8298417329095,330.6898406673045,419.90459644146273,314.2459612993375,416.5469897560352,315.27204545157355,396.71290670216905,394.5006156660567
2021-08-04,330.74269721077246,371.9910812138208,398.2086283688714,230.035394987948,276.3369643099887,361.95694140139574,350.454083003499,263.3636172567845,330.92228131753876,324.4102829722092,331.23369996872765,421.29617256573954,314.3334072358544,417.94687464269094,315.4112985544242,397.5249354128527,395.3443558981684
2021-08-05,330.3530183531898,371.7215920480612,399.1870662450492,232.70542545955695,276.04714159221373,360.17368925474847,349.7072642509887,262.013021010792,330.6512239640682,323.2071037355554,330.7340616068029,421.2000165547582,314.1471048508005,417.70350525759403,315.1171043743327,397.64348069796773,395.31975155458684
2021-08-06,333.91424254377165,376.4422088754016,406.004447674942,235.43702327715752,279.19001336527737,362.81051741971334,354.28810443270146,264.3347683216437,334.273342405822,326.0356122877411,334.01833979300903,426.6245331863175,317.4448620114423,422.7079682592069,318.1709854842005,402.6244845779094,399.93502652566247
2021-08-09,332.4770975946436,375.35257729773497,403.2137098901944,233.13356913397834,277.9876386496536,362.50015101554516,350.7817017656112,264.79681449523935,332.6507440616189,325.38677485898506,332.36826136205013,426.2297632968204,315.8430254044071,422.0033304399302,316.37994673102156,401.9123086886479,398.9544844081577
2021-08-10,333.5349097693542,375.85473617013065,405.04461503456355,238.24354987862395,278.80177279508945,361.46466431337643,352.67954558195964,263.4449457526274,333.959713116999,325.94676041051105,333.3870314496966,427.24402275907875,317.1000244650628,422.9733080034409,317.59395194673687,403.18957234795334,400.1793945509718
2021-08-11,332.62804563346504,374.3941875683036,402.8309326831555,239.24174772356054,278.3185831190812,359.53089487884296,351.2347928848862,262.3937359456965,333.0902904929798,324.5593617058643,332.5882504853427,425.9899406384921,316.3304345353157,421.8666432132552,316.9182313103354,402.1226492132788,399.23903888652114
2021-08-12,333.0304714241112,376.32661143347025,405.9090346120451,240.52044793382152,280.31486602440754,359.092777984306,350.6644629468438,258.78974535632943,333.9458206337183,324.75537635342664,333.05446392766476,426.14487044015686,316.7180583608585,422.111659901534,317.3648746052197,402.28799360248945,399.4859593850707
2021-08-13,335.8886794346681,380.03108229206526,407.67298029427235,243.83528442094072,283.91089675138875,360.9108314946945,356.0325330709827,259.400208952206,337.00082213600774,327.2724845253835,336.0774383717492,431.06646869830183,319.232466964855,427.1390551590331,320.04304997891643,406.6392582471645,403.95662750529596
2021-08-16,332.8583506355041,378.51481843478473,405.1867490482146,239.73119240725777,281.8422153414426,359.1419406037599,352.39927531677273,252.48042403655808,334.50132377835934,324.65493834190437,333.22165577011185,426.67280175748647,316.35127948022256,423.02004081333456,317.31597502823223,402.5114952900676,400.0691432000462
2021-08-17,329.41942489773527,375.641919647599,402.65357558727686,239.54060400560206,280.1167789757423,353.76089999640726,346.5274484816814,249.06546158811628,331.1425553481082,320.70629792137686,329.92769844001964,421.9938445421908,313.11902088522163,418.5730047906127,314.20864211682505,398.15151491597396,395.9083639635205
2021-08-18,330.3587282632687,376.0952080228162,399.7094059815011,241.74598955934022,281.0247640355074,356.75127787625127,346.5814399065859,247.81091705064702,332.32424331638,322.54327632534824,330.92797948570546,423.3002544494512,313.7391509092329,419.93750748686045,314.8959666333426,399.04695824325677,396.87373727950626
2021-08-19,332.4803150651719,379.3468982030643,403.4246843866629,242.7471756781674,282.01544085549455,357.8803146286577,353.5255392677713,251.75661534443682,334.17144115404176,323.2445126878132,333.1395495454432,426.91539124766047,315.6963164277818,423.59504536371,316.94156145185,402.35189854812984,400.2291998899284
2021-08-20,335.6804733959911,383.80126829892413,408.8622104229472,245.9493068122382,285.1130297832916,360.3686960595702,356.94038134239634,254.92139051859962,337.2983896972541,325.7297174517368,336.31299044798453,431.93743672140573,318.31627355495294,428.50276876087145,319.5577731685636,406.53884927546596,404.34570446405786
2021-08-23,337.89584787330756,385.2625304923739,414.50285396632125,248.35035375560773,285.65295492598483,362.83737047994714,357.3610688198312,254.23909304293156,339.80888111425986,327.8022302525076,338.51930053564104,434.6340444364146,320.9553593165251,431.1675917381557,322.1742715653081,409.7435290754123,407.49914154789826
2021-08-24,341.4902920591584,387.22700973196675,417.5066726426145,251.03908539524994,286.1041556272774,367.51379406380596,360.14810691889124,260.60113407579394,342.9792636190397,332.1118892817489,341.97217755991744,438.4297699153118,324.66085175767626,434.783128933753,325.74697297997176,413.70942462186883,411.29260074409115
2021-08-25,334.61852260004787,378.05560852739706,408.577886650746,246.50749854677434,279.28108082136134,358.78117431488874,353.6591241152437,261.77320869492934,335.30986732539816,324.3186776412426,334.9324774556173,429.9727954273412,318.18298188639193,426.1891141221014,319.10037119336494,405.78370901006446,403.2222710168362
2021-08-26,330.0391914262541,373.1325450917737,402.15686595659133,244.37562213946737,275.8135326627857,353.65144772895025,348.14206877826376,256.5098006011138,330.91682028749176,319.5883679920366,330.458416776018,423.50541656139046,313.83105375851983,419.9349343396416,314.83617284909514,399.70437221890836,397.3228068454772
2021-08-27,336.79687079006607,379.8826659558958,411.4115334368533,249.6619343438438,280.685049173223,360.5592560372291,355.46015709844244,260.9870248920204,337.7833508111043,325.8722218121871,337.2572292774428,432.73170134224017,320.27615938132794,429.10204559055626,321.330993878081,408.41562633134345,405.99898507846046
2021-08-30,334.3867513047356,376.9615530507394,408.1126567560906,250.022712130797,278.4405143046912,357.7848206141743,352.7058391738125,258.5809500003333,335.4295258833607,323.09460222099057,334.74903031520597,428.8977061437353,318.0227908559734,425.212371934436,318.98188139448143,404.87107977661697,402.3926572859204
2021-08-31,334.6746757423361,375.6625008716526,405.32268565667226,251.35674237186046,276.43501239053194,360.5044845212783,351.9027076636891,255.80037256014487,336.0725090483195,324.0218188475064,335.00130245894957,429.2271891960044,318.14275971875503,425.4966160258786,319.075195621858,404.99520094638706,402.48425305850094
2021-09-01,334.0970213195745,375.4376239134937,401.0197931229153,247.9287718827672,276.31176882889577,362.22579847505904,351.73310104479646,256.2041792254408,335.39147908325225,325.4674103584369,334.3601268833626,429.0123585025398,317.5041558127403,425.1867079083148,318.3805137773786,404.6638774778919,402.071412844856
2021-09-02,335.96173974281254,379.3435383398161,407.53414700265773,249.0760876332331,279.5900740039543,364.0613256516164,357.971730916531,250.54180158393308,338.10746255429893,327.6147248205497,336.20764300334787,431.5987261105497,319.5645675448326,427.71986794390193,320.41839862148396,407.44981037871133,404.79930251499
2021-09-03,337.2211460185217,380.2688544076247,406.9212618196553,249.67719629815002,278.7429327804803,367.1308480708696,359.6989625945366,251.38820113760647,339.386296893694,329.07471074872916,337.55403662476556,433.3866384912664,320.6319968675201,429.5905129564818,321.5725818777683,408.97151097114016,406.40726203832935
2021-09-06,337.4100683202322,380.2688544076247,406.9212618196553,249.67719629815002,278.7429327804803,367.1308480708696,359.6989625945366,253.07823172350007,339.386296893694,329.07471074872916,337.7355810707519,434.55169729907715,320.8044402452348,430.70094931271063,321.73887922998443,410.0286498528133,407.4188648645168
2021-09-07,336.47145940326794,378.51108991819126,404.8402790122986,249.2838480054603,277.2467979829948,367.33287456897017,357.10924661510774,253.07823172350007,338.3563626403308,328.8169208280757,336.53713253390004,431.4073166012935,319.75366096468053,427.340708395376,320.453965400778,406.9373345623351,404.12979257706763
2021-09-08,332.1344248993951,376.3030121744433,402.4983963131639,244.06071149985215,274.4103656051328,363.5328198952916,353.8725836403971,242.7571295606277,334.85299643270156,325.06465142907933,332.3398328767652,425.8046755927713,315.9441587543582,421.9641233782214,316.7528062557838,402.0358544584953,399.40579355952457
2021-09-09,340.565205531274,386.46402061681704,413.47831172651547,250.40255485574718,281.2861713781967,373.59938145389117,362.34810728443375,248.10799538401636,343.45450611935195,334.1876602225583,340.8872050061442,436.79241548791055,323.78746136020334,432.9819008920342,324.7250606906677,412.1877695836587,409.6171927971702
2021-09-10,332.5164126585865,375.71926957261286,401.6949277914242,245.34145900828906,274.3413007257355,365.39940983191224,351.7968170089521,245.6327572175831,334.91100864842656,325.87891665155564,332.76764921587863,425.92031685209406,316.41734596004136,422.1484549255057,317.26487489407543,402.29340740109774,399.71989782583626
2021-09-13,338.2707778625347,381.24723665400285,409.7271004543894,249.0750313638306,279.32170240792215,370.41420211163853,358.2868770613329,251.57157119399272,340.4975822624714,330.8072225787714,338.4703901635318,433.19216042991553,321.97515563790404,429.29139660346135,322.7830951850696,409.265759110025,406.58500854966076
2021-09-14,334.4945488202436,376.7443556035354,404.009823025462,247.86590385090483,276.31534338929225,365.2166082352862,352.1956930098439,251.6629687718352,336.33969533836955,326.7648918664559,334.8424654986656,429.2534458120026,318.39768538886403,425.53753529356885,319.3340328885733,405.53257929330823,403.01296830104735
2021-09-15,337.3706722824698,380.6231272529924,413.19390616464807,251.31205965074938,278.12108745404265,367.0728033774544,355.8459576541773,249.2532743445309,339.787363240694,329.105021106893,337.5935128747048,433.27848209529236,321.4468644807579,429.35849193584426,322.26272591200507,409.7044904483997,406.99102420436094
2021-09-16,334.1454660797874,378.4027139048032,410.15722024925276,249.48034231294,276.8019263441366,362.24651345286117,354.07597260714334,247.35254664164802,336.4793087075434,325.74007893999556,334.1461877106948,429.10428498490444,318.45712096461443,424.9542593222532,319.06026307056703,405.86057973972373,402.9243279793912
2021-09-17,332.67730350016075,376.84669141755063,408.91875109559186,247.1809619071112,274.1841121093542,362.95916449689804,353.2400526986541,243.1336220672431,335.388226486002,325.18510379869235,332.8052652439596,427.2231468445957,317.1033685090124,423.24675151691514,317.8190196952124,404.1369160938214,401.353011580494
2021-09-20,326.80940037856004,372.2959676093955,402.16842661510873,241.5672801052514,270.0037431436142,355.7767629495984,349.8294190523862,236.90281554849898,329.71608002763224,319.8485444932758,327.3489260932259,418.4866328601545,311.6306510824847,415.1433516728286,312.70929382903273,396.0638490645458,393.83239341496335
2021-09-21,331.3727726286368,376.4151345868399,405.06803806198815,244.831401226428,274.7040331875153,360.8433531659012,354.97174160826137,240.5457215029343,334.27766158433985,324.31007061017056,331.9077981581122,423.3570104531365,315.88190551711364,419.99727436592565,316.96807563911494,400.5862765444882,398.35305776940754
2021-09-22,332.0244807227161,375.5841070473637,407.60898442951355,245.23571000474425,274.9158886877919,360.6970378945883,352.9163138306583,245.15176828692722,334.41295224663116,324.00621665516246,332.3499523414606,425.1701789050777,316.57643101589707,421.50238756131176,317.4687702342288,402.35559628105193,399.8423206919657
2021-09-23,336.7713318747305,381.2422281690833,416.75521117240334,247.01098460276668,279.53289889437076,364.8418193559712,359.55128129935554,247.7670548429661,339.30426616299457,328.33528602416953,336.8047861729401,431.58350264985705,321.19314376890657,427.4858393880624,321.8225098380947,408.52345971931675,405.62588513391927
2021-09-24,334.61435464424517,380.28159843151167,419.28221161123497,244.60080362049953,277.5460844412895,361.30461919985584,355.94251063755945,246.84354099956548,337.04847530962627,325.8290852021618,334.7527124874059,428.18373718154305,319.36305096174647,424.2708523945634,320.0766576427097,405.6062327464172,402.85762654487974
2021-09-27,337.2266228611976,382.5777136286114,425.5352860172745,244.3998077782783,280.04614177914186,365.4855233420467,357.9483190504886,245.90438547982686,340.0355303587484,329.039242418105,337.3782362115331,431.2630748924291,322.1115805054896,427.3469263527776,322.8326803794767,408.84460141149816,406.0849731369867
2021-09-28,333.62491461710454,378.3334272794223,423.341147365259,241.32119915042742,276.73614654941764,363.0953234139856,352.9359874112071,238.2936568475396,337.03040141655697,326.42662980669354,333.92163259436103,426.5183510740119,318.81239907076974,422.829275447684,319.6556726087462,404.52377587229176,401.95515023406267
2021-09-29,334.8564614509786,380.18182438851744,426.26896511587614,241.4250619904152,277.8684328141354,364.16874005158377,353.66148876054024,239.6063832252897,338.2188342682882,326.620655902777,335.1365621624422,428.3693673768051,320.0105947602114,424.6321708535052,320.83991140502957,406.2952720746485,403.6854164095424
2021-09-30,333.98381235012107,377.1082877850981,420.82726642810337,241.9026905344266,275.76092724070156,363.9835934913976,354.9449120234027,238.9436458708739,337.34233924589165,326.64058975785764,334.50566399030276,428.1713174609971,319.237200531203,424.6962546101822,320.28538591226857,406.14786749974445,403.7758618830595
2021-10-01,337.60895122075436,381.47148591509426,430.2433465697762,244.27240983740992,278.1031980845233,365.0075840778031,360.2321384109572,244.18832528257255,340.6636703033863,328.8344230882594,338.0892468415024,434.4200666250037,322.79922079617285,430.77555466143673,323.81188689262655,412.1353793181797,409.61748530021407
2021-10-04,329.4656102903907,372.12387656675594,421.9269073883644,237.1188406836196,272.9758353821426,354.083008365475,356.4138967345374,237.5687159750038,332.53918402169046,320.5068065039863,330.13952140131335,424.4798568416137,315.44358224882365,421.1496074901266,316.60553968593064,403.2139181198704,400.94319817667537
2021-10-05,336.00261009114183,380.83578754553145,432.88254882737965,240.3751592450498,279.0190611211848,362.2057676987307,363.97122686402537,236.7397914774332,339.84246533119233,327.7175052587835,336.57525481877957,433.6785574872671,321.9206958001288,430.10589340870774,322.992374280427,412.1917481559145,409.70555594960274
2021-10-06,335.35265767392104,381.5601526579327,434.6564487761258,238.64482204694207,277.848846202214,360.8648770769885,362.83605726552224,235.61319229977755,339.27234566806936,326.9390391433176,336.04143073083554,434.2447756639883,321.03389315650327,430.75790206466655,322.2209883035257,412.35340886239663,409.9630754172678
2021-10-07,339.44947796020426,386.429599403708,439.6687642331366,240.0453447297324,281.1614046794633,367.855043208125,365.480617759648,235.66856308458162,343.7865936918052,332.5194768674348,339.95164241983844,438.9000419205791,325.1227474721218,435.1601972511772,326.13870703054937,417.0039214964701,414.38057987035626
2021-10-08,341.5291440775639,387.9559040221905,445.2093557947804,239.23158560445583,282.71850871179345,368.9491696985302,366.6148026730293,241.36588062526428,345.32875452867904,334.4483812509803,342.0190483469123,441.6147348453878,327.1203606577819,437.8319001135959,328.1281940568755,419.58929727182044,416.93125650545664
2021-10-11,339.6876973039913,385.423170094789,441.6358034981447,238.40530075853982,280.91335352295204,367.4291621197384,364.99218950925416,240.3225301419367,343.43325900182157,333.09940980520605,340.1979010261092,440.4456000358235,325.57037276453775,436.65480384459244,326.58634618076803,418.6978356902812,416.0208850820523
2021-10-12,340.8067289480893,387.1414162301551,443.22039961438537,239.73443348403953,282.6518844402806,366.6554841726583,368.1796452694946,240.3225301419367,344.6674815084216,333.85145012384544,341.40744944647395,441.48680720356816,326.6525007942279,437.8123119418577,327.7534821558052,419.71448785139086,417.1449719317568
2021-10-13,343.71439906863014,390.151816385253,444.4424998394289,239.86732583050502,286.11082999322747,370.5478160765999,370.5235856998693,244.03166647028803,347.3918190081375,337.80703632808746,344.43543782238055,445.51665471528247,329.3289474220214,441.94061924135275,330.54954547718336,423.3995007946758,420.9339138724515
2021-10-14,345.201099682263,393.6797520046827,449.92576266937715,239.2324589268934,288.5138925408873,371.4180263565209,373.2319741066205,243.48514794448684,349.10175360410904,338.9747932404695,345.8519308672926,447.28077734862364,330.8031416611438,443.60633189259664,331.9596206408871,425.1434596091345,422.5879616101739
2021-10-15,348.5283142214296,396.70365206058045,452.72432210603944,242.34476378768264,290.79314849249494,375.38645768588907,374.99319282509134,246.33210843378438,352.4013757763088,342.4335282915029,348.83147532788274,452.75190700831934,333.94251235922525,448.551742584687,334.78520096988694,430.24076024073065,427.21738528480967
2021-10-18,344.9861090001602,392.5521405144982,450.35500003073184,241.72274105933363,286.2322123142789,370.84273815150635,368.8505379116394,246.2093036405759,348.5101815207722,338.0446923635377,345.2575489002579,448.28356072572035,330.50995633501043,444.0843656535962,331.3190414061997,425.9419108938374,422.91355202392316
2021-10-19,350.00129561088426,399.34965952385284,458.7533670458937,244.5560104810669,290.54750847543556,379.0634915077276,378.24555121946395,237.2409768327698,355.1912458484296,344.65702891799197,350.2545712641199,455.36618036287456,335.35843469008614,451.0517389297702,336.15730090509675,432.7050673762874,429.582545720844
2021-10-20,355.31881368749845,405.9278391461242,466.4077937754693,250.0116337798338,295.0104704595503,383.6500814105235,387.48840592350655,236.49352058328054,361.1799268912612,349.6821311845981,355.6705014621342,462.74272231509565,340.5905988595504,458.45802763706854,341.4839099841743,439.8678807145191,436.7794109649018
2021-10-21,352.6473377881518,406.15999010510836,465.9744519399565,248.23789807481484,294.7333201842529,381.5926597834788,384.4596664361377,228.3431023278473,359.349112924717,348.1259427341298,353.12365606204986,458.38240554921424,337.9971931538205,454.32940866276016,339.0024599911244,435.7147610469102,432.83128498780536
2021-10-22,355.915429028144,411.34576224967736,471.09012105881646,250.29087363606575,299.50268015948586,385.89996792775787,390.1071140720142,224.35726977696305,363.55229344788125,352.37828949316537,356.50783752677813,462.2096603855776,341.30041220851234,458.2770176816581,342.41199770814336,439.57996316681306,436.8040061237049
2021-10-25,358.2564163505417,411.5344911877978,475.11986287259447,254.47586424197058,298.75305019945694,387.1168026682668,391.81644237117166,229.81500499061278,365.35691232900433,352.70267346620324,358.83569754769024,465.8141138100116,343.3877454821126,461.8082410787922,344.4964858352012,442.7922180659208,439.9648496583315
2021-10-26,352.2962039009913,404.74714533860333,468.6776464200468,251.83776351359265,295.47218057512765,380.78336920084905,383.7112128351111,222.97811521858674,359.71410337364375,346.1142055775396,352.75934881114324,457.2841264393449,337.817703424512,453.24957661053276,338.8046380736438,434.88939963203916,432.0113210438219
2021-10-27,350.0074042438471,403.3168132973737,464.7259289623125,246.37419052965788,294.83830282348646,378.6704946266685,383.2085745324883,223.63396191941888,357.06847277343905,344.58032298821,350.6227279923634,453.89515520838904,335.37705175699483,450.0981710361028,336.5096581044878,431.3772866645645,428.72369166306925
2021-10-28,349.20188742421436,404.88972942541596,466.53485038024803,245.21139950300784,295.67132333814885,377.5107370052571,382.9978260771019,219.06729779407357,356.83485672750885,344.6180086301085,349.76964942729046,453.4558329734865,334.681492365145,449.5824791799792,335.76622091371456,431.03198357741184,428.30443450926595
2021-10-29,352.52675794096314,411.20808055583655,475.85832577228445,246.4052500470877,299.4339714813952,381.3360988961709,388.5642880564623,216.02461365900018,360.9918325479546,347.90451687985285,353.12311265617933,458.4507897199193,337.94699024520145,454.53759390773854,339.0606612523815,435.8528499541715,433.0947020679326
2021-11-01,355.0044962817727,413.2099841641609,478.45470270575163,248.0736480465497,301.65084363407584,384.233574594883,387.5932918413327,221.41808433562232,362.9403749096719,350.2368214824569,355.55133431886935,461.1478865759938,340.2901270315584,457.16522025029303,341.3631734567211,438.3963619260593,435.5802593670152
2021-11-02,356.7230318240716,416.3130244913477,482.10308748512966,250.7887356884881,303.8519715770431,385.3538064467601,386.7729173524186,221.41808433562232,364.85705004697905,351.0733440856828,357.2869666096822,464.11620516869857,341.980747412559,460.0977062564765,343.070793076708,441.2449809796027,438.40023995231655
2021-11-03,359.8419226587624,419.0610025518745,483.43264310261463,256.4406867641195,306.32788483190586,386.0329843374518,389.5462540869213,225.22323443148937,367.7670404753026,353.1591929847007,360.16624752667553,467.93549101855314,344.3297208588349,463.59022311036284,345.2262078227756,444.089502178503,440.9858812028003
2021-11-04,352.23606720710177,410.16592330998003,475.6706596030486,254.05316097497948,297.6932459591078,377.4197847953711,377.7350369956679,220.43564348577206,359.99770104581677,344.8495085692391,352.697629817058,457.58341731074006,336.93456061637863,453.5302002364082,337.94911607507623,434.136496841138,431.28662529128513
2021-11-05,356.95485057944995,414.81060027066405,482.6879153274176,258.3973687175087,301.5054566813677,381.2343016735385,384.0746975565595,224.2884989831619,364.6868816424791,348.1903662520045,357.54478897932745,463.53268726734586,341.79102317711965,459.58474774372394,342.919562450611,440.21206220561646,437.45110800119323
2021-11-08,354.7076069801813,410.9449247731141,478.8342941006955,257.8066140136853,298.17031268537414,379.5559249879274,381.0580272867627,223.22243120762667,362.3398216892285,346.0908281145215,355.2799622202484,462.4632835674145,339.70655410841147,458.43680814142857,340.8128232104393,439.21228732292246,436.3766876976082
2021-11-09,354.67993093365834,410.03535481993623,478.0321338157055,261.8270535212003,298.02032602412305,377.421231304031,379.2171141437324,225.64939180928593,361.95084375552636,345.15984586622534,355.328538976191,462.2723609538424,339.89554175190864,458.3481154480297,341.06448668323515,439.304518397135,436.5504398694333
2021-11-10,347.4226987961681,401.05990665482676,464.7685016970139,254.40869169220184,291.36627551549157,370.65330335809216,369.6046990087785,227.76961829764258,353.5623902698035,338.3597504541068,348.33730860291934,452.4390612076459,332.67952202486623,448.9589622727885,334.0914866827461,429.6487456927893,427.2974445801152
2021-11-11,350.70602120447643,403.17732211356514,466.7594800902099,256.60306827793727,293.0258520053811,375.4465701353629,368.35127913075223,232.1655257558444,356.58715983202956,342.3179474141545,351.6032707739749,456.5668530931659,335.70031002878613,453.02842561487324,337.1058732329811,433.42102171524283,431.03015388194336
2021-11-12,345.5013782529358,399.1360373651578,461.3389550172717,250.35680744155488,288.37724077906984,371.6266538838021,362.10591280068275,227.94395290821248,351.4036077324049,338.24778750497694,346.3848074048735,449.536971327382,330.63648921985964,446.0621022368749,332.02354705534947,426.6551681702822,424.3133399927912
2021-11-15,348.9374268912665,403.16372003694585,467.74723185676066,251.2821537645667,290.5462148384935,375.9057634143173,367.6426692280603,227.94395290821248,355.2160589505336,341.2081408121748,349.82314711335624,453.8578978679594,333.9606987399284,450.34730226674935,335.3543258152156,430.8062832694416,428.43769317579523
2021-11-16,346.60268320236855,403.2718587163139,469.6045250514219,243.52969200170506,290.4736906096666,376.1028868281463,364.18647965419274,222.14764193091847,353.4443882341327,340.73774466921947,347.4715710755642,449.96831366092954,331.8433278538938,446.5068510583304,333.2135411960206,427.29071382487183,424.9524020531878
2021-11-17,346.90079485067935,405.4521361094287,470.8377539191695,241.57540281019587,293.2254245705854,377.4932606941615,362.95726483061236,218.53117417832354,354.29910425233516,342.26086321787807,348.0034627023632,450.55364028555135,331.943182383122,447.36803985577944,333.5358499799149,427.60955229564115,425.53517312442233
2021-11-18,347.858396702003,407.5967629484508,474.33814582858906,242.2173397189386,295.0417582145155,377.4111321638503,365.71833312294035,218.5018930128253,355.37035578667604,342.1937483439291,348.94783785382396,450.80674004465504,333.0202069139218,447.63707009600944,334.5968368197543,428.0849912436497,426.01586672580487
2021-11-19,347.47624525500953,407.4958119330562,471.11563784111723,242.33757226780185,292.5914480714662,379.3469212430048,363.331248919141,219.663930420182,354.77264858757934,342.34825478812735,348.54249410439945,450.7963835264827,332.3091604576739,447.5811368553985,333.87548397851106,427.630777281723,425.5383915547795
2021-11-22,350.29307996783643,409.195545923942,476.3221822105906,251.5437419981186,293.35159814085955,382.21831226905584,363.82673218549985,217.19189187728026,358.2730409795496,343.35320145570415,351.07777261604906,453.9102532557382,335.194584339766,450.33511161424923,336.4998103784979,430.84135721003366,428.4146361270366
2021-11-23,349.05652054151466,406.999694714248,478.46159149798086,247.64223745921856,292.016734877752,379.90172040196643,366.0621727731875,218.1848282401004,356.7444347763934,341.4098163453842,349.7020072114351,452.6987767369593,334.42545622305465,448.9499841943514,335.5859561041937,430.1890128549401,427.57982056011423
2021-11-24,346.92524902206037,405.3109631889168,479.64952959353735,243.81758860598129,289.03312876508335,377.4895638774994,363.8343138888119,219.1944709927979,354.21812825242256,339.31569902012063,347.60079508461075,449.5917411696499,332.3528340545527,445.9237302675247,333.5386991722892,427.2110505574583,424.67134590988695
2021-11-25,347.3803399798928,405.3109631889168,479.64952959353735,243.81758860598129,289.03312876508335,377.4895638774994,363.8343138888119,222.6449003416062,354.21812825242256,339.31569902012063,348.0385331277636,450.58995133106407,332.7713701490399,446.8757170240385,333.94257366201134,428.1230882777272,425.5443833420039
2021-11-26,335.72110147493066,394.5604299903775,466.1755677613912,234.65603168695864,279.59510454866063,365.2782977716699,351.8226345890304,214.20932213382963,342.46865377261184,328.94915279518824,336.7887413844437,434.78509868794,320.5491887488759,431.75991864239853,322.11616340005907,411.82823591699105,409.9071232509208
2021-11-29,339.8785400699917,400.59155054986854,475.9729236062127,234.5649498454338,282.9616588247988,369.67188167310775,356.6269108258789,214.78748945411303,347.01116491976995,332.7950428314674,340.87722542614944,441.4734086578216,324.59892158032727,438.2505867289203,326.1070213595355,418.21493703447976,416.1239872776907
2021-11-30,336.9429783891873,394.9635919250033,466.2465543303371,232.86266556426463,280.3599608826254,366.61773854992913,355.34241082948114,212.3237853014348,344.10337986986275,330.80653232265695,337.9420049294308,437.54610138242197,321.30689051338777,434.36739694515074,322.82681729525115,413.8935926658509,411.8605185763087
2021-12-01,336.3852516155474,392.83689770955704,461.88261796863,232.228572626963,280.64129014332144,368.9850054072773,354.6048794044165,209.10977023993146,343.95554872056215,331.48848258586906,337.5077860592304,436.98299869294266,320.6083819446749,433.9569187149078,322.24640975683417,413.148635314423,411.2626657364168
2021-12-02,345.82698308876843,403.5874397465733,475.7349508326829,239.50968697725895,287.9649383532491,378.91282903677615,363.91123607727474,214.90721536725115,353.6205149914091,340.033465545697,346.6962052100704,448.7449890646827,329.75369433710085,445.3045558592587,331.1713051326111,424.4688071940405,422.2199916164855
2021-12-03,340.80080836495983,397.1288111326835,466.3553619935284,235.17711629706946,283.2294180567541,372.9028779491175,355.12058165111563,218.51749115573318,347.4737983318641,334.1818111704171,341.8570654885828,441.42432365910065,324.96248019545584,438.31709475602196,326.54283261810303,417.5749091778774,415.6144692732763
2021-12-06,344.554566716515,401.6708848164427,472.3202870414059,238.07835288580748,287.1715197144597,375.1834090128338,358.5046116841088,222.49769483199913,351.0736173837695,337.4989025471212,345.4545762927801,445.1184875442086,329.09475292602104,441.82288555251523,330.51963664516524,421.79520541094604,419.63994219472715
2021-12-07,352.60319434817364,412.9644887211409,487.2504116624678,244.0878894955732,295.5649833154131,384.02579849706245,365.0001618812712,222.1053524089395,360.07634296153077,345.98168834624283,353.3435118713155,455.2613882179494,336.84640650778454,451.6781799222307,338.13612135888616,431.4949972064209,429.09255044799073
2021-12-08,350.2543657142759,408.5100553996293,481.8362142849922,243.39172164053676,291.668980057456,379.9765618460247,363.78361259118293,226.58931210845358,356.7988247044123,342.4101835483799,350.902080868249,452.0368570862293,334.7256586012594,448.37858993265644,335.92182932215604,428.59743990364973,426.1134012309627
2021-12-09,342.3755217427705,399.2360371155523,470.3351500891638,236.94926340765417,284.31388811116045,373.0790468933935,356.40068171253904,222.49857797595888,348.62871230783907,335.00644438537284,343.0392548735789,441.0171337064641,326.95348657799605,437.518107443858,328.1594044857147,417.8814280433659,415.53346863814716
2021-12-10,345.87673421132797,403.6771030240284,478.0636682394876,238.69800949031327,287.3651948089186,376.3225134441542,360.05606673988126,226.06841862302005,352.0094754527835,337.9041175642103,346.5632354149156,445.3128366976988,330.51738361469864,441.8075010413351,331.7426378800399,422.23043959258854,419.87318173880846
2021-12-13,343.2064298633113,402.30412949056813,473.09162973155327,234.05690819430328,286.9354696990097,373.11625184263073,360.2141939155608,224.57044320960117,349.25680893177093,335.7455206621457,344.1233050491541,441.94045929436055,328.0059354101615,438.74805369546885,329.437243531106,419.0799465281847,417.00062920142733
2021-12-14,345.3900156131111,405.1222220055098,475.67215720750386,235.72694880798602,289.0436246758446,376.6322696227631,362.98830343476624,221.27443124463593,352.1468989980543,338.7520134849825,346.26928167429907,444.81583445781024,330.04120473850264,441.5469714866579,331.4433985863916,421.74086624322024,419.5998020875286
2021-12-15,348.50670662170006,410.23311522173697,481.068097326821,239.6603410131957,292.03909520669373,377.8349364933153,366.07837238172425,223.16290205397974,355.34022187683246,340.49089514113587,349.33056781238946,449.543982206188,333.08387066174834,446.1354422815237,334.4382056053676,426.27691650263324,424.0148425546429
2021-12-16,348.61558782826455,408.7487972530444,476.4475523431385,242.8941051295194,292.28582765620274,377.44887906065236,364.03885596200183,224.13982129735223,355.3199177234501,340.6830070584952,349.6013948057977,449.22229910912927,333.245468455154,446.0323903710978,334.7470803424064,426.0595377166368,423.9932506813762
2021-12-17,346.2737305582121,405.1568315193647,471.3943868140032,244.00820525194877,288.55077803262844,375.26067282090634,359.0737429955054,223.18532602809412,352.8535897783128,338.14981743388284,347.33657260655417,445.79822117913454,330.83467339223733,442.7507734329983,332.4090965405622,422.6151581867487,420.68098044133404
2021-12-20,342.0272918459547,402.38984098475515,466.7165725335713,233.3358694294186,288.3490118035704,371.12468133679016,361.3577107683811,218.80920696564922,348.7620486434336,335.41734866433524,343.20246011363275,440.82970190383827,326.7234640019573,437.95083077241907,328.3957711346376,417.8203915802432,416.03444301229064
2021-12-21,349.529530414954,411.99380799945277,481.43780240593105,239.086447974234,294.658027946631,379.2312394292583,369.8173570395223,218.6317641876232,357.13317432395115,343.1839314983561,350.5398808073554,451.04177973989687,334.1551794018499,447.8416250073929,335.6799168162547,427.80571407256633,425.73289425452907
2021-12-22,352.566920762543,416.1451026879239,486.2556123700135,240.96996839359113,298.5553952544602,381.4184769460544,375.04378692242517,218.44698441311175,360.5462127634783,346.08684164483,353.6026632117543,454.69936590473094,337.18507139268735,451.50367065100204,338.73405792297814,431.4396663142923,429.37100350114525
2021-12-23,349.50947591931714,412.1411608085369,480.83442727377246,241.4267972778337,295.8608960900939,377.17323059575654,370.60556314914913,217.22540673442938,357.3186236737653,342.453648894945,350.4661896350879,451.41943211994067,334.32870786800436,448.1354598706926,335.7974365687533,428.3865926363338,426.2284407141337
2021-12-24,349.50947591931714,412.1411608085369,480.83442727377246,241.4267972778337,295.8608960900939,377.17323059575654,370.60556314914913,217.22540673442938,357.3186236737653,342.453648894945,350.4661896350879,451.4929035271652,334.32870786800436,448.205591524234,335.7974365687533,428.4536336602805,426.2926735028749
2021-12-27,353.81122936532336,417.48520432791895,490.8214933323221,246.14885539772803,299.86324957819426,379.96364948027554,372.67650396526165,219.02150522343712,361.84771264951456,345.76260320873416,354.6853551269126,456.7607857633536,338.67283141025194,453.33011791680053,340.06485331774894,433.7457001764889,431.45108351157677
2021-12-28,350.4674937945422,413.72886289956324,485.7535292956022,244.12808176171717,297.1234267959644,376.467025468837,368.7902508726402,218.98701026511307,358.12232770501384,342.26693524673675,351.28921656724265,451.3735202021399,335.52488008250464,447.9699340164367,336.86123269124096,428.733906963786,426.44970777292224
2021-12-29,350.29486151283106,414.0162427952371,485.1897862470641,244.5033181889948,297.20919965135346,376.00074327525823,370.8305218778215,216.8351089457312,358.24980917391576,341.808741974056,351.1274264630417,450.736647508472,335.47504532485203,447.36747781189285,336.81711207718814,428.28595436145946,426.0255061667523
2021-12-30,355.61208437456133,418.93415585367853,489.7300845008181,249.23636179399432,300.2722062920172,382.42972271287096,376.81147395364343,219.4277313677144,363.79273731291346,347.7774995615159,356.5339284980531,457.83426693093656,340.5478778068053,454.4961726906056,341.9816792281871,434.99684309773994,432.77934704162686
2021-12-31,347.3400503064357,408.56089404148247,477.3571040575091,243.4768710656327,293.48443711177646,372.76592616875115,365.9649242679743,219.4277313677144,354.56110732563235,339.1213291735853,348.33599669747997,446.85438957105197,332.4479298558548,443.7260639461772,333.9426369298658,424.3576915881601,422.3209984520545
2022-01-03,348.60778746915264,410.82829128469507,484.66314626454744,243.50031330194673,296.58149208589964,374.49206779025116,363.55940785619043,214.84948712046008,356.64536604028694,341.0870816249707,349.33994942014925,448.4757488173308,333.7255860220723,445.00888966571983,334.9770451129648,425.9766610377989,423.6294107392022
2022-01-04,355.4684648319493,419.5329088733381,497.9110591379721,246.65585067155607,303.8705098508309,382.7652330605616,377.6278547417258,211.9619532501752,364.73805203238885,347.9191718354171,356.32579861088715,457.0884479625963,340.48762724606087,453.6988232554028,341.8590684503948,434.40348342062094,432.13256415580474
2022-01-05,350.6463842148895,413.29079020566803,489.16632684471784,244.14910767405357,302.35585994401515,377.60949233543033,374.66109320371686,204.54891406179237,360.50007269334776,343.48807582860303,351.6300613904527,450.19299973154006,336.0023703421122,447.0499569363719,337.47786683414984,428.0395474430372,425.97418470117026
2022-01-06,352.2515496492546,414.2535670503034,495.0890231581514,246.3865970584993,303.03562403327544,379.58969598799854,370.0671133001926,204.9985376079992,362.2283320172188,344.9663845815074,353.0751720486667,452.0952735420486,337.9045120330088,448.7438406760732,339.22243913480133,430.29989896696054,428.02795583275434
2022-01-07,352.1882672944453,412.91404565619996,492.8970527508337,245.09522347053507,303.4799899061653,380.94593896286176,369.17751791348206,206.00970690362232,361.9949127145008,345.80661265707954,353.02078035064636,451.2747505426411,337.7391378767494,447.9686701463207,339.0688114086948,429.4178339327066,427.19034234954415
2022-01-10,347.9739639709799,407.1670596228805,487.9427623606425,241.71461950833498,298.5909945930622,376.7574249610258,362.77094284081466,204.44479715564472,357.51945970673916,341.03026885038685,348.88328797295765,446.04468456512797,333.6195367092155,442.8763090145041,335.01614876817973,424.3392616675916,422.2331338788826
2022-01-11,355.4187107155098,414.1575525620305,500.0492916305199,248.56653263099489,303.47625601190316,384.4666735193373,367.8098808116466,209.0423400425314,365.1328908846821,348.55117342146,356.2925181260635,455.6931908794266,341.02052590745495,452.38515031751285,342.38719310829237,433.83646650694567,431.60617190997226
2022-01-12,354.52238702593405,410.25012647162634,493.0724007992982,249.19823058781714,301.10728444935717,383.2997496885456,364.578572529622,213.25498447162747,363.45943098670216,347.3855556840447,355.22809985413846,454.7932545522026,340.1392455542983,451.2796985774366,341.3499170264169,432.9445521751465,430.5253220159838
2022-01-13,349.1408770221426,403.2597212414152,482.88997877391955,246.75754975154328,297.82023789237087,376.80188354262305,361.2252309677511,212.06197872180087,357.62554372811707,341.5753674343655,349.9165619584047,447.49591277539184,334.9523523685167,444.15231965218265,336.220027551804,425.98317588419985,423.7077319489082
2022-01-14,349.38167240874856,402.4981860521444,487.16410055324377,246.7578608973745,297.75025195898667,376.2592706694955,357.8688485595034,214.18430039643744,357.5692382314906,340.7476260773726,350.0915389429109,447.98446882837624,335.54880741904117,444.54937314151834,336.7433271982405,426.8885453341931,424.51134066993035
2022-01-17,349.226930578518,402.4981860521444,487.16410055324377,246.7578608973745,297.75025195898667,376.2592706694955,357.8688485595034,213.04594861897303,357.5692382314906,340.7476260773726,349.9426849606561,447.46192276981407,335.4061368010194,444.05077772536714,336.60565555307113,426.40975785912156,424.0528535287435
2022-01-18,343.3748541741606,395.12772064345114,479.9517372742394,242.28654806431575,293.2582394903293,369.55733138411216,351.52589732294996,211.7320332683999,351.23312798262214,334.7235816014624,344.2625161396322,440.2598426350189,330.20729232365824,437.116680058163,331.5420328919617,420.05108282375244,417.90668702255107
2022-01-19,347.08965726004146,397.1215565742902,479.6730253278149,245.66131920203955,296.8869808419573,373.17020529756644,355.0446684569681,215.60030216629426,354.7950289108705,338.504386086795,348.18318558092096,444.7268652333858,333.77372738622967,441.802726319718,335.3048539527773,424.3166855854082,422.38138345221216
2022-01-20,339.1727037877994,385.05920118285553,463.4075579290463,238.77889567995706,288.0576841650236,365.754401213033,343.2998962541123,219.85032450612803,345.3308096175682,330.40680874029056,340.2034139499202,434.1349908502306,326.0734690893714,431.251396354702,327.5375634460716,414.12095742227046,412.2086852309407
2022-01-21,334.54592935423995,377.5977304625934,451.44558534136115,240.34752408390935,282.8351235545304,360.224378511702,333.63495816553,220.92911971875765,340.0377301654502,324.4864370027822,335.65616922605244,426.5922893542485,321.7832022701275,423.93478245718165,323.30857590677454,407.1781572514501,405.4506343249541
2022-01-24,333.3719384007668,378.5392099409917,457.0519777690027,237.71885216532863,281.52274666214345,358.99858132311493,331.3927144931952,218.64536698604607,339.0555328145849,322.6545339781861,334.69633862870734,425.3708691120999,320.64890941632666,422.97525137327233,322.3710593687033,405.9960149387627,404.5082949657972
2022-01-25,334.90619503310273,377.3436729353674,460.00460449488287,238.96461582654024,281.70342406921714,359.3266881508645,335.2051075407789,223.30843720959467,340.1004325830141,323.1217617204334,336.2892527525295,427.48048895637805,322.31822123328544,425.13104957841756,324.0905297436255,408.2396810895928,406.7887152554754
2022-01-26,330.38111641565445,372.44862694779164,455.3226266086966,234.86056374144061,280.13858584896457,351.70482879529374,328.3037825206573,226.05890309067868,334.70660478647227,317.80997628337786,331.6002638236907,421.74738512850354,318.179634216271,419.25129073548646,319.78624459980483,403.026607540194,401.4203380270383
2022-01-27,327.83344920968045,369.2736776015292,453.7333245078404,234.85395678575932,279.4548567359262,345.7193017919158,321.8045128223749,228.13413634683067,331.6116144954102,314.28684014696734,328.9466324314617,418.7201785081838,315.8342741441932,416.1160058287626,317.3353176095769,400.25730771180423,398.54135014999616
2022-01-28,328.2020945750901,372.0715214256561,459.40786784497953,236.2898144886603,278.56861251245743,345.27704217796514,316.6390094877465,227.48052241620144,332.10477883702384,314.495693449218,329.2004240036308,419.3829655098188,316.13781856233766,416.62611026319405,317.53459978093537,400.8209258458761,398.96811524407906
2022-01-31,333.0858141995432,376.32999508784894,464.20061215460396,241.1259433908062,279.74175794465646,351.89585013437147,317.61774303872244,230.8965936475866,337.04244221702214,319.40888348725287,333.88084551999674,425.55482679098134,320.6614520836301,422.4945535727825,321.88286587617466,406.50201197323446,404.3885787000691
2022-02-01,332.52306036134837,375.33129667170897,466.58007579041174,240.3046473747069,279.5550756233009,349.4103433305977,319.75112311334584,231.9995010427983,336.2748794674211,318.3426644881629,333.20213174182163,424.78953211078635,320.0091967138383,421.5970725161174,321.12614388542005,405.6379983106507,403.4070487388032
2022-02-02,330.6060334809006,375.12805589580665,466.43584704221564,235.5137298393598,278.86846897512396,348.27774671472935,320.59242728628163,229.00843298933816,334.5541128504444,317.14210235712596,331.3089915168292,421.5354113485126,318.14290619100456,418.43196710476775,319.2799290050277,402.5340688700804,400.37954826294964
2022-02-03,325.50804753013074,368.0629873435902,454.69088031306563,228.06637756224976,275.4110064930888,343.4689106738345,319.29717248069,228.23023951338422,329.0296090626963,312.69460288001574,326.37663217999517,415.3756913662303,313.6260054858267,412.5188991991853,314.89539243241336,397.11264276803627,395.155654458009
2022-02-04,327.46719766695264,371.0237085380019,461.6059655941898,229.04864936527517,275.9190918903057,346.7773852845049,320.1047577373077,226.97050220761653,331.3550867643383,314.8944038887392,328.3372443034116,419.79693192213665,315.76829311628404,416.83177141779754,317.033023318992,401.5788877219082,399.51915332238787
2022-02-07,330.2989182241977,373.94811581834915,465.6861741749962,232.59644422063226,278.7947206739321,349.3131177011466,324.697949134524,226.25360932936601,334.5760576847673,317.67322945127165,331.27033620052663,424.37615425022716,318.4496969456626,421.456962930357,319.81419631724094,405.86435944388415,403.85842685497107
2022-02-08,329.24711553917507,371.9258843595267,459.753250844136,233.41421905265963,276.68253159848365,347.53316892678237,325.17440812714125,226.89972532151126,333.326918810002,315.94941942024195,330.13770485352455,422.9803289651659,317.1161963737942,419.97734229942915,318.4151597852805,404.13960036884566,402.07037635244285
2022-02-09,333.7155037059108,377.57369860822746,466.15074125216677,237.43618547460184,280.25679686662806,352.40987939695754,330.1120438127476,228.19819420526258,338.08851637515795,320.6353561502333,334.4732736770714,428.5621343151539,321.34724800023434,425.3483301149151,322.53196493370353,409.3895193132419,407.13866327414314
2022-02-10,329.66576216117073,370.77394286868156,456.7863727086741,236.4188732518394,276.50807499747157,347.4158439742795,325.6273920397294,229.465670112829,333.4420118168024,316.1818865176219,330.4653220150444,423.1937483820486,317.50328892043433,420.08894615644954,318.71895884443785,404.33567779010104,402.173232691605
2022-02-11,327.3258927430506,365.56002940297134,454.61247625900495,239.49894692516818,272.3763572903382,344.0024696345871,321.08793641074544,228.33199327321827,331.00994884947767,312.42851568944116,328.5020213001871,419.90526071351104,315.72874182649366,417.3026787412855,317.2736016069997,401.790728396428,400.06065368127014
2022-02-14,325.15480978235837,363.8628561000786,450.8399791356745,237.13955901265882,269.5349931371267,341.1896387941389,317.84427405608506,229.0564806567392,328.5193577338355,310.4507944077284,326.4837627124993,417.3064479415904,313.8405045636825,414.9090490930931,315.5173346528448,399.5491463973649,397.994234315719
2022-02-15,328.6520134106949,367.5919890789966,452.30710421524697,240.35107530542467,273.84264321631485,344.94500551408345,320.61702554169574,232.80942279288817,331.88464095545453,314.06807515750785,329.6421469328792,422.27491889084126,316.60423096743716,419.3991251386988,317.9913564353044,403.53961090972376,401.5819207913095
2022-02-16,327.5777540880969,364.7912896136101,448.77576145131377,240.8075112621482,271.86732157387434,342.83640593147135,321.6860680979508,232.88808219157414,330.6910006761341,312.6611889921061,328.60002467671904,420.53819227087484,315.33026369813626,417.7311162948868,316.7538544116353,401.6000216001888,399.7145138715213
2022-02-17,321.70695217977425,356.70001553848164,439.0017687909327,234.21809543028314,266.3281091868691,338.0168102121091,319.62178121645195,229.82756122107486,324.62069545008296,307.10433558261855,323.06903222162276,411.92627996988244,309.9754918853332,409.65552271771696,311.69539336226524,393.7785523277275,392.35613727327416
2022-02-18,321.3399316419403,356.7496641038739,438.43853449791925,233.5774435550349,266.4939407061947,338.95121581206183,318.5939365992959,227.2023971249203,324.5537668465759,307.05314631383345,322.793222551521,411.3792927785598,309.83089858623504,409.22760034130994,311.6279697948688,393.5138408210667,392.18988660264006
2022-02-21,320.805205013312,356.7496641038739,438.43853449791925,233.5774435550349,266.4939407061947,338.95121581206183,318.5939365992959,222.66547557109587,324.5537668465759,307.05314631383345,322.2775633692749,409.40958549800064,309.33594659642347,407.34355721084484,311.14929403100643,391.70214227501674,390.4511576023226
2022-02-22,314.72683320977393,348.0897417170169,427.3532112060317,230.92505431771303,258.2268122667215,329.9749819822651,318.6147349897215,226.6142586657642,317.32208996858407,299.2496257823645,316.2728371350461,402.3829366985825,303.6977342424559,400.44782064644784,305.56367454277205,385.22385497105535,384.07264140380335
2022-02-23,309.5518942172574,340.67821775044547,418.8686218102229,227.85330351276986,253.91028883234705,323.45797002993936,314.3813718562163,225.1381493430014,311.81805501015685,293.703273952034,311.2239478935147,395.475266330238,298.9239119815238,393.7689324539412,300.89272974740845,378.889527435171,377.92756781613133
2022-02-24,304.08552799751345,336.902307601111,420.5043225474379,223.18817014963744,245.1824746604732,316.2792104527137,305.4372318489431,224.93264658419895,305.83696515463726,286.12834240182065,305.7492166464012,389.0547519870681,293.75981404235006,387.3802979924655,295.70985529061375,372.8571862367969,371.9100104753501
2022-02-25,317.0884286338484,352.515889247081,439.19942545217447,235.7080650248848,258.4274059920197,328.78098783634783,320.2024134051144,225.9545370282591,319.9773353965342,298.9430358998621,318.53577729358256,405.74421672845233,305.98718342353254,403.64566967451776,307.76397685682474,388.4422311422122,387.14492609976975
2022-02-28,317.0956502141666,351.8552680251553,446.09062653395154,237.47949456885746,252.65565903099346,328.1232244516523,320.8641091637701,225.9545370282591,319.9852852592758,297.18262639715596,318.7683047821937,407.52972990844586,306.39752979985946,405.6284676582374,308.37038503466573,390.578581933315,389.4491219305322
2022-03-01,313.3273004186612,345.53891648970875,442.9591096053029,234.4212956262099,244.88977150163316,324.5562464495527,320.7282248716953,225.9545370282591,315.83689607837283,292.07422884992206,315.3606871278167,403.31545902257676,303.68767837569254,401.8754795607514,305.96106635414594,387.65801043609383,386.903996155928
2022-03-02,317.20984401725593,350.3486635714602,451.5814790586155,237.39725101110216,248.9629186537328,325.5456324471837,327.02754327530687,229.2238273099833,319.6908879151259,294.4030013152916,318.9822991285838,407.95844112128316,307.910631118955,406.16487645805364,309.93088991248726,392.6982848758766,391.6006817812647
2022-03-03,311.2562999496698,341.9033295834059,443.6541628089725,236.9182320501105,238.77839174171703,318.72465655008295,320.7956501589711,229.13106211056297,313.1570754523085,286.78984826303406,313.15543378436655,399.86990998025107,302.0699957351688,398.3242669997309,304.2037479597821,384.8527306636202,383.97641971292506
2022-03-04,302.8608451547792,331.29859882847256,438.85433782107697,232.4806830937764,224.07713347372297,308.50466087858933,322.0800121138938,227.16148522330704,304.1871812413369,276.64944688302825,305.0823458288198,388.07720544976786,294.88166043324003,387.0726508459146,297.2764319755068,374.71542063755663,374.27735249292465
2022-03-07,294.76788883224657,322.98454623045455,433.8480304537179,225.252678871471,218.07566356503762,298.55139351536343,316.52665756075794,218.95439093980974,296.31892383562774,268.9514664363835,297.5105110743061,377.78432925207255,287.8211672068362,377.51161775030533,290.6707106197554,365.77506985906456,365.96716183767455
2022-03-08,298.63452109196913,326.59163547351955,438.6390400643176,229.15379749690425,225.7297627694837,301.90849894249544,313.5701895066754,220.4190437789693,300.37906643621085,272.95126005693515,301.7032501385389,382.9615598477782,291.9911847586074,383.03058051438603,295.13924721737015,371.26154578102813,371.76146184258283
2022-03-09,304.65965181991714,333.92912573622147,438.86841856287094,234.04737510817185,236.84248500280663,306.30200447283033,316.50636283453895,226.94368397146582,306.1820112611478,279.2399005087866,307.0697960122411,391.494507647385,296.18056699484384,390.6545076743103,298.7622387041507,377.4232486009488,377.15869857881887
2022-03-10,300.1477825760648,327.83572115632126,436.93540798370674,232.19977775663497,228.76175784257532,299.5943896544487,316.69450683048905,226.04023324832184,301.34618562896696,272.6569452678011,302.627269613982,384.8415578243763,291.6396764517693,384.1771377093074,294.28602872322597,370.85170735351204,370.7475654568111
2022-03-11,295.88746712308705,323.78909089472415,430.74270650088,229.53736927036016,227.24014345898124,294.73157765906706,312.2246823234831,220.2986341806985,297.37586939158155,268.57477275390596,298.41418995562907,379.3413702702057,288.02997165566785,378.78851217801315,290.70008047853577,366.20070552073827,366.1686805761252
2022-03-14,296.32478584318756,327.2270734242693,428.02125868522694,228.3451813337244,234.36237148577396,294.7995345601088,312.11350790012096,217.0523955007453,298.2537096548449,269.75835646686096,298.8073976804613,380.4181657141167,288.04168602786643,379.78551973140736,290.6831577817008,366.7149331550145,366.62950373311645
2022-03-15,301.1349937021501,334.7484351015495,434.4728127872892,233.89636445292453,238.74164196168675,298.2395146017401,318.49136144859364,217.4846787295623,303.48136729361465,273.8754920685689,303.3510448552366,386.3631030303936,291.9669678039505,385.35439487904813,294.3865289738289,371.53556950519874,371.1423199268647
2022-03-16,316.09108252535736,348.65750533399364,446.00056579649385,243.69699321796006,250.1570494128368,320.1673108808899,330.43888085779645,221.08005402951298,319.4681343624337,291.1176530258428,317.9901743941151,405.6256371352198,305.9229644076663,404.04222628116264,308.0808427894768,389.38958853679975,388.5158376007327
2022-03-17,313.8239172171306,346.0224082639766,446.9082432394831,244.57358911205426,246.6528534329225,315.3100993290757,328.4580947028167,224.2760144482331,316.5485964166835,286.757880447112,315.6416720509594,402.47734245067346,304.5558248235329,400.83264431203133,306.6089418244758,387.3883984356623,386.4132754820574
2022-03-18,315.6822732796167,347.13683084133527,448.3804719618073,246.02762351627266,245.8378569975377,318.1924253386215,330.70736596032816,229.59463597876515,317.911056124702,287.9456949177808,317.2400176162815,404.98775401179535,306.3620338978157,402.9972986581789,308.1743118030505,389.80333534563346,388.51073314941937
2022-03-21,313.2884301063899,344.33604361250116,452.00051821078466,246.8117377727855,242.3583100392932,311.6391494202261,328.18623896926516,231.20560016934837,315.0783677614968,283.9409835995644,314.9727401613108,401.69105671201544,304.8803071069478,399.89446416192686,306.7805190196863,387.6680349455024,386.5091343942337
2022-03-22,312.1061741977913,342.3524901018844,448.1161939125106,244.53502354917714,241.70673964441335,310.2297184704963,326.5546724023824,234.90887317622716,313.322475995056,282.8863878778199,313.53442980506475,400.4640780861971,303.4272701746108,398.3570841772676,305.09628346969095,386.10330652578074,384.66912951217824
2022-03-23,308.0532263307696,336.5072528104387,444.33495511250146,241.56245107112278,235.9131471708723,305.83005518856396,321.67731894928585,235.6672485386182,308.79189103521236,278.70919530503306,309.7321914995938,395.59091543196854,300.1037216709517,393.8259860837497,301.9825368737844,382.1473131256413,380.99467141754246
2022-03-24,306.6784484936296,334.02260458692365,442.3582626670386,243.33032913378813,233.44603027624908,302.4840162217945,317.93283336374895,240.2691390935725,306.74037352496475,275.84164197322355,308.2770941908039,394.00668519907174,298.291599309957,392.15284750964975,300.109095419573,380.0312616054061,378.8172175380908
2022-03-25,306.9206073175487,334.795354528299,446.38336514879364,244.47216311984025,234.01649166051487,300.1600309329909,318.74461392007777,243.0030698563777,306.6873018069457,275.0021567803288,308.46562291605443,394.45130398291366,298.6710895283976,392.52312188645664,300.43394475862806,380.6315041241311,379.34200447875213
2022-03-28,301.2721489857499,329.0363139834577,437.79691904458645,238.7976241609241,230.42107087435605,294.9380798834624,307.856813967002,242.2302212470545,300.618703121114,269.974946894537,302.56680185052085,388.1605423114955,292.2711665272664,385.95449698676936,293.82335726030936,373.4183071768534,371.90822376915526
2022-03-29,307.40075296690435,336.64306035536634,444.27015324592656,241.81717338273893,237.41788008186654,301.6659936259215,313.96036661906646,245.53902491354359,306.9166449537857,276.4772290898957,308.5504789166698,395.94188079483826,298.3015541958586,393.48594011408227,299.7225713943909,381.01264165677264,379.27699776005477
2022-03-30,305.8669531731838,334.42922611275685,442.7052909131749,239.90125263847975,235.52114127885102,299.7103993424246,315.32294239916496,243.82591066126363,305.4407114477504,275.12093554171383,307.15110314967274,393.8847918034563,297.1282248911014,391.6165945305606,298.66239092059703,379.4230847834072,377.8427225385639
2022-03-31,303.2026506999932,330.1778667094459,437.8446530436812,242.47691131024465,231.30765965948567,296.12027745694587,312.80080801431484,243.04840056379015,302.62679429780565,271.7017991729727,304.62228321808516,390.1241157231438,294.09750140218864,388.0699906562244,295.7702572365092,375.26932298442483,373.90462529928374
2022-04-01,304.62829380310575,330.3393215585352,436.2270910840558,244.32868307998334,231.90774906897462,297.68998969057037,313.1125263086824,247.65444753375309,303.6577124215749,273.29956188540916,305.83876700515333,392.03361277354924,295.35422384064105,389.7021740234078,296.8375032071877,376.948605388416,375.33564635083934
2022-04-04,302.17951949923025,327.11538280615093,433.1587066920963,241.53245562777198,227.9965260296854,297.4765068971034,309.2707538739251,246.8819013471491,301.08094687787246,271.56344370611276,303.32876767309955,388.8550908613538,293.2951718042987,386.4805011900615,294.7078709251187,374.2801633305815,372.6067694667692
2022-04-05,293.7191237255629,318.2933825646391,420.0673634609725,232.8093537384717,222.03211128040965,288.39272074323554,305.11872936797886,242.86246340889898,292.3306001536315,263.93884816431995,294.9357486946222,377.8406801793266,284.9421221335333,375.660182156514,286.4130559033763,363.5098029276901,362.00853554048217
2022-04-06,293.7194150015607,318.416630359101,421.61504684089704,232.76092564344205,222.0841275615634,288.1614048137092,306.4182829121454,239.3945455238938,292.71039737767575,263.8521517719403,295.1101419095989,377.2392005925211,284.8136082063776,375.2984118006982,286.4514249411367,362.7954165262372,361.5213269408205
2022-04-07,297.089137206255,323.4218877155659,430.38423179731586,236.16404516558603,225.5788808388287,289.73228735657136,309.6490283677683,240.11396059698205,296.29386256276166,266.6209316051202,298.5694037388556,381.7084713791435,288.1179439523346,379.8292602681742,289.84201747831,367.1333945249358,365.92104960787515
2022-04-08,299.2063145390113,325.57154826139947,435.3233732768514,237.3186467424448,227.74345649754264,292.1837250951623,311.5063934113413,238.20170927341618,298.81184282342275,268.8491363739371,300.780901043339,384.0091798545636,290.3381177885949,382.2371687746934,292.1472124182296,369.5662992529392,368.44775502703936
2022-04-11,291.7959723256287,317.7134561328219,420.21962460625383,231.1635447648841,222.9107518714012,284.1792953616594,303.16279687335384,235.5151014030764,291.0448739485644,262.71597971283074,293.55181013437453,373.7112269459997,283.0226551980287,372.28600802387757,284.99669399069205,359.5321110719324,358.7262903066089
2022-04-12,290.52369518369227,315.68604642234305,421.02953458011336,231.21565044257144,221.07877711091092,282.68648830176227,303.19483418656984,232.96135814634948,289.94740470184547,261.11892810570964,292.40188247165077,372.361363432674,282.40282002178697,371.08911340044915,284.4701100804056,358.9733321415693,358.2785840640193
2022-04-13,292.4228178841124,318.09461598882365,425.7159842750171,233.4670529367659,222.5929211991208,285.1789634191466,301.43108745618935,234.75672479297484,291.8119251358994,263.2985484986311,294.24150434078655,375.0172074091476,284.48685295258105,373.63979242782096,286.4930327515527,361.8163542564831,361.0163175017622
2022-04-14,290.6006087962852,316.6079972428207,422.7087742548141,230.86706942160168,222.58667061433832,283.2821084651549,302.10570029683527,232.53257997908446,290.0795498593271,261.8729049028412,292.4853476602023,372.3784019750494,282.99413294649855,371.11673628921693,285.05138917470083,359.6240982169882,358.9145179291079
2022-04-15,290.6006087962852,316.6079972428207,422.7087742548141,230.86706942160168,222.58667061433832,283.2821084651549,302.10570029683527,232.53257997908446,290.0795498593271,261.8729049028412,292.4853476602023,372.6437150114881,282.99413294649855,371.3709806372115,285.05138917470083,359.87046919795915,359.15129594464815
2022-04-18,290.6216743803258,316.3854461054472,425.88181296803305,231.77695067804538,222.47354483805063,282.0118817773487,300.5219066499498,232.94344417537022,290.0558943342686,261.6305367399305,292.5679603640878,372.76862175573575,283.15869301128413,371.56668290281834,285.2691127702479,360.1635895637925,359.5037821514636
2022-04-19,288.82429996031806,315.8803195433915,425.7421742507472,230.3449291929219,221.62211434679998,278.836681220531,299.5065522036832,233.33965443131763,288.05408927160136,258.9828180070777,290.534895839081,370.64578766966133,280.8655436863673,369.17057489475576,282.7701850223925,357.44295703719655,356.5519009055148
2022-04-20,289.9131251132845,317.73091316314134,425.2998063615659,231.37471906456005,224.50854402556416,279.6191262960224,303.81542827450943,232.02276911508017,289.38651952836733,259.97821487722575,291.6758798084277,371.982621827984,281.9691071645511,370.56025191561554,283.92227701992994,358.7891640266393,357.9467413602949
2022-04-21,282.41611831090376,310.25204807988223,411.80862644455976,220.91795338453687,220.54492515148718,273.02035091018536,295.23241104682575,232.02276911508017,281.2228223848039,253.627889863206,284.28333648170445,362.30540941613214,274.98961059526283,361.10555855570857,277.02278900368657,349.83916414557217,349.17613149352474
2022-04-22,277.2479115338183,303.6849838917688,401.0909137021525,217.4696885540681,216.29449051750535,270.98621184390726,286.8035380556775,224.7855375302154,276.40604428417805,250.17156645035476,279.17850157463636,355.6589986627299,269.9037453659492,354.6009164044267,271.99279090805527,343.356524796336,342.8196905963749
2022-04-25,284.9810311756457,314.8171310009399,414.22732103227366,222.85802774175937,222.3153955497661,279.60672151215556,293.94166736715607,226.2009795167657,284.65833211296365,257.8607657281268,286.8672065413298,365.9860514033742,277.2946434653596,364.76163461218647,279.3541665820633,353.1432119904484,352.47159867979906
2022-04-26,282.9544020729217,311.3762408431816,412.0490206033191,222.00359120064576,218.55608382132928,278.7247464371086,294.7955649573154,221.59891472512965,282.97645667859615,255.73506073397238,285.12039036690237,362.87343504993396,275.8623957593149,362.03748569753054,278.16493286466573,350.8196583015053,350.4791186352127
2022-04-27,291.273211436834,320.42419402134993,424.61221609048107,229.145553425657,224.60323982389295,288.2410811595874,302.76303475748193,223.79153954318133,291.79768979693716,264.1962104298328,293.36365036910036,373.9156322596901,283.91014871065113,372.86991257717233,286.15167560623905,361.4046718725433,360.88536349688314
2022-04-28,293.73102583599604,324.31186163615865,434.51223264141436,228.28685481478632,226.96349047674354,290.5752210128322,303.8447618281664,225.28798323783116,294.3063893375468,266.1537188628136,295.7227005399461,377.0438939203459,286.38483459648273,375.8481968144138,288.5336620107688,364.5259625804827,363.86692906098455
2022-04-29,288.16469818875646,315.6745980117976,416.7465326173043,223.0201074519993,223.39373764471952,288.55388473098265,297.6688308399552,219.85026060603002,288.8679194444487,263.4107091967738,290.2799778766819,369.6670824636335,280.98098653436443,368.700839014374,283.2397366124551,357.43115263325365,356.97567741522363
2022-05-02,289.529766684842,318.14920617936644,424.98413058743614,223.32620543427967,224.35089403747193,290.8522957836305,298.0319163456751,217.13955217475834,290.6845084224422,264.499753494782,291.4621006930473,371.4174727230786,282.51394705528566,370.21101327850914,284.5961474604811,359.3706159866687,358.6838352019913
2022-05-03,297.9824473635714,327.52237163121373,439.55846720442634,230.75689233431837,231.5807861894234,299.97566087366226,305.8947652002372,216.8396402383785,299.9788907354093,272.6102356564773,299.9283629559435,381.8588054119805,290.44045056097985,380.58152983375635,292.5533077866552,369.09519235363126,368.36937703267887
2022-05-04,297.3066358469007,326.2476357687318,443.72990722467813,231.2884578933074,230.27559445882883,295.62371261492495,304.94235348923667,222.09561981344646,298.5756847711139,269.6161014674488,299.0915475264904,381.41563312933965,290.0402717510797,379.93257330965963,291.99333653112853,368.9670166139468,368.03717171212486
2022-05-05,284.710424611213,312.86084760976854,425.3991305974252,221.21210852243416,220.91251866335622,283.35279323946867,292.5663394165276,213.7673033249362,285.79354754453414,258.3025149621663,286.7865242324643,364.59058592495313,278.1887989232016,363.6464710000315,280.3894743977246,353.25024685549886,352.7810629539861
2022-05-06,287.89218477955524,316.7278592960893,436.56179406396734,224.22305916809736,222.55406369544647,287.2074362814904,295.78927418968726,211.47578109003763,289.55627450785886,261.2969007289888,290.1373768416446,368.6080887519112,281.65356048125625,367.83363075261326,284.0049995021402,357.5794377348377,357.25656376992004
2022-05-09,280.97638279709577,309.8061929826892,418.48623873306644,216.38140498404957,219.20548029764774,282.18053262419585,288.2138874298861,207.32714003307763,282.4845532184151,256.11903828648246,283.3975854143699,357.8868207941175,274.5050348695273,357.486835757494,277.028058603204,346.7815448011378,346.81229274301717
2022-05-10,286.4849707218118,315.96955270193075,428.45175985770834,220.37196476102093,225.1023924358046,288.20388559575775,292.09121006198893,207.32688969666066,288.5262087924089,261.4287797149828,288.8137682810866,365.197877185245,279.548293023604,364.6087476616384,281.9993369066786,353.44362999059757,353.3215366631278
2022-05-11,283.538645993973,310.97199563434305,421.4327097541071,219.65109332777376,223.07169105511701,283.9477635284993,290.167521165428,207.82804481726455,285.2257321169553,258.2596443834579,285.98985508853457,360.5316184863699,277.2686521805448,360.16264182664173,279.81402182696667,349.68521449848095,349.7347797411321
2022-05-12,283.5821429180527,310.4644147974234,421.79254788883736,220.84704478315095,222.281259551601,283.6816969247501,285.55635578926075,212.0378034784569,284.7482362011372,256.9722247024722,285.8630396590909,360.64856068157536,277.46490737029956,360.0704066068282,279.8455328106954,349.9827513423931,349.8300526550592
2022-05-13,291.12274354680454,318.9073821725273,435.09819616681744,227.466800251044,228.8803366630842,290.7468003909488,292.0759920737006,215.51390040935922,292.58379963063874,264.07977454953436,293.0656291590173,369.9692736989594,284.8330050387524,368.9036753062077,286.90197085537835,359.0259214139703,358.4272851844854
2022-05-16,287.92211037088055,313.7092513791047,430.2646694309738,226.6296303093176,226.3048298290074,285.0550692178994,289.5015497387075,217.94869620708766,288.77417627336155,259.92675995310543,289.91119754395476,366.1367252143505,281.912866104241,365.15492984925675,284.01603001481897,355.55411656091775,355.02020175513536
2022-05-17,294.231684598749,320.0898645416431,438.71182744333134,234.63391485162268,232.07422018484988,291.69875838966846,292.3647751613238,220.49614952939805,295.3708739643782,265.6893707292626,295.9406063108976,374.1195729967672,287.5753195730505,372.7258359424592,289.4357271150147,362.6826823862437,361.7954891108477
2022-05-18,280.06292531939084,302.96705414475423,411.74980980904115,222.7179444167047,219.2385434963782,278.9661566155021,280.751986420646,215.05363127211382,280.51698762415185,253.1355188538232,281.98124162106757,355.646062945417,273.75266540801067,354.6919266494353,275.7969648349464,344.8219819029013,344.3232801234559
2022-05-19,284.5251272439649,306.18012870770735,412.10904688374086,229.67091164840673,222.7138367835335,284.1008067986909,286.38374236911403,215.76790866986744,285.3080358367157,257.98366499115724,286.52821205923453,361.96483778396316,278.1842672833204,361.034286307374,280.3099268455109,351.00882875357706,350.5368404883917
2022-05-20,283.93313098658035,305.01928491690694,409.2197537969808,227.71479992899975,222.28976994779,284.09561566572523,286.4394335957961,219.23980930893458,284.2430934102828,257.2724408166604,285.8773125267772,360.6046862887632,277.6912559577293,359.6346029975484,279.75833526929887,349.8165745810428,349.3012720486786
2022-05-23,285.52250174473204,306.87501103562045,413.42457449483004,229.28811595874294,225.0582970253623,283.26721091261504,287.88503677674703,221.43932798323996,285.7196031621264,257.8467577824814,287.35068582174887,362.34700167639386,279.114399477894,361.22935040613316,281.07777042399664,351.35804674597244,350.71233784967103
2022-05-24,279.5010547599667,300.62938774628765,404.36469114329793,225.35588269843188,221.23641897874734,275.0212725082104,282.3636487904354,220.20360341539336,279.2911659924724,251.75627289776295,281.4612644955301,355.0864409204646,273.31498516618825,354.1827637329327,275.39463516285673,344.4086406006838,343.9514525790508
2022-05-25,280.90248993346233,302.2567841398137,410.59214731648035,227.10697930764988,221.9531155594013,276.06326981341186,282.37107409594216,221.75017509449074,280.6405321533148,252.52580411048785,282.75818636349254,356.763647837474,274.70440620742227,355.72131150316045,276.6863174282038,346.0622880133976,345.47623583675255
2022-05-26,285.29872420926546,307.0410119356391,419.0655139889878,232.02157929234284,225.174144948459,279.74345285028096,282.86759157574505,224.8422993797656,285.07619691682936,256.02465402983665,286.9972569336173,361.9959916628412,279.1244626207362,360.7265894586467,280.9583830529255,351.29714083385613,350.4982660426505
2022-05-27,286.45029472454485,308.9258280407701,424.74505761940424,233.9054098290507,225.47304234271266,279.8859962090331,283.5824178951426,224.05700925157973,286.4219907698203,256.126741574346,287.98529286814943,362.921882728399,280.19317487794075,361.46382179388075,281.8759703875417,352.14553269565323,351.17309898207554
2022-05-30,286.2887243359421,308.9258280407701,424.74505761940424,233.9054098290507,225.47304234271266,279.8859962090331,283.5824178951426,222.54047481385072,286.4219907698203,256.126741574346,287.82935412179097,364.16651964541535,280.041455420348,362.6557799783281,281.7292101371075,353.30676301665756,352.28823285456036
2022-05-31,285.2323359169313,306.4628279279069,420.05158779356657,229.95359879173733,224.16086027869358,281.1434488977777,282.50060658789494,222.59768106608723,285.2623371693568,256.4142856409608,286.6580910064873,362.977150325871,279.0136411616246,361.3331471834902,280.5922226446321,352.15379981317574,351.0092841421107
2022-06-01,282.2177515903088,302.6168275934627,418.2184982826281,225.80349518883014,219.98914190101058,278.5344434162389,281.8230832663805,222.5831520342506,281.9750464697401,253.20372846938147,283.769235532597,358.3210639678139,276.14016950264664,356.9001877982246,277.8320951530979,347.75863202672184,346.81289084680344
2022-06-02,292.21992718952146,314.3689744934044,431.8828356089783,235.05982708789168,229.2791344802665,288.23583754742094,292.6831221515143,225.27234667743934,292.567422180175,262.7199240917823,293.77054339430623,371.0975915249544,285.9589673744428,369.5555492660543,287.65723174580336,360.1944324332517,359.1475735400784
2022-06-03,287.0563745703303,308.059181958332,425.92261546999356,232.04735187865188,225.3516174036669,281.8276791173362,288.491443287028,221.99511024189468,287.3146878966379,257.43090170076476,288.62010987406495,364.3712673105778,281.3509751953661,362.91265908040316,283.0428086334627,354.2109200509689,353.2132421187784
2022-06-06,285.97560775158433,307.87547745996653,424.82755661535344,228.43377552899776,225.85136373041084,282.54904613494955,286.1354839821657,218.39170050279,286.5585788353565,257.34008869018623,287.47646953452397,363.805427864463,280.15022180864884,362.24930948190126,281.78657314738535,353.45947022685976,352.3778346844437
2022-06-07,287.87736268663144,310.9055793458884,433.371719727597,229.64445206991982,227.4750450261644,284.55360423773107,286.14273336401044,216.92943651027167,288.81187547523234,259.1550624443141,289.433229641361,366.0862706072806,282.19380221235923,364.5802529554684,283.87754047437755,355.8996772699322,354.85836408958795
2022-06-08,289.9898174483274,312.3213400378133,437.66852608069115,232.1279424409619,227.74770041163225,288.4883044137963,286.47651632651474,214.2071621109261,291.45333757105567,261.87489105060405,291.6383438052505,368.4400343776548,284.6025621170254,367.03547284552633,286.3642126996754,358.6102821181489,357.64961074925117
2022-06-09,285.2756110288974,307.28642924879716,429.7486116816046,226.64916549177843,223.07698485582975,285.643349207477,281.8316357105403,212.75906364407464,286.46373090973924,257.8019310419373,287.12288418922805,362.7324160380624,280.11918147289686,361.61175037778094,282.06048604983386,353.2179420053907,352.51166853213766
2022-06-10,279.4209098009183,299.89182484633335,418.5576437622332,220.49514307536123,216.9182084567217,282.5703145999053,275.60291170141824,208.31508937049122,280.59413547755753,253.8018454686477,281.6323710116938,355.10529352292315,274.49516094941475,354.50213963534225,276.7724713457977,345.9491064842553,345.71520213990806
2022-06-13,273.0582620211002,293.8099798815914,406.0663820849566,213.41363998111404,213.03292326332658,278.414139066824,268.45785743241396,201.36612553683557,274.47483430944055,249.05845377811514,275.3588558791012,344.3018292337305,268.7038864473179,343.990191841646,271.0471519162951,336.082512065413,336.08744261623184
2022-06-14,278.8909979387037,299.90244051999883,416.7069503763672,217.26547777535697,216.1334282464204,288.362903636125,271.88526879891634,198.8241189470051,281.1858212744826,256.00969978713715,281.2009863702606,351.5434571888243,274.2599853613581,351.18185957175564,276.6212068613929,342.9346691753939,342.9068846834343
2022-06-15,283.6533356904486,304.94247158554293,419.3102445352254,222.85276088163525,221.59517515059926,291.1774909586389,276.26633368247684,202.47113230549178,285.9549596872207,260.1759191652424,285.96351202406186,357.54562339781614,278.5730821981333,357.1307405349197,280.9486638150816,348.3448320759206,348.28879253493307
2022-06-16,272.717192130484,292.61762571644476,396.1463392983894,212.19712923585016,212.8038322098257,279.59737147218516,269.8459389964012,202.47113230549178,273.92781593363003,249.7952764490456,275.36298939984476,342.76189294989024,268.21520823891,342.91251269787614,270.88882154291565,334.4387451497849,334.88149605569987
2022-06-17,271.7409591176266,292.3528600106724,390.83315783098436,212.97136311360347,212.58021338926082,280.15908328594594,266.78756642156793,197.8921349488883,273.4212914349059,249.94502899818954,274.3265751572728,341.64497640521665,266.7651780563252,341.7301496016174,269.39540030673135,332.75744105311065,333.1588178384879
2022-06-20,271.57500453232836,292.3528600106724,390.83315783098436,212.97136311360347,212.58021338926082,280.15908328594594,266.78756642156793,196.4418814149702,273.4212914349059,249.94502899818954,274.1657428593456,341.8020724738146,266.60877885741724,341.88124117195906,269.2435337233692,332.904565456299,333.30066408054154
2022-06-21,283.2879862251561,306.03715172402184,414.9479511992641,221.7723152252506,222.01203316728706,292.02193496618696,280.3025441436263,196.85483928708584,286.23370575499246,260.28464302261864,285.7684390399317,356.12161912362296,278.0258610938868,355.95413906951666,280.56696717799616,346.76907715627874,346.95005701060427
2022-06-22,276.7107317821286,300.1563632891948,403.8811677296678,216.30623326199915,217.5763297692536,283.6169127783917,273.67170099490704,195.95901584804568,279.10232356425865,253.5669391766346,279.3020613617408,347.51572806245605,271.27668321041807,347.56704641296744,273.926556718595,338.049134317218,338.43973098474186
2022-06-23,279.4880902660025,305.1251878289706,407.7744500940663,215.03746773641822,218.63528967975054,288.6590855642188,279.7569320551672,194.66488883783376,282.32592058571464,257.0731702389966,282.0782766534344,351.83114517534733,273.78212474850375,351.81878424156906,276.4393083773984,341.95557879594213,342.30118682555235
2022-06-24,288.3493456162383,316.9888789204615,422.12037636371747,221.32712479287963,227.0815401088178,297.66320338699035,288.2468413116305,195.29198054200054,292.00821816592327,266.16159865797687,290.74901617260423,362.7583024302691,282.52912128666514,362.4273507044421,285.01169849366977,352.6645802793998,352.71959644700405
2022-06-27,289.0908282677982,316.4197551503013,424.9544367357144,222.7921709277214,226.38198483732057,297.9491179842893,288.163873137579,197.52513832413052,292.52381736196816,266.1049159435658,291.4613121698833,363.3239086616296,283.4648970516826,362.96417293673005,285.91425115212786,353.4793394969884,353.4981785650055
2022-06-28,286.28480389445303,312.53476523885763,421.1997785301803,219.41466604350558,224.49878687291994,296.15278366728853,286.69183817336784,196.08403338257125,289.6203666086731,264.2589063304233,288.71601296719655,359.60715069854723,281.05810954421713,359.3586685759449,283.5522787608765,350.2836297412491,350.38761729806873
2022-06-29,285.84149336093606,313.0786839048672,418.70421418547545,218.5184199481623,223.69081512738865,296.7867524529535,287.21748277919966,193.8607433510598,289.42965205741655,264.5548636427519,288.343637351213,359.0284519253612,280.4680597600584,358.87061043771035,283.0335426421063,349.53520672593254,349.73054508923866
2022-06-30,279.3203189877221,305.8192440271251,406.17812511214134,212.89624057814484,218.16996830663604,291.23995388146227,279.79811783248437,191.62501568348767,282.52978630713585,258.8870400960964,281.77187763435427,350.70716289373524,273.79694345824055,350.5657709574612,276.31811593983053,341.11224824806925,341.32680453552376
2022-07-01,283.09044779408697,311.6126127503582,416.1634946467687,216.91633603276776,220.9499124325965,293.5323517842282,282.38638750678524,193.12064666820953,286.4894446560673,261.7663636445101,285.5681475262317,355.0735773431221,277.67738268093086,354.9362318027511,280.2205591372312,345.5943959099156,345.8084994350081
2022-07-04,282.9286076428319,311.6126127503582,416.1634946467687,216.91633603276776,220.9499124325965,293.5323517842282,282.38638750678524,191.79578354078913,286.4894446560673,261.7663636445101,285.4114211624584,355.81199552075583,277.5249869502912,355.64597464032425,280.0726827099818,346.28545848742897,346.4743793744764
2022-07-05,283.35150412011745,312.7831835306405,419.3001699535455,216.38398231301758,216.34010604176893,295.9942112834019,284.68727479576637,191.26681124583905,287.0284231986116,261.6755476501455,285.74116400201694,356.28641873934475,277.1343579499516,356.00632463974097,279.6183339394901,345.7829735904253,345.90054336310436
2022-07-06,285.8399585348857,316.3354958399162,422.7488642934822,217.32986706641873,218.7566213018388,297.7191764360211,291.1637626922453,193.38161043398964,289.48981725868015,263.6215831064178,288.08927833330574,359.6979238068346,279.42293326770755,359.2110232068727,281.78126186152804,348.9090666501016,348.8435629656652
2022-07-07,293.50451246692796,323.95949079584693,436.3963603981978,223.16173628821016,224.14124450658414,305.5303947903052,297.9558611841099,197.55004730586333,297.39063218074125,270.6700929631714,295.6031840580182,369.8402882016706,287.1449669646876,369.0676289673052,289.36115994713896,359.00426850979454,358.6729570755255
2022-07-08,288.70569014261645,318.74994911780533,429.1779986266721,218.17645611876424,220.8807329275209,300.6304999457155,292.2497433267335,197.1263297397335,292.144226136217,266.3566237442392,290.77277549010785,363.8533916752471,282.7415440828098,363.0942103955837,284.9150232793916,353.5408784438485,353.202636502459
2022-07-11,278.5018606999103,308.94271220403664,416.44239633996375,209.43414603148415,213.06692535839397,289.084915242986,280.9805166204269,192.09813305246286,281.557640482648,256.67558578505117,280.66214422473325,350.1179037931599,272.9259056034217,349.6206140558903,275.1736959566915,340.4407017107993,340.32436584689185
2022-07-12,283.3161946524151,314.8273241891979,420.80422427432234,211.3110107877786,217.6084932044886,295.68675522671265,288.3218381781528,192.73207090041598,286.78279803259056,262.04036798841,285.540298212498,355.7924287731649,276.93702369199207,355.33330233349415,279.2702188097369,345.12474611711485,345.0810021401454
2022-07-13,286.03447124191666,317.3614491182898,424.1814149188943,215.52580419568494,219.93321431846496,298.8746502611938,293.08289243291546,191.10646252014115,290.0043732034219,264.5418375327342,288.35157344396754,359.8878068167085,279.668427713802,359.48295408601865,282.08914222003546,349.16097045950795,349.1700561265193
2022-07-14,280.374153552489,311.6299478221413,418.1339448231885,208.51913551559304,214.0403927532692,294.25095198382763,288.9043747308302,189.22948531317422,284.00271703443485,259.3929155361061,282.6162442539686,353.18286465081684,274.2100973844431,352.73458647389793,276.5531895501903,342.73156857723046,342.69001106656043
2022-07-15,286.30288270519355,318.5968874066998,428.11512248101815,218.4487277587982,220.1641060087796,297.4668734455075,294.3053436869193,189.55147109674857,290.5101940327557,263.6347674944034,288.3973930624743,360.6201044452626,279.9762439818106,359.9295717442191,282.1863886000814,349.91114268178137,349.6522986204088
2022-07-18,286.88486325915653,318.0376229507635,427.9908838713401,220.84557218340294,221.17886537157173,298.10937152766735,293.48149169995236,188.76782541569023,291.2635963598566,264.7000794300779,288.94402228810134,362.4292123703083,280.9615267780866,361.64637585984707,283.1260513585009,352.1264804964111,351.7658684097152
2022-07-19,294.3909719829802,327.7834560376847,442.7996603947774,225.1572299297775,230.3768747252386,304.2461489532654,300.77992844354117,191.9339792762668,299.1329425060518,271.5913895178059,296.2863778766777,372.1896628723896,288.2564022087622,371.1131716154179,290.2742612117396,361.53130049660217,360.908643153487
2022-07-20,293.12819676141174,326.5292465345367,445.558563794212,224.60237264817118,226.6938511690973,301.33677809142824,299.6275810789649,194.7042551216286,297.340677210815,269.1664577333787,294.90370344798265,370.4921946415001,286.9588309472197,369.2898739758409,288.8646840844068,359.81251882210444,359.07297195792063
2022-07-21,298.3037491686669,333.4904297492975,451.31049160066647,226.9068209465298,230.70566946908247,307.9667420811543,306.26714835917426,195.32084631865024,302.9822706980856,275.0510219369613,300.1949651922861,376.88511537340224,291.62265950949273,375.7693213726984,293.65453754430007,365.5410767201997,364.9079418210179
2022-07-22,297.4598941182014,332.8923268455018,448.2900956279428,226.00242751426077,230.85729432719168,306.9610395399549,306.5909541855528,193.53234048506403,302.2994758940083,274.61273475691405,299.47043322254495,375.64356823456853,290.74046759166043,374.68823330409276,292.8856818187678,364.27445733017845,363.7924376524041
2022-07-25,299.5666570768828,334.4989465431385,453.01142854988893,229.83547566990313,232.90704119573542,308.0416335959176,308.2002457085284,194.6723362245342,304.4732747398991,276.28189286933747,301.47140088352444,377.2996404072623,292.97860050410765,376.2342195825151,295.020514387992,366.13346895464207,365.5406409622983
2022-07-26,289.3824959854788,321.84065643534194,435.47151033243006,222.57420230271939,222.75401430993594,297.7921806384568,296.0122710454195,192.8059663416733,293.4466785278866,266.1936377066617,291.310493491885,364.51647336257906,282.95866328151357,363.59108539585304,285.0158694335981,353.65519879825115,353.1825314691061
2022-07-27,296.21079356261316,329.130328819971,448.1326939959181,228.65995892923695,228.50596617664473,302.70670120933903,304.24238283524284,198.29159809948928,300.2413457486588,271.49215515305525,298.01438750007577,373.9160688751386,289.7628403029105,372.7322914530808,291.70474495119703,362.8981011225621,362.1891413023656
2022-07-28,293.4014242315302,325.3058887291664,443.2518909416695,229.32175991283646,224.6197532141097,297.7045564617524,301.3354116890417,200.99952261431895,296.76213332542613,267.4530735595136,295.20468964965363,370.79596891416435,286.78459091629895,369.6259036634591,288.73123357710534,359.5770137747969,358.88895777565637
2022-07-29,292.5611224022766,325.66671099116684,449.28164217552717,228.92373678090067,225.94421365206924,293.4424961643351,301.3896800140116,200.56548419963377,295.8931974523464,265.77843720525925,294.29004777511636,369.5817694646333,285.9994179342549,368.33808924670325,287.87427375440046,358.4488462802402,357.688715118542
2022-08-01,290.92281918699865,324.3333295487054,444.66529343222635,226.5659035515768,225.28369807354414,291.38408964168406,301.8739377891845,200.91900633104999,294.03818854175074,264.05354409788504,292.7484254987974,367.2582456727291,284.00949397413666,366.16012248382907,285.98638219632176,355.73676065056685,355.12813015253676
2022-08-02,288.9153470369733,321.7536541963959,443.9943622779543,223.76570531129937,222.766076705049,289.9015078431869,299.2864362007599,202.2193685615387,291.6517641691625,261.90828063947794,290.76843516489913,364.64947275760204,282.2775047976207,363.6102106514188,284.27116306058633,353.48693814239516,352.9195992740538
2022-08-03,296.5773000603415,331.03799660772194,454.15587087103245,230.47812916494817,229.84624727003057,296.78252944867825,308.26524574281547,204.88050113458667,299.7405127436079,268.6905044647495,298.4101824839889,374.1116437948318,289.30473137471074,372.9700136375166,291.30059609590126,362.1149063715487,361.4833827495805
2022-08-04,298.9688228730422,332.2492518025033,449.57271731161404,234.94817445373548,231.71949805437077,298.33607680310763,309.46636107020083,212.6390536489456,301.34538424666573,270.6007044809989,300.92915677572904,376.8805718013083,291.24019922097807,375.87540125956644,293.37056381538537,364.32597146122794,363.8431790902777
2022-08-05,294.6506067264511,326.3903469725581,444.9511978911701,230.94930565098633,226.602898627383,294.31327681833494,302.29753711327214,212.86795104187354,296.5676664248299,265.97039107039717,296.45980362895074,371.8830485986149,287.04558843721037,370.7265867528126,289.02967408037,359.492746186962,358.86299069368397
2022-08-08,294.20170950960835,324.0091234169491,441.099381489425,234.47888613944215,225.13278203352596,291.6218968668344,301.5293602496329,216.68901836823338,295.5908186322382,264.2417005054746,296.01994480392966,371.535692814716,286.8414400999582,370.38608855395273,288.82614167243264,359.4295927301566,358.7952535629717
2022-08-09,289.9799830470139,318.85467663462697,436.77497538113465,229.9407654265546,221.60570185817514,287.2146736111935,297.3727531268076,214.91889229024505,291.1830690165541,260.3371658742623,291.8529333410036,365.8622205173201,282.7550047185889,364.8405027438972,284.7860925488869,353.98946246845935,353.46585246579957
2022-08-10,296.4327088406372,326.82506479623237,446.13258505968673,235.5858606688476,226.91644440776633,291.7766295200158,305.5778864585968,220.26400983927795,297.5932625813866,265.76303085623863,298.0892278766638,374.2129963962893,288.95970553752466,372.8496754689102,290.7965709062022,361.9564148939629,361.1282543887363
2022-08-11,295.4364192146119,325.07621252873145,447.7669596144546,236.17968184575284,224.93223828489275,290.74332651737194,303.28227227508796,217.88012418483032,296.79494685652014,264.711941966769,297.0263575712715,372.9241008902019,288.2627405983067,371.493290855948,290.0273306513491,361.0411629008643,360.13552345602034
2022-08-12,303.0746808486362,333.0237954369174,459.97657317695644,245.1961790828951,229.5651623380857,297.29846576789794,309.8389230771803,223.91189778444001,304.4189630721214,270.537152462043,304.6568388079502,382.6461525207009,295.3617625996062,381.1161691076603,297.1375998894641,370.02438910847076,369.0543072360463
2022-08-15,297.5258482694334,326.9473372548394,451.552830712809,241.43340279392982,223.5730905836207,291.62417559180136,302.0427412774775,225.99967424391082,298.08080269767385,264.6002999462252,298.9538398590414,375.51295622114344,289.65673261330573,373.8657830896051,291.2923635685938,362.7729690136443,361.69908302165965
2022-08-16,298.80794772741257,328.5919905086928,452.98319342064957,240.68351981336752,225.84485591751724,292.81998566285176,303.5799292349052,226.20587284400054,299.4573414368278,265.8813847575198,300.2183254528426,376.96914778070936,290.6404677882361,375.2932096059064,292.2696148919266,363.86730431519476,362.780869443757
2022-08-17,298.88733765097595,328.95036751996713,455.5358485704887,239.59992689238868,224.98875275099408,294.210848750799,303.388691140144,225.6511563933974,299.6108957904932,266.6659521711999,300.32525427458035,376.8531673642458,290.9532457706938,375.21867183454117,292.6004632525723,364.0469432439077,362.9873019081135
2022-08-18,298.85713806303085,330.0566093100033,462.50586174158775,236.4928469304835,224.93605701847548,293.87934424264466,304.96618086584306,224.94912902503756,299.6626096529893,266.60707239466353,300.3188964655668,376.80482697734504,291.3281536697104,375.1997503124132,292.9843266486475,364.4870462313545,363.4353571845813
2022-08-19,293.91164130462835,325.53519385732835,457.56662504231474,231.24185613333506,221.38976445906303,290.21333923176724,298.8664631381857,219.53188600174488,294.9090269585969,263.0063848142624,295.4646742483365,369.30786114428355,286.681031341604,367.92174030838186,288.41237523117326,357.49115641709966,356.62464658572253
2022-08-22,290.69128995455293,319.8265076823565,450.2092215499698,231.14294683406524,215.88933531756328,287.5518804065702,297.98826710851796,217.729181870112,291.6041464889384,259.8379940695721,292.2815401291448,365.7962592026397,283.76468242490967,364.4677601978087,285.52061920942,354.3415185767436,353.51490257893306
2022-08-23,292.10491470333295,319.2108108828822,454.050622010236,235.65912510052124,215.64396622654849,287.5464232712944,296.83792694044854,222.43189875787647,292.5785492580294,260.1347406344257,293.69975808507854,367.5572601658203,285.3884132261468,366.2192848128925,287.1420135785689,356.3407557565397,355.49575778254564
2022-08-24,290.08432835823385,316.70107350695037,452.1735195141792,234.8626101941378,213.54135566167076,284.48324392029934,292.8506481972536,224.4363431892176,290.1310108616868,257.8722752518053,291.6638478611992,364.87651030883666,283.55474641653143,363.5484450229573,285.28760952071644,353.91560148489947,353.07007472205635
2022-08-25,295.12730087615927,321.44708396275126,458.71863707073584,240.93889796876854,216.15173970546184,290.0340721229659,296.7945447437359,226.00206472791973,295.4493186443831,262.27701592941673,296.5823279752711,371.1254847272379,288.0775845296509,369.5961679706334,289.7109093548754,359.49237231692473,358.48448242639347
2022-08-26,288.48789571688707,312.1478014413779,445.36579230066627,237.47565866561055,209.1176927409152,284.8029283352439,289.6930753165696,222.71948008138165,288.5885443317673,256.6308672777954,290.0296932296154,362.18500702504787,281.7549683890797,360.8583785692434,283.45857201467834,351.043986961426,350.20686202310236
2022-08-29,285.6176147307233,307.87679091371075,441.1354505037952,236.28389907732804,207.9423485780041,280.08839915605853,287.4910110454143,223.0183655217929,285.42102896236696,253.38007254530086,287.1616908640332,358.6215193619461,279.3800540856788,357.32748736016805,281.0692794385793,348.10181851977086,347.271067450053
2022-08-30,280.87950075825444,302.8061212205694,429.88140491661613,231.7215609561341,205.5430438507596,276.6189799817421,284.4257510007866,220.03390185184531,280.60296635624127,249.0534738038532,282.4132827804522,352.45856131217374,274.39877666007015,351.2132909378089,276.0857151932484,341.71233142836417,340.9367009383529
2022-08-31,283.9992824930247,306.57293459033883,434.6898326268833,231.4177344831415,207.6297390465303,283.355467591249,288.03007134386854,218.88086640522656,284.1366896138772,253.3644513215723,285.5485129712494,356.66590568144153,277.1817319170825,355.3926609460633,278.8945360336022,345.46336055014325,344.6790832584548
2022-09-01,285.2081690865799,308.1420470324004,436.68314139944374,233.9506282048626,206.85012644014012,283.938417869596,289.22797312021316,220.89645304453308,285.2182492826736,253.73929614020852,286.74715746830327,358.34565052010123,278.1124589021032,357.04006952444587,279.8248439908391,346.7857576615227,345.98513403969577
2022-09-02,288.24123449164773,309.20442454837126,440.6976832533914,245.8267461451906,207.98884991985918,283.3977709427068,294.4144419229085,222.07928776454438,288.3883231426857,254.82382118247403,289.9066788816594,362.05310230942524,281.1538953886467,360.8697807306757,282.9850628804166,350.47796967072753,349.7916561725425
2022-09-05,288.4877152907899,309.20442454837126,440.6976832533914,245.8267461451906,207.98884991985918,283.3977709427068,294.4144419229085,224.35814063239255,288.3883231426857,254.82382118247403,290.14466763719906,362.0458915651353,281.38469885249515,360.86286998361044,283.2084347042627,350.4712579294578,349.7852056705783
2022-09-06,281.616059928106,302.61345082522394,430.50351554264006,238.36946166389404,205.60285120746045,275.786957833814,284.9031983336436,218.5656006618228,281.5714353397772,248.5589082354736,283.2517676375194,353.00907071468987,274.76299789306944,351.8932053110734,276.55779363713214,341.83544715593575,341.19727735248733
2022-09-07,288.7383189494345,311.99784943313387,442.1762531101859,245.31684315544894,212.6627346628149,282.5605210020842,291.7899147129704,218.5656006618228,289.3399412694814,255.16671956320306,290.4512524168058,362.1808560426748,281.03758859691357,361.0694792953156,282.9331405785583,349.9011392314445,349.3093302085808
2022-09-08,289.06329919349065,313.0978405112518,444.5014085170191,247.56459200834158,211.3377121066885,282.026546742642,293.40350265631525,219.2548825621888,289.6122511207758,254.82487184974704,290.69424846241674,362.6004799408638,281.418304136181,361.38705423355503,283.23533396801565,350.38318997259955,349.6938622513985
2022-09-09,293.3476993828606,317.6688247415016,450.8468870804852,249.266494877186,215.78448524215835,284.67242991327305,299.95863560893366,224.66715287991664,293.6451064487954,258.34170309696435,294.8175059283834,369.1969155372117,285.8453407567141,367.69304737509316,287.50743042835,357.01836307358866,356.0562677381239
2022-09-12,293.4491834250613,317.4396795500422,451.13448616738225,249.3784352865172,217.87260037620908,283.46855429608536,298.2191168953643,225.24532146392121,293.6872304130065,258.39224321321274,294.82286058485477,369.80425839431507,285.9949371025883,368.1636545314411,287.56531795989974,357.6487310225296,356.5581491077886
2022-09-13,280.42671061328474,302.25923841499866,427.99297321415014,238.64949138929651,207.59966286606297,271.77951946883707,282.75000561490543,220.38686413520287,280.0452561825224,247.24667205871066,281.98651258951656,352.53694943179556,273.63392009165176,351.30242596106683,275.35537309168336,341.3784537081285,340.628899196115
2022-09-14,287.1045288058246,309.360789965369,442.0287669488917,245.68688435597724,212.01241384723915,279.2568483271833,287.7890518095302,220.35573344618751,287.3238355335579,253.38972169276715,288.6052829954101,360.82759142587133,280.2111017959345,359.452807204877,281.8812500361976,349.4838862198292,348.609827125401
2022-09-15,282.29173346895215,304.63881105899816,431.83851892882564,239.3197706677223,208.7552330894235,275.1034556716713,284.47493867596734,218.36031285773294,282.30603439647825,249.54405018802436,283.68605783580705,354.56258458794156,275.1879070176054,353.122630936124,276.7644010637571,343.032998361194,342.1060612906298
2022-09-16,284.36977588830257,307.1013465101181,433.68353942789264,240.9827397274958,210.511360892659,278.6625604317653,288.3642094927937,217.21755515460836,284.7074144763465,251.45278284601406,285.9381273670671,357.3495528054645,277.3328920590026,356.087510174891,279.07068447279374,345.8656735636387,345.1025825039528
2022-09-19,286.78580146910576,309.05938096463814,436.3983752511795,245.72922412791192,211.8224078322643,279.6155361920659,289.2226948758963,223.2096246132763,286.6322249015286,252.5305207113374,288.2891483755456,360.11141131603574,279.62843589109826,358.756329698829,281.3094536426087,348.4762004673012,347.63193598154703
2022-09-20,279.67893527958705,300.0989956989095,425.9834251354015,236.6910878458515,204.58866402756462,273.48937805609927,280.9288577516694,223.55103048639648,278.8435760481696,246.0600616793998,281.1907299467846,350.8512878002266,272.6756100990612,349.59861850723996,274.35861337195354,339.49983139221484,338.74093164773626
2022-09-21,274.58785282465345,293.90997313399276,416.5011755572934,233.96848204356863,200.62916074823153,268.04869206912787,274.4503355620695,222.0168145975719,273.48022797007786,241.11513466975794,276.2648474742374,344.3866520218266,267.7639375002873,343.3904412369665,269.5954204794062,333.3094199438997,332.7797074697137
2022-09-22,274.9385058173971,293.60071970423564,415.45502043770927,232.0876529932256,201.21122492783607,267.5935325879549,277.00323988330354,226.41375490053264,273.36883824868255,241.34562138210674,276.6592255792429,345.53319942390834,268.19788174949923,344.5562669325776,270.0677889141347,334.5029022673536,333.9892795219662
2022-09-23,263.8036511198727,283.0754994351363,397.06918265720515,220.17227111288454,190.28564014978647,258.9738535836994,263.76156390013136,222.2657801364432,261.74636541793467,231.91617855803517,265.5961981922359,331.8706517266588,257.09487236957705,331.0891065195395,259.0295382092434,320.9749647758719,320.6395881932212
2022-09-26,266.1728191057578,287.1397157297651,402.94334547936865,219.34295730280877,192.627635456991,263.21468416976444,268.04838712068755,216.1203325641696,264.9686702331003,234.8730811272921,268.05660730230005,335.05074965793693,259.25639611873885,334.3441244161066,261.28350544040603,323.86629107493803,323.6115668810687
2022-09-27,271.52188154156653,293.02296607113635,414.1957784458392,227.06255230007392,195.7632407179238,268.1665498877558,271.55071134338715,214.05957215366888,271.0072979346246,239.8413264170641,273.51685742653825,341.7673855736009,264.7207591010453,341.1351791566392,266.8494655809865,330.66478361992245,330.47595054154965
2022-09-28,275.9182945937538,298.6195967025268,424.88286566525744,232.92639589092974,200.66622572159534,268.89691710483277,277.6066747841797,215.39481504880183,275.6406166520966,243.11201926204032,277.97242758782903,347.2768799704406,269.2579100308977,346.66762127904616,271.43856781751896,336.29750142039796,336.12518007216755
2022-09-29,271.18912663931116,293.42078628664467,417.53860761364496,229.68844872217474,198.11964749031944,263.1921339836142,274.18137178833945,212.3868067004766,270.8366569224941,238.83705201420577,273.38840951119965,341.65721781340903,264.7619729236971,341.26132701259723,267.07094635785114,330.98612196326116,331.0016989511509
2022-09-30,270.89406842697645,292.0177786325527,413.60075375772743,229.99106038572216,198.66049361822692,262.75539667248904,269.8083568779567,218.15407655220946,269.846607256018,238.696374277743,273.1483327649617,341.25726839461373,264.2914862928194,340.93178902114767,266.6573268346257,330.3804371858694,330.46940083953416
2022-10-03,278.9530503438706,299.90887744090696,429.7025790983488,240.05242563246182,204.19236794746757,267.02436639109123,276.87759149453746,228.95738794953,277.3893929897457,244.19852177219204,281.2524817143599,351.18440012118356,272.2990909506922,350.83182407001175,274.71043010811894,340.173889401396,340.24226606916835
2022-10-04,275.4574509812194,296.2990336146647,424.19596882465527,234.4529964398109,204.37298318538262,262.7302249055804,270.70297310147185,228.90646015609337,273.6029967377591,241.25287018616706,277.5016455926341,346.7959222209322,268.88450559775276,346.17570673738396,271.05304922990905,335.9197003333327,335.7332819469792
2022-10-05,274.8292976373892,294.90813460802536,427.730129087374,232.0528144418756,201.73352070852926,262.99015907795757,270.54336237101484,230.3316214787581,272.76749371129483,240.25443674653837,276.85896325760245,345.9493431125191,268.5761339727831,345.32094600035845,270.72110584363963,335.46788328177644,335.25903080417334
2022-10-06,273.7545097378434,292.1139433818828,429.2745877895956,232.91508374426223,197.81468554741036,262.4065201380006,266.5265974029722,232.413577058096,271.37965482990444,238.51887296620592,275.8485364658076,344.5609831905483,267.76546853043914,344.02317689865737,269.96265115586345,334.4107551213667,334.27419356680764
2022-10-07,269.9840417743582,287.12349411120755,420.72685139866826,229.9643424081674,195.3228149842526,258.72277986827544,264.4213399100553,230.08188006559013,267.5496113147644,235.26658355669903,272.13254059909656,339.7876187736969,264.5874499433647,339.358233114221,266.81717990848875,330.3914313505673,330.3282761685941
2022-10-10,266.6164892191437,283.7177734614045,413.6471389809412,227.788910710415,193.91315116053315,254.42110628923396,259.4506093942614,229.88745681596137,263.9295962053309,232.0015518258297,268.66392865026,335.3817338440078,261.1899758039272,334.8753122751892,263.32483592473164,325.9969063266782,325.8612545134981
2022-10-11,263.06913448237043,280.35477481532763,408.8638597480907,224.75369945293693,190.68652853562293,250.7847877897219,257.3064675232888,226.392985458787,260.46347566248215,228.47195169274985,265.18626785565306,331.0050254239471,257.543698032241,330.61810388839046,259.7467451625431,321.5341021161185,321.51381271963317
2022-10-12,267.4071322559746,285.31048619086647,417.7778893447921,226.57361586315355,194.5632548102346,256.03088598270915,261.88243505165383,226.392985458787,265.1489635690694,232.82113541151654,269.65750281970384,336.5889308160151,261.7097230628982,336.3085268311261,264.0441479203737,326.8564766075544,326.94548029648575
2022-10-13,271.25532997369737,291.43836066004553,430.3538948027024,229.2003823952189,200.6972588189239,257.01156215648217,266.5473713791494,225.0229375843822,269.4574177319188,235.5885444833796,273.30696837501205,341.3958626322536,265.55873286417443,340.83571461228337,267.7066757768672,331.6252289355614,331.4536618607706
2022-10-14,263.9167338384111,283.98025014892517,414.9224075522123,221.3511498941794,196.11004684200412,251.199727654441,258.3738641428459,220.60378481493848,261.98581104908294,230.43145502517802,266.0077499726375,332.30917462407297,258.25584342522865,331.8719708239853,260.4386731443803,322.6508318902549,322.5905479204866
2022-10-17,274.0714613622921,295.1710703481682,430.2256809378663,231.7230607304847,205.1132287314918,260.0508213758475,266.9952789619998,223.8242363037104,272.6349579367166,239.5471360903672,276.00127518660645,345.0110289091574,267.9220824721985,344.27045843164524,269.96961261129246,334.6615080717477,334.3425853667837
2022-10-18,272.85801517949454,294.912054354733,430.2179844832349,229.8227900088905,205.43438771985265,256.5710820876624,266.0607241804305,226.83852705916684,270.98435169210853,238.17507263511973,274.747987044014,343.2636940020687,266.4661735941558,342.497772334737,268.48359290211243,332.65087752605916,332.3183368935552
2022-10-19,268.7109578058305,289.66892493636385,429.83052056500145,226.26170909437153,201.3947818819883,250.7171736519537,263.40845821634866,226.8354182357864,266.4916925919623,233.0791794465457,270.5148217341338,338.02012219550267,262.7088208188263,337.19813363518125,264.6325378005513,327.9215848710082,327.5174245408871
2022-10-20,269.95141672705904,290.1111224868869,430.43546076124767,227.59655498725806,202.31612116626158,253.13175730177724,264.46247695402474,226.55051382100692,267.86417270330645,234.84129768846046,271.75715294142947,339.5330338050959,263.9531453799234,338.7014520598041,265.8786791024729,329.4289650491313,329.01594794343475
2022-10-21,272.7627875193076,293.0243749963155,437.0234613215195,231.1051565844047,204.15563644808472,253.11637346116368,267.0915243497594,232.86072963240719,270.22914157954887,236.23784699365564,274.55746646988143,342.8758196256142,266.5447823638415,342.0076768714944,268.4672216903393,332.49075706678985,332.0540740253624
2022-10-24,266.7599330660338,290.3578860345331,436.597333736033,226.64226403652316,203.53791032968553,242.6255983712408,262.3758414184716,227.33029173820628,264.32485041029355,229.47272631583843,268.6095513042356,335.614479142226,260.77626795056284,334.8669171720807,262.74211477674754,325.55567750288265,325.2197162232992
2022-10-25,277.44506078665313,304.19224102358464,454.30796285922276,239.78529270146774,213.48028464358936,251.41795115610077,274.3896952153152,224.65386356329935,276.15785547254984,239.68970008086404,279.2606977136328,349.4261874257818,271.12741516486716,348.50417205975816,273.0733060279555,338.82647771138284,338.3471379910976
2022-10-26,280.20737221042367,305.77474411926937,452.6484965716536,242.42955730073308,216.55504336963097,255.99416134878692,278.94730669279295,219.58796641783582,279.72342361456884,243.01438700317286,282.0200214470095,353.2596898316715,274.10033527186283,352.28868282966204,276.0371621426853,342.85912632386754,342.32606997299075
2022-10-27,282.66577354036644,307.83030908181684,455.4522975537962,246.50677505454547,217.8277131681646,257.01783832017776,281.9406580689366,224.07638457516882,281.88090242841196,244.55800503943038,284.5234667345027,356.0837376696516,276.649603779849,355.1505280814961,278.62627462431084,345.7840383060308,345.28226172022016
2022-10-28,282.6356931805016,309.31810486314623,460.38468481696333,246.4557910806003,218.49066414713894,254.4170403820751,281.1120729291544,228.0170301304778,281.3975235454338,242.90200276928843,284.28466650827346,356.14462063294593,276.41021343680046,354.95718976877464,278.1969601583499,345.58714744852506,344.85727068676795
2022-10-31,278.97192762763694,304.14127769407094,454.42483038576825,244.04797314727213,213.4719979537302,249.82131294153342,279.6866799539366,231.4170282234626,277.03674653038297,239.23744388608083,280.54702516986896,351.5091358187595,272.6714770425873,350.2748515660467,274.3906820655672,340.9026341844973,340.1312480496716
2022-11-01,276.7571670995679,298.979017591823,444.2678493256014,243.0469510918555,210.9600847215238,249.58493361710822,276.5868452767941,233.43504519118446,274.4177830632061,237.29630859911344,278.2882008252772,348.53141825880425,270.6044977554294,347.2768727921634,272.2772072142448,338.1392693387238,337.34081244097786
2022-11-02,271.24051852036774,291.26288166636823,428.87051950488376,238.01035325159123,205.03336099138022,246.48851585077475,270.18664492211053,233.43504519118446,268.45049153766877,232.82962717295212,272.80761062415684,341.543841203567,265.4912843300971,340.3958756915146,267.184153938603,331.6989175727455,330.979315787313
2022-11-03,270.6868424248638,288.8959337540026,427.266322152512,239.4077397620256,202.81275321390885,247.41082584544617,266.85455232540147,234.83252273855834,267.7065941775718,232.60538735777948,272.23190140334907,340.9092899672595,264.85818113086464,339.7384597802426,266.5328058994264,330.97080139184993,330.2335072998211
2022-11-04,278.7332725704815,295.4847053410318,431.00747529055764,245.533832615651,211.87277283985907,255.66045316386203,277.5933356794654,236.41083329026006,276.22430463224384,240.4774548526891,280.27437184231513,351.1933289480303,272.86688218016207,349.9215581874498,274.5399328610401,341.11227403430735,340.28515479510634
2022-11-07,277.4510043507361,295.04309819557403,433.29138724115063,244.20623336004667,211.54002168466195,255.36487548797905,274.96593282081267,228.4930395651629,275.67907736500695,239.26321308893753,278.91189642851685,349.1823183048067,271.5466776578059,347.8452066237187,273.14527909763757,339.09572109247125,338.2078214116182
2022-11-08,283.67938900284184,302.0314891327841,441.7081256326769,250.69788245584243,216.9071766962188,262.0026802563325,279.9128181395686,230.22232311981327,282.24061292548686,245.19997228378787,285.34934948743415,355.4959651755539,277.2586161296879,354.4044904928088,279.07168561702156,344.8229874468977,344.18763712259516
2022-11-09,277.5731121498812,296.2357956623523,427.2219966648927,243.69427405723093,213.2745619308281,257.64771479710015,272.9962630984043,225.5067103697083,276.1385597188744,240.8819227913728,279.37279031200796,346.08508825016423,271.0908956419848,345.2877848050668,273.0271498093449,335.5215086889996,335.15778542077373
2022-11-10,290.79647551798683,314.93324901712526,452.40668331254074,251.57090944284585,227.99634442102015,271.89181894078695,288.98319934028126,215.19719492653672,291.6371530333011,254.02987109591936,292.58422388280303,363.5257376470995,283.66479319787936,362.53560347741455,285.6122760029147,351.9888581759999,351.48091249984145
2022-11-11,304.80123918865627,329.6740767198552,474.93143557326533,261.9251268763412,239.3181291736094,288.6140701490308,303.97885784986556,217.68180435277156,306.6531388321169,267.1015615973813,306.54405930240097,380.3008137193405,297.46810563170055,379.13697130474145,299.3818701075411,368.4282700272839,367.76980843849566
2022-11-14,299.7816900622315,322.53354954419984,466.622027070774,258.7892100559642,234.8498243600889,283.52465259854125,295.46594941541866,219.53828660998659,300.906245391267,261.7792456694576,301.5807306513349,373.7431500304332,292.2354970700774,372.7116710539538,294.2082671289644,361.6887582121754,361.1615271648425
2022-11-15,306.0288657167639,328.5392741477804,476.3977234573619,262.8049442497247,238.56485096809087,292.43406498064763,303.7576907303313,219.53828660998659,307.7469112351283,268.07023311721355,307.77600217627776,381.60976753500455,298.41725263547676,380.44735030325086,300.3443424319558,369.408033539649,368.7636933803348
2022-11-16,302.2699102292976,326.40708705452937,469.82195071471074,257.7345666496676,239.26553029011117,287.9026591733663,302.52509250357434,212.2130501441762,304.5567071776122,265.3123768042236,304.11968715220905,376.91683028773514,294.7023302528083,375.9164264650766,296.72379093356517,364.80648757349553,364.31022135660834
2022-11-17,304.9544292467212,329.86804313769704,475.2612356768039,254.9238705346709,242.8179679116274,292.0076081863533,306.7434346456741,211.00344969735838,307.6652431232432,268.8455899700933,306.776626093897,380.3372695911484,297.0489183571517,379.2726827820035,299.05567224995895,367.7920798198675,367.2523455700298
2022-11-18,305.8780765994585,331.9430964614624,476.76516480333595,256.4501233303856,244.92215132895714,291.4721062671072,310.67655014998104,209.42047753069244,308.89164626902294,269.416548794465,307.6361740547389,381.5176433713822,297.7746284555974,380.36590313376837,299.7277661586528,368.72531894298015,368.1137300629973
2022-11-21,301.98947325897166,327.30555532870443,468.8470356679443,256.1314088778187,241.1098927818584,285.1792607465224,306.2151538958407,212.68989177912871,304.1693457440282,264.82343036205475,303.7207933090191,375.92074383798325,294.05083948407065,374.8092692232629,295.97301291073404,363.4174170479912,362.8326643691354
2022-11-22,301.2196888193293,327.8280874413333,472.5236120521089,254.68410082595,241.21051459343929,283.75313279537187,305.5538925547965,209.32638207151513,303.76080820652487,263.9616324150234,302.85010563694186,375.2045208897357,293.3542139130359,373.97138858080024,295.17937266238476,362.7789091597869,362.07780859133396
2022-11-23,305.9332517254471,333.20760938812754,476.8706339138692,261.48559372457026,245.5021464471406,288.1184411145659,310.2832522001822,208.53649357078515,309.05045899342053,268.5569439764787,307.5647223222969,381.34438281738545,297.41323763726643,380.05173421827635,299.2612952839009,368.073496490965,367.3492177458372
2022-11-24,306.8354706643972,333.20760938812754,476.8706339138692,261.48559372457026,245.5021464471406,288.1184411145659,310.2832522001822,215.91636115565245,309.05045899342053,268.5569439764787,308.43547137370723,382.41998638429305,298.2552467356901,381.08246265852426,300.07595023567546,369.07173906369025,368.30859682560794
2022-11-25,303.82923752931663,331.53626966678206,471.8594526024818,258.443490427239,244.94660377423293,285.6657486094017,309.78628636477725,209.122039230125,306.63134926342815,266.7125655402405,305.45814250930687,378.638171365868,295.28693662955595,377.36817963546775,297.1330094918912,365.3683259431414,364.6653633229873
2022-11-28,304.74994235588196,332.2403755864356,470.42498865362575,259.8235133515101,245.25530342378846,288.4716146081115,308.1156050496256,207.9213177566953,307.80507173990765,268.67938828540247,306.4518399405865,379.7078314047827,296.32810386444635,378.5180762852796,298.2386773199523,366.5775007809906,365.94367129791374
2022-11-29,306.086923346207,330.28531285878086,467.52084098844637,260.48138913638587,244.62794266913002,291.8475214162884,310.85607652311586,212.18505922658517,308.70439921180537,269.5807091492969,307.7033080173864,381.3955166165901,297.7368037897969,380.0892079037395,299.5652462243632,368.3352718766594,367.5900688856228
2022-11-30,308.3125132025174,332.3949671102286,471.6674959779771,261.5412432959568,245.0330266209395,294.9077800205614,315.1144342310006,214.72775965265427,310.8167746989035,270.80015272178326,309.7842507449951,384.4425215084794,299.92430016176996,382.92951840389924,301.61889361751315,371.29467425696583,370.36009079235225
2022-12-01,303.4367294576315,328.2690099645461,463.4801385630662,258.30738900682223,242.74582393178827,290.2517586912876,312.9281719760984,210.8837787623137,305.9603643712941,267.2363562745206,305.1015043465145,378.17570546886293,295.21062483317746,376.9516357939211,297.0799564809946,365.28419134455265,364.60931373881374
2022-12-02,304.0409216993793,328.1387892583789,461.9474162333999,257.88149488674736,243.63030528351382,290.5545906553498,313.4336295489828,213.28049682722786,306.30884912615824,267.7971223836176,305.6472574510987,379.0128548332154,295.6772230596488,377.709487542173,297.4963832453302,365.94545935133425,365.2034705692151
2022-12-05,300.6588707906293,324.8781803079182,455.0232022124625,251.15347186609858,242.39916977980388,289.5065601264245,309.6956940586804,207.44149969969789,303.3541671903037,265.9622138553959,302.25329494898483,374.96443125345314,292.2368619213475,373.6756403080713,294.0462869064764,361.85028313355707,361.1240942274829
2022-12-06,302.61183371174263,325.66897581387093,450.99161124194313,253.98036528622296,243.81762110632806,292.3025163444286,312.3727816521769,209.19110696753785,305.271175407058,267.9648676617659,304.3152252385242,377.5833729795687,293.76316532256743,376.3957773035075,295.6886784324219,363.9279825161735,363.31679519309546
2022-12-07,299.9623792560946,322.45196810850604,445.85130224089664,253.4163685515876,241.96162421044502,288.3829418592724,310.8044495453721,207.6090711445155,302.565339140264,264.93885889811366,301.7604534325131,374.0667076821581,290.90954905895325,373.028597325905,292.9296546369491,360.21083015774826,359.74666682058705
2022-12-08,299.6749171613593,322.8357640019231,445.54245769095616,252.2323638404816,241.23448316249133,290.52132337743643,310.7576800935833,203.0308167321651,302.8555916963771,265.5927490878305,301.42375185289166,373.977067791899,290.40435206051455,372.8724156414339,292.38536632321666,359.84498965373933,359.32961022823133
2022-12-09,299.24977106372717,323.0951006378544,441.59156676559127,250.86900208327756,241.80120683490983,291.56989297107674,311.6110498742698,201.83750626985432,302.54869416180134,265.94872178791735,301.1031603306763,373.43866313250487,290.0801846361678,372.46321671330395,292.1554193655493,359.43186273498833,359.03161973670603
2022-12-12,300.41153220747054,325.9955640159468,450.34506399410185,252.95593109307276,242.7842820296157,292.32880635384697,311.67295130491937,197.82968101013515,304.37618841783586,266.3897232796165,302.15033218516953,374.925071673216,291.4736600509157,373.7994846975239,293.4348881367969,361.1796457789394,360.62996215894196
2022-12-13,307.7935973471809,334.84633118500693,463.45989685739244,258.3897341342372,250.6688190043922,300.19248861676874,321.91106650647606,194.8310850796282,312.955046832742,273.6248414970161,309.6872195271358,384.5261972761653,298.80858855173653,383.49024857999456,300.91716589899863,370.6199264219312,370.15886260097795
2022-12-14,305.37937965640975,332.1191220217985,457.91405744404096,253.93610798331227,249.162581608395,298.14719182023947,317.9445958424311,196.32396363127077,310.05919041991655,272.15433579714056,307.2589886706593,381.5779209708703,296.765344292532,380.5483142292382,298.84864859891246,368.134140716951,367.6615173497068
2022-12-15,297.72111297773284,322.82178877634504,446.8107818685164,248.42191534098302,241.48267309586555,290.17389946356997,309.38134365228177,196.66284932920257,301.528033402862,264.7916259047358,299.6251083476052,371.96147670672775,289.37319692794443,371.0448074634206,291.4695573516695,358.91801338284756,358.53587783277135
2022-12-16,298.1233804832161,322.0366754462237,444.698040149083,250.3211199033065,240.16235049842138,292.45309528785015,311.26195895408443,194.29489986326692,302.302536121165,265.6951864331406,300.19739250194715,371.9228095267983,289.60427711463734,371.2263827445505,291.8651279631998,358.71007912691806,358.5393242945376
2022-12-19,298.54770646180157,320.17839126106105,440.9005495113077,253.11002066977443,239.7172035911294,291.7590839358436,310.3016367398425,197.9589130660898,302.2536697598386,265.4007527684394,300.5618159968094,372.2306644006762,290.1970788722381,371.4674280342918,292.3967976054406,359.230307158497,358.989437591993
2022-12-20,299.25538782280495,320.27784925620466,441.95996345676224,255.48901871985598,239.77960454485796,291.4811278662401,307.2119322555973,203.3505627760556,302.28688331620987,265.17701438548016,301.4109421152399,373.4573089512912,290.8511174647189,372.84075793156603,293.1849495509319,360.36104176066164,360.26022658826685
2022-12-21,297.7443966024344,318.43377119225846,441.1885655888317,256.5230131816789,238.66920170048246,287.5882612138074,304.0397574838047,204.00007849188998,300.534056206325,262.9022876455884,299.71797982935453,371.3069249326919,289.55396555677686,370.50059664401505,291.71072635483915,358.50009206217385,358.21198745879985
2022-12-22,294.9484202175328,315.03844133962764,432.2285489815705,255.16405146626394,236.2948054492141,285.34655469163044,300.69989095970124,204.1130762221259,297.4401887566342,260.76527705910115,296.87458070323646,367.9752277783985,286.88572546663033,367.13584438351967,288.9936059078435,355.33805609338674,355.01295545480565
2022-12-23,295.6692757732379,314.4492738864093,435.0859829235027,257.09708207091853,235.52437911359667,283.47329565698067,302.71094524603967,209.86635027952457,297.4710513052142,259.52762666420955,297.52815996294515,368.71248875801996,287.755919687155,367.79204655247133,289.7962665693103,356.25734282095766,355.84981550483053
2022-12-26,295.4545968970373,314.4492738864093,435.0859829235027,257.09708207091853,235.52437911359667,283.47329565698067,302.71094524603967,208.03779888421894,297.4710513052142,259.52762666420955,297.3207725351585,368.5596143087144,287.55534384915114,367.6454188425086,289.6020376939098,356.1153136530491,355.7132031280804
2022-12-27,298.9948748395926,317.76014372819014,438.3734841294586,258.6037635680719,238.38242859222422,290.275364600507,305.67551867829195,204.91300372730348,301.76572333488815,264.24045908424915,300.9616612891873,372.7727174849156,291.0139055597807,371.9489019633091,293.1580013613712,360.20911704619215,359.89547934565974
2022-12-28,300.34702570168713,318.3591648628068,437.54072149947973,263.1012899534929,239.3806662844569,289.4741132874721,308.2713972098465,210.35799130643431,302.5255053125762,264.5193898655044,302.38583203314715,374.4559304054737,292.2828784016426,373.7035083940998,294.49727161503387,361.77965694011607,361.53670933250936
2022-12-29,302.7276386159063,322.1546970920048,443.10165777456706,262.01888180570717,241.99817613793329,292.8099379707867,311.0826447363913,208.46369919879785,305.38903518393477,267.61689702153706,304.6958406861981,377.31389451906085,294.44208895510445,376.4568505587722,296.59769300264276,364.3575288918638,364.0275190502067
2022-12-30,301.29945081670206,320.93605253016324,445.0575604845021,262.98311069012357,240.23355364990599,290.0424450267066,309.2028543178424,208.46369919879785,303.81731494282207,265.323476213588,303.4142723356419,375.6198631901736,293.42081791086883,374.9485801612074,295.7006187777579,363.15613471895665,362.98052805481984
2023-01-02,300.552276434607,320.93605253016324,445.0575604845021,262.98311069012357,240.23355364990599,290.0424450267066,309.2028543178424,202.26022015961976,303.81731494282207,265.323476213588,302.6919502869185,374.8059408818611,292.7222867419164,374.16736119959097,295.02373553897894,362.3994857449885,362.25225544855977
2023-01-03,304.1123249927556,326.2062541109187,444.48676432706515,263.77988857843957,246.5342578747824,296.7948111862119,309.55956259012453,196.26031473089844,308.56251498862355,270.9191382194284,306.4097763393969,379.27178422497656,295.7998436343123,378.7819960060278,298.2647104295295,366.2525699933268,366.2667987441806
2023-01-04,315.9260476473072,337.848858660794,456.17503117524876,272.58077930117634,257.6484700237648,310.0492471647977,324.5385248600043,199.6248883922161,321.157910422943,282.9985027265368,318.22519265207444,393.9213543911483,306.4951569153808,393.3117968438145,308.9980484789021,379.45529625546106,379.4110941215161
2023-01-05,312.42790005064995,331.32004638750175,450.8157592102832,273.9401959717841,253.51350494730855,304.83381831326676,318.1432041973158,204.6385870723721,316.54527284762537,278.23172585829496,314.5729823519739,389.5703117337574,303.2195841194935,388.81423883013036,305.57107237457785,375.4042893690203,375.21300850036187
2023-01-06,315.27440944747644,334.4387582682797,454.43900440325064,276.9938262680235,256.2813527940683,306.8712858190427,322.5170841344716,206.4194322076348,319.44105185367874,280.86104194956346,317.37023211185715,392.85232245802615,305.70155688476353,392.01837159838664,308.01890668487437,378.24277772393333,377.9956000132929
2023-01-09,310.1239536543604,327.57095377891983,444.1368596982959,273.3391263191349,252.55843297085144,301.63950749073445,313.49661539505405,207.16326829908982,313.6434702749051,275.8511065253743,312.12319098722236,386.5443038177413,300.8140276204245,385.6454805767014,303.0320163493581,372.29203046248006,371.97153190107736
2023-01-10,313.96040446909024,330.8959576859423,449.98981650835435,276.5055177202779,255.73018095740431,304.4653485169881,317.5372950224712,212.45310048512033,317.1481170369262,278.6701958002883,315.9460975833046,391.4473725357223,304.4576126419245,390.4870224729023,306.66974485779133,376.917368081469,376.54991750509595
2023-01-11,314.0374682196924,330.4755168127607,450.14550243040156,280.664851311636,255.40201668767395,302.01489294296834,315.7735714446075,215.98565135401384,316.75364372229814,277.5155456130026,315.8786934458454,391.8083944933793,304.79406531131076,390.66472985570573,306.863214970886,377.56672590589847,377.01807552832116
2023-01-12,314.1537666559818,331.0719227513707,450.8839162544321,280.9417589958408,257.02252382412007,302.07760488872384,316.28797469943424,211.77269271170195,317.4432950128294,278.04530656532836,316.0393005159704,392.6382209210194,304.90864232449775,391.5177557248422,307.01925547169867,378.3430378952863,377.81793389337565
2023-01-13,312.5551519921673,329.4289660442012,448.260366910329,280.3130518310794,255.76043387125233,300.2994373900033,316.9069780451303,208.65517564772352,316.10591801637287,276.75099668660346,314.5211539495046,391.42255751376155,303.552486148919,390.38283871021474,305.7302712260132,377.3757911324803,376.91628996009155
2023-01-16,312.2410782402372,329.4289660442012,448.260366910329,280.3130518310794,255.76043387125233,300.2994373900033,316.9069780451303,206.13914811948936,316.10591801637287,276.75099668660346,314.2177466157186,391.94787459394973,303.25965989755235,390.8866095786353,305.4466874924382,377.8627770119001,377.384668322262
2023-01-17,314.8582031294671,332.120333168425,451.96923882009446,284.35957921004035,257.7193123658125,302.15936542503533,322.4506476425627,210.51514267254277,318.3862652819904,278.5138330592531,316.7574580283369,395.29708869965805,305.9321076792672,394.1118838283854,308.0455045975107,381.24573267742045,380.65084748550925
2023-01-18,309.7678661877079,326.2595141354626,440.8630957569702,277.04463104244945,254.34386504500802,297.5773095807556,317.53739348117693,210.92379363385825,312.71476031808874,274.4610308123741,311.69095489543497,388.66930561507417,300.84254245423296,387.5783081898521,302.9773383741844,374.6903406008318,374.18085686702005
2023-01-19,314.8267051425522,330.69173582431944,447.5735746084922,280.4924624758323,257.6152939047492,304.8316715003738,323.438732612464,211.8141530223983,318.1659907957733,280.03227728922496,316.9882796405537,395.3281768519282,305.95144025145254,394.4541348846489,308.3084529128258,381.3326742828693,381.02498758114643
2023-01-20,318.74512489793403,334.4446020157051,454.83638493354334,287.715701820443,258.84231364065397,308.39356055563616,328.04654825362616,212.08236440400597,322.4493450522184,282.76292127299314,320.7035219251656,401.20355886274126,309.744087772263,400.00458002187685,311.9157378970501,386.94627740589,386.3458849972371
2023-01-23,322.54417681446574,339.11547601910416,463.18733492343586,292.8777756663003,261.4068957471063,312.6442531126453,330.99175967105896,210.34882964310682,326.881534228877,286.23498765979906,324.4800821402142,406.081121289772,313.35922921043266,404.8089280377392,315.5163304587718,391.5549124988891,390.8963662474519
2023-01-24,322.961536657452,338.8040623725756,462.07449066036696,294.8484074295419,260.50413679996535,312.31888806422495,331.47011199295565,213.8139100240935,326.8534379300325,286.15391997824634,324.9291180478767,406.37329476319906,313.5231489921772,405.14412337129687,315.7180074226419,391.5550619743158,390.94778231940296
2023-01-25,320.3555631961161,335.43951522235955,455.81960965932745,292.9990415533316,258.59798248150724,308.8139290465444,329.491998697339,216.02849764416962,323.6685355723122,283.3210887049611,322.3026824697311,403.35586856351114,310.9830408596796,402.1202952564058,313.15623124385905,388.6256101706402,388.0092597998541
2023-01-26,319.1959577155818,333.3297345039373,459.25548850699477,292.7641049078112,255.83331848929524,307.23687524093435,327.57293724709535,215.9564119161826,322.4002476241492,281.3984466354996,320.90136295638166,401.6877457792682,309.8152686249528,400.18374106028114,311.7626917142772,386.9755377178599,386.1092228882064
2023-01-27,316.77484231322757,332.7200649052077,457.1863496014005,288.5765180958444,254.4121073733071,305.16940888749514,325.5059641998607,212.4158738131876,320.2130304098201,279.9665079640198,318.52290007055626,398.7648444720723,307.28682616244305,397.33369103700295,309.2771917731752,383.9407424016931,383.14683035229143
2023-01-30,315.6003423467533,332.00602805243966,452.64170138302904,287.48342509436276,255.25337407882535,303.5332726039966,326.2782981170928,212.3843409851276,318.92217251148463,278.5307638333968,317.46804434078643,397.3192042231547,306.0512343911795,396.043261059277,308.1550777691149,382.4319683175243,381.78480326856345
2023-01-31,318.0134292430526,335.67311850216373,459.1496895718998,292.1253502061472,257.36026016917276,302.9805470491333,328.0206730570803,215.5000272462085,321.1570114122528,279.8916696778239,319.86370735320065,400.46802630029345,308.5358077187542,399.1396887755398,310.6215438812721,385.63231741164896,384.9342186555286
2023-02-01,318.45675056842333,336.2037371115831,457.1878616547151,292.6712805927475,258.16646796253366,303.56639998871697,328.824037019475,214.3149802712126,321.8059663012302,280.5444599312464,320.34478541174656,401.2714804264587,308.49964697902055,399.9732863836205,310.63604046530105,385.8365596709107,385.1896126010226
2023-02-02,317.27517093057907,336.7532842060601,459.70011991751863,291.6831894915605,257.8417726786795,301.07864659168195,327.5876123185366,210.86262051502135,320.974678651706,278.72022416941564,318.89157276118397,399.6132108596505,307.2111128358964,398.0091780350064,309.09741783937335,384.07529081919694,383.14886280962236
2023-02-03,311.8990271687685,332.666432865025,454.6229910179238,284.4339971382475,254.84080229684264,296.2608842281281,320.9502017853882,206.47546242346948,315.64851068716183,274.46834386272457,313.3752447851187,393.08378001949035,301.8030413388259,391.36132453044286,303.5588496140621,377.54741658233047,376.5119824390066
2023-02-06,314.4956377855864,336.12842118005614,460.72759781469364,286.9668148306166,257.0344863629644,298.43669812292524,324.86406684456244,206.20161121445855,318.5532886052209,276.626459415003,316.1560690534592,396.0672962312914,304.66593145039525,394.5492834095448,306.58497571842196,380.84508407626055,379.98615968358894
2023-02-07,316.5822681481321,339.29042770242984,470.53251243066103,288.4947270121974,258.4462888384748,300.4326811629346,326.27131642091626,203.98982096586863,321.1696104679905,278.2481913392339,318.1713730049557,398.92808327442776,307.0169358921114,397.29137257029777,308.8612531367138,383.9834646295199,383.0032271888812
2023-02-08,319.1229475746692,340.8817992775342,470.36886066652875,290.81841670126147,261.0237975665666,303.7243618589111,329.3772449678362,207.0525671727176,323.5430490547211,280.5421905005166,320.81181461582713,401.9731817320601,309.7028803746704,400.43443672621845,311.6359562522035,387.18728978342676,386.2913381556799
2023-02-09,317.79184263109926,339.2819739293928,465.4037046889569,289.1921483774708,261.5037725296043,304.76480433077603,327.2364597205186,202.47272291217965,322.72141479297085,280.81317919624234,319.40170528697865,399.5494993932351,308.30260820252977,397.96228780952066,310.1639283771847,384.7500524469383,383.80989396745457
2023-02-10,322.13012060718984,344.5119655820324,478.9732222388066,295.1644814522141,263.7719090259258,307.84074132611966,332.59996279978134,202.608686996376,327.50779337830375,284.00762653660405,323.83348392929736,404.9372616610103,312.91664440552853,403.41688765525765,314.8569223813712,390.4270613274715,389.53692139461026
2023-02-13,320.48346334903187,342.9854446706568,476.0561233026147,294.35881139747266,263.33216390324225,304.50847003409024,329.5365015713557,203.8546753007806,325.49835297118636,282.26283499057064,321.9933683779493,402.83303555326756,311.135854586181,401.100573140949,312.89938315521476,388.18208348908144,387.1004967539109
2023-02-14,317.4685459762642,339.5952940794862,472.166682498745,293.0147284498337,261.7994523208295,300.7490576936867,324.83750280829133,202.1785253980863,322.40118974519015,279.01189213798887,318.9589367662453,399.32647413027433,308.1767439114619,397.59189249543783,309.9197813919824,384.75401972896714,383.66781089062283
2023-02-15,318.218250630634,341.3357492652662,474.2318185250934,295.5964863343044,263.26004263381463,299.0655361941907,324.1547366787884,205.35024834914455,322.77196187858794,278.9957969472648,319.6359505594719,401.8441202861287,308.88656415203866,399.9469580316844,310.56310776323284,387.0998992887129,385.8691042893926
2023-02-16,318.9048999190444,340.30164240969555,469.921234698382,300.1127952248861,263.3642191814346,300.82022117852006,324.46206080382296,205.3466712901705,323.5322642012981,279.8849932288746,320.3528054651273,402.3037272405811,309.4869267965069,400.4526546563131,311.1946485683636,387.47802787743825,386.29325249866275
2023-02-17,316.64916549749796,339.85469308322223,462.7399932977569,295.4450506250533,264.2670095283344,298.43312922250334,323.0812222707615,204.10960067547833,321.2129433220544,278.8213911296932,318.212786553652,400.20983030882917,307.12396539956075,398.4910068838085,308.9430220080744,385.22416589224633,384.16893633924565
2023-02-20,316.64916549749796,339.85469308322223,462.7399932977569,295.4450506250533,264.2670095283344,298.43312922250334,323.0812222707615,204.10960067547833,321.2129433220544,278.8213911296932,318.212786553652,400.2214357581611,307.12396539956075,398.50211804359986,308.9430220080744,385.23490713154354,384.1792514215496
2023-02-21,309.452060993511,331.36432647297426,450.855234422659,286.5501217182027,258.84896041063524,292.4036407424575,313.06076209397304,204.10960067547833,313.2483967006802,272.68814872426844,311.1000984659159,391.24009728218084,300.2446945778784,389.6993925610036,302.13106771379745,376.7078323364938,375.8011837718976
2023-02-22,308.1123760344137,330.0464631628355,449.7421403140687,288.3155176673984,257.20624110497846,290.6162023280459,313.1086681243245,200.23517029517723,312.3095488206871,271.2653621754488,309.73665703804454,389.4549747388298,298.6776621216767,387.90477940380447,300.54901005116085,374.67003649604976,373.7647368754979
2023-02-23,309.1235249949705,330.823578574391,452.76603269337807,289.53219430699784,258.2932184660677,291.17596448642513,313.0674779513717,200.5466502373916,313.38348127796456,271.9543345061331,310.66923412101556,390.48083647031297,299.8511458202951,388.8351850875471,301.6440827597645,375.8994378425323,374.8974273385058
2023-02-24,303.18299896525593,325.2466363221656,447.1251270208749,285.8497118059481,252.3282666204905,284.41594269918056,304.60891790981907,198.73208923575243,307.0713744879639,266.15808738454996,304.8124809663613,382.74418474272153,294.4140943446697,381.2766155568928,296.2678780643536,368.85240253180467,367.98944236914684
2023-02-27,308.8455571238429,332.26582337266564,455.40130324781154,290.8436005054931,259.70566056504157,290.34761323892013,309.8769862760673,197.82308257639338,313.4556228038132,272.0252602689662,310.49618493838926,390.0374955631005,299.70583164696177,388.52524285096763,301.59226776302523,375.62621935578943,374.7412873004077
2023-02-28,306.9078213958864,329.902001681727,451.75916646246594,291.0447612836225,257.1561661562247,288.2895172281927,310.08524423600045,194.97233077064445,311.72082000869773,269.7137746061921,308.6631956688278,387.4152972248439,298.0554552222856,386.05840700725776,300.03010284738923,373.384585671313,372.62931046470726
2023-03-01,312.49780065697905,333.3610947665622,456.0931283796737,299.02718603821256,260.61744446823974,295.397595880629,315.5268649880362,195.35150380292166,317.85950101899584,275.37761892038685,314.2179871011354,394.63379014219515,303.5036662601021,393.164633496257,305.4508843797261,380.35909088525506,379.5082142937387
2023-03-02,308.77875984792263,331.0373732580934,454.81087648853605,287.4261121585497,257.8695058609513,293.6965253716027,312.15485850837774,193.07775919762145,314.06908645412045,273.041251486798,310.4825078090084,389.8385037143778,299.9431607093838,388.3958356125733,301.8693121611574,375.80297405627977,374.96788897251355
2023-03-03,314.8247696624184,337.27899693792824,464.3390029027016,299.5110222882902,262.6233059403082,298.50216159373093,316.6812498355526,194.6752359364686,320.5415073117326,277.3236611470383,316.5035092008376,396.48830227819496,305.90575675681447,394.9885008959418,307.81216381757275,382.3577502185378,381.4725264534886
2023-03-06,314.48629564855247,336.42217563012855,464.228080267371,300.97929966541534,262.30862958895966,297.70153822371384,312.78010134575806,196.97650786297746,319.8210900690458,276.3128095841156,316.10038770449,396.11074320684514,305.6880249830231,394.53509387319247,307.53000707449513,382.1254293794108,381.16400623068836
2023-03-07,307.1268955941848,328.2139588749152,453.54891006362357,292.0021572692288,255.13887727899512,290.9832518722775,304.68859464382194,197.08057492824304,311.64110232732503,269.3282786506786,308.67715402461255,386.9361505595579,298.2670933608661,385.3620819722791,300.0503267628702,372.9498033102529,371.99098968462795
2023-03-08,310.9412082601762,331.7239407205935,456.32318941446545,297.42545905825637,258.5307369809372,293.99832507732185,307.885228259397,202.34063570562967,315.1071790299611,272.6875865543484,312.4420622996221,391.31095250284903,301.7778861950032,389.65316711739246,303.52542380744586,376.94980936996745,375.92744012923174
2023-03-09,303.9035819820213,324.1577761784036,444.7888927639173,290.0654810557338,253.95478096247692,286.2897807720247,301.39433601457716,200.2253773786442,307.62637197412903,266.0695639411076,305.66553659541734,381.70301200805375,294.9614545858798,380.46853814240444,296.9446098077531,367.738888707511,367.0953197451784
2023-03-10,301.74475667857894,321.390339516876,440.3177650728782,284.4923170724969,253.05493395116508,285.0177369755113,300.17072600216443,197.36271448171553,305.6422763593216,265.11325128240577,303.891548613679,379.0249749905924,293.1551336855016,378.2734517397392,295.4861247345217,365.50401266481583,365.29226223157093
2023-03-13,303.17829820981416,323.3792613317557,442.61740425206915,281.46088376306415,252.90658122894015,289.04246129505344,302.424094716626,197.03646894747286,307.2722700622205,267.0386766378406,305.6814695282726,383.94809067549215,294.27660512937626,383.4812901340516,296.95068841347705,369.8104967160306,369.8864214229237
2023-03-14,307.37616710786614,329.4563394397626,452.5012553905994,286.8718025589515,258.5256599541665,290.8931719098562,308.96991082943555,196.33278382527385,312.01336402722177,270.15966708826943,309.7440442364866,389.49046072528694,297.83522500742674,388.80322584797204,300.4029221758814,374.5169119636705,374.4187244244319
2023-03-15,300.3720721859024,323.3391643772386,444.7574438174249,275.3953238070363,249.3668884962279,285.79113190567415,301.5128487798787,195.07751686608327,304.43861324387376,264.12765953166956,303.07928858314324,380.75479651077234,290.7821027457344,380.55231013598876,293.66609338059976,365.78977493208106,366.14122597816
2023-03-16,306.87725863745027,330.76830350071333,455.9290567348561,282.4112746932529,254.81777499550637,292.3706319573163,308.2904301481224,196.42386401667983,311.44024571835297,269.89845159719914,309.48692595613494,389.19939432660163,296.91195366067706,388.7962247327797,299.71774379193107,373.6923556140007,373.87741738912234
2023-03-17,300.7825524747429,323.43472494669106,446.13802518057196,273.91642893115164,248.40510438584187,287.32530172295594,305.2997767747001,194.0491868636966,305.03490271180334,264.56422104477053,303.80819156511575,383.06703268967186,290.8499519888785,383.17392143915856,294.0404810123875,367.5454057099471,368.20345568582496
2023-03-20,305.01884802944284,330.3101877305877,455.23040037858385,277.296439631492,255.53238514354058,291.41276919356824,308.4191219313907,190.4934467024044,310.22978207998733,269.5006930064794,308.0326211445838,388.5812456894555,295.11590433159853,388.6190256313013,298.2959365356541,373.0378134098127,373.632842959056
2023-03-21,306.4132943563811,331.9749992168077,460.9371574710805,282.335258292188,258.3635756517172,291.16154838077836,304.7116771934709,190.59767463520822,311.76155360915857,270.39964790031934,309.0555209826754,390.38955416349637,296.59898570652354,389.9588507736749,299.4310001680624,374.9353677203172,375.09353207150684
2023-03-22,306.1194050550745,329.41150101576267,453.4103966921481,282.0264560122452,258.1593597155616,292.6556731603919,305.0517923717872,189.92950338875036,311.53470846839497,270.62999003948363,308.9938536174677,389.5638567568022,296.41137382655256,389.4362185228777,299.4565333479231,374.2767641628847,374.7095422475485
2023-03-23,306.5315335690604,329.73367227349297,453.10203393878356,282.84911130138954,257.54151884426204,295.98292128407587,305.34956667675584,183.41314474130482,312.9639434105166,272.1308099735894,309.5367193153673,390.63831601517774,296.6644058222323,390.6429249043045,299.8360615155085,375.1114415612919,375.675371961365
2023-03-24,309.90643680263355,333.70911157419135,460.5015739248264,286.45902253511775,258.2952649356252,298.5466467532829,307.59862640151493,187.38570539649447,316.1066865277049,274.5485872453761,312.810753353435,394.4790518508744,299.9314539301437,394.3388516613968,303.0132400161131,378.81746406432205,379.25215545535525
2023-03-27,308.4082343678888,332.2301389732878,458.4977816459623,287.5870224616514,258.73267682018917,294.59476258521744,305.6847337384848,188.6162599972691,314.2508700644276,272.3804704073864,311.122409377086,392.293709017366,299.0442909222686,391.95152504267907,301.9310678380367,377.4126667690565,377.6322401266288
2023-03-28,308.29573206163514,329.54992789311177,455.4991039790145,289.2401329816502,256.62936231664474,293.67893431902485,307.1776272586617,191.25868931597478,313.72558668364223,271.7730891145435,311.0005485882548,392.0861982863397,298.90400524861576,391.73653338871486,301.7828306716025,377.17755001438405,377.3911927307041
2023-03-29,309.04567934618035,331.3963921557014,459.66905695373345,291.83969598636475,258.6825131117967,292.75972078121356,306.5858331094884,191.1880408853856,314.56865529641635,271.9928074842935,311.58721822665456,393.52057820587504,299.4531712046967,392.94544228955516,302.1857118333413,378.3237118992875,378.3386808248583
2023-03-30,310.7906633058894,332.5640881811676,459.98435788142604,291.7497934849514,261.3108348109296,293.2557084978303,310.006371871181,195.1669628139417,315.9111424667697,273.50278604800053,313.31530200220936,395.38779364155454,301.2234999669167,394.7856581700572,303.939967108047,380.22852189037974,380.21700008032855
2023-03-31,309.0295186502912,332.6442888230359,461.9931168934495,289.63731911201603,259.6708947144584,291.86388714433565,307.2182856519116,191.8419739104339,314.44751845037905,271.7312902929518,311.44477210610364,393.35802889975815,299.6923799836102,392.63569635129716,302.2995299119259,378.4821704615525,378.3487464859236
2023-04-03,308.6697352759971,332.7169712359512,466.3769983791278,285.87720168706466,260.0459203741791,291.20369908025117,308.0109050618399,190.21517138039664,314.2905540819951,271.60307323284803,311.11153174819736,392.4464682017335,299.97278226999725,391.77880780495263,302.58535362944684,378.3860646696611,378.27293781260204
2023-04-04,308.1646903730703,331.8904348012575,462.2440912045595,283.47277540652954,260.6257442308586,290.7871944419243,307.88896931889286,190.9681053086492,313.6164663507,271.67161451728293,310.8568322880825,392.0459930533813,299.50349528902564,391.6777050018025,302.3490003660556,378.01708749905055,378.1811488867348
2023-04-05,306.4909546989881,330.4258319621574,463.3339510783757,279.92175728827107,259.75373041119883,289.20180741649546,308.2276137698613,188.85298449608138,312.07404781506364,269.92200957319,309.2447378732868,390.0309025317637,297.9547304595961,389.75251335210845,300.8538183038618,376.1644434867852,376.40617968018734
2023-04-06,304.8677232664491,329.1358753379265,459.21163629909233,278.133422389061,259.6882383746512,287.60929880920486,304.49005497358905,188.84729180401243,310.2718479048071,268.95000628932917,307.493359150968,387.85891951727734,296.35505746662875,387.4485440818984,299.13318927903043,374.04733993873947,374.1643561311318
2023-04-07,304.8677232664491,329.1358753379265,459.21163629909233,278.133422389061,259.6882383746512,287.60929880920486,304.49005497358905,188.84729180401243,310.2718479048071,268.95000628932917,307.493359150968,387.87052764642385,296.35505746662875,387.4596939349044,299.13318927903043,374.0581041367764,374.1747248978964
2023-04-10,306.8219404765093,330.8236484686621,462.44667421564213,282.21909314001215,260.8580031358927,289.64649224041943,305.13989595365916,190.39934088874105,312.20969456881505,270.4790018735972,309.345972221584,391.2041839547125,298.14393788633356,390.61376718029493,300.83235634414893,377.107178510181,377.06717623177036
2023-04-11,310.13133726757746,332.50606768002274,463.9547674160885,287.77459957693407,262.00697289779737,291.63597379765565,306.6329727362872,199.07559817915546,314.58997742151035,272.6028460801077,312.6541913974633,395.59652657316917,301.4812522688854,394.95836080795306,304.16848998121407,381.48262853989286,381.3987024555967
2023-04-12,306.82821394024444,328.7731355012245,456.4736734981763,286.54306956043524,260.8645813398138,286.6112882815858,303.9827752906461,200.11709684665436,310.7851442262203,269.22366761023704,309.3664040896645,391.31053605103,298.48073236383266,390.7333382900365,301.17253926626677,377.60832620535376,377.56593524506803
2023-04-13,305.9920645279218,327.47638473188465,454.37492667103686,285.24721531936785,259.42659152027557,285.51516991457123,303.2576701345588,199.98517961922553,309.8798422694005,268.33797373108166,308.50600675446105,390.14705342536547,297.3900118470972,389.5542538650997,300.06652149790756,376.15184537569945,376.1058626506873
2023-04-14,305.2138792044731,326.929400099891,454.9034006213246,287.1045931682268,259.166346501052,284.01010919048673,298.7187563019951,199.45689566716007,309.0945434373736,267.3943489587333,307.5584216621797,389.27020451350376,296.7358055037172,388.47639361642734,299.25001567886477,375.4263496343391,375.18789268731575
2023-04-17,304.3086865227083,326.0976447655497,452.12758890888426,287.90448392518215,256.9047336028816,284.09403590206955,297.80540180128946,198.60989034848185,308.2138312671027,266.89695933692553,306.58322239431675,387.5754302555149,295.64253540779976,386.7292341839533,298.09676244395257,373.5524996390742,373.27215838821786
2023-04-18,306.3637140470548,328.9782380416792,455.69873314535477,288.34108032751993,260.41438733525007,285.855218793671,300.54355578009637,197.41185944279115,310.65346427646404,268.8666139746856,308.6963835313191,390.69097399011014,297.61562479787983,389.87073568290936,300.12712899290335,376.50840357342605,376.2580292011927
2023-04-19,306.5510685095495,331.02537992837455,459.1746358326551,286.5655085172457,262.51286265581035,285.77953678757535,302.83097241211345,192.65475795430413,311.5412513061367,269.38999740069016,308.92931332712743,390.2441739412295,297.6547397155338,389.5048058781067,300.213388490842,375.9294247934181,375.7592122218139
2023-04-20,311.06283680056623,336.2285437696878,464.0541800247087,291.56277315581667,266.58212116650304,290.4754144674143,306.4049561981285,193.81911998600597,316.37213044457474,274.0612726347319,313.5668868094494,395.72187779822946,301.7779800107457,395.09241954452364,304.4669117352572,380.90322777539205,380.8537244009409
2023-04-21,308.2140479470443,334.93617530951536,461.00161115064583,283.512664290196,266.93892224865584,287.3226351125693,303.73940031010125,193.81911998600597,313.2113166428751,271.7823323800397,310.6209167011003,391.61953085133854,299.16985148561974,390.92500767560495,301.76018404234816,377.1610839226161,377.03796232073205
2023-04-24,308.4813864015068,335.33463279807705,463.2107109959099,284.8568095064536,267.70583074296786,286.4883240481317,306.35072121872554,192.73378744405827,313.66713219101393,271.83191869348155,310.91782348904326,392.08892335256246,299.6019057211881,391.42184271057386,302.2149547253529,377.8175205352206,377.71287824714994
2023-04-25,303.0987466562747,329.011605173306,453.64121446994324,281.5363835684984,263.0761341284879,280.59585224105865,301.4603171647101,191.20801477911655,307.9221903138844,266.31238679245814,305.7370276687545,385.92047767611126,294.26761698351936,385.5338442287105,297.06665878514275,371.7194104130282,371.87301585287554
2023-04-26,304.5543476641747,329.8037101214816,453.6680881528353,283.3910261087093,264.64311511273377,283.565868676282,300.85697093341514,190.2928471974056,309.6693694960861,268.3437960811295,307.1276757822607,387.8231199306817,295.27540739646645,387.3385684186551,298.02725497608435,373.05780729035314,373.14109838201296
2023-04-27,307.9482610209358,334.23989843418263,460.4115795939762,285.9597677139909,266.6323180902233,286.9547177235065,303.32587482731157,192.1432477260105,313.16025680821895,271.3293787192759,310.3894707929862,392.51361822623664,298.49184490008764,391.8140556526612,301.12651436130665,377.4661030329417,377.3601950393687
2023-04-28,306.0686661838092,331.13238010153594,458.9986244462095,284.19277766871875,263.61417315199054,284.1083365197305,301.5349573558825,195.49377251950082,310.5786515803937,268.42882439618927,308.40961329259085,389.9355424638839,296.88723890372387,389.14396358649543,299.4196850059792,375.25779289684476,375.05287183052116
2023-05-01,305.7754579748137,331.4154867587182,457.84314760300316,283.7366171218616,263.73666517587566,283.8264906983378,301.1574086816238,195.49377251950082,310.2540748245213,268.39849196261616,308.0947592219852,388.94253181186195,296.470124883553,388.15320481220994,298.9860472859298,374.16380917262967,373.96482590818414
2023-05-02,302.37780714372843,327.885880532307,448.33139673255147,280.9727180550981,260.58335657158307,281.7258117608403,300.1384164915071,191.78623171207914,307.0281644851683,265.8883904636855,305.05086800995673,385.1258687134871,292.68824258147714,384.7846609653506,295.54512932693126,369.88173186380845,370.11618506735476
2023-05-03,305.037499798406,330.64091364554116,447.9965080028617,285.75344479766636,264.0212890688312,284.38977886616266,301.654091120617,192.4943747481036,309.87121038893855,268.6761989010476,307.8547944907046,388.71062674956687,294.76433018795825,388.50508350229893,297.77329823048194,372.71171790473073,373.09928002884845
2023-05-04,302.73331445467426,326.8108100661675,440.86405460491846,282.7150396267749,260.72034130928967,284.0988019992489,300.6019212190138,192.8469155282496,307.26612983114273,267.21040726922695,305.6006560628509,385.6717871737402,292.59942166774005,385.55834734836685,295.6502326293783,369.8767232720567,370.34210618590805
2023-05-05,307.3499549934913,331.48749927416833,449.63172086109336,288.8702399801413,264.2453709323029,286.2809673096924,304.78266802389527,199.1598290208078,311.46346766821813,270.3578313360948,309.854898850284,391.6478670281506,297.3035870575304,391.03635444865137,300.01624985040945,375.8987909382495,375.90189823385873
2023-05-08,306.40929256230555,329.58534689177185,447.25201924950096,290.9842029730577,262.29061499901826,284.49022244754195,303.88701464950304,200.65213389328886,310.211393022241,268.7388327998193,308.8827516377175,389.43000228849536,296.5869494915451,388.832189083154,299.2633969863299,374.04270879859774,374.0451802770742
2023-05-09,308.3077692292804,331.98137540786206,450.7774565494128,295.15483656987,263.28836994034515,286.09449261072155,305.33062255075254,202.43447906865396,312.0576543410148,270.4081905236019,310.94902568940984,391.9032667277191,298.5998451138167,391.4838921965357,301.4296971197285,376.6285673273404,376.79207857909904
2023-05-10,307.6980021454362,330.85132227998525,449.4188605583683,296.5449601755886,261.81879123486607,284.6540863044443,306.4002905952806,204.1715312441948,311.14093518568563,269.09506617582514,310.286057989841,391.06910295520044,297.89220369695255,390.5948108316824,300.6751756234537,375.687110384278,375.8036668482699
2023-05-11,303.8809814996651,326.97138796849316,443.9900979657927,294.4352085044872,257.6705747280329,280.9245601662037,300.33511173754766,206.52332521802856,306.60450695084853,265.5118289236436,306.37825200916916,385.92836564506365,294.0327327552613,385.40040208912285,296.731343212938,370.56028544487145,370.62672425889093
2023-05-12,301.88746389246955,325.23756613605315,442.2895199890386,293.8828747166092,256.15955495364307,277.4134372347064,297.33393708828925,206.76071289974848,304.3782306585977,263.1097370109474,304.3946240449905,383.3443819290089,291.93026769916526,382.85373639411824,294.6407846343931,367.8708151601339,367.9757758290938
2023-05-15,304.47318730989105,327.0439694635032,443.50922839824125,294.6473267711482,257.27445718830654,281.995924239798,299.02244701577274,207.95255239744438,307.0627895146824,266.00270068199194,306.9005847929494,386.68890003603434,294.4814106896251,386.0691928954897,297.1194221744781,371.13951508417995,371.127725882691
2023-05-16,299.5000757337415,321.97998852629775,436.1723066932985,287.6427272813257,253.49202205685893,278.05269635534523,294.06873452380273,204.78220144878287,302.01701087678896,261.9957439998436,301.85531086789024,380.435840140648,289.7029694378506,379.7844091621216,292.26668616765903,365.1737143509183,365.1221451519398
2023-05-17,305.1070052032552,327.97857407341337,447.15452330641483,293.91420047047365,257.7221130403525,282.4530587315329,300.18925753447473,209.11219436950094,307.6045221677743,266.10414825476,307.36526911873005,387.6393984040507,295.4173640284293,386.8018506558212,297.8890342039836,372.43782840329413,372.2114042495299
2023-05-18,305.2318563641042,328.7826745205669,452.28579397283147,292.8734653404096,257.5791110479358,281.7011558788097,298.8391485382517,212.2158626273721,307.3267925930343,265.1241742413221,307.3223389222013,387.4658021138029,295.42694673758075,386.4372388679688,297.7457982577627,372.1483912877268,371.74933284467386
2023-05-19,307.42380327161476,331.31239956640445,455.3393517845924,292.2749478115257,260.9359386725256,284.141969327283,302.91974854246774,212.94461824151446,309.63847665506466,267.4496256369158,309.62983534410864,390.25443533166344,297.5015468435104,389.33979030636647,299.9321596379239,374.7697062863604,374.48233577638996
2023-05-22,309.739009527284,333.9157758456579,458.2531304225166,292.0001086738665,262.0929681407364,288.20704989835536,304.0882315178672,212.97050684526914,312.17892894835074,270.3676880882385,311.9200251476393,393.15505686023846,299.73194922088084,392.18475256110617,302.1424002376373,377.5444440533475,377.21008940181446
2023-05-23,304.67599132133245,327.53577634403126,453.4365127224207,288.7950618503632,257.035310781357,282.36145070894787,298.1125115300861,211.87016083727497,306.75875678991093,264.9260533760702,306.9635359547722,387.1069145281114,295.13381072686917,386.3089099104264,297.62802777995836,372.08740014338,371.890649508751
2023-05-24,302.39996786718854,324.3319314970923,452.69053919863234,288.73431825632395,252.99984612353512,280.72817377048847,292.4479276897207,210.10684203116506,304.4909435234454,262.54392751223054,304.6755868339103,383.8394673402746,293.1732988069052,383.06886395744755,295.6462879499614,369.25668136517794,369.0691112625154
2023-05-25,301.4092024772486,324.03763354388366,453.8356412910382,286.5312426438547,251.70990920848521,279.670468047232,289.87835249869846,213.69858794417092,302.92943242596317,261.31462855879533,303.5694874678324,382.67548964694566,291.94176769347996,381.7732111904741,294.3142243736126,367.8052662620749,367.506378613677
2023-05-26,309.26966401946004,332.8379785873209,466.1586530580359,294.4413493710845,258.4834204034272,288.36795070101863,295.73108635125357,215.48916002538436,311.31698317744497,268.7572046354978,311.4064626878676,392.635275175746,299.5625479681892,391.6137543784114,301.92224054046943,377.3875156071865,376.9917237066429
2023-05-29,309.19620917797477,332.8379785873209,466.1586530580359,294.4413493710845,258.4834204034272,288.36795070101863,295.73108635125357,214.87498835840339,311.31698317744497,268.7572046354978,311.33545882808176,393.01184316256865,299.49424464214565,391.9748969441373,301.8560469249942,377.7355388676965,377.32650573950633
2023-05-30,305.77532189871977,329.91445178954024,463.74435432425673,290.9106928078839,255.33855443530783,284.70964891601045,293.3352154111981,212.45026282417223,307.87887388830484,265.23207053535214,308.0632234937082,388.8924315669228,295.8119411921212,388.06618637426453,298.31964730173564,373.32058588068014,373.11843125961934
2023-05-31,303.8092704795645,328.3270836155614,460.8202173997383,286.87906892702546,252.71281705886523,283.5692680562477,289.93931835711066,211.80034119774476,305.80495878516155,263.7340103309826,306.22171903212154,386.2718005699872,293.7071757193047,385.62441012705403,296.3345705242605,370.5632608009891,370.53198496929053
2023-06-01,310.18613826788106,334.0067021473699,467.8103729468453,293.55187160833253,257.37366628605133,289.141407846761,297.7763829400783,217.71421093827178,312.03099718171256,269.11010549432365,312.5379074715795,393.8888223809998,300.04559495459614,393.1127192682455,302.61937589876425,378.0992191155965,377.9515552048951
2023-06-02,312.34397250126233,336.2528862321279,472.05434931291006,295.3231900947886,257.52702959151145,292.13628310092025,297.7760489861243,219.71957819416698,314.1377151616309,271.09616391165713,314.3391575977964,396.63965890368524,302.25485318552694,395.406673785867,304.49563375948435,380.8871732946108,380.31498943958854
2023-06-05,308.7377704364225,331.0961426242315,465.51364873905754,294.80215376704916,252.694564414666,288.285788249648,292.29796429972777,220.13628040025503,310.12692325480964,267.0323122319443,310.78822444718014,391.20712090847263,298.74610104394367,390.1184431624812,301.03454190556874,375.6788312594444,375.23217680349126
2023-06-06,309.95558811754466,331.1607847811212,464.1552511956762,299.5453833212545,252.19761912165475,289.34538356008034,291.4059935982342,224.58424524934753,310.8917682664536,267.79226836886227,311.9009081707971,393.4832729416209,299.7581218428895,392.2234896225508,301.95531273628995,377.63637637866634,377.0432243630553
2023-06-07,308.29969139275147,328.1350922774546,463.81077647194076,299.90005068498124,250.84165344960527,285.91228259237414,286.7908610288887,226.0917339428207,308.89016890643074,265.2159434114419,310.11739308375877,390.90731680845266,298.36010499217286,389.5322017291342,300.4300452711256,375.4280427725994,374.71420514869675
2023-06-08,311.0175830008877,331.4203786049625,466.99286804025945,300.19981413017797,254.15762627842975,288.6881046149979,291.31260700139734,226.0917339428207,311.8608202965434,268.0959087801494,312.93244439322166,394.3451965330707,300.67940448648056,393.0562971198787,302.85305640129855,378.3538513295543,377.7394146639018
2023-06-09,311.6414906959532,331.63338472408805,466.98220651057403,301.26063001422716,252.49802698186522,289.8521007679681,290.4947757269744,227.9589575235915,312.30914996091263,268.59266241109606,313.5007197878352,395.08709108149446,301.15727275206166,393.725823640869,303.2838891692609,378.91586975769064,378.2413311515458
2023-06-12,309.8446148947359,330.6847417934931,465.31535070766085,295.48483397195196,251.91262185248414,288.34169564851413,288.5562371135928,228.62448490634947,310.26183239275,267.1364365404735,311.6418976377514,392.4165090871429,298.8718245206007,391.01762924449866,300.9559168088165,375.7048660549723,375.0167577769625
2023-06-13,311.0056203795059,332.2868579191846,466.6007124576015,295.27708683114344,253.28123554386983,290.7518645271546,290.6235535974108,225.62394490177766,311.90026877714246,268.71587231479316,312.6272009777372,393.78222902088186,300.28024413500737,392.1623931419684,302.1935780802445,377.36503371305156,376.4612798848986
2023-06-14,312.94521465101946,333.0381430888661,466.35954303674555,298.00209882020135,254.7301041241651,291.4099585415794,292.18680307380373,230.88222377972102,313.36145909222705,269.9950167203508,314.50687673882544,395.6585246139937,302.019104537891,393.9686993101744,303.8836082020665,379.02273053004996,378.06262921032396
2023-06-15,313.18616205512313,333.4352731921433,467.38190339717073,298.3581529719628,255.72726780948906,290.37184848252826,292.80382841018115,232.02228408828566,313.48399406951773,269.9148002427063,314.70790212868064,396.0830553038995,302.43380633515517,394.3372916900556,304.2556134465316,379.6448135928493,378.62516260244394
2023-06-16,312.54997121858804,332.06570145549176,465.07905972912226,300.4224510548594,255.53981931073605,288.7815137199409,293.7117719323447,231.41373181201388,312.86405420420647,268.71406854261164,314.0596744476719,395.7562595485453,302.0085753436556,393.9828628313349,303.81218744131513,379.54223563421,378.4881978891924
2023-06-19,312.8024168930013,332.06570145549176,465.07905972912226,300.4224510548594,255.53981931073605,288.7815137199409,293.7117719323447,233.65667793808825,312.86405420420647,268.71406854261164,314.30319290256836,396.3705516282486,302.2427495074113,394.5708815013758,304.03869961915615,380.1087016957491,379.03216884169916
2023-06-20,307.2743320712857,326.2651304793988,457.4896073614326,296.92595680025414,250.47535775516764,281.7758633544218,289.13050822864346,234.10674145630247,306.77744327465865,262.74786100873024,308.75707460303346,390.412856651082,296.9535004442279,388.61038747772375,298.7238974279817,374.41994933119435,373.33101081975525
2023-06-21,307.8786537255576,326.5594443072437,457.0198994930599,300.36172220677133,250.78340837436116,282.1074918229606,290.4987940445014,234.85648004201934,307.3463217129312,263.153713642096,309.35417234986454,392.1300244304293,297.75366535713914,390.2710113550964,299.51103691430205,376.29380226343454,375.14605524354903
2023-06-22,304.50577572989823,324.0401165270223,454.7445664024357,294.8391331616058,248.3623477331312,279.8285322502042,284.61928722988785,231.99172576405584,304.0139965716378,260.4026119613114,305.908908806312,387.8578214351986,294.09618116063297,385.9499575774496,295.79492975175026,371.7126263530475,370.5326656181732
2023-06-23,301.239204539044,320.5001120982754,451.7107510149457,293.43560308984263,245.49254406266218,275.0837201194573,281.3725929178354,232.46519150582924,300.3998145790074,256.8350455085283,302.81144998591316,384.2945937663165,291.0669988480291,382.6048041147999,292.9146135435249,368.4284880077617,367.439529366337
2023-06-26,302.2765708953338,321.6410148082173,453.27561558828177,296.07045889713095,246.5744199773041,276.97481896157717,280.9295587467638,229.66694425483763,301.85706042411505,258.6119169674463,303.87368982895174,385.4026374678698,292.1257324965573,383.73986262333466,293.99598411005974,369.56736575968876,368.6020102656595
2023-06-27,303.32439046882195,323.51141594712544,456.13398882700807,295.1361767542529,248.20905090379551,278.58430509657256,282.11686726346113,226.94600336331655,303.32365912687277,259.9173820872957,304.78306266845965,386.8381128426296,292.7880596265508,384.9905018422545,294.5421662141197,370.5140658459664,369.39687379120426
2023-06-28,305.27539245068505,326.5121875832033,462.1991810676104,296.40804363746196,250.01689204989995,280.55920837174233,282.6220348933444,226.26130630787,305.53521331787056,261.47847003269703,306.74712081391954,389.0607226603951,294.9372852295164,387.21712327012995,296.6973899859014,372.9763278565875,371.85291389833554
2023-06-29,307.89943561486103,329.47474595478235,468.1361460428623,300.53600258774424,251.53193056032762,280.76394160846695,287.1826604914305,230.74919712749082,307.8493069498154,262.861982626305,309.3671126891442,392.5878859734935,297.55287397565036,390.7002980687885,299.30994351338296,376.44870087236666,375.28624435896035
2023-06-30,311.09267255091567,333.5534167893739,473.8877014183368,302.29603515148153,255.7729686478426,283.07379038262127,291.9541151264902,230.74849625347036,311.33235600922444,265.8529571668002,312.5427864852289,396.52955018702903,300.639535171817,394.5881707397819,302.3843047108855,380.2340009642785,379.02742021724725
2023-07-03,308.79085118558135,329.4512367200507,467.82928725671223,301.38015847759306,251.23675348684392,281.798706451099,288.7201198830621,233.59081639722726,308.47071273214345,263.65855936613553,310.1527239326248,393.82796520993884,298.2973741690453,391.79682267722444,299.9609955646786,377.4917515430822,376.2042084960802
2023-07-04,308.71316912129146,329.4512367200507,467.82928725671223,301.38015847759306,251.23675348684392,281.798706451099,288.7201198830621,232.88564718328578,308.47071273214345,263.65855936613553,310.0778202507384,393.6138324461994,298.2253336228945,391.59198768904065,299.8913394874018,377.2943953778678,376.0148100267446
2023-07-05,310.86013405842823,330.91509451475525,472.1644727551053,307.4712679648738,250.1559870721593,283.07528027752136,291.779932225994,235.23064878718495,310.5286448054635,264.5108897878306,312.2481270400736,396.21546648071785,300.59134725213534,394.2022732984319,302.2721586340196,380.14836430559893,378.8661607820143
2023-07-06,304.9881137649654,326.7376985744644,466.8962312650668,298.05584821190905,245.43273788102388,278.1319029281166,286.42071729065736,230.95190265941713,304.64312495951305,259.9995735445643,306.5673773089016,388.73978414722933,295.1231573653255,387.02825570650157,296.9677187336074,373.2307039167496,372.2064612185681
2023-07-07,312.38045483706804,333.0029725410561,476.25485519903685,308.069167186527,251.087856946856,284.4371742350048,294.4372732814083,235.09424877023793,312.2016413865825,266.46998106481146,313.97499638950563,398.2429808244739,302.42650456950116,396.45859511910845,304.2894799435236,382.53431859871347,381.44918805445775
2023-07-10,309.46108949626756,330.6806248734301,473.3019056688426,304.0076049565319,250.03480844039396,281.6291208669482,290.2027295935185,232.1976039616563,309.368402308535,264.25657717487974,311.0457979563873,394.552789247256,299.53926327704227,392.7898820234856,301.39153321891206,378.9144487520451,377.8469460071468
2023-07-11,313.72503437040916,335.43998786416444,481.2368047047136,307.5226243292151,253.92523791690937,286.21447972776866,293.05766320037065,231.27491359283394,314.13034408049526,268.40210530680076,315.2767678141849,399.9679215147407,303.8424804728737,398.1150805062249,305.66348372878383,384.3297868510973,383.1781977827336
2023-07-12,316.0548551984968,336.9874541796953,481.4039298324654,308.7553343211141,257.50815272974285,288.25724532573355,296.6433870080473,230.5194602334171,316.7685320666568,271.09432867840866,317.57336678752455,402.5482000694729,306.0436335357954,400.6440077077365,307.8382549717162,386.75636399427566,385.5629386920391
2023-07-13,318.27834790937317,338.85296183644664,481.3331480280507,309.39384305691607,259.9482932963669,290.1192813587303,302.1370437393113,232.71209815399004,318.9257272438319,272.77263531187344,319.63659380997893,405.7225043482824,308.2417482791894,403.5828221665961,309.88818150916023,389.8482361086194,388.43939905704923
2023-07-14,314.51597972303904,335.89370324646023,474.7726969472964,304.58808571857486,257.4071916947332,287.1987921122799,298.83171326936167,228.96565357600144,315.27974107491417,269.95066982986236,315.910091110215,400.4577440919794,304.39942827444935,398.4267953744291,306.08141902223383,384.56527506823903,383.258846887487
2023-07-17,315.04581261018535,335.9799070981425,475.82338655530395,308.33219557697504,256.8558487302663,287.3253361899534,296.25005179490535,230.24910752627528,315.6984821252476,269.7807080691605,316.412369759899,400.9837546580199,304.71430370404096,398.9195616960388,306.37783042219564,384.835478328673,383.5084807008135
2023-07-18,316.8157439965198,339.3438139483683,481.6734798890822,312.65719635327997,258.5645488184931,287.3750417858049,296.59452580054733,229.60307557548472,317.71384235620184,270.9321644688867,318.31119380156537,403.051162716819,306.65633981033636,401.13036367044685,308.434425427069,387.10595182987845,385.9031582619495
2023-07-19,317.0036489091642,339.8072185738548,483.283342992672,314.27424040206404,258.52902147856184,286.99428345611364,295.5791103601407,229.83495276568564,317.8902414738337,270.88739112614746,318.5037882714256,403.32339034139943,306.7911094751355,401.40463169659205,308.57534183638575,387.30900290110026,386.1108270324833
2023-07-20,313.97541464947676,336.24783572364765,478.4551627556979,310.41537610278453,256.7169612238482,283.4263328407677,293.4233031250914,229.6720626191343,314.5979554866484,267.93536345923764,315.4672859273505,399.4941244246665,303.993159022852,397.6000277468475,305.7616319294731,383.7920285701402,382.6047856730226
2023-07-21,314.7341009749701,336.98442869497234,480.0898104701449,309.91897052793547,258.0886237736396,283.6700630606396,292.6017511209054,233.54359831127587,314.9451530453921,268.4440195104425,316.1787996112206,400.5068987027001,304.88432334602453,398.54464798553664,306.6046000409652,384.9533453273932,383.69685056421133
2023-07-24,315.48934678813106,336.3020368048123,481.6760446911257,309.51158044122724,255.8165445351293,285.3728728765046,292.5245886197565,236.45829433675104,315.4122816479503,268.9927517760414,316.8018236625229,400.9739993050791,305.83638224831697,398.86390816162674,307.42698521855596,385.6882051229146,384.28381809178956
2023-07-25,313.7835204479262,333.67222462310593,478.78760743290405,307.3437126267899,253.40724342037956,283.75394741911333,290.54404466086663,237.19889069888947,313.46202718339066,267.50917341741524,315.0895428819361,398.7458893433109,304.19644808612685,396.6505990799637,305.77859145834674,383.5638685856679,382.1693752394305
2023-07-26,316.14465837629746,335.81490122615116,480.70542982212555,309.9617601860063,254.8378386434665,286.66518694702205,292.9225096742088,238.38663573318252,315.8924818892284,269.6846590555768,317.4898791796211,401.7752772795873,306.3682191442845,399.6985131229202,307.9935969052223,386.33471692451695,384.967392095798
2023-07-27,312.43410249393116,333.00872457167924,476.9590143120594,303.9203089782858,253.13802608232422,283.78535040554226,288.85226114646173,234.13801355547892,312.3596463498786,266.7288347661085,313.67962349353434,397.1265490239792,303.0166528133993,394.9696801320987,304.5365351733145,382.15832015731337,380.69835680991935
2023-07-28,317.0274768350529,336.62405405900256,482.44388152643046,308.1356279793226,256.62512335541777,289.8226325472446,289.1455647915526,235.85734708237024,317.1608847088977,271.27862384863545,318.2214062973099,402.8087360406993,307.4193156003362,400.5423529369854,308.8980456517884,387.5687531049533,386.01724143941857
2023-07-31,316.62993431496716,335.7839625710419,484.0120085524011,307.02632423090773,255.3419359467023,288.3022970207053,292.10144910916256,238.1780272455229,316.4433237211824,270.387029471981,317.82336598939537,402.2128509542409,307.18529280975986,399.9545017993435,308.6579761045462,387.18239003087723,385.62987207563594
2023-08-01,313.34749711975144,333.1814195866261,482.5628895855331,303.4415286447194,252.17125176913186,285.5542891581105,286.2139616675828,237.94428457208588,312.8928254313976,267.2793859180571,314.5323126893269,398.46009481386534,304.0965138110777,396.21141680344965,305.554196221476,383.6704772181123,382.1177456232137
2023-08-02,310.9091659000699,332.00925744786804,481.4510019372381,298.7939441247787,250.52941041751424,282.8152955965617,285.0806403951908,237.3333109613732,310.3097256373856,265.3144101871609,312.30106348246494,395.4251932759445,301.7478296099371,393.4531205660326,303.39561685424576,380.7672115282605,379.4665088134849
2023-08-03,311.88579144858795,332.4468024076233,484.2108847708774,299.4000059731411,250.64016706752867,284.8485054848525,286.2935791862323,237.0080609778308,311.4117411414208,266.43173416153473,313.2865977407772,396.69290294063944,302.9854880232846,394.7190235514293,304.6330640869962,382.33861850320153,381.02379754960293
2023-08-04,318.64132748971497,339.6504972337707,493.59041172477606,309.1695497307122,256.6445334015453,290.6929097316025,293.1514260642967,236.85445786439922,318.7885628932276,272.7140353397718,320.1235474137905,405.2332109886869,309.66286893761026,403.28070508372474,311.3900735844545,390.71091674517476,389.4214685987613
2023-08-07,317.89483111015835,339.9941551053056,493.4774937512366,307.40685579626523,257.4911880510717,289.4443643899308,292.88108922779867,236.33516981804163,318.0373653914546,271.8121532624092,319.2938837392855,404.2786125203551,308.89332659564326,402.2343712183493,310.54340475662536,389.7372441741647,388.3633975048352
2023-08-08,315.9860965549268,338.72924161564504,493.54657222792235,306.78243841014523,255.65582643603335,286.4984793680482,290.5165833926432,235.08106454745618,316.1075991156898,269.9512865473575,317.407777060466,402.318366083687,307.1875058738411,400.30374465486506,308.8517326649011,388.0107871474982,386.6553236639357
2023-08-09,315.88225816828185,337.86010324758297,492.6671587646336,307.7042724208529,256.5804739893217,286.6501125321724,290.23685840913686,233.42397654620376,316.1968450078459,270.47895033866513,317.24620014796744,402.0798489334565,307.262128655966,400.0010395890661,308.8663862923419,387.9979298593577,386.5736817039599
2023-08-10,316.9663616253158,338.76375865970425,493.32303244875135,311.43365248165014,258.1190915274647,286.841366972513,289.321852657895,233.75402111584816,317.3400375509827,271.11391826575095,318.2858945995233,403.3429536770223,308.13486191258124,401.2025692814616,309.70474933088366,389.0004102906242,387.5292405689504
2023-08-11,313.99369840250534,336.6031718566466,493.6751600497702,307.39966163528305,255.49390028269764,282.7980278091954,286.55354816396994,233.0086149149716,314.1853045083519,267.9542020516328,315.3937646560761,399.6605070106687,305.34325887514615,397.6484345715485,306.98205270510164,385.5644324372188,384.2031672327863
2023-08-14,313.40476962353046,337.7961748746511,497.71090121791934,304.52727977022033,256.0950881866703,281.9786333042863,286.67933882220103,229.2925672092589,313.9979594936585,267.70570466404405,314.83765207849325,399.01047186769904,304.7694860555773,397.04082845008503,306.43841185676933,384.93233176287293,383.6099137783036
2023-08-15,313.078096019502,336.98991140785506,495.6752986481798,306.6880446700755,255.20008101106995,281.7441121363236,286.6634718914226,228.44676191511124,313.7462104277459,267.2848529994721,314.61987340333434,398.6467139623537,304.3927787265725,396.81072679145547,306.16523575235124,384.5077787853813,383.312218558881
2023-08-16,311.8633704730507,335.8058278585627,493.36978834321474,307.3881809182898,254.86356692397058,280.01122384503105,284.6657381121806,227.46695393042685,312.54055985831076,266.195444937278,313.4285084857694,396.97243127577167,303.10029652476345,395.18462317107577,304.8969951124925,382.76223563547904,381.6145700702363
2023-08-17,310.4145158398092,333.8334240289688,492.65401349523285,303.49734611744685,253.2150613465023,280.42612074401643,282.26553667828836,225.11489052924296,311.25035408217445,265.86289168343205,312.02064094264233,394.0858287256982,301.86118164794743,392.40943661968515,303.68913471064974,380.2228615601575,379.1653203578794
2023-08-18,309.4537790765164,332.9528206405181,493.02197015025257,303.56653917119047,252.3010696817377,278.1750573920864,281.1653046150139,226.61784070757255,310.0105443847435,264.4045960067461,311.06716205239934,392.5161435344824,301.07225093783126,390.8746203266291,302.901247487172,378.89740184093216,377.8627976839068
2023-08-21,309.49163340737164,333.8525404875351,494.84591428992496,303.0147387464672,253.16869673579632,277.89231685459237,279.5546904861952,224.99115261430643,310.25421342658194,264.7737156849468,311.1161893758182,392.5799748652478,301.0521068176909,390.9508400368855,302.89346203113996,378.8894886219769,377.8692551504812
2023-08-22,310.3948254289093,333.91404460278096,494.0634227519845,306.8066488936711,253.11526521745037,277.85825464588765,280.49938124627454,228.65037522727798,310.7832208121101,264.8584665701332,312.0379477692069,393.6614005898947,301.8742434429897,392.0469436219719,303.7357530090756,379.8673024350463,378.86470834603625
2023-08-23,312.3603741857582,334.87689142843806,493.91904258039983,311.1653379950459,252.26115341697005,279.63159357118775,281.93493887597197,232.03895598671426,312.51143133149316,266.05002419211974,313.95638230083057,396.1628705026922,303.4560694486684,394.4683356281817,305.2862595424013,381.88179266377733,380.8236600215792
2023-08-24,303.9320579531753,325.16486745696864,478.89877480905375,301.1327783264843,244.53934073129395,273.7293234792673,271.82936436559777,228.68357941565984,303.7232799698335,259.5509984770161,305.6125015301573,385.47897519377125,295.4022986638815,383.9839585645417,297.2979299233055,371.7453153108521,370.85227422178514
2023-08-25,306.4748345854708,328.82833612410775,485.3132453744356,303.8523544615251,247.5098307797226,275.45411767190643,274.56852442911986,226.39351993961415,306.77181393104837,261.87836413456426,308.114621926927,388.5870718944625,298.00916578647684,387.01837823210485,299.86510296976985,374.9109177429883,373.9467447153444
2023-08-28,308.5746274726391,331.0559078356205,487.65517383095676,305.5510202148975,249.59224603445267,277.88931225221177,275.4041951851819,227.5977999442932,308.9163672350694,263.92313388559467,310.15152360975355,391.1462526881226,299.9385367535653,389.4816533554953,301.74147365048765,377.247868312794,376.20294572387456
2023-08-29,312.54391502711417,335.67170137799434,494.2204845454577,307.4173295351891,253.22653991367443,282.0000070253494,280.3360180317912,229.99581478052517,312.9554034468968,267.44998833024084,314.1083549120328,396.95557056285986,303.7986718862997,395.1969238571902,305.59410976597036,382.824252837882,381.7003826086066
2023-08-30,310.91673816615247,334.7305286273315,494.4665252916462,306.39965993693494,252.26494489942425,279.86775054904695,278.7395072155159,228.31777682655675,311.38553771669416,265.8242171206579,312.51481872732677,394.6569442834438,302.28327450392453,392.9679147646216,304.10628262551825,380.6963326929028,379.6307050973918
2023-08-31,310.539843095605,336.28762080037905,498.6150651380724,304.18618702551316,252.04539872148453,280.4595902804588,280.49468175696484,223.322771921856,311.5930607475863,265.8278863448717,312.2257814204138,393.522508701542,302.2555378584265,391.97202703865844,304.14929170615335,380.0365109576524,379.08105508412166
2023-09-01,316.4662773754499,341.6735144020455,508.86911145836973,309.62125018340464,254.02060710004486,287.31709156905356,285.2569211212501,228.31041305802256,317.4475480408181,271.12782585099177,318.11945957421824,400.86236811866814,308.2584954427487,399.21110921995046,310.1199610224795,387.41481119519466,386.36317149855415
2023-09-04,316.37954494660664,341.6735144020455,508.86911145836973,309.62125018340464,254.02060710004486,287.31709156905356,285.2569211212501,227.55954948473004,317.4475480408181,271.12782585099177,318.03576148583045,400.837025796044,308.17739180063774,399.18684197875325,310.041505831394,387.39126102725214,386.340555118449
2023-09-05,312.164821214263,338.0699093536363,507.43967663176466,299.3740860635599,250.31861280800874,284.80765797759153,280.7794480511256,225.4913552337809,313.0964327985077,268.03023383987346,313.8197889367324,395.56159220249714,304.32649666770624,393.95578061143175,306.1769784131133,382.59808025779273,381.5702112516132
2023-09-06,312.447752803992,338.3978013995203,508.0065240385936,300.18033187120693,250.88090627502703,285.55373823480556,280.76115074639006,223.3909921012445,313.6711311095163,268.4130636455412,314.11313567976674,395.9870174333406,304.78621576589734,394.3876771741113,306.6407406087581,383.22937047422664,382.1993328699529
2023-09-07,311.0160251635732,337.7576737607865,507.1581947725049,296.66092642676176,250.35460518358926,283.58483214797803,280.8562069399399,223.3909921012445,312.1031309056807,267.11736042887674,312.7708603883681,394.57804239906216,303.38205867161736,393.08606358027174,305.31946027593244,381.8415810004903,380.9110471317529
2023-09-08,310.6303906335286,337.64060650648344,509.1887238062084,293.4421449059742,251.03239189247807,283.5130582316061,278.817895056064,221.9901056143431,311.85889558785397,267.138862666461,312.40051511596573,393.90432713208884,303.0732205137174,392.4430696434264,305.02243697990514,381.277962743072,380.37182822305857
2023-09-11,313.8619269279705,341.2664429852991,510.7810097796106,295.6436866936628,254.02694462287744,286.2160809252258,282.4359251364642,225.46070412521732,314.95491287818413,270.59358342072204,315.56098376874644,397.40757928899535,306.1276841120871,395.84802401563024,308.01634760140206,384.57196078055125,383.58196450900664
2023-09-12,310.3748907930433,336.08847350585216,506.46309758414833,292.56462063452597,250.02623899835643,282.49168649767057,277.60497617455167,228.07286510766832,310.805896329308,266.6048631932438,311.99514431419817,393.4171082362862,302.9364783030991,391.78465757951926,304.7410864839708,380.948113031755,379.8760300948368
2023-09-13,311.49585530936156,336.94543922766786,507.79764816857113,295.88655269750615,249.999543749967,283.4163506593755,279.17478727196993,228.47256747070966,311.98094725480007,267.10557553019447,313.0915042732688,395.0775125955084,304.02604410186814,393.3922238621721,305.8087142456605,382.54148998602335,381.4225531438052
2023-09-14,312.1196072959822,338.48211580427596,509.3889903414439,295.7361966876036,251.2906913001183,283.8935183971908,280.48105120771095,229.11992640126945,312.58210243125217,268.13325124111964,313.6207071519616,395.92372272359063,304.75217455189204,394.11462460271804,306.4427642657643,383.50075805336473,382.2616226834984
2023-09-15,307.8432632887069,333.159939947913,497.1602659837962,292.5081898918172,248.8036576959564,280.1950084769021,275.9173279165743,227.86454878808118,308.0657851509982,264.7299275285797,309.4572593633325,390.6048778464731,300.65203291119576,388.9773031135932,302.44235912424597,378.4359320836323,377.35678890556466
2023-09-18,307.45627953178246,332.41524051636355,498.7116358145245,292.5351587503539,247.19427405649182,280.0368722614683,276.7290629076077,227.00571142654212,307.7488723866246,263.98059290368457,309.153617728107,390.2151123047313,300.30990720225697,388.68846467019995,302.17703704862475,378.09788701944433,377.11101452183414
2023-09-19,305.9086781296022,331.0825884794441,495.1037630988766,291.4671169328006,246.4160988144568,278.12795860089267,276.0966142982522,225.3633211746906,306.2613885837569,262.53644580058443,307.61423907796546,388.5526449773284,298.83327110630864,387.04121185812977,300.7056236671983,376.51816329006914,375.54240241894223
2023-09-20,305.5892382532693,330.06442508854536,490.89171687784443,291.0566640880287,247.06366858928047,276.9429505106024,276.2531608823087,226.57309171345082,305.763048866968,262.2956895031374,307.3454888740873,388.15658255951104,298.3635360435096,386.7097989277652,300.28836768376624,375.942973556357,375.0347396075451
2023-09-21,300.7565890667774,325.47486499398434,484.23453965094217,285.6908203691123,244.40980816135806,272.73276756695435,271.2598957134055,221.42079868860702,301.1201675592817,258.508401171273,302.6229796701483,381.9813881594444,293.90609319594927,380.72588425093585,295.9216321379067,370.27959711885615,369.5304529644722
2023-09-22,305.03156236563785,329.2472585132599,489.7329867055673,287.0373865264401,247.15197567998715,279.0374646306806,277.639540383613,220.56358788310013,305.8953906956009,263.02560063914865,306.93080990367514,387.37635045412264,298.0843044483915,386.1120934822965,300.13442272712575,375.51131623637116,374.7599047492721
2023-09-25,303.91010842287204,329.0182868757101,493.14200519320696,283.2287484039331,245.08363327751158,277.632079604055,278.20122852620335,220.25238192844648,304.70775866539935,261.9508448957698,305.78180098384973,385.84215040119335,296.99432963204396,384.5622334219282,299.01737841668785,374.0354008295442,373.267208765142
2023-09-26,301.455326748612,326.58177769143776,490.71111862578397,281.61748001423865,243.34570151540254,275.01367618734093,276.95358584326783,216.3044320803771,302.51931224531825,260.031790235839,303.39755415279893,382.9098421797402,294.84710874192683,381.7361660006758,296.9263213574558,371.4907501641565,370.80698196945474
2023-09-27,302.4531540995149,327.567125459063,497.01908970689334,280.4695511568711,243.55269872891196,277.19742477907624,276.6772944455266,216.0153258947745,303.64845121110585,260.88977451700714,304.25474266511986,384.2611977362805,296.12213333111475,382.90223775313916,298.0603583372213,373.1609940697791,372.2914341292142
2023-09-28,307.88459701098583,333.6049211914296,505.15567949405283,287.3898191677621,248.7428143324928,280.6948853002064,281.9699040196752,219.92770855991085,309.09711826567315,265.30078714510995,309.5751707960095,391.45283291319004,301.16803734239386,389.8837957317115,303.0147667511023,379.80461705758427,378.75927117869776
2023-09-29,306.9073650466204,332.0083373401931,500.5393280872171,286.35686255189444,248.37670975950235,279.83036594977216,281.2057713239374,221.411241687598,307.83730043614213,264.41139351191566,308.4817893667417,390.16734022156777,300.1232411616154,388.470947058723,301.86273826814045,378.45120180771386,377.28954252380817
2023-10-02,303.9056731385527,329.85607198002674,499.53343930173384,280.9882983743747,244.3792997798659,279.23005313104795,277.38764173522003,217.43444558726023,305.055451404454,262.20838315597763,305.4800958210208,386.89470031328807,297.1104891590287,385.21037168910175,298.85000625014857,375.16270214129895,374.013326793267
2023-10-03,300.784036636962,326.7181558767659,496.10242958682267,274.72737346456285,243.38984021968622,276.6638560664075,275.3273845570786,213.67490822901826,302.11664982383047,259.86223936118904,302.4776889790525,383.08009851144476,294.3059313552256,381.57044416688825,296.14683013957756,371.7580574495032,370.7560355531091
2023-10-04,306.89938698519876,334.475151744214,504.60018681100746,281.4963840230918,249.76017651990742,281.71071438685334,283.25982548800584,214.8576622114198,308.6654702863043,264.8796647603439,308.6305371261121,391.08500937349,299.64153606589014,389.53923588039174,301.5437737847472,378.73120883369955,377.7354842661176
2023-10-05,306.7668060325008,335.2853785528219,501.86257620151906,276.3815054962435,250.16674614767518,283.66432738312375,286.3499427536373,213.30170055613934,308.7232134296324,266.0022338600297,308.452009381928,390.67208555766433,299.2370018438978,389.0824368499154,301.1048563549862,378.00609121027384,376.98179324763186
2023-10-06,311.04503343842094,339.76287874967227,508.677045882775,280.30709213407647,254.238683573041,288.0151371332152,290.39343903644703,213.44027350604935,313.40190231668885,269.8167409959502,312.67027026785206,396.23716221245763,303.29499555605383,394.51916115827015,305.1142929205643,383.2464460824057,382.1146508709415
2023-10-09,310.210158890286,339.15735421008065,514.3546788426679,277.62418661371754,252.09098490170368,286.0516063359666,288.93598774180276,216.06211896306186,312.1342517966721,267.978911598912,312.04695296234866,394.95188544378306,302.95219736567196,393.5099115935521,304.9538015264576,382.58415902505607,381.68511914628823
2023-10-10,314.0299459077564,341.84901356134543,515.3556962980314,283.73293660699113,255.447235708021,288.6820408900122,291.4145646618141,219.72093028473356,315.8466199256003,271.0566284203803,315.68928855686073,399.47826032156615,306.44281686991854,397.79007533076606,308.2887663560765,386.6901636951939,385.5772382791742
2023-10-11,310.62065327303054,337.75604387556245,506.63181541562176,281.23656270191304,252.62737933396963,285.4415388894488,286.0658745609913,219.8607416231459,312.0876050616045,267.8579014429487,312.28273162126595,394.75570711851395,302.88452653449406,393.1273883726412,304.73747863835433,381.85241759623875,380.8005036701443
2023-10-12,307.44025864838954,334.830349709028,505.0682080966025,277.07225254125854,249.5056476418998,283.38092283652185,278.66202468592826,219.8607416231459,308.6016983270025,265.26522106270806,309.1716699320899,390.80271754793694,299.8640143119681,389.2918256015521,301.77638944670724,378.12312767394866,377.1723197661103
2023-10-13,305.1536633117702,332.2182248319261,505.4494533368359,275.193692319227,246.32745552728528,281.3502894439323,277.01492640320663,215.27485439022146,306.6829761510853,263.33099534949775,307.35239578157285,388.0625564553417,298.28153351161626,387.13726543521364,300.60942846695167,376.25108214258864,375.81266682047465
2023-10-16,308.11249844989163,335.3850046631185,510.4880275308937,278.59747783414093,249.03929945235475,282.8744751165265,280.2906981148438,217.56269576155435,309.63067430253324,265.5134023872555,310.1591114405614,392.6398525263357,300.97281629316916,391.4623339162183,303.166393499112,380.41499286026755,379.756285920767
2023-10-17,307.58106527092434,334.7539963120219,510.6219208670157,281.60331163839277,248.8040824542391,281.46091463227503,279.9044434243332,215.0592474918525,309.37196833744395,264.68123835832586,309.6424526894274,391.89973947481815,300.5120183562104,390.7490660006572,302.71718128349676,379.7711460353701,379.1338510704275
2023-10-18,302.66487939930585,329.5564820205507,507.65119632217653,276.25026824832923,244.27434485040337,277.21437167092284,275.63576734110154,210.26710079481043,304.60433035635305,260.26190167847454,305.0700158714937,385.83757100102696,296.05910843298943,385.15404568915545,298.5721320358615,374.314722851735,374.09096775212515
2023-10-19,301.3637097781152,327.9370726984315,506.1586720566795,271.7889799114086,244.10837078244919,276.4712594554384,274.4522784283389,210.31833572021154,303.16902939580456,259.549856553611,304.00660015477257,384.5165456019151,295.1551440303975,384.12356869570175,297.87965984048606,373.46890539674075,373.4990884004963
2023-10-20,298.1035318595416,324.7938634491906,499.40888778779396,268.389077207133,241.83819738440397,273.9252453029529,269.51305210355383,209.38455858805992,299.7135313942082,257.0069334575029,300.8989899630499,381.0603857539932,291.96388777557667,380.8640051103279,294.82955801708914,370.0878998683448,370.29947532670775
2023-10-23,296.2773115510364,322.53294619077246,493.8283772982885,264.1154403993624,241.21839549929805,272.1630820403486,268.5059295151172,210.99158866958228,297.5014125802323,255.38026275529435,299.0138634143792,380.4609074662464,289.9136323644633,380.1472911267006,292.7299775678927,369.1219729467972,369.2371644135062
2023-10-24,297.4521009905757,323.4462491253596,492.48676191015807,265.4042097068434,240.9975991193814,274.57012245581353,269.8412890006078,212.7673832688974,298.56066899361,256.67936297154256,300.10560792405875,382.2252731878548,290.68638886337396,381.78559119098327,293.436486961336,370.36291580063516,370.37938626600527
2023-10-25,293.04378785087107,318.3669178593237,483.74819519451455,264.29704372573946,238.40573299540284,269.34600972372357,264.86299121888214,210.1520217690711,294.0673084393291,252.8287803325031,295.83517155385897,376.99223738498375,286.7315223447635,376.7587540135899,289.59709285160204,365.7088762281245,365.89671569611005
2023-10-26,292.13259790127233,315.8361587667058,477.84198898403946,266.0744226480063,236.70789745033156,266.8974931654896,264.4841139513433,214.55159791143203,292.5101420881896,251.39579866516968,294.9795611633422,375.72667653473815,285.6544520521096,375.57625393649886,288.57694933383107,364.25717237896123,364.52951301547523
2023-10-27,290.5708037771889,314.0774169948564,473.1717299571525,266.27026223000786,234.60088965203636,267.14510933781406,262.1075938299838,210.18057892502955,291.3459150956677,250.42200847778938,293.58038537198865,373.6616274751056,284.38491121310153,373.73191832594495,287.45169733143126,362.5731359278107,363.037946647481
2023-10-30,291.04163856236426,315.84340702526015,474.1703704271542,263.1878574758642,236.27960220243818,268.4368920676067,264.41626672235526,207.9361111047474,292.1437607340272,251.81541257204637,293.8929027657145,374.4025767277853,284.4182744980674,374.2680373878833,287.34839639881346,362.7630320165252,363.0559759843115
2023-10-31,296.04324871215596,323.0755224995385,485.490724590208,267.8941289741956,241.12064137543672,271.7150884347633,268.4707184193954,209.85080586134993,297.3761714278841,256.04050220714265,298.89943817055183,380.9370492448011,289.1696532035331,380.742336779303,292.1125896261114,368.92333123333276,369.17357411765465
2023-11-01,299.00919130196945,325.5320119092428,488.4810888129078,272.98513985286365,242.17044477722482,273.661674630051,272.98735308290753,213.5455853123518,300.15033029265055,258.01056768664586,301.7082016759228,384.9020163535878,291.88181207265075,384.47200374415223,294.68494355139495,372.5308751473614,372.57436922687043
2023-11-02,300.5099690159287,327.02334071153274,491.50388697942253,275.59041961420377,243.4172666011726,274.1309166151984,275.21945741819553,213.5455853123518,301.79379060202984,258.989328350054,303.0086843327107,386.2973989439611,293.3215353406972,385.6244176756161,295.93864436292495,373.87035511980054,373.6891402239876
2023-11-03,305.691047368642,330.9601494895871,493.1971648685703,282.4950315260047,245.0330719623528,279.5289668729469,278.75558104511265,221.22162395770192,306.48382447682167,263.13188793188857,308.06601673649936,392.59757791751235,297.9696902871461,391.7232955214389,300.4874753163395,379.4800089268758,379.13653102566917
2023-11-06,302.5610055784756,327.10763530554215,487.04879158825776,276.88968401946096,241.77434171591776,278.80544520336315,275.7555215942821,219.34376811341235,303.29688807685017,261.0561615402774,304.8092440256112,388.7046409053439,294.92097486934665,387.7089401618702,297.3168593880561,375.715198131254,375.2539554528686
2023-11-07,300.76988416230967,325.1580697288567,483.949915809127,276.77914526661516,240.00135383061956,276.0231212993612,272.5204039894585,222.788474441954,300.905170850021,258.9820653502923,302.98902881480944,386.62737803054836,292.72030384186155,385.6091067995024,295.101139699517,373.14194937834344,372.678785103103
2023-11-08,298.6646617025488,323.9801204461179,480.90688020647764,271.5157196507678,240.59431461436964,272.79600564559234,271.30441552433626,223.1976670464827,298.55728892341887,257.13915874038656,300.80134605491946,384.08169038197866,290.461298797153,382.98206589494157,292.76923051087516,370.4215444164304,369.88955128618295
2023-11-09,298.74978077192105,325.1013378976422,481.64728191250765,269.6623675914232,242.6715275859242,273.3109009309675,271.90111125841617,221.33486607443965,298.8766354428633,257.86386366153795,301.0253014177239,384.75664543898677,290.6409290655744,383.8026240817577,293.0758953765824,371.1702781112395,370.77080767585494
2023-11-10,302.73569231343174,329.83439301164674,491.9860791515665,274.4237943115023,244.63358166175152,276.3590608158975,273.04212526167987,225.73471373910974,302.6866328765677,260.7361861639421,304.80923567539946,390.023547382977,294.6779295616298,388.7665119848508,296.9230385284614,376.4418298099212,375.75989817778515
2023-11-13,300.57087890213216,327.28643971788426,488.45325548144086,272.23328831631903,243.70090032125557,274.3791660478083,269.7922268766468,225.09815999386365,300.4029965881414,258.8256788500965,302.68401046374794,386.8814386005505,292.7422287290404,385.7148024460704,295.01691286525244,373.63289717442416,373.0224947480963
2023-11-14,309.73189955763206,336.0275484209217,497.8714955760722,283.32787798571894,251.2022062208631,281.6231846358059,280.2957900514166,231.18432613463668,309.6528693286514,266.37091034102485,311.68041172164044,397.83191051733013,301.30139493498996,396.3838840947541,303.44202748059195,383.7938334328441,382.9508592144615
2023-11-15,308.55912014107935,333.52116702520846,493.80147646888605,282.3830854288137,249.6374554324055,281.1655392981713,278.71864823857504,231.18432613463668,308.3738000481409,265.0080646436413,310.4089171591292,397.2907675753111,299.8818062592243,395.69603030347827,301.93764686571075,382.8945833934972,381.9292022673695
2023-11-16,306.88648865554404,332.7412190728336,490.56999423411565,281.52664995325955,249.38192494544666,278.91252384618053,274.4482350356558,234.08905568726888,306.1979723871123,263.39811436192815,308.9244038320969,394.48804959427514,297.7595811862014,393.17229989502357,300.0054300076745,379.607765516155,378.9211589421475
2023-11-17,308.89608677890175,335.32511751511083,494.3738543994534,284.31877927620707,252.87167021835776,280.0312761066806,276.20613731071694,233.78368433606536,308.4216552864237,265.3508924318504,310.86838752799156,397.16510490416874,300.1072954878873,395.740202611091,302.2817027993344,382.668111452159,381.8650525363846
2023-11-20,310.4876374961895,334.3496492227135,493.47665330479407,295.8211981421285,251.41928871677385,280.58054369713125,277.00297672542456,235.44614285865748,309.95584244856343,265.20710092156247,312.2758734697544,399.3677717497711,301.74615866910915,397.6912322821655,303.74725503414015,384.8981135273571,383.85991460717855
2023-11-21,310.7778240412571,335.5748009540729,495.1232342033865,296.8833160714814,252.21243298341182,280.8882647157842,277.5772306449693,233.1580548553687,310.5457019579166,265.6745735886729,312.7764034916287,399.12051430222084,302.1372556049132,397.7243066617244,304.33188882294263,384.8166037166057,384.0324291325995
2023-11-22,313.2931188461517,339.67377803706455,501.21736283063234,298.8693345982401,254.61115329077728,283.73183214529354,278.3507703022183,232.96337664482624,313.3111826265084,268.27058612177484,315.27525357810316,403.10646061646696,304.448324780773,401.62746327450367,306.63442866968165,388.4672144312047,387.6187013354379
2023-11-23,313.46513472695176,339.67377803706455,501.21736283063234,298.8693345982401,254.61115329077728,283.73183214529354,278.3507703022183,234.49829961697355,313.3111826265084,268.27058612177484,315.4414335970353,403.2777855700507,304.60879797935655,401.79159439223486,306.7898377880243,388.62596741484447,387.7712406641508
2023-11-24,315.10245047939856,341.219723617728,502.10372339085944,304.5633497231939,257.5825316304128,283.4809303463008,282.2392944865345,231.09876485388673,315.5093852520444,269.43703778528175,317.09708282420434,405.4762814189352,306.0096652873241,403.9882714652587,308.2155941954979,390.5078608936883,389.66358302101247
2023-11-27,314.71185152077464,340.2894553408146,500.9014485905736,306.2539473133178,256.54400650838863,282.2465596655874,281.17249660050453,232.28550145539128,314.9354359721556,268.6168048845607,316.801027740351,404.78811146625463,305.492923044481,403.428584110783,307.79112240821297,389.6833537922999,388.9638272615488
2023-11-28,315.85963614465345,340.4828630687786,500.9912253774636,305.86331194630156,256.82527314193936,283.51229259104997,284.27702800121375,234.461724422397,315.92022249986184,269.69490891732477,318.0650095058311,406.4379870674237,306.775873145109,405.1992146320738,309.1786158029203,391.4722600223837,390.85927261606685
2023-11-29,313.86049700333103,338.9776141058191,496.84614848882427,305.56341872131355,256.65289801999,280.4651727709675,283.4243583562183,233.46243865502655,313.861331051719,267.82056822613197,316.0843692026455,403.89482445172195,305.0633062107525,402.7024395121029,307.47409268446717,389.3027382321486,388.71868253238404
2023-11-30,316.74964168194174,341.9422498362588,501.694677890502,310.2728894356752,257.8323733177183,282.25640627199795,286.88410355677473,236.78145570393613,316.60749659358123,269.86594886028354,318.91358437218554,407.5151922753273,307.44180215572794,406.2173669463134,309.8128387798879,392.2686970109375,391.61148095375444
2023-12-01,320.6560136017277,346.27562000825856,505.9841238421073,315.78649978214406,261.7120354597202,284.4435971316148,293.3044857300615,239.2045188225162,320.5725399777008,273.0332855181518,322.9599222438294,412.826563563657,310.97095637778466,411.6396123094691,313.4851951449364,397.0488223481327,396.5145246632599
2023-12-04,315.82456639110853,342.3728760607652,500.6208128404153,308.04088328969954,259.40588653693175,280.05676229870045,286.5746697652732,236.25499701294603,315.6625908854172,269.1738366936533,317.9554350396048,408.18374800783675,306.2822087551381,406.78012367211096,308.62955974026926,392.5211350514248,391.7818710982964
2023-12-05,317.37480143971817,344.37823254338497,502.24844888612756,312.82760711308475,261.30284159314476,280.3626226201242,286.93476441306785,237.93506085683796,317.1488209088186,270.402242799119,319.51144966473447,411.0673385951647,307.66720965505493,409.614311422826,310.0253959841759,395.11563478637737,394.3414584402986
2023-12-06,316.26532575185195,343.0990732746331,496.5570628105079,312.3901624817115,260.6309841689564,279.8620206582807,288.5337928370409,235.61765947501132,316.220156022288,269.57755401479415,318.4463391586461,409.51231341408584,306.0844130258262,408.13320211393085,308.49848813996454,392.99893701919706,392.3153291440054
2023-12-07,316.7123911116477,343.29410358971967,496.3175307434386,312.56594541130795,260.5886268776802,280.00027691687984,290.4205296839335,237.75628565123264,316.4468640982305,269.47993189110247,318.83088846420134,409.8109434850007,306.49975145377215,408.3607282177712,308.8566687019285,393.2744672160454,392.52590301214815
2023-12-08,317.61435872321033,344.8872861303847,500.4628975371948,314.27312980911626,262.30207686956686,279.7643215983064,290.6873566259786,239.2525758688726,317.24895657059056,269.7982678991302,319.555286027292,411.29264099151317,307.62784853293977,409.59900969058805,309.8125304107664,394.9996386566315,394.01612215155814
2023-12-11,317.0884004830611,344.8607254374615,501.0181253401329,310.89362106512783,261.76894227326727,280.649780200094,288.85538964463166,237.84908991095838,316.84502792118536,269.88101035048754,318.8628409182729,409.49748216386,307.14643565817454,407.6526852557534,309.17440724102283,393.351324672341,392.22223800605866
2023-12-12,320.12670866039974,348.61064711171565,505.2620025765183,316.5474368711018,264.66308132320074,283.26079852565056,290.8944504767626,238.283976273795,320.10433618655725,272.4150242385736,321.90208999318827,413.4923127183489,309.6076027170936,411.6070536040314,311.65550600244757,396.59262815909057,395.45543432296125
2023-12-13,327.36536392343385,355.80168458931496,514.953878058523,326.282965487418,269.5461697871273,287.6364258281579,302.28903969863353,245.0383647618431,327.175620484505,277.5752092821282,329.25440017197775,423.13932445597106,316.60745408101934,421.289083259307,318.77012766949855,405.8332304245798,404.7430787979446
2023-12-14,328.53024355671874,355.19146995009476,515.5689915638953,328.47184683524966,269.127266946794,288.2797869773375,302.3594023467905,246.68213810342135,328.2461372755773,278.03761724044296,330.3333337653301,424.47969114646685,317.9228430657736,422.51590884738397,320.00092458040154,407.35756178111194,406.1548758464003
2023-12-15,326.34970159295636,352.6536271965135,514.8062481666323,327.49003138795246,265.3422812774811,286.70369368035693,298.8856761128707,244.95763966566355,326.0780298580001,275.5964038737595,328.09728948567357,421.3303921499916,315.88539328416863,419.3403446249189,317.90679219555795,404.43710004762704,403.20147726240066
2023-12-18,327.01209999874254,354.41312337677044,518.7872838534221,327.708380557512,266.14461605855246,286.6898269040703,301.71438855899925,246.19279883958126,326.6505724283179,276.1628451025863,328.8098181017187,422.44785498889826,316.690966149082,420.4997371843256,318.7545562054315,405.7024825738168,404.4995874721994
2023-12-19,328.61810595639855,355.5629780402024,520.2726555445352,328.1803770456695,267.6498427317469,287.3008267666276,306.27460499627296,247.90676581324703,328.19390517538545,277.2488012213118,330.3857323118161,424.2186965550428,318.3580315012219,422.2261862880719,320.3918790926519,407.5520044713645,406.30457092200334
2023-12-20,322.3250195733022,348.9486356469426,510.5994838047258,321.23937333334095,262.832994978913,280.95870757005093,300.5483146927932,245.5259471077211,321.6241157829637,271.61725927062486,324.1609756322057,416.86923828351013,312.3247996068779,415.0071646605265,314.41292863801493,400.54068451739226,399.401769002109
2023-12-21,330.2315591550837,357.37553733769454,519.9479650811078,328.69047886408896,268.93557207619426,289.6787830858479,308.5244967108411,248.54981179718635,329.87057758539265,279.2710534152033,332.0152337891082,426.93437837778544,319.84708362618045,424.9136947844506,321.90012491285216,410.0461646965365,408.7810035224441
2023-12-22,327.83713480491923,355.6146178458329,517.5893418211788,325.7169623685736,267.1550782002692,286.7056130417196,306.7172423322246,249.23124691359072,327.1791165585034,277.17085451069534,329.6740355605985,423.89842233741837,317.4727403698147,421.9712390865501,319.5743548626548,407.0600364796557,405.87999038755174
2023-12-25,327.83713480491923,355.6146178458329,517.5893418211788,325.7169623685736,267.1550782002692,286.7056130417196,306.7172423322246,249.23124691359072,327.1791165585034,277.17085451069534,329.6740355605985,423.70897832981706,317.4727403698147,421.78990953643626,319.5743548626548,406.88511457397334,405.7120353794727
2023-12-26,329.08949291540546,356.421624167241,519.5697907691693,327.03350729632024,268.11861643702434,287.8331934576425,307.9597767669536,250.55761529819688,328.384292825979,278.1588396369904,330.95071465327044,424.83784382994025,318.88594530968453,422.95369996552535,321.00528338113605,408.23425537525236,407.0845816413224
2023-12-27,327.1786824209236,353.64740813259135,513.4680002486506,323.6156057735255,266.24323803506775,286.2303933695032,306.1666225503911,251.69212421863617,326.169066154567,276.6337067244804,329.0124454541935,422.6378909810494,316.72946705636116,420.73282514002733,318.8307482169818,405.73508758699666,404.57824426806957
2023-12-28,327.92640220247876,354.45642071589293,512.1790532978291,322.94107470094434,265.14976731333627,290.2200069090405,307.5487185322821,250.9636080466142,327.06806952641256,278.03830951648393,329.6919944898127,423.2914039048862,317.13682489782576,421.30637708583254,319.18563650611077,405.9841729637144,404.769275047643
2023-12-29,329.4572224725507,355.7270351647583,513.1095681956291,324.64820197202005,266.6567005455443,291.59784610551185,307.94702822734354,250.9636080466142,328.73368416265095,279.5358496030493,331.21458407522863,425.0619695037151,318.52082890658437,423.05626333169374,320.5669807042334,407.5712030367483,406.34420992414135
2024-01-01,329.4572224725507,355.7270351647583,513.1095681956291,324.64820197202005,266.6567005455443,291.59784610551185,307.94702822734354,250.9636080466142,328.73368416265095,279.5358496030493,331.21458407522863,425.8982371648857,318.52082890658437,423.85657259260216,320.5669807042334,408.342218706629,407.08443428366286
2024-01-02,325.26365322710353,352.55846756408727,511.3258809536856,320.2239753559597,263.6118539748426,286.984212603678,304.53386541022576,245.748014347762,324.7900039952453,276.3737501532745,327.1420917391493,421.00569346976056,314.4661204015302,419.1437574512123,316.61973317123056,403.6314327723465,402.53342605217847
2024-01-03,327.14168813043847,354.72167066132386,518.2869126252908,320.62552714080584,264.91444917564314,289.5881113887153,305.58779660775974,245.95632897556516,326.8107571481478,278.56827094564045,329.03379106777663,422.78088406607975,316.86041893145784,420.9396751027061,319.0106454172326,406.07164492724434,404.9661596683854
2024-01-04,325.2740972410378,354.49040893413894,513.4676470489846,316.112422311915,265.74082733202926,287.9828666572142,305.71255908025665,242.03166592389866,325.24952230790075,278.3153247911797,327.2349236565512,420.97777073240275,315.00021835339817,419.21886233006506,317.2139451849875,404.2540240638469,403.2256253272007
2024-01-05,324.73832619678944,353.1101889803216,511.58048556313867,317.75770417699874,264.28002553758574,286.8528524581494,304.91913651226844,244.07696220131703,324.4152224709437,277.375647789117,326.65675000952353,420.2247766235691,314.7126194635365,418.42304256959073,316.87885566763083,403.8185028983359,402.73800859800815
2024-01-08,324.6806189132264,354.61660528076135,511.887021058902,315.74230421505797,265.46454957514374,285.7215378425661,304.6809034095883,246.3547181448071,324.0771060367817,277.2160866765578,326.40638844806375,421.09421766716713,314.0929139741956,419.01573479345683,316.09733615980576,403.9235231814746,402.61667643994406
2024-01-09,321.76349730712764,353.0391162308851,510.10657414260976,309.78550503727627,263.33339368524315,282.3389450155715,303.6434037757134,245.11513024478626,321.0489490982033,274.5145932569708,323.61762591683043,417.192640830282,311.59297774877206,415.31551925326664,313.70294252205207,400.5836386033956,399.44123064775425
2024-01-10,324.1933003089238,357.4444341035846,514.333665328387,312.79102801849467,266.2567211839744,284.9652897698469,304.84035046938686,243.66883825759072,323.8659692228159,277.00213286009136,326.02981562253666,420.5186121672825,313.78962059419405,418.58079235084415,315.8910469903205,403.5774345014345,402.3915100214882
2024-01-11,323.91801655295745,356.21582441687036,513.6178020409255,312.9733418679255,264.60925762784524,285.6170322607794,304.11514175415016,243.12164666976926,323.63207972121575,276.75916142164255,325.75328432795635,420.03559688000564,313.7037461515961,418.1052093919953,315.7978963286932,403.34183930536557,402.15300870116215
2024-01-12,323.808648757523,355.4895664932269,513.4626604144544,312.78789798647654,263.9338057416817,285.6068569198461,303.9719219433977,244.0584974270539,323.39950275744684,276.5568189904193,325.71694213942226,418.5567689092422,313.6147205991293,416.77525315506756,315.7762710323777,401.992050234432,400.93619674998075
2024-01-15,323.8712145543423,355.4895664932269,513.4626604144544,312.78789798647654,263.9338057416817,285.6068569198461,303.9719219433977,244.624376606154,323.39950275744684,276.5568189904193,325.77735927311113,418.4438049127934,313.6728928955311,416.66709624699456,315.832591457104,401.8877296998173,400.8360037940237
2024-01-16,316.8687992606161,350.646960777556,507.9559465615161,306.06034886063054,258.36104786626476,278.330390383264,295.1845097726489,239.71885460537638,316.36119593170895,270.3413643975587,318.87195528912673,410.0442355930699,307.00111345601664,408.44837765031076,309.23946083236643,393.93225915469776,393.0317208755656
2024-01-17,317.0136471894843,352.0365224516617,511.1619318533071,307.26705781272653,259.8069110290779,276.5612553743321,296.6371637640421,238.042335332263,316.72009799760497,270.4605600272263,319.03404928972606,410.27696712155324,307.4218151214396,408.6985815517252,309.66759592331226,394.50008886381,393.6025614109971
2024-01-18,319.70610098300557,355.7846823111753,515.7701192255131,309.10691641754516,262.7682463966257,279.88211957373466,298.35912613085674,236.14404970054017,319.8842102347945,273.0740257406421,321.76411484645115,413.08293862217874,310.1541749713251,411.54494962658185,312.43430215964986,397.3730143334983,396.5099639831696
2024-01-19,322.0617803308989,357.85673798264474,521.0464848957395,313.58914030501086,263.1631073036131,282.2598807124687,298.50037306484387,237.9635747850842,322.23140523041553,274.4694487101694,324.0579213184506,416.1209085257602,312.2851517407545,414.4770857937328,314.51499799995,400.10554579683344,399.15588218206994
2024-01-22,319.7547240075438,357.0676863005317,520.0154636207724,313.24059615170177,262.1879242119024,278.87043239794394,296.1060627510547,235.46903174375439,320.0203739061003,272.55163630903945,321.7241995496491,412.3461895753304,310.24042360885124,410.73248309543675,312.4366804007453,396.742359443777,395.8049410357324
2024-01-23,326.6391818428784,363.38986871528755,530.5034147269779,319.3697955151263,266.2453496899168,285.92340384211286,304.02705011443925,238.30053976374984,327.18709148328486,278.0031329950099,328.6445243318134,421.2939909627765,316.85908600314133,419.6345688297643,319.0984545950067,405.274034120896,404.30939380037705
2024-01-24,327.0487090989404,362.2212359946341,530.3338693315245,318.9268815666031,267.9138969599891,287.28042650047803,303.6821366343115,237.1991674698178,327.77206936351365,278.21510927519574,328.8373219757576,421.77631871015626,317.3076907538232,419.8475765947187,319.3435532844455,405.8028576901502,404.58645185539376
2024-01-25,327.1538549726015,362.0930133580104,533.357938554082,321.3577413747892,267.6366701156085,285.771386729642,303.4719181443213,238.40403178693262,327.7356700518722,277.57473619379914,328.9385003886887,421.779311748276,317.6580073914876,419.8500562863341,319.6822645163529,406.1159834886543,404.8867192327134
2024-01-26,327.2846430203979,361.56305031128954,531.5850003309616,322.4934045448415,268.79462956779787,284.96958355016704,302.82883444737354,239.55486043384178,327.73477874491647,277.4186659334738,329.0110853072951,422.67692370702423,317.88942700146777,420.6433449039605,319.8560603539494,407.0816371941714,405.7526403453459
2024-01-29,327.75146011034667,363.7687063375943,534.3112503990387,320.79854763192685,269.3501713654379,285.9692034425718,304.81202864729397,237.56753553600257,328.4919030106797,278.2545594162834,329.548554802051,423.8427487268173,318.1364531604304,421.86584153255745,320.1763447093579,407.9294613838112,406.6656989232295
2024-01-30,328.5259218654999,365.84332238660954,538.8135387717092,322.34388160915404,271.61474333551047,285.14195738290454,305.8184478559127,235.00960068793705,329.6602185984026,279.15015929459537,330.4126370687897,424.79806245009735,319.08814393650334,422.92355500202,321.20615390443857,409.0971409417525,407.91978613484343
2024-01-31,326.17398818237535,362.09208281046,529.016158503047,320.53958348019245,268.64889654548097,284.06888722056095,301.73692487451984,237.22238936849175,326.8034327719951,277.7340005693236,328.1322698352555,421.73252601280285,316.56408683689443,419.977184385482,318.7541450761592,405.8503311530116,404.791316482543
2024-02-01,329.8693664854285,366.39407139025803,533.551758717602,324.84912903916864,272.11330481844067,287.54577115678586,305.48513587646767,237.78380950581496,330.77222264888576,280.6085550964719,331.84192951611846,426.5202972560862,319.68080338657364,424.73492548316915,321.903233816534,409.8783122850048,408.8208170490766
2024-02-02,326.2611210306715,363.7500273293853,534.6716413198495,320.56239794319504,267.80649228767805,284.46659301692546,300.24722983269896,235.39510390067053,327.1272575996637,277.0446369271855,328.1338438444817,421.95760702079514,315.94193291927877,420.09107918653064,318.0747462477402,405.19141660135443,404.06425396469956
2024-02-05,325.8365384539006,363.23241170954526,535.2884753290675,317.53233035430264,267.18548198584796,285.5880888317845,299.4527431930671,234.14923386388554,326.82024504009394,277.3773837037867,327.6991710238398,421.2852601353804,315.71922829153397,419.41700396927104,317.83610803138924,404.7827240601803,403.6435916821599
2024-02-06,331.01990541438073,366.61373523645904,537.8744582836719,321.0635894288125,270.78444771585924,292.2419884944298,303.97839049353286,238.7875682150949,331.90334546974157,282.23822487549984,332.8175559612101,427.9458979813012,320.701382415986,425.93324282999845,322.7649908820355,411.1343298831801,409.87265272149773
2024-02-07,331.7051903543654,368.85197605017675,542.9313852587895,318.16526841742905,270.67761708067434,293.74054843279225,304.7105746345822,239.0267117889036,332.62270620755754,283.17387735351133,333.5086959435713,429.3304572285841,321.4847766079679,427.2948284716702,323.55079084204544,412.5933426052792,411.30717617472607
2024-02-08,330.2970270768966,369.18844010661684,545.9739882780632,313.7342568537959,271.20086657149614,292.8006928998194,302.6999926306259,235.11089484681798,331.57765514470725,282.4546574075815,332.1562795326853,427.98656308634645,320.5822855314274,426.0170900798278,322.6837497919638,411.85462120051363,410.60576354732854
2024-02-09,332.7812557497954,372.655103203246,548.504179417518,317.2468485108686,272.9238413180535,295.66893841904187,306.13513506957565,234.35649771543976,334.39495105783107,284.8476121590617,334.56325509241645,431.8552703979806,322.98233812889896,429.7306018774773,325.0147392261583,415.53973515668747,414.1535798775346
2024-02-12,331.2918576027499,370.38491282965344,545.4548232306751,316.0254188014453,270.8599696995124,295.28414483456567,301.83279493765116,234.35649771543976,332.7622742434264,283.9536256092644,332.9870769838698,430.8874265504852,321.5729007151843,428.6332605787015,323.5214244990715,414.61740905741794,413.10939987333575
2024-02-13,325.5170113559318,364.21235788529805,538.1821383546953,309.37136899073107,265.94832510070677,290.2165473001856,292.77268121453915,234.35649771543976,326.4344805921152,278.68826662027,327.2288109369699,423.5993742456297,316.28565518325263,421.43190460228004,318.232924530503,407.9907728267483,406.537689376187
2024-02-14,328.9249419559457,368.3880590774977,541.5733924066259,314.7446176785809,269.1970355729561,294.11679606790904,296.0013715901505,232.1502794458882,330.44206833297756,282.4942930861412,330.5092984113154,428.5660216578603,319.27242991273266,426.1727753594431,321.1147149025725,412.35220892825583,410.71304986808633
2024-02-15,332.6186220068193,373.0175421092685,550.1893246869967,318.04510313628253,273.1024490763604,296.23348971117747,300.7173591238587,233.87246965930407,334.26727193443116,285.7430253930055,334.2050105334415,433.2796693950918,322.9873487134892,430.844345956845,324.831332451845,417.0521739810398,415.3736372663851
2024-02-16,333.84123103680736,372.8293665151665,547.9578163058451,319.44452040540386,274.0890523116193,297.91470249687666,302.43865555557636,235.4719117216216,335.3998165495868,286.6957336010788,335.4443481666154,434.89690015912413,324.23891469178596,432.4650534638373,326.09773881644395,418.6878294716807,417.0114623928901
2024-02-19,333.83274561091844,372.8293665151665,547.9578163058451,319.44452040540386,274.0890523116193,297.91470249687666,302.43865555557636,235.40009029502406,335.3998165495868,286.6957336010788,335.4361630403459,434.7338483044718,324.231002987586,432.30914951675805,326.0900877961716,418.5368922232583,416.86669736175713
2024-02-20,332.90614028864434,371.3755795929588,542.1584118562839,319.7124777347534,274.51934925582526,297.1106122810993,298.15697057768034,238.79317708665005,333.944729710061,286.5336018034251,334.580278928478,433.7145186098982,323.15097430042374,431.38149470387486,325.08109867899424,417.32509225561853,415.7480811648109
2024-02-21,331.3576799861512,369.2743904007891,541.6891379331485,315.7629839486672,273.266221944502,296.7564458021362,295.803037943891,237.88133527781235,332.366155926176,285.0851113807072,333.0059857847593,431.52586152619705,321.7681513591605,429.18879187714765,323.66850412142657,415.3748176445404,413.78475138985954
2024-02-22,335.67996818228323,375.3477991883354,551.9763672035276,318.2538788025989,277.3651609880698,300.732272355464,300.7418170613864,239.01345235535234,336.951931295985,288.44046604212025,337.2046987498132,436.7812027622735,325.8901236086386,434.25017376610515,327.6821463952631,420.3539148758005,418.5940755421351
2024-02-23,336.7452206779578,377.7866379845345,553.4162663254772,316.2936682010522,279.3668620095664,302.3019875624717,303.83006744518235,237.7965859427364,338.2743820993198,290.20053640202144,338.38380373732645,438.0129849351756,326.6563734175042,435.61570648362056,328.56483250859856,421.21277360720796,419.5921630769961
2024-02-26,337.3890071015689,379.19478773223653,556.7548364604662,315.9119265139766,281.2243058863895,302.5075192471461,304.4230903527278,236.98963206363953,339.0842402694808,291.1184477119074,339.0593466542157,440.2439379267763,327.4968313816019,437.8165754895832,329.4285704210297,423.5743764775618,421.9201237005789
2024-02-27,337.7399442492738,378.8376422282313,555.1220896915938,316.08438560027463,281.6428856817423,301.7729519220069,304.51876159116455,242.768889151231,338.717281835072,290.7921473990506,339.34388943626726,441.4574275044864,327.9757589724045,438.9098815316082,329.8413226218106,424.8859262947532,423.1159173192965
2024-02-28,332.1627817210962,373.62853776625275,548.3564886401441,311.4958022153844,277.6398559155058,296.0503530829045,298.6580790251056,239.49253972333787,333.0310661617173,285.4431700105562,333.86193520520766,435.954976089245,322.61347207472085,433.5221801085456,324.56019696300007,419.5906747581322,417.9197478033961
2024-02-29,335.7939967986636,377.5557309158002,555.3775431920565,318.0449808995809,280.6411410802144,299.17892124574223,301.405321983057,238.64718519526429,337.1096125890968,287.9598897795184,337.52949064724976,440.2865489380624,326.0446311656135,437.86837278457915,328.0323679656044,423.6560983452347,422.00881242534774
2024-03-01,339.3289502832014,381.4312935799678,562.3349894386943,320.8849670320091,282.06501153018684,302.7577726596967,305.0332007590314,239.6796373360485,340.8484499380609,291.446386988812,341.20282667862926,445.10264691467654,329.6308102715049,442.80091705770974,331.7466999350728,428.4758113219354,426.93556149507936
2024-03-04,336.5727411114901,379.397230575821,557.5396570519197,314.9987195054329,280.9521293265321,301.37643079615054,301.28118993874637,236.985931146425,338.1764593724896,289.5755183327933,338.71529289919846,443.24425612889445,326.8485782401757,441.23916996195175,329.2160769658273,426.49080759757203,425.23142695528975
2024-03-05,333.93120737275314,376.50144075139644,552.8540630017106,310.8155108325869,279.52398794762024,298.1327764072173,300.1681883512046,237.4515382351691,335.2206539680522,287.65611359385815,336.22337581232273,438.70340564491636,324.26661144996683,436.9679965873688,326.7715997118654,422.13987838352426,421.1238751140295
2024-03-06,338.5489979372706,380.9327087253995,556.8892896641428,315.3308320262136,282.64644832308267,303.0633615091169,305.2850260366264,238.78248293173638,340.1068820336785,292.1344199600159,340.8308259918749,445.2063817067603,328.7609438382143,443.3760000879682,331.2609716325353,428.39393651208155,427.29874076903565
2024-03-07,339.989518880734,383.9695540073566,561.5925535944268,314.40696964745695,285.82346361636917,303.5990857086615,308.7282324052821,237.72034501997376,341.8231219999199,293.89825819662155,342.26319744323416,447.19639724585284,330.04864476185986,445.33183140085646,332.54608348604415,430.16597027433477,429.0473892278912
2024-03-08,338.71591019892577,381.62111832092,557.3202933023097,314.3792864786044,283.4250791906126,303.1989181570078,308.54613132519376,237.31654416571314,340.47902245289,292.64927506749376,341.1207075409736,445.9194149073908,328.6811338231888,444.2196187730111,331.3037603245347,428.7585381669486,427.79815781156685
2024-03-11,341.33610249692885,383.80643683937814,563.3385039055564,318.380657461649,285.9681827843386,306.3161039982393,308.3793835354154,235.48011650400537,343.5918137270732,294.8214556271213,343.8001772362206,450.3965003107922,331.285562038985,448.6911962994144,333.96455637583597,433.1029176525023,432.14206196627805
2024-03-12,344.27586835146747,387.30256709001503,567.7392774959835,321.10567614797685,288.97935570614254,309.90474257611135,307.90154155946243,238.56685396357727,346.4105795166569,297.400910585484,346.49188682103585,453.95936706287915,333.97566717811975,451.91477172440193,336.4312253356485,436.3356509657371,435.0726046484664
2024-03-13,344.6348577333425,386.2742706924731,568.0150027213257,327.1913372573614,289.1732203373914,307.502009296702,308.16158856810904,239.60501183502276,346.6675912074494,296.22508045535363,346.91146047267705,454.78835233981727,334.60298318815296,452.7994875562349,337.1067467398414,437.4698814163886,436.24621850915605
2024-03-14,342.7333877879019,384.38012826870175,569.1693214094608,326.6843483967494,286.908377880736,305.5952642343314,304.1699573578036,239.01979994029867,344.65799838264695,294.47746952086703,345.0174459199667,451.9613902470181,333.0477493552904,450.02217637381597,335.54730613813524,435.1280127056526,433.93155451578656
2024-03-15,342.65202528573104,384.86503489347353,568.8499527623163,328.1205686782681,288.24513423891744,305.3466463775822,303.8615131895194,236.57650216299646,344.889027043439,294.90756820272344,344.95978907989684,451.436892910011,333.04011218254993,449.5463181532558,335.55951918138146,434.72822823108464,433.57205792283617
2024-03-18,341.5333036079044,383.98356458100847,569.6142585859493,328.490466022592,285.5142083835776,304.5741802630745,302.2734172246795,236.97157898049167,343.60827622855993,293.76790342023605,343.8324491143887,449.4524946056807,332.21703350417226,447.5884250011982,334.71895962255604,433.1678664685073,432.019793929146
2024-03-19,345.0284467207036,389.84360197982727,580.3891333978281,327.77721560951386,289.67546152715005,306.8989999866246,306.3285381043184,238.3469987345955,347.2630195922825,297.026977552869,347.3642110473098,452.57158519087204,335.72258448202604,450.76766894550894,338.25906607036643,436.36140153677064,435.26587479810985
2024-03-20,349.5540027916512,393.9113443358717,584.2692672312212,335.56597257494576,293.2438995995081,309.4494479359812,309.9383415375123,242.885458028663,351.63083933468874,300.31114716473877,351.9053448267964,460.0272733325967,339.7494780245351,458.116637663917,342.31687758485197,443.02302258070137,441.85864174247126
2024-03-21,345.6628457731602,389.6650780254697,579.552706059324,331.6226707364485,289.0836327475169,306.490899208018,304.69533978509867,241.04592926990262,347.60282270953155,296.7344723591139,347.95172966474587,454.22980241078375,335.87168156414424,452.3237406881189,338.37955193815606,437.34481408830374,436.180751770572
2024-03-22,344.651493659144,389.1664312034858,579.957949388247,331.3147433877129,289.0643894894385,305.01822604417595,304.8476530843583,238.37946400433262,346.8429014698863,295.80547879421755,346.8858417253441,452.508402143008,334.92621437118675,450.56479591604017,337.3808487302447,435.7485571877638,434.54491331116714
2024-03-25,346.36028420793036,390.5265984032991,583.6023394014869,332.67175561284404,291.3032074198162,306.1967711790223,308.28127831516093,237.66484943399902,348.81341363087824,297.3406750777761,348.655111248769,456.52146512012666,336.7811543528957,454.554554410612,339.28805229278674,439.79059993790025,438.5635956498641
2024-03-26,344.2128280327172,388.13649417408885,577.7763350847362,330.09373902468167,290.35006076815586,304.2755886881301,305.63937557111,237.52492139252905,346.4728117454484,295.4965946905794,346.5447005565897,453.7069552950757,334.61834494650884,451.8158360879746,337.16001671976284,436.98479476958016,435.8282572742221
2024-03-27,346.8194330337569,391.1807390968353,582.2501797338498,334.1695959324962,292.7533267440348,304.95948486913863,308.48305360897155,240.13346631468923,348.9891387522993,297.0564953294996,349.1741900930658,456.8798899573445,337.09848356019114,454.99216379984057,339.66596815138075,439.98295206742677,438.8360524271996
2024-03-28,348.043565072255,392.092037516249,585.6676332000557,335.63571010028176,293.14338785187834,306.06377141386173,309.01509115917725,240.5699331063935,350.2752441786603,298.2114466234424,350.57902215095555,458.8219316346477,338.49313678002693,457.1295547080099,341.22455012369903,442.09803396918954,441.12546253147843
2024-03-29,348.043565072255,392.092037516249,585.6676332000557,335.63571010028176,293.14338785187834,306.06377141386173,309.01509115917725,240.5699331063935,350.2752441786603,298.2114466234424,350.57902215095555,458.6873455264003,338.49313678002693,457.00062231974147,341.22455012369903,441.97334118837637,441.00565215375707
2024-04-01,348.9349044823073,392.7133350700279,589.8832503928107,336.72436221080295,294.33526561635415,307.526308104294,308.49649303858126,238.22849580331228,351.56377530151633,299.24401063070707,351.64909785406655,459.76171529980104,339.54987279868067,458.290779180138,342.44365132689023,443.2506415716784,442.4754031054674
2024-04-02,351.24898831110454,393.5124698810514,594.4378925072687,339.27332488884053,294.1640861465762,310.71502594770095,311.91402212885123,237.62449403348143,354.1882814818276,301.15752517915183,354.21071425842507,461.7052782753735,342.0135711144901,460.5581429405654,345.1350552589836,445.4313190106444,444.9477483528491
2024-04-03,353.2317889397361,395.7170186749308,597.7309753542714,345.91294628745544,297.02558644039465,311.04430751777915,312.89932586793475,236.5429038102826,356.5159966038655,302.8836108540765,356.28508966971697,464.3977852008875,343.97430891401643,463.3342406776575,347.18265371782115,448.06338165047856,447.65966876689316
2024-04-04,349.83440141187174,389.9811908796257,589.1127426302634,344.29859868289947,293.06438413291437,307.5035330349451,309.8704323527803,237.7364095202731,352.6117652118892,299.55322980502615,352.8414916183415,460.7233350273813,340.9000472933965,459.61674644923704,344.05484803807025,444.7819749863211,444.323580253053
2024-04-05,352.7805836736704,394.00190610674485,597.8050531232433,349.77033934495137,294.6210842313628,309.22422479327753,313.2276536392266,235.76474886546904,356.1171509669589,301.5950889293278,355.98924502118405,464.33571791255685,343.72865755629863,463.4514744129046,347.0765259303169,448.22620051880347,447.9809161369193
2024-04-08,354.3155379150433,395.00474541629325,596.4207420229084,352.2344527829742,296.18244929406023,310.31185161754377,313.00582644952823,240.2413098541506,357.192780014148,303.16186244696917,357.5578115654337,467.30423339516534,345.1242512645113,466.40253729174884,348.50801764863706,450.93116895016533,450.6793643852572
2024-04-09,353.8062256971441,393.00231079059387,593.7834210410283,351.30849765479735,293.2728561202335,310.24398450457926,312.64739617654726,242.83519715646867,356.28205358807946,302.3429370715709,357.05482443158456,465.8983536229493,344.388074840245,465.0413311034103,347.78424344722947,449.30018121904027,449.0984880092384
2024-04-10,347.94405501392924,386.7826056918169,588.766468366261,345.39289817249966,289.2011011979957,304.7734752666252,306.34442830978605,237.80133340816775,350.5136224416523,297.0354170203199,351.1944028802099,458.81651903182865,339.0245520842317,458.0176451809335,342.40657149474646,442.8767727715887,442.70488888628404
2024-04-11,353.47740413892353,393.2998230196327,600.1831919492064,351.81521218150095,292.1695161104496,310.9817935861622,311.27481938384364,236.37498055924584,356.78571024731195,302.01764971612926,356.9966191258659,465.8972818337574,344.26883884446625,465.3667065388296,347.9124910907216,449.53463892923884,449.62791959601896
2024-04-12,347.72132889169455,388.72316697906604,593.8002112192981,343.95658252662093,288.5227592304323,304.896998085087,307.38896099714805,231.9516455010841,351.0545492077389,297.47308360215936,351.2940256057528,457.9373838245818,338.94934863586406,457.56907518027015,342.6293770943311,442.2280250709234,442.4484831453223
2024-04-15,345.9820085081157,387.82112420711667,589.2859206462822,337.5342118194669,289.8390496269061,304.3284426711404,306.75988103600343,229.55515888133812,349.46865088927075,297.5423273194725,349.9452413722954,454.8014660410428,337.4128969226229,454.97966466206856,341.4530755591867,439.4305369329951,440.1475730862357
2024-04-16,346.23445753243095,390.0483366849707,594.8768340523385,336.0200889308817,291.2849875574108,303.93522623741814,306.38664160264267,227.70679886493053,350.0026337088633,297.922409035765,350.389881708326,455.46886975422086,337.7713225636851,455.87106973874654,341.9890264730058,440.2034549760548,441.1254307795705
2024-04-17,352.3765840461273,396.80207304264326,602.3175104800697,343.3560537875898,298.23482505963744,309.1390146292445,316.60233194057776,226.7346901679785,356.9118957870559,303.8076589359362,356.5270372547985,462.8453587810685,343.37905324111597,463.18271375494106,347.6078970910029,446.8773321544379,447.7636941024568
2024-04-18,349.0362884867609,392.30909939007995,594.1336610975906,341.30486811401374,294.5964292791087,307.56710479249165,309.7838552291493,225.79267041606718,353.35584327537066,301.36160680299093,353.1880725364829,459.11692658941405,340.09437803523224,459.4770078767062,344.32205664923987,443.215928709519,444.1210003274435
2024-04-19,349.27890622748447,391.65522149219106,591.7197784342978,342.98699277409025,295.36512520654986,306.27150574675096,310.72215652420294,228.96655446508368,353.17224792650126,301.2597096561234,353.4926428669225,459.5510563311508,340.35709089262,459.98093856991505,344.64237988188734,443.6637228911283,444.6332962185183
2024-04-22,350.91742530528484,392.9372461844822,592.7654531695438,346.79026552505513,296.8990139407464,308.5522494105434,311.69072744314354,229.35503231224584,354.9251740593747,302.34013223094576,354.6419145180512,462.3523858291763,341.7856810766245,462.12315983806366,345.6183193089934,446.1335738195223,446.5012949387909
2024-04-23,351.4295097809683,394.13358685487816,594.4933476040449,347.1938767530486,299.1632918124983,308.69340680201407,309.6275094217469,228.7496609216128,355.57535607410483,302.81340466129245,354.9937733163217,462.7380591906909,342.36476445091546,462.3121879430204,346.0455360577615,446.61725986195034,446.7984621813713
2024-04-24,349.04415356938887,390.96421263292666,591.1590128037528,339.8918310398692,296.1384887402671,308.8191243233963,308.71021857132297,227.2922940925171,353.1483939931727,300.7912438767165,352.55761353240314,459.00694695313956,339.9827508390265,458.57386752992915,343.6152329319126,442.96505870576584,443.13676761132956
2024-04-25,349.78222626652826,390.72499061104577,592.0860858873999,340.95241326116053,297.15542842310475,309.95845123069404,308.3870177930789,226.57664738196664,354.06411490510175,301.3451804066874,353.39887180804095,460.05107242241945,340.84967510432756,459.73394266684784,344.5754039529901,444.1553925129374,444.4296068381201
2024-04-26,354.4576506035602,395.07766993620316,596.6989790806631,348.0289196578141,300.6298093846796,314.0935648266739,309.1183530650136,231.0653601451131,358.58934569639297,304.8840035336496,358.01562041280175,465.7934721871042,345.24967328217576,465.35416055284867,348.9292309372719,449.51899501883713,449.6931508814737
2024-04-29,355.2282145463396,393.63953993653615,594.5520692053793,351.18302302558845,298.3024829685307,314.9589026358255,311.5278264526196,233.18703150723152,359.1404310121171,304.7184468245307,358.6142936779726,466.63476513857506,345.70320281208365,465.97674266176875,349.23080628223664,449.96540668746536,449.95049310223214
2024-04-30,349.53802264084123,387.92699254203154,581.945273432434,345.9997390448557,293.97405523301103,311.1378658518333,304.2709348066472,229.21360633642652,353.4209141103455,300.68783725880377,352.8177732695899,458.5273667768975,340.1962772753865,457.83999516754534,343.6177199134243,442.2094988773166,442.1546301461116
2024-05-01,353.98556337898486,393.001977268235,585.490877967389,351.41367648662435,297.5329755514545,316.17573298289494,308.3377995434417,229.21360633642652,358.3266743207938,305.1359022800277,357.4693789524154,463.67237609186435,344.1245637918592,463.2063165257362,347.7530881507639,446.6965435953456,446.8716903531826
2024-05-02,359.96287036230916,398.19575144192345,590.9880489331993,356.0631886000604,300.7132185182822,325.13470161346913,313.5115978600235,231.60447565900424,364.58755640234017,311.1819945390163,363.2212973014121,471.4672650999784,349.7042530464164,470.64057885602296,353.13473734434297,453.9188743942456,453.7797480884814
2024-05-03,359.2084141865452,395.7648198078489,587.7381295185888,359.27889163005926,298.3640332542796,322.3732858555395,314.188918227665,236.41991444287837,363.0648140003696,308.90459442426504,362.2438332213882,471.3952233737705,348.6291473032788,470.2641521447799,351.86028231351406,453.3885570196135,452.9839325582736
2024-05-06,358.7183670233606,396.0939557815235,588.876636765066,361.7969006100995,298.69364932173914,320.94610799108455,312.52413902769484,234.37602079909277,362.8098197630651,307.7577220397054,361.80893082628745,470.7134297725495,348.162659060921,469.6594837353258,351.4444878935443,452.7456505937716,452.411146841773
2024-05-07,358.6577709875136,396.6639342893957,589.3997347160463,361.6496740827979,300.95711066789454,318.94547062451295,313.42779378253294,235.59272723810113,362.57173925387997,307.2655111884445,361.6950438981849,470.4051863466888,348.0877099771638,469.2948440754014,351.3201730339588,452.43745852360735,452.0506628010599
2024-05-08,358.3554604997664,396.24994773603123,588.885070299692,362.52744526352143,301.8379419490973,317.58492025133546,311.7755023288886,236.45590927831623,362.1175818262501,306.9572511616652,361.35526872811664,469.6725281888271,347.91411369093606,468.53326744827683,351.1077146037551,451.89495104402965,451.47418982529837
2024-05-09,361.12851081970564,399.99138127893684,594.7866096112881,367.480451009321,305.8107336382284,320.00913862741095,313.33736453728426,232.66386307463404,365.7024214052524,309.41515955296126,364.3100027730864,473.7890201838534,350.6139087070255,472.81884917599587,353.9800532575292,455.84721150575314,455.58924575864495
2024-05-10,364.79119627391015,404.59472943738746,600.5971984571815,368.9725963344243,310.00303067018,324.6540580849582,316.5305573333851,230.92976353313142,369.9964736528886,312.87043112603175,368.1281177177475,477.91365734454524,353.94760097839554,477.11486437397843,357.469452249009,459.562874437016,459.47901660720464
2024-05-13,364.48129593716146,403.2486864514954,598.5035371661445,367.0520844521063,309.06732769771145,325.8675410094878,314.21047465472566,231.74013296848887,369.5355422776768,312.85400951159926,367.61326151680225,478.1194907248691,353.7661575690957,477.04497603504814,357.0928513571689,459.88704768670505,459.54307929640805
2024-05-14,368.2715818413079,408.2038935769293,604.5872093403789,371.82762648680836,312.9258556855517,329.3841549531883,317.22189275014523,232.0760301458018,373.6790442798929,316.6875073173214,371.4971873808042,482.5956026218287,357.2112815957781,481.60626077101665,360.6364873400146,463.91865366161255,463.67014432507085
2024-05-15,370.6697873633085,410.5953593228623,607.5564308009978,375.71059908619276,314.22350207405134,331.5445001470812,319.6223982810803,232.91546547724568,376.2108085806185,318.3430041322371,373.933321845591,486.98473389668226,359.4978631682167,485.9596481893517,362.96232895073194,468.0423866008165,467.77040853380385
2024-05-16,370.51836625083695,409.56449236114787,606.8532844445198,375.40109313040284,312.1744791443057,332.1067791170496,321.18068473305294,232.99894421078426,376.03089469009944,318.18046840126664,373.7452966266658,486.5109375061125,359.4433438445032,485.4533236770687,362.8707792122377,467.7127740620173,467.4052572672903
2024-05-17,371.59229780240406,410.3415426470794,609.281238747718,377.2097017427128,312.61441161026676,333.0697199195337,322.80315590229026,232.80773290105503,377.2479404595585,319.21717560985564,375.01708720008367,488.38822515225314,360.5651293136485,487.5440326752864,364.1761387094029,469.6002887213982,469.4901275610293
2024-05-20,369.6823919780267,408.4361236575606,606.4435970471284,377.77502752076947,310.3909316496014,330.86455259590963,317.7254433959208,232.8704931536957,375.12345009704495,317.1035462374011,373.14892555270035,487.1513212401143,358.6664885276564,486.3345649500003,362.31566210985346,468.30700799580865,468.2244587647451
2024-05-21,368.30645977951093,408.32324649687087,606.4797809420776,373.32256120414536,310.58119368344575,328.0992161848992,318.37071903681544,231.82741522892658,373.7530918057129,315.9392872860543,371.79692223826703,485.057096234042,357.2814468682206,484.30080044817913,360.95286190711147,466.2412743536818,466.2138320181414
2024-05-22,365.8090911009872,407.20588577844035,604.1995272852853,366.07380281530857,309.14470205935885,328.0958870627949,314.8682262738241,228.21384283902972,371.518019924286,315.0878156871262,369.1572544660322,481.6895226249198,354.7654323358419,480.79290897016716,358.3038805719421,462.89003631067453,462.73208216056855
2024-05-23,364.9522047265214,406.8918648589946,603.4056861419632,363.3373282331337,308.97931553293176,327.66455788284867,316.823003431782,226.73572668784715,370.78739912372475,314.80923007504947,368.1151110582964,480.3817948388617,353.9684964555236,479.2723242017508,357.33209701309477,461.6827357404234,461.323835348019
2024-05-24,366.34747673624827,409.2415672591981,605.9824298676838,363.4870682601764,311.2859580844745,328.60963017807927,319.6488183278066,226.01982422258757,372.4402815483069,316.1272312717658,369.45694162710515,482.2835471922498,355.41654879534616,481.0851425420818,358.7290623785734,463.6269108010738,463.1838276358735
2024-05-27,366.4566756799032,409.2415672591981,605.9824298676838,363.4870682601764,311.2859580844745,328.60963017807927,319.6488183278066,226.82827393606905,372.4402815483069,316.1272312717658,369.5626623919556,482.76745760952844,355.5182518766678,481.5492848210168,358.8277652276215,464.0742096925292,463.6141482556065
2024-05-28,368.39783403538803,411.4710013094309,612.3511334247987,368.2538548702488,312.3057674458357,331.6524637354653,317.1484773318169,224.79190253532283,374.896451176615,317.7400158181059,371.68044820602773,484.92378243275243,357.8436088854521,483.9162348231849,361.30714566124027,466.7168115953888,466.4333631939841
2024-05-29,363.0075971142571,405.4179951500687,604.6604454570812,363.12796509253246,306.84091891228576,325.42448546388994,314.76795404572357,222.60121042588983,369.2446022718803,312.1766501534694,366.29177189743143,477.869844715143,352.5879477916073,476.9374517624372,356.04773857552505,459.9013018174719,459.6791235168071
2024-05-30,365.4851330565146,409.42185600994526,606.4987118970342,368.8141810930224,311.01343803028595,327.56706556131985,318.7638026404349,222.60121042588983,371.9938062631582,315.56247089551385,368.8355549333046,481.3762976935176,354.81652631168015,480.48253713124905,358.3460603376086,463.043790261657,462.87089180575646
2024-05-31,366.6371971565615,412.5803864803558,612.9881230543538,368.5150294657111,313.5545240179067,325.9456717829848,326.3373465656454,221.62262622298718,373.4216516001512,315.6045974132124,369.86515842221,482.58692941120376,355.756809730709,481.5360742764482,359.1783495001265,463.99611519819615,463.6870713361194
2024-06-03,368.929138356601,416.70204491455075,613.8537001592663,355.372846147752,316.5926717419688,332.30701058175873,329.21233249886245,222.1378418678015,375.88929896201324,320.2424072863229,372.3381019764641,486.01869008224935,357.4341874873286,485.14576265370505,361.0432528498884,466.59490890290226,466.4819872267696
2024-06-04,366.77023661186064,416.1959095822084,613.2183333655921,353.71298001158806,315.11032407950614,329.2196046512911,328.75812507420613,220.9639305244453,373.67028554576325,317.75850185454794,370.1256519564599,483.8039856967817,355.29133488339386,482.8687769123042,358.84942598337364,464.38118845778274,464.2106929976676
2024-06-05,373.0764501557034,423.2822643356041,624.315096259504,361.48604972328417,320.4658334929382,336.19484296846286,337.9335763005638,219.6925596532337,380.87467036322346,323.68116722274294,376.5208247009491,492.0746955509079,361.4217161549915,491.16455466657135,365.0695118625406,472.3486904157492,472.21220965676815
2024-06-06,374.629151719349,424.8980192127948,626.8293965822037,359.019040740481,322.436698708509,337.9296561392929,337.8866681970154,223.4750596974608,382.0077858972729,325.7562124173916,378.1729392249604,493.997617502367,363.17663087059555,493.1954341613729,366.9117160571661,474.5142100941652,474.46850739359263
2024-06-07,366.73191297517053,418.31237806232167,620.4477214011102,345.9061860092676,315.6353845978871,331.6156948981584,327.6572470132801,218.42829879281197,374.0071990521606,319.50551595306456,369.8609319496517,483.44738090594774,355.66116914320463,482.24113933150454,358.99625926080773,464.56145922627394,464.11980775690404
2024-06-10,369.03369364069783,420.30394206563716,625.0671553087559,350.1616967959198,315.5294763591743,334.7185063995658,329.1176082735243,217.8084810362697,376.66452791815686,321.35477647428854,372.2630211578114,486.4568663021749,358.3168660556348,485.34520432948193,361.7357098513155,467.9860696805742,467.61606528105784
2024-06-11,372.43046816705447,424.74133666960034,636.3765538064526,350.21204925035744,316.7365746197786,337.5234382936736,332.0546053429911,219.7471065896493,380.141947210374,324.1333325300042,375.8283487679538,490.43958052495486,361.7166883644743,489.5118467149584,365.29373687865075,471.9635782121732,471.7641155628697
2024-06-12,376.0597998058031,430.17697323656313,640.0668949076729,350.48143383543555,322.9651474542239,341.58009322246687,338.11544376643684,216.5347130969022,384.6883926269544,328.39038583551144,379.41838241650936,495.337569896596,365.2235860150306,494.30532955659345,368.7683411338093,476.65003862017744,476.3612066441903
2024-06-13,376.34441523411704,430.0879877876113,644.0030337052666,354.36991769660295,319.25880171023675,342.1215506347865,338.4583687874077,215.40100712421025,385.18910669022847,328.00317074112183,379.67165130795155,495.39678437265763,365.5407886365007,494.33408496756323,369.0553680323805,476.76988759786275,476.4505042723865
2024-06-14,372.5635278601185,424.946878234437,638.9531758487661,348.9387292537057,311.5445479839563,339.61170171477835,333.57148094765233,215.34589575022062,380.97652684337334,324.4508830734771,376.0945014059622,490.2547551837459,361.97382705782667,489.50633467793637,365.67168455041514,471.9594800759145,471.91965380971743
2024-06-17,373.3479965442272,426.93189350693916,643.2854028957781,346.314523543227,314.0484806229818,340.7843325815418,331.265818086031,214.47451094842117,381.99178106922574,325.8426472474088,376.76434571540824,491.3718927639418,363.01879634617524,490.4657519715679,366.6022290406528,473.3863310759152,473.18853165484677
2024-06-18,380.6912403548179,433.89645378570395,652.8354194139498,355.07957266857443,318.5378076446949,346.6671791216251,340.99634822449065,215.17252923903806,390.0750402279377,331.9586975544045,384.12742879545317,500.4910911984704,370.2206506726049,499.52979664804946,373.8284689381864,482.26940527024215,482.02866182484854
2024-06-19,380.8109664859205,433.89645378570395,652.8354194139498,355.07957266857443,318.5378076446949,346.6671791216251,340.99634822449065,215.9845817912751,390.0750402279377,331.9586975544045,384.2434033243731,500.6452644196348,370.332426511401,499.6777553982942,373.93699307259715,482.4122515608216,482.1661488458262
2024-06-20,380.6667220901495,433.21896117633753,654.3754743148027,354.1514756647478,319.7799771464315,345.84875300157415,339.69734095247867,216.90666367799508,389.76246288054654,331.4605034390046,384.29097185492475,500.35834086241005,370.332692541721,499.6365902487344,374.11250871609593,482.3154173738129,482.29056132324047
2024-06-21,381.0036428178962,433.67985355824885,655.8507471215948,353.5314370379787,319.3055840845823,345.3812745855364,340.9109107532385,218.19002488149417,389.92915065477945,331.6889851217742,384.46306690879453,500.6668361130671,370.58675585030574,499.73973452125176,374.2147379175379,482.52546202241496,482.3133627205981
2024-06-24,380.651674061206,433.1319898528861,654.9920347132214,352.07062630944625,320.8587417473799,344.3134932233205,339.0021848489191,221.37743270679934,389.0183496359423,331.50554945773615,384.1085706554342,498.93889980061294,370.38361522397184,498.0644131629707,374.00482758663134,481.0813248992158,480.90759756772707
2024-06-25,378.1787444304574,431.10975673609096,654.3604350054678,349.3963490124204,318.0268148983552,341.7958439729205,337.5966540812215,220.8652884381333,386.34312785359776,329.119756103487,381.53299947060304,496.1939418471867,367.8253915824453,495.2052329595914,371.3524241974112,478.22636509087874,477.9507025996006
2024-06-26,381.0586928064852,434.6672399030874,660.376341674756,351.4051643158921,319.8640841161028,345.26250447061034,338.9681834767922,221.2262390333803,389.49531770497447,331.3571609614688,384.35370452507965,499.72494977072205,370.65378572761483,498.63289610000106,374.127529207662,481.67280898544567,481.30404669494123
2024-06-27,386.1757596649277,441.2332161797699,670.5195507789657,356.6392004139386,324.3694073259945,349.69705839801503,344.91609286205835,224.70074906007204,394.6450459595322,336.31978410006525,389.68767604358334,506.69468914057074,375.85051137534776,505.7928368716541,379.5260410837943,488.6552911841046,488.4623426216671
2024-06-28,385.19226908106634,439.07422204081905,666.6749091738793,355.1051208487361,323.0501713424794,349.64031123022414,343.7480450150665,222.7592658227176,393.8586039388447,335.52336561310904,388.67428685349574,504.9541776005591,374.8098832568118,504.0465516724082,378.4588534715668,486.8891381575784,486.69188015099974
2024-07-01,390.7515329915156,446.94027468639035,679.6666424806683,356.2282458352692,329.9557377495537,355.57574030793097,347.5094172970785,223.29145627944024,399.9741604908264,341.5871772504339,394.35892837242153,513.1478881395353,380.62547668685704,512.2844272499339,384.38562634580563,495.2634514771355,495.10002090159276
2024-07-02,395.479788019712,453.8296462956126,691.1078296984124,359.54774324535236,332.46527290460614,361.50948182382075,352.24198713946777,224.02024045842305,405.13532285688194,346.3088932364011,399.1172190299095,519.0686440437094,385.1375810178211,518.1892931878348,388.93318096706815,500.8714328877671,500.70457573370265
2024-07-03,401.7824927190096,459.5475071294298,697.5873354103934,368.0567434845629,338.36259259114746,367.0950582192893,357.64462262943255,226.7934134479169,411.7229396682003,352.02344110858996,405.4619612631048,526.4621401631008,391.1162927598095,525.584118636059,394.96206822639164,507.8393082108589,507.6891829178889
2024-07-04,402.2050881201211,459.5475071294298,697.5873354103934,368.0567434845629,338.36259259114746,367.0950582192893,357.64462262943255,229.65591309174692,411.7229396682003,352.02344110858996,405.87136811564335,525.453223000269,391.5112143694631,524.6156239112102,395.3455343822667,506.90351187753475,506.7883120983645
2024-07-05,391.406947099854,446.7122654065528,674.4728278101765,355.9715324283912,329.76913771032935,355.33378101886586,346.8061674305719,230.7235760237551,399.4903825699882,342.19123445244134,395.08139806642134,511.53455098151267,380.906283863667,510.8443952173769,384.74023218003185,493.35232311248836,493.36130839514027
2024-07-08,389.7034136260636,444.79595988960614,672.0385519350198,358.1252327462486,327.45082264169014,352.7442718787214,342.50357083517713,230.26728785338128,397.665424825424,340.53631565598073,393.1916762976782,509.3562696103226,379.1064910942381,508.455604738747,382.7684725532424,491.0728860431045,490.88993599630504
2024-07-09,390.30345182090855,444.1575360616484,670.3647994401653,361.4326525508863,324.0438597492683,354.28574317004615,344.05475260120687,232.40385712115557,397.9979496231977,340.49535845732584,393.796975809384,510.5743547017907,379.5418500930948,509.65474395889424,383.21369563201506,492.0463725253902,491.854885413121
2024-07-10,390.59709487860147,444.9224522858831,669.8257945252093,364.55224112573177,324.9438532279704,353.3446090575368,345.6105402812031,232.04812114069915,398.37998519795764,340.33093128217376,393.9850160124246,510.65113885219324,379.8018653423728,509.60850334447593,383.37594623491873,492.09993589261455,491.79498224713336
2024-07-11,391.9947483374093,444.4386957687316,665.0330467126183,366.75130738468715,326.6338975507105,355.6407541573925,346.9572015099283,233.98609165750185,399.6326147453543,341.86583845688136,395.61076340170274,512.255656915384,381.1865940534024,511.4869021557377,384.97478050201073,493.68644128768375,493.63657613219624
2024-07-12,396.81486204844975,449.9263663646146,671.1739869201496,373.0899861374432,332.29240488049396,359.46494139923163,353.4900312098621,234.44122509181904,404.92270962687246,345.7025786095996,400.3388863454444,518.5897625743589,385.621388142588,517.640512212465,389.33577302308345,499.47528947373706,499.27761850007937
2024-07-15,393.21560275432677,447.3431531840367,673.8877562782642,367.23008521244003,327.8914801351608,354.0973897366244,350.7552175361242,235.72706516927596,400.7141199763385,341.7934843186022,396.85968426197076,516.5065311067631,382.19553502067623,515.6494916762906,386.0162871613642,497.4612847595204,497.34679466810644
2024-07-16,396.67327277385857,452.10884611063057,679.3012973186509,371.11913129388773,329.69044298736725,357.90743923461923,353.29529213196,235.34194127924314,404.6175706383436,345.3077534773889,400.59777575352985,521.0307183509711,385.286375670201,520.4771595121493,389.38081155059257,501.48148316197796,501.6673926532686
2024-07-17,390.88249802705803,445.64800986835047,668.9616728268086,361.9429250684159,326.77841379285536,352.1368466125812,350.1093043969067,235.65044866543076,398.12562612633144,340.18905615059566,394.84334466853784,513.3307530482197,380.12599119311494,512.9059541125745,384.2350582518705,494.6548005960092,494.92844471137624
2024-07-18,390.6676369082558,446.83679293294887,674.3905821062175,358.6880270393425,327.62689404539367,352.656683060939,351.38871900392184,230.59838877818558,398.66282796681406,340.87769676748155,394.71762598136695,513.2529770655242,379.9657384242245,512.93445046784,384.15662825144875,494.633209094407,495.00355366685966
2024-07-19,392.14514139980275,448.48062465227116,675.2105232294447,363.67052595100046,328.4861321946225,353.0543316585101,352.85608353705226,230.95914086990112,400.2509400148627,341.5892921211342,396.0243348422929,516.2110136555309,381.13392424520873,515.6190125898282,385.17398653405024,497.10972475219455,497.2433596414522
2024-07-22,394.29028040306673,451.14709921833327,676.7338846716199,366.9420836617298,331.88450995851156,354.17981549829994,353.2538642829801,232.54393639795933,402.3897869839105,343.20145659204235,398.0452139378649,519.1084743042434,383.00005220610166,518.3281927144851,386.9323471874299,499.6228695586481,499.5956858412653
2024-07-23,394.87588456551197,453.4521084098786,678.0620001368144,368.177295527138,333.3382100761797,354.5536258064647,355.82848043069515,229.0338231723292,403.5939178527293,343.6196627773915,398.81294553360794,519.52216972114,383.48525045125285,518.9760465671061,387.59079755420333,499.92935364291543,500.12346266401664
2024-07-24,390.220722346743,446.85140084543997,666.5998576805042,362.5994437751124,330.74060073491705,350.0074813717982,352.6509004821041,227.6304142819662,398.62826035314987,340.4418315658706,394.28519154907076,513.5214401300013,379.2235454082092,513.1943604513851,383.43582572304615,494.4752217144884,494.8527604818377
2024-07-25,392.83663728850456,450.1036422655313,674.9831096595523,362.4364888602314,334.5566194808707,352.29729412676727,354.8938657889354,226.54438153476843,401.71636818660045,342.8185435885228,396.7657320357135,517.2062524569805,381.9794818680599,516.6639873813784,386.0619979245444,498.282375231916,498.45559018766295
2024-07-26,396.0041794488163,454.72447860694496,679.2566043846488,363.1253388159455,338.4766279895077,355.787520083029,355.43647578873333,229.4178526541503,404.7867646925402,346.176921203262,399.97438906801773,521.8415810795889,384.6421060603866,521.2884034971153,388.7781301373837,502.20736157368134,502.39635237012504
2024-07-29,392.4724177095037,452.1575572271492,675.4705621381609,357.78753769549536,334.3078812083778,354.04022511969214,350.46076838367037,226.85741433552687,401.25918181384776,343.5998393995264,396.47007025392435,516.9642825221929,381.1083484715801,516.5036165297524,385.269133435154,497.39211266303676,497.6648499596571
2024-07-30,391.84307816076904,450.92506486469057,673.7352509910178,356.5439586104769,334.20635848681854,352.01555614948467,354.42253509648833,225.93568212918566,400.70547113118425,342.8848329819072,395.9943482184962,515.9465567789208,380.35127859574783,515.6945100537881,384.6589988085832,496.2367433130475,496.7080995305848
2024-07-31,398.2089012772213,457.6667817737754,684.5605967551995,363.8158428658675,336.2769639956808,359.12359899654433,358.3789684374759,228.55332057790378,407.38502765449124,348.73817696303627,402.4473860230968,523.4879598033734,386.9438101233983,523.2893039871063,391.32858377774306,504.0397637571032,504.55109043182824
2024-08-01,393.17227273014026,451.9303180272047,675.1864599547446,356.42911320625063,331.2737536480522,354.9076856276646,354.9986711310923,227.66204290637836,401.90833469245365,344.27477156216804,397.635420272889,517.5425852260903,382.0799079080439,517.6681144263125,386.66856523348076,498.32811988319776,499.1320805274948
2024-08-02,393.62981737582635,451.2524192680825,670.8155926520517,357.91009642794324,334.3026447421345,353.78720978176364,358.8538443369047,228.18865033514507,402.3340505076245,344.3883461375099,398.31316388758313,517.1952870094577,382.17011840959725,517.6264051497054,386.97468846131085,497.58440096736825,498.6861581654992
2024-08-05,382.8246196963507,437.89709333993727,649.9911683372349,348.54288601146044,326.0084716678794,343.73819235818405,346.9551925127906,225.6706027091294,390.68952042388406,333.73403050652865,387.5491666478319,500.98983412960905,372.00032020284254,501.6968777800707,376.82312605251684,482.4693907386949,483.7885284162714
2024-08-06,384.17720402454285,439.7877527339645,654.7235672297767,352.1973660245223,325.81304811699476,342.6549441683748,351.4796901349239,227.26167084044224,391.94497048651635,334.36639555785945,388.72407156806065,503.4262821099956,373.0906926023316,503.86915457788655,377.754636896911,484.5117817942932,485.5992936406622
2024-08-07,382.5349587782355,434.8169605763091,644.3284753563023,352.73935861577195,323.3593018233436,341.8384781200409,349.540628697338,231.35215625995613,389.4758773823491,332.6717555490245,386.9406578922837,500.7724621693895,371.84516261024004,501.08059617169613,376.3661863989005,482.412444475964,483.35548597462576
2024-08-08,389.48504909004663,441.8988025866186,658.1866282119288,361.98704488508395,327.06713014763034,348.5842441183693,354.0518057590935,233.91439212457752,396.8032313948194,337.998229497992,393.8776412993634,511.86117569864047,378.4119487924962,511.98354063421584,382.9330534996201,492.7849842944814,493.580893751931
2024-08-09,386.11816054368825,436.6197906452819,650.2745371102486,361.77658778654785,323.1642645035367,343.72234938896713,348.8185519884827,238.01643047253677,392.42865493877156,334.0862944233528,390.3962835326577,507.0165238700393,375.2007014646049,507.05827271670944,379.60959585623664,488.21146163742463,488.9228593485793
2024-08-12,383.95890385574074,433.67619126189805,647.2435496589253,359.2045543811014,320.57060864971464,342.3817957296409,345.9179316166476,238.2747947368277,389.99587919344816,332.2596685100776,388.45417399549945,503.64448516934743,373.54985708161877,504.00766795481917,378.14733920324846,485.5440829633284,486.52881243885906
2024-08-13,388.16384579280793,439.3621861321934,652.345470843687,362.8251616608248,324.32995431640654,346.4729375286813,350.77498694743895,239.32943578811182,394.49828750973666,335.8228127036221,392.473796191307,509.31172473905156,377.2504534276429,509.380544164406,381.68913428088183,490.51416185708234,491.2498559516183
2024-08-14,386.00065072376003,437.77196153161395,650.0593920615764,361.47063719862234,323.89795019885895,342.13946774571616,347.9199463600981,239.59041534752785,392.06082024126107,333.4354428627414,390.14339782792865,505.827453426263,374.9299740137702,505.7419614933016,379.215945572524,486.90973526502245,487.50638031852895
2024-08-15,392.3287466309919,445.10493013599887,663.43951466208,370.36947263233714,328.79339802578824,346.9834524530087,352.8776009600611,241.63502318383067,398.76842042340576,338.075291850249,396.37043066261776,513.4307647053812,381.02795473195323,513.1598693626327,385.2275969676448,494.1934875562855,494.62945690184836
2024-08-16,395.1572077654162,448.39474782178684,665.9180671869645,368.87448203177547,331.94809061423547,351.7508052082207,356.5137474806261,239.5674707841223,402.2148490491337,342.0259205335275,399.51610275298697,517.5216844321924,383.49441674906734,517.5922705298327,388.0013586160783,497.76686340313034,498.53845141101465
2024-08-19,398.94455028909766,452.03496403175427,670.7855480935597,371.0691223088968,334.7479289015438,354.44514241241467,360.9431424747905,244.62201426534423,405.6488172199402,344.9774460762295,403.1263219072268,522.4422272149928,386.59596100852286,522.2423184551124,390.95727517623476,501.78463875174526,502.3374647994948
2024-08-20,392.19369104037855,445.41973501573125,656.0867666339666,364.1466893850921,329.6044070164938,347.3026391631078,355.2965162590781,244.979090591467,398.10665192812013,339.03775506374177,396.44240094751484,513.5374401766746,380.01707363188035,513.5149325078839,384.4340162290701,493.18815672164754,493.89429915284603
2024-08-21,398.43045847486275,454.36370954899735,667.0564080333362,366.63041549443835,337.4122520254585,353.7036386800536,361.1340734284976,244.86343578143018,405.0300618560415,345.9116981029677,402.68581044190245,522.4154882813708,385.76571220441946,522.2893442229182,390.20412508411613,501.3206248308938,501.9573921356068
2024-08-22,394.54014918764835,451.2012473650592,662.8936377081683,361.2091779855385,335.76632172695827,350.730739314754,357.7904687276366,240.9321955164301,401.3069443336996,342.93158713937623,398.731122475068,517.2642094887552,382.37058339940586,517.1127752888805,386.73420946549436,496.84345015854905,497.43268925124244
2024-08-23,409.1660708978403,467.37986898197,684.2035293343714,376.0501240562171,348.24853203934765,364.5382172862541,375.355525785745,244.47282434528378,417.0000211302397,355.92408360414817,413.4244154429534,537.3789521177204,396.6983809344616,537.0757844521976,401.1375025191163,516.3205655017349,516.7920036107844
2024-08-26,400.2238398895158,456.68195229378875,670.5920867494624,364.76253896256395,340.75811599413595,354.7828920439458,368.17102895137816,245.53119207687405,406.89397094407934,346.95269245933906,404.49022674734005,525.2994649172043,388.545829054494,525.1422926952336,392.96793666870684,505.3740954640299,505.9400487306972
2024-08-27,400.9977513254196,458.8694097078986,670.7405397486388,361.824190391189,343.0933591759841,356.93588199442075,367.64857564626584,244.15147136752302,407.960169552935,348.71700982923255,405.3153564493048,525.1836501347358,389.02820061919414,525.1236614958912,393.50639928595626,504.9681715751002,505.6347200233109
2024-08-28,399.65264936970107,457.3964222366173,666.9475634870886,361.247664107927,342.52733189531006,355.0339556850116,368.81180829198587,244.21020338047174,406.45838624432713,347.34476076539386,403.93196996391197,523.3704834019694,387.6040631945166,523.2830311564546,392.0482857444108,503.0779459586798,503.7217885119092
2024-08-29,404.1988261205429,462.676909967441,676.140224174944,368.2067382593517,346.83468069187677,360.12640822898493,371.91252889799154,240.9421598282643,411.9967856970343,351.36979495591345,408.5868051083886,529.4213719780021,392.2572535732011,529.4038774481679,396.80131021222803,509.19522329563983,509.90151804675855
2024-08-30,410.29840011451284,470.87147846883266,689.8497874060052,376.42457711157056,351.68341756920154,365.5035509811742,376.88280003156984,241.46318226330666,418.69824701506576,356.54426715581644,414.58058791866455,537.2434830402124,397.6221219739132,537.0178600613518,402.08927955659107,516.0325577833314,516.5809797295753
2024-09-02,410.0667493582832,470.87147846883266,689.8497874060052,376.42457711157056,351.68341756920154,365.5035509811742,376.88280003156984,239.82724718511102,418.69824701506576,356.54426715581644,414.35588221565575,536.879115565654,397.40660788315813,536.6676538562579,401.87972636163664,515.6960367526424,516.2565780436393
2024-09-03,401.30896150307495,461.0205370196094,670.9121355452525,367.33538119645743,344.91014173384957,356.68977951302287,371.4028785784692,238.69569200528548,409.1227869203484,349.3902772360991,405.7518592128714,525.2827267321655,388.5297104506252,525.3864147882382,393.1468884135578,504.0760211361869,504.92947688230004
2024-09-04,403.6922875266227,462.3935389135678,670.6303498337836,371.3834086171486,346.5328104084947,357.76222145142077,375.2805347419217,242.7648653429869,411.1393543270277,350.8273744708579,408.1687566593139,528.5976637884758,390.5091071638541,528.7034377925306,395.16926895596094,506.8406961175245,507.7156071595029
2024-09-05,403.75516392641924,461.5169319033724,667.9125286382127,371.0995716040921,346.0284253492778,358.02876117416884,377.85617808333797,242.50921016432457,411.24857302379655,350.65101994018187,408.34979448192945,527.9962106758686,390.61505542024645,528.2744690489687,395.38407444949513,506.3455308303388,507.37617606652384
2024-09-06,391.40017756213484,447.42680849307357,646.7610822975281,359.94674099237545,336.0937076449799,345.32320078424846,365.62154576991753,238.73178349397878,398.1026047657374,339.6800078960668,396.0190339259996,511.38605023392466,378.72217552952895,511.8780281412392,383.49710887662707,490.50800452735865,491.70877479894466
2024-09-09,396.78884346978015,454.4624911640123,656.916878843916,364.4345936343036,340.40030501633623,351.2866959574335,372.29628441986375,238.20615503979283,404.16149891977284,344.7808245975816,401.40296865855794,519.422349448287,383.882021908822,519.7988116259174,388.66050735519275,498.1118886501316,499.22114061623313
2024-09-10,394.1206685433537,453.2421111912138,654.6861849891258,359.4435316985521,337.05581927221823,348.61006810854866,370.37658239898377,237.4333696090951,401.31587660743276,342.8603710609208,398.8470042241873,516.252341606783,380.8592074731848,516.7924340595486,385.75061146356234,494.50927673005765,495.7848485907623
2024-09-11,402.6676701289033,463.0946808105414,668.9234702199325,372.1098968054477,344.12034642884316,356.384843831426,377.07630317981386,238.65492768169912,410.6223998972621,349.79898605073936,407.34934315932276,527.1797658064862,389.20800520654575,527.5582720065515,394.0662983172558,505.09794587994793,506.2364826398386
2024-09-12,407.23537452784433,467.5332597097051,675.5357793018442,382.2033740913354,346.8642419029167,359.89317545582816,384.49279335295597,237.48356402181753,415.8870080341242,353.07104324913496,412.0847381800301,533.2259141098638,393.92725288047643,533.7489096196584,398.93919086118734,511.2680326724499,512.5359789729139
2024-09-13,406.29463463978794,466.1033592814604,673.9947264300581,382.4320797657788,346.1585308430679,358.16448888558693,380.1299415237049,240.32281520037176,414.38692853365586,351.767110372024,411.21229093091324,532.7767679383119,392.92652665323016,533.3681967923426,398.00326548086275,510.695294315395,512.030782878204
2024-09-16,407.31127845748273,467.3620223358854,674.3048073050782,382.4792981148121,347.9466818971372,359.0317988928663,380.9392480539648,241.21439200168732,415.3783259790231,353.1422763975172,412.15973327605917,533.1711198837187,394.06664257785036,533.6974804385337,399.0761443681169,511.30402321975464,512.5719796547415
2024-09-17,399.89835384741866,457.3464180964618,664.4580878899284,374.52713651221046,340.1580929982935,352.0325630753881,371.6860527635924,240.69071716264622,407.21331493451675,345.54876719672853,404.5505610904175,524.2040597122549,387.0601908060261,524.5587365047021,391.8736244186294,502.8839522356032,503.97378012926976
2024-09-18,397.160083378546,454.11540110698604,660.5961244635597,372.3615347350646,338.4837579469215,349.11416463172486,368.8602128167033,238.58387956166246,404.49551047257756,342.9525823806611,401.7017018470669,521.1380274806559,384.22549260314673,521.3723224451047,388.9375195701536,499.69302215308346,500.67574431653935
2024-09-19,402.42738056854546,460.65734405712783,670.0115376814027,375.1065830384388,343.1695387694299,356.0294836392364,376.4338330098066,235.79096650257486,410.77824688012134,348.42003682128575,407.0042214186043,528.129192309899,389.5122509124921,528.3323539069507,394.25839236391454,506.6324134642078,507.5883314847638
2024-09-20,397.2320607733131,454.9659570210481,664.1554349640759,368.66646433064994,336.63564416278933,353.39621171059946,367.74070952006076,231.3527038513214,405.69592652474756,344.0419160512827,402.0549160329633,521.5244559331425,384.61512101664124,522.097685669387,389.5806535824512,500.4530473576804,501.7362181848103
2024-09-23,405.3139145805761,464.19926182109504,679.0768501438503,375.27893800288643,343.53106121471643,362.26277646182183,375.03715436205016,230.6046538092897,414.8196014121485,351.77629164343307,410.2053811245952,532.1015764152729,392.238006738396,532.6508731687148,397.282337604931,510.35098401289144,511.6359779798039
2024-09-24,413.29750289196505,469.16216933274296,683.0336044720716,383.5767951649378,348.4317234558638,374.42585957305977,378.49803082864344,233.83853075766982,423.2043910817588,359.9459022716769,418.2592226043833,542.5782192810408,399.94578413003416,543.1059158613537,405.0656496118497,520.376701566427,521.6577975367851
2024-09-25,403.26591721658264,459.46260293849093,667.7005468525834,372.33275258297243,340.36439651673163,364.38251242135584,366.93885333301574,231.26409341990774,412.4220909079486,351.16619212631167,408.2294245135117,529.2117686672589,389.9879775718316,529.8866441192183,395.1039302324762,507.25131452521924,508.6596088285738
2024-09-26,413.45586991410636,468.53796429514534,668.8332675965386,378.9454752391341,349.17934510147757,381.1989320366431,376.0016873928715,233.14226154268343,423.48630766363374,362.7050604890857,418.28782777621365,542.8291197585163,398.97579691306584,543.1912069442423,404.004280312734,519.2107194810276,520.387616284349
2024-09-27,410.710872167775,463.587070723641,667.2574472397918,374.33901442694406,347.6323475605977,377.9889866568927,374.0071071731816,233.7117393250312,420.32507926483834,358.66882810770306,415.37655168856674,539.4238914351808,396.61412936899825,539.6084919193513,401.4770319199998,516.3057110143916,517.3013116569684
2024-09-30,407.56986256314036,462.8963756049319,669.8764508006087,370.0434840974565,345.07541586797055,373.0724826137727,373.16542643963675,232.03696586205896,417.0921340054841,355.3694365857756,412.1834070281905,534.6429895021882,393.6130760669432,534.8306232153542,398.42263999682774,511.79407734406414,512.7828998934835
2024-10-01,408.4345679116712,461.1497504756119,671.7378688802424,371.2751916484899,342.4310072950477,376.89150373812805,372.94948274551507,231.99905261321314,418.06368355342636,356.2080613410303,413.24281015210966,534.9480870943806,394.9536359584618,535.3984339824297,399.931763607213,512.7486173354088,513.9571556632507
2024-10-02,409.0627962961308,459.4057032434215,671.4098739534858,367.93173594459034,339.7818913962666,381.9271288750235,369.58921905545907,234.89885495449138,418.2901390277762,357.3716513626272,413.7820299538399,535.5702699459353,395.6075538594459,535.9087662958747,400.50240502736943,513.4103305119115,514.51412371591
2024-10-03,406.95870256822815,457.7365740574941,676.8085923822825,367.87255758519046,337.2627785008016,377.99269128463584,368.4992195791035,231.73855562709144,416.45458867454306,354.48052447948163,411.777048551864,533.0349036200774,394.3494960028166,533.5170096584445,399.3133670133899,511.9411496901465,513.1403561276935
2024-10-04,412.6692838506555,464.3413251890549,688.1684162539284,375.1907316513049,341.40955944680894,385.33291501225614,369.185080106764,232.1170222561687,422.7678460486513,359.49199963539684,417.4000135098099,540.8185888985286,399.89616988510994,541.1026473258582,404.7846113110306,519.4218474488481,520.4484412970386
2024-10-07,410.1024016675374,459.7226039650085,681.7002468090893,369.31983897871066,337.8463437589266,386.12111139365874,366.0967132593295,231.58695662713114,419.9868526238956,358.21498385543816,414.784150220322,537.5609781071057,398.0386718223515,537.8148561760702,402.86164767145453,517.0759345684977,518.042472989874
2024-10-08,409.71294406664845,463.51050506669935,686.2976899959357,373.16786448815225,339.84521926046654,379.4075444673497,367.6834404977731,231.64043335176476,419.54293312442746,356.5452186497865,414.40416986438134,537.191761950386,397.1017378986272,537.4573878984355,401.9481219346654,516.0174008506258,517.0191193094183
2024-10-09,412.60879394718256,468.2427369824871,696.1579493145762,379.16553906170896,343.99986102312636,380.6451233703295,370.8576451979332,228.25995756333396,423.3344417368675,358.276263475599,417.247263437642,540.4551942324642,399.7992626909912,540.6358212561452,404.6026927598398,519.0354777177944,519.967153391699
2024-10-10,417.6076103918916,472.75374050887547,704.7916392560616,387.2756120427733,346.9798013550508,384.8640117411259,376.3036772617707,228.500605439319,428.88887825909273,362.34726390954603,422.4091382998987,546.8698227060444,405.1680392410194,547.1908518245444,410.11517099121875,525.856340242114,526.9038016228216
2024-10-11,419.31089764613,474.395077061961,706.1954481662094,390.60551257538543,347.4943414049405,385.85703357787855,379.11900934554666,228.8920224544217,430.7304165218164,363.58198519990486,424.20353894670563,549.7405424278179,406.6545843512676,550.1277145298034,411.6931063138041,528.3859083015774,529.5067443862986
2024-10-14,421.28652796526814,478.80195197756007,713.6706473373704,389.8761336500533,351.44312996787056,386.42930944110884,379.60192552960063,230.75820472470525,432.62509131042793,365.250650188126,426.1823366837697,553.6156010624533,408.2490040791306,553.931252719952,413.3012467206475,531.6611690574102,532.7368082511504
2024-10-15,414.1908105282858,471.8892061649707,698.9886489065203,385.4047871121987,345.71916100975244,375.7208221708393,377.26884953206417,230.5731181102185,424.7075176276901,357.9318353995125,419.30193384821104,544.9339564780067,400.9218174468223,545.5920647700331,406.17861422397885,522.7352410788556,524.1364040700593
2024-10-16,419.46296202257577,478.7641149101356,708.3268511078323,386.8352658374721,349.32252762371195,383.0664595139241,379.2147882718529,231.5577944788736,430.44010485666195,363.9989802110848,424.68217908592385,552.0038555223744,405.9050281509484,552.7192029011167,411.2719261868568,529.3617143971736,530.8314639985357
2024-10-17,419.99910181156787,479.91069199168345,711.6449943927437,388.8304256974195,350.7643536397151,381.3950140829044,381.5478087423603,230.72869002144353,431.1804008910259,364.4782365683749,425.35337994010047,552.6739708190307,406.4985259331645,553.552222596311,411.98991440413374,530.0993068543711,531.7174330656279
2024-10-18,422.04974029753777,481.1518401331226,711.2883975278608,391.2835511069449,352.6640905289232,384.84737207634487,383.44502019829656,229.79834425583877,433.6350718329273,365.9935282234155,427.4786030906297,555.5345285245509,408.08053645957744,556.4716981102782,413.6541103807355,532.3320777243055,534.0262941284335
2024-10-21,418.2011882040088,476.3863918511782,708.6467291064612,389.70140465301444,347.6627632489873,379.4726821459654,378.44829015526994,229.8323599218891,429.3155687590944,361.86788129729905,423.6849710126702,550.2685135562759,404.662964421069,551.3352209614715,410.2751855038005,527.6741892206932,529.4670764989894
2024-10-22,420.8571434133323,479.2509620744603,715.899289671606,393.19024885975114,349.490088654824,382.0161925660542,380.66158708515894,228.70874546688097,432.4807828875118,363.7482934440756,426.6095994525097,553.8251661250476,407.6689160238409,555.1889777731543,413.5235609190949,531.6291595365193,533.6836314076235
2024-10-23,417.75510937591145,475.0139224972666,708.9692339682421,392.9519897124287,346.9300644264997,379.0426789886771,376.91357251812946,228.29805312190854,429.0738826772737,361.05226054133203,423.388864755088,549.6053641402749,404.6929218256314,550.8686148481033,410.43258716282514,527.6197146214986,529.5736922881017
2024-10-24,419.54255939723924,476.131090974701,711.0202414343269,397.0885430905582,349.35227781428233,379.133577418961,378.2511294586614,229.97009953490104,430.79097678569525,361.1346641460513,425.2498483968254,552.4239236549371,406.2394605362163,553.7374889506508,412.0543501914911,530.0763374520741,532.0892570974914
2024-10-25,417.18801509383195,473.2032478093973,709.4850046680106,396.0068247482658,346.1568887490928,377.9458850265536,373.979908861286,228.3292888091457,428.43293832979947,358.9464661416594,422.9262833232999,548.8698301402842,404.24567164808656,550.2713315619849,410.07956719265735,527.0417186344346,529.1183355388367
2024-10-28,420.82083196505823,477.8386129228459,711.482192831138,397.0959810989117,350.92766177178663,381.6489505402281,376.7682735385639,231.21514865068366,432.01056184170125,362.288250269616,426.52757698706154,554.6225696857832,406.8562979498039,555.8992812146518,412.68737728768355,531.38957584075,533.397904722405
2024-10-29,420.53721397153697,479.12582796161007,713.5763123258224,393.186227377738,350.4432767457791,382.82793504982646,375.41880425628005,229.55748305400766,431.97450069990646,362.68721061083727,426.51146333287835,555.2553153953747,406.48417514313496,556.8347339488545,412.56618883796847,531.8357559936254,534.1300725478528
2024-10-30,421.21144634078354,481.2004757399876,717.8067867237198,390.902150914688,350.105755897703,383.00994764188874,377.66229986490185,231.14100822619554,432.45913719197466,363.35811924555236,427.41146329153946,556.1862646986892,407.6518691110032,558.03815202875,413.93228923714844,533.375087434525,535.9011871762738
2024-10-31,418.3012635134211,475.50784941162425,708.8542062840924,392.34382254986,347.6198828270394,380.62405321538716,374.0956169620462,229.25852536209774,429.5198054707022,361.3932373301445,424.3183726549896,551.8525340721959,405.34772569421335,553.5330925259789,411.44220130774033,529.8817948479046,532.2215949976023
2024-11-01,420.26910599991857,479.34524159062175,713.4457628933166,392.27519650295545,350.75896686935914,384.0078443128797,376.2779045489235,225.1229161473644,432.42849262625356,363.9484371155202,426.2445426011682,554.217186584874,407.0183234991573,555.8260973203703,413.08189637491415,531.8638268078516,534.1501053799675
2024-11-04,415.148616518546,470.1942168561482,702.5573624925494,389.21691896120404,343.89803365653376,378.0586770557362,368.4412357692656,231.47791086302684,425.571158710751,357.74040788954625,420.95335364446925,546.7835833944558,402.44627060828077,548.2744399067785,408.3354013904518,525.241428792009,527.390940477512
2024-11-05,427.0514819121824,485.0396114170451,724.0845693778859,397.3653703388905,354.1205326473813,390.77476450038574,382.4584329649157,231.45439122120058,438.88602816268445,369.16887749673754,432.9139424562388,562.7783493255539,413.94124401290736,564.1644228746037,419.8988978657022,540.5394553282587,542.6165938230833
2024-11-06,422.6022708857653,482.7513577455401,739.1744608727046,398.9814310924841,343.16222065656723,382.21886871204896,376.4660816638264,231.36274966203092,433.9136344264614,361.3941600717888,427.9105730115825,558.9723022543952,409.6141401739671,559.6518246974298,415.05021878440635,536.7896289935657,538.2101456800403
2024-11-07,423.7455661066157,483.15783853176555,735.4029233719181,395.73156182674103,344.91449243857375,386.3293052834003,380.2501376376404,229.03962125589862,435.5903357579175,363.93304020697514,429.10014495638774,560.2485128047653,410.51850424315575,560.9788115683016,416.0042930738925,537.7671160358065,539.245017485336
2024-11-08,418.4468538768419,481.53595753134437,740.4911120823052,389.04657605316845,339.82082891688856,378.7570718620622,376.4886518940109,225.73733595158973,430.21928387366586,358.13785127917515,423.8815798835625,553.7767768790569,405.2999282213337,554.6629962526534,410.85643260115194,531.4279715416333,533.0453097414961
2024-11-11,420.4120708953574,485.69966812434063,747.8968108613627,390.44629478909627,342.4841163565321,379.7265595017848,378.90395885115134,227.2542384923538,432.1606561225994,359.5328794491578,425.52681118155124,559.9960669972857,406.7672268678524,560.3181214406252,412.0388410077543,536.7127988758319,537.8403046162902
2024-11-12,416.31146704418643,482.15666044676493,747.8178580899512,389.52730470083264,336.7559893092645,372.8663397625809,376.2110382203467,226.41432544095665,427.7074622854321,354.6539294370733,421.45131450241325,554.6377393906407,402.9547744307515,555.0476724989262,408.2407638348945,531.7701628179677,532.9642031230859
2024-11-13,414.54811083517535,479.9914337258798,748.6208517146429,391.47960360111784,334.4485529123831,369.4242326259575,374.4712915675958,226.80291875951627,425.6644094361702,351.872776195385,419.54676536730847,553.0168268777518,401.30520875028617,553.2462989996924,406.45609982371286,530.2618243384215,531.2850242853066
2024-11-14,417.7108119367362,483.3562642468831,753.7232433004107,395.88640771999405,339.7204842229407,371.7964647095382,377.39966851323146,225.99710792955966,429.3446342442462,354.6615143501255,422.7437988986855,556.4669547728607,404.53390818817934,556.7226243838721,409.71619070405046,533.81056714513,534.8545892619657
2024-11-15,415.55223945308245,478.34794076037986,741.8925435589055,396.4112073460317,338.2780878767076,370.008793496753,376.4895529862923,225.99710792955966,426.92424329346477,353.0172603754451,420.56546627575415,554.6093430364349,402.12950709963644,554.832899571418,407.2990395918421,531.5927184520855,532.6196583589302
2024-11-18,420.1734235636624,481.6795316290547,748.727281391315,405.49044646882237,340.27086322043255,374.3851526999203,381.0435309873713,225.68886124583054,432.1564313657493,356.4649963705178,425.3939513422638,560.4267307229308,406.9756548855169,560.8583510471399,412.3340332851665,537.6572777221804,538.8679706663444
2024-11-19,417.1440291870406,478.3340216014162,743.5338582980711,401.2545728753742,336.0513488437511,371.1098587467918,380.2355860202861,227.30709165802025,428.4756928349615,353.3826643245765,422.4592416415476,556.8035144421356,404.07713281834754,557.3840304060127,409.5192848405863,534.2112397267051,535.5534013563814
2024-11-20,418.38342867624254,479.95335262514436,749.2669805114149,403.47000184588495,336.4622503437077,372.12707342917605,378.94026465799857,227.30709165802025,429.8644938707792,354.2447394116984,423.83451280052356,558.9736025974622,405.236020411334,559.688861035492,410.8073297719228,536.2212512789014,537.6937139442425
2024-11-21,418.80714895425484,481.6173323748152,753.3846565873002,403.15184220061235,336.5585728076455,371.99240272726087,382.45310373702256,224.10738869392532,430.8895110396106,354.1853615401979,424.3847086454521,560.4997945824583,405.8924503809,561.3336143221336,411.57592005228094,537.9629248385412,539.537737009832
2024-11-22,423.01216261440766,487.24155396118044,760.6314844000467,405.99892288782513,340.25989043377973,374.6222552005306,387.61962887422266,228.78090326783055,434.7922549471414,357.84332746960627,428.82344624779194,566.1840121515492,410.1615262552056,567.2501423927071,416.06294719856623,543.6633939225005,545.4529935041193
2024-11-25,423.0887678696459,488.0368237439378,754.9612228546575,406.6258653544877,341.6500705117971,375.26906172216644,387.96368502939083,229.93730757676622,434.6783591287445,357.99529493959324,428.350315668882,564.8795654411509,409.71721080629067,565.2968925668595,415.1186271715269,541.801844730141,543.0094545306443
2024-11-26,421.97168606182595,487.2288675017621,757.0091500982267,404.1162061565424,339.6769707041901,373.468658898727,383.9189075054932,232.5305942362437,432.98066950132517,356.1929415659104,427.2915753183808,563.1686062206003,408.56143186540453,563.6847787852071,414.0178048802704,540.0747880381454,541.37434160701
2024-11-27,422.70063191350704,488.80446510890533,755.6054441675077,404.5258980017027,342.76075199196265,375.45008667847884,390.9472720594128,225.88658659873278,434.9213016951208,357.95939922305513,428.07481434670274,565.1268168716728,409.2990930845603,565.6640632486678,414.80609627194855,541.9568771834528,543.2786345656663
2024-11-28,421.5217759932017,488.80446510890533,755.6054441675077,404.5258980017027,342.76075199196265,375.45008667847884,390.9472720594128,218.3269743391329,434.9213016951208,357.95939922305513,426.9287242974304,564.0364182833981,408.2032715084269,564.6146063330666,413.73824478677807,540.9514033878373,542.3080391522507
2024-11-29,438.62472600963895,510.44155877633966,787.2114830392139,423.01394926912155,359.40936654061466,390.8102457580838,405.4216836136839,221.11289082395325,453.66764646312464,373.46889613063405,444.3111597729901,586.7292735746295,424.6515999130709,587.4145646752282,430.4700602484197,562.5770230922307,564.0705799459038
2024-12-02,436.2934939845893,507.8762265364563,782.4332449798685,422.08455324450335,357.85806675491443,388.9298618001973,401.07215722634237,219.6252793466255,451.3147377558727,371.56967905575175,441.76935142366716,583.1950147288587,422.2356658809814,583.6629205581465,427.8592068980528,559.0010864617927,560.2949022202328
2024-12-03,442.971783388988,516.2907861762408,794.2896051093936,430.0626411121938,364.6441049421871,395.48422737169363,404.47023235751516,220.73826413964466,458.6430564433005,378.00571163365737,448.54435749478813,592.1250933731616,429.1587770539927,592.6164271517838,434.86860718412413,568.1461606895261,569.4544427788419
2024-12-04,441.91638695660663,516.7713289412958,791.0264005953574,427.7227880431209,366.24726289338184,394.3585952134838,398.6395813710738,220.45607442931626,457.50428546175755,377.6372059646263,447.5321547235118,591.3981461121738,427.86634595316747,591.9342936215716,433.62214435378957,567.0797927801345,568.4413377236283
2024-12-05,444.2213306346509,517.3125580945069,790.32817560222,432.76956078451605,369.94452293422137,394.5681316846399,399.39937120208015,223.95634500742952,459.44710197183946,379.433976328299,449.62794731543016,593.8219866607699,429.8990119862291,594.0825205884967,435.4677662943634,569.1747357448908,570.2929167825671
2024-12-06,440.3550329730924,515.053454125337,784.9959792933558,429.32286982044934,367.6509067139328,392.2812243971521,390.9516453334037,219.267082914583,455.9593061480398,377.00578025992326,445.7928811608001,589.5625688357966,425.93133310375686,589.8857214451575,431.53040427413873,564.7708463606486,565.9519100195157
2024-12-09,448.96915715488694,520.5633643487963,791.3174142506737,439.5591709402552,372.2541673999014,404.0244692050977,400.7790039376739,220.4787592131717,465.460470904041,384.99190936766337,454.57515636094234,600.3453716389918,434.37963650090865,600.7819009116405,440.1427321145575,575.276177316209,576.5719667917895
2024-12-10,444.42936105376083,516.1676736840578,786.284916568045,435.70770075129246,368.98088702300646,397.15708876926215,391.5917181548239,222.84196149651603,459.87250405105107,379.92913837407525,450.3664976075812,594.2853025904001,430.18570831231136,595.2098718827503,436.24649867029365,569.721358705392,571.4503729692814
2024-12-11,446.3658739683669,517.2594837001515,789.3518827372079,440.01117026793554,368.5227134760803,397.6583182080023,391.2235376101388,228.7812935720557,460.94421428498566,380.28653154885075,452.32845679789824,597.7489729883947,432.3592802992138,598.6447176169964,438.43863225319836,573.3905407366631,575.0861061860095
2024-12-12,435.681222384256,505.4831635996906,772.1616190740351,430.21745056287716,360.26503978790305,389.4102172676649,378.55236944529764,220.8214924766758,450.3654779087785,371.56670420155945,441.3957807064837,583.383787889353,422.1311016790087,584.1261973035722,427.9637701906818,559.7673881385286,561.2949180588112
2024-12-13,438.37098082753874,508.3392076769754,778.4232497227121,435.0894332572223,363.7424120825477,391.84461057589647,381.51842423951024,218.01949035012268,453.91817397761383,373.8921328070644,443.92549887738744,587.344238307683,424.98839111512734,587.8293316436038,430.6686521984594,563.874543786894,565.1591145126224
2024-12-16,439.95138820083974,511.99356216952197,783.3772788139992,437.6887682514477,365.14263943528056,391.7640528911482,386.7248946976106,215.90733136339776,456.10317621037905,375.10815004238697,445.6377941875296,590.6187946626303,426.46857780294135,591.2044804122498,432.2749967272071,566.9092207497391,568.2953793376482
2024-12-17,445.6170620716536,519.2029763542748,792.9305444791313,443.3260089327138,370.28787927058977,397.5385865195606,395.6000860208721,217.13459437019745,462.2751328680552,380.5547408770987,451.3914747308675,598.3617665604594,431.94718381720804,598.9687061543273,437.8425013984602,574.31912893827,575.7367972385995
2024-12-18,430.0820825378812,501.04355371463106,762.197896125389,425.0203557786528,359.2502435585951,386.1978851771758,380.07721674975653,209.2951330114305,446.21163743850076,368.76698190724665,435.8111978309136,576.7990790383537,417.28289912867507,577.610255404615,423.10821461313014,554.1526840039692,555.7101897782744
2024-12-19,441.73362530835146,515.84768867972,781.8690065944107,434.486153509138,368.79332974635355,400.20828583679764,388.79009037923095,209.93827805334436,459.27445739614905,380.3888514836177,447.7016184543819,591.8962227030283,428.5655485851388,592.8556379655655,434.62733965846763,568.6483569610867,570.3645944670251
2024-12-20,435.6851454994465,507.20532677033805,772.5962753364591,430.7027423995562,361.05125309453297,391.9517864146891,383.82685083171344,213.04528249795885,451.7961851837877,372.6200129016688,441.6084325500258,583.6618621841201,422.67099995293404,584.6600552508223,428.6849935014944,560.7085630337926,562.4501995872813
2024-12-23,432.4695661547561,504.586042807067,769.6340276185396,426.29294527119555,358.60622312915655,390.32598297319277,383.43501861931657,207.91066631577792,449.14845065570637,370.67136381724697,438.20370251330286,578.5455692602934,419.4818628757802,579.381025262168,425.3174471523944,555.734560852612,557.3202854016578
2024-12-24,441.7861076423997,517.1598044248983,792.1644437151328,436.78828333016196,367.16308866534484,398.7186220926001,391.88948512402334,207.91066631577792,459.7039221796564,378.6381067761728,447.6177540766881,591.920417154242,428.59762678493877,592.7070034438375,434.5326609690689,568.649039364656,570.2059677283628
2024-12-25,441.7861076423997,517.1598044248983,792.1644437151328,436.78828333016196,367.16308866534484,398.7186220926001,391.88948512402334,207.91066631577792,459.7039221796564,378.6381067761728,447.6177540766881,591.9995315718884,428.59762678493877,592.7831760886038,434.5326609690689,568.7221201634663,570.2765345111662
2024-12-26,440.99925643233047,517.2583756373567,790.3652937973006,436.0094591294416,367.5569387291153,397.5092769446001,391.9423617279368,207.86131802079817,458.82064431983343,378.0666987644701,446.94097948627353,590.1784225543574,427.7132482173937,591.1425790075756,433.7531988147534,566.8465410896407,568.5699711487179
2024-12-27,436.87316072764526,511.3165087834207,779.7090359236046,432.47626076452104,363.5030799612063,393.48385643102114,389.6976269868931,207.4634523851072,454.21738811734593,374.75606403292045,442.7052336907497,584.3468635011641,423.944127006033,585.244675151635,429.87133184205,561.5534588473082,563.1967318951075
2024-12-30,436.4121926824551,510.584558035593,778.940176083711,429.3525311144217,363.8635028395157,392.94882744201544,392.4259867319016,207.8356218179123,453.6204746156196,374.79506018848497,442.33007753484736,583.5462963829056,423.8637302460892,584.5668656157916,429.8613660384799,561.2582580456037,562.9979526398887
2024-12-31,434.48192194289766,508.467232147314,777.2110145779349,428.05291719892455,362.73528103803585,391.22146864905955,386.57941820736414,207.8356218179123,451.43169234960476,373.5564430224744,440.5167662074682,581.2064712735997,422.18570201428986,582.3955399443099,428.2856695701489,559.2493701747662,561.1339301964089
2025-01-01,434.48192194289766,508.467232147314,777.2110145779349,428.05291719892455,362.73528103803585,391.22146864905955,386.57941820736414,207.8356218179123,451.43169234960476,373.5564430224744,440.5167662074682,581.4529538615998,422.18570201428986,582.6330273073346,428.2856695701489,559.4774190678067,561.3542728517069
2025-01-02,442.82280746609723,517.463739562495,794.4901061791658,446.18928474461575,367.4286465417232,397.3557599991655,395.592663529355,206.4154828217526,461.16623195997494,380.21285001180047,449.2276475371657,593.2481977362854,430.6146664677281,594.7510224201186,437.0613567858528,571.2164671448642,573.3954599204133
2025-01-03,435.6846427319086,509.7035566270618,785.5810073314171,432.95610509557696,360.31233519235826,392.5110387466976,388.2811341256593,204.04950147023496,453.53711675667523,373.98302434334084,441.7129433833067,583.7983826235437,423.75999003936204,584.9249949377495,429.84500809844536,562.2239849048341,564.0376727912194
2025-01-06,441.32308844767596,516.0699069709773,792.7107031281905,441.3437476654959,368.00331326853757,396.2657928506427,392.36580369505015,208.23329888488377,459.09480474234135,378.1644182080185,447.26418350169723,592.113871748558,428.9710688229107,593.0168613393511,434.9869700610144,569.8556875082344,571.4854317585664
2025-01-07,435.8334446163222,506.75251252859164,779.3400165107148,440.8663758874127,365.16240005518716,388.6684796535023,386.880877139669,209.7118562190522,452.5685972285042,372.28078980785773,441.83417545053453,583.6097454074823,423.85858661181715,584.7138765569091,429.9189498046423,561.9988948478918,563.7926936967687
2025-01-08,433.0179625459742,505.4047958937982,778.1685245820006,435.7134220118029,362.92375892933137,386.2881231091634,385.1213248057237,206.8892280709165,449.93298620272793,370.2043972610991,439.14562786461994,579.4831719928903,421.00126785802826,580.8040806947693,427.1804563077745,557.8863666646637,559.8807233401305
2025-01-09,433.02851347211424,505.4047958937982,778.1685245820006,435.7134220118029,362.92375892933137,386.2881231091634,385.1213248057237,206.94972088608887,449.93298620272793,370.2043972610991,439.155900088282,578.8906321223939,421.0111156600124,580.23303209725,427.1900643286871,557.3378508434974,559.3506346856967
2025-01-10,422.59465785651685,492.2196159970329,762.8207695124013,429.1428740382882,354.9963332154091,373.5891578923253,372.36359035286677,205.53474303135593,438.3859212563606,360.18214480866635,428.97284551892983,565.7788432886732,411.80931986794053,567.564776427823,418.1891141779415,545.8829500214604,548.2508829831861
2025-01-13,426.14645714034987,497.6098623357752,776.8196665229651,430.3840422625881,357.7678501413021,376.4922180491734,378.2156536694892,204.97130792907808,442.5146487606679,362.6579408551987,432.4640014332373,570.5665359898197,415.6552779348191,572.2209809270986,421.97253016308593,550.9915466237541,553.2270727720969
2025-01-14,428.6789511699469,498.2590837150812,778.116938872768,436.34395515073214,359.3999287522977,379.1516941652251,379.9383887225685,206.1726931477939,445.14769567006704,364.56074826992995,434.9864462048523,574.2611035738014,417.8795861387517,575.8539909787572,424.1955907809299,554.2347270172756,556.4282001540996
2025-01-15,432.97854062063436,502.35596847603085,787.6194679981055,438.1153420951446,362.33554231431265,381.182585630296,383.27797683215823,212.7265329184171,448.73195210223844,366.71819643189576,439.194043169425,580.5837493788457,422.34032239538175,581.9748357928768,428.5676467961786,560.6596303758266,562.662440121308
2025-01-16,428.8379430254823,499.54235845171047,781.6370917573547,428.11357614887163,363.1196925982079,378.1568357147938,379.20682593000674,208.9734423389761,444.7703071702099,364.6378199933324,435.1589611843713,574.9187595327481,418.0657027587287,576.5107969757015,424.3939727476895,554.892308746773,557.0852697565349
2025-01-17,434.1381857227107,506.33388689806725,795.6203993151846,429.2787627546619,367.4484993148566,383.8098880848645,382.7016628501645,210.48967273952192,450.47383742755284,369.2471491487555,440.3383831077755,582.9759351479285,423.0457685374653,584.300157373711,429.27016281725594,562.3948021739362,564.3576349071044
2025-01-20,434.3733877681654,506.33388689806725,795.6203993151846,429.2787627546619,367.4484993148566,383.8098880848645,382.7016628501645,211.8581108047342,450.47383742755284,369.2471491487555,440.56740177540934,582.7944762137313,423.26579336831196,584.1252813008291,429.484837932233,562.2264821877574,564.1949832930737
2025-01-21,438.77329121193424,511.86152055029714,795.5965257661064,437.29722117497846,374.8601986074702,386.35990819642484,387.38906684402184,212.42466631890787,455.34212944436626,373.4786002793275,445.06497575556097,589.2599068944428,427.03711092358486,590.6283361289286,433.36444921967814,567.7837395118888,569.8182338250451
2025-01-22,438.3504985960678,511.7499853444274,794.4281855577303,440.4134708380418,373.92240377399315,385.46528937340304,384.7810008376416,212.68388020243262,454.8129719042161,372.52358673263063,444.71710483600003,588.1256932323358,426.4727568019091,589.6166618029958,432.8735222026424,566.516417555872,568.6691451483166
2025-01-23,434.3129660930695,507.9225456809592,787.022696847536,435.56625674112377,372.2168905836301,380.81412029311116,382.25717457269116,211.58959715301475,450.4557079328502,369.520432968961,440.5229783770726,582.680693090327,422.21919652704355,584.0340615311516,428.4771492295325,560.8568479833107,562.8885085990299
2025-01-24,434.32388092140053,507.47930142014815,780.0955013558453,436.18296117869295,371.76764083561477,382.0146710043731,382.02653285086006,212.3408868819856,450.32265486013443,370.3066418887043,440.5945332009866,582.8229196510041,422.2659657416669,584.2488038844723,428.57976766133277,561.0352080309144,563.1329687701682
2025-01-27,429.58465799505456,501.9569893303409,764.214168763703,427.5014014020136,371.68687131700415,374.9975779121788,380.6353419564191,217.44572787588257,443.9779571622948,365.71962498115636,435.7519552941989,576.0530135335387,417.4466668024391,577.4336155474607,423.66399977693357,554.2631854595793,556.3184557286808
2025-01-28,429.2677779959676,502.5750217987417,765.5997468222912,426.87955977411747,369.7920724077698,376.3808225657695,376.6475422476648,215.1948111128979,444.03849609392694,365.8732409759009,435.5451738793432,575.410766479548,417.3031442910232,576.9442894822671,423.6191025282365,553.8631657093546,556.0521516061424
2025-01-29,427.31734029517787,498.4603893148817,759.8109143347006,430.0522560420462,368.2146237861793,373.85113958947056,372.6869326634648,214.12889871038354,442.0374801772341,363.67582361329,433.4709656576226,573.2934654692829,415.1523324450444,574.6808554469665,421.3566064939155,551.4816520105978,553.5436102459538
2025-01-30,433.2145204501839,502.9888801715984,763.626808427816,438.0366218731393,371.96011397978407,379.59365061629813,374.32826787738065,221.03298891284467,447.3967006959992,368.5405992598476,439.4781932977235,581.1193137267741,420.64775348166063,582.5609814048897,426.9667669945758,558.714202803784,560.8469687797832
2025-01-31,429.71197246347606,500.6412504673801,757.0817572934164,432.3712181687322,370.35618802376405,376.18376495936786,372.49102892631936,219.52490089130686,443.728156399576,365.6954082678864,436.1554069542335,576.1607827771571,417.492591341104,577.893850679892,423.96984732624776,554.2703683716711,556.6556956981298
2025-02-01,429.71197246347606,500.6412504673801,757.0817572934164,432.3712181687322,370.35618802376405,376.18376495936786,372.49102892631936,219.52490089130686,443.728156399576,365.6954082678864,436.1554069542335,575.7671408662077,417.492591341104,577.514210324504,423.96984732624776,553.9062471764341,556.3035514987096
2025-02-03,424.6745725323352,493.0487748948906,750.5909484588071,430.4355666046514,362.37523291752296,370.95247869733356,366.55558322686625,219.5879326879853,438.04198346209444,360.23033028472366,431.23889127143656,569.3251591149008,412.6552726730016,571.2908910432756,419.2388471113949,547.7699829548311,550.3594180032013
2025-02-04,427.41290603078613,495.13725166452804,756.1093599045545,433.08829471693633,365.2998232659149,374.09423464553123,370.09440057426224,217.6535515744576,441.4740838714475,363.3125263717072,433.9756093217163,571.9263592208059,415.04708764282975,573.8863878272557,421.6382565983917,549.9689232664787,552.5664347438254
2025-02-05,424.83150490084347,494.18355761325455,752.3900305578652,426.92959666635363,365.74893931396775,370.63837481709527,368.2203985105195,217.0437473825921,438.6778099652057,361.60219227688714,431.4194977012451,568.1256764099049,412.1986671943363,570.1686065613533,418.81860656824756,545.8916021996412,548.5745226917177
2025-02-06,430.69316045412796,499.9238542975274,755.9228915619578,439.3789380217945,371.17148273225564,375.0760988553516,371.66905537588974,219.42413914784598,444.843381699084,366.0564756634548,437.2251345432411,575.8264313845427,417.64990836034787,577.7156808147988,424.229481670997,552.9954166874388,555.5562115358581
2025-02-07,424.48668318961137,492.2988719613743,744.9267527008865,431.6226274977691,364.93883850876836,369.9275831118911,367.0745357466015,216.5079031547184,438.3876991055609,361.77659136099317,431.0797416750732,567.6769420464116,411.8401845029921,569.7309248509847,418.46488283106214,545.4293895935688,548.1227684836869
2025-02-10,431.2484085724225,499.4273221891376,760.6834926540149,436.54859621179236,370.5945995102666,376.866071867952,371.2296917863933,218.67611566631317,445.60657770082474,367.59008968852936,438.09386889277755,576.7414707978545,418.5970638243229,579.0146967268862,425.46033178011,554.3882255816444,557.2892865533323
2025-02-11,430.10842901700374,498.8039476888406,760.1766139666374,432.1860091971779,373.5867124556241,373.9836424830625,370.10683440663473,220.7163809184504,443.9435996577236,366.43797238165797,436.86908691635347,574.814039390174,417.67543621352877,577.0104502500691,424.4540732547405,552.785864512761,555.6050655928913
2025-02-12,429.3203612920908,496.8880473380411,750.482993486419,434.37363368514843,375.3191609586938,374.8410346389265,369.80168226242813,216.54372287753,443.81921569804126,366.3600224596677,436.05123688166304,574.2254927373006,416.4614681081269,576.379623445838,423.221689448569,551.6317040904129,554.4297954853193
2025-02-13,434.01990577104084,502.7457323703472,758.5920304592762,441.74743511897464,379.09752476890407,379.29522829311094,374.04298215845733,217.57581758311534,448.92682756104125,369.77864809988563,440.80525377820356,579.9632861343672,420.85289091748905,582.1356839437635,427.67301279398805,556.9508246469227,559.7800604077783
2025-02-14,436.38572980796715,503.17843945351257,760.9858843681899,442.87412423614506,379.8074722369658,381.31038139720505,374.9746686420365,223.90425661384538,450.40932094905173,371.264986740191,442.8572632734816,583.2208456518186,422.93681543741474,584.9562750722749,429.4716611674101,559.8081901903805,562.2461027223952
2025-02-17,436.6643425319157,503.17843945351257,760.9858843681899,442.87412423614506,379.8074722369658,381.31038139720505,374.9746686420365,225.61969056810344,450.40932094905173,371.264986740191,443.1286980010917,582.9020302603453,423.1960405846912,584.6488096326881,429.72476738381084,559.5139431182213,561.9615197312983
2025-02-18,434.33379844798117,500.8569484095642,758.492902963899,436.1545835709882,379.5639592220148,379.9723513144591,369.0137961270363,225.30773038581682,447.84349687055015,370.1912215875386,440.98057615034196,579.9029761150595,421.11897005785795,581.911641961007,427.8108325200519,556.8619378472964,559.5401991319369
2025-02-19,430.73118814485065,496.95158612564745,758.0210939549885,433.13063026468524,372.3665454897704,378.82833337371545,364.87089579233236,221.4180050799151,444.4940047461469,366.70204667077616,437.4063080726082,575.4549230492601,417.80319844155844,577.5401257832935,424.51331307069574,552.802588908521,555.5385728078866
2025-02-20,435.0934277847762,499.91178468781516,762.4290294439688,441.37462441206645,375.43340283728287,383.17957987033753,367.3516543657303,222.45299241479154,449.2159819918865,371.23335716004385,441.76554860860716,581.5847977175695,422.02565222749496,583.5909222007958,428.73804250246855,558.6687412519024,561.3407700927471
2025-02-21,429.86319041913976,492.46990438204693,745.042529125693,435.8232390235609,371.77635216852207,381.0975463605646,358.0621186940897,221.3676547891977,443.52431440285375,368.00996851358167,436.5925827275718,574.275257435514,416.5779041939566,576.4430817480668,423.3465748196107,551.182166239298,554.008822737831
2025-02-24,429.1781304505204,493.1839510556022,744.8956993021624,436.4141670249476,374.05058857383295,379.76895964630376,357.86729276462614,218.3444249556228,443.3038834648515,367.11469103080697,436.1109177502369,572.3855475245097,416.1651987573707,574.8556942233286,423.1169834435499,549.7239816548679,552.8163215911997
2025-02-25,431.9991307168375,497.95882757783295,742.9742225665129,435.854396394563,381.31849869005407,384.4960229121691,355.739745578047,218.4309930882953,446.46665001324936,371.5516378920515,438.7733365309482,575.5071447071923,418.5207089068928,577.7567620866963,425.336248533665,552.263067052648,555.1700878729652
2025-02-26,430.65986715118186,495.5404436037024,737.4707971792254,435.3387848895751,379.7637847091659,385.4578496875804,354.6654868788775,215.6041911341979,445.4819700615229,371.0443623020657,437.38018560322934,572.5136812767113,417.103654014962,574.7566532237968,423.87013808538495,549.2834197482155,552.1834214689691
2025-02-27,428.5449358844018,493.8096220988397,735.8312966486861,431.420435105721,378.43384321551963,383.0661798326489,353.2842092781009,215.5906978373376,443.0978995855996,369.0983282234155,435.235824555656,570.1575517582161,415.64220930167954,572.3782224451644,422.3653747682124,547.7492647847399,550.6020299573694
2025-02-28,430.24613575283297,500.1754280666134,752.1417515721203,434.96254288085765,382.7849800550682,381.1698140885692,354.96466606481016,212.3068098119847,445.63034868497715,369.1815746866988,436.8966173813626,572.3872512322444,417.31974350162204,574.5332237669033,424.0064786765457,549.9274922506655,552.7130163377204
2025-03-03,430.9191235163472,501.40991941364615,738.7025082053202,432.87855040603756,393.22002835341164,381.11221047616476,356.3819148221396,212.3068098119847,446.3907686487497,371.6866062516853,437.9085522419735,573.8716754326708,417.6401200797984,576.4159001092003,424.6515654362898,550.9107346791907,554.0815085769977
2025-03-04,440.97073223914884,510.39705397086215,750.1171494715906,444.9896901306728,402.9747423687536,392.9208129268788,364.9469253892657,212.3068098119847,457.74985948268767,381.42410909461375,448.28791622146457,587.5850541129149,427.3879848684902,590.3859139519891,434.71643485887637,564.0709621334438,567.4989238442201
2025-03-05,440.712061852888,508.27900106711814,735.5661259606504,444.75277016489764,404.77000690389804,395.43240031044206,363.34327736458414,212.54819539187935,457.4096230455896,382.83203662937643,447.6704680578433,587.6239533129171,426.33366867530657,589.9612810759469,433.3449458681915,563.0743182213794,566.1055196397145
2025-03-06,427.87433731160985,489.1573827353916,707.2723204739417,433.76007120132317,391.48352139857,383.23572700185866,350.6163759575836,213.4634435043809,442.6951653796378,370.4655990688543,434.6199494914408,570.4425673550448,413.92213774392053,572.7012361092027,420.719613324506,546.6224428347859,549.5551082000228
2025-03-07,432.57318418208223,494.9779714494764,717.2089318418829,436.83547249158767,397.4540062964899,386.744356809012,352.1749815736055,217.37670107110637,447.2609562104642,374.7261573163488,439.28042541791194,575.7277947403346,418.5763422746946,577.9027269894879,425.34133802459024,551.8609384001753,554.7185173502075
2025-03-10,424.484160520796,484.37862688871667,705.7818053720121,424.86733050786796,388.99207085280426,378.9894487484014,348.9283908370356,215.95549359196187,438.4027751148641,367.4119958161539,431.30084603129905,563.2846115793545,410.8402980921254,565.7743892562245,417.69536724806926,540.1110905681998,543.2356908601388
2025-03-11,429.6952892896261,488.2798086210125,709.8841774528111,433.4625950027319,393.42032076199916,386.19044139970254,350.9111630074718,214.8423290323625,444.47948232514483,372.6351722146705,436.7974699097222,571.4532453604234,416.0124972176413,574.185253821602,423.136767219317,548.0599578859401,551.4167943073978
2025-03-12,429.5484659103478,487.62321877970487,709.4814582359611,437.26441008345773,391.89141923996374,387.01581889607417,347.97508967259097,215.2401813434094,444.2389730169295,372.21338140699925,436.5973184310285,571.3282658526376,416.06211739647756,573.9926227180679,423.1323222355253,548.1804231383005,551.4670316705549
2025-03-13,426.4257331216074,481.715804149723,699.1554228018208,437.3872890880973,388.3295551796236,383.6239448217426,343.4038384109589,217.575492351595,440.2776767744971,369.2282900652918,433.82734530705545,566.5749200693574,412.85821898615495,569.7510037834601,420.2574735660958,543.4147673248967,547.1743816571903
2025-03-14,434.9064806671025,491.3751973829453,716.5856572276195,446.7334145289267,397.04398039464684,388.8579936821489,349.2385677448354,223.216939392554,448.7921308319072,376.153244666381,442.1192109551904,578.2064592181365,420.8948952172788,581.0092787149226,428.1319545062738,554.3369094331894,557.7753152476225
2025-03-17,436.70300413440054,491.6250857811526,716.554530156318,449.1738566057582,396.88169185485395,391.152660035074,349.7763737760095,226.80045127864457,450.15955894367625,377.6878431853758,443.7906690579889,580.2975125690259,422.4950400423122,582.9262815984245,429.6208385276917,556.1772129770893,559.4628890226661
2025-03-18,429.5653985011425,483.73231419322786,702.5569301397093,436.60349508845985,393.93224943892835,384.7291185874437,339.46121175420814,227.42539861905487,442.02038298278035,372.4914627773972,436.8389334416663,570.5688801189407,415.5668357382418,573.5440704920729,422.85752129444035,546.8330698788938,550.4251793782228
2025-03-19,432.7303851407556,486.5961083298387,711.3128253698852,441.4860887978375,392.9841736528771,386.69348730824595,342.07057987912725,230.56002326730183,445.0193498206231,373.18024591241397,439.98209934156176,575.7204993803298,418.5370250128097,578.5907085380674,425.8132165033825,551.6194745507703,555.1268082317226
2025-03-20,427.5852290675949,481.9137347229718,707.6847617390673,435.8902813578469,386.6509071299574,381.50903153996694,337.5843278059935,228.73598809365134,439.56711645226864,368.53087304733543,434.86306638849106,568.3421308266094,413.9904011744334,571.3382165373919,421.2752794166159,545.1142691612648,548.7094929152862
2025-03-21,428.17409640372216,482.52307815534704,710.1235955115598,437.6499745524392,385.0504815750066,382.4144497062898,338.6900696332837,228.9359053691553,440.1925927185567,368.55937766399643,435.37679456478753,569.163752336147,414.62692038436046,572.0550795354001,421.8410734574193,545.9849122843632,549.4819099876457
2025-03-24,433.91793319877524,491.9178725102681,729.3443663995445,443.3976616814636,388.64022656743816,387.14436628385454,344.0264971048077,227.12357740574132,446.9512691568319,373.0020702671973,441.07629367538783,577.6623148623028,420.37674769274804,580.385350403389,427.55227262158473,554.3432081356398,557.6904712291845
2025-03-25,438.386635650804,495.88330385312565,736.2988573086627,453.6441433109946,393.5959640291419,388.5546859269729,349.1006005157083,229.5706237272586,451.53487174065583,375.73517248139086,445.61115157171207,583.4920052729518,424.6108446023105,586.2375625051176,431.85531370941925,559.821321966919,563.2014061530043
2025-03-26,430.3174680429453,484.96280090358584,722.3900707909188,441.04264593654017,383.60398675008753,380.79467662450463,344.8790409407389,230.4113471574455,442.3178026542299,368.3192813600036,437.52945755638785,572.778085889752,417.05861996560395,575.6245893815521,424.2761781892466,549.8749646516982,553.3226158597819
2025-03-27,433.24075007200724,487.725896252846,722.4648123287457,443.8601846183701,386.49105803012156,384.58766168561544,347.78620389934605,231.5060031454865,445.40473460409544,371.61378108261397,440.7267037763015,576.7279018089956,419.8946134212439,579.8763569946024,427.37090768213693,553.6682017950702,557.4009184702445
2025-03-28,427.25759446610806,480.7024258440345,710.8521701279238,437.43403604818826,385.32628869500115,376.9893194248829,343.8384462364874,229.44011127981727,439.0557295880231,366.56256534189646,435.0322607758275,568.3570403724636,414.1865644131651,571.9715514901945,421.9232613822059,545.7621478916741,549.9104118046101
2025-03-31,426.6497236040283,481.3786169350652,717.3897787088521,433.0017531520154,383.7032210741047,376.1820747299625,344.86736452292786,225.82001702709945,439.0040497739332,365.8840179953814,434.7458448221971,567.1673813062861,414.244232730753,571.2094459810169,422.2667522967402,545.4535278263614,549.9711744662198
2025-04-01,425.31167758351484,478.02983506179606,713.9207358086238,434.44887478975886,380.8290128832032,374.2947473551873,344.5145226555684,228.26513198006455,437.0699673651649,363.53674231277944,433.22260314635804,565.9372337806658,412.7722496163198,569.7473908641244,420.6237905217562,544.0313482458358,548.3392590157571
2025-04-02,425.1106926555202,478.789738399702,715.3396265144287,431.9928811521859,381.2383212539448,373.65363594623693,345.91889967847015,231.54527904526776,436.27368112833597,363.14379435644594,433.0095142539487,564.9014529684644,412.6763964576507,568.7238085106673,420.514415990603,543.1897915761207,547.5030527506333
2025-04-03,414.197468731726,461.61195306697397,670.0217368461878,434.2896667868728,373.67423735786673,363.03274467473346,340.43019241977873,230.59997477724386,424.2176441192058,354.5300707599447,422.18023780094154,551.078195314509,401.29288618918156,555.1428428587651,409.2133776600778,528.873515264497,533.4226562629402
2025-04-04,386.5094509510439,430.75112496243077,618.8899328415773,400.38730477116184,346.8800613965768,342.03493256031925,312.89683723738534,222.38076806504893,394.65638779021054,331.68931706223066,394.59604397749854,515.7801548716062,374.49034048513937,520.3307523588732,382.47503109090155,494.96983321322523,499.9189349139713
2025-04-07,391.002949466288,440.2983214297676,640.659271188325,400.82876477614127,349.1921259459337,344.28786180455677,319.2411641359814,220.04934137733585,400.03785291392876,334.194309182573,399.23539316315856,521.1278854746306,378.7833467924566,525.8165584431017,386.9102698152764,500.0485203407272,505.134489549944
2025-04-08,390.56847992010324,441.30661067525875,636.4468441516201,400.46621364651634,350.4624835799718,342.58793662406026,323.3995263751832,217.57755251603865,399.96144137377377,334.9367105579316,399.0987247431057,520.0451607031431,377.9562849915811,525.1323589988588,386.3674516569234,498.5125993897954,503.97922323532526
2025-04-09,426.080642322205,485.86410312169835,712.4332419598746,439.1047862354016,384.7360843315342,371.7329752954336,352.3976918556984,223.11800397569974,438.70778745829176,365.0754474673837,434.80460845798723,567.5369505438362,412.23104455173535,572.3444885528534,420.8668806109081,543.9153862176574,549.1966787841164
2025-04-10,404.5099925754054,457.8313277377109,654.4567187207464,412.9757325926695,367.29483726250163,353.1454809953521,339.29278449017687,220.8999254716835,414.8752798596334,346.6530305415128,413.51921001942264,538.4332139458177,391.1275267449758,543.9286836941645,400.0069995056445,515.7397922422488,521.6215591906472
2025-04-11,419.10056160142454,473.08108527732185,675.3790635533585,432.16897137978617,379.0282947861012,367.8144671588522,348.84105240610415,225.00730794074272,430.4988410715003,360.6872427437321,428.3456246230601,558.3562646372287,405.1252476202033,563.9228663449809,414.24394550603427,534.6650004688211,540.646431495367
2025-04-14,424.4697431365654,476.9557398763842,677.5657066762041,446.69840434913095,382.2038522720187,370.705441075381,354.5305139145519,228.3860313047258,435.92775830266646,363.1984821521762,433.45778314149254,565.4506343529152,410.10102918184526,570.6149590493725,418.99101666690626,541.1885001355253,546.8163316914088
2025-04-15,424.528418402051,477.4763328919857,675.6883124166304,447.401833856799,385.4619634003685,370.58989597629744,352.7333611587817,228.0182819010496,436.05730781654654,363.67329006383346,433.5763030019417,565.2538346487962,410.08325695916767,570.5012122991213,419.03025275806465,540.9157831184659,546.62223563538
2025-04-16,424.3773980799225,474.68575432242056,669.1995897089166,452.73225198800526,386.7941038035936,368.82441762834816,356.47423145452694,227.22275924595107,436.02638797472196,363.09235148313263,434.08558193302343,565.2773220957432,410.3433786901003,571.3556803272174,419.8966872957925,541.4449306899771,547.9045108504827
2025-04-17,427.6064359291989,476.32839188414977,672.3147519245636,462.41074159452273,388.7635086246812,370.79171915267847,358.69283501636505,229.73968256070827,439.20659378973863,365.46978301597363,437.12372973652566,569.563781281101,413.70494718649945,575.353722174212,423.0808444678438,545.8548385974422,552.046731685865
2025-04-18,427.6064359291989,476.32839188414977,672.3147519245636,462.41074159452273,388.7635086246812,370.79171915267847,358.69283501636505,229.73968256070827,439.20659378973863,365.46978301597363,437.12372973652566,569.4443761355427,413.70494718649945,575.237742398242,423.0808444678438,545.7448052050215,551.9395716709646
2025-04-21,424.2635120763885,470.5557051321078,655.577588906199,457.242912258071,385.41327773331653,370.6501324853887,357.2105977154809,229.73968256070827,435.4608362417835,364.53528606473316,434.38400222647317,565.998186263442,410.3952434842564,572.5748214514032,420.32970774508317,542.3092612701727,549.2261090873249
2025-04-22,428.4121025309429,475.8127965401097,665.8765024552255,465.12701442464015,391.1140497249175,373.04521875653063,356.13359655417696,231.87141726487414,439.73868861022345,367.15833908048074,438.04474395892584,572.6032564781627,414.2621761444103,578.4712432287781,423.7500158637965,548.4128641759771,554.6905339979663
2025-04-23,425.98556826295686,473.03003787385893,663.8204083120445,463.0744440569809,388.14634337888737,371.47542660341,349.93926016028934,234.1125053430666,436.6351949721926,364.0235152752679,434.9859463895514,569.2079224648314,411.4502446178597,574.3134647449053,420.3546409769523,544.5739776340808,550.15779919341
2025-04-24,431.23433941125234,479.27761380524936,676.2883507428792,467.40417891357185,392.0189019662034,373.77171169879574,356.6708171255388,240.04101982464675,441.49908719806274,367.60923035694,440.33357760560375,575.9344722960226,416.368528496346,581.0962012208565,425.37412702725936,550.8273108244842,556.4782392732113
2025-04-25,430.30435205520996,479.2486365892711,677.0755064138143,465.93068592053504,392.4516293921199,371.5824305429551,354.9235014901586,239.977178920187,440.4710810365561,365.79251045193575,439.1555407987269,574.8319830578287,415.5724566984301,579.6885617091556,424.34465595471494,549.8973162098134,555.2617601800707
2025-04-28,431.4089049698026,481.6115812314466,679.3958399720352,463.55653096862017,394.69853799037116,373.08501635903133,354.72145083837063,239.03033774156825,441.8625082422185,367.91292593739007,440.506727528964,576.3355543173723,416.30794114286215,581.4879486682419,425.31671528265537,550.9131704935752,556.5644640841024
2025-04-29,429.9003729662249,480.93906464385145,677.8498076135628,457.8282739356521,393.28626161753056,372.8397732242568,351.9416399453778,239.15011718935978,440.15683112151794,367.08804356097386,438.7587874043174,574.1044048616988,414.3505247701029,578.9817339119687,423.14392667698996,548.1500077797393,553.561405155695
2025-04-30,427.087664807305,477.8171830124272,667.9104294104019,454.37175082888234,388.95668174214273,372.0019701785016,347.7620666159298,239.39089858633332,436.9749296695681,364.91197312055596,435.77025216455655,570.3460471269491,411.07850826616107,575.0419742125422,419.71520540196667,543.8479701942796,549.1059704603027
2025-05-01,430.5341426510915,482.81583601304254,679.5627199830865,454.5162418401544,391.87909458616735,374.7683342612288,352.746839737452,239.39089858633332,440.8217645446666,367.4784695908298,438.9447222173385,575.5377868227279,414.66857329443377,579.8195728198997,423.05318643568705,549.1238921722692,554.0006111562789
2025-05-02,438.91056269372007,491.6472611143605,690.1063178881967,457.0498062570083,400.1464868840554,385.97165271741915,362.7756661708529,239.4022660592818,450.17612497898745,376.43543893313773,447.1868915790332,586.4042590745163,422.294679229471,590.4013625931486,430.57476304686435,558.941465247968,563.5896183123032
2025-05-05,438.66964233123,490.38301500644883,682.0420496983035,454.69605757498624,401.1212197215068,389.5039249103233,360.65228358386184,237.61797861098034,450.21157549022536,377.6271540418313,447.4524073052387,585.5307549099421,421.60979432809927,590.1919415469176,430.36729155599795,557.5524622895736,562.8257631966044
2025-05-06,440.40110205336634,490.15649284613465,680.4048536137757,464.13093565538827,401.92334562778956,390.65165527151305,363.6634619456811,236.84270799571917,452.2836748747043,377.94001574768544,449.71245254331603,588.3391999581197,423.87012476183185,593.6298888551958,433.1079536695097,560.9666200884648,566.8020975652674
2025-05-07,440.9070049537323,492.1097389720447,685.5135191606722,470.2098682454727,401.93778759840313,388.7965490314853,363.1317544815415,236.46397184997912,452.9162096204795,376.8552498969386,450.02126111037495,589.153822852777,424.12916421665585,594.1827132723507,433.1891724449463,561.4482750867983,567.0523606260523
2025-05-08,443.9494322192058,495.408778264331,696.3265749898968,475.2611190387888,403.2141224063692,388.99785922757843,363.3608308266132,242.35229327390942,455.3003209901094,378.07550810174683,452.74608058441254,594.7041760007751,427.59458779177777,599.2397738568203,436.3552772344758,567.3689639411474,572.5116583157823
2025-05-09,440.9636981580758,489.77119308347517,688.122934480859,472.966211760304,400.1858169166967,386.05714988229647,363.21430108592085,242.12238750363633,451.9991426729485,375.05137481435605,449.69080773000786,590.459392299118,424.8462870105895,594.9589105053457,433.5360489652756,563.4908802795733,568.5886007092106
2025-05-12,445.6776087361233,497.3966260372055,709.3477428150328,475.23098757462805,398.4140424233176,393.53148112094897,361.90153554536033,241.99900842622296,457.29122294568657,379.1800235785513,453.7572679667254,596.4269016917518,429.41799092211266,600.04290656552,437.5134150060873,569.2368493092683,573.5297144464494
2025-05-13,450.36902938393524,501.28330832233036,720.5847291230177,484.2373159405567,402.361328610847,394.1282937453004,368.54820436442816,246.22353708582824,461.81678773705227,381.383606546872,458.48968788371013,602.8613402536079,434.33071048143444,606.454301020698,442.46252997291424,575.8724511803683,580.1397894413337
2025-05-14,445.8091859058633,494.62952159046205,712.0600986844678,482.94995100914855,395.72204888372244,391.5178678069118,361.02277016611094,245.16892474382357,456.8957922640894,377.31078044474265,453.4279429196208,596.562690981797,429.6846343499073,599.5918802564572,437.3497737491108,569.5459819519176,573.2932442559704
2025-05-15,450.74468375478745,501.397350517907,719.0792074518155,484.6083044868839,402.50232599018034,394.7089718350297,367.2435588779085,247.56348721865072,462.0081866915819,381.7826000150273,458.65508181553076,603.104105733115,434.0749985504069,606.4325220594584,442.02506403044816,575.3262047752219,579.3737548338556
2025-05-16,454.38632278844375,507.3810727005083,727.0096188597456,486.3227662827665,406.40906011778446,397.8593929951831,368.81181918434487,248.77874252403709,465.873980263052,385.27527855907744,462.13471445166385,607.9136729819951,437.71174171172794,610.9838525785784,445.51398052840847,580.0819607777785,583.8947172425683
2025-05-19,454.7725875873476,507.7133038948328,721.4753198379062,491.91726349601623,410.1646563742588,396.87932935630874,367.44515574511894,249.94215921964727,466.1079527751069,385.85906335559264,462.67538779308717,608.8083520774305,438.1042106671378,612.0563590345796,446.0496718761473,580.9477786292155,584.9252655417159
2025-05-20,453.72867404423783,506.8735115978601,715.844221949129,489.50036917593513,411.393536768263,395.51088589506634,366.72772039785826,249.85863194737163,464.95491327690826,385.60240972588906,461.95323792351576,607.6783066432162,437.13316264490476,611.3422961125588,445.3747445778883,579.9037525992572,584.2611795614557
2025-05-21,452.34454738795176,503.7736942155501,706.9555807289348,488.545703795735,411.5797530633123,396.5855327544561,366.71028269938745,245.74874948507687,464.10286683889933,385.8382645583111,460.81192614400396,606.6566580246317,435.65003748542824,610.6231949131192,444.1178759520817,578.7073999820915,583.3482043381027
2025-05-22,449.9073208919813,501.36345793988824,703.7527470762152,485.17090628438655,410.084929992231,393.41216811597144,364.68250988456384,245.7843844909229,461.3688432356634,383.5869354551093,458.1921981581557,603.8616548774726,433.2116048853989,607.6171773196155,441.50877436961827,575.9073550231524,580.3533898963318
2025-05-23,456.37677387243264,507.38841617837613,709.6012689127222,493.98533765327215,413.7052148833548,400.51781783527656,372.19276253034946,246.05243200176074,468.5604805957639,390.00161534357386,465.15596915388386,611.5429487519079,439.63345988236364,615.8634228776239,448.3936999991013,583.5158522359485,588.4857496621621
2025-05-26,456.6415713846502,507.38841617837613,709.6012689127222,493.98533765327215,413.7052148833548,400.51781783527656,372.19276253034946,247.76559732302684,468.5604805957639,390.00161534357386,465.41506484949684,612.0644397406566,439.87833933067037,616.3683990863614,448.6338528587246,583.9943051069171,588.9504061875921
2025-05-27,457.1613109194317,510.86520881634414,715.865825559749,490.68555203528825,416.5008906455905,399.6460463378432,370.62687974436705,251.67918519623146,468.4694356328104,389.0868815327579,465.44926659557717,612.7259337976708,440.0241530264384,616.4049036284987,448.337203120348,584.1737677255604,588.5689132592587
2025-05-28,451.57498335317155,504.30951719131764,706.7373250531359,484.0689297554687,409.54930316070215,395.27475171487276,361.83590274598737,251.62722500136908,462.2333099725163,384.43600655564865,459.85125772151997,605.1451368666844,434.9303718722041,608.8962966239321,443.21907435090407,577.3110891573617,581.7492157525922
2025-05-29,456.84733411434433,510.881301232875,716.3503188484756,485.67161225488,414.5866215410955,401.7184133532485,364.62683133981625,251.2448935578031,468.18456768771375,389.7248721237389,465.28283480567876,611.6586023935638,439.78257131685837,615.5511934159833,448.2306079690563,583.2570000059798,587.8438114849215
2025-05-30,452.4175469652957,508.3865268668177,710.6272006237696,476.69226123382595,413.40930989255753,396.27305187880864,366.0521622763132,248.74843510054222,463.65506171479103,385.88570610614926,460.7526082014953,605.4844552262211,435.6054156843589,609.3234508933016,443.95252301889707,577.4896172823734,582.0134376590918
2025-06-02,460.3587598177537,517.7662589936705,723.9902616170572,481.7361261665059,421.7303539886702,404.4869720664295,374.7923560932382,248.34020435802012,472.6025599145002,393.53872867141587,469.1925391982448,616.3682543465305,443.74588022461137,620.7144813745034,452.556102091056,588.4909794592343,593.4808877725862
2025-06-03,457.3627014596855,512.9633364006909,723.9391550881584,478.3578017828935,415.7353253502743,401.42252131740827,369.2790890275222,251.84177924421203,468.64141807405247,389.1276854208958,465.93755831965274,612.2050588400679,440.90932423999874,616.2715770497884,449.47439647418196,584.5871771558329,589.3108258298466
2025-06-04,456.4161451861449,511.5489248818062,715.4500965237563,471.27551675217995,415.6604239577451,403.5843212621362,371.48960692134756,250.35023692852536,467.8356691877001,390.1567869151454,465.01747497226927,610.6776469099827,439.7878001054507,614.8003383727771,448.3802974268518,582.8717599856668,587.652208440558
2025-06-05,456.6757728024343,510.0641154607259,711.5495613712068,473.936488344828,415.70207751282265,404.4680088266688,372.4736114539552,249.04668319036404,468.3474387325617,390.70361340181154,465.1587719610695,610.2510814443583,440.1597084537884,614.2442132196702,448.6404533048844,582.6481705522275,587.3033298179762
2025-06-06,454.6916045519137,508.91396138140453,714.6864161293546,469.54873789889655,412.9603015849864,403.17913634959234,368.5099842497401,248.00828439132107,466.30509504432877,388.8280919417559,462.8141461710983,608.1704761755408,438.5372956672899,611.7170147500223,446.675307269214,581.0098233990507,585.2402399714487
2025-06-09,453.88668815893317,507.47616411700153,712.9021338776852,464.2460483363237,410.4473106319591,405.15290643839006,367.5925784997712,247.0792239472948,465.5633784519054,388.79576554537687,462.0420347349868,608.411929569647,437.8872465690317,611.9688515924358,446.05203545609334,581.3529214152982,585.5899107222525
2025-06-10,455.92687013428935,508.9585974655058,719.3202573644876,468.0315651027682,409.5389075708913,406.4207693768706,370.42784914135206,248.49757583541444,467.6033291714339,390.1312420167332,464.0222830964543,611.0042369469335,439.64955026196935,614.4588118921243,447.7656061943092,583.5722468030625,587.7267514736646
2025-06-11,457.95002693252076,509.75947037867775,723.255682451722,472.4616568458926,410.7768177257711,408.7873908960953,371.11706272578016,249.66236929246165,469.6676773467584,392.1460393884662,466.15016507123596,613.3244069303908,442.3632536539304,616.8948323980976,450.56336434125575,586.7761533431675,591.0112410862841
2025-06-12,457.04135462197854,509.14661092898206,720.890820043019,470.1076453657109,410.4488195088411,407.5960808910786,370.2254650231458,250.259255715224,468.5489553844254,391.306567796524,465.3708261908573,611.3779039039881,441.45938552843455,615.1504992519313,449.77908729596123,584.9074319794992,589.3262412253614
2025-06-13,451.33063306417466,503.13754112666265,719.572784885791,463.26393034494583,404.30933653583975,402.00878379468054,364.5647352957398,248.3553661350154,462.48626993718887,385.8890746899966,460.03759527490394,604.0883338682389,437.3855554037015,608.4144960159867,446.01949930947404,579.7579403571698,584.6219463915302
2025-06-16,455.84784894557646,507.0535529560846,724.692654938141,463.75675946215654,406.77155531538574,407.34355441357116,370.7947110635913,253.4890460023487,466.66686180462165,389.1588581184143,464.2006335398264,610.0603851124781,441.2375531744601,613.8709701902311,449.55673324733374,584.8222433442677,589.2370161095647
2025-06-17,446.51788655333587,497.21260012316446,716.2535543998241,452.29670029332436,397.22513049867786,398.14766751054646,361.80231029095927,251.9863648646508,456.4986454972497,380.8871534211159,454.92795015835713,597.3643181817672,433.2405386314987,601.3939387205712,441.5809618836595,573.9768052838355,578.5360075886617
2025-06-18,446.99973842026066,498.0043651138001,714.9014275418306,452.5607677030537,396.8782008039725,399.4498957136905,362.5391927509047,251.73185999582634,457.07796643199714,381.6511370387048,455.3084897924479,598.0572350245586,433.68998451709376,601.9493452074914,441.9367408087572,574.6177799943165,579.0512855840107
2025-06-19,446.99973842026066,498.0043651138001,714.9014275418306,452.5607677030537,396.8782008039725,399.4498957136905,362.5391927509047,251.73185999582634,457.07796643199714,381.6511370387048,455.3084897924479,597.977931876974,433.68998451709376,601.8725959321747,441.9367408087572,574.544515526883,578.9801902742024
2025-06-20,443.74164042602996,494.9271731774158,715.4127247961065,446.40257005266324,395.284211790152,396.13446690981294,358.2402774059792,248.79568505958045,453.9282059994851,378.6803836957142,452.1050025381398,593.5002797741,430.82500298522194,597.516781243141,439.113165213014,570.6239198069596,575.1549616434108
2025-06-23,448.15027668763554,501.82274962867,717.8843153589683,446.86729632143323,400.9319892444772,402.276125972932,362.8343773514921,247.65725594881823,459.0368569960241,383.6795080513993,456.5662941974348,599.8076493629053,433.62488771222,603.8122487550199,441.99652432580683,574.7875883416068,579.3720446820696
2025-06-24,453.4682103460403,506.0730146096348,717.857460355953,456.34919463351775,404.1825043761343,410.44374258002756,362.7558723084697,249.25449834223326,464.71003005100044,389.288216495213,461.400174288733,606.6394013390975,437.7166967445736,609.9581399876154,445.6650964908567,580.0018188040088,584.0017402865207
2025-06-25,453.4524032973702,506.3345449609204,719.7156434842028,455.9952015229335,403.1124575624173,412.47344342402715,362.93397391392244,245.94906317014824,465.2525996487472,389.61507734392745,461.49638947685736,606.9939278694516,437.8292089483376,610.4428239690908,445.8789454381212,580.48975530885,584.605701043554
2025-06-26,461.16933312703924,515.5854735406712,733.5519106887167,464.895625765014,410.45752230956447,418.16605508801155,371.8366166760385,249.0146433603331,473.3629567405588,396.4788630580135,469.1749101406984,617.0288645515908,445.2009703427057,620.3232255788664,453.2264900923983,589.996287798794,593.987909773756
2025-06-27,455.13899076452515,510.6277016824889,723.6452420874183,456.8863569654329,408.2187993382696,411.86276010552916,364.2761052214444,248.21031783006381,466.7494580622473,391.2413190743619,462.6772707761252,608.9536004479215,439.2794781966593,611.7441189831914,446.8653508320597,582.1476912685416,585.6661247362258
2025-06-30,457.0933424986181,512.7244261974676,725.1473924109423,458.4567701283925,408.8969837968626,411.6599286660357,366.9323650900365,252.09865765786543,468.2711503036888,392.870862796856,464.8107683883585,611.4802886391689,441.05367920336835,614.4723928396209,448.81088274131446,584.4236145409122,588.1361729019795
2025-07-01,453.71366666287594,508.01547026913863,718.5064925466035,454.2893427611126,404.26341134801334,408.1962181485999,365.3067719458343,252.89373631723794,464.3598116401465,389.47231916077794,461.5123612874347,606.5995544293014,437.9639548672311,609.7575092846778,445.78854137232213,579.9903843892425,583.8410257096991
2025-07-02,457.63811498060863,512.6858366376252,729.2005760387087,460.3134839358458,407.2993358657766,412.12742876419924,369.79324975362186,249.6649950312101,469.2804451262245,392.89141835451954,465.54439634454707,612.493792516942,442.08833883520134,615.7083861419065,450.010723303191,586.0303143493072,589.9299139681203
2025-07-03,457.1372333224452,511.71980312836854,729.4324545986835,459.196258694319,405.4781152862157,411.41282930202925,365.9514428605498,253.21639586588063,468.11327728655573,391.76986865721403,464.81841613914963,611.8812642460041,441.42585436263363,614.8151559651296,449.14218397809805,585.2144489882163,588.8611651558866
2025-07-04,457.24711054563505,511.71980312836854,729.4324545986835,459.196258694319,405.4781152862157,411.41282930202925,365.9514428605498,253.94675110494148,468.11327728655573,391.76986865721403,464.92567066799745,611.5862670728252,441.52771117464243,614.5301447665098,449.2418352440044,584.9431598536894,588.5982958626491
2025-07-07,450.4968159044984,505.91398889502415,722.5089617140015,449.75502206873034,402.96471329494443,402.84423775935574,360.1998788004175,251.2937475381185,461.01890365450834,386.02937892136555,458.3264815508912,603.0245447152263,435.55003996961784,606.2452779530638,443.38428493242014,577.4258364880122,581.3023388624822
2025-07-08,459.11492553205545,514.1793666285758,738.182348055404,460.040538669728,412.03093854049035,411.6010958644768,367.7864559759361,252.06601189941273,470.5112685210092,393.39196152586845,466.78083457359054,614.5497883865153,443.87921394274423,617.4337138796145,451.5717414054352,588.4583990252262,592.0412689651764
2025-07-09,455.8656602080804,513.3871240304112,734.5379526455392,450.84877635769533,413.953088198642,408.37264526250027,366.0538115893112,247.57002631470755,467.64156432337865,391.61735945275996,463.55076994409126,610.7201873853514,440.72197062773137,613.6594831480161,448.4287284493345,584.7521008768559,588.3815894348846
2025-07-10,466.56354254072994,526.9916595917057,755.0965077717935,460.41262270441246,422.90896847777935,419.74779285931714,377.36104323400815,246.35302362818058,479.8224355887363,402.1503717907362,474.49817922378764,626.1356694235067,450.7283378191068,629.1953384041059,458.68757636967166,599.0433722976866,602.8216723256667
2025-07-11,459.72037277614646,519.0056117413436,747.924164505928,449.37912710976116,414.81767377087675,414.69591686628524,371.37002076807323,245.6115890756553,472.2762910969669,396.2675667377124,467.8251975440258,617.4192130764442,444.66834991532744,620.783610718093,452.7653775563315,591.3909248787637,595.4157989408128
2025-07-14,462.15563314111733,523.6015373727522,752.0699616160506,449.3988330803294,417.8405112440886,418.71225884097055,373.2186265338564,242.7984113067394,475.4972557268418,399.80186922349634,470.27339329728176,621.2350427631006,446.6737070598688,624.5608749341361,454.7930480811818,594.578008827073,598.5871962510785
2025-07-15,461.9232221103873,521.6460129723329,749.6428044824487,449.9822464991531,413.9454718518137,420.88659510559853,369.4931480671688,244.22304825513268,474.98275955187506,400.2779437926012,470.0189533036676,620.5715962261727,446.4211977370736,623.884532384355,454.52035239638803,593.9202633138533,597.917240625465
2025-07-16,460.57306707427256,520.4670392985787,743.7538284211763,445.4764752387899,413.72884079912114,419.84880855988376,370.69706174032507,244.01813234498547,473.50445176986665,399.4390682884599,468.67213088983897,618.8716531946599,445.0369943248756,622.205563773995,453.1392452650084,592.1876141756741,596.2046049567593
2025-07-17,463.7812465079596,523.9160655056002,750.9068851633435,449.65650575774526,415.7980288449095,422.52673188164005,373.64204070965025,244.88594330415046,476.94946208785154,402.1734422555201,471.81795396367096,623.1948695446215,448.29327059065884,626.399975195164,456.33826472605,596.5239700497722,600.4225940603112
2025-07-18,460.96307616223635,521.3539605103265,745.7720390239555,447.4851142979626,412.57946379236745,419.6958513702995,372.8138883770893,239.73468372254638,474.6998757022235,399.8439101663393,469.0467319503188,619.2020368779993,445.5597899658258,622.5168445898146,453.6451762709166,592.6975456208654,596.6915411928635
2025-07-21,465.5251086963639,526.3855457480616,749.1892486605501,448.95744800162254,417.0946592906077,425.7615033669238,377.1125648805742,240.7608789282487,479.64022213123474,404.64662859028965,473.89964750460445,625.1066733902728,449.81395433632605,628.7308467579554,458.17873778162505,598.1588644309692,602.4531406720957
2025-07-22,465.0811283913008,526.8056904255719,747.4145243121442,448.24988572645276,417.5853173062532,425.3677307152944,376.692858560985,240.18881359750714,479.2447997724288,404.5571687453664,473.60232823201767,625.0208085172522,449.3044771188938,628.8220257582396,457.8067063540385,597.9550132464557,602.4161858952937
2025-07-23,471.2369317579184,534.4978405339879,754.3595649640531,455.4241678208591,424.975452802724,431.88404402230833,378.41782023961593,243.10519825235914,485.6357330789332,410.88939349611076,479.379867385884,632.6971010907994,454.9917244213462,635.9411718408011,463.15533645480673,604.9884661280644,608.9566461403517
2025-07-24,465.6892607617015,527.8668923918841,750.3131161283386,453.79532225585814,417.39675432656105,426.52390398790396,372.8580023180408,240.16630385854185,479.93252021787487,404.870349881959,473.68205439105014,625.2487476634083,449.8883369586759,628.3853871589243,457.9000509103988,598.1898181938823,602.0374977015027
2025-07-25,465.3114485536821,528.7079485688288,751.5177960173014,454.4312136692219,418.18667848364555,424.9954766845008,372.6834853131649,239.93340772884676,479.5500649139383,404.2338448998329,473.1501183254927,624.6233080342241,449.25623303015703,627.5730530618468,457.1299157010892,597.254292802926,600.9389906957019
2025-07-28,464.96780972665886,528.7201857617108,761.2680047487964,452.37773420639274,413.34394503246887,426.13913424009723,372.21788903827877,237.39486118328813,479.62496409020207,402.96617885101244,472.8461180417906,624.4468500682523,449.64642426046686,627.4426911825366,457.5408919190566,597.997987628588,601.6965451801477
2025-07-29,468.37395586276915,530.0636291754527,765.6431907102273,461.2910187097045,416.9367802351878,428.23667819711096,375.5092071644674,237.83474110706965,483.37710003578434,404.6914294523036,476.2970555436077,628.9347433150274,453.4937341615784,631.938972533038,461.42206844473606,603.0066577404888,606.6975653868421
2025-07-30,464.5493526037809,526.2365545443208,760.1649126124926,453.93341943213875,412.85429411671527,424.4405733248354,370.4169530635597,240.98222693277455,478.48961388734244,400.7997754788402,472.18865736123587,623.9238773685687,450.17578901867097,626.6198349331501,457.8269528294819,598.6901976040508,602.0736377306066
2025-07-31,461.64741698776834,523.1277169258477,756.8119726027862,453.9366959819205,408.3464457794048,421.9862391866873,369.06806319735307,238.34878029083256,475.704224134154,398.0693792791814,469.49000645762897,619.7528786107789,447.1609176285191,622.7616642509403,455.00278136264455,594.4387478323005,598.1135577863063
2025-08-01,459.8300468661355,520.4421579991056,746.1401027807651,453.45960123954694,407.47736434528304,419.8559745944867,368.3528361461895,238.16957594327067,473.69378506108325,397.6044821206258,468.17733137145075,616.9904061918068,445.06537268353793,620.6813413591367,453.3826849585296,591.372545560879,595.6872135100137
2025-08-04,460.223329436249,522.0494984951612,745.7564389014838,450.88931812554074,407.50617364908663,420.5801742372257,367.92593312504965,238.5180758299568,474.07274416126796,398.0856847194649,468.46590078574775,617.6059156472396,444.93026062723135,621.1545515008227,453.1611041032381,591.3003041379612,595.5042357845128
2025-08-05,458.5633420029994,517.590671991289,737.5194292813968,453.91005716303755,405.4436099193862,418.7503273875012,367.392937665488,238.7116426236219,472.17237850968627,396.1140808379491,466.71728656484356,615.08265753406,443.00233625532036,618.5531407256778,451.1553903219352,588.4825307148619,592.6226575758917
2025-08-06,462.2275857459098,521.9970881354785,741.1539903166471,457.9685636777771,408.71792487892895,421.11664180817303,371.0988491233188,241.76820811952572,475.7387401542986,398.993680495331,470.2812988543821,620.0232278123376,446.1319907053561,623.3098342783561,454.20498858622886,592.6844872779776,596.6783933665464
2025-08-07,461.8430525733855,519.773902290492,734.8840566957327,458.2321442350773,409.24133160789023,420.9372363739002,368.39645101062695,245.29169190444145,474.67668514817916,398.800942234421,469.9124229483472,619.8573533207431,445.5439214048769,623.1580428547772,453.6355346363922,592.2359596937233,596.2514477616045
2025-08-08,459.1165753075126,518.3498107919901,734.5955171888884,455.68072109357007,406.61086571700747,418.0758585135714,365.39318403671024,243.09609133657074,472.0059522058717,396.2100158649423,467.09153466007126,615.9726947866837,442.8443801789205,619.2017705459131,450.84626282182097,588.4441310867387,592.3899784753869
2025-08-11,459.28141550090214,518.4654425606183,733.8579175079093,457.67210442333635,405.9737538464161,418.4389401872879,366.9058946840793,241.4305710076782,472.4848124208585,396.286185707718,467.045179913328,616.6996747736644,443.1771408713369,619.6401517771644,450.9795656009148,589.3420488131741,593.0169451729236
2025-08-12,465.5519732898954,525.3308470471607,742.0906298920756,465.35608996969734,410.0318792128307,424.4977608254992,369.1973976177622,246.00165046679882,478.7088288400443,401.7755137065863,473.1840789945311,625.1281108148737,448.81388081825656,627.8052626064693,456.5110894570593,596.8669711976443,600.3288137674326
2025-08-13,464.7139452209983,523.8391112069231,740.2912803254865,463.21070753651827,410.2216268946151,425.5810268841412,366.71145434435374,242.6871425891302,478.35513391481345,401.7509354407693,472.28072358283487,624.5138663845246,447.7830466580324,627.1028343331269,455.42344095197603,595.976655139607,599.3658734619233
2025-08-14,461.10565367008843,521.8812290676942,738.5225779934999,455.08793290600534,410.8764624722295,420.4610757284999,363.8777650076317,242.09568055108787,474.4092527895167,398.33119646604507,468.6058618369502,618.8048893774288,444.7279440723839,621.3934198661178,452.2924643079294,591.0998231733744,594.4614089738293
2025-08-15,463.41823824154045,524.427542383863,739.3102304337166,458.5570763874758,412.6682405382061,422.7654707090016,366.1409580277439,243.61299179807344,476.7345582212063,401.02388483317657,470.93530643467477,621.6647405128302,446.7007172130805,624.248179588771,454.28960930325974,593.5112778656281,596.882799051832
2025-08-18,463.38077433999973,523.5370435408794,736.503006579678,459.62145867471935,410.84072658916676,423.520205722824,366.3003932747403,245.46824104425068,476.36245953614616,401.3994625618822,470.83909702427064,621.3341424446477,446.727976217592,623.8529342815848,454.260926799029,593.2869060685348,596.5954947728401
2025-08-19,462.2684632249965,525.0123248508177,736.7111003478329,454.93795996253834,413.71803576685056,423.27446876496316,366.1500559704997,239.292762438547,476.2045170271688,402.16666909075593,469.77344198752905,619.32861056546,445.601480560939,621.9413739575888,453.1774442351955,591.3216240406877,594.7151498795533
2025-08-20,467.14334064956915,531.0164306535819,745.038656017387,458.35783650413333,420.2031916424749,426.9179909633196,371.2300774122163,240.19679587384002,481.51933689626674,406.80653176074406,474.93565950399795,626.2011940552679,450.61979492246155,629.0947968654652,458.4617088288558,598.2781732337565,601.9288193248914
2025-08-21,463.9132146719577,526.1176094822308,740.748667863047,456.99729855063634,415.7119727381463,423.34113608761504,370.0120115731263,239.26471183952427,478.0569884859372,403.41288237895645,471.61916113624017,621.510213889077,447.6840953292746,624.3547076487309,455.4377124078011,594.0396458514533,597.6300877379708
2025-08-22,472.04737299606137,534.4274161205466,752.7799801953611,465.53047653205226,420.8385879878639,430.65523467771936,373.28100681216097,246.44255317675658,485.8973810421367,410.143538476441,479.74443329212465,632.936331971201,455.3285336102918,635.6293893814462,463.0888637770918,604.6795350682132,608.1569755497833
2025-08-25,464.81080627220575,525.6754658039422,745.6237800908613,453.4215484789823,412.13766622160495,424.7307676087315,366.74193385168905,245.9588715863732,477.8580148769038,403.2841872716628,472.48532945002137,621.96940366789,448.75120177204445,624.786230677206,456.4722724607563,594.7631718710289,598.3197154906254
2025-08-26,463.4326312946124,525.4354066382809,745.6696895312355,451.3811733752733,410.55515990564214,422.68690153133315,365.18729217095034,246.25210267645667,476.26055821045645,402.200375500317,471.23695200394707,620.5241259342871,447.0334816101328,623.5129643622488,454.88185875077664,592.8730443814903,596.6018753877441
2025-08-27,464.4120453263554,527.4590615220761,752.3854259474284,453.1973153921846,410.93457103098956,422.02056457539004,364.73316235304696,248.63657720006822,476.93934299071105,402.42802718360133,472.30614119166586,621.7523186261569,448.1642487014053,624.843521445725,456.0932158873178,594.2867723146917,598.1044080784999
2025-08-28,466.16930662928615,528.2664467054816,754.8739531380488,456.4995954920516,410.7722840331132,423.4597374013407,365.24741007852305,253.31337569848174,478.0925092370266,402.9901635336257,474.11464109970944,624.2440469170657,449.8817305066723,627.3694433420782,457.8600756111841,596.6909836313085,600.543322274268
2025-08-29,463.8232105072923,524.9234096775684,751.1799089445892,455.0114703964053,408.7117268085282,419.37029283150997,364.8225521165668,252.71400548698222,475.5705091333201,400.68117337535466,471.99039807555573,620.2900234429443,447.59697367793876,623.7601769873495,455.7787450382067,592.9150387986654,597.0789076284536
2025-09-01,463.81009642324454,524.9234096775684,751.1799089445892,455.0114703964053,408.7117268085282,419.37029283150997,364.8225521165668,252.62826300666853,475.5705091333201,400.68117337535466,471.97758687347385,620.5549925866264,447.5848245848547,624.016380341539,455.766849682123,593.158572815895,597.3150687921475
2025-09-02,463.7152158754157,523.3294941196405,751.0941654355573,456.82285083413,404.5018259366395,421.3004285320146,366.5608160804189,250.8481043961158,475.7690270364587,400.4543486148287,472.4219296701604,620.9040744838885,448.04239798221647,625.0366265193177,456.71350832263136,594.17448994939,598.9295158641787
2025-09-03,466.4763569584455,527.8616091566994,752.7439857802711,458.2818411259803,408.002632662509,424.6275430720492,367.8057205345296,250.61488810905678,478.89969047656047,403.82175017105817,475.370550603838,624.7012468244458,450.24477291746274,629.0277490370123,459.1028380086045,597.2110016119485,602.1682687662966
2025-09-04,467.1048801178679,529.5415951924224,756.1619350515502,462.83847127610056,408.7434663052126,423.0311065116302,368.07747347562747,253.6980049022831,479.06801973518753,403.0211758664958,475.83596762145913,625.2001052640682,450.60899929120416,629.3205658836546,459.3211431858107,597.3913235683667,602.1680400664417
2025-09-05,469.6917120743313,530.3135059759436,750.3636884270536,466.3905231097636,409.12222303423783,426.4197680423116,371.08609194457665,257.13175476008485,481.3728307545569,406.08044913506563,478.6052481520921,628.4887653532626,452.6147539156489,632.8081535013778,461.5093401809212,599.9158131364692,604.899106993754
2025-09-08,467.9005662935099,530.721457722604,747.2351435902066,445.3748148350202,409.676237006477,429.3382220010331,371.83717297590084,254.96215933924864,479.73950131220005,407.46041870325513,476.9580323783954,626.3619124038506,450.9536229172861,630.8824312293677,459.97798768921933,597.9584494164419,603.1213599107566
2025-09-09,468.6933333842499,531.4730402052475,750.8389660140006,444.48737007408107,409.6634338430554,431.7039941088508,371.3163770790904,254.49806502348787,480.70560634159483,408.262710980964,477.71900335695057,627.2971090996467,451.8006767508176,631.7693027783404,460.7950210186063,598.9616903370461,604.0784358536579
2025-09-10,472.43642991479,533.6724846007073,757.8717772762943,451.48299919305987,408.5770607880576,436.2571407940932,374.5080243434043,255.4563472437675,484.7290893403761,410.8509161552501,481.4972726556169,632.7148993206811,455.6347236494319,637.1629791885938,464.6623038393292,604.4076801158969,609.5029871772535
2025-09-11,474.96577091376776,536.0216764876398,757.0696021355574,455.8717168585466,410.1416336902594,439.2399177352165,375.9001035033238,257.35976758978285,487.2318256631792,413.25056285416156,483.83144391418307,636.1623809806829,457.45581739831727,640.322313687887,466.3176156746725,606.9100853348374,611.7682704998513
2025-09-12,471.892644332905,533.298068444459,754.6663943142275,448.01729910664665,407.97714460453847,437.65332161012003,371.83216883155274,255.50304960836976,484.1123020696844,411.2735426733412,480.8147925173169,632.276450033533,454.64513755345683,636.5469248371245,463.5521370462477,603.3846657673105,608.3329217697759
2025-09-15,471.99365483255997,533.1801909129485,752.0780356985689,448.24419066143344,407.52282927567336,436.9917199572682,372.96335388581434,258.30145064381065,483.74332631003927,411.4911345855957,480.97954516976654,632.0897032588329,454.83965675318217,636.4500993254394,463.8039749526721,603.3423130258137,608.3690621537604
2025-09-16,470.2487592375437,529.1637720393658,750.6668759806923,448.1664925140585,402.96653075169945,436.0714717850775,368.837666232969,259.9936572721931,481.50431440514154,410.0358819149385,479.18218145866325,629.9814644958045,453.4542929404628,634.2939769295272,462.3618465566695,601.6992561341766,606.6678355744035
2025-09-17,468.47238352751737,526.1970266461145,747.7028258028552,444.2803609492324,400.07141238326017,434.87303722546704,365.99807332040206,262.9971032021912,479.014399644917,408.6350801730661,477.2271676549901,627.5244009707706,451.57649707881325,631.6386699968048,460.31920037423333,599.1449936731543,603.9331347594784
2025-09-18,469.1238699269741,529.7273936823572,752.3653088127982,439.9909338975094,403.7269165052581,435.57871305143465,362.2151382608484,262.1877761223052,479.87511268014015,409.8903031626537,477.8391441386062,628.574450800592,452.1604975344542,632.6229605224631,460.8682957417585,600.0849222086335,604.8160282162361
2025-09-19,468.1254417982569,528.8688617304675,751.1569994890114,439.0879609042698,401.3748658489126,432.9275106961055,362.40610561148713,262.83526362076464,478.6532221001529,408.04342735511636,477.0444891542474,626.9521734089521,450.93389825898885,631.2842634311397,459.8346131292817,598.2093774480298,603.208589204167
2025-09-22,471.46766535610357,532.9874136838084,755.8371447865622,451.87108398696915,403.615086530775,435.8528671902393,363.2457578397637,259.0557808902757,483.00699696275046,411.197606451978,480.7036794606227,630.6865672707918,454.0624643738288,635.395479397506,463.2632583196214,601.6838177340552,607.0383644175489
2025-09-23,472.5947611550299,532.7622740977251,759.0954464229645,456.20804233730627,404.702394790577,434.8982131719926,362.19754558816027,261.06639292432817,483.9258529212759,412.0485861658559,481.9355385376732,632.0347585460597,455.5483119522004,636.8650063338571,464.84012248102243,603.4859832823275,608.9396543634643
2025-09-24,466.5573588037816,524.7204316454936,753.1781575313184,451.1013753633275,399.5034934336991,428.6086319667653,354.8944733663983,260.9715989101432,477.19765557213816,405.7120693036689,475.661640083836,624.3273783555107,450.1035736438749,628.9356265305553,459.1609500038624,596.5908094508842,601.8146565680046
2025-09-25,467.62230366643405,526.4645577046656,760.0764150513456,449.22815309468433,399.4756967863279,431.05269430690464,356.56916005929816,258.0824597425672,478.8661735145946,407.04807807323107,476.9579059522851,624.9721972236608,451.39721776321204,629.8831117152383,460.66559880836746,597.5749937925646,603.0682118339446
2025-09-26,472.09161404835277,532.7405279184829,769.7550122017664,451.64170892048065,407.1521281466474,432.0352691268605,360.86078632637935,259.05589704274365,483.6948186095398,410.2479797675102,481.565910871356,631.0180652743094,455.6604703209521,636.0364873755832,465.0643303402636,603.2882520799376,608.8918334895609
2025-09-29,472.1394339525146,532.613387227345,763.8838901820466,448.2196963899009,406.5530273504276,434.5552066702055,361.98207680053173,260.38740786913354,483.5222567533199,411.2375921524044,481.85221357575176,632.0526167446178,455.05915268171213,637.3432844555746,464.69658110729483,603.4173744596515,609.2976907472229
2025-09-30,471.1089439615212,532.4462992117647,759.8986704922436,443.0432813341981,407.9027030781563,433.4880303534092,362.466971109107,259.68834469898707,482.4889935717487,411.0616959044462,480.9324068966273,630.5552184834648,453.8314434167881,636.0056548227705,463.57437621671914,601.693154388235,607.7263078629708
2025-10-01,472.59111571989774,535.3709287755221,761.6618520152591,433.9689941268631,412.81162604055737,436.81156116692375,366.4000409228229,258.7160146761327,484.3091975205664,414.0552970443879,482.40730165929654,633.464484966745,455.04455319592535,638.8556138776634,464.7865751621892,604.1615826912522,610.1532859107598
2025-10-02,473.62158799212733,537.3617669149165,761.7698864995591,436.29629759668563,414.8319307572782,439.27580370796875,367.1255617122781,255.13981777020027,486.06981753531835,416.1934539419625,483.38351595721844,635.2695687069211,455.6300245399817,640.563274129975,465.3304651855997,605.3483605619558,611.2681086296784
2025-10-03,476.01099651775723,540.5963288800547,763.1620017562673,435.76542660678115,416.86006409351666,442.0168699046477,371.36222002365696,256.04774267876877,488.58770989660616,419.29360520716557,485.9084744260399,638.7177689771048,457.9067675247616,644.1407381999079,467.7364234419538,608.5972589055705,614.6425372129092
2025-10-06,476.2922026818232,542.1055136688251,766.956172664116,431.8567234148227,415.73147204933986,444.92056526640533,370.5527313322001,253.92722667928155,489.2704351960729,420.4250411936338,486.54291671507826,639.5897056111014,458.4557729393734,645.4436945286564,468.60780882563915,609.7658572144934,616.1993549388271
2025-10-07,470.9611181200403,535.9815222601255,761.7068610706987,429.3819262504921,410.8400858659402,439.1152755531342,367.09186732881756,248.7485543851122,484.2033583681716,415.2731150134146,481.32953401634893,631.9309718064957,453.5318289582324,638.0307538147207,463.7819300853508,602.7479455740086,609.3871898578387
2025-10-08,477.74860071004673,542.8791698338869,770.789367655145,438.47450033898133,416.6758254545482,444.6058162705424,370.84636844961693,250.61706227076144,491.4854307346018,420.8278802834549,488.4634440094994,641.2761384286207,460.03461631760894,647.7079805622056,470.61551775293145,611.6100069211188,618.5712380049436
2025-10-09,473.70738699079783,537.6322644773111,763.5777324614884,444.48888019871833,410.97907931861306,440.48490227754166,365.41437026935546,248.24471044768922,487.3730198807544,415.60876409676854,484.06969957931165,635.637760761349,455.9805940737361,641.6874417711554,466.2320306519016,606.0323906885297,612.6381878343099
2025-10-10,464.9976458738138,529.0722830851174,746.3255462618148,436.2941951431747,408.80838719044385,427.6081330346314,361.9635538134182,246.62392542884453,477.8866585647239,407.43781309674085,475.87493267758856,622.8304882648495,447.28473448579047,629.7010183221764,458.0063081613591,593.4639213575201,600.8128425593618
2025-10-13,485.07197489796994,551.0266045336605,779.3830501866508,459.17476459700015,422.8787047815013,450.30745513761696,371.86388101794034,248.760525061813,500.0165658188008,426.73766797802637,496.5883221109279,649.783431685698,466.54280916209495,657.1643994738482,477.8848784604984,619.0778558885638,626.942321164083
2025-10-14,478.6563115683219,545.4199175012845,769.0155475097245,451.4694720757375,419.11672391013326,443.1409563924092,366.63618156435757,248.06907898938903,492.92837902230804,420.90541748941666,490.21156280175813,640.7756923140505,460.08376462270377,648.3137491623118,471.45711464985294,610.1428939624265,618.1454029146317
2025-10-15,484.6550738397398,550.6229179141022,774.2719459012218,459.6464270075861,420.2088028808927,451.7063230750417,369.39799802676447,251.0687616377608,499.1257401104632,427.27079613470596,496.5127848037415,648.0357415205045,465.67505500944344,655.8896552197084,477.33928962410994,616.8613044458609,625.1708196478578
2025-10-16,483.09261926081047,547.0525517559726,763.9349205253403,458.3705360006091,419.096178055357,452.13506904597506,368.9132308320698,248.73221579144445,497.79263038744705,426.9829001366934,495.32121687039387,645.2737526412861,463.80769449443386,653.6400341741024,475.81777679876416,613.7905176286745,622.5762534477202
2025-10-17,482.7478141178597,547.6448225722179,767.9451539080638,454.06727367843115,418.40524780020195,453.4406828475413,367.0242214630238,251.53398808801367,496.89528420597827,426.2710247750438,494.5787363478277,644.3821243303241,463.5074484962066,652.2601150020354,475.14927912424207,612.9973482475107,621.3324095466909
2025-10-20,484.7454986382309,549.3523311207424,771.5875563594886,452.3991580670644,418.76372133616815,456.99967357001174,368.5190421366282,253.60754470115876,498.766058689063,428.18488235484955,497.1328375470021,647.7688952042715,465.1898451387056,656.3037579418962,477.3519962221768,615.8931258973358,624.8443707605245
2025-10-21,477.7804747181796,542.9167023001723,765.5911672001978,444.41856479607156,413.4869359696535,449.46691621798766,364.0389554999697,253.1231223918419,491.0346932673958,421.0240146645213,488.86881392992984,638.1631047673769,458.7643053226742,645.1600147547769,469.7132536738934,607.1000150172513,614.6167203748342
2025-10-22,479.116748109953,543.2982394234326,767.6386128887873,446.97036418379497,414.7356033594889,450.09288985651085,364.5871476826668,254.11887017174504,492.35728085772524,422.47371867519934,490.24905199404054,639.7760096526646,460.69407680102046,646.813724900754,471.67558161455975,609.4635668888566,616.9996571817068
2025-10-23,484.6456625942723,547.8606210624812,776.5433102434296,459.42653014602746,417.65480813526483,453.74506109855525,367.42828363501644,255.8661527543173,498.2477461729347,426.2875143514942,495.80504097568917,647.4911072634875,466.5368372079969,654.4721481935323,477.54308780017664,617.4706074062643,624.9510357623064
2025-10-24,485.3195600308385,549.1163285221353,776.4244117133408,458.04295246449686,417.16469345364493,455.95731298388324,366.64046910476065,257.2066202630678,498.76624095437256,427.0327515907132,496.3399829269524,648.5024645208437,467.0746549094623,655.294029232092,477.95489890609815,618.2898692171975,625.601410618733
2025-10-27,493.61373631264104,554.7675802456624,785.4911892975726,490.52179314806637,420.1291811966054,462.11685970073904,369.7793370504597,259.01311686273294,507.7466669705809,431.3880917019839,503.94984529275354,659.8897053234465,474.74113704108055,665.6808891322172,485.00439019295845,628.7333702942908,635.1545821813961
2025-10-28,493.42382630934435,553.5955395646998,783.2848496479683,494.24960486222267,418.3883755434555,461.5590043035871,369.19913490203203,258.4176478149035,507.6396793690298,430.08977065479843,503.56354791899946,659.3042102047888,474.0648906972819,664.8587369147943,484.15486421806975,627.5591078173424,633.7786698198114
2025-10-29,492.9212388010945,550.6793998051037,784.2012269460744,498.7535354374182,414.9647108515413,462.33334068944873,363.94647067959465,259.8825602939523,506.81399704927986,428.75363411099823,502.93548571629947,657.9062186457369,473.65380700649763,663.3309612853154,483.625760724045,626.3463968390768,632.4412039958916
2025-10-30,489.75056641895367,546.4715844691858,775.8432946987984,497.9184731198264,412.78349881454704,456.8257393725907,363.5509154325812,261.38063203503344,502.99200398764253,425.48088001567663,500.22647695912434,653.4271065240712,470.70660346730904,659.4916715554691,481.0990242891525,622.2177563816311,628.8886595645101
2025-10-31,492.6715167863928,549.42703394839,783.3532694671251,505.19714079411074,412.70913901904527,459.6048222108157,364.89688485784797,263.04674231653433,505.97317552597383,426.8526382341523,503.07179547055335,657.5895906229271,473.7109054892521,663.5074067249379,484.034192830305,626.4220209262625,632.9587606085444
2025-11-03,494.4253473909588,549.7435389420748,784.0428386177794,508.501471722644,412.4300091936337,464.4071704988521,364.15692545289,263.1801640401225,507.9147709905189,428.22608906902747,504.79937583684585,659.079341895116,475.3506736366982,664.9633536842447,485.6529878512647,627.8131393550461,634.3220748882823
2025-11-04,485.40961995244106,540.6816961495798,769.9905362886362,494.95110699763956,406.393316499365,454.6236514470249,358.6061050603724,264.2367741318771,497.625715408285,419.94995433694316,495.53625435708966,646.2232626023238,466.7488355590697,651.9512655572037,476.8082621523225,615.681542757819,622.0225362001247
2025-11-05,493.7692030926843,547.802251627582,779.1475910953312,506.1499747974919,413.38560957770784,461.42853197073805,365.2406282827628,268.93488747667215,506.17042704498766,426.34815339196786,504.1116171211635,657.6951161516657,474.37307594071336,663.563852325514,484.6513725018858,626.0735920080048,632.577608100435
2025-11-06,487.07600429532636,539.9830805607202,768.6977735839873,496.73498561120385,408.43083461474805,454.8265921215924,358.9966835579971,267.1237304630755,498.99526494953335,420.7449893025557,497.3881302122848,648.3031535020372,468.02904877395565,654.2456876939107,478.26809921911433,617.2600964202455,623.8124837115597
2025-11-07,487.2590934533494,540.3171932393302,770.5174345608996,499.21554987266364,409.34201015219037,452.6171068220276,359.2398790015848,267.74660117767854,499.09410977077584,419.9445441455309,497.6553649019638,649.022346555556,468.26634713104454,655.0545392825089,478.58239200386913,618.0052625924573,624.6395676872293
2025-11-10,492.66579908583975,545.761772180259,779.8102129644432,502.2720527029736,413.13240284071907,458.7506546545752,360.8883696846767,269.9045638717893,504.76990865662776,424.64617145626295,503.42969940946745,656.5024178517529,473.2993545774177,662.9126117164245,483.9659544296607,624.9108736418582,631.910694950599
2025-11-11,491.57891496413765,543.7484792399381,777.0554833973999,503.55316164865496,412.82411768854865,455.98557655555885,356.8970986371959,274.9869572693617,502.69099641228416,422.82314355434397,502.2865462412246,654.1717946575417,472.4232048692583,660.5523194276113,483.033389073689,622.9379998174295,629.9001790586173
2025-11-12,491.466431884746,543.7566513642238,770.59529183473,504.5239907422023,413.7131058457636,456.27653488432395,355.20346175563276,274.4858925315584,502.64878408776593,422.76165478114774,502.4265700299651,653.5963445929863,471.49290180991005,660.3101875699141,482.35027976656556,621.3631585095908,628.6574266462327
2025-11-13,487.1719137658382,538.1275905458824,764.7205045005732,497.7992700569085,411.349832419159,452.25576185918504,349.48717315891616,273.57969287071205,498.0081194830527,419.5672177168337,498.12735723252615,647.7082600013664,467.62770282471513,654.4835847122838,478.47012373374633,616.0947809550353,623.4266802439527
2025-11-14,487.6699029101493,538.2684163503778,769.9661045873055,497.9774640139649,408.49691483515693,454.08681432829576,349.5477980984442,274.5667780590205,498.4001159039659,420.0158754020347,498.2758005495687,646.9907452457851,468.51509762663375,653.3564331930338,479.02880160091473,615.981373172188,622.9217326530793
2025-11-17,482.1119252796082,531.9736014646122,760.5679485965983,497.3538079794233,402.39107485000477,447.244080724952,345.99824907187235,272.15844304730837,492.6008820244089,414.76433508640406,492.5922636841373,639.2760159251442,463.36483017847155,645.5731373188645,473.75118185023825,608.8883259639292,615.7460683318945
2025-11-18,482.00478134430637,530.6838893372935,762.2211003662486,500.52852015562434,400.8815677117162,445.4101270254604,345.6051347799653,273.06894965458844,492.3316368360392,414.1303325553193,492.7573668364941,639.5422436622374,463.6985613288231,646.1721380306728,474.3291379308129,609.6787304601913,616.8285022621735
2025-11-19,479.86335699588255,529.722835168442,760.2840787138729,501.71809133933704,398.51864544736213,442.67025470285455,342.1839164750718,269.45065892477203,490.53854376476966,412.19850156727773,490.65821998304244,636.3686603878202,461.2791982768438,643.0921095580787,471.9517912542514,606.2113163625881,613.4532294419266
2025-11-20,473.8820302659208,522.6570903496377,748.5435204897741,491.55246554177376,393.8329718343828,437.32489853825206,340.5842998213513,269.45065892477203,483.8683010547727,407.27996561331423,484.8073957992157,627.4406867765551,455.5938390683519,634.4425568407466,466.3775045346249,597.8242056060958,605.3039102904577
2025-11-21,476.65799257433923,529.1567208650404,754.9998898973827,488.31403118601173,399.4209101717964,439.46920547217746,345.6753925635721,268.8975777433993,487.05073133086086,410.386555940105,487.51719866874004,630.5397860942492,457.94760402028174,637.4348752179235,468.6789911039535,600.4006185579699,607.7967962197848
2025-11-24,486.4289374921941,541.1009741855545,774.442843961079,498.49575425111993,404.2632713066308,450.2261175212542,351.5136904694241,270.88965255654233,497.6143305029715,418.8909314118801,497.67928543791686,644.233148827158,467.49921374302266,651.4600088442403,478.6037624246019,613.618330781083,621.33776612984
2025-11-25,488.89156658858343,544.5838830208303,774.640668030439,506.6895940810647,409.6742720022402,449.48051055521915,352.66458559032594,272.46740407190873,500.0991316901169,420.34866290231355,500.0354384501462,647.0208963584116,469.4085605205839,654.0917511471189,480.42535040182173,615.7136261528801,623.30841872521
2025-11-26,493.6934728764266,548.7582146563245,779.5847621931041,512.3527795814828,413.68250574992993,452.8001014583764,356.58804773437265,277.4781784478461,504.62157197832227,423.50562579090047,504.8826273827091,654.026146672792,474.0227941493124,661.0675611866096,485.0884478984028,622.3607713029918,629.9410073427555
2025-11-27,493.7791743197752,548.7582146563245,779.5847621931041,512.3527795814828,413.68250574992993,452.8001014583764,356.58804773437265,278.0561957406939,504.62157197832227,423.50562579090047,504.9667654266067,654.1184626325656,474.1017894414842,661.1572822031997,485.1661780611062,622.4452389797704,630.0233372836141
2025-11-28,494.1010629561842,548.9474243210963,783.0064249263152,517.6039488270472,414.1957729544048,451.6776344982598,355.82799069829446,279.23833298902525,504.78540063540595,423.149267893611,505.442500726765,654.5431397540347,474.5915206042546,661.7711003551841,485.7956186943467,623.0774935718038,630.8241025097079
2025-12-01,491.203408699624,544.3007409399444,780.5227838161993,513.597594805616,410.3850150520583,449.01019856652243,353.0936197305732,278.33749063920186,501.70401178471377,420.3192337322831,502.6185042379977,649.4413003220623,471.8460525822841,656.8385106820955,483.11338844432095,618.3148481584539,626.2057960199925
2025-12-02,494.5584774808217,547.7150632809827,782.6601166447531,518.6272378702184,414.5540826785326,451.0643811099052,357.14612191998623,282.9475432176407,504.6869083335696,422.6150834815273,505.86112052252395,655.3181782783115,474.78286204787975,662.4869952748172,485.95559937378397,623.4968739077015,631.198323023538
2025-12-03,494.46828436053545,547.1045192271313,784.7459511828633,521.1171942124774,414.77609713726144,448.8004269038825,357.90522742067054,283.60839131689335,504.47934266904235,421.6037108611313,505.6423972973995,655.6804826462482,474.7188946836897,662.6752728147327,485.7724167364574,623.8525155066011,631.3946446634437
2025-12-04,493.4111826376724,546.1552614177372,782.824576412743,516.7473277007205,413.6075276915818,446.81921367569413,357.0216737938908,288.19858476803233,502.5605217318645,420.4546629884154,504.54095979436636,653.8480939971917,473.8680245127096,660.8143094178362,484.87639152393376,622.3320779540475,629.8391841775833
2025-12-05,492.5492021720591,547.2771040900185,783.7813538761592,511.7521854071298,414.1485262582961,451.1085301313516,357.5378855757335,272.9047759593244,504.0272275864485,422.142905475002,503.6709716023585,651.9851543506077,473.2255351088715,658.973937182534,484.2222494818916,620.819373577141,628.3373999770239
2025-12-08,502.1727821652103,559.1474675845724,798.5642935768789,524.9141852784114,423.40984501041004,459.8570045284131,365.6357486375763,275.1621649968981,514.3913119496443,431.67428261350256,513.5524986407452,665.2212372275212,482.175426860768,672.3836992637868,493.4293454182922,633.0309817044125,640.7407717563727
2025-12-09,501.2968954260674,557.7488049291261,799.1117917322922,525.1431554982236,422.3750213866815,458.6079059829676,365.5391222087909,272.7726934613994,513.8186325709208,430.5636436856207,512.7673672139152,664.669094709252,481.16721271663596,671.9412118042935,492.50636332112566,632.2722230260867,640.0875990766166
2025-12-10,505.63699272782287,563.10079325256,804.9894718240278,525.3863175686148,427.24791098240235,462.64635394034144,369.0742888096156,275.4395044795646,518.2148732020784,435.20058181627775,517.1222452777482,670.0083406926391,485.35911128344117,677.2485150425475,496.7179561528418,637.399371422359,645.1934301265272
2025-12-11,510.5797113983094,568.8788525474472,809.1332848371684,538.0878639154381,433.9214056457733,464.2110765207672,371.84794751187377,276.0208106010951,523.6416339951738,438.27715957347567,522.3452377942867,676.6286588104809,489.69318486827297,684.1491814552368,501.3247821070267,643.17662996634,651.2524168491574
2025-12-12,501.3228397761041,557.6296374767915,789.0501531877499,531.7922657517246,425.7782907951232,453.63550235911003,364.1120043894352,278.138426806696,512.9196722213601,429.5885595048951,513.1237644767368,663.885932791042,480.8168594748808,671.5965314283451,492.4670645194948,631.083637378383,639.3109060342882
2025-12-15,502.6758829586009,560.0527189014463,787.328679569779,528.0869310520079,428.69392458720654,455.2091301165981,364.43906229571553,280.8598303643818,513.9736289083554,431.2912396667749,514.5202134298909,664.5330173646819,481.8500894634582,672.3102128842646,493.54641199430836,631.4068310275374,639.7034240246207
2025-12-16,497.96487493416413,556.9524648153721,778.4271285587731,522.5364962650627,427.02233970203986,451.26645663856345,362.84151084587563,272.7750587056414,510.0638533744067,428.19030802822067,509.8775275204626,658.9683493192944,477.0099401894781,666.8799199766833,488.7669500988406,625.6866833002234,634.1071509920087
2025-12-17,502.45227081131867,561.6419577303785,790.004964527426,525.3126492301966,432.0493518650262,455.3728456007792,365.4290424082047,270.54818957954535,515.456684523433,432.6614226252431,514.8212103402295,664.6082372287183,481.99922447639835,673.0379629327675,494.17361009131264,631.9237859377647,640.8075268171091
2025-12-18,507.9545061183967,567.2157551288942,793.5686389074255,537.9886552918913,435.8035048150665,461.2904138350171,368.0511012332141,270.70108304823697,521.5879959115707,437.5155996625916,520.2373087254421,671.4375234605595,486.8803577819122,679.6928027511088,498.9891729317984,637.9330008564124,646.6800475877236
2025-12-19,512.0109365963574,571.8623259425733,799.8198753076194,541.7916286690613,438.7067727417521,466.855403813298,369.2314700818349,272.1300229774406,525.8816661357214,441.3641433362356,524.2597106397155,677.428991097754,490.8664488197148,685.5674538331181,502.9486908777195,643.7259015643428,652.3740908557295
2025-12-22,516.217361466804,576.9454396848798,808.2179293983271,549.4092063448331,442.1623643924169,469.58533122563676,373.8889995983029,269.8448174242218,530.9962694955202,445.0540236199638,528.9504010796401,682.981897599323,495.2959382819442,691.6699387176219,507.8254576763437,649.5033234920525,658.6528033560332
2025-12-23,524.2905054383651,585.3597968186864,819.8405686599315,558.6170849019455,447.4897644026753,476.3664652674323,382.09848062212734,274.7370961966943,539.1802982032998,451.9205755966875,537.366448119065,693.1481849928957,503.0749990784765,702.1663720071768,515.9327199898441,659.2318560650402,668.7002593001636
2025-12-24,519.1388719760349,579.1165894208983,810.3043492154803,552.0452108616338,442.89503255181614,471.4038408319515,377.96858514583334,274.7370961966943,533.4007280722553,446.9732897022008,531.9348793114397,686.3171536465882,498.0439058794379,695.056965173691,510.63669023847433,652.6250309392602,661.8288912803062
2025-12-25,519.1388719760349,579.1165894208983,810.3043492154803,552.0452108616338,442.89503255181614,471.4038408319515,377.96858514583334,274.7370961966943,533.4007280722553,446.9732897022008,531.9348793114397,686.1989543979779,498.0439058794379,694.9418647499342,510.63669023847433,652.5169571821739,661.7233525589095
2025-12-26,520.9860898495538,580.0688834064571,809.3713895343247,555.2371590748653,444.223511906795,474.0746321999394,378.5642142277708,275.8035729216779,535.2830025712434,449.02052001154556,534.0042693197746,688.568905081033,499.26058831528894,697.5666994774214,512.0690869958675,654.0734321175127,663.5339965680748
2025-12-29,520.8295655864765,580.8744462948009,813.0415768762355,554.2527648124703,443.9281118780791,475.60196532875455,377.3868624992142,274.46206384742413,535.3442555002056,449.9998764735646,533.005614614754,688.4333496899134,499.530717321153,696.3737467898458,511.55669989709355,654.4712934606027,662.950891283357
2025-12-30,524.3116487146887,583.8382594410136,818.0544668996644,555.9519170240067,448.5214249542737,478.96378489817863,378.6968354871816,276.26989094048986,538.9281893691992,452.98361581575506,536.5444706044284,693.3942805227375,502.87020564068064,701.34701309836,514.9538613029596,659.1741388500783,667.6740224097161
2025-12-31,513.8020960628113,570.6475228636089,798.7143565045042,545.5294518571193,438.6096601849314,468.32362357843687,370.2546673585848,276.26989094048986,527.1436073024605,443.73041141984754,525.7253983091431,679.304692038321,492.6935905448054,687.0224108265471,504.47716618488965,645.6648091114678,653.9275077426399
2026-01-01,513.8020960628113,570.6475228636089,798.7143565045042,545.5294518571193,438.6096601849314,468.32362357843687,370.2546673585848,276.26989094048986,527.1436073024605,443.73041141984754,525.7253983091431,679.6844917899685,492.6935905448054,687.3917519168199,504.47716618488965,646.0119164849538,654.2660367697617
2026-01-02,523.0139574238518,579.9057064916681,810.2764195157553,549.7686639019694,445.9347609135392,483.8434635501452,375.8311574989692,274.26083077491387,537.8023475527083,455.56714943257504,535.0359915277687,691.9598896230764,501.26307871102716,699.658237040525,513.155857842486,657.3431609451666,665.6189143350182
2026-01-05,521.1229081877624,575.3227855921209,807.3507185336899,554.39180185687,442.46313160770876,480.4926929624293,371.8928639642317,277.1573062925564,535.1647134320799,452.6167160048131,533.3621820318194,690.2702767324846,499.53647283370765,698.2460477229611,511.625337718171,655.816582793094,664.3415449709381
2026-01-06,522.5423867299394,576.4080086121419,802.0503071492673,553.6575542548949,442.3959468647774,482.60197843156175,371.26210338589476,280.34590109997424,536.1952447608786,453.82661672433915,534.9314942134846,691.958442704847,500.3054355518237,700.1078345825076,512.5436681539335,656.6805472870781,665.385702313005
2026-01-07,516.4250728429628,570.3416158337824,793.2166271466264,546.1088283086654,437.53514891261653,477.04045959902277,367.89265022801624,277.8321243243741,529.784531465936,448.45698577620567,528.5759529042592,683.2898998004378,494.34241132981657,691.2420248857837,506.35310143237353,648.340855191629,656.8525964877963
2026-01-08,518.7875596988945,571.8637562461936,801.7771544440523,554.842896060365,438.723471495377,477.5919798203282,368.69265542773184,279.6369022417773,532.1156027871544,449.69369181882746,531.0611604385258,686.2669748890185,497.36114610647047,694.343953109105,509.47718497598527,652.1260636431116,660.7340049168487
2026-01-09,521.9397953904939,576.471698993144,807.3001820099336,557.9623551171356,441.68867778006427,481.62251696361835,367.54829705370213,280.99438489083724,535.4079210389023,452.8331937288398,534.3234673647407,690.1287233866776,500.34000681689247,698.3077658121263,512.5630566296302,655.7525114506758,664.4618195413408
2026-01-12,524.6013765329842,577.5801184997629,803.6041683003575,563.2382974126024,443.79423545656874,485.3953498438446,368.23988408405677,281.0504838339975,538.3766697004633,455.7921938968407,537.2734815598146,693.6303918905637,502.97407777648766,702.1347177461981,515.4660177687637,659.1845377339564,668.1955234810096
2026-01-13,522.6088985285111,575.5119297275204,806.9971342261606,562.8267492945654,442.57043506097835,481.2955628785193,365.8764831257872,278.56062943957124,536.5795752290337,453.2415528662952,535.2975468237458,692.3758422433881,501.66707493470994,700.8923292440177,514.1624340287447,658.7021515754366,667.7051331134677
2026-01-14,525.0011837383029,575.8049405754626,808.5068187567878,565.2773667514955,442.8425541197053,484.30973356850615,368.0994848905301,282.7468335696157,538.5260422624549,455.2197269412814,537.8591175268571,695.8729567453518,503.62519516864177,704.559702982205,516.2853656245485,661.5900778779932,670.7657452206324
2026-01-15,527.6456781930985,579.5574474118217,811.4165364984451,564.2370546109821,442.8784731351057,490.1344129221638,369.5177956041161,282.2774328373582,541.5665405289975,458.8335699434307,540.4269010249259,698.9688777491953,505.74104503902095,707.5320102261369,518.3404221251434,664.0166996112237,673.0966706585875
2026-01-16,524.3906086250237,577.0611769145219,807.1776954379433,563.2157028381391,441.594751523402,485.6523696441916,368.7309948638124,279.57106255265063,538.3939006475135,456.2344541201109,537.009743081476,694.6756850015544,502.7873013922604,703.0807024559535,515.2297735513853,660.1473181490929,669.0698613817634
2026-01-19,524.4794543424132,577.0611769145219,807.1776954379433,563.2157028381391,441.594751523402,485.6523696441916,368.7309948638124,280.1394638444804,538.3939006475135,456.2344541201109,537.0970874665223,693.9232936787809,502.8690795130766,702.3484960587834,515.3103522851624,659.4598236868853,668.3988816648415
2026-01-20,519.7881106754025,567.78307201741,795.5945632167452,563.4626340437378,434.52701354744477,478.4903928858131,368.18490066839837,281.98050613867133,532.8186352178581,451.48595652454907,533.3012417955916,686.6971411295126,498.6129187133421,696.3421740733827,511.8696051017701,652.9348119952338,662.970849180215
2026-01-21,528.5051292699937,574.9737207627039,809.4908842924112,578.4082431341329,438.9810057296815,486.3499283072978,370.3204417237311,292.4239185347729,540.7725533967109,457.8021889807426,542.2204959127317,698.1132124472039,507.07234649888557,707.8918787634829,520.52759006131,663.916053578981,674.0916346212651
2026-01-22,528.3763212324861,572.1637852544095,805.343871376066,582.6398463256944,435.89591499304754,483.4867959313006,371.61874198941354,297.80128389840115,539.7247527127865,456.13485819762775,542.2659486406639,697.6879333291143,506.32821658368823,707.6935438058086,519.952155396459,662.739700646696,673.1398460388316
2026-01-23,528.3444644546605,570.4294193807931,802.4946434737167,581.4082641924682,436.61102012570694,482.1402969342208,370.7275070919377,303.46785142828986,538.7556269801075,455.9659300997622,542.3875976062027,697.4762190652384,506.7619472344302,707.6790928651403,520.5215201170714,663.1290911155273,673.6965969838461
2026-01-26,531.467576112568,573.4320195498364,805.9856147861015,588.5489417795677,440.4324147948709,483.4258433093255,373.7137684463423,303.3835982551017,542.2433922202854,458.08584315338396,545.8045191390851,701.0757528764634,509.52865249886355,711.6161657096316,523.566906969677,666.2825830231974,677.1716153881634
2026-01-27,539.3218761428145,578.8251079923486,810.4433267989498,600.0473222677991,445.538572098536,491.704060717488,379.7945571937144,310.23851495874135,549.8716359541277,465.2247024625808,554.0421906179242,711.2351428965186,517.323306251206,722.1511550084629,531.7240368206166,676.2778122127908,687.5216118641075
2026-01-28,531.3083770842783,566.5073307113132,798.6633172208743,588.441754380134,433.70290786552664,485.39259023399393,370.8530215681077,314.6265321079533,540.251597841882,456.85660601795206,546.5820877913247,700.6010425265711,509.827607340053,712.3241174358182,524.7246463203973,666.4088041875577,678.3689275502188
2026-01-29,531.5368734741637,568.6922452262903,801.0692987079425,587.3666591532423,433.71112715048525,486.44081586749326,373.9423128210078,310.2477529493378,541.1885979330231,458.1404167118456,546.9240834037837,699.5068378478446,510.7636739301371,711.400170703095,525.758395650914,666.319976855904,678.4155423183512
2026-01-30,521.9559668512845,562.1859305097879,798.7044589907301,565.0368848837246,429.67267473528244,478.6798560464759,367.8264466088114,307.87614067315195,530.9230020182503,449.7538778283679,535.1826222282516,687.2170627831932,501.992354177723,696.5336479074874,514.9716496477402,655.1474355340581,664.845668115494
2026-02-02,530.1032760926444,572.0296479631979,806.7425010967547,574.7139717862437,438.81917368618144,485.91028018411924,374.5470726406307,310.9035763678289,539.4890573127781,457.19866591513386,542.605465094721,696.0634503010169,508.6977980102715,704.4082872474318,521.0337464805243,662.2316017606297,671.0819989346821
2026-02-03,533.8503494407188,571.545726379034,809.7186005854857,587.4801065666836,438.41559163231716,488.715592753555,376.47800798125724,315.30520165603775,542.9548008591863,459.4817793511971,547.6869313290531,699.7281927369676,512.7453050259835,709.7211936657208,526.3120749233542,666.3296241764554,676.6835684046296
2026-02-04,527.7929133416724,568.0510133982611,806.3839137076336,571.8580060652164,437.05953600382895,483.8726189377765,374.38018411521927,306.763000984806,537.571232757144,455.15314332424026,541.6144846723473,691.0263738602941,507.1827513148476,701.1017563758714,520.7234572118372,658.390214447961,668.7974731653669
2026-02-05,522.1995061088629,560.9325102857158,796.0789413323257,561.2899526806783,430.75724127086164,480.6568617036223,372.6108763897729,307.8991347035778,531.1752888878442,450.80778659742055,535.5292428155715,680.092608156633,501.7146834883941,689.7196021174025,514.7938135257239,647.988954967299,657.9657465761502
2026-02-06,536.008772306604,576.6976328412053,817.1034049639204,575.8452449786904,441.70229434385845,495.99204753642175,379.49870319657424,308.9061943600751,546.3409405569587,464.3444082166212,549.9198542410265,700.955013393691,514.6550490456935,711.0484762185772,528.2959580705021,667.3547659390915,677.8061971099722
2026-02-09,537.0233996060617,576.588388254836,813.9771449649996,580.0510106092576,442.2591186902974,495.3159820102944,381.05752116612217,313.8850152725814,546.66862506588,464.7222577684891,551.2442917407017,701.7674123264918,515.6495784947738,712.2450850965072,529.5779014572158,668.1724006563365,678.9769196331303
2026-02-10,533.7017397430881,574.1314387787853,807.9177779285753,571.0502017803918,438.35102590512605,494.62967014945536,378.11147677591646,313.1247726723628,543.1002823890755,463.53724563538645,547.6507525155089,696.9409304053456,512.4942392786131,707.1370109634859,526.1660910148664,663.637271076391,674.1738404364011
2026-02-11,539.6698014338615,577.1047297381414,816.33725980304,575.2234288943542,440.8080598215949,502.1733584748467,382.41288640952075,318.89696877508266,548.8154018551007,469.1675597602709,553.7972350838583,703.7164839619064,518.2402144571683,714.079270010461,532.0854854034765,670.1450876299473,680.8449173950146
2026-02-12,532.1872585283678,570.5380809618327,802.0353668931805,560.3252595784107,437.8920785756387,496.97075061315877,379.53385386132277,314.1104467964976,541.2631605720977,464.9123240398163,545.6669421868406,694.0395063533113,510.69232360509363,703.696420499789,523.9328007454013,660.4761369914661,670.5214010175056
2026-02-13,534.9262204777159,573.8065466309484,806.9785013128059,564.9597454104714,439.6286788085954,500.12467385963885,378.26896170879405,313.1285465022009,544.4558913422296,468.1559259999953,548.9713692543321,698.6580486584977,513.232337434675,708.9535678794294,527.0001638727483,664.7231891861803,675.3656137698184
2026-02-16,534.9262204777159,573.8065466309484,806.9785013128059,564.9597454104714,439.6286788085954,500.12467385963885,378.26896170879405,313.1285465022009,544.4558913422296,468.1559259999953,548.9713692543321,698.6735213917328,513.232337434675,708.9686647462743,527.0001638727483,664.7373441857889,675.3794627425665
2026-02-17,535.6145312487844,576.6178876059531,808.7928744163495,564.0714870807992,443.6432596102986,500.96869110894494,373.9242047543353,313.1285465022009,545.2201527709237,469.35403552909884,549.0874426310163,699.1254963350136,513.8517027279373,708.711712854484,527.092875914001,665.1326248140749,675.1259424202789
2026-02-18,535.9335577216298,576.4540197814933,813.6832439067167,560.9087584864618,444.22679528331236,500.8291791779224,373.6012795068635,313.97625177443376,545.4402389249202,469.29434379011826,549.7951575930308,698.9595667998274,515.0454442829895,709.0386418331591,528.6337182742146,666.1008942127717,676.5206245447697
2026-02-19,537.9483036859533,577.1193254195362,816.0767521343089,567.1567158380235,442.9161531179462,501.2319773849769,378.16660447823426,318.4263926240699,546.9743317408555,469.97417704376574,551.8994813764682,701.781116069784,517.4247554025397,711.9397728572593,531.0929503393254,669.3336938715748,679.8192715713142
2026-02-20,541.9240576297705,579.6732683962056,814.9668273079568,570.2541228763014,445.326570177251,507.8955369915195,377.69528608361924,321.3249792327219,550.931651347459,474.86949594939716,556.1403094123693,707.0601112107793,520.9083922190991,717.4924762021429,534.8319157608822,673.9417744221939,684.6970105980048
2026-02-23,534.5713768825547,571.6702546999129,805.2031545122645,556.8270005460945,440.31994295892093,500.2360577212449,374.1418874743838,318.10691520866897,543.2788195622353,468.30128614568866,549.3558725381112,696.274694287747,514.0071478814723,707.5386393544934,528.4434500662612,663.9121300745962,675.408291228498
2026-02-24,539.7185675171582,574.5776940076438,808.9176478111066,566.0909458394594,440.5428959747542,505.82794486528553,377.7761787705457,323.4505675276416,548.1557487733501,472.2974177233734,554.105854570813,702.4494950578402,518.7005818842044,713.1658243067163,532.7797547939972,669.5017095236045,680.5106837660721
2026-02-25,541.6588157888854,577.9484087987993,811.0002292952177,561.326895592532,443.829981845001,509.21986396121144,381.8579410602841,321.24152141578924,550.6458078657506,475.67096852927557,555.8817653825307,706.4661688669354,520.1511998746049,716.9181532397309,534.0863522413377,672.7614140728083,683.546189690617
2026-02-26,537.4880422207559,573.407621211456,802.7688217157263,554.2257416337526,441.5986785687136,504.1384139557373,379.9533803441167,322.275745332572,545.8592203529909,470.98543819497866,551.8423639166778,700.882075992809,516.2043527611889,711.55580161013,530.2540059226229,667.521544584254,678.4988349364875
2026-02-27,537.3897089679783,573.1433156278604,806.8039917319576,549.9775036778177,440.8498296354248,505.7372382092922,381.56494873379324,317.1194199475798,546.544240704209,471.7058064100819,552.0894197981418,700.1718926812636,516.7293085354619,711.2890049699683,531.0903174049296,667.6366370563719,679.0030844903845
2026-03-02,529.9342999024929,566.7982806748344,811.590088816097,537.6952712676155,429.54655719406117,496.4249831045644,378.58731579295755,316.0555825454695,538.4391976828084,462.8574944289028,544.991283899212,692.037137530991,511.13892972422957,703.6586215727382,525.8012730601715,661.7829004959733,673.5603838336151
2026-03-03,515.1482939688864,557.1722576820887,810.2210383227894,517.028047076009,419.59824562525574,479.469993730555,371.9038014366657,304.0894541090864,523.9033872613683,447.13006271540155,529.5861276524425,673.5245761178828,498.3214564326202,684.5569322889932,512.3743438683357,645.8481856117392,657.0189412504313
2026-03-04,530.580455756745,574.2415465374797,831.5260130164367,540.1060832669708,433.29790633487386,492.3917062307868,383.4812460565248,308.70061599387736,540.3023732571169,461.2148425333503,545.4236484956061,695.2301395580233,513.3716898007596,706.5245173689558,527.8189114649304,666.7576584319509,678.2000288590696
2026-03-05,515.7994267619611,560.2241368408636,823.1474380995408,521.2818119481425,420.12164171846223,477.1511353025051,373.13894456433326,300.78597888228853,525.1414822466693,446.7139271063832,530.3819209624604,675.679650401169,500.5142603122831,686.8538854581384,514.6847280397304,649.81812691763,661.0841246752867
2026-03-06,515.1862642966354,558.0370128938641,821.0552642418255,520.4908912985943,419.5222612246286,479.0098972671289,372.25042853890795,298.7788461367812,524.7790306751579,446.54734381710756,530.2497500070486,674.0422020157733,502.6771688789612,685.8424944551255,517.2647752274974,651.7170792662549,663.4904620266489
2026-03-09,518.8680287647969,561.2178747411665,822.7759426775222,522.7611952294156,421.1988027457641,485.1403860151219,372.28367301027004,300.84062211478283,528.5410758487832,451.2340224270654,533.7636662134281,678.6694238880863,505.23215312737364,690.2155176797056,519.6765460781597,654.9048685305729,666.4720645811803
2026-03-10,517.1311183670382,557.2723442581565,812.8681065888505,527.2776457202175,418.63475523628455,481.80234402828563,369.20766571125034,304.35904841039047,526.0489898330416,449.0235854534026,532.1318916765224,676.8913145171801,503.75551895040076,688.5805666847361,518.2943085773189,653.4382100619997,665.1313513639229
2026-03-11,513.7328134486136,551.9991401307307,812.4658506888558,526.3057192665955,413.9845784482271,478.9344701739237,367.2950618260054,304.11394096818196,522.3163297961487,445.445681218329,528.5278954229566,672.5046709324096,500.8248837061,683.9824876903297,515.163748311296,649.6749408249216,661.1567604551873
2026-03-12,501.38931111680876,540.8320288021594,804.5064162217512,507.3741183319279,407.79204999574006,464.81937194476524,360.7786931372503,295.4560673068175,509.977515755189,433.0703098103463,515.8772031952327,657.0456976182069,491.1431716513265,668.2924079563709,505.1570676228101,637.648026781812,648.8381846026986
2026-03-13,504.96769209213534,545.8778709617785,816.6910625620928,510.76904520987927,409.9315644295902,472.03883833698137,361.2075675075762,290.9873210463533,514.6492845318459,437.53028295404937,519.510491629002,662.199536855819,495.1143603080475,673.4558904841392,509.1774775734925,643.2140242906488,654.4071305795987
2026-03-16,522.6990329601302,563.8983967528179,836.8380038278966,527.4802365968766,423.5500405619459,492.4957023067943,375.6825303640528,295.9288389369692,533.5689080460413,455.405499398487,537.3416474611332,686.4287081904112,511.31020888575927,697.5466140058289,525.493219581282,665.2261669354407,676.344755108126
2026-03-17,516.2149804075411,555.6081611100992,826.7535335303768,523.9690817785229,417.8853854244589,484.988460784468,368.3243041065415,296.16350252300384,526.3098336131621,449.3871346327887,530.5034188998687,677.42304964155,505.519114510186,688.1989049961437,519.3574403913019,657.2071044008786,667.9818057089532
2026-03-18,503.9273142813121,542.4763304187246,812.3541800761941,514.1205425497665,405.6259531820051,472.8440140396068,359.38063121179067,292.92703088809844,513.1658349000172,437.57145825474737,517.5503849538118,660.7597421339935,494.2886883644617,670.8858568625574,507.48169724050615,642.0645098570867,652.1928805129079
2026-03-19,511.2070859981844,548.576599650582,826.0035524854721,523.0729476818465,410.7507129467122,481.4683175132673,365.7371023316554,294.8901436731653,520.9403526244602,443.3967733381522,524.1391615942989,669.7744987119975,500.69735814079826,678.9529247768684,513.2532783066919,649.9299385588504,659.1995386505527
2026-03-20,492.7962521071969,531.003713526512,810.1859276205685,501.1705739829517,393.8446450795605,461.31688988116844,351.4342251021698,287.9325305890517,501.59076706219736,425.5681073265258,505.2139970127256,646.6347611042057,483.9146927234451,655.3972861727509,495.95473670861503,628.998898018094,637.8203820044545
2026-03-23,512.9119545854411,551.0730534506133,833.7937035451246,519.9230328005716,410.81773082684856,481.9173424574466,367.255349508372,300.2206078153372,521.9807605195845,445.34208512601214,524.903211281148,672.5765465770671,501.45560949538225,680.5440226714479,513.1382566694516,651.4852236602047,659.6507652430512
2026-03-24,502.36968018323944,539.5098692234732,824.1581564290675,514.7204077970098,401.7730678539541,468.4868276782107,353.3279895274099,299.631431176403,510.3698792129893,433.5057815816647,514.2383680671157,658.757042205553,491.97409593603487,666.7150909003658,503.5198277111281,639.1298861611683,647.2459188764637
2026-03-25,509.745502405645,545.1636407234264,826.2290198874508,526.36674403002,407.30305881318156,475.8956659865659,356.9505757170997,304.8859440955536,517.7307186083549,439.92067382537545,522.1041531318535,668.3365034657695,498.70966499292086,676.8074476624071,510.7298993507369,647.8182698438573,656.4386426604847
2026-03-26,498.91917013810786,533.9341922238906,819.7141400503685,517.0202563441384,399.07446833329357,461.8762117577213,350.46792497906273,299.9390348979035,506.4988345268781,427.8094573265596,510.6899056664039,653.786315209871,489.2387943768406,661.6810540374572,500.68049812524464,635.1282890672378,643.1608286294199
2026-03-27,495.22969443053285,527.7756094003283,814.0714437690443,515.3692820673931,395.1635567190304,458.2408651524321,349.8728736171369,295.21788185286096,503.137576318185,425.25770202384854,507.77446407809873,648.2041922118574,486.9171071889099,657.1333734846046,499.06522611221976,631.3514035049664,640.3057864548897
2026-03-30,494.2649013605363,526.9780455007178,808.9354408938246,517.8351500994652,397.40816081142077,454.6365055282403,346.81455571676463,297.72665592515824,501.67956974160023,423.7317637273124,506.8301709212133,647.1443275143417,486.90061223217594,656.1069166952176,499.0540447662021,631.4736011035782,640.431397129547
2026-03-31,512.562662557969,546.3599994968835,826.940094015691,541.2373492718995,412.25279763436606,472.5896890139977,356.06086039489037,308.33380439971535,520.3153545702562,440.55720176864764,525.7152565257903,670.8733374576324,503.91246303921787,680.3255181777481,516.6461261257351,653.3729710619125,662.8398572003146
2026-04-01,510.3767760070391,545.4091887806873,810.9981236540854,540.1190174495616,412.93467004423485,471.0525824598938,352.8796208012389,308.95674246279697,517.7991183463047,439.8439800809334,523.6415485933734,667.7037518246016,501.08301638958415,677.3326915733329,513.9310193916044,649.449287355223,659.0984989582829
2026-04-02,504.24244278789416,539.2907012883187,806.8399528772328,534.4090890846837,407.23693873310964,462.7809329472838,349.5570251344518,308.1037604766762,511.139757926123,432.6878149110234,517.0456729584695,659.3390889301387,497.3708403263656,668.4848926661922,509.747415713491,644.2053866049316,653.3282956918003
2026-04-03,504.24244278789416,539.2907012883187,806.8399528772328,534.4090890846837,407.23693873310964,462.7809329472838,349.5570251344518,308.1037604766762,511.139757926123,432.6878149110234,517.0456729584695,659.3655873640314,497.3708403263656,668.5107253567109,509.747415713491,644.2302810469231,653.3526076027229
2026-04-06,506.8671493726468,542.8015832106097,812.2167770567295,533.2702143441426,410.0327025157805,467.18053189164135,351.23652091420985,306.976180271779,514.2122984090262,436.3858940956641,519.5581871054007,663.4283803820533,500.0165751289451,672.3829441462676,512.28721728229,648.2468545103789,657.1919023048492
2026-04-07,505.8099189776704,540.7974085757854,811.4595699015092,528.577795942857,407.8210070400243,466.50567656339,354.06640043133643,307.00607277359626,513.037690711765,435.21629575010127,518.640254953691,663.1818963354051,498.816021096379,672.2950786043639,511.2205748776028,647.7667914588417,656.8666213077995
2026-04-08,525.7167047586362,561.105760960175,818.8595487802934,549.0465260181941,424.904046932675,491.25083640254246,366.69595645509514,314.5868727892591,533.9128411629547,457.22361460740854,538.4161766648067,687.9996335116034,515.7546268025933,696.7113717239243,528.0839421386147,668.6932908338081,677.5130028579224
2026-04-09,521.726045746732,555.9281582257939,810.8821404941546,546.1957283516218,419.96456303084335,484.7487012393401,365.8303316170694,320.2564322180879,528.6167680523477,451.2377039935573,534.4477429721161,682.9636404417072,512.1845853046776,691.7519432724848,524.5268453540465,664.2217380857375,673.098006012844
2026-04-10,521.7926739792414,555.9692989481723,808.5561352469211,547.3498133375348,419.984631735389,485.0207674912467,364.71841073201347,321.863837312696,528.4492142664226,452.42753754092615,534.4567765560196,683.4844564388538,511.8846717117816,692.1888683988618,524.1782095064145,664.256498383746,673.066052114804
2026-04-13,516.4800607838315,550.8277611559913,800.2639240778125,540.0900081730707,415.17386350448504,479.0896787698837,360.9674631321422,322.6600544345123,522.4608597146736,447.97224360986513,528.766934296192,676.8707655568959,507.10463900354927,685.1683057500268,519.0322268048194,658.3546230706107,666.7640628348424
2026-04-14,520.2970627527301,555.7301840691882,801.2389864927804,540.4020579755247,417.19990588572875,486.09097703118795,361.2294276108732,324.38389251065536,526.4193270077615,453.3079799067219,532.945336724814,681.5057681678309,509.9315749142087,690.2115770712734,522.2173002159924,661.727141918089,670.5516026250992
2026-04-15,518.9743161823201,555.0845459300258,804.6684689102273,541.0245413906882,415.3335882434392,483.3254881212386,362.4906813932646,321.39768429576736,525.3999060179839,451.4524287827162,531.4625149122359,679.7746278459523,508.6112673397666,688.2989707092238,520.745600795812,660.0163506935081,668.670039996966
