data,000001.SS,ACWI,ARGT,BOVA11.SA,BRL=X,BTC-USD,BZ=F,ECH,ENZL,EWA,EWG,EWH,EWJ,EWT,EWU,EWW,EWY,EZA,FEZ,GC=F,GLD,IEMG,INDA,MCHI,QQQ,SMAL11.SA,SPY,USO,VEA,VT,XLE,^AXJO,^BVSP,^FTSE,^GDAXI,^GSPC,^HSI,^KS11,^MXX,^N225,^NDX,^NSEI,^NZ50,^STOXX50E,^TWII
2015-01-31,1338.483465447557,150.10954122009662,47.55765924328989,45.61000061035156,2.6001999378204346,588.7502788561724,137.7845990694541,99.09362121737286,100.23770561918263,56.99638283540344,72.93560627206807,56.34633285094833,119.50518676167303,79.2020877254563,93.81521851766956,146.26124650239944,144.70113050729742,175.72151655901325,95.92137411915974,3324.3556205034256,320.9946743887522,122.2614022665939,83.46641403644571,131.05008083374014,262.8802097460557,46.790000915527344,518.6098696631052,370.6844967875368,99.19763159543982,153.7758227356644,98.22255661875715,11315.748048544396,46908.0,26443.474454123527,31515.09136215225,5187.372848559811,8220.64535502519,4.612728094532574,7202.387680429732,388.30636411713203,10786.74788511882,370.6534808883372,10877.247093385778,9876.357997686835,772.7394083003379
2015-02-28,1538.7520094076497,176.9435478140831,58.33239920387268,50.0099983215332,2.9049999713897705,737.3703412486648,181.79490352878565,120.00555280752178,118.95975104475019,68.7904002090454,86.27850136661527,63.06754671926501,143.50700301933284,92.95999908447266,110.97100112342832,174.91004561777117,164.51015148267743,198.87629538173678,114.0502940008164,3522.602894384385,337.4448073150634,142.34499859809875,97.23035258855816,154.13930247135158,314.9020013313293,49.4900016784668,611.9673046113967,420.6440047225951,117.6524988412857,182.0272977640152,114.77654399366384,13447.703246567398,51583.0,31053.13964237878,37115.82481986843,6113.572439789772,9298.05968431849,5.241124737944569,8563.171725924127,457.54184635628917,12900.14599599829,416.06308515184577,12874.664947284138,11715.824862003326,875.5909515631089
2015-03-31,1951.2179593063086,193.62452571247104,67.61695852569574,49.5,3.2260000705718994,787.8666380849609,177.78486585821156,129.9755457968331,129.2335672573472,73.7463635822678,96.26384259811402,70.74618253213885,161.68712009132378,101.55448074485776,116.20052401874545,186.97896113685601,184.65624945426953,216.2065139002607,125.23332175510404,3816.680604733847,366.6671798351672,155.91258931772245,103.19974151922224,175.81700384616852,340.6656025299071,49.91999816894531,665.943170940227,434.60673344543466,128.4915887178613,198.68934483877183,125.13654569097525,14549.059632062912,51150.0,32339.044216156006,41799.027291367296,6671.012939391949,10358.52136665769,5.956004505472581,9239.920682220254,516.2838934015235,13980.484056813293,438.20837279192943,14117.810976318551,12915.317402079469,985.8104223635802
2015-04-30,2118.6511665816024,182.29969676184828,65.01845314244838,54.619998931884766,2.952699899673462,697.2653304236846,197.1812956958238,124.66299336858356,119.73197867902763,68.85696075929263,87.45897350633231,70.24473331650915,151.88687878428664,97.08477585508717,113.44272473889941,173.0872649650346,180.61664745647067,208.726363116657,116.98596687123882,3491.2724334613013,335.0428612203177,153.06796324961851,86.77984824921805,185.0752306126251,317.7990820920222,51.36000061035156,615.5198409099648,484.4790049449766,122.15319169566737,186.4925252128296,122.06461430304716,13670.190353393555,56229.0,31706.229255239712,37589.83726855251,6157.8851966029615,10717.829044342041,5.875651098393715,8647.646076962817,484.0962560911248,13033.95553213358,380.78107439045425,13005.847826579544,11865.281614898646,944.9457149408439
2015-05-31,2352.651173388146,194.99962492826853,66.35798595716096,51.349998474121094,3.158400058746338,748.8439983523494,207.06470014047227,130.31558112260427,120.39820686587518,71.19034021574407,91.9410276378403,74.79091435498049,164.86848547622685,103.21651488369753,122.10374578919982,184.7979821359786,182.55552098587032,205.32759456616986,123.27235043740075,3756.6011069822707,360.3734418836211,157.7620853440476,96.48911938503261,189.0302386966323,347.58193610370654,50.25,666.8645864759674,513.1768280509641,130.59983760982504,200.1478083492202,123.79348933869551,13966.381582359318,52760.0,33798.908145967405,39519.21098847315,6655.980360520189,11171.792087073263,6.033771212465885,9212.969416588428,524.5659678008124,14238.857064843178,417.34179915841077,13261.038121689973,12363.468629050185,995.1561359796467
2015-06-30,2149.3752768007116,185.18675294351578,62.42460304298402,51.459999084472656,3.115000009536743,819.4692543704223,198.08285108175278,118.74379703636168,108.02820128135681,65.50845233945847,86.84619765167236,70.27439855155944,159.6126057170868,98.30939863739013,113.69750034809113,177.89765244588853,171.66765242681504,203.84560822906496,116.59445130758286,3649.2225111722946,350.0325596272469,149.64460331001283,94.25990100154877,174.56460338630677,333.52305007047653,49.56999969482422,641.2227709755898,495.4095806030273,123.50975513124467,191.63480201263428,117.06170606212618,13044.826610326767,53081.0,31929.42423582077,38232.968946082285,6426.588004294492,10547.524019935518,5.778051590899203,8944.961537846713,513.7851794260787,13695.906711852644,409.074743474102,12200.437588931454,11961.765148712962,931.8232693078988
2015-07-31,1991.9815176493635,202.0457484684448,61.75305530676269,49.369998931884766,3.370800018310547,959.4982046383666,175.98946586993407,120.40498076879885,117.50609069567872,70.51713664022827,95.49476426156616,74.93288286401366,174.3377810617676,99.16893679586792,124.98927085107425,189.91087354595948,172.51754596582032,209.93342102563474,130.04547087854007,3690.68902234314,353.6980469500122,151.3152107645874,104.73075554022216,168.67483600231935,377.36105176300043,47.709999084472656,709.5534038543701,420.4061823984375,135.6072831936035,208.4165713042603,116.93304800610349,14008.633764837636,50865.0,35197.08994009998,41704.16366262594,7091.624206784181,10711.114855745109,5.845096120716552,9275.044635054655,559.3009894745373,15468.298438712955,448.5874707169107,13188.642865866263,13278.264416423044,924.485737917968
2015-08-31,1798.7398673555665,199.9061878493958,64.55975246005255,45.34000015258789,3.578700065612793,823.3014214209106,193.78661401359568,125.36185892988578,115.30572048257454,66.74275485851285,94.26296027430726,68.99733972231297,173.49537754270932,95.6228632958755,122.10524241624444,189.13429300697317,171.2050116849823,205.7752537727356,128.0101029851685,4049.6569068768295,389.43414004785154,145.6173007551879,100.52568538912965,157.82066743286123,373.2941951070097,43.47999954223633,707.4016354168853,454.92436216989154,133.55708535653685,206.59835314962766,118.86652322539521,13352.830579519272,46626.0,34179.76200657897,41052.20302507654,7057.840887615574,10008.340784087952,5.900144874251488,9337.69914238248,555.3801323681182,15297.440006053075,431.2911690865683,13082.134937536917,13083.0969931297,893.0277255003434
2015-09-30,1948.0601984689224,218.69432866255192,64.66767870342255,43.43000030517578,4.0543999671936035,957.0816463572846,196.11132208258823,133.63301920678714,129.65970909489442,72.65484772143554,100.30585426039124,77.52013077532956,185.36717144931026,106.71180589923097,132.9032259753876,209.04486787637325,197.77362545048527,217.6401914762573,137.2414327029801,4522.683163404465,433.2531829689178,161.7300122167435,115.83420582541657,177.62326813062282,412.57574932275384,42.18000030517578,776.9446855101851,476.1487420456542,144.49881235617067,224.24886775334926,124.06464054275511,14258.331583551946,45059.0,37237.01425576536,44083.48909523059,7784.569687791984,10905.116574033396,6.664112738943056,10154.64427844854,588.0672383134588,16951.689764396986,488.8959502433171,14409.53011961634,14149.287466110662,996.6953499105126
2015-10-31,2049.0857652083623,223.26173351974103,76.74021043690482,44.400001525878906,3.8447000980377197,1261.1193589766917,190.5433421386415,134.14158407391733,139.7164021493454,72.741726148201,104.2298220044213,78.85479989073565,189.4668161380614,106.88265979217522,134.33381614554582,210.38199405786145,209.07479543787395,218.99411406430045,140.79291348355855,4388.725161910057,420.2257324486163,162.78460273757173,109.49705703215022,181.85431170391075,435.7198691504709,44.4900016784668,799.4284632255585,455.52008052191195,146.25239524928293,228.14450440421297,130.77747148813432,14283.127905890811,45869.0,37462.425975241,45861.36988522764,7994.516008860606,11231.49686321849,6.845317486235199,10303.185992908955,606.4609203954242,17873.357457127888,473.8491025986045,15434.414498564316,14448.174361481797,1010.7176800006969
2015-11-30,2072.854759098631,221.87925224221817,72.56404191875845,43.70000076293945,3.841399908065796,1449.4409100439589,171.3648522434196,124.61500774229444,137.40687646996685,73.33232483112715,104.67814749479294,77.17372473919295,190.22612520587154,103.94827946073156,131.99050318574518,205.8606216593971,202.90274197173312,205.0923387470284,138.75136057627878,4094.16420958488,391.5154715962526,158.9187100936242,105.4848379585801,179.58544570207596,437.99640462233765,43.56999969482422,801.6617561926687,397.3544158687437,145.0128465294838,227.7566040661277,130.64600442565552,13835.370742201805,45120.0,36702.66589264735,46340.47524609603,7991.686445116124,10565.9800399128,6.626043362621683,9724.01851557946,617.5034302853237,17918.247384843882,455.64226638543965,15294.769361504968,14275.809790539206,1008.0037820879545
2015-12-31,2160.630798630608,220.86299762616727,71.53713726374053,42.130001068115234,3.956700086593628,1703.6244311228584,147.5057743982543,126.29786706594086,148.29711743429561,75.01903001934807,103.62597738099294,78.42179450879667,191.82081838682552,101.05412383406838,127.72227396528615,197.16237255989472,196.52928605617126,184.81745742232124,136.22918518890765,4195.28929501347,401.44678716332237,155.85441399594492,108.80925238132477,176.54795363759604,442.5964741013413,41.529998779296875,806.6524273340183,348.18960762023926,145.29003200967418,227.9850547633132,119.3340740079193,15250.602659887052,43350.0,36612.962158857845,45353.76638480183,8087.257343154284,11188.397604295053,6.4805663484125064,9786.836613751948,610.2207925553375,18174.191884027212,473.12201861679256,17126.274796635265,13880.865713185864,1031.3618039642863
2016-01-31,1695.8842578800268,214.9816178444671,69.74904694385532,39.189998626708984,4.066999912261963,1543.3207207340165,141.2875837783049,132.7062114811324,142.62968568187716,71.74187597000127,98.95010755504609,73.08398563076025,187.0819959640503,100.29221721580507,124.93823451210028,196.80212327205663,194.15858263771042,186.390613425865,131.4861146103285,4540.398801341245,434.9656282049182,151.86177734443663,105.66065585884098,159.7517515890504,423.4966896934893,37.709999084472656,787.859227967987,313.9723808151248,141.08422137119305,220.59408206741318,118.37003058465962,14425.35081088543,40406.0,35516.615863798186,43571.21585338609,7890.955870050355,10271.433329971507,6.450028782408777,9669.887757873279,598.9506880065892,17403.383696819656,451.74914798793577,16261.199980563362,13541.210779620451,1007.9065510452461
2016-02-29,1631.9108383022112,206.9573421685791,73.38659760382461,41.45000076293945,3.9646999835968018,1735.337252906429,142.61026324969862,131.58838701089098,143.2446146421089,68.51001843889617,92.61539403668212,71.72142330823135,172.70233673016355,101.81349678869628,117.98947241928863,192.20865338987733,184.7153728407402,177.61855624031068,122.66781960986327,4892.043406554527,470.37200363406373,146.6146035785141,95.2320954208908,152.04623832128527,406.3817483186722,39.650001525878906,767.4073191455536,285.4583988189697,133.29320921376802,212.66650470027162,112.16136616574477,13831.494521230576,42794.0,33732.8155490763,41148.31672344357,7660.712171869702,9670.636084683705,6.122631789587854,9485.265241189743,557.4106951148497,16656.180859701475,403.0489609764827,16284.46317513687,12765.407355308533,1028.7537418808831
2016-03-31,1673.4643016859332,201.59737609232343,69.47665267872617,48.63999938964844,3.596100091934204,1498.599209258915,142.4055581533812,132.6960988795854,147.9076006223031,69.47665267872617,92.52765371930309,71.0949004637032,164.12600600099177,99.68389207917016,112.77370107794195,193.1105776804734,189.946005758522,190.62925983749756,119.49840440880962,4438.30655787437,423.04521262025446,149.66968198525228,97.52623751122292,152.8702088721884,392.69411906478854,44.25,739.0705062585148,279.05736164688096,129.02807513964854,207.4590093651923,111.28131624746129,14004.63853064971,50055.0,31911.265732962638,40623.40204699896,7407.031168242393,9636.23336911085,6.294586488743095,9551.98138399655,536.2774629718115,16123.690700092353,419.29938257817173,16762.65200189293,12249.295781854307,970.235900211361
2016-04-30,1581.293605553496,197.68176680638135,72.16897903907011,52.150001525878906,3.4797000885009766,1583.6010185052874,167.47796897627268,132.6809680912629,145.52105663919065,69.35042382574466,91.27253172850033,68.82847013986975,158.9527011046448,90.88976923192604,113.50781317018118,188.04299596835335,181.81432962417603,193.81929758430488,118.65776770828234,4486.029184188228,430.2649212527467,145.79943901779188,94.16068253647609,147.08692433381657,367.873897604004,46.650001525878906,717.9665256319277,314.56489331008925,127.73978706311027,202.7621257498322,117.43987798690796,13944.066687224898,53911.0,31711.348201958695,39666.980134664336,7186.624762688298,9450.257572549745,6.119086249036126,9234.330316742824,525.980563192672,15106.421314580366,411.1344140850908,16527.55779918253,11965.365733325249,903.3397815207339
2016-05-31,1582.8785750037082,203.34179878234863,74.20191683395387,47.02000045776367,3.5673999786376953,1895.6663562753238,177.26410003942874,125.57248196975706,149.72378145816037,69.38593230621336,92.50268253475951,70.45614957809448,168.23858244821167,95.17823251873779,115.01298129904171,177.9419147448425,177.5138169492493,179.29751693856815,120.89918309866334,4333.677668238524,414.0324328112183,144.37268149020383,98.56725841587831,150.72264909744263,393.6269005786744,44.2599983215332,748.5831984531251,338.7602987053833,130.56683377471927,209.2280141905212,119.27602318482968,13806.32867069298,48472.0,32499.852280390915,40810.8121152441,7480.659211014863,9558.28914806305,5.903943684111476,8773.673867213598,554.6216731485765,16138.52557708975,433.6219121084429,16850.58345442491,12182.23428114818,932.6144179546351
2016-06-30,1431.292952396375,182.05025147290416,72.19847949497216,49.900001525878906,3.237600088119507,2179.995849910294,160.84397336581424,119.14368077270501,139.31392783963383,62.97132418401725,77.8642796491813,63.39220947837066,148.92960405349731,90.97656371120456,99.52382596776579,163.07791298044958,168.58183560034558,171.23666668456644,100.91599499369431,4268.452035219729,409.4592870966226,135.46118818093873,90.39379470730591,137.24186575931162,348.1715164404832,48.45000076293945,678.2124526267544,299.67225625204446,114.48154109198003,188.00743612906263,110.4669115485076,12653.31402036408,51527.0,28329.479238408618,34867.683598724194,6795.26966873958,8677.698174968828,5.536783501774885,8038.619377252064,490.32995015374036,14302.746541629313,398.0126478564369,15908.985671755918,10318.79343936016,867.8105991905462
2016-07-31,1469.0122982649789,191.49885585208904,74.13811989794158,55.68000030517578,3.281899929046631,2156.182012606616,139.34946798265082,126.1890547757339,152.67398620158383,68.55888751467137,84.18073192810061,68.59170726512912,158.31885808576953,98.65391011441807,102.39528029014582,163.044789476593,182.6705495499573,189.59536040335843,106.89147968749239,4427.283004283905,423.2994388266452,144.30514388640586,96.980140399437,144.46923637896725,378.1733398411634,55.5,712.5660965697025,256.2507524692992,120.87238039612566,198.48930620640567,110.5672041025773,13713.293830262264,57308.0,29009.732197605306,37604.72458600998,7133.538006273797,9262.895147022035,5.890358283110211,8104.958929407876,519.7779694726341,15524.141437274637,423.1004287833308,17099.7856211163,10879.487929391908,923.1374980801291
2016-08-31,1494.9879394271372,189.51463491731647,72.76326151498415,55.93000030517578,3.236799955368042,1862.6876949210273,152.25907286389156,118.20793585173033,151.54697292253877,65.44809287500766,84.83652386681752,68.06990528392407,158.99161035040288,97.29820492972567,102.08867355568691,163.3612976985969,182.3936725460244,170.02909770431143,106.3288735948754,4230.1739406939305,403.88789447965246,143.74628552399827,95.67980495204165,151.3527604801484,376.89299470539845,55.5,703.6155901025923,268.2659714107667,119.69686086782076,196.44138484621817,110.87658592840762,13210.883309841156,57901.0,28715.582213401794,38198.30183130689,7026.930705059378,9580.21018507192,5.888655984904747,8171.877808534424,531.1087365477215,15442.933794871205,423.6647091617505,17341.442253307112,10901.708919508383,925.5573253312591
2016-09-30,1468.536263843509,192.62462464344026,77.83208110982514,56.560001373291016,3.2592999935150146,1987.3092338022252,159.90126215781402,120.23557477145005,152.69819972288133,68.11936862113953,85.62181232162857,71.73719360326004,163.48648717738342,102.34201855304718,103.25462478921509,158.01086219361878,189.46311210433578,182.74894964172745,106.77466231692506,4280.438840628776,409.4984491959076,148.65667469353866,95.85601231194687,158.0760496854782,386.9440992087402,55.58000183105469,704.9865985438919,284.99319939022826,121.93041226006699,198.32839963209153,115.06958726570701,13506.037262322381,58367.0,29154.370505644474,38408.31585165672,7067.042460597004,9783.871095637965,6.046371202841773,7873.040173925983,529.6848623823898,15891.369614963187,420.0520264103044,17384.247588902424,10970.484971944825,952.1803096194709
2016-10-31,1464.0424038697934,185.68370894190593,76.23377674819949,62.900001525878906,3.2030999660491943,2245.2833409170125,154.70972591640475,128.02790955302044,137.38095558883288,64.95886951087186,82.99231963158036,69.09086529017259,161.8206117510681,100.96171239613341,96.09299898147583,162.81357713933176,177.29157823328023,177.1314256787491,104.32496491671372,4072.7416068315506,390.58601768010703,144.58793051244356,93.01802594659421,150.76991442442704,374.7306581855355,59.5,680.8189075588416,269.8291342974244,116.94517438415915,191.06491786237711,109.89836423393626,12940.091206965735,64925.0,27157.542634568177,37526.968629586045,6810.2706800127635,9474.02852610685,5.609517165726405,8107.807451609988,532.8570813956321,15378.947836553562,408.6791438506042,15976.894452774253,10750.50782185793,941.3850538746735
2016-11-30,1627.4437160625919,202.28906277874376,79.81731925290296,60.0,3.4537999629974365,2575.4674756912136,174.31328834854503,129.41388882957835,145.88851623410028,70.59567308819578,85.75785281772232,73.11694548015976,172.3100780459099,106.16981007202912,103.82122504317476,152.38165067839054,183.9493802321549,175.59119064579772,108.38023994031528,4043.709165319975,385.96214586496353,149.44592597992323,93.01083405753707,161.01615058588413,405.8214956521988,55.0,761.1484527096327,302.00027719662467,124.19864350733951,208.47136787455747,128.53316614995765,14058.796093583107,61906.0,29269.382575197145,39107.3581010371,7594.250099009485,10142.586955963634,5.865894354360519,7582.71959976037,562.2534451695246,16615.57560235879,414.03010854875487,16995.353169088117,11215.887845859106,1003.2239470158715
2016-12-31,1453.3509814369613,192.4385864668693,74.99803681727599,58.2400016784668,3.2523000240325928,3126.2342926872225,182.55160382278063,121.70106094416042,129.2138784660301,65.79402799739455,86.12090314759826,63.354802979370106,158.90738115927888,95.52005443527605,99.81308947447587,143.0036360268059,173.0874112491074,170.29043124339296,108.82195582656095,3740.1450276374817,356.4846076192589,138.06013850149156,87.19416190739821,142.22307856216048,385.3325177651368,54.099998474121094,726.9866204019127,304.9356572009583,118.83904585572054,198.39030146598816,122.48161840880584,13333.89321496361,60227.0,28574.056812780444,39479.9190933269,7281.347116890829,9220.434629358002,5.495856619603865,7162.283664382179,534.8200443620444,15817.951824014308,391.89610232059897,15603.286165714577,11315.11106187303,932.6048067634406
2017-01-31,1456.2699127932433,190.3116908857155,80.26284002319335,62.38999938964844,3.125499963760376,3032.994588642774,174.09035036602017,121.51944192939754,135.86548723997112,66.38561851490022,85.98250471841811,65.72926638399122,158.05653221353532,98.51576028846739,98.29697624483106,140.05365766832347,180.9039412408447,171.464929919548,106.32951019786833,3777.479179894639,361.1515303507804,141.39762360656732,88.63918087989805,146.92974805032736,389.34352953180314,60.5,711.1450029390908,283.0452690875245,118.39394196563717,196.37516844602578,113.92447606363294,13274.879625284113,64671.0,27739.414082179544,38575.228716480546,7122.608468684135,9558.76333450654,5.5269716617880205,7068.019213515858,523.4464191505904,15992.4645106151,394.54362718307607,16076.57068870592,10803.716754469788,950.9609111707756
2017-02-28,1465.2701739319125,193.83281717092905,81.60728480893704,64.5,3.105299949645996,3664.1606906082015,172.6236246746521,125.1125378142242,133.9626379324036,68.16133626388546,85.45785603575132,67.10553380717465,159.08451499887087,100.58066347370914,99.09012091937257,143.09222736566153,181.84636931575005,170.76044944317619,106.17020101391608,3889.6986411135877,370.24492342057783,143.340645201828,92.13424974291229,151.25915770426946,403.75111272024515,63.79999923706055,734.310282883438,284.44547064926155,118.87087828179938,200.35394232687395,110.82815093838508,13615.02973207552,66662.0,28065.050491987844,38894.973755814135,7339.810839404119,9498.666088475846,5.7279658964167925,7307.78452234366,526.5369940289929,16552.21155654872,413.442761516409,15992.40740730165,10910.23095388664,971.333524432882
2017-03-31,1472.4208312051169,199.12350122933185,88.9225270152092,62.779998779296875,3.147700071334839,3373.673582413001,166.2930005322305,137.1138194300538,132.8959008541642,71.16950053408436,90.49637705087662,70.03632658720016,162.1065536737442,104.59807192955395,102.45763492044443,161.06780688659273,194.74820005138008,173.72156261426153,114.41889279001225,3926.126452672237,373.6949563112794,150.42858929089743,99.1210745258827,157.16466552235033,416.6925508129352,62.77000045776367,742.0388321073078,267.93223871743794,123.7046104019546,205.2930024948655,110.01211989465719,14112.121746783378,64984.0,28759.224613279803,41386.02019804646,7437.133820326475,9759.647904418991,6.087407646485078,8153.040327923081,532.4847591589241,17111.621497314074,445.68934805644915,15865.435756922625,11767.326016098668,1019.3320182792644
2017-04-30,1455.0424385635822,204.4810971528932,91.23394586367795,63.189998626708984,3.1810998916625977,4187.854323245119,164.5582959395142,136.59642497941604,135.45123921176128,71.44750065435801,94.41504575534054,72.84718630558018,164.9718423232116,107.39392700315875,105.29440156005876,164.6537250530855,197.5462984182741,186.03072020823674,120.34101472636394,4027.5904951704433,384.1814232373508,154.91956715095512,102.049690349304,162.74506997206117,432.59779174150026,64.9000015258789,757.3562680317991,260.59569730023213,127.78477682331868,210.8432969362184,107.90290250042744,14060.25901132694,65403.0,29539.59231902007,42952.179114143364,7584.378206374822,10056.265818573069,6.208935920093831,8217.28243533289,549.0267677281663,17761.765994655434,462.02175194216375,16157.31699456333,12292.332447796944,1041.724185618058
2017-05-31,1480.5208560900614,213.9323350001905,98.69542253878399,60.560001373291016,3.256200075149536,7445.008127633191,163.81943025248347,139.7235447278099,143.76123828641903,69.97573886967848,101.00732782170871,77.00913053514478,173.522904985859,111.94816206163796,112.69708658835225,168.08504440122215,220.5098730639802,193.64622244399652,128.75015395255286,4141.88649559021,392.76286200795766,162.28901224230958,105.9893099618339,175.08587953136066,460.0684867561831,64.37999725341797,786.1769540938112,259.45402298162844,135.26255410285194,220.02143808414075,106.54287043374643,13898.757011668175,62711.0,31365.16700744629,45864.57192098047,7853.3035002397955,10715.117653422756,6.800906227379932,8478.942886984965,577.3337413395493,18849.490359049058,484.82503108045205,17118.96140145936,12923.423137796985,1086.271249956284
2017-06-30,1553.8011758844445,216.2938187427062,96.736087275116,60.93000030517578,3.3027000427246094,8193.47066426929,158.2653799999389,137.62350473291008,152.78289843296807,71.6025379341736,99.97273180513002,77.38226300894166,177.18986233169562,118.10454798435967,110.07899847143563,178.14763576899713,223.95608183392324,187.3291504549561,127.05487467523199,4097.659781743772,389.7846479554137,165.26711316165165,106.01666633193963,180.6246608010406,454.5836318648071,64.43000030517578,798.5928804098512,251.0052032470703,136.4675647574768,223.0313298535766,107.20564036312862,14514.87359881401,62900.0,31422.67223713454,46544.58471073536,8003.796020262875,10894.553015286801,6.8921464227043945,9120.929218085483,590.7858342123945,18650.08266723901,485.36895849493095,18375.14670649475,12997.915496688802,1131.0841322398785
2017-07-31,1543.3826657431464,213.79565499548335,94.37769369331363,63.720001220703125,3.1777000427246094,9136.968320137821,167.30591209823615,144.45824103298946,151.3856280958862,72.13379339424137,97.58716540280147,77.15455921930698,174.0108490059356,116.30381671493524,108.42312206361385,178.90450998100278,221.48568328033434,191.13866241867072,126.21824957604986,4024.874796534423,383.7072801589966,167.7507881647034,109.18577540753176,188.7871590533905,455.1419635428465,69.75,784.1610531197512,261.3340447253722,135.08402348255913,220.27816599191283,105.84919278706366,14293.491438919678,65920.0,30769.99173927307,44547.899014532566,7849.872570703737,10945.170909679553,6.792483811019654,8973.498041722924,572.05191315111,18685.925140492618,499.3801131203518,18386.0315738348,12680.19274484244,1095.6592800571373
2017-08-31,1609.5527116535973,213.37694198671306,93.84794174199305,68.41000366210938,3.158799886703491,14857.068230989506,165.45794143949115,152.09621936471922,147.16848720351027,71.54681622884755,97.1646852379913,77.99077088969034,172.81793890958033,118.39181830766302,106.89378864804075,178.37743345810304,216.28303209854494,197.4881703626861,125.62547294018168,4157.612256640859,397.44020078104404,170.60677657891483,107.74666606343453,195.84559297561646,461.8165337961582,75.80000305175781,781.7714013120531,243.35394616360463,134.31217262861628,219.88406204140847,99.45481636083787,14275.392691969872,70835.0,30333.19609281281,45261.24094186351,7807.447431494133,11284.897440903238,6.645281774440444,9112.904733246309,562.0789407053053,18916.78930998908,489.6924769979426,17788.303937051536,12845.225113008404,1109.5819446693201
2017-09-30,1598.2976262496663,218.90954369746396,101.1526206543731,71.58000183105469,3.1809000968933105,13242.30920723104,183.0289944874421,154.6553593133849,149.88400916804494,71.37939987306981,103.15659111298373,78.53642509107976,177.2079414857253,114.83048864418015,110.85436352306351,173.70895623281103,219.67295292558265,186.877880692482,131.21212899684906,4076.3234741687775,386.73383960469073,171.83222469027714,104.49256332927689,200.6829875983658,462.6619093857953,78.4000015258789,799.137517752235,265.4143118506472,138.08287272077177,224.9532587352296,108.91402465666215,14174.45643946412,74294.0,31495.126509414054,48053.060711550526,8013.8328098073835,11214.875658518751,6.646569968108304,8813.077824512555,575.8791374987413,19019.55532808462,476.38550385385804,18220.15870100333,13465.229588422459,1082.0822720213725
2017-10-31,1679.3529104857807,231.09720775543246,105.193603515625,71.7699966430664,3.2873001098632812,21263.571709614247,201.74160423109424,168.11252561199944,149.80226500326535,74.62171500190743,108.71101362997433,81.13056771463016,192.80015645950334,125.24612916976912,115.25274636622635,165.44982054864522,245.75856323580956,196.942149080307,136.91605459182756,4165.009239196777,396.6784982379759,183.3655961153563,115.84446138920612,214.66070720611606,500.16269165161066,77.4000015258789,845.3292031872552,287.44152963208035,145.23291985696414,237.3759379236144,111.62028124963399,14944.45155286789,74308.0,32543.283565791557,49645.28495413251,8465.652513029054,11898.15092883096,7.383748355838876,8307.185522711836,640.317723685439,20540.892167102545,523.9663025452242,18430.717140262484,14063.5127714267,1175.5775415858257
2017-11-30,1628.8018291787193,232.7170664723817,104.70970041513829,69.4000015258789,3.244800090789795,33205.98494160641,206.27194078127286,145.75641413687117,147.70330161810307,73.88409955263523,107.857160464142,83.26156983454894,194.3959729440994,120.38207841712938,113.63290066481022,162.856512100685,243.8467317740251,207.73209091978424,134.3022737773208,4131.2793171560625,392.94528604347215,181.22208011943803,112.85414319673146,214.9355510822752,503.4307142813486,75.2300033569336,859.9045037477044,297.7428632625124,144.58829650164807,238.75239662171953,112.10784066120141,14648.940159469494,71971.0,31896.058318401687,50052.46026354842,8590.868077873252,12117.937102161872,7.435572641689226,8225.636547537579,658.3421047871525,20654.969856052892,515.1472638934104,18289.128661632916,13719.597973586642,1143.3224180659338
2017-12-31,1676.5230349164192,238.69718731439207,116.91494576261903,73.81999969482422,3.3111000061035156,48528.144556153566,220.51925535415648,172.7069758131256,157.177921331604,76.71818739403534,109.33252371723938,84.16816240776825,198.43422437625122,119.89492818960571,118.6036012081604,163.20412233224488,248.10072446780396,231.74388235391234,134.79487821707153,4325.290099647827,409.41752080703736,188.4015953996277,119.43137620968628,220.32059743753052,515.736918762268,80.94999694824219,883.6000991263427,318.13049464923097,148.53594829473877,245.8822935265198,119.63004675715638,15641.893128718948,76402.0,34205.32622812595,51038.88744889875,8852.590443002991,12665.674203645322,7.615419736811534,8285.620279421099,667.695680564706,21179.18604236096,544.2884076932141,19724.55030122606,13844.496590626659,1182.1791017527792
2018-01-31,1750.8516853272245,242.27789814529388,121.32972344520567,82.0,3.179500102996826,32497.987260748632,219.54449181499513,177.9248228527831,157.76679171463002,75.5767189036942,111.31429326923353,84.57470395259861,200.1177321162413,122.85588203918451,118.15022334220885,168.8632524107743,248.76408126632668,229.36913548957818,138.4354373954011,4257.35063791275,405.863192999077,195.34848196174607,118.43637883663177,237.85839494274114,538.6072980415338,84.19999694824219,896.3010596286767,330.1592790515133,149.40471517650622,249.05024888957996,118.99278892889015,15540.43643828365,84913.0,33908.73349352111,52019.31104422081,8978.304372142302,13363.413200437557,7.608163223642131,8541.725647565909,675.3939521004941,22097.49466602225,549.829494137884,19701.245410364525,14235.039934715023,1208.23074323254
2018-02-28,1676.2213824180822,236.45832588773737,120.25947551181798,82.5,3.248500108718872,33777.580549393315,213.68633318607317,174.47693786519994,156.64267920787825,74.1307714896011,105.34885951711658,83.09663253318786,198.38590064809796,119.05753394136445,112.62549282110194,162.13263993047713,234.18436094118078,231.81296974090583,131.72667693014137,4273.401893019676,406.062513589859,188.18561228944782,111.48852273986813,224.79619760971036,543.1817249888809,83.6500015258789,882.4550347062104,321.4715677847289,144.85062034345628,243.15022818078978,108.4024451581763,15229.504608154297,85481.0,32696.867140606977,49407.631114753895,8815.877303833608,12800.867700496747,7.305310923769075,8177.824652909185,667.3435691135237,22266.58386141574,525.1274134552773,19681.47417742912,13662.988095346373,1193.5091497400804
2018-03-31,1664.5917448591363,237.99379530262013,118.4326227399597,82.43000030517578,3.303499937057495,22762.832450814894,233.24719538074896,175.98928414179227,161.98183435874944,73.09098611666104,106.35037299778742,84.01147961491779,201.4151211473236,127.26196006401824,115.34567278623581,171.01033423735043,250.4411700637247,228.03589549373646,133.66820995403668,4390.77011780563,417.534742025402,193.8471213444518,113.28771037112801,227.60439561874773,531.5195150063664,83.75,873.4737579765133,347.5970933806457,146.8790221810341,244.40004519263857,111.8770104306277,14631.75502348214,85366.0,32975.49126035231,49387.318771418184,8765.840011742665,12724.083350350556,7.608159597193639,8331.99305362592,665.5124226129265,21844.744000765728,517.8604705409116,19913.81475418584,13723.995296001434,1238.0144156108265
2018-04-30,1690.231138456756,248.94861740718443,120.9297640360528,83.18000030517578,3.4581000804901123,31954.746023362735,259.9453767184714,185.97661810744466,164.39808099248512,76.73524263290028,112.24992544672386,88.9077499034156,209.69918677026362,125.52903028347009,125.35612791776657,178.43795887664783,261.4323608084105,227.68129663552827,143.8569580717467,4551.551157088543,430.84467636432237,196.59298429922092,120.86060045145041,231.17398510412204,556.5466353967058,85.56999969482422,914.7020860609482,381.77425416275037,154.9574693557397,255.69192839406605,127.62117924917402,15668.691560479347,86115.0,35772.80349237798,52839.69741343893,9157.222086994385,13560.031114148907,8.147654058671117,8972.856822217,714.028898725308,22842.721540813916,557.5400878794177,20684.71147409922,14816.604241450317,1247.6646498505418
2018-05-31,1795.2109259693561,269.21950122254566,110.95579959213637,74.06999969482422,3.722100019454956,27894.050012009684,288.79772687877266,185.77001140304947,181.6384781096649,84.00779630320358,117.76724234376525,96.73737865371322,222.35826140966037,136.34052768826677,134.10725915738294,166.30343000514222,268.51229313169097,231.62628250683974,147.43238404240037,4839.102144421806,458.1905067154312,206.68820953675458,125.24867133413318,256.1921511544533,633.0175775701791,76.0,1008.465788358284,403.47564778839114,164.40515104395672,276.7753597184601,141.47701549206158,16943.938120599603,76754.0,37969.46648536343,54710.26579009043,10069.285592328175,14444.84017215221,8.389240504051333,8397.45305792411,759.968337510305,25934.587895859615,592.629778288339,22510.603979728417,14786.223982065218,1353.9500356195194
2018-06-30,1658.2083349077236,274.4876457170103,104.09071049800878,70.3499984741211,3.859499931335449,23999.527669214644,306.59868396789534,177.6913803721618,186.60681579093944,87.26329580314632,115.70780617469791,93.4384898041535,223.5036404347229,138.94199752807617,134.2334029005433,181.93682440750126,261.32673681724555,222.15282134788504,147.9346394350432,4829.392452532193,457.9296727420806,202.66233491638195,128.48275624763482,249.32368967514049,662.4831396572117,73.19999694824219,1047.005136661377,464.9925646833799,165.5725529434203,283.17152056251507,146.54521710411063,17566.646538673318,72763.0,38563.290696593234,54916.75844478607,10491.549280629493,14238.9641717677,8.011938574336035,9316.725802656147,779.3195851170094,27173.96636273805,601.0730006706439,23307.297064508617,15153.205780763878,1368.217994457465
2018-07-31,1573.5388655596282,273.2697458790972,110.46360169102854,76.44999694824219,3.728100061416626,29006.25862340501,276.8114295601845,179.7689895124131,179.9553916711693,85.44805369210053,116.72681093193432,92.30775837397005,218.20569204381172,140.92217947723384,130.89359543178944,193.78663948584745,250.7520180949632,228.12243763831702,149.12400245666504,4562.075863119389,432.4223181596335,201.69020763401022,132.83220917031485,237.92734478188322,657.8232444597052,77.0,1048.826340218402,425.8981430521544,163.58903467700202,281.39700515071127,143.75554348799142,17339.00484860642,79220.0,37953.6196106812,55867.836953401566,10499.411067595938,13569.498015517078,7.662925193427648,9991.785176666861,757.3313726168271,26961.545009349356,616.4107294956781,22696.99258327274,15381.00815706246,1348.4071460620023
2018-08-31,1652.1711833882882,306.2081633611524,108.31995118151099,74.12000274658203,4.148600101470947,29196.105426219292,321.1846122595671,179.800329030777,203.48883181201927,93.3020153325424,125.41217916838832,100.18869086795803,241.53150297184766,157.3564031148453,139.26850414032742,208.84052974107362,279.2837575649719,227.6336831365279,158.80840682009875,4979.564904363942,470.90760638033316,217.0132770051805,148.02205288653568,251.98597712663286,774.3361836185068,73.80000305175781,1204.3800853296125,488.20726120715335,178.88763194424428,315.8329143305127,154.41090084095777,19033.70172214508,76678.0,40118.60796038178,59801.246461512055,12037.246247447329,14733.241759756347,8.639293598880554,10754.819338320522,854.447842829577,31755.666096440982,678.6320836611068,25688.46999142792,16410.438830825733,1495.937878588123
2018-09-30,1645.1690744882853,297.93113480270404,106.79944560104377,76.61000061035156,4.01200008392334,26656.24964744132,331.8726518395997,181.7837293122102,194.98319795684802,88.74544522338874,119.31688157760618,95.9670423135376,241.64276321815487,151.25240622482306,136.88943857818595,205.5347624628448,273.89923226142855,215.24381062431348,153.5392450482941,4780.298099994659,452.3931380337526,207.7413594480895,130.26964762245188,240.2786825774383,745.3894686560816,72.5,1166.3686692956544,498.129945112305,173.5992454679108,304.2299737100984,151.93443889289847,17930.65272815933,79342.0,39381.989010362886,57133.44984192774,11690.887926191557,14256.343968937872,8.451238213608104,10557.256946592825,853.5599498081137,30602.13204834098,601.1373338145139,24828.724220747335,15857.94840578246,1446.788675262666
2018-10-31,1380.394453889001,253.9668033448179,93.54727353833005,84.08000183105469,3.6946001052856445,23341.042066032533,278.8314744559175,153.39979806271367,167.43927564404294,76.10876357826237,100.67785286903381,78.95360735058603,202.61187033761598,122.40210543437206,117.52522737600702,155.46877919543476,215.28434982624822,178.33834877339177,129.8282454447326,4478.963888038183,425.43320776115434,174.60679477453596,111.53997915170294,196.73745560646057,627.4170169396675,81.5,999.8696445334936,407.58828248760983,146.12143134529106,258.2525529969789,124.06467830050678,15288.212219022214,87424.0,33466.43118211557,47959.34050367214,10018.794853427215,11757.440191775095,6.5912743594852845,8079.716927601898,716.3606877656712,25740.648754336406,521.0364055987617,21209.405253556542,13395.967722406844,1173.6001034511373
2018-11-30,1435.8728741011323,268.91534197942747,98.9707047517777,86.37000274658203,3.8510000705718994,15470.501487607835,226.09221061758035,165.74704656311042,185.9647969336129,80.10079852981562,103.36084248176576,88.88108133499145,213.1143444930649,128.23829941196436,121.03693339330675,155.31083989755643,233.4476201647567,203.48684431663514,135.09308952705396,4698.990098074719,444.9445516795731,190.50897819211968,128.43084647741307,221.35548229362485,652.2438631490513,85.98999786376953,1061.528145948505,330.5698319551084,153.077252805233,273.8446173688317,127.29480850798609,15969.036965451669,89504.0,34351.658763200976,49359.61924593337,10629.41456393106,13044.501750089228,7.229063447501579,7937.157762849238,758.9525832921354,26760.637097826693,599.0613060006586,23329.684020808905,13913.22203067597,1242.6996674046354
2018-12-31,1406.3651009922887,248.56869296734658,90.92747381980507,84.5999984741211,3.8742001056671143,14499.970438009652,208.43196272911064,160.43062578451918,178.29069063626866,74.57835203409195,98.2109741565514,87.44069520259472,196.38319803586182,122.50221059255227,113.70777457921986,159.5395615336838,228.03542058419043,195.45339828668602,128.89463928901296,4952.390184244199,469.7467628121376,182.66854089376466,129.1658321140976,203.8604054221114,597.6340870185923,87.05000305175781,968.2400833144529,299.3981794367064,143.73281800868972,253.60513537003317,111.09268507422439,15414.106434305431,87887.0,33124.453794046305,46702.27841689484,9712.03891323146,12798.790463868645,7.057776408651656,8215.208913221257,698.9357996838953,24523.571275217342,601.8619262190491,22897.882184566137,13209.421898049884,1224.027989171873
2019-01-31,1416.8481378414476,255.1946510810394,102.89513450395589,94.0,3.6814000606536865,12729.51834610483,227.84184750690838,171.9950153276368,178.91603733039847,75.80002781059648,98.62471099533468,91.04102181475446,199.82639079838555,122.55381138958364,115.92728706737898,165.6630027294159,238.26021641940315,212.04863787628165,129.76935213804245,4858.343480288808,459.2546575665474,190.25475625805666,120.74991918075557,218.34384265300378,619.0642476812136,95.30000305175781,993.7202914088703,334.27113674209613,146.777416486103,260.2381792754022,117.39984568729778,15657.576834249543,97394.0,33630.51674464997,47236.51582702063,9954.874263525358,13115.357683912152,7.319148247146653,8474.277141591243,701.583112346394,25426.84061970655,560.6448281796036,22823.86665363354,13357.122659595916,1199.8670802138436
2019-02-28,1639.4689889620356,264.7501093831597,105.03531312726591,93.83999633789062,3.727299928665161,14367.941347895481,246.11360973983392,168.17576880018623,184.27770335453806,79.31694504132838,101.75528520885473,96.3879784302444,202.6160263972015,123.74636047538752,121.39815753914263,162.36119001132192,234.70808105797187,200.118728051365,135.7855375387535,4893.19952834869,462.14791019282166,190.5395683721772,121.84542954939661,226.28437525681693,645.5310837453726,94.05000305175781,1038.723916820847,356.32986749298107,152.0738342458344,270.9001599528656,121.60316017270088,16428.663925886154,95584.0,35117.396500240546,48815.94779647654,10378.629341969441,13589.593435787363,7.338412081804052,8322.807379891165,718.9690820057876,26454.622261911747,565.0636594633016,23821.139012150248,13981.653939455398,1265.8687272914817
2019-03-31,1787.8700924749774,281.21906609422695,107.61550134852223,91.80999755859375,3.897700071334839,15974.234626683057,266.5637054996223,168.302690269722,203.81074029854972,83.87850731935123,104.92608621770478,102.15871530123513,213.28215266137704,134.7824756036607,128.66307281260288,169.90074670422746,237.5648223215676,203.9666518698541,142.5778757463304,5039.726192235947,475.55839402994934,201.55006712027352,137.39392751455307,243.33341664291765,700.2608090898211,93.69000244140625,1101.0223589720772,389.7700071334839,159.29899775226204,285.1947070826682,128.85796971100626,17059.968825282063,95415.0,37062.77528682677,50444.86439911416,11047.640701556695,14425.1622738624,7.3556752355652355,8713.820619056001,746.9958528536154,28760.232431490324,665.1790809222862,26023.65647922722,14669.093106708024,1344.3836804203324
2019-04-30,1809.4672882166303,294.3236720796431,102.74901033121114,92.87999725341797,3.9442999362945557,21104.870439598337,287.1450473992918,168.53993447230914,206.40522288852299,85.8674114186897,113.59583515602117,104.44506050752261,218.5930952472154,141.36371031864928,133.15955922892772,182.02944807851782,242.49555827783206,223.3262581800309,152.05275953489308,5059.748150871426,478.049140241852,208.41680923565673,140.0620841174432,250.5419337589874,747.6025834437642,95.05000305175781,1159.703023935952,419.35796802313234,165.77892150764092,298.62294456574637,130.37883559792135,17593.745480418205,96353.0,37838.01300613722,54429.98652696423,11619.237389483023,14926.77279389184,7.500599573506556,9246.808485461399,788.6491089621995,30692.412028204417,663.759281612208,26345.750433011537,15497.3658964606,1400.3631084799124
2019-05-31,1671.7834557299777,278.9581867616653,111.99719810752867,93.58999633789062,3.9800000190734863,34126.517936983146,256.6701927278518,153.30960255661012,203.37799490165708,86.76399737930296,107.14160081710816,98.14679986305237,209.82560586395266,131.65840791854862,126.12620272998811,170.82159353103634,221.16859984531402,210.38280343742372,144.43420433597566,5197.084219242097,490.85340963993076,195.497596685791,143.20039886436462,220.2134083429337,692.3209911718368,96.80000305175781,1095.5745615247724,353.42401383972174,158.5632013671875,283.3362110746384,116.95230147142411,17571.64486395591,97030.0,35935.97819642583,51922.92927719653,10953.199085694505,13636.162777875783,6.8379853986280175,8867.458508100826,749.3476439444858,28369.280780486297,678.0900402634787,26202.17556644413,14524.759748480283,1323.241273471998
2019-06-30,1655.341897120487,281.27735538162233,122.83703426834109,97.11000061035156,3.815999984741211,47346.37884192914,253.95481063003535,155.92176170562743,203.69808326141356,86.01264314971922,107.03879666061403,98.7580764025879,208.27728615447995,133.4073559729004,123.33311834228516,165.53808341400145,228.46391501052858,208.62071217849734,146.15279650421144,5379.414992161561,508.29118632202153,196.2950339746094,134.7047965499878,226.86120200424193,712.5998581124877,103.5999984741211,1118.0879955291748,367.55711736572266,159.16535586990358,286.81057282775873,121.55867776710511,17689.404562522424,100967.0,35928.022674038075,53804.591137571726,11225.75615237793,13935.362657757942,7.03624027116348,8589.936353706289,753.6356574724123,29272.841461073607,648.9181581108611,26856.06050080818,15074.07732846844,1325.6773069740084
2019-07-31,1614.2948438909104,279.498773506195,122.58384808265691,97.9800033569336,3.789299964904785,38217.469560007565,246.94867177442939,145.7743742754974,206.02423504446415,84.91821163531495,101.62902390234376,94.16410557338713,205.9484473105622,133.64861149679564,119.51452436230466,156.38441128622435,209.92722383773798,195.83102334268187,140.77249947822565,5403.920587438508,504.77267376582313,190.1470733953247,125.04689884185791,221.5603735735931,724.135246421356,110.25,1127.0514608079684,364.98537146322633,154.83079887881468,284.8037992390746,118.79455534526824,17740.69183894142,101812.0,34962.25112592708,51509.666412060615,11293.553385344334,13446.93100836128,6.497799575231386,8115.409405251266,751.1229060278711,29741.380964437965,609.8865392440349,27227.7256653898,14650.562428099802,1322.0726269150666
2019-08-31,1684.0439852764707,300.6450329121326,93.44879963249969,97.61000061035156,4.168099880218506,40006.14718332421,251.87827703360745,148.75947900098436,214.9489095508652,90.36440667514034,109.41262185573578,95.19940190019224,224.743937909363,145.46669217964154,126.46015100183104,173.01781903185292,221.99299262442037,199.56862671687304,152.80254097280886,6331.760426279681,599.1643577814102,201.19418312615198,134.12945541743466,235.16418760990928,781.3936896325758,111.5,1218.9608608500275,382.13139829043575,167.09912483396147,306.6887968184965,119.7911896034775,18529.40490871179,101135.0,36606.091463279445,55007.843671917915,12197.777412647847,13657.517041767016,6.7944144252662895,8817.742936983705,810.7623895191355,32056.85617876053,640.9860604093387,28327.164044565714,15788.1107237041,1415.2758770711969
2019-09-30,1695.8024177653344,306.58613979816437,94.82345335676564,101.01000213623047,4.157100200653076,34478.44100901438,252.66854512110876,155.64182580354282,215.628782967613,92.49547946453094,111.86756576525113,94.36617772644058,235.8738723626102,151.15216583303845,130.65766057517249,177.59132564648462,234.21102593911746,197.25440769260422,156.88896855020175,6093.0615611138055,577.2964845663519,203.78105373898325,139.55385246727747,233.13018686450232,784.9020787361369,112.80000305175781,1233.7025808765466,377.1321352778323,170.77368385470618,311.03423574421686,123.05016752513893,18762.687424230156,104745.0,37855.16216107132,56392.41216925811,12374.606410695356,13804.637555489782,7.135563698876715,9086.991107885842,838.0784919593862,32215.240961884614,676.6144364590014,28552.05708811966,16196.378813033109,1459.783285593973
2019-10-31,1655.111703199015,302.0343677578694,87.21805471624748,103.2300033569336,3.9862000942230225,36671.38643810176,240.08882985031505,137.64348438755405,209.19577912008663,89.80909085995108,113.80600964883797,94.79184097772986,233.9102227454987,154.744286441246,129.671084199108,176.6285316492349,234.90677276905444,197.71551859100327,156.13945039176542,6024.742919728014,567.7544502243836,203.9738515224417,138.12183934728637,233.07312437518704,785.6003218684236,115.56999969482422,1209.1340210550334,360.35249460021987,169.0148900775148,306.5786638445934,115.5200769058456,18313.94071098324,107220.0,37282.02976122592,57172.29365213076,12108.322191774496,13673.376133269048,7.136863669001966,9042.280159993563,840.0696772960946,32223.764219104778,666.9375171456086,27562.81886758422,16015.834665223374,1498.5302936434332
2019-11-30,1709.8619618753276,324.7375395111849,99.08808414451596,104.3499984741211,4.188000202178955,32504.089985175757,261.4568539001084,125.59812510478969,234.02545577102683,95.61204429622649,121.20072808769237,98.5855285935213,248.89285329357153,165.21661117115036,137.91084793582922,182.26177071594248,244.87237693370844,207.51540682277664,166.34737314285303,6137.932994067378,577.3577104285432,214.29996267703973,144.3184831328581,249.85609142295834,858.9588670284284,121.19999694824219,1316.3303333222575,389.31649496032696,179.95837379993463,330.3494444451899,123.3156646750831,19394.464628219604,108233.0,39710.808159828186,61011.766725422814,13154.424793243175,14089.523326216498,7.429313658136213,9192.893366483273,890.7591384814004,35194.61223029718,705.6963407298995,30427.281018697282,17071.281254846603,1581.5909337361763
2019-12-31,1753.3554899163164,318.24508333206177,106.77775160075544,111.2300033569336,4.015710830688477,28887.413902207278,265.03691482543945,133.84364933983306,231.90730047225952,90.91569075579173,118.0618968903691,97.70224420427621,237.89071635022265,165.16619075545896,136.9357331989886,180.82745380391134,249.73705104577675,196.97061318152555,163.80084846027603,6101.87260723114,573.8450531954295,215.8846075175752,141.1522418261884,257.3668924328522,853.7802821636724,136.44000244140625,1292.496629141504,411.53005940942967,176.93222471487388,325.2324115989759,120.5516409755146,18793.30248359416,115964.0,39729.91459484445,59856.3743884759,12973.878355219495,14534.944987341762,7.615955341388668,9234.309913075354,869.3807527129466,35069.48503907025,685.2375989584917,31079.752335582747,16934.837087410153,1601.9500704115064
2020-01-31,1802.2440447083181,331.35823660374444,108.30336630285638,108.9000015258789,4.242199897766113,39666.81442726217,246.72634540676881,130.10827118814086,238.2419456112366,94.43137069523618,121.02996599615471,97.18879901051332,244.98704409599304,161.03390423535166,138.4654020738526,194.5472899007873,244.56283057929977,189.45664678692629,165.8700095295717,6714.978321743314,633.4877185011137,214.612893475296,146.31348159434492,254.9986384439544,929.3387626744225,136.91000366210938,1364.8430197144917,367.883580312744,181.31163075091536,338.23061208967556,113.35157835542304,19981.827821901534,113761.0,40432.85436820984,60717.97296536621,13683.30069709802,14363.69628644886,7.57232957268603,9952.819544185186,903.8417478599295,38143.781808497384,708.3419564594267,32237.552399482636,17028.900411041686,1614.451615351265
2020-02-29,1844.447224583327,324.0716476020352,102.8364622022018,100.5999984741211,4.484799861907959,38894.22533677798,226.57209107656854,120.91020017108167,237.11136390879074,90.23417698538196,117.591449299759,103.01584974855814,237.5149965806886,167.82120262068202,131.40463253227244,186.6573654623262,246.48459630450452,180.64773296304338,161.3182565074385,7014.6753545180545,665.4546254083398,218.45459716757978,144.36570139588184,278.64062021062455,922.971825267181,125.9000015258789,1328.6668508857256,339.0508627169802,177.01505602411635,331.74065125994093,101.51344590077588,19000.71621144656,104172.0,38016.17978169024,58628.93539125379,13249.08531665511,15027.662212795112,7.356780350815882,9514.92209312087,864.7047944083752,37949.614365863614,698.4235706134742,31876.62460766175,16417.049114297493,1663.1353207275067
2020-03-31,2011.7001291677423,324.9072317345963,85.36798928061671,69.3499984741211,5.192699909210205,33433.94887285866,118.08199474692537,112.5777356163635,231.4386333688126,80.6945563910408,111.53919167280583,103.54243896285243,256.4674453465195,171.20332234540547,124.0016694740525,147.21304440696713,243.6414702320253,147.36881906549843,153.23657550930784,8222.121163018339,768.7792374054334,210.148571664482,125.19599798043055,297.28206980228424,988.690031019898,78.70999908447266,1338.4184015989304,174.89013452688596,173.12461576541136,326.10155033668525,75.44992829422381,16242.073938740417,73020.0,36405.64785385132,56883.67709121667,13421.000714735244,15799.060657406226,7.45180311717377,7523.143613692373,909.1703745760897,40573.16074061394,592.1158263614062,30572.78483563277,15955.280743598705,1678.6891952032777
2020-04-30,2156.4809994377597,366.6074464688718,96.23979267254617,77.20999908447266,5.334799766540527,46191.65031568799,134.81039254255666,134.276910530838,259.5913558258362,90.90499290600565,125.79457808801271,112.83101302726755,276.1292269618534,197.54762884278898,134.70369410514832,156.14959160871877,275.3823582506411,167.1392762787018,165.7522271183625,8984.869506319286,847.1662192071526,232.91735699313358,144.30632961479205,319.9812875550233,1167.841036430007,90.41999816894531,1549.652694794553,102.00137601339702,190.3456572982177,369.75495879451046,101.36119556427002,19308.08781068481,80506.0,39210.63032073714,63006.197607014794,15537.23051938205,17470.383702577557,8.772956335856128,8187.50316113024,1010.492203816757,48015.91739640199,698.9322834969724,34509.742975181696,16984.335498460452,1979.1045543356483
2020-05-31,2157.1077055491146,390.2480141893466,117.90655506214898,84.1500015258789,5.403600215911865,51005.25261106575,190.9092055224537,129.09200586003863,277.5829373197248,97.58901701353443,139.35885451551076,107.20742910821536,299.4134871391525,200.90585767665107,139.03463108184042,172.32080758733355,289.41683498495513,181.3988575991134,180.26410650091566,9385.513346941152,880.300530962777,243.37815867181416,148.54496869863124,329.6196131706238,1260.9841496832887,94.6500015258789,1644.4236572834488,139.8451690529173,203.55361023911246,394.0305178500057,104.72176764949018,20623.329424521187,87403.0,40429.807357219746,69333.38993233256,16450.23448991985,15996.682661223575,8.858904818390332,8783.313890163903,1098.2045095399371,51634.26544869924,681.5180517086616,36457.317648641896,18251.786267690128,1976.8324961093513
2020-06-30,2277.4604003602476,398.24282494992076,129.27225671164706,91.62000274658203,5.402100086212158,49364.35365938814,222.29642679058088,136.13292629402167,306.1370019941023,104.09847113419346,146.45093663439184,115.44288337597663,296.68332684323104,217.27247206181346,139.15809945726778,172.2189462148208,308.621983695366,190.37001610536208,191.93660946875752,9685.9654545784,904.1494650518871,257.13995586074816,156.768946974762,353.5674341566846,1337.5600143179327,107.80000305175781,1665.7915034520556,151.58292553408046,209.54746728993996,404.0771029345706,102.23474001008981,21893.08114682662,95056.0,40994.68337650038,74774.12580668181,16748.077087302227,17016.785813519033,9.50313295625256,8833.338482572231,1119.176694374648,54868.31815044861,735.178030713034,39759.68947659829,19643.095062484732,2134.508557149042
2020-07-31,2434.524814565391,400.3034149403684,137.09374586254125,99.29000091552734,5.153900146484375,58360.01718312502,223.16387241065968,140.80455042910762,302.74010325514246,102.61415113008115,145.5976791381836,108.79883523797616,280.0114043955691,229.8639386689756,133.64063237118535,167.6563654737547,310.57401417649817,193.42586620617658,188.37504642189015,10116.075459174812,955.6876664143056,266.5081718561705,164.61557343119057,368.5554104850162,1369.8551639737561,118.0,1682.85141920764,149.82387568545528,205.17677190934774,405.9211865470279,92.84750799322501,21998.586378497304,102912.0,39849.99883233663,75312.20722407615,16859.026451140642,16349.83292610792,9.745644024578755,8664.604079427896,1068.848445750773,56207.81592556834,761.0542399210514,40478.045362227254,19415.094170738594,2238.4470921216457
2020-08-31,2666.3225401518566,443.8664807806017,138.68469409732825,95.69999694824219,5.389999866485596,62959.619924817234,244.0591873748781,136.63649867153163,326.6878951974868,112.0581021589278,162.2389980373382,122.35300108146657,312.7277947208404,236.89049824428548,143.58959315338143,177.38489478359224,339.9472899343491,200.34628516788507,205.3589866886141,10605.363605705264,996.2336851919172,287.2869887714387,179.86428978748336,407.7534981241224,1589.4031869476312,116.0,1882.780840202904,164.82619550590516,225.67928865261092,450.01107733860044,96.0767517323493,24036.46366238594,99369.0,43835.423249140615,82998.00652634352,18866.6707484785,17494.32395134354,10.629164267346438,9118.449237494788,1181.492998363843,65276.67243578145,839.3278990409406,43401.6928817098,20981.370157292113,2313.82360246582
2020-09-30,2658.57346777368,449.98953688568145,131.134346423416,91.05000305175781,5.630499839782715,60722.07603532169,230.56897273483264,135.6387419995117,323.978965935974,111.03345297435771,164.01645560756697,123.42055691761016,332.5936238176728,252.80945139770483,143.52143962734226,187.83347809173574,367.89683891189634,207.93436080146785,204.66866058464075,10627.568447589874,997.2741041296395,297.2903872447969,190.6487280116271,417.61416280693084,1564.3780548657232,110.3499984741211,1885.5981738228584,159.28684562232957,230.28745203857397,454.04350364349375,84.31673724861139,23389.576681596693,94603.0,42492.333773523336,84343.3249629885,18935.37096118927,17037.886332215276,11.296475679215963,9406.963765816181,1235.4422837118327,64289.382581274025,857.5980378439573,43660.51219488005,21108.485580430366,2439.2225922649795
2020-10-31,2774.9040539205366,451.4772949716644,135.9516399240647,90.66000366210938,5.7778000831604,78269.09860133892,216.43638582545464,138.08941978347775,343.0279847658767,114.2271102889481,151.8405901527558,124.22270178794861,336.4990865411073,260.92545087390135,140.63165490574647,197.36964995913695,374.97923421333326,214.0097203699952,194.07630567498018,10847.242017184908,1018.048357020416,308.9389774995652,194.07630567498018,449.05062951620494,1556.4238146136631,107.80000305175781,1886.6828885260475,145.8894520998001,227.93421768878943,456.38841622612745,82.96920721053311,24100.341502128867,93952.0,41663.35652371403,77939.21823122911,18893.174934235867,17961.52234751894,11.597084590543068,10002.664239358623,1269.8770615243266,63861.736557644326,905.7882840637798,46289.77640609277,19950.76029789215,2555.5687273851327
2020-11-30,2755.547167069476,466.5605531049732,152.5283769140242,105.0,5.34250020980835,104851.032613758,254.2495857999802,143.65982738094317,354.90229056797034,121.38160109844193,163.26680355854023,127.09808488254566,344.0035852487563,264.24005548591595,150.97905715198522,216.74523188152307,408.273856251144,219.52333443622592,215.4630432439808,9486.677361692418,890.4345001863476,313.1773565925596,194.89440520820608,426.384928701591,1600.719886776351,126.69999694824219,1934.3056129199977,165.45722782936082,240.89333527545932,474.20033003540084,98.19514937267286,25708.099857720546,108888.0,44558.911127883475,84922.5387733262,19348.55840877397,18149.550820445875,12.536320976578171,11131.603674487676,1356.7847948238705,65543.50384352729,934.4276136298324,47989.964545433104,22315.235344238114,2570.8163619480915
2020-12-31,2764.1198315316888,470.91290352275246,157.6976788063639,115.55000305175781,5.190838813781738,150543.25749223866,268.8854465935983,156.81523581199144,353.34039647000463,124.32059355036836,164.91295149002326,127.90226520334545,350.6930575861479,275.5297337402444,152.03967360802199,223.15416931712753,446.6716957671015,227.56637438825055,216.56180164744728,9826.776831640746,925.8380139943474,322.0396447593739,208.77554342677468,420.3022250883805,1628.5737187440973,135.3000030517578,1940.750841042609,171.34958053028458,245.059495646281,480.5678668846231,98.36639948145967,26290.829476504354,119306.0,45652.172550201416,87528.56065506069,19497.15429812367,18233.394161659293,13.698043376582447,11497.841531475424,1380.5790073754179,66900.98548625689,992.3839286512778,49033.38087661946,22787.458754495834,2724.410076757295
2021-01-31,2937.3011741578953,491.8117596828961,156.940372639001,110.55999755859375,5.437989234924316,186612.14155806229,303.87484425596995,162.7590194608274,368.1518546089501,129.15224432945251,171.07913635209115,136.2760073230038,364.29088723078166,300.938325090483,158.89804171051765,218.55277988366652,479.0868432991192,238.89086874976783,221.65243208803076,10045.597779202508,938.6513251593715,347.1068628224748,212.84289533585252,475.9327995856074,1710.573880461452,130.0,2012.4367159974645,191.30846294418006,254.87854963250356,502.3070805658426,106.91086752884075,27556.09381832299,116007.0,47849.29388999939,88515.8969710567,20197.99708281993,19837.17609407613,14.550699101948934,11539.991714459844,1442.1202417412424,70288.0766600417,1016.5345138242814,51215.39561947541,22940.948321248172,2947.164256194815
2021-02-28,3005.7149509830533,511.39761846330293,161.80529867978294,105.58999633789062,5.528025150299072,256167.36824011616,365.5682880061031,173.63526912738416,345.6674059001234,135.4918976990948,176.95207578246664,145.44233875208465,377.1218825014803,323.11307425252926,167.88612845388616,224.76950176765058,486.30037921988696,255.6711632013321,234.8305058541755,9552.980127270275,894.4897360737377,357.8290865360723,226.81486516869336,481.546274216591,1736.5739016918815,127.16000366210938,2102.639565190824,228.36272655044195,265.4004781872518,524.2778850101313,133.08720971099865,29012.43081295397,110035.0,50142.30393614131,92679.71318520326,21068.132511716103,20637.09751709411,14.882688022170191,11791.569732354255,1505.3056195191893,71363.71137160016,1097.9702106045556,49785.49495298388,24446.33108906122,3176.4094657649757
2021-03-31,3023.18147888886,549.1677268834683,166.510655554428,112.0199966430664,5.771599769592285,340055.91737620905,366.7274546439512,197.67729210853577,359.3397919673771,143.07796357225016,193.0022883690799,153.40912143542482,395.4699968375862,346.065116900696,180.70878570356763,252.96922846934467,517.7124817189033,285.0016027872007,256.89389605711403,9891.367966943653,923.2251378937362,371.4601646936644,243.44608004275506,471.539683562165,1841.8906626516255,134.14999389648438,2287.4580591830018,233.92293161616544,283.44326820738206,561.5189468676908,141.5773463111418,29796.72473515151,116634.0,53198.0983507256,101507.40686716512,22929.930388619425,21060.4240711109,15.604503846225574,13246.245579031063,1526.1679862117162,75558.5545676155,1154.448888028698,50691.786601197884,26507.184954796918,3334.3968315527104
2021-04-30,2842.4130990816384,529.3175322067109,159.5583589224243,114.4000015258789,5.336400032043457,308178.0398895778,358.8729021549225,170.23115898651122,344.571348440506,138.10602835079953,184.7461634094543,145.52363131663515,359.7800803891296,344.41126295370486,173.59308652821346,242.5927405710754,483.2643738735351,263.244623351944,247.98251600321964,9431.02003719681,884.0280488507997,349.3741166120453,218.89913175723268,437.47809254086314,1803.6497947170865,140.5,2226.8796682301327,230.90603182933046,270.07520887879946,540.6306742180022,131.78239716277312,29144.543602223508,118894.0,51887.36571287736,97897.55026254244,22312.39530507289,19739.450769820833,15.17963564104348,12779.99569234997,1412.107070773156,73966.55885742791,1053.5936622548945,49237.505205657944,25708.219985293108,3377.2652796552748
2021-05-31,2974.194066043206,527.2248568831637,160.76036655749522,121.25,5.23799991607666,195549.49381221458,364.7358646812281,154.05546672047421,322.8302831619112,140.06947181971736,187.42279632101418,147.19342727211006,359.2357784627384,326.6541669010621,176.99878913752764,252.00981422657787,482.07155687818886,278.096048763382,254.62891432041943,9965.675857067108,934.3901750560617,349.12605050193815,231.94749791632057,428.69428417712334,1749.1921503072954,149.36000061035156,2200.253651594423,237.91904293313564,274.5864442469174,539.0632004973304,136.74321350160972,28847.327279351186,126216.0,52243.256118855206,98170.9155400237,22021.96907488024,19610.124118571403,15.080319107352576,13333.900326642673,1375.1539510255752,71692.67802302353,1127.4866566139692,46742.809577095024,25715.2028201567,3236.9452305934033
2021-06-30,2753.2847358766912,501.40658711915603,153.5585497100601,121.80999755859375,4.955100059509277,173630.84823916107,372.2766538613432,143.59879745631406,300.87368166210945,128.73349727778623,171.44645449813834,132.4002701876907,334.6674625557862,316.8786525860596,162.0317757263947,237.79526017282114,461.716225057251,242.10619193197635,232.04734485987865,8774.491427327273,820.7132470513461,331.94214240129077,219.26317763328552,408.4984610033571,1756.2360777996364,150.0,2121.080119376129,247.16039626094062,255.28675733418277,513.3979201901093,133.46561745657345,27215.818853139877,126802.0,48268.41862797737,91555.48073404236,21294.54250574112,18393.644357363228,14.449565650447893,12570.777632888407,1290.6091190055595,72120.48937835265,1048.64884344215,43829.41202250558,23959.048710321425,3156.134480902703
2021-07-31,2673.7640150392995,518.7596460880814,159.11812613894654,117.11000061035156,5.080399990081787,214573.47192484885,387.786940545433,138.94894166675567,307.05936842367555,130.9219100700302,175.37540998324585,132.49683135372925,340.9456464352188,323.06263614450836,166.5863203260269,249.04120983943176,450.8854991197586,245.9421627446518,238.9312053318863,9208.732897989044,862.75356352565,321.13207872182466,227.0430685798874,362.08009023856357,1852.161461594078,141.8000030517578,2227.8062492640456,257.3730627223358,263.0631052847748,529.6316989660263,125.4604762046547,27764.06294157903,121801.0,49897.20369406277,93867.90738290176,22329.677669688128,16967.817137156264,14.244621569423803,13005.09621365578,1266.831634173359,76002.27779615577,1078.5244708311184,44860.65411624278,24694.056629163213,3146.839447494107
2021-08-31,2841.083023990451,540.7319614755324,190.21243219024655,114.08000183105469,5.1828999519348145,244460.2223766744,378.2998564198533,148.1272802308731,328.85500590450283,134.34076714957428,181.14235727436062,133.56333413390348,354.510364620819,336.6811761325989,171.08751871404274,264.89801970677945,449.3056094867934,256.1389061344453,248.46821657812507,9406.963412761688,879.486305497383,332.17203893915575,251.88892975555427,366.89749234255214,1969.2429000054544,136.3300018310547,2340.3902896421205,248.9865184360351,271.89492673341374,552.5489670391617,125.42618279106136,28471.351043888717,118781.0,50768.31117826793,96782.48328434117,23440.59886567318,17214.62705016858,14.226816070041142,13712.058312215027,1323.9723568682384,80762.58911528159,1209.5493900761153,47945.94152400968,25648.03861607425,3269.1321659753216
2021-09-30,2986.141655128508,540.9968425794068,180.56689556800848,106.48999786376953,5.414299964904785,237097.03872369602,425.1308150688783,140.7717990875244,334.3330228328705,134.38292347662355,178.2387449307862,129.83491067994692,380.35457253456116,335.740731736023,174.61117386817932,261.2941072185822,436.71745499697863,254.63452074021916,245.21365036747738,9503.720992767485,889.1363468459167,334.3871567447968,263.6222578558045,365.62767002076725,1938.1027691725467,127.4000015258789,2323.492766250274,284.575613590805,273.3680143157653,551.3381753401336,141.01544299902343,28488.113251894247,110979.0,51514.7041683211,95814.24608530616,23322.31388232205,17084.44401807245,13.99283419258332,13555.713257390657,1424.3306833211536,79534.0096849529,1283.4685715761573,49397.94125634401,25415.871094794013,3296.7279466664995
2021-10-31,3133.509483121697,594.46438890844,185.37851177519224,99.68000030517578,5.644899845123291,351270.629108822,476.3166334273228,138.46939707691945,360.37040697401426,149.36404473390212,190.62827035384362,138.52584736738572,386.1111580198667,355.7415908236999,190.12022850643916,272.9308988982775,448.71307663004336,265.4796328254015,269.54396760463715,10064.856423854828,940.722524736062,352.4110990537338,275.6969092971649,390.8528532175296,2179.5521965115913,111.19999694824219,2592.4202538728714,322.6060347622297,294.2121738984224,604.399424694664,162.2062004949912,31133.63569113845,103501.0,56279.94089648011,103436.05650211684,25996.9081872222,18408.192524666665,14.364931944571671,14206.513809453463,1435.937802434768,89474.31410460407,1333.668806847589,53205.913018685904,28023.942190660397,3458.9038231067448
2021-11-30,3125.1411808148314,576.1999904918521,162.86835271067048,98.3499984741211,5.6006999015808105,319270.2825626191,395.24139034535983,141.6977032369996,328.4810577737044,136.99311446507272,178.15826087818914,130.44030583541098,371.494434727043,362.3092903068464,179.44642997424307,253.76772023201738,424.14102234789243,251.41541516356665,250.74333715756984,9933.401208707888,926.9158337116241,336.71407210084544,266.14526188691707,365.22163545449075,2205.667676261306,108.80000305175781,2551.4548334905703,268.32953143013765,278.3547893815612,583.9849599366535,152.87110424094772,29029.421710968018,101915.0,52642.417273283005,95467.55051295832,25578.39645051956,16850.28309838765,13.353413171352841,12832.060560384765,1369.2201336540384,90372.44511836115,1267.3096388447698,48584.21250812483,25687.88443485461,3517.9507528323115
2021-12-31,3181.7302849948273,589.2157456494751,174.06874895095825,100.80000305175781,5.570199966430664,257936.16012521088,433.25014658941654,128.6159180748291,327.97337997305294,138.30806474150086,182.59114810003666,129.17294019633482,372.9805846525269,371.0310231637268,184.59642348773195,281.85210980194097,433.75148668496695,258.45728694183344,259.9055295837097,10179.540438652039,952.2814236585691,333.4321733903198,255.3379673111267,349.641454442688,2216.104090642242,113.30000305175781,2645.6221284589847,302.79607357495115,284.4144179354553,598.4065840935364,154.57304906845093,30048.91407100763,104822.0,55509.16824388504,102846.53119420027,26548.576655139215,16707.995850507054,14.34575801670087,14496.229974632151,1428.2415880603658,90906.10950331762,1298.7233669555087,49589.289422682334,27879.649848942878,3761.9973107848527
2022-01-31,2852.7995956387904,541.4617133704451,166.13334088893134,107.9800033569336,5.362599849700928,206369.60034102201,489.1227273816148,141.0899991816941,278.801575186897,122.48178138543699,171.6568121879809,127.1472375268022,343.63540818804904,347.979100974022,181.73850563329324,260.35421861164104,388.19859984677896,272.04468792052467,243.08666100615665,9625.866730213165,901.3993890978018,319.50370886439487,245.98244937790696,335.6987424086001,1946.8918099724979,117.0,2412.6873180173716,335.05523615451057,263.25002744008634,549.7201220485913,176.75128613653578,26151.482053677784,112388.0,53689.34510923899,92489.92837022338,24215.08670393424,16384.904593692743,11.95828512289754,13233.50417189044,1257.0232185728964,80063.88283864455,1239.1779671561553,42146.12796828923,24956.59413182037,3471.7732067028433
2022-02-28,2828.2841255390476,505.00205648510746,166.90658168312075,108.9000015258789,5.15939998626709,222851.1728412062,521.047793591446,134.24759000445556,280.6713671255493,124.0835657334137,150.035351207016,117.01519326306152,324.732628050293,329.78883767504885,172.7883141999664,259.72419609594726,373.59217189988703,271.694002489563,215.3533640866699,9799.764459877624,920.3337947427062,295.27245885227967,225.72374939918518,302.392436344162,1789.27985225647,111.04000091552734,2252.748841196182,348.15632839306636,246.567730067276,514.2373871840973,182.07523023893737,26281.562233074917,113142.0,51658.52543682186,84076.3694302775,22566.905673624482,15119.307513997657,11.628477998625902,13580.416231651325,1185.6958131138235,73458.55450154375,1154.2394768140714,41773.44151275819,22815.47361541679,3221.4825807850493
2022-03-31,2444.300212622667,475.92066520193475,169.84902170429996,115.5999984741211,4.769700050354004,217205.82416688278,514.6983499008638,138.65517900819395,262.3811917641906,126.06317378645326,135.4117815183563,107.65212868089293,293.86122301350406,293.0980717332459,160.4527067827148,262.19041759034735,339.74575059828203,264.8614379737701,196.27316435005196,9297.099105254514,861.646284984512,264.95683415817257,212.58552978868101,252.2694327520294,1729.2070970120549,120.94000244140625,2154.1874006105354,353.5301808326112,229.08868759611505,483.1229224671479,182.2979417469178,26802.978019589907,119999.0,47061.369269327726,76683.58560931683,21608.697550389916,13398.523305003648,10.866431975055148,13554.272876540199,1086.7884853168507,70775.14761807583,1098.5631178383244,40264.26448902926,20760.625609864714,2958.484549666925
2022-04-30,2270.9571935631775,452.9444042072828,156.62701040724187,103.4000015258789,4.93779993057251,190647.58734676056,539.8990263260348,125.37073722344212,246.69248001071173,121.37112191674805,128.4321773243637,105.52078866030115,279.5782267948762,276.07239336486055,159.4909339902497,244.0754520750961,329.05498435955815,236.71812189060984,187.43888084384162,9427.741648545605,873.5462038003461,258.00004637241364,215.48558595639042,249.161379975998,1546.7658282518387,110.5999984741211,2034.373571395874,381.00066072573827,221.0653051520767,459.6597774542315,185.53783615850443,26080.649752616882,107876.0,46399.75900103222,73079.18114243215,20402.644535103114,13264.530481877737,10.459579196786207,12405.099501775112,1037.7787300749333,63474.42958310945,1102.6254014634883,38102.912937920264,19712.886260892847,2781.7099438465757
2022-05-31,2273.6497087080293,437.88612585874944,146.56401430166625,107.18000030517578,4.752399921417236,151089.77414464112,583.784788943085,144.3779056242829,229.77852894893658,117.28923151089475,129.88308948975373,105.36070662039947,273.738228222046,271.1719460424956,157.63709669150558,247.45746245787814,323.35329500418084,229.87357912284097,189.38312961689007,8757.247103144764,813.3257196507111,249.83366241858675,196.89193019463346,246.12679628115075,1465.0698419732362,109.30000305175781,1962.4084647432028,406.1876270848006,216.28171244695295,444.58702715175605,207.2046293222047,24647.06032598787,111351.0,45723.944999163505,73633.81744499784,19637.62887118268,12961.57104714238,10.325821239604482,12577.003381834365,1014.4812581065635,60080.313190142624,1016.7118587757445,35245.34659128261,19391.660760219675,2770.533294670702
2022-06-30,2628.1248189895127,434.62570596620935,128.48631845024101,95.0,5.1809000968933105,102502.6917646639,594.8191274756391,124.70426375113675,230.39463363318646,109.93869649863427,119.212512415329,115.01598610374458,273.706961605385,261.2209733988493,155.21976215966788,241.37813630480196,301.4765695233382,220.13645381296556,180.24351911417398,9346.861738318403,872.7744651065223,254.17496586846937,203.97203128089131,289.1460415224992,1452.1026728329161,91.33000183105469,1954.4945615530014,416.28531487995133,211.38072000053398,442.1379952958523,185.24308849821864,23385.61486472469,98542.0,45055.09970874293,69157.63708312996,19611.67500164127,14427.394904352725,9.283933202280158,12220.770215301076,1001.3518823039776,59599.622645981144,1036.2187365555772,35053.31769877493,18690.102391004446,2589.267621430073
2022-07-31,2499.4170451170926,465.5101265349731,144.13088860291282,99.30000305175781,5.182700157165527,123372.27421861142,570.1488553612216,137.03059492331704,249.28786965148902,117.85460038771816,122.20806931055449,110.13237833976746,291.0086217330172,265.8206958059236,160.19726106716917,242.55036340126026,313.81249056228626,220.00562562576306,189.11673743396022,9136.582233597874,850.4811274235544,254.26327682789633,221.19764428945928,257.5283636921995,1634.9345472936693,95.6500015258789,2135.2205871383194,404.5097630831151,222.64879400692735,473.18054016555834,203.21366841755662,25180.655956389382,103165.0,46805.798801756464,71191.73508934258,21406.05483458843,13301.885303552728,9.809975397676912,12289.61058124993,1071.8922536671744,67105.44473682996,1117.5617268599303,37498.950827400084,19577.655352870235,2598.7253365990973
2022-08-31,2373.247771813863,439.9712248278047,152.8887193906403,105.83000183105469,5.1219000816345215,102692.88618772943,494.21212793535597,142.23516761161045,238.98785702752684,112.22083000707244,111.86229856443788,104.69164040399937,274.48262615633394,257.2730387558822,148.0741305785141,226.64407861232758,296.6092329459152,204.05650003385927,173.32509954405214,8772.790709916386,815.7650478850483,248.20727326676933,220.3441438565369,254.50720802256,1532.8309811598883,106.80000305175781,2024.0724367464136,374.4621180944596,207.23207261369316,448.6784393357848,206.1564782857895,24527.62847951497,109523.0,43501.61610696418,65866.44976997515,20257.114822864532,13015.490187648684,9.37763878307672,11413.973255190067,1037.3358935853175,62856.11285934085,1116.4424456643687,36437.24549799207,18049.824164509773,2540.26662521595
2022-09-30,2290.9098657424674,419.98626989431796,155.84225667127976,106.45999908447266,5.396200180053711,104857.82363782823,474.6497628971556,129.50880432128906,222.21552506140142,105.87345206132522,106.52099031916805,98.42669004908748,263.60437056167575,232.5762195263669,141.43440177883895,238.67393149359123,255.56404382092296,194.47905942950456,165.98711877354435,8970.643311064458,834.6302719681698,231.9286812685241,220.0570367554319,229.66228707363916,1442.1885128184222,105.44000244140625,1927.414740788634,352.2639411667478,196.20584184033214,425.65225538153027,194.3171594263913,22730.004105113912,110037.0,41503.91589155933,64243.66570205195,19348.723921971396,11833.806430062396,8.132917771861653,11954.001976869884,969.0142357805453,59202.89786388539,1132.1042253488324,34288.92389332,17596.74652307632,2290.249086958796
2022-10-31,2110.236436264809,437.7291133541876,164.47234679737085,112.1500015258789,5.28849983215332,108391.89438407123,501.5084487666318,130.46729126270293,230.63148090805043,109.57771289089214,115.39506472366338,85.14484931507104,264.37211548591586,220.3189022005463,148.2895401353453,267.43943489807134,273.99718356651283,200.910117500076,181.2368916687774,8651.457004533382,803.3760288694757,223.96795982208278,223.1746969516753,188.16483371154754,1469.938592903898,112.5,2042.471474986116,378.28638653823873,203.9774369122315,443.7580402830499,237.9824924468994,23294.347906947136,116037.0,43591.48724484444,69896.25301879365,20476.96547681,9902.443759740097,8.532167579770835,13345.579431701219,989.75535096557,60318.35668326914,1158.2982102362964,34790.16553611741,19077.821762352716,2132.5513299763684
2022-11-30,2318.8940202482663,472.39947723870864,173.27109217486577,108.58000183105469,5.268199920654297,90447.44017915428,450.0623208292236,142.82090306439204,256.9301125419006,124.80365893382259,133.75959276995854,105.41668161808775,293.9655515531922,267.72991835992434,166.1063471156158,283.95598376190173,319.7797392030334,234.17149049240106,210.99140280288702,9198.277061462402,868.2520160612185,255.82379538174428,233.06517333224474,247.65806942745985,1545.4790515522473,99.9800033569336,2147.739705066895,369.98569811254856,228.6925577517395,478.66864800610347,240.09821540313715,25609.791041122284,112486.0,47647.409410635475,78265.19110338856,21494.835744180717,12539.871134601766,9.828034558071753,14147.541489719413,1061.9825316590286,63376.75887378678,1210.6045295492702,37713.37691868645,21553.011267356807,2533.0720892788736
2022-12-31,2344.574064775725,448.5568148997809,179.5178610127332,105.94999694824219,5.284599781036377,87738.02200995013,453.99998654161755,143.15980887464139,256.56731533748643,117.47665071334086,130.6881501659318,111.02944260912318,287.69360482232696,212.22952640005497,162.02582848020938,261.3234632040785,298.47419321383677,224.1198759073868,204.51401555793746,9616.385963514796,896.4795036295473,246.79081380622847,220.57920373048364,251.0184895992279,1407.183223243439,96.5199966430664,2020.9894555561768,370.5032938739241,221.7946592610242,455.47966802938026,231.12197464908968,25186.602719556307,110031.0,47432.84512393782,78431.58015575819,20290.22085928917,13403.942991972901,9.243103283477758,13156.048213429749,1036.4474574699998,57812.25206201244,1155.0571228710608,38476.148946742476,21369.461729386356,2435.1954734420856
2023-01-31,2467.830630374644,466.7346352338791,207.81839702004254,109.83999633789062,5.1149001121521,118355.12225078326,432.15789954912543,149.66197845227816,266.6397483097917,127.15641990998847,143.4218038275758,112.7835435705947,300.09118021430186,229.19868104978195,166.59229509185025,294.87399927028673,324.6427163620683,231.0400287002485,222.75389598186484,9869.199766397476,917.6642478525318,260.1949632418746,209.65976418230457,274.0563573747713,1506.9518460671534,99.44000244140625,2079.1046537815564,354.5648742134399,234.05782054689007,474.56042616169725,229.99148432339098,26978.03448839276,113532.0,49032.805459798314,83918.0249324888,20851.402296701213,14252.950418098248,10.072304217099775,14858.88671637245,1071.1680328447255,61900.161515850574,1107.3822000166663,39781.049176976354,23095.074857946485,2594.4500119768727
2023-02-28,2455.822821152281,458.71752964555344,206.53208552896103,101.1500015258789,5.199699878692627,120359.29126725066,436.20281964987953,146.1635667636947,254.52531302906027,118.9691288607255,141.8998144499892,105.96987916399394,290.8712040733644,227.17488055937974,167.8463057369081,299.7106978341981,304.1824429035187,213.08369864859014,222.8071318678667,9509.731235086743,882.8050390571443,246.20578132198352,201.74835132621774,248.85763936787407,1526.4238836944278,88.36000061035156,2060.4331247090595,349.47182408646404,229.6707341209185,467.0890496238935,217.58144777118287,25426.97278793482,104932.0,49396.80474327225,84723.37908367068,20643.58796560834,13107.432944405358,9.516514397298735,14920.822721089935,1047.2676860512001,62615.41051254189,1088.6045205672258,38062.84031318471,23370.426415137947,2629.5467065527255
2023-03-31,2426.015210557346,464.2505510673218,199.99033151101685,98.48999786376953,5.092700004577637,145032.37750692666,406.24466226930235,146.56790962862397,254.2785127827301,116.82654082480622,144.93823746777343,104.65498120864868,298.89055627490234,230.8521005325165,164.2904935997467,303.1684250558319,311.77510049691773,215.01380040994263,228.6622379763794,10027.526309013367,933.0845010553894,248.472837885849,200.4486752885132,254.0748001200409,1634.400175169052,87.81999969482422,2084.9005294741364,338.3590007374878,230.03724988175964,468.98672477153013,210.91417535208893,24541.17070010281,101882.0,48119.16757230647,86768.18951506913,20927.48335421132,13229.899456574582,9.729198469118838,15165.296902656555,1073.0633754309383,67128.65921600349,1076.8265183420806,37947.39412507888,23956.292531196028,2662.469256806799
2023-04-30,2388.9830582483305,460.74634938372765,195.51490663256845,100.9000015258789,4.976200103759766,146003.01340918243,395.806960808899,141.37384418850706,248.41190006799297,115.14926736376947,146.35004429226683,103.65424778166198,292.7996148645325,218.55469944543438,168.8424710391846,302.95106763204967,301.90605118341045,213.72779825302132,230.4975872875366,9903.13570500305,919.6017943609622,241.74381015234394,204.62134295144642,237.46427502587903,1605.123093319824,89.0,2069.750872710021,335.8935070037842,230.69663984753424,464.7770972842409,211.81195058276353,24107.912553302012,104432.0,48916.09605943691,87386.79506912967,20748.16671143286,12606.611979973968,9.293868177431113,15198.574409220368,1073.1710253323763,65914.69797869772,1099.4306275226052,36763.50892771753,23925.200726076262,2531.283501924092
2023-05-31,2279.1805339397374,461.28839465162673,200.38503825393673,104.83999633789062,5.034800052642822,137045.53655401338,365.82859026301594,142.28345064006044,240.0592680465088,110.11108137667088,140.8737031681976,95.40946483882908,298.7650358920746,232.607766273346,160.61011975868223,301.3327754681777,316.0847411589202,186.48899855938726,221.732598927887,9887.843946305162,917.9447824738163,239.55579572373972,209.9511660364533,217.70476272702035,1752.0600211512065,100.5,2103.791232726784,305.25993256948095,224.7031317271958,464.5609839558638,192.80765879696264,23265.079653996276,108335.0,46524.72928253724,84604.49943597056,21044.608697381802,11714.040844222996,9.831324820313302,15021.396142203826,1112.2108255315106,71766.49229568802,1128.5993839573275,35963.97349666021,22782.477089856286,2731.2893317732323
2023-06-30,2144.008612336319,465.84626436265535,222.28935658915725,114.16999816894531,4.855599880218506,147985.34093298297,363.6844384374235,141.6864059865875,237.8272799103852,109.49377359439859,138.72448709603123,93.85874531417085,300.56163999458295,228.31030859059138,157.07864871601123,301.9212020337982,307.7479255945891,193.15575730784622,223.26048026972967,9328.092811342853,865.6078113919139,239.33252254140461,212.18971847007742,217.23954679093913,1793.7557729500259,109.5,2152.3903089760133,308.57336868335733,224.2316039503021,470.89609268351705,197.0645166932336,23143.92791429558,118087.0,46131.07675123215,85162.41238755174,21609.264025911223,11712.069910364226,9.41077796503345,15170.742390004918,1112.9944228640234,73704.17006813968,1135.2287302452105,35103.38297768141,23200.36006791517,2639.5312324884912
2023-07-31,2188.5129786667653,469.4487821455841,221.19214671968075,117.94999694824219,4.723299980163574,138062.58425631188,404.1255347713013,146.23336306155397,236.1649990081787,110.33629041949462,138.48715397695923,94.51323368415069,299.5516760933533,226.1516080952606,157.28588573585512,307.1561919442902,319.15337821821595,210.6591719081116,222.13679230134585,9307.262610912323,861.293780211563,246.69795580178834,211.4148991842194,235.2203354085541,1812.2357017946779,112.9000015258789,2162.279538279312,345.60385089994816,224.9707831002197,475.1167277074128,206.59714906025692,23287.069820794626,121943.0,46691.32443744433,85350.82230632193,21675.03449246753,12153.260432768264,9.772527070387678,15472.513003731845,1112.5298324818723,74425.03778743744,1134.3458661516008,35078.579404526674,23203.862900917884,2582.9017836812313
2023-08-31,2093.9126497833595,471.73060750961304,231.95458742210394,112.30999755859375,4.888400077819824,126763.41295079514,424.60643374307256,137.80400080442814,221.24897931710802,108.57136125291436,136.48413054568482,88.72445954765317,301.32097781317134,222.91103608947742,156.42880249023438,301.4187480524597,305.2805885894013,191.18533002717595,217.92488442013564,9474.696792138973,880.0098028946231,239.82491453103648,214.94295738902292,219.53804674897765,1847.7662976768333,104.19999694824219,2201.491004882584,366.9232979065855,223.64430356025696,477.74335601536586,217.33826298440545,23020.175512234913,115742.0,46222.17819881742,84726.83967924211,22035.24625859782,11394.672070806264,9.445039193967666,15389.286032987293,1091.410501273378,75775.43332191557,1138.087351927151,33624.19098953512,22830.545572398463,2557.2077536678376
2023-09-30,2146.0623056907516,464.87976807543237,207.7539860134275,113.1500015258789,5.032800197601318,135441.313272479,479.6761745462718,131.8090398629838,222.9027253594286,108.2555334023209,131.85936901687637,86.3125214690017,303.4275285210497,224.2112449634169,159.23779518032825,293.05995320249167,296.6332367351224,189.33393805815103,211.42792785384336,9301.117922315898,862.8735785198587,239.5109621717911,222.55043088148523,217.86992516182727,1803.10127150263,101.63999938964844,2151.421483762606,406.95222704982007,220.03403078268457,468.9563239483796,227.45740339470285,22802.29956079973,116565.0,46730.79887181823,81851.9864142416,21580.897904355545,11455.333353227004,9.07946933437945,14595.981042172643,1073.5698561810277,74058.86395931337,1188.0283993165117,33909.19943332152,22207.938649034128,2558.782998233204
2023-10-31,2083.2621877022507,454.2499176289821,193.97208243714886,109.62000274658203,5.04610013961792,174937.0958058685,441.079631683373,122.21654191666403,210.11960673379508,104.656115740715,127.06080305552678,84.67356380767069,297.5180596120299,219.6062803860932,153.90605425834656,276.52628380119313,277.2832065218736,188.67368114041892,207.64702844501517,10017.517750777886,928.9365562228922,231.81783348428326,218.1933785067904,210.97745376718922,1770.5251313485787,94.19999694824219,2110.279139986116,378.5584155347133,213.14727836717248,456.4702140099944,214.9386416068155,21801.463725569425,113144.0,44918.40544222994,79290.11880565621,21162.3337799632,11033.425783388084,8.526980234236365,13704.257988443715,1044.2325664560267,72713.19424965652,1155.841677284015,31703.72299623261,21742.019425146747,2503.884186797658
2023-11-30,2098.888194165976,480.6998597789461,247.65704703330994,123.56999969482422,4.904099941253662,184947.07590287365,406.206607113716,131.77316953717036,227.99161450025167,110.09704742267604,139.32547858271028,82.43791739340213,307.04570031511685,238.82967088058467,158.84379410398105,310.1352885162505,309.15446478646845,198.3217948895417,224.26448806861117,9995.045970540086,925.6488639116287,243.48856956630698,225.68668154141233,209.30698698931883,1906.86111430671,106.3499984741211,2238.2311832559208,343.9735668863068,225.39242881018072,483.5932982002487,207.39439100545496,22919.031304945238,127331.0,46402.09604478814,86960.10829517618,22400.946753826458,10661.344305615057,9.650498340694059,15302.659465875244,1116.9217250284273,78209.94890482025,1184.8629165548634,34208.96945627992,23502.31179979001,2751.853534815284
2023-12-31,2030.2561562831256,493.6048556540445,249.00927778819278,130.38999938964844,4.850200176239014,204190.5286672134,373.6594260179445,136.8241425312117,235.23470854759216,118.0538730297394,144.00244582282266,84.24798113172164,311.0918363436431,223.2547081916273,160.29911212429033,329.08607455699894,317.83361162828805,202.68986980551927,231.88807708672357,10003.05236982298,927.2127588106305,245.32313379515108,236.73827726296258,197.59716332087737,1986.2539228875103,113.19999694824219,2305.3486339268566,323.2658491471484,232.3245958426669,498.9885808099971,203.32038250695769,25053.29114509723,134185.0,47754.48179387301,89504.01477303356,23134.630685552023,10535.577516038902,9.897314016109705,16338.267640694976,1147.5198901281692,81609.12713569775,1280.6691996633497,36165.38875148526,24159.175134994322,2833.0192356022953
2024-01-31,1945.8635705836045,505.1781522187812,259.34622533016955,123.94999694824219,4.950300216674805,210796.68107853085,404.4890261723631,125.88613602075202,227.96132120109542,116.92609527231616,143.90522578802484,77.62070890817267,327.7593728139036,221.0309122280887,160.53823753747565,329.9870305720833,294.3943599284976,194.15078054083278,236.87185781433072,10140.194480408914,932.8840607252496,239.84204927467363,246.97047478848253,180.88397444943257,2064.1266873897403,106.37000274658203,2390.4009927993175,351.07528230230673,234.54522955354332,509.2868726950983,206.45227960069315,25074.144963963423,127752.0,47956.62852197769,90610.9172265511,23987.42176150251,9789.924542814959,9.317925191910236,16536.665780102718,1218.6166243840707,84834.48404543474,1294.0574498920778,35950.56835685555,24917.28376569273,2842.1455247765207
2024-02-29,2081.330916449503,529.7625459887313,247.66957795054623,125.25,4.967299938201904,303990.72316258773,415.36563447554,130.78900699388123,223.7271937643127,118.81781490076446,152.19806707470707,81.11600761186219,343.3397853716124,230.13501523229206,162.67907297611237,324.06663735699476,318.45360206992336,184.53520028369894,251.89177531851965,10161.605241035693,940.3595391738054,250.05387964703368,254.1270640804596,193.67503292794026,2180.644672870636,106.5,2523.7856859020394,364.401126498291,241.80816250756834,533.9847433567047,213.94160682245638,24822.31811623159,129020.0,47927.13449001312,95126.33818907198,25314.701753077796,10477.28429079568,9.843701920948302,16086.906141161919,1291.4267868253228,89629.21304957289,1317.0022602710756,35423.954708224424,26247.28067977703,2976.9316556129193
2024-03-31,2110.110771999012,549.5817449550013,268.42825117176835,124.33000183105469,5.014100074768066,350449.6347273141,436.55147636972106,132.59227422056574,227.00876349728424,123.06080164103696,158.44203066825867,77.59916872793201,356.05791012336704,242.92781421365362,170.71816453868087,345.877693190414,334.8990480268403,195.47004885542265,262.2402705743407,11065.491128533613,1026.6045588184206,257.49948159744235,257.44958697171023,198.26462380853263,2215.743231001543,109.0,2610.2763509326032,392.8863498076025,250.3633508192288,551.4281697273254,235.56712906491884,25683.174349487643,128106.0,50070.476555940695,99667.1216707211,26220.784230381716,10524.412682449794,10.202901495024232,17145.532719674986,1336.4303922107792,91096.38003689982,1336.507400695105,36200.16698584468,27397.598994811997,3178.152194636686
2024-04-30,2195.088239540358,543.5277571866609,293.81813654457073,122.37999725341797,5.117000102996826,310278.7956789974,449.57963217247016,136.62390665397652,226.68310065879814,119.43078318473817,155.8638184525298,82.0766863368226,344.22057975116695,241.31772407653807,177.55990747795113,335.0611839216617,322.62685258998863,205.2940386666869,258.4085052013397,11725.093536299886,1084.1387868365855,264.2930631277086,267.87494758396133,214.24878884693135,2172.6270549924084,100.5,2568.631767919389,401.0704540186307,247.96982030647268,545.1651956580354,239.27091622741682,25728.560307630687,125924.0,52272.785656168824,98257.53470192198,25767.625948835863,11601.407360913232,10.02100266603666,17037.681473290315,1257.2861647703103,89244.00972797628,1386.0693509732573,36538.2156723532,26965.334822415607,3217.901284324099
2024-05-31,2219.9362128398957,577.8492553215328,326.48377472334323,118.66000366210938,5.202099800109863,351097.07160366327,424.5953999729609,146.85527497576913,242.67796361289948,128.23175808826454,166.77932673551913,86.97910508583846,358.78882956379675,261.76966035397345,188.94026315243536,337.6162849649045,323.46656715838617,211.1532316802368,275.34714400736993,12083.957117657643,1120.0121028392023,273.57842928155515,275.76330167227206,227.95601165325934,2344.63835645598,96.87000274658203,2743.4313461830607,389.2211054566651,263.85050821179175,579.7220144246821,242.41784274734528,26556.517752221553,122098.0,54731.48836593144,104163.75014277641,27454.132496835664,12024.675604519434,9.970369923088226,16886.336487644585,1276.5665860385925,96429.50529177673,1406.6932728756701,37760.150564103446,28063.54458299186,3404.2850765668763
2024-06-30,2246.009632668549,618.2562311180118,312.48342403957395,120.37999725341797,5.500500202178955,331790.9242169466,475.29824261371687,142.29794484657305,250.05273415519696,134.37722161785132,168.42532080692308,84.15765414247517,375.35412204635577,298.07209840229007,191.85745292717002,311.38331980258954,363.5280382185738,238.2816670797729,275.19001840053534,12803.514052032842,1182.662518255347,294.4417691081617,306.8178945630643,231.95608345416986,2635.3445712922257,96.44999694824219,2993.482058882364,437.7847909479897,271.8347099199673,619.5213226638407,250.6853009108545,28415.642792582512,123907.0,56734.53402076266,107423.2102652546,30035.371236562496,12487.93454092741,11.095865115747998,15677.363543662941,1354.6517400792218,108265.62568746973,1582.6110127695772,39345.21810265246,28830.18319394649,3895.483072901968
2024-07-31,2274.2100088914103,640.3948500538172,321.1793846850742,124.04000091552734,5.611100196838379,362585.0863945484,452.9280147382815,145.94471740404515,260.07448556159943,140.38972949345407,174.56133054838574,85.56927800178528,398.2197878191073,298.1738610352477,203.45848371931424,317.139385693863,373.418735223313,255.36116054006925,282.29445860861233,13615.334627628326,1271.1947667174536,302.66273691178867,322.1893630282284,232.97288274128732,2643.2210108215804,98.5,3090.6500857215724,436.2069173156124,285.6611101648559,644.4909720336,261.5053221050948,29713.20141348173,127652.0,60283.97773742676,112338.25298105925,30986.177521082573,12463.656199851539,11.237165399297822,15914.642868824652,1438.3604239303968,108644.53303080052,1671.9020333708725,41082.196753311706,29576.30882565491,3802.108269203327
2024-08-31,2254.263643244338,658.3283475775752,366.86976709071314,132.60000610351562,5.627699851989746,332706.6695004925,443.462765511169,150.03447719532778,277.164217710495,145.5885998939284,183.63185218145736,91.05618532263179,405.0255652174528,302.7702477434541,211.20756857542438,298.49320530184923,368.61434030532837,264.2767798971254,295.62306635527057,14034.35816568206,1301.630660983079,306.4845287870485,324.83084232659894,235.40669511335727,2680.304546679399,102.7699966430664,3172.2218113510753,418.36318638766534,294.8351918108674,661.4798457551879,256.8482178099366,30903.9535541028,136004.0,62002.962792178616,117646.42208480928,31787.499294398818,12961.161478803493,11.291499636324605,14987.643434137106,1500.8853807868436,110160.20214806497,1692.8290681838284,43875.61100535462,30850.535564780468,3933.646821777696
2024-09-30,2585.8887610561906,649.5390625345608,360.2211687910458,128.42999267578125,5.433199882507324,344081.8319592476,389.94073732865945,148.2176965254821,268.50872824502585,147.2940521309356,183.85948485308836,101.38350897854616,388.69112456881703,292.686471867386,203.2560067755585,291.8171607152253,347.5074595109254,273.83328236877423,289.26357086413554,14322.458740863483,1320.593550177582,311.920004425705,318.0051824908296,276.60420518940737,2651.781906449294,97.95999908447266,3117.352817645995,379.889325836426,286.9272932565764,650.3540093553165,238.51748313247663,31025.592390162637,131816.0,59883.41010761261,117209.56068033725,31308.70555283362,14770.181022197474,10.761287661550375,14471.612511715852,1442.118460180718,108993.73557973467,1675.1258957910445,42861.92184958247,30328.729784491472,3824.2396172070685
2024-10-31,2656.3402679415394,674.4772342818833,420.1293151590653,126.26000213623047,5.76230001449585,404600.9759490788,421.56989016268926,147.39963393117523,272.03817840880583,146.0743075656128,186.23753470999145,102.97230609495546,392.2397602282181,312.4319138200226,204.84976111904143,299.17860620153806,345.21939298918915,284.42713223254395,289.55557572841644,15778.90641105629,1460.8006450215835,320.4991206514587,315.88928503614807,283.7932757139206,2788.088897184105,97.25,3276.6743646516115,421.10889561044314,288.69122193367,674.7076875951461,255.2410685910072,30890.20179748535,129713.0,60559.463275659364,119276.5921426937,32876.51574315457,15053.922035781434,10.684479989916218,14477.965554938535,1469.1032357746735,114614.56700414885,1658.698714189108,43487.094564729414,30183.308164729737,4107.2926237470265
2024-11-30,2762.011602512662,732.3125588427283,502.2808913717963,122.31999969482422,6.013899803161621,586123.836616613,438.6538663249812,152.4523623042678,293.5384576511533,158.94737363285822,194.06854940097037,104.88241577890767,419.10869196470594,319.638783714523,215.2976083649446,302.31874585787955,345.37826753086847,285.35955024826035,292.09511160426337,15978.931777000427,1476.9536306349037,326.6149065685422,329.4414238760073,284.57773685031134,3065.5252269341145,93.31999969482422,3623.675252983172,430.6553685749968,302.4991555107881,733.3349566799006,287.2539204274217,32977.570508789504,125668.0,63165.39388897363,124533.31629915722,36278.12818984222,14995.511816563085,10.60044166576663,14650.994007416535,1520.9853603158845,125873.14285490476,1717.9977044161815,46335.76855894154,30484.773175100097,4120.243820576173
2024-12-31,2837.2939317808596,725.9032309055328,510.72696825354797,117.2699966430664,6.1778998374938965,577196.2588031217,461.1184400998536,154.6946175868834,279.11751654331965,147.4046938932952,196.58077094371038,102.92381034997561,414.5370696691134,319.76808521928433,209.43081391777014,289.2492685061188,314.3933189593736,258.9157812466965,297.46588660205816,16242.933951083687,1495.8549178179237,322.6099370553129,325.2046436749879,289.4963901556548,3158.3278017944394,85.94999694824219,3620.743642337766,466.740351576118,295.4271683436127,725.7796936475825,264.59946135193604,31315.295833916287,120283.0,63258.511494636536,127991.88536133617,36336.12029722659,15950.327494867612,10.090793360329544,14802.585938654374,1565.940518779942,129811.0811457457,1702.7743216051645,45679.89159527611,31303.626399192726,4343.972741714599
2025-01-31,2651.920734069017,711.930644839973,508.0267622358697,123.0,5.874499797821045,601578.2894794531,450.92661703002886,160.5500790262604,264.117505531769,144.57144360988605,203.4339342731855,96.92924666404724,401.28706684711506,302.2430190797804,209.19094138591754,287.7329974081422,317.04676125942206,257.0093661546707,306.17892318779013,16522.03068137169,1518.9106533825689,311.28975414669003,299.54075455104794,284.38453431613925,3068.192370325589,91.4000015258789,3535.391511350783,458.3284545056922,293.3725118357852,711.2256887294388,257.4205793477631,31122.95529609546,126135.0,63301.006081581116,132593.3521318622,35485.09100163239,15287.26981739793,10.257820694240374,14535.36527177319,1508.0283307567297,126172.80497204326,1593.8241879501709,43027.86661070254,32256.6810734896,4346.757313097151
2025-02-28,2661.622658555448,705.5264078863911,483.3524315033719,120.01000213623047,5.839000225067139,492654.01160677895,427.29803825233466,167.1121913417055,247.39843329936957,140.07761406291957,210.61273633625024,102.7080148498917,399.7963525380328,296.67960945430787,216.27657368225118,294.98629404327403,319.21813161289174,259.25161890258823,315.65636018577607,16564.076123577892,1537.2335251042532,312.03616400894134,280.8559019161221,312.853642750626,2967.204822776912,87.5999984741211,3469.4171109642775,439.209604057236,298.1977397122573,704.0082553544235,265.6745102405548,29708.331699710106,122799.0,64820.7977057416,136758.20627874509,34768.32684016228,17207.36721548764,10.200228652336847,14908.385506983264,1446.87231275253,121944.07560273819,1479.3376588825547,41404.826727038184,33132.44197943015,4083.8596550348575
2025-03-31,2644.6492577356335,670.1852593038711,465.0817203202132,127.30000305175781,5.7581000328063965,475324.90477141365,430.36038415132134,171.70654122105407,242.30085992388922,134.96986784413912,213.51035975985724,100.82433289236451,394.77532419134513,273.3945869217987,215.75601525818638,293.43277240011594,311.1677310445557,277.13736072928623,313.2982219063797,17981.395063605043,1659.1390278000035,310.7646657994919,296.4269870530243,313.24065057083135,2700.088344701813,93.41999816894531,3221.0236616987386,445.2738860803147,292.6842352109452,667.6516812315749,269.0472152467155,28346.290991948335,130260.0,63938.49279243499,138004.30174360424,32313.594231419032,17096.883672935655,9.722635151226376,14814.780717685353,1371.4897551649483,111007.23907894082,1575.1765896100476,40241.302518333585,32679.88969411142,3590.9657786281496
2025-04-30,2535.170349917789,657.483774605942,481.6339730415348,131.6300048828125,5.619999885559082,529445.0854688287,354.73438677368176,174.95059172096262,239.4681985538482,138.64539760551452,221.93380491371136,98.4624005676269,401.4365935405731,266.83759199371343,214.12198706436175,320.1714003406523,315.78778585166947,278.3023969055175,316.12499356269836,18574.099621772766,1707.1873034931195,304.43538351020834,301.06339215431217,290.32919323043825,2672.141352447128,101.5,3116.5146130516077,357.2072004440306,297.1293879467012,655.2919780807497,226.20499539375305,29132.249765971676,135067.0,63919.48821622506,143842.58337374777,31298.11689196853,16007.750920101302,10.0395124479501,16153.839660479687,1423.431991866848,109989.12752589956,1605.6934313328045,39714.44448239846,32993.734759720974,3518.405915919159
2025-05-31,2632.5150710613343,700.489635719452,511.16200082888827,133.99000549316406,5.66510009765625,589162.3108334541,361.9999048844911,178.45065307617188,251.47378987725824,146.21623049501795,237.7642580140382,107.29699887509923,419.8972347979434,296.7379491662141,226.1507855253294,340.8690625028685,343.47502497187816,295.77487091207877,335.31726700044237,18631.94715794921,1719.9244242254645,321.15451675630175,307.671594083542,299.2305854293518,2940.810028709471,107.63999938964844,3338.953429542482,380.4114802018739,314.86627380084246,698.9034146075137,230.93780202325433,30761.3844155611,137027.0,67088.56369446963,154523.37291833013,33490.31526437402,16808.460180085385,11.151822601334068,16947.26810194913,1495.3694569845684,120898.84586083889,1642.6084672303411,42062.05507611123,34556.276222638786,4054.7040829218026
2025-06-30,2631.0208989677694,704.5223030679335,464.18486991307145,135.85000610351562,5.478400230407715,586930.2490848079,370.39464292161574,172.2956914260103,249.86983785264601,144.19149239245598,231.79112127198823,108.80103191964736,410.71567196116666,314.4601815847782,217.60206383929471,331.771925476929,393.2395618511655,294.4640123844147,327.2248432544402,18048.041184055153,1669.9806686726806,328.86835914387484,305.03732650097663,301.85984433608974,3022.104783352115,109.02999877929688,3384.829448607401,400.5258441888582,312.32358794023094,704.0840210182505,232.31155508293887,30545.367775135674,138855.0,65846.17026996613,153463.47306583077,33993.200579668395,16783.554707221803,12.340954088451367,16711.59899228078,1534.8365362244658,124244.69232541882,1635.8566105698512,41867.76366084405,34038.76876887027,4190.664748522419
2025-07-31,2776.0525068439683,724.5790052707816,461.14131860982525,129.8800048828125,5.575399875640869,645398.2713075355,404.3837461743242,166.31417786499787,251.17176014392862,145.07190731639093,229.42771339000683,115.41078167945852,410.4609541579739,325.38034014535515,221.95667670590956,335.30454511808784,405.9448513335956,295.7749591490556,322.64838484816755,18360.90659822419,1689.1230986828014,336.3638847062757,293.4890460507813,320.1952165595321,3150.156738183112,101.91999816894531,3524.0988486777933,443.7460556845326,313.4489878144377,724.4116650065698,243.11530902510458,31404.347494176356,133071.0,67400.73860679707,153185.67773486767,35344.63497990067,17577.346958937123,12.994158074422103,16964.646841638023,1533.8345830003673,129450.29856925551,1574.349633784689,42238.46851254397,33863.27027552482,4400.528694455092
2025-08-31,2919.468766236611,722.310747468262,433.8519668205263,138.5,5.413000106811523,586827.866509214,368.7335821432498,177.6005409381105,242.82718809539801,146.58404247947692,226.69645025497448,114.53908143417357,423.7296417535399,318.3926646307373,224.42297947265615,335.28121918228135,391.0351161526487,312.16770624832134,323.69740225753776,18803.138206724543,1721.7129836195381,336.09317745788576,281.3677430741882,331.8710439822389,3087.575393078616,107.43000030517578,3491.6556528221117,405.108908170776,317.79723131515493,724.097047415009,244.64053817543027,31696.514057046734,141422.0,67185.69583036471,150993.11376063898,34969.38680135831,17406.876743903966,12.457200150072056,17018.40736901574,1574.0047295162221,126747.67053814605,1509.5328414437724,41192.11060455704,33807.51579299965,4301.795054233016
2025-09-30,2902.347973687815,735.6718505220342,371.2418100744326,143.24000549316406,5.321700096130371,606972.2834978476,356.66032257806364,175.40323029629508,244.42568703932193,143.68590259552002,221.4359442480927,114.68263301147454,426.8535598384551,338.56655443162526,223.3517595308076,362.99315868489066,426.2681695797728,341.12096804168687,330.5840042874297,20439.585989066167,1891.704739667679,350.80646059259016,277.04771431279005,350.433943209915,3194.989060728927,109.66999816894531,3545.210131062835,392.47538208961487,318.87626001580793,733.330289487305,237.72033354981977,30961.02077219612,146237.0,66862.54206023645,148975.17601068132,35593.97801708523,18349.249296361813,13.0238722695926,18221.859485753113,1610.0709426761605,131339.50640277006,1476.5078299246948,40897.26513379382,34497.566834525205,4511.401387355286
2025-10-31,2993.7099762701014,761.0686353939818,508.0069738345337,146.41000366210938,5.381999969482422,589631.2716409862,350.20673637176515,190.0922372796631,246.97997531463625,144.0761416467285,219.20885629333497,115.9282842700195,449.12788102874765,358.71030617828364,229.64992884307867,358.06445139984135,522.0539970397949,343.2101405175781,336.26735562957765,21432.200015679933,1981.2218024865724,367.42911984954844,290.4665449227905,342.1337364175415,3385.654760221252,110.05999755859375,3670.8468860455323,390.51790464599617,328.194355675354,756.6553560000611,237.15782126419072,31320.253404543735,149540.0,68722.06504557282,149087.1147236321,36813.95724242553,17934.29291279521,15.524054494025643,18221.76825887873,1833.2962924325257,139168.45949602872,1561.8787147698217,41893.11248245468,35233.60110472189,4944.628321606766
2025-11-30,2943.128161531777,757.6284566258546,499.0161815964966,155.85000610351562,5.355400085449219,486909.0428971052,338.46128948623664,202.75545050378423,244.36691161923227,138.4370942517853,219.1429616905516,119.10409667463682,444.5517725335085,345.47687095269794,231.0855218588258,366.4164640404051,486.64522047381615,357.419390262512,337.81864719616715,22590.68313447386,2077.2526112934574,359.34733756195055,292.99393377191154,333.1058894007874,3316.3315029144287,116.48999786376953,3659.826942843385,380.6082824385376,329.73198162677,754.5223147702636,242.1979606927489,30126.43481699424,159072.0,68925.23887038231,147962.69623091817,36679.616334468126,17788.589976108633,14.389257438405695,18548.128062904812,1722.553254966071,136214.01542651653,1570.2746380345945,41400.629946990135,35184.17275651544,4724.645626797246
2025-12-31,3106.611226700016,774.8275827626348,500.5794715391239,158.0,5.476200103759766,479215.8536580205,333.2267679577635,221.23849254791276,247.90758120401006,143.42168364207464,232.73850440979004,116.36925220489502,442.14838467913796,347.90298590704333,240.84327805654902,379.6649632208864,532.396180772339,376.7625838507083,352.612521338684,23687.85170360841,2170.2728497514036,368.110177659546,295.9886114302062,328.9553385616455,3364.0844723710325,112.44999694824219,3734.3302811684553,378.73401923046913,342.09822716668714,772.4727732667234,244.8409016254882,31923.400214981055,161125.0,73132.54833478946,160382.50587727875,37487.327810287476,18020.88308643829,16.358103639960177,19554.993554446613,1796.5154626577714,138273.22905077785,1593.983241878206,42969.33053847686,37958.217797995545,5076.574531421613
2026-01-31,3075.540642643174,755.0285890102386,509.5794167466738,178.1999969482422,5.189199924468994,436560.416658178,366.8245553296583,234.75941329287707,243.58103732829295,144.0002979040146,223.70641191109462,121.3234898791352,444.81822385995474,353.1769341904146,239.5334677216797,389.8127125786741,635.2099817576673,379.84941863494896,346.6385707907102,24461.369017196586,2308.9345697372046,376.5283338505251,268.48921280192553,323.80608320495594,3227.007731691643,123.80000305175781,3590.7705197074683,412.64516057397486,343.525019163666,754.7691131778338,264.9086521850968,32407.521197084803,181364.0,73129.47424316406,152225.87431779876,36008.01283702091,18188.381453463808,18.974668464634554,20342.147581382655,1806.6315964140813,132596.46350125223,1431.5885905699533,42320.65481566844,36897.08532188553,5305.363146481432
2026-02-28,3125.7662983413948,757.0321356672212,461.0612285480347,185.16000366210938,5.136600017547607,338408.4389841929,372.30078651507574,223.44210076332092,243.88576648181152,154.56029531179047,227.75684556184387,124.3570817221298,474.4677577289658,388.6865139224319,250.04969042178345,415.75641796083073,777.5271195751266,419.14655359405515,352.1139468785477,26866.98639178276,2484.830258488655,394.2854283199158,268.4900852685623,303.36760409040835,3119.40571179174,126.37999725341797,3523.6561958753737,420.9443557623672,360.7947742595825,759.3949277834472,287.23866357586667,33523.25689679058,188787.0,75607.10816154256,153145.11371434946,35334.05452676257,17470.884902951308,22.392759705921723,21301.057104253443,1939.5872360797366,128209.73708642647,1421.122381775683,42154.19795008542,37179.950297864154,5803.522453521347
2026-03-31,2964.1120211585403,728.3796458514407,491.2364726977539,184.27999877929688,5.263999938964844,359180.1528353691,622.9943847442628,209.29662873779307,224.50960542907706,146.12863951049803,208.8228679400636,121.54575939392089,444.49216769775376,373.32286603271496,239.8278444482421,396.0107330792234,647.5246437371825,356.89921192626934,326.78912584960926,24464.966630395502,2265.046578717651,367.16399574279785,246.56575794433593,295.7315181774902,3038.2754462170415,120.0,3423.3898616735823,669.8439922332764,337.31712572753895,728.1165101123042,322.4726274255372,30546.039512053365,187462.0,70562.25467181206,136709.10832952708,34366.12898434326,16644.368340292014,17.542129822276202,19897.31438560225,1681.579321864061,124968.35583226383,1234.1175113227057,38860.72428446611,33572.817805463914,5212.079406439899
2026-04-30,2944.318176684601,741.7382346643062,468.0228559920579,193.86000061035156,4.984799861907959,374130.7265855968,473.20705241216274,219.03209908665485,224.59015929950328,150.84004496226498,211.15612519290153,117.6911277821273,443.9961221789017,402.47273020176726,238.27342959609996,395.9426545525894,722.3971868602603,363.39191753929117,332.3365976659625,24026.23636761331,2195.6049045812542,380.29038602867877,249.1402948162995,289.2679299015581,3177.3115536793484,124.83999633789062,3489.0608275137783,611.0865968164144,342.45573530067486,740.8409311369178,277.95243193316674,31784.59370743716,197737.609375,71503.331612763,141187.45135849155,35008.00116378022,16489.801046398003,20.18182888904863,20145.182462150697,1815.4401228702045,130624.58715479355,1262.6599283981432,38175.81090492201,35140.988425912336,5729.155386812813
