data,carteira,base100
2015-02-28,etfs_com_tudo__max_sharpe,116.11069755431089
2015-03-31,etfs_com_tudo__max_sharpe,124.48238299883099
2015-04-30,etfs_com_tudo__max_sharpe,120.50817892378613
2015-05-31,etfs_com_tudo__max_sharpe,125.2957307977207
2015-06-30,etfs_com_tudo__max_sharpe,123.04987715441315
2015-07-31,etfs_com_tudo__max_sharpe,128.2005779508005
2015-08-31,etfs_com_tudo__max_sharpe,125.07251976412323
2015-09-30,etfs_com_tudo__max_sharpe,134.7556905083109
2015-10-31,etfs_com_tudo__max_sharpe,141.155684587293
2015-11-30,etfs_com_tudo__max_sharpe,140.38333333399805
2015-12-31,etfs_com_tudo__max_sharpe,141.68054368305167
2016-01-31,etfs_com_tudo__max_sharpe,136.28198217399023
2016-02-29,etfs_com_tudo__max_sharpe,137.83780309492832
2016-03-31,etfs_com_tudo__max_sharpe,137.1823556103329
2016-04-30,etfs_com_tudo__max_sharpe,138.2214239833941
2016-05-31,etfs_com_tudo__max_sharpe,141.15489247808955
2016-06-30,etfs_com_tudo__max_sharpe,137.78772554791544
2016-07-31,etfs_com_tudo__max_sharpe,144.89548833730444
2016-08-31,etfs_com_tudo__max_sharpe,142.35105290906975
2016-09-30,etfs_com_tudo__max_sharpe,146.54855851875232
2016-10-31,etfs_com_tudo__max_sharpe,147.40260372385907
2016-11-30,etfs_com_tudo__max_sharpe,153.59310797533055
2016-12-31,etfs_com_tudo__max_sharpe,150.51309973713077
2017-01-31,etfs_com_tudo__max_sharpe,153.14169007725036
2017-02-28,etfs_com_tudo__max_sharpe,159.46566514922603
2017-03-31,etfs_com_tudo__max_sharpe,161.45249335888155
2017-04-30,etfs_com_tudo__max_sharpe,169.2212524498213
2017-05-31,etfs_com_tudo__max_sharpe,186.22611482159974
2017-06-30,etfs_com_tudo__max_sharpe,189.65352195319548
2017-07-31,etfs_com_tudo__max_sharpe,193.78974794847525
2017-08-31,etfs_com_tudo__max_sharpe,209.11617084217067
2017-09-30,etfs_com_tudo__max_sharpe,211.31562654749118
2017-10-31,etfs_com_tudo__max_sharpe,231.3300219909662
2017-11-30,etfs_com_tudo__max_sharpe,242.1465306985797
2017-12-31,etfs_com_tudo__max_sharpe,264.0212806743122
2018-01-31,etfs_com_tudo__max_sharpe,263.1599190843089
2018-02-28,etfs_com_tudo__max_sharpe,260.1971755568695
2018-03-31,etfs_com_tudo__max_sharpe,255.80854683878488
2018-04-30,etfs_com_tudo__max_sharpe,274.4443349097549
2018-05-31,etfs_com_tudo__max_sharpe,278.38780486010955
2018-06-30,etfs_com_tudo__max_sharpe,277.9360827287591
2018-07-31,etfs_com_tudo__max_sharpe,283.8028952717668
2018-08-31,etfs_com_tudo__max_sharpe,302.6004429458582
2018-09-30,etfs_com_tudo__max_sharpe,293.7835556292681
2018-10-31,etfs_com_tudo__max_sharpe,264.14631632641635
2018-11-30,etfs_com_tudo__max_sharpe,265.56140754089313
2018-12-31,etfs_com_tudo__max_sharpe,256.9289977449571
2019-01-31,etfs_com_tudo__max_sharpe,264.3411187980233
2019-02-28,etfs_com_tudo__max_sharpe,272.00014078052254
2019-03-31,etfs_com_tudo__max_sharpe,286.20237788822857
2019-04-30,etfs_com_tudo__max_sharpe,303.6945819195175
2019-05-31,etfs_com_tudo__max_sharpe,312.9366850352183
2019-06-30,etfs_com_tudo__max_sharpe,328.5115006757251
2019-07-31,etfs_com_tudo__max_sharpe,324.1781513181722
2019-08-31,etfs_com_tudo__max_sharpe,341.7857998661996
2019-09-30,etfs_com_tudo__max_sharpe,341.1763507821685
2019-10-31,etfs_com_tudo__max_sharpe,340.99479558710516
2019-11-30,etfs_com_tudo__max_sharpe,353.29244733729905
2019-12-31,etfs_com_tudo__max_sharpe,358.8828540218602
2020-01-31,etfs_com_tudo__max_sharpe,378.2250379182181
2020-02-29,etfs_com_tudo__max_sharpe,369.59726533328916
2020-03-31,etfs_com_tudo__max_sharpe,332.9614168663779
2020-04-30,etfs_com_tudo__max_sharpe,377.1008192202552
2020-05-31,etfs_com_tudo__max_sharpe,407.7572852277367
2020-06-30,etfs_com_tudo__max_sharpe,430.87503956561824
2020-07-31,etfs_com_tudo__max_sharpe,450.06124270540965
2020-08-31,etfs_com_tudo__max_sharpe,477.9583525004943
2020-09-30,etfs_com_tudo__max_sharpe,474.5935754159324
2020-10-31,etfs_com_tudo__max_sharpe,490.5261763340257
2020-11-30,etfs_com_tudo__max_sharpe,530.8358039440055
2020-12-31,etfs_com_tudo__max_sharpe,575.6738807999343
2021-01-31,etfs_com_tudo__max_sharpe,603.0514648551404
2021-02-28,etfs_com_tudo__max_sharpe,640.6925900906547
2021-03-31,etfs_com_tudo__max_sharpe,698.4535470391382
2021-04-30,etfs_com_tudo__max_sharpe,674.5444565995192
2021-05-31,etfs_com_tudo__max_sharpe,659.4572178294411
2021-06-30,etfs_com_tudo__max_sharpe,629.4946202723025
2021-07-31,etfs_com_tudo__max_sharpe,648.9492139946334
2021-08-31,etfs_com_tudo__max_sharpe,675.3804134205743
2021-09-30,etfs_com_tudo__max_sharpe,670.291762943898
2021-10-31,etfs_com_tudo__max_sharpe,727.2662312925257
2021-11-30,etfs_com_tudo__max_sharpe,697.4794605557681
2021-12-31,etfs_com_tudo__max_sharpe,705.9943984013976
2022-01-31,etfs_com_tudo__max_sharpe,674.4306283278463
2022-02-28,etfs_com_tudo__max_sharpe,659.5787475673353
2022-03-31,etfs_com_tudo__max_sharpe,642.3905064692119
2022-04-30,etfs_com_tudo__max_sharpe,604.6998476658339
2022-05-31,etfs_com_tudo__max_sharpe,585.841387324495
2022-06-30,etfs_com_tudo__max_sharpe,553.2438997255861
2022-07-31,etfs_com_tudo__max_sharpe,584.2143801244858
2022-08-31,etfs_com_tudo__max_sharpe,566.8543418322483
2022-09-30,etfs_com_tudo__max_sharpe,550.392025811726
2022-10-31,etfs_com_tudo__max_sharpe,565.0015919053831
2022-11-30,etfs_com_tudo__max_sharpe,590.8630039994522
2022-12-31,etfs_com_tudo__max_sharpe,576.6902393977558
2023-01-31,etfs_com_tudo__max_sharpe,621.6836265764028
2023-02-28,etfs_com_tudo__max_sharpe,601.7815560285094
2023-03-31,etfs_com_tudo__max_sharpe,620.4827127967817
2023-04-30,etfs_com_tudo__max_sharpe,615.9852683764847
2023-05-31,etfs_com_tudo__max_sharpe,620.7057569720447
2023-06-30,etfs_com_tudo__max_sharpe,639.1239045570761
2023-07-31,etfs_com_tudo__max_sharpe,646.5378056231712
2023-08-31,etfs_com_tudo__max_sharpe,634.200508471771
2023-09-30,etfs_com_tudo__max_sharpe,634.525632850617
2023-10-31,etfs_com_tudo__max_sharpe,638.3214927318558
2023-11-30,etfs_com_tudo__max_sharpe,680.7937874371216
2023-12-31,etfs_com_tudo__max_sharpe,709.010831105021
2024-01-31,etfs_com_tudo__max_sharpe,707.9752793384275
2024-02-29,etfs_com_tudo__max_sharpe,755.586740949156
2024-03-31,etfs_com_tudo__max_sharpe,796.0146292380493
2024-04-30,etfs_com_tudo__max_sharpe,787.3127163096538
2024-05-31,etfs_com_tudo__max_sharpe,822.8797705593545
2024-06-30,etfs_com_tudo__max_sharpe,863.8592621753695
2024-07-31,etfs_com_tudo__max_sharpe,892.1700534714224
2024-08-31,etfs_com_tudo__max_sharpe,908.5953944246514
2024-09-30,etfs_com_tudo__max_sharpe,899.6660728995248
2024-10-31,etfs_com_tudo__max_sharpe,947.2697086720249
2024-11-30,etfs_com_tudo__max_sharpe,1018.9502580610616
2024-12-31,etfs_com_tudo__max_sharpe,1015.0778956263091
2025-01-31,etfs_com_tudo__max_sharpe,1017.8046749910591
2025-02-28,etfs_com_tudo__max_sharpe,990.5701888739056
2025-03-31,etfs_com_tudo__max_sharpe,989.6952261832022
2025-04-30,etfs_com_tudo__max_sharpe,1001.5437956444714
2025-05-31,etfs_com_tudo__max_sharpe,1063.909065953328
2025-06-30,etfs_com_tudo__max_sharpe,1073.2406009247375
2025-07-31,etfs_com_tudo__max_sharpe,1092.6095316485548
2025-08-31,etfs_com_tudo__max_sharpe,1088.4421051883244
2025-09-30,etfs_com_tudo__max_sharpe,1117.6797119932862
2025-10-31,etfs_com_tudo__max_sharpe,1160.879365570634
2025-11-30,etfs_com_tudo__max_sharpe,1152.041460157102
2025-12-31,etfs_com_tudo__max_sharpe,1180.6397437417806
2026-01-31,etfs_com_tudo__max_sharpe,1201.278892307779
2026-02-28,etfs_com_tudo__max_sharpe,1215.4365987944627
2026-03-31,etfs_com_tudo__max_sharpe,1208.9974019394417
2026-04-30,etfs_com_tudo__max_sharpe,1226.3576825819189
2015-02-28,etfs_com_ouro_btc__max_sharpe,116.32636499262716
2015-03-31,etfs_com_ouro_btc__max_sharpe,125.12102645900407
2015-04-30,etfs_com_ouro_btc__max_sharpe,120.26746984637053
2015-05-31,etfs_com_ouro_btc__max_sharpe,124.92533599766563
2015-06-30,etfs_com_ouro_btc__max_sharpe,122.60680091160569
2015-07-31,etfs_com_ouro_btc__max_sharpe,128.5744003441022
2015-08-31,etfs_com_ouro_btc__max_sharpe,124.8893015072023
2015-09-30,etfs_com_ouro_btc__max_sharpe,134.6131254076969
2015-10-31,etfs_com_ouro_btc__max_sharpe,141.76405536348219
2015-11-30,etfs_com_ouro_btc__max_sharpe,141.581140649274
2015-12-31,etfs_com_ouro_btc__max_sharpe,143.6593065523886
2016-01-31,etfs_com_ouro_btc__max_sharpe,138.68181417508342
2016-02-29,etfs_com_ouro_btc__max_sharpe,141.05977267710898
2016-03-31,etfs_com_ouro_btc__max_sharpe,140.41420301871236
2016-04-30,etfs_com_ouro_btc__max_sharpe,140.4981000420329
2016-05-31,etfs_com_ouro_btc__max_sharpe,143.17048548751697
2016-06-30,etfs_com_ouro_btc__max_sharpe,140.3689646921353
2016-07-31,etfs_com_ouro_btc__max_sharpe,148.99483119830728
2016-08-31,etfs_com_ouro_btc__max_sharpe,145.9589452201074
2016-09-30,etfs_com_ouro_btc__max_sharpe,150.2014757491235
2016-10-31,etfs_com_ouro_btc__max_sharpe,151.39644258601575
2016-11-30,etfs_com_ouro_btc__max_sharpe,157.17341652574953
2016-12-31,etfs_com_ouro_btc__max_sharpe,153.48862319036573
2017-01-31,etfs_com_ouro_btc__max_sharpe,157.0725895781114
2017-02-28,etfs_com_ouro_btc__max_sharpe,163.68959808606118
2017-03-31,etfs_com_ouro_btc__max_sharpe,166.56818312994454
2017-04-30,etfs_com_ouro_btc__max_sharpe,175.0029533453528
2017-05-31,etfs_com_ouro_btc__max_sharpe,193.04514166094413
2017-06-30,etfs_com_ouro_btc__max_sharpe,197.06915134443776
2017-07-31,etfs_com_ouro_btc__max_sharpe,200.9184374870535
2017-08-31,etfs_com_ouro_btc__max_sharpe,217.59812379014753
2017-09-30,etfs_com_ouro_btc__max_sharpe,219.16150785294013
2017-10-31,etfs_com_ouro_btc__max_sharpe,239.68603737356494
2017-11-30,etfs_com_ouro_btc__max_sharpe,250.22587427868953
2017-12-31,etfs_com_ouro_btc__max_sharpe,272.8202963054346
2018-01-31,etfs_com_ouro_btc__max_sharpe,271.8494894650169
2018-02-28,etfs_com_ouro_btc__max_sharpe,268.8710342431388
2018-03-31,etfs_com_ouro_btc__max_sharpe,263.6898785959592
2018-04-30,etfs_com_ouro_btc__max_sharpe,281.74654371703673
2018-05-31,etfs_com_ouro_btc__max_sharpe,285.0527978947179
2018-06-30,etfs_com_ouro_btc__max_sharpe,282.34543656422653
2018-07-31,etfs_com_ouro_btc__max_sharpe,289.87562911094983
2018-08-31,etfs_com_ouro_btc__max_sharpe,307.7483587334287
2018-09-30,etfs_com_ouro_btc__max_sharpe,298.10968421754825
2018-10-31,etfs_com_ouro_btc__max_sharpe,268.7346801212801
2018-11-30,etfs_com_ouro_btc__max_sharpe,273.16886415053995
2018-12-31,etfs_com_ouro_btc__max_sharpe,265.06982003616514
2019-01-31,etfs_com_ouro_btc__max_sharpe,272.0398715908155
2019-02-28,etfs_com_ouro_btc__max_sharpe,279.2379661599164
2019-03-31,etfs_com_ouro_btc__max_sharpe,293.30755354001366
2019-04-30,etfs_com_ouro_btc__max_sharpe,310.3267932606348
2019-05-31,etfs_com_ouro_btc__max_sharpe,322.04952539006115
2019-06-30,etfs_com_ouro_btc__max_sharpe,338.29913676866556
2019-07-31,etfs_com_ouro_btc__max_sharpe,334.05636334845326
2019-08-31,etfs_com_ouro_btc__max_sharpe,350.7749033023148
2019-09-30,etfs_com_ouro_btc__max_sharpe,350.7940472841078
2019-10-31,etfs_com_ouro_btc__max_sharpe,351.065783766465
2019-11-30,etfs_com_ouro_btc__max_sharpe,363.91445340077064
2019-12-31,etfs_com_ouro_btc__max_sharpe,369.67722805534584
2020-01-31,etfs_com_ouro_btc__max_sharpe,391.2948552661682
2020-02-29,etfs_com_ouro_btc__max_sharpe,383.6619681971725
2020-03-31,etfs_com_ouro_btc__max_sharpe,352.5103651228463
2020-04-30,etfs_com_ouro_btc__max_sharpe,408.35127955249504
2020-05-31,etfs_com_ouro_btc__max_sharpe,436.44682398542204
2020-06-30,etfs_com_ouro_btc__max_sharpe,461.3825297389429
2020-07-31,etfs_com_ouro_btc__max_sharpe,483.5139704642736
2020-08-31,etfs_com_ouro_btc__max_sharpe,511.65432916383946
2020-09-30,etfs_com_ouro_btc__max_sharpe,509.0306181467604
2020-10-31,etfs_com_ouro_btc__max_sharpe,528.7512943453636
2020-11-30,etfs_com_ouro_btc__max_sharpe,570.6947228099132
2020-12-31,etfs_com_ouro_btc__max_sharpe,619.3626315245264
2021-01-31,etfs_com_ouro_btc__max_sharpe,646.6496825606131
2021-02-28,etfs_com_ouro_btc__max_sharpe,682.6309473956757
2021-03-31,etfs_com_ouro_btc__max_sharpe,745.0800645971592
2021-04-30,etfs_com_ouro_btc__max_sharpe,719.5584847628207
2021-05-31,etfs_com_ouro_btc__max_sharpe,701.9110619042198
2021-06-30,etfs_com_ouro_btc__max_sharpe,667.7354441229053
2021-07-31,etfs_com_ouro_btc__max_sharpe,687.6503637726784
2021-08-31,etfs_com_ouro_btc__max_sharpe,719.6258039503915
2021-09-30,etfs_com_ouro_btc__max_sharpe,708.5248155805392
2021-10-31,etfs_com_ouro_btc__max_sharpe,765.2510588657158
2021-11-30,etfs_com_ouro_btc__max_sharpe,738.4477894190263
2021-12-31,etfs_com_ouro_btc__max_sharpe,745.1543553164529
2022-01-31,etfs_com_ouro_btc__max_sharpe,706.6104948968257
2022-02-28,etfs_com_ouro_btc__max_sharpe,688.7893101211272
2022-03-31,etfs_com_ouro_btc__max_sharpe,669.0794771096778
2022-04-30,etfs_com_ouro_btc__max_sharpe,625.3025922296061
2022-05-31,etfs_com_ouro_btc__max_sharpe,602.8832112282889
2022-06-30,etfs_com_ouro_btc__max_sharpe,566.4532322826792
2022-07-31,etfs_com_ouro_btc__max_sharpe,600.4957658040977
2022-08-31,etfs_com_ouro_btc__max_sharpe,585.2575032761754
2022-09-30,etfs_com_ouro_btc__max_sharpe,568.7118386686307
2022-10-31,etfs_com_ouro_btc__max_sharpe,581.917471335003
2022-11-30,etfs_com_ouro_btc__max_sharpe,612.3010725283688
2022-12-31,etfs_com_ouro_btc__max_sharpe,597.0766763110558
2023-01-31,etfs_com_ouro_btc__max_sharpe,647.7259449620941
2023-02-28,etfs_com_ouro_btc__max_sharpe,626.8539781221897
2023-03-31,etfs_com_ouro_btc__max_sharpe,647.1196808945922
2023-04-30,etfs_com_ouro_btc__max_sharpe,641.6266343408363
2023-05-31,etfs_com_ouro_btc__max_sharpe,650.9079171411134
2023-06-30,etfs_com_ouro_btc__max_sharpe,671.2537595927568
2023-07-31,etfs_com_ouro_btc__max_sharpe,675.2189462515687
2023-08-31,etfs_com_ouro_btc__max_sharpe,660.5093442906639
2023-09-30,etfs_com_ouro_btc__max_sharpe,656.3061618389198
2023-10-31,etfs_com_ouro_btc__max_sharpe,661.0168774654818
2023-11-30,etfs_com_ouro_btc__max_sharpe,712.8175971020363
2023-12-31,etfs_com_ouro_btc__max_sharpe,745.6375888955414
2024-01-31,etfs_com_ouro_btc__max_sharpe,741.7393374601243
2024-02-29,etfs_com_ouro_btc__max_sharpe,790.4474468249535
2024-03-31,etfs_com_ouro_btc__max_sharpe,832.1863667567625
2024-04-30,etfs_com_ouro_btc__max_sharpe,823.2345555333088
2024-05-31,etfs_com_ouro_btc__max_sharpe,864.6569330597802
2024-06-30,etfs_com_ouro_btc__max_sharpe,904.9190652356846
2024-07-31,etfs_com_ouro_btc__max_sharpe,935.2769315497922
2024-08-31,etfs_com_ouro_btc__max_sharpe,957.1663334993442
2024-09-30,etfs_com_ouro_btc__max_sharpe,950.5449640270818
2024-10-31,etfs_com_ouro_btc__max_sharpe,1000.3550476809055
2024-11-30,etfs_com_ouro_btc__max_sharpe,1078.8200046885813
2024-12-31,etfs_com_ouro_btc__max_sharpe,1071.4977755598231
2025-01-31,etfs_com_ouro_btc__max_sharpe,1074.1328283526136
2025-02-28,etfs_com_ouro_btc__max_sharpe,1045.846535218268
2025-03-31,etfs_com_ouro_btc__max_sharpe,1041.980968761411
2025-04-30,etfs_com_ouro_btc__max_sharpe,1064.4929168577698
2025-05-31,etfs_com_ouro_btc__max_sharpe,1131.857628112702
2025-06-30,etfs_com_ouro_btc__max_sharpe,1138.8429992876577
2025-07-31,etfs_com_ouro_btc__max_sharpe,1154.144596126073
2025-08-31,etfs_com_ouro_btc__max_sharpe,1152.8992055490312
2025-09-30,etfs_com_ouro_btc__max_sharpe,1184.3995071371749
2025-10-31,etfs_com_ouro_btc__max_sharpe,1239.8746251001605
2025-11-30,etfs_com_ouro_btc__max_sharpe,1230.7897164515603
2025-12-31,etfs_com_ouro_btc__max_sharpe,1263.179595630191
2026-01-31,etfs_com_ouro_btc__max_sharpe,1281.5296048821242
2026-02-28,etfs_com_ouro_btc__max_sharpe,1296.4219120989449
2026-03-31,etfs_com_ouro_btc__max_sharpe,1254.1529397189536
2026-04-30,etfs_com_ouro_btc__max_sharpe,1278.2226913801583
2015-02-28,etfs_com_btc_petroleo__max_sharpe,117.42675420113322
2015-03-31,etfs_com_btc_petroleo__max_sharpe,126.12019410804136
2015-04-30,etfs_com_btc_petroleo__max_sharpe,122.56364061608527
2015-05-31,etfs_com_btc_petroleo__max_sharpe,127.1483986190342
2015-06-30,etfs_com_btc_petroleo__max_sharpe,124.66374520227883
2015-07-31,etfs_com_btc_petroleo__max_sharpe,130.1282770902537
2015-08-31,etfs_com_btc_petroleo__max_sharpe,125.51064409044201
2015-09-30,etfs_com_btc_petroleo__max_sharpe,134.74719567673245
2015-10-31,etfs_com_btc_petroleo__max_sharpe,142.38987731206217
2015-11-30,etfs_com_btc_petroleo__max_sharpe,142.23599562247202
2015-12-31,etfs_com_btc_petroleo__max_sharpe,143.21353010308192
2016-01-31,etfs_com_btc_petroleo__max_sharpe,136.2655589671101
2016-02-29,etfs_com_btc_petroleo__max_sharpe,136.94405967981098
2016-03-31,etfs_com_btc_petroleo__max_sharpe,137.3400040855153
2016-04-30,etfs_com_btc_petroleo__max_sharpe,137.70871769307107
2016-05-31,etfs_com_btc_petroleo__max_sharpe,141.62500259541667
2016-06-30,etfs_com_btc_petroleo__max_sharpe,137.79676152468548
2016-07-31,etfs_com_btc_petroleo__max_sharpe,145.3539834519105
2016-08-31,etfs_com_btc_petroleo__max_sharpe,143.2555711369945
2016-09-30,etfs_com_btc_petroleo__max_sharpe,147.86455591127606
2016-10-31,etfs_com_btc_petroleo__max_sharpe,149.1798415877527
2016-11-30,etfs_com_btc_petroleo__max_sharpe,156.52119360407764
2016-12-31,etfs_com_btc_petroleo__max_sharpe,153.64958125008252
2017-01-31,etfs_com_btc_petroleo__max_sharpe,156.64533150989018
2017-02-28,etfs_com_btc_petroleo__max_sharpe,163.11704726370345
2017-03-31,etfs_com_btc_petroleo__max_sharpe,165.71359882890647
2017-04-30,etfs_com_btc_petroleo__max_sharpe,173.65266824683525
2017-05-31,etfs_com_btc_petroleo__max_sharpe,191.56802671863392
2017-06-30,etfs_com_btc_petroleo__max_sharpe,195.68604832093604
2017-07-31,etfs_com_btc_petroleo__max_sharpe,200.0012535983363
2017-08-31,etfs_com_btc_petroleo__max_sharpe,215.32636027051316
2017-09-30,etfs_com_btc_petroleo__max_sharpe,218.53784464983508
2017-10-31,etfs_com_btc_petroleo__max_sharpe,240.0238874247315
2017-11-30,etfs_com_btc_petroleo__max_sharpe,251.12895415242892
2017-12-31,etfs_com_btc_petroleo__max_sharpe,274.1501122037352
2018-01-31,etfs_com_btc_petroleo__max_sharpe,274.2077605078796
2018-02-28,etfs_com_btc_petroleo__max_sharpe,270.57851983627114
2018-03-31,etfs_com_btc_petroleo__max_sharpe,265.82443827816337
2018-04-30,etfs_com_btc_petroleo__max_sharpe,284.69811557233913
2018-05-31,etfs_com_btc_petroleo__max_sharpe,287.9562726731605
2018-06-30,etfs_com_btc_petroleo__max_sharpe,287.4806291881953
2018-07-31,etfs_com_btc_petroleo__max_sharpe,295.9199838681086
2018-08-31,etfs_com_btc_petroleo__max_sharpe,315.2341668097914
2018-09-30,etfs_com_btc_petroleo__max_sharpe,306.3924007964237
2018-10-31,etfs_com_btc_petroleo__max_sharpe,273.0087233025775
2018-11-30,etfs_com_btc_petroleo__max_sharpe,274.79810016356583
2018-12-31,etfs_com_btc_petroleo__max_sharpe,263.091078069955
2019-01-31,etfs_com_btc_petroleo__max_sharpe,272.49925953825624
2019-02-28,etfs_com_btc_petroleo__max_sharpe,280.7818892943957
2019-03-31,etfs_com_btc_petroleo__max_sharpe,296.2953985059015
2019-04-30,etfs_com_btc_petroleo__max_sharpe,314.9215737178321
2019-05-31,etfs_com_btc_petroleo__max_sharpe,323.1469234848107
2019-06-30,etfs_com_btc_petroleo__max_sharpe,339.51227459087494
2019-07-31,etfs_com_btc_petroleo__max_sharpe,335.4886589767341
2019-08-31,etfs_com_btc_petroleo__max_sharpe,347.29740234473
2019-09-30,etfs_com_btc_petroleo__max_sharpe,348.82594912813346
2019-10-31,etfs_com_btc_petroleo__max_sharpe,348.68931519364577
2019-11-30,etfs_com_btc_petroleo__max_sharpe,363.8257600897403
2019-12-31,etfs_com_btc_petroleo__max_sharpe,371.0696442653874
2020-01-31,etfs_com_btc_petroleo__max_sharpe,387.61693864246763
2020-02-29,etfs_com_btc_petroleo__max_sharpe,376.52221851789733
2020-03-31,etfs_com_btc_petroleo__max_sharpe,331.4724641306957
2020-04-30,etfs_com_btc_petroleo__max_sharpe,377.1718119113908
2020-05-31,etfs_com_btc_petroleo__max_sharpe,409.4456884066841
2020-06-30,etfs_com_btc_petroleo__max_sharpe,434.4557229706112
2020-07-31,etfs_com_btc_petroleo__max_sharpe,453.42744994211967
2020-08-31,etfs_com_btc_petroleo__max_sharpe,481.7167980140211
2020-09-30,etfs_com_btc_petroleo__max_sharpe,478.84427575219706
2020-10-31,etfs_com_btc_petroleo__max_sharpe,495.0036015288342
2020-11-30,etfs_com_btc_petroleo__max_sharpe,544.5402574973384
2020-12-31,etfs_com_btc_petroleo__max_sharpe,590.6018067294135
2021-01-31,etfs_com_btc_petroleo__max_sharpe,620.3876535323366
2021-02-28,etfs_com_btc_petroleo__max_sharpe,664.9363194461115
2021-03-31,etfs_com_btc_petroleo__max_sharpe,727.0858630000952
2021-04-30,etfs_com_btc_petroleo__max_sharpe,704.0214608973585
2021-05-31,etfs_com_btc_petroleo__max_sharpe,682.9415441728403
2021-06-30,etfs_com_btc_petroleo__max_sharpe,657.9488841029898
2021-07-31,etfs_com_btc_petroleo__max_sharpe,676.7374835448932
2021-08-31,etfs_com_btc_petroleo__max_sharpe,708.4784320576008
2021-09-30,etfs_com_btc_petroleo__max_sharpe,700.8343118921363
2021-10-31,etfs_com_btc_petroleo__max_sharpe,760.1345634896472
2021-11-30,etfs_com_btc_petroleo__max_sharpe,727.9662947395254
2021-12-31,etfs_com_btc_petroleo__max_sharpe,738.7875225301441
2022-01-31,etfs_com_btc_petroleo__max_sharpe,705.1724220692253
2022-02-28,etfs_com_btc_petroleo__max_sharpe,685.1859649906407
2022-03-31,etfs_com_btc_petroleo__max_sharpe,668.5053599047657
2022-04-30,etfs_com_btc_petroleo__max_sharpe,623.9426620780526
2022-05-31,etfs_com_btc_petroleo__max_sharpe,606.5560203328434
2022-06-30,etfs_com_btc_petroleo__max_sharpe,565.0706359670968
2022-07-31,etfs_com_btc_petroleo__max_sharpe,602.0249259544433
2022-08-31,etfs_com_btc_petroleo__max_sharpe,586.3875390699233
2022-09-30,etfs_com_btc_petroleo__max_sharpe,565.295953314972
2022-10-31,etfs_com_btc_petroleo__max_sharpe,583.1648365744277
2022-11-30,etfs_com_btc_petroleo__max_sharpe,611.52734467823
2022-12-31,etfs_com_btc_petroleo__max_sharpe,592.9907350332984
2023-01-31,etfs_com_btc_petroleo__max_sharpe,642.8780789586838
2023-02-28,etfs_com_btc_petroleo__max_sharpe,623.8130804981688
2023-03-31,etfs_com_btc_petroleo__max_sharpe,639.8093356020162
2023-04-30,etfs_com_btc_petroleo__max_sharpe,634.2623744506964
2023-05-31,etfs_com_btc_petroleo__max_sharpe,642.1819066502296
2023-06-30,etfs_com_btc_petroleo__max_sharpe,667.2299809870274
2023-07-31,etfs_com_btc_petroleo__max_sharpe,675.0696189158111
2023-08-31,etfs_com_btc_petroleo__max_sharpe,661.1690867215004
2023-09-30,etfs_com_btc_petroleo__max_sharpe,660.5726535148548
2023-10-31,etfs_com_btc_petroleo__max_sharpe,657.1622018791817
2023-11-30,etfs_com_btc_petroleo__max_sharpe,709.9927378759197
2023-12-31,etfs_com_btc_petroleo__max_sharpe,742.1098736047584
2024-01-31,etfs_com_btc_petroleo__max_sharpe,741.4993196744239
2024-02-29,etfs_com_btc_petroleo__max_sharpe,792.2552470269958
2024-03-31,etfs_com_btc_petroleo__max_sharpe,831.7939292751587
2024-04-30,etfs_com_btc_petroleo__max_sharpe,819.1077693589622
2024-05-31,etfs_com_btc_petroleo__max_sharpe,860.0443472665681
2024-06-30,etfs_com_btc_petroleo__max_sharpe,904.12982496418
2024-07-31,etfs_com_btc_petroleo__max_sharpe,928.6174088407089
2024-08-31,etfs_com_btc_petroleo__max_sharpe,948.5573106048726
2024-09-30,etfs_com_btc_petroleo__max_sharpe,935.5749349835921
2024-10-31,etfs_com_btc_petroleo__max_sharpe,983.0003338563049
2024-11-30,etfs_com_btc_petroleo__max_sharpe,1064.9605028756714
2024-12-31,etfs_com_btc_petroleo__max_sharpe,1061.2202639303907
2025-01-31,etfs_com_btc_petroleo__max_sharpe,1059.6636323770679
2025-02-28,etfs_com_btc_petroleo__max_sharpe,1027.1061408232124
2025-03-31,etfs_com_btc_petroleo__max_sharpe,1012.172999080742
2025-04-30,etfs_com_btc_petroleo__max_sharpe,1021.2042896282268
2025-05-31,etfs_com_btc_petroleo__max_sharpe,1092.673725413178
2025-06-30,etfs_com_btc_petroleo__max_sharpe,1105.9630716563952
2025-07-31,etfs_com_btc_petroleo__max_sharpe,1126.7001714720038
2025-08-31,etfs_com_btc_petroleo__max_sharpe,1117.6894643343962
2025-09-30,etfs_com_btc_petroleo__max_sharpe,1136.031938057213
2025-10-31,etfs_com_btc_petroleo__max_sharpe,1189.5638987955672
2025-11-30,etfs_com_btc_petroleo__max_sharpe,1172.7692297105611
2025-12-31,etfs_com_btc_petroleo__max_sharpe,1200.027919611792
2026-01-31,etfs_com_btc_petroleo__max_sharpe,1213.9616700611275
2026-02-28,etfs_com_btc_petroleo__max_sharpe,1220.396545219968
2026-03-31,etfs_com_btc_petroleo__max_sharpe,1222.6952424204333
2026-04-30,etfs_com_btc_petroleo__max_sharpe,1246.8292825761735
2015-02-28,etfs_com_btc__max_sharpe,117.6339004826841
2015-03-31,etfs_com_btc__max_sharpe,126.7089437020393
2015-04-30,etfs_com_btc__max_sharpe,122.16286958529732
2015-05-31,etfs_com_btc__max_sharpe,126.7223047651593
2015-06-30,etfs_com_btc__max_sharpe,124.22348113626902
2015-07-31,etfs_com_btc__max_sharpe,130.86191217915504
2015-08-31,etfs_com_btc__max_sharpe,125.74650427806785
2015-09-30,etfs_com_btc__max_sharpe,135.10372944374626
2015-10-31,etfs_com_btc__max_sharpe,143.46903103099663
2015-11-30,etfs_com_btc__max_sharpe,144.04386326772064
2015-12-31,etfs_com_btc__max_sharpe,145.8476464923386
2016-01-31,etfs_com_btc__max_sharpe,139.21833863335004
2016-02-29,etfs_com_btc__max_sharpe,140.48866849714145
2016-03-31,etfs_com_btc__max_sharpe,140.88534645017435
2016-04-30,etfs_com_btc__max_sharpe,140.43796079633765
2016-05-31,etfs_com_btc__max_sharpe,144.13768257477045
2016-06-30,etfs_com_btc__max_sharpe,140.62490340288997
2016-07-31,etfs_com_btc__max_sharpe,149.58694752776015
2016-08-31,etfs_com_btc__max_sharpe,147.02563536759698
2016-09-30,etfs_com_btc__max_sharpe,151.49544204740747
2016-10-31,etfs_com_btc__max_sharpe,153.0615815709609
2016-11-30,etfs_com_btc__max_sharpe,160.33585174715978
2016-12-31,etfs_com_btc__max_sharpe,157.02385234505962
2017-01-31,etfs_com_btc__max_sharpe,160.697755235086
2017-02-28,etfs_com_btc__max_sharpe,167.52085082677283
2017-03-31,etfs_com_btc__max_sharpe,170.86138452410898
2017-04-30,etfs_com_btc__max_sharpe,179.4353610620733
2017-05-31,etfs_com_btc__max_sharpe,198.34691551511497
2017-06-30,etfs_com_btc__max_sharpe,202.9743669223351
2017-07-31,etfs_com_btc__max_sharpe,206.9801251031798
2017-08-31,etfs_com_btc__max_sharpe,223.5210830188739
2017-09-30,etfs_com_btc__max_sharpe,226.35821271071768
2017-10-31,etfs_com_btc__max_sharpe,248.24403130680608
2017-11-30,etfs_com_btc__max_sharpe,259.412342120683
2017-12-31,etfs_com_btc__max_sharpe,283.09537728704356
2018-01-31,etfs_com_btc__max_sharpe,282.9649138809802
2018-02-28,etfs_com_btc__max_sharpe,279.3901262101403
2018-03-31,etfs_com_btc__max_sharpe,273.36360086282576
2018-04-30,etfs_com_btc__max_sharpe,292.03303490285776
2018-05-31,etfs_com_btc__max_sharpe,295.0819118401017
2018-06-30,etfs_com_btc__max_sharpe,292.68395524906293
2018-07-31,etfs_com_btc__max_sharpe,302.66781352585025
2018-08-31,etfs_com_btc__max_sharpe,321.61748915529205
2018-09-30,etfs_com_btc__max_sharpe,311.97339405381774
2018-10-31,etfs_com_btc__max_sharpe,278.9393657980626
2018-11-30,etfs_com_btc__max_sharpe,283.8849800351427
2018-12-31,etfs_com_btc__max_sharpe,272.0976023973049
2019-01-31,etfs_com_btc__max_sharpe,281.1398401632578
2019-02-28,etfs_com_btc__max_sharpe,289.2754907543849
2019-03-31,etfs_com_btc__max_sharpe,304.66160574647694
2019-04-30,etfs_com_btc__max_sharpe,323.10385271628803
2019-05-31,etfs_com_btc__max_sharpe,333.66946976988805
2019-06-30,etfs_com_btc__max_sharpe,350.7246493633422
2019-07-31,etfs_com_btc__max_sharpe,346.84421866849175
2019-08-31,etfs_com_btc__max_sharpe,358.19189002053713
2019-09-30,etfs_com_btc__max_sharpe,360.23198070043225
2019-10-31,etfs_com_btc__max_sharpe,360.29952422598
2019-11-30,etfs_com_btc__max_sharpe,376.21491894671755
2019-12-31,etfs_com_btc__max_sharpe,383.14835278986743
2020-01-31,etfs_com_btc__max_sharpe,402.74977281492374
2020-02-29,etfs_com_btc__max_sharpe,391.9565398865388
2020-03-31,etfs_com_btc__max_sharpe,352.3400955918867
2020-04-30,etfs_com_btc__max_sharpe,409.8617956169946
2020-05-31,etfs_com_btc__max_sharpe,439.99807080386717
2020-06-30,etfs_com_btc__max_sharpe,466.1894636018679
2020-07-31,etfs_com_btc__max_sharpe,487.44089983449294
2020-08-31,etfs_com_btc__max_sharpe,517.3751157243752
2020-09-30,etfs_com_btc__max_sharpe,514.7186170639912
2020-10-31,etfs_com_btc__max_sharpe,534.2124796551416
2020-11-30,etfs_com_btc__max_sharpe,585.9990849370411
2020-12-31,etfs_com_btc__max_sharpe,635.1773317889837
2021-01-31,etfs_com_btc__max_sharpe,664.4339029073939
2021-02-28,etfs_com_btc__max_sharpe,707.4167090135702
2021-03-31,etfs_com_btc__max_sharpe,775.0432181805729
2021-04-30,etfs_com_btc__max_sharpe,750.0821550920832
2021-05-31,etfs_com_btc__max_sharpe,726.6018571389192
2021-06-30,etfs_com_btc__max_sharpe,697.6902789895074
2021-07-31,etfs_com_btc__max_sharpe,717.4779359204595
2021-08-31,etfs_com_btc__max_sharpe,754.7611585572515
2021-09-30,etfs_com_btc__max_sharpe,741.0356063605135
2021-10-31,etfs_com_btc__max_sharpe,801.6259341610629
2021-11-30,etfs_com_btc__max_sharpe,772.1731542011198
2021-12-31,etfs_com_btc__max_sharpe,780.9473095182798
2022-01-31,etfs_com_btc__max_sharpe,739.3727095251646
2022-02-28,etfs_com_btc__max_sharpe,715.5822489430717
2022-03-31,etfs_com_btc__max_sharpe,697.2301188083551
2022-04-30,etfs_com_btc__max_sharpe,646.3138515424937
2022-05-31,etfs_com_btc__max_sharpe,625.2048105949978
2022-06-30,etfs_com_btc__max_sharpe,580.5203520371064
2022-07-31,etfs_com_btc__max_sharpe,621.7218685298462
2022-08-31,etfs_com_btc__max_sharpe,607.447758790213
2022-09-30,etfs_com_btc__max_sharpe,586.5473011285625
2022-10-31,etfs_com_btc__max_sharpe,604.7026625808682
2022-11-30,etfs_com_btc__max_sharpe,635.7144568667625
2022-12-31,etfs_com_btc__max_sharpe,615.6757620733681
2023-01-31,etfs_com_btc__max_sharpe,670.3888357235054
2023-02-28,etfs_com_btc__max_sharpe,650.4087009192772
2023-03-31,etfs_com_btc__max_sharpe,668.0540668708625
2023-04-30,etfs_com_btc__max_sharpe,662.2014759144018
2023-05-31,etfs_com_btc__max_sharpe,674.0421368735056
2023-06-30,etfs_com_btc__max_sharpe,701.7005392197051
2023-07-31,etfs_com_btc__max_sharpe,706.3093962032459
2023-08-31,etfs_com_btc__max_sharpe,690.3608220486452
2023-09-30,etfs_com_btc__max_sharpe,685.0573593283434
2023-10-31,etfs_com_btc__max_sharpe,682.5453775027357
2023-11-30,etfs_com_btc__max_sharpe,743.9939290923202
2023-12-31,etfs_com_btc__max_sharpe,780.7301167603155
2024-01-31,etfs_com_btc__max_sharpe,778.0958040152641
2024-02-29,etfs_com_btc__max_sharpe,830.8846720541727
2024-03-31,etfs_com_btc__max_sharpe,871.2377398887188
2024-04-30,etfs_com_btc__max_sharpe,857.4184988604034
2024-05-31,etfs_com_btc__max_sharpe,904.089977756065
2024-06-30,etfs_com_btc__max_sharpe,947.4224792953121
2024-07-31,etfs_com_btc__max_sharpe,974.5205616679679
2024-08-31,etfs_com_btc__max_sharpe,999.7813099750624
2024-09-30,etfs_com_btc__max_sharpe,989.4036874755143
2024-10-31,etfs_com_btc__max_sharpe,1038.1081118949257
2024-11-30,etfs_com_btc__max_sharpe,1129.0050488001343
2024-12-31,etfs_com_btc__max_sharpe,1120.8862657049626
2025-01-31,etfs_com_btc__max_sharpe,1119.605320654257
2025-02-28,etfs_com_btc__max_sharpe,1085.8658648909623
2025-03-31,etfs_com_btc__max_sharpe,1067.053552589505
2025-04-30,etfs_com_btc__max_sharpe,1085.8655530805843
2025-05-31,etfs_com_btc__max_sharpe,1161.9959507008755
2025-06-30,etfs_com_btc__max_sharpe,1172.755527323209
2025-07-31,etfs_com_btc__max_sharpe,1190.0613157827217
2025-08-31,etfs_com_btc__max_sharpe,1184.3149304126741
2025-09-30,etfs_com_btc__max_sharpe,1204.1295689056058
2025-10-31,etfs_com_btc__max_sharpe,1267.5980536161712
2025-11-30,etfs_com_btc__max_sharpe,1251.0768578643708
2025-12-31,etfs_com_btc__max_sharpe,1281.2603003630163
2026-01-31,etfs_com_btc__max_sharpe,1290.363333790368
2026-02-28,etfs_com_btc__max_sharpe,1294.008857567931
2026-03-31,etfs_com_btc__max_sharpe,1261.86795727835
2026-04-30,etfs_com_btc__max_sharpe,1291.4028145483212
2015-02-28,etfs_com_ouro_petroleo__max_sharpe,115.05929343085208
2015-03-31,etfs_com_ouro_petroleo__max_sharpe,124.06825567966114
2015-04-30,etfs_com_ouro_petroleo__max_sharpe,120.73225540727645
2015-05-31,etfs_com_ouro_petroleo__max_sharpe,125.55407812825037
2015-06-30,etfs_com_ouro_petroleo__max_sharpe,121.09217513036133
2015-07-31,etfs_com_ouro_petroleo__max_sharpe,124.62818495829488
2015-08-31,etfs_com_ouro_petroleo__max_sharpe,123.36089568414417
2015-09-30,etfs_com_ouro_petroleo__max_sharpe,131.5952810560688
2015-10-31,etfs_com_ouro_petroleo__max_sharpe,135.84453724241695
2015-11-30,etfs_com_ouro_petroleo__max_sharpe,132.10370065475615
2015-12-31,etfs_com_ouro_petroleo__max_sharpe,131.17519335349763
2016-01-31,etfs_com_ouro_petroleo__max_sharpe,127.54492458732163
2016-02-29,etfs_com_ouro_petroleo__max_sharpe,127.42741328776329
2016-03-31,etfs_com_ouro_petroleo__max_sharpe,128.12212938590636
2016-04-30,etfs_com_ouro_petroleo__max_sharpe,128.28054606217677
2016-05-31,etfs_com_ouro_petroleo__max_sharpe,128.6115420146714
2016-06-30,etfs_com_ouro_petroleo__max_sharpe,123.1522708414852
2016-07-31,etfs_com_ouro_petroleo__max_sharpe,131.12472246469355
2016-08-31,etfs_com_ouro_petroleo__max_sharpe,129.73817066923158
2016-09-30,etfs_com_ouro_petroleo__max_sharpe,133.25960273524797
2016-10-31,etfs_com_ouro_petroleo__max_sharpe,132.0986987134666
2016-11-30,etfs_com_ouro_petroleo__max_sharpe,136.45951480328537
2016-12-31,etfs_com_ouro_petroleo__max_sharpe,129.9137194213186
2017-01-31,etfs_com_ouro_petroleo__max_sharpe,133.2395163069072
2017-02-28,etfs_com_ouro_petroleo__max_sharpe,136.3106542966062
2017-03-31,etfs_com_ouro_petroleo__max_sharpe,139.97452612033365
2017-04-30,etfs_com_ouro_petroleo__max_sharpe,143.3440415457863
2017-05-31,etfs_com_ouro_petroleo__max_sharpe,148.1037764603476
2017-06-30,etfs_com_ouro_petroleo__max_sharpe,149.5426058718977
2017-07-31,etfs_com_ouro_petroleo__max_sharpe,150.74821621578315
2017-08-31,etfs_com_ouro_petroleo__max_sharpe,153.41105183600706
2017-09-30,etfs_com_ouro_petroleo__max_sharpe,156.60612910990187
2017-10-31,etfs_com_ouro_petroleo__max_sharpe,163.77303917870606
2017-11-30,etfs_com_ouro_petroleo__max_sharpe,162.04263233106423
2017-12-31,etfs_com_ouro_petroleo__max_sharpe,171.20435363237033
2018-01-31,etfs_com_ouro_petroleo__max_sharpe,176.36427125399138
2018-02-28,etfs_com_ouro_petroleo__max_sharpe,173.42989271123136
2018-03-31,etfs_com_ouro_petroleo__max_sharpe,176.00260700034525
2018-04-30,etfs_com_ouro_petroleo__max_sharpe,182.23110608218204
2018-05-31,etfs_com_ouro_petroleo__max_sharpe,187.18384496275618
2018-06-30,etfs_com_ouro_petroleo__max_sharpe,188.43891660018153
2018-07-31,etfs_com_ouro_petroleo__max_sharpe,190.01171691803722
2018-08-31,etfs_com_ouro_petroleo__max_sharpe,203.38768064832058
2018-09-30,etfs_com_ouro_petroleo__max_sharpe,198.71202656893954
2018-10-31,etfs_com_ouro_petroleo__max_sharpe,178.517851107919
2018-11-30,etfs_com_ouro_petroleo__max_sharpe,186.96669129218694
2018-12-31,etfs_com_ouro_petroleo__max_sharpe,181.06685148437026
2019-01-31,etfs_com_ouro_petroleo__max_sharpe,189.69987672160016
2019-02-28,etfs_com_ouro_petroleo__max_sharpe,193.12278482572708
2019-03-31,etfs_com_ouro_petroleo__max_sharpe,201.87051244241508
2019-04-30,etfs_com_ouro_petroleo__max_sharpe,207.74400731154108
2019-05-31,etfs_com_ouro_petroleo__max_sharpe,201.8354643841344
2019-06-30,etfs_com_ouro_petroleo__max_sharpe,208.92101639340325
2019-07-31,etfs_com_ouro_petroleo__max_sharpe,207.8291968840877
2019-08-31,etfs_com_ouro_petroleo__max_sharpe,216.48643113328387
2019-09-30,etfs_com_ouro_petroleo__max_sharpe,219.67849629838784
2019-10-31,etfs_com_ouro_petroleo__max_sharpe,217.40140596936035
2019-11-30,etfs_com_ouro_petroleo__max_sharpe,230.49975161736972
2019-12-31,etfs_com_ouro_petroleo__max_sharpe,237.16276309851847
2020-01-31,etfs_com_ouro_petroleo__max_sharpe,241.8003709738825
2020-02-29,etfs_com_ouro_petroleo__max_sharpe,236.51020075825934
2020-03-31,etfs_com_ouro_petroleo__max_sharpe,215.2319387255631
2020-04-30,etfs_com_ouro_petroleo__max_sharpe,239.8953531534662
2020-05-31,etfs_com_ouro_petroleo__max_sharpe,259.2125203715526
2020-06-30,etfs_com_ouro_petroleo__max_sharpe,276.64855557557473
2020-07-31,etfs_com_ouro_petroleo__max_sharpe,285.4013398498535
2020-08-31,etfs_com_ouro_petroleo__max_sharpe,301.95873805602787
2020-09-30,etfs_com_ouro_petroleo__max_sharpe,300.67943077769667
2020-10-31,etfs_com_ouro_petroleo__max_sharpe,302.44884172828455
2020-11-30,etfs_com_ouro_petroleo__max_sharpe,319.70950251504587
2020-12-31,etfs_com_ouro_petroleo__max_sharpe,333.91972158217527
2021-01-31,etfs_com_ouro_petroleo__max_sharpe,343.84943000564647
2021-02-28,etfs_com_ouro_petroleo__max_sharpe,352.9583418059238
2021-03-31,etfs_com_ouro_petroleo__max_sharpe,374.11100858527743
2021-04-30,etfs_com_ouro_petroleo__max_sharpe,363.8048961511702
2021-05-31,etfs_com_ouro_petroleo__max_sharpe,368.4849263385649
2021-06-30,etfs_com_ouro_petroleo__max_sharpe,354.2645756073631
2021-07-31,etfs_com_ouro_petroleo__max_sharpe,358.62088640395984
2021-08-31,etfs_com_ouro_petroleo__max_sharpe,372.14957247536995
2021-09-30,etfs_com_ouro_petroleo__max_sharpe,368.7782222730196
2021-10-31,etfs_com_ouro_petroleo__max_sharpe,384.8038938295203
2021-11-30,etfs_com_ouro_petroleo__max_sharpe,370.32135067414896
2021-12-31,etfs_com_ouro_petroleo__max_sharpe,383.9134714563718
2022-01-31,etfs_com_ouro_petroleo__max_sharpe,371.52550671908494
2022-02-28,etfs_com_ouro_petroleo__max_sharpe,358.9766533066236
2022-03-31,etfs_com_ouro_petroleo__max_sharpe,349.4842817534666
2022-04-30,etfs_com_ouro_petroleo__max_sharpe,331.07063844620274
2022-05-31,etfs_com_ouro_petroleo__max_sharpe,325.16705945158367
2022-06-30,etfs_com_ouro_petroleo__max_sharpe,315.1199852350957
2022-07-31,etfs_com_ouro_petroleo__max_sharpe,330.21924061577204
2022-08-31,etfs_com_ouro_petroleo__max_sharpe,326.027122351985
2022-09-30,etfs_com_ouro_petroleo__max_sharpe,315.1504243557337
2022-10-31,etfs_com_ouro_petroleo__max_sharpe,323.3502386000031
2022-11-30,etfs_com_ouro_petroleo__max_sharpe,346.53320579754705
2022-12-31,etfs_com_ouro_petroleo__max_sharpe,339.0252159969521
2023-01-31,etfs_com_ouro_petroleo__max_sharpe,357.34873590307427
2023-02-28,etfs_com_ouro_petroleo__max_sharpe,344.89215907813025
2023-03-31,etfs_com_ouro_petroleo__max_sharpe,348.406490693874
2023-04-30,etfs_com_ouro_petroleo__max_sharpe,344.85039845011187
2023-05-31,etfs_com_ouro_petroleo__max_sharpe,351.21720067447006
2023-06-30,etfs_com_ouro_petroleo__max_sharpe,361.1189168585908
2023-07-31,etfs_com_ouro_petroleo__max_sharpe,367.1991700188932
2023-08-31,etfs_com_ouro_petroleo__max_sharpe,363.8054667444933
2023-09-30,etfs_com_ouro_petroleo__max_sharpe,358.89271778627875
2023-10-31,etfs_com_ouro_petroleo__max_sharpe,349.2280611772099
2023-11-30,etfs_com_ouro_petroleo__max_sharpe,377.26743070897754
2023-12-31,etfs_com_ouro_petroleo__max_sharpe,390.3461800951803
2024-01-31,etfs_com_ouro_petroleo__max_sharpe,389.3769709237952
2024-02-29,etfs_com_ouro_petroleo__max_sharpe,398.3905664917658
2024-03-31,etfs_com_ouro_petroleo__max_sharpe,415.073103940921
2024-04-30,etfs_com_ouro_petroleo__max_sharpe,417.49454887081623
2024-05-31,etfs_com_ouro_petroleo__max_sharpe,435.01677616738885
2024-06-30,etfs_com_ouro_petroleo__max_sharpe,458.8082049513382
2024-07-31,etfs_com_ouro_petroleo__max_sharpe,472.64135333774345
2024-08-31,etfs_com_ouro_petroleo__max_sharpe,489.5827869433147
2024-09-30,etfs_com_ouro_petroleo__max_sharpe,482.27519089278746
2024-10-31,etfs_com_ouro_petroleo__max_sharpe,504.3400924072658
2024-11-30,etfs_com_ouro_petroleo__max_sharpe,527.321980606651
2024-12-31,etfs_com_ouro_petroleo__max_sharpe,526.1481850402688
2025-01-31,etfs_com_ouro_petroleo__max_sharpe,524.3451748340117
2025-02-28,etfs_com_ouro_petroleo__max_sharpe,518.121664482522
2025-03-31,etfs_com_ouro_petroleo__max_sharpe,516.4613332669742
2025-04-30,etfs_com_ouro_petroleo__max_sharpe,518.1320522448435
2025-05-31,etfs_com_ouro_petroleo__max_sharpe,548.1670279416087
2025-06-30,etfs_com_ouro_petroleo__max_sharpe,551.835339113946
2025-07-31,etfs_com_ouro_petroleo__max_sharpe,556.5109824069432
2025-08-31,etfs_com_ouro_petroleo__max_sharpe,558.0574478981358
2025-09-30,etfs_com_ouro_petroleo__max_sharpe,568.4307164169469
2025-10-31,etfs_com_ouro_petroleo__max_sharpe,604.0299307175544
2025-11-30,etfs_com_ouro_petroleo__max_sharpe,609.4150335831836
2025-12-31,etfs_com_ouro_petroleo__max_sharpe,626.6758053763232
2026-01-31,etfs_com_ouro_petroleo__max_sharpe,646.6845713726894
2026-02-28,etfs_com_ouro_petroleo__max_sharpe,662.5000126283292
2026-03-31,etfs_com_ouro_petroleo__max_sharpe,652.8007595081125
2026-04-30,etfs_com_ouro_petroleo__max_sharpe,660.9806561534937
2015-02-28,etfs_com_ouro__max_sharpe,115.230839401953
2015-03-31,etfs_com_ouro__max_sharpe,124.54509061837314
2015-04-30,etfs_com_ouro__max_sharpe,120.43235539966095
2015-05-31,etfs_com_ouro__max_sharpe,125.23711800791366
2015-06-30,etfs_com_ouro__max_sharpe,120.76731142049655
2015-07-31,etfs_com_ouro__max_sharpe,125.22092325563274
2015-08-31,etfs_com_ouro__max_sharpe,123.59836801916109
2015-09-30,etfs_com_ouro__max_sharpe,131.9295983077911
2015-10-31,etfs_com_ouro__max_sharpe,136.74324801462555
2015-11-30,etfs_com_ouro__max_sharpe,133.5295922373477
2015-12-31,etfs_com_ouro__max_sharpe,133.19241935864565
2016-01-31,etfs_com_ouro__max_sharpe,129.83232458025242
2016-02-29,etfs_com_ouro__max_sharpe,130.13744838606024
2016-03-31,etfs_com_ouro__max_sharpe,130.83036474227916
2016-04-30,etfs_com_ouro__max_sharpe,130.38716366762813
2016-05-31,etfs_com_ouro__max_sharpe,130.51066022736964
2016-06-30,etfs_com_ouro__max_sharpe,125.23720643257212
2016-07-31,etfs_com_ouro__max_sharpe,134.21957780901147
2016-08-31,etfs_com_ouro__max_sharpe,132.51331910450617
2016-09-30,etfs_com_ouro__max_sharpe,135.92472184685016
2016-10-31,etfs_com_ouro__max_sharpe,134.88990893039977
2016-11-30,etfs_com_ouro__max_sharpe,139.17312973363232
2016-12-31,etfs_com_ouro__max_sharpe,132.24249500097298
2017-01-31,etfs_com_ouro__max_sharpe,136.03145546537115
2017-02-28,etfs_com_ouro__max_sharpe,139.289167867769
2017-03-31,etfs_com_ouro__max_sharpe,143.48213873007495
2017-04-30,etfs_com_ouro__max_sharpe,147.19393710953403
2017-05-31,etfs_com_ouro__max_sharpe,152.34675153202173
2017-06-30,etfs_com_ouro__max_sharpe,154.04441108265056
2017-07-31,etfs_com_ouro__max_sharpe,154.99638618803067
2017-08-31,etfs_com_ouro__max_sharpe,158.1316056428
2017-09-30,etfs_com_ouro__max_sharpe,161.15376592111704
2017-10-31,etfs_com_ouro__max_sharpe,168.32095554493475
2017-11-30,etfs_com_ouro__max_sharpe,166.37806200780213
2017-12-31,etfs_com_ouro__max_sharpe,175.73952093547678
2018-01-31,etfs_com_ouro__max_sharpe,180.94160559365048
2018-02-28,etfs_com_ouro__max_sharpe,178.01876461561795
2018-03-31,etfs_com_ouro__max_sharpe,180.08667909679673
2018-04-30,etfs_com_ouro__max_sharpe,186.07840642829962
2018-05-31,etfs_com_ouro__max_sharpe,190.99006627945639
2018-06-30,etfs_com_ouro__max_sharpe,191.28923121099103
2018-07-31,etfs_com_ouro__max_sharpe,193.60741295242306
2018-08-31,etfs_com_ouro__max_sharpe,206.83169836826858
2018-09-30,etfs_com_ouro__max_sharpe,201.76040995274226
2018-10-31,etfs_com_ouro__max_sharpe,181.73286050937517
2018-11-30,etfs_com_ouro__max_sharpe,191.94677290048054
2018-12-31,etfs_com_ouro__max_sharpe,186.04173559194487
2019-01-31,etfs_com_ouro__max_sharpe,194.5444582301628
2019-02-28,etfs_com_ouro__max_sharpe,197.83580366260318
2019-03-31,etfs_com_ouro__max_sharpe,206.47281496911393
2019-04-30,etfs_com_ouro__max_sharpe,212.09341092421812
2019-05-31,etfs_com_ouro__max_sharpe,207.17717023057241
2019-06-30,etfs_com_ouro__max_sharpe,214.53223135886495
2019-07-31,etfs_com_ouro__max_sharpe,213.53999914602525
2019-08-31,etfs_com_ouro__max_sharpe,221.99056141599863
2019-09-30,etfs_com_ouro__max_sharpe,225.48954156528112
2019-10-31,etfs_com_ouro__max_sharpe,223.24110150364316
2019-11-30,etfs_com_ouro__max_sharpe,236.83689384938975
2019-12-31,etfs_com_ouro__max_sharpe,243.3967769082347
2020-01-31,etfs_com_ouro__max_sharpe,249.43469909447288
2020-02-29,etfs_com_ouro__max_sharpe,244.3327739257146
2020-03-31,etfs_com_ouro__max_sharpe,225.96909759408513
2020-04-30,etfs_com_ouro__max_sharpe,256.4130970900604
2020-05-31,etfs_com_ouro__max_sharpe,274.635980601914
2020-06-30,etfs_com_ouro__max_sharpe,292.75760656196206
2020-07-31,etfs_com_ouro__max_sharpe,302.4550314006776
2020-08-31,etfs_com_ouro__max_sharpe,319.78251346640593
2020-09-30,etfs_com_ouro__max_sharpe,318.62676644507866
2020-10-31,etfs_com_ouro__max_sharpe,321.54793572025073
2020-11-30,etfs_com_ouro__max_sharpe,339.0953549737858
2020-12-31,etfs_com_ouro__max_sharpe,353.9749219113425
2021-01-31,etfs_com_ouro__max_sharpe,363.26760877989426
2021-02-28,etfs_com_ouro__max_sharpe,370.8419148993947
2021-03-31,etfs_com_ouro__max_sharpe,393.69212505301545
2021-04-30,etfs_com_ouro__max_sharpe,382.6768867411901
2021-05-31,etfs_com_ouro__max_sharpe,387.18560465235214
2021-06-30,etfs_com_ouro__max_sharpe,371.2540449753508
2021-07-31,etfs_com_ouro__max_sharpe,375.7808920814914
2021-08-31,etfs_com_ouro__max_sharpe,391.5043374914056
2021-09-30,etfs_com_ouro__max_sharpe,385.6617670674466
2021-10-31,etfs_com_ouro__max_sharpe,401.58253902496426
2021-11-30,etfs_com_ouro__max_sharpe,388.22161636500385
2021-12-31,etfs_com_ouro__max_sharpe,401.39597044291514
2022-01-31,etfs_com_ouro__max_sharpe,385.96306396297945
2022-02-28,etfs_com_ouro__max_sharpe,371.7592187702807
2022-03-31,etfs_com_ouro__max_sharpe,361.5479690953939
2022-04-30,etfs_com_ouro__max_sharpe,340.673750132687
2022-05-31,etfs_com_ouro__max_sharpe,333.2924436765954
2022-06-30,etfs_com_ouro__max_sharpe,322.19285224652816
2022-07-31,etfs_com_ouro__max_sharpe,339.0782328418433
2022-08-31,etfs_com_ouro__max_sharpe,335.57528669647417
2022-09-30,etfs_com_ouro__max_sharpe,324.8095096239032
2022-10-31,etfs_com_ouro__max_sharpe,333.10796088422865
2022-11-30,etfs_com_ouro__max_sharpe,357.68541621191554
2022-12-31,etfs_com_ouro__max_sharpe,349.6076036582822
2023-01-31,etfs_com_ouro__max_sharpe,369.82772127080887
2023-02-28,etfs_com_ouro__max_sharpe,356.9082036357795
2023-03-31,etfs_com_ouro__max_sharpe,360.96180020316393
2023-04-30,etfs_com_ouro__max_sharpe,357.25443997634324
2023-05-31,etfs_com_ouro__max_sharpe,365.3561221484595
2023-06-30,etfs_com_ouro__max_sharpe,376.257825817531
2023-07-31,etfs_com_ouro__max_sharpe,381.04326741109384
2023-08-31,etfs_com_ouro__max_sharpe,376.94591463576785
2023-09-30,etfs_com_ouro__max_sharpe,369.81022855426664
2023-10-31,etfs_com_ouro__max_sharpe,360.29125987204895
2023-11-30,etfs_com_ouro__max_sharpe,391.9925352798825
2023-12-31,etfs_com_ouro__max_sharpe,406.8583850182849
2024-01-31,etfs_com_ouro__max_sharpe,405.0505824245312
2024-02-29,etfs_com_ouro__max_sharpe,414.22618911574654
2024-03-31,etfs_com_ouro__max_sharpe,431.13824430951536
2024-04-30,etfs_com_ouro__max_sharpe,433.47388568126456
2024-05-31,etfs_com_ouro__max_sharpe,453.22159607848454
2024-06-30,etfs_com_ouro__max_sharpe,476.7929942032988
2024-07-31,etfs_com_ouro__max_sharpe,491.75134531897334
2024-08-31,etfs_com_ouro__max_sharpe,511.137316992974
2024-09-30,etfs_com_ouro__max_sharpe,504.8595831585283
2024-10-31,etfs_com_ouro__max_sharpe,527.4035234957211
2024-11-30,etfs_com_ouro__max_sharpe,553.2594208021568
2024-12-31,etfs_com_ouro__max_sharpe,550.4286517648629
2025-01-31,etfs_com_ouro__max_sharpe,548.6777465588656
2025-02-28,etfs_com_ouro__max_sharpe,542.4198255380385
2025-03-31,etfs_com_ouro__max_sharpe,539.4633696026623
2025-04-30,etfs_com_ouro__max_sharpe,544.9233574658847
2025-05-31,etfs_com_ouro__max_sharpe,576.5543509275196
2025-06-30,etfs_com_ouro__max_sharpe,579.0465889241437
2025-07-31,etfs_com_ouro__max_sharpe,582.1324358217832
2025-08-31,etfs_com_ouro__max_sharpe,585.1900606457458
2025-09-30,etfs_com_ouro__max_sharpe,596.1614929043842
2025-10-31,etfs_com_ouro__max_sharpe,636.2260365357994
2025-11-30,etfs_com_ouro__max_sharpe,642.4369426506582
2025-12-31,etfs_com_ouro__max_sharpe,661.0849168509997
2026-01-31,etfs_com_ouro__max_sharpe,679.7902936825574
2026-02-28,etfs_com_ouro__max_sharpe,695.0067905618208
2026-03-31,etfs_com_ouro__max_sharpe,670.1350291874473
2026-04-30,etfs_com_ouro__max_sharpe,680.4385672747978
2015-02-28,etfs_com_tudo__min_vol,114.25161952794357
2015-03-31,etfs_com_tudo__min_vol,122.88111777902651
2015-04-30,etfs_com_tudo__min_vol,120.75401403338925
2015-05-31,etfs_com_tudo__min_vol,125.5366406039649
2015-06-30,etfs_com_tudo__min_vol,121.76893405676128
2015-07-31,etfs_com_tudo__min_vol,124.9432386400371
2015-08-31,etfs_com_tudo__min_vol,122.72244464696772
2015-09-30,etfs_com_tudo__min_vol,131.04045401152115
2015-10-31,etfs_com_tudo__min_vol,133.9865356006931
2015-11-30,etfs_com_tudo__min_vol,130.57890029894713
2015-12-31,etfs_com_tudo__min_vol,129.73492912085965
2016-01-31,etfs_com_tudo__min_vol,125.06546553864975
2016-02-29,etfs_com_tudo__min_vol,124.0136391134796
2016-03-31,etfs_com_tudo__min_vol,124.90681233623928
2016-04-30,etfs_com_tudo__min_vol,126.34350504944543
2016-05-31,etfs_com_tudo__min_vol,126.77142859999987
2016-06-30,etfs_com_tudo__min_vol,121.51768511172749
2016-07-31,etfs_com_tudo__min_vol,128.44986258636555
2016-08-31,etfs_com_tudo__min_vol,127.34800130645651
2016-09-30,etfs_com_tudo__min_vol,130.7899887196168
2016-10-31,etfs_com_tudo__min_vol,130.1585790422313
2016-11-30,etfs_com_tudo__min_vol,134.3953274949646
2016-12-31,etfs_com_tudo__min_vol,128.29008062312107
2017-01-31,etfs_com_tudo__min_vol,130.86218685045188
2017-02-28,etfs_com_tudo__min_vol,134.03059024431127
2017-03-31,etfs_com_tudo__min_vol,136.31160949180895
2017-04-30,etfs_com_tudo__min_vol,139.9465178950299
2017-05-31,etfs_com_tudo__min_vol,145.88961572994643
2017-06-30,etfs_com_tudo__min_vol,147.69541772982305
2017-07-31,etfs_com_tudo__min_vol,149.86179787020566
2017-08-31,etfs_com_tudo__min_vol,154.02105977535598
2017-09-30,etfs_com_tudo__min_vol,157.36571068470218
2017-10-31,etfs_com_tudo__min_vol,165.68999290505246
2017-11-30,etfs_com_tudo__min_vol,166.56671131720452
2017-12-31,etfs_com_tudo__min_vol,176.94749946062126
2018-01-31,etfs_com_tudo__min_vol,180.3372461682918
2018-02-28,etfs_com_tudo__min_vol,177.28998435657968
2018-03-31,etfs_com_tudo__min_vol,179.4115255706481
2018-04-30,etfs_com_tudo__min_vol,188.34883984847932
2018-05-31,etfs_com_tudo__min_vol,192.6164037767638
2018-06-30,etfs_com_tudo__min_vol,193.83065760339352
2018-07-31,etfs_com_tudo__min_vol,194.28944927585107
2018-08-31,etfs_com_tudo__min_vol,207.05151013428127
2018-09-30,etfs_com_tudo__min_vol,202.79063921412316
2018-10-31,etfs_com_tudo__min_vol,182.59117074312488
2018-11-30,etfs_com_tudo__min_vol,189.44423690442477
2018-12-31,etfs_com_tudo__min_vol,184.15390471649934
2019-01-31,etfs_com_tudo__min_vol,192.21434459860052
2019-02-28,etfs_com_tudo__min_vol,196.4138554635061
2019-03-31,etfs_com_tudo__min_vol,205.01950548489813
2019-04-30,etfs_com_tudo__min_vol,212.2055690956055
2019-05-31,etfs_com_tudo__min_vol,207.1404841107746
2019-06-30,etfs_com_tudo__min_vol,214.00584873783316
2019-07-31,etfs_com_tudo__min_vol,211.32411682159616
2019-08-31,etfs_com_tudo__min_vol,222.7044441882745
2019-09-30,etfs_com_tudo__min_vol,225.09863724107936
2019-10-31,etfs_com_tudo__min_vol,223.52703421367303
2019-11-30,etfs_com_tudo__min_vol,233.79165228053483
2019-12-31,etfs_com_tudo__min_vol,239.1135306487389
2020-01-31,etfs_com_tudo__min_vol,243.18416204483927
2020-02-29,etfs_com_tudo__min_vol,237.65287493970249
2020-03-31,etfs_com_tudo__min_vol,212.4298113268635
2020-04-30,etfs_com_tudo__min_vol,230.86041302992055
2020-05-31,etfs_com_tudo__min_vol,248.25749575982118
2020-06-30,etfs_com_tudo__min_vol,263.86502870564163
2020-07-31,etfs_com_tudo__min_vol,268.452231978994
2020-08-31,etfs_com_tudo__min_vol,285.3936222990113
2020-09-30,etfs_com_tudo__min_vol,285.1437857760725
2020-10-31,etfs_com_tudo__min_vol,286.90297596515296
2020-11-30,etfs_com_tudo__min_vol,305.0612649232703
2020-12-31,etfs_com_tudo__min_vol,320.61658318899003
2021-01-31,etfs_com_tudo__min_vol,331.8701953232331
2021-02-28,etfs_com_tudo__min_vol,345.195743756128
2021-03-31,etfs_com_tudo__min_vol,367.258105342179
2021-04-30,etfs_com_tudo__min_vol,354.1071100559301
2021-05-31,etfs_com_tudo__min_vol,358.9399306521535
2021-06-30,etfs_com_tudo__min_vol,342.2617234004129
2021-07-31,etfs_com_tudo__min_vol,345.4249328369038
2021-08-31,etfs_com_tudo__min_vol,352.7977778340274
2021-09-30,etfs_com_tudo__min_vol,353.71480263128075
2021-10-31,etfs_com_tudo__min_vol,368.9660069520095
2021-11-30,etfs_com_tudo__min_vol,351.58173389392584
2021-12-31,etfs_com_tudo__min_vol,361.9022350719846
2022-01-31,etfs_com_tudo__min_vol,354.77853361700744
2022-02-28,etfs_com_tudo__min_vol,343.71235447218913
2022-03-31,etfs_com_tudo__min_vol,333.6592542385453
2022-04-30,etfs_com_tudo__min_vol,319.93266288868955
2022-05-31,etfs_com_tudo__min_vol,316.764915059311
2022-06-30,etfs_com_tudo__min_vol,310.4029543121138
2022-07-31,etfs_com_tudo__min_vol,320.1979102487938
2022-08-31,etfs_com_tudo__min_vol,313.6740963205165
2022-09-30,etfs_com_tudo__min_vol,303.3407050850302
2022-10-31,etfs_com_tudo__min_vol,308.3282534060405
2022-11-30,etfs_com_tudo__min_vol,330.45904072898816
2022-12-31,etfs_com_tudo__min_vol,327.4172695580509
2023-01-31,etfs_com_tudo__min_vol,341.5602049080616
2023-02-28,etfs_com_tudo__min_vol,326.54954773471496
2023-03-31,etfs_com_tudo__min_vol,329.46664511967094
2023-04-30,etfs_com_tudo__min_vol,327.45615934334796
2023-05-31,etfs_com_tudo__min_vol,326.66893644800973
2023-06-30,etfs_com_tudo__min_vol,334.3576872087082
2023-07-31,etfs_com_tudo__min_vol,341.2693975726754
2023-08-31,etfs_com_tudo__min_vol,334.7897211982895
2023-09-30,etfs_com_tudo__min_vol,334.27059373774165
2023-10-31,etfs_com_tudo__min_vol,327.3518090533265
2023-11-30,etfs_com_tudo__min_vol,343.5821902944303
2023-12-31,etfs_com_tudo__min_vol,354.9592598330662
2024-01-31,etfs_com_tudo__min_vol,351.9321805577511
2024-02-29,etfs_com_tudo__min_vol,364.2578830023456
2024-03-31,etfs_com_tudo__min_vol,377.64622463612244
2024-04-30,etfs_com_tudo__min_vol,378.1438178813693
2024-05-31,etfs_com_tudo__min_vol,389.73948423086523
2024-06-30,etfs_com_tudo__min_vol,406.4291653843943
2024-07-31,etfs_com_tudo__min_vol,420.6098856763519
2024-08-31,etfs_com_tudo__min_vol,432.3929736512808
2024-09-30,etfs_com_tudo__min_vol,428.906865999281
2024-10-31,etfs_com_tudo__min_vol,443.5780049313041
2024-11-30,etfs_com_tudo__min_vol,459.6994176424998
2024-12-31,etfs_com_tudo__min_vol,456.6563731138508
2025-01-31,etfs_com_tudo__min_vol,455.5695366109903
2025-02-28,etfs_com_tudo__min_vol,453.1612245231678
2025-03-31,etfs_com_tudo__min_vol,458.603511437341
2025-04-30,etfs_com_tudo__min_vol,458.80663829742065
2025-05-31,etfs_com_tudo__min_vol,483.29008921489105
2025-06-30,etfs_com_tudo__min_vol,487.8546995318116
2025-07-31,etfs_com_tudo__min_vol,493.47565695227394
2025-08-31,etfs_com_tudo__min_vol,497.48621529882195
2025-09-30,etfs_com_tudo__min_vol,507.91310210804505
2025-10-31,etfs_com_tudo__min_vol,525.1594725158232
2025-11-30,etfs_com_tudo__min_vol,531.6326493759291
2025-12-31,etfs_com_tudo__min_vol,545.0391910668984
2026-01-31,etfs_com_tudo__min_vol,566.9617370086064
2026-02-28,etfs_com_tudo__min_vol,585.4373818529679
2026-03-31,etfs_com_tudo__min_vol,585.5925724841686
2026-04-30,etfs_com_tudo__min_vol,587.188701487747
2015-02-28,etfs_com_ouro_btc__min_vol,114.59947948579409
2015-03-31,etfs_com_ouro_btc__min_vol,123.35058757521531
2015-04-30,etfs_com_ouro_btc__min_vol,120.02275965143043
2015-05-31,etfs_com_ouro_btc__min_vol,124.92795444750399
2015-06-30,etfs_com_ouro_btc__min_vol,121.03486061414908
2015-07-31,etfs_com_ouro_btc__min_vol,126.37144625862035
2015-08-31,etfs_com_ouro_btc__min_vol,123.14912321747539
2015-09-30,etfs_com_ouro_btc__min_vol,131.87535748165675
2015-10-31,etfs_com_ouro_btc__min_vol,135.3541551756172
2015-11-30,etfs_com_ouro_btc__min_vol,133.01333242906165
2015-12-31,etfs_com_ouro_btc__min_vol,133.16941700714978
2016-01-31,etfs_com_ouro_btc__min_vol,129.0504117671457
2016-02-29,etfs_com_ouro_btc__min_vol,128.2485914563734
2016-03-31,etfs_com_ouro_btc__min_vol,128.94578942180382
2016-04-30,etfs_com_ouro_btc__min_vol,129.3227260799232
2016-05-31,etfs_com_ouro_btc__min_vol,129.21113897874704
2016-06-30,etfs_com_ouro_btc__min_vol,123.8268934057517
2016-07-31,etfs_com_ouro_btc__min_vol,132.38943674125855
2016-08-31,etfs_com_ouro_btc__min_vol,130.84200897386782
2016-09-30,etfs_com_ouro_btc__min_vol,133.89005423832165
2016-10-31,etfs_com_ouro_btc__min_vol,133.00362896071545
2016-11-30,etfs_com_ouro_btc__min_vol,137.00430790941246
2016-12-31,etfs_com_ouro_btc__min_vol,130.47284325667565
2017-01-31,etfs_com_ouro_btc__min_vol,133.59987326957545
2017-02-28,etfs_com_ouro_btc__min_vol,136.85311970369182
2017-03-31,etfs_com_ouro_btc__min_vol,140.04287911202036
2017-04-30,etfs_com_ouro_btc__min_vol,144.3451003430544
2017-05-31,etfs_com_ouro_btc__min_vol,151.2802330648488
2017-06-30,etfs_com_ouro_btc__min_vol,153.4932465307907
2017-07-31,etfs_com_ouro_btc__min_vol,155.1010001130838
2017-08-31,etfs_com_ouro_btc__min_vol,159.96809977502542
2017-09-30,etfs_com_ouro_btc__min_vol,162.85106409799417
2017-10-31,etfs_com_ouro_btc__min_vol,170.93245245019583
2017-11-30,etfs_com_ouro_btc__min_vol,171.31411663492585
2017-12-31,etfs_com_ouro_btc__min_vol,181.82258148261565
2018-01-31,etfs_com_ouro_btc__min_vol,184.77406108947417
2018-02-28,etfs_com_ouro_btc__min_vol,181.33770812324207
2018-03-31,etfs_com_ouro_btc__min_vol,182.7892232054073
2018-04-30,etfs_com_ouro_btc__min_vol,191.75005827888586
2018-05-31,etfs_com_ouro_btc__min_vol,196.33037549128403
2018-06-30,etfs_com_ouro_btc__min_vol,195.84128786212142
2018-07-31,etfs_com_ouro_btc__min_vol,197.0877502016993
2018-08-31,etfs_com_ouro_btc__min_vol,208.92566985426737
2018-09-30,etfs_com_ouro_btc__min_vol,204.04170040291856
2018-10-31,etfs_com_ouro_btc__min_vol,184.30788903252468
2018-11-30,etfs_com_ouro_btc__min_vol,194.03812872726851
2018-12-31,etfs_com_ouro_btc__min_vol,189.33250431528276
2019-01-31,etfs_com_ouro_btc__min_vol,196.27722858201335
2019-02-28,etfs_com_ouro_btc__min_vol,200.34909412253285
2019-03-31,etfs_com_ouro_btc__min_vol,208.70638263918693
2019-04-30,etfs_com_ouro_btc__min_vol,215.45715120097216
2019-05-31,etfs_com_ouro_btc__min_vol,211.92299270600614
2019-06-30,etfs_com_ouro_btc__min_vol,218.35328679158863
2019-07-31,etfs_com_ouro_btc__min_vol,215.2926937560133
2019-08-31,etfs_com_ouro_btc__min_vol,227.13747171080237
2019-09-30,etfs_com_ouro_btc__min_vol,230.31830613091304
2019-10-31,etfs_com_ouro_btc__min_vol,229.4344833896643
2019-11-30,etfs_com_ouro_btc__min_vol,239.88320027338003
2019-12-31,etfs_com_ouro_btc__min_vol,244.5085915798774
2020-01-31,etfs_com_ouro_btc__min_vol,250.76927955424065
2020-02-29,etfs_com_ouro_btc__min_vol,245.5845488252678
2020-03-31,etfs_com_ouro_btc__min_vol,227.02558258075968
2020-04-30,etfs_com_ouro_btc__min_vol,254.7272645739868
2020-05-31,etfs_com_ouro_btc__min_vol,267.9387257596193
2020-06-30,etfs_com_ouro_btc__min_vol,283.3836133571512
2020-07-31,etfs_com_ouro_btc__min_vol,287.7186076816767
2020-08-31,etfs_com_ouro_btc__min_vol,305.4715804244666
2020-09-30,etfs_com_ouro_btc__min_vol,305.9566588407895
2020-10-31,etfs_com_ouro_btc__min_vol,309.24287738765184
2020-11-30,etfs_com_ouro_btc__min_vol,327.48781075750986
2020-12-31,etfs_com_ouro_btc__min_vol,343.64836856292607
2021-01-31,etfs_com_ouro_btc__min_vol,354.0162665059403
2021-02-28,etfs_com_ouro_btc__min_vol,364.6970096659629
2021-03-31,etfs_com_ouro_btc__min_vol,389.1913489467018
2021-04-30,etfs_com_ouro_btc__min_vol,374.6929028722215
2021-05-31,etfs_com_ouro_btc__min_vol,379.70684225935025
2021-06-30,etfs_com_ouro_btc__min_vol,359.164260182589
2021-07-31,etfs_com_ouro_btc__min_vol,362.15782721115903
2021-08-31,etfs_com_ouro_btc__min_vol,371.37299720049015
2021-09-30,etfs_com_ouro_btc__min_vol,369.25665729619726
2021-10-31,etfs_com_ouro_btc__min_vol,384.1869608998048
2021-11-30,etfs_com_ouro_btc__min_vol,368.99341711889264
2021-12-31,etfs_com_ouro_btc__min_vol,378.15049796517997
2022-01-31,etfs_com_ouro_btc__min_vol,367.1740688374784
2022-02-28,etfs_com_ouro_btc__min_vol,353.4081165484976
2022-03-31,etfs_com_ouro_btc__min_vol,340.6465461359313
2022-04-30,etfs_com_ouro_btc__min_vol,324.7483497344302
2022-05-31,etfs_com_ouro_btc__min_vol,319.4685345268734
2022-06-30,etfs_com_ouro_btc__min_vol,312.7413754565548
2022-07-31,etfs_com_ouro_btc__min_vol,323.80756685372967
2022-08-31,etfs_com_ouro_btc__min_vol,317.0251141163968
2022-09-30,etfs_com_ouro_btc__min_vol,306.96804884940786
2022-10-31,etfs_com_ouro_btc__min_vol,311.5333705970478
2022-11-30,etfs_com_ouro_btc__min_vol,337.11509675699455
2022-12-31,etfs_com_ouro_btc__min_vol,333.62007675567355
2023-01-31,etfs_com_ouro_btc__min_vol,349.78209068794513
2023-02-28,etfs_com_ouro_btc__min_vol,334.99677832270237
2023-03-31,etfs_com_ouro_btc__min_vol,338.2365404225262
2023-04-30,etfs_com_ouro_btc__min_vol,337.0742443910519
2023-05-31,etfs_com_ouro_btc__min_vol,337.20348120893925
2023-06-30,etfs_com_ouro_btc__min_vol,344.75154560294243
2023-07-31,etfs_com_ouro_btc__min_vol,348.98026351337836
2023-08-31,etfs_com_ouro_btc__min_vol,340.7789903438404
2023-09-30,etfs_com_ouro_btc__min_vol,338.158210392705
2023-10-31,etfs_com_ouro_btc__min_vol,332.07978470060215
2023-11-30,etfs_com_ouro_btc__min_vol,351.4346099154198
2023-12-31,etfs_com_ouro_btc__min_vol,365.29740522266684
2024-01-31,etfs_com_ouro_btc__min_vol,360.1412391411991
2024-02-29,etfs_com_ouro_btc__min_vol,372.0873686377861
2024-03-31,etfs_com_ouro_btc__min_vol,385.1551287688026
2024-04-30,etfs_com_ouro_btc__min_vol,386.21069866573566
2024-05-31,etfs_com_ouro_btc__min_vol,400.6011912159042
2024-06-30,etfs_com_ouro_btc__min_vol,415.29773252522693
2024-07-31,etfs_com_ouro_btc__min_vol,431.7416235894571
2024-08-31,etfs_com_ouro_btc__min_vol,446.19597301306106
2024-09-30,etfs_com_ouro_btc__min_vol,444.30227220250896
2024-10-31,etfs_com_ouro_btc__min_vol,456.357719075112
2024-11-30,etfs_com_ouro_btc__min_vol,473.881495297636
2024-12-31,etfs_com_ouro_btc__min_vol,467.66361816009
2025-01-31,etfs_com_ouro_btc__min_vol,467.0865737607624
2025-02-28,etfs_com_ouro_btc__min_vol,467.15461076658454
2025-03-31,etfs_com_ouro_btc__min_vol,472.18379670555316
2025-04-30,etfs_com_ouro_btc__min_vol,478.7017225747593
2025-05-31,etfs_com_ouro_btc__min_vol,503.9530701955351
2025-06-30,etfs_com_ouro_btc__min_vol,506.11818823820573
2025-07-31,etfs_com_ouro_btc__min_vol,508.90160481907503
2025-08-31,etfs_com_ouro_btc__min_vol,516.5140407639063
2025-09-30,etfs_com_ouro_btc__min_vol,528.4282485399199
2025-10-31,etfs_com_ouro_btc__min_vol,547.4216928998335
2025-11-30,etfs_com_ouro_btc__min_vol,555.163641352741
2025-12-31,etfs_com_ouro_btc__min_vol,571.7384563699796
2026-01-31,etfs_com_ouro_btc__min_vol,590.5895827802331
2026-02-28,etfs_com_ouro_btc__min_vol,610.9854576583177
2026-03-31,etfs_com_ouro_btc__min_vol,583.6893565774243
2026-04-30,etfs_com_ouro_btc__min_vol,588.2695591312244
2015-02-28,etfs_com_petroleo__max_sharpe,116.21003091672569
2015-03-31,etfs_com_petroleo__max_sharpe,125.33851283855795
2015-04-30,etfs_com_petroleo__max_sharpe,122.47550167704841
2015-05-31,etfs_com_petroleo__max_sharpe,127.09468599007296
2015-06-30,etfs_com_petroleo__max_sharpe,122.47452933748832
2015-07-31,etfs_com_petroleo__max_sharpe,126.49869351669065
2015-08-31,etfs_com_petroleo__max_sharpe,123.76360595359527
2015-09-30,etfs_com_petroleo__max_sharpe,131.47623463234277
2015-10-31,etfs_com_petroleo__max_sharpe,136.79673171335995
2015-11-30,etfs_com_petroleo__max_sharpe,133.7423110395997
2015-12-31,etfs_com_petroleo__max_sharpe,132.42252153910897
2016-01-31,etfs_com_petroleo__max_sharpe,127.21681280093581
2016-02-29,etfs_com_petroleo__max_sharpe,126.10868011838276
2016-03-31,etfs_com_petroleo__max_sharpe,127.94034164001869
2016-04-30,etfs_com_petroleo__max_sharpe,127.72006264059166
2016-05-31,etfs_com_petroleo__max_sharpe,128.86769206559666
2016-06-30,etfs_com_petroleo__max_sharpe,122.9710466478797
2016-07-31,etfs_com_petroleo__max_sharpe,131.31545076148527
2016-08-31,etfs_com_petroleo__max_sharpe,130.38570142916984
2016-09-30,etfs_com_petroleo__max_sharpe,134.05286603304899
2016-10-31,etfs_com_petroleo__max_sharpe,133.33400149218303
2016-11-30,etfs_com_petroleo__max_sharpe,138.76430104175
2016-12-31,etfs_com_petroleo__max_sharpe,132.5562879193985
2017-01-31,etfs_com_petroleo__max_sharpe,136.07366214313143
2017-02-28,etfs_com_petroleo__max_sharpe,139.28942194144642
2017-03-31,etfs_com_petroleo__max_sharpe,143.2509145360379
2017-04-30,etfs_com_petroleo__max_sharpe,146.6432538070243
2017-05-31,etfs_com_petroleo__max_sharpe,151.7413700195309
2017-06-30,etfs_com_petroleo__max_sharpe,153.57666188263715
2017-07-31,etfs_com_petroleo__max_sharpe,155.02580717141717
2017-08-31,etfs_com_petroleo__max_sharpe,157.41490043363848
2017-09-30,etfs_com_petroleo__max_sharpe,161.5547420512195
2017-10-31,etfs_com_petroleo__max_sharpe,169.33044178703767
2017-11-30,etfs_com_petroleo__max_sharpe,167.6640585192594
2017-12-31,etfs_com_petroleo__max_sharpe,177.31969536497002
2018-01-31,etfs_com_petroleo__max_sharpe,183.24208434627133
2018-02-28,etfs_com_petroleo__max_sharpe,179.8934312993383
2018-03-31,etfs_com_petroleo__max_sharpe,182.17691959769257
2018-04-30,etfs_com_petroleo__max_sharpe,188.59311558223314
2018-05-31,etfs_com_petroleo__max_sharpe,193.21417477941134
2018-06-30,etfs_com_petroleo__max_sharpe,194.74236736014026
2018-07-31,etfs_com_petroleo__max_sharpe,197.83208929723122
2018-08-31,etfs_com_petroleo__max_sharpe,211.71692037205125
2018-09-30,etfs_com_petroleo__max_sharpe,207.1543443475762
2018-10-31,etfs_com_petroleo__max_sharpe,185.1393302082254
2018-11-30,etfs_com_petroleo__max_sharpe,194.06771385570292
2018-12-31,etfs_com_petroleo__max_sharpe,185.8065352564077
2019-01-31,etfs_com_petroleo__max_sharpe,196.0127767868795
2019-02-28,etfs_com_petroleo__max_sharpe,199.9503737589412
2019-03-31,etfs_com_petroleo__max_sharpe,209.4643637420536
2019-04-30,etfs_com_petroleo__max_sharpe,216.10854491523392
2019-05-31,etfs_com_petroleo__max_sharpe,208.84970505961542
2019-06-30,etfs_com_petroleo__max_sharpe,216.33431548308693
2019-07-31,etfs_com_petroleo__max_sharpe,215.64984997714242
2019-08-31,etfs_com_petroleo__max_sharpe,221.0789466328452
2019-09-30,etfs_com_petroleo__max_sharpe,225.56367558006443
2019-10-31,etfs_com_petroleo__max_sharpe,223.25150457227429
2019-11-30,etfs_com_petroleo__max_sharpe,238.23990061481152
2019-12-31,etfs_com_petroleo__max_sharpe,245.98546314305355
2020-01-31,etfs_com_petroleo__max_sharpe,248.8836433444806
2020-02-29,etfs_com_petroleo__max_sharpe,241.47815483646
2020-03-31,etfs_com_petroleo__max_sharpe,214.0505137872878
2020-04-30,etfs_com_petroleo__max_sharpe,239.4662671249127
2020-05-31,etfs_com_petroleo__max_sharpe,259.74582092033825
2020-06-30,etfs_com_petroleo__max_sharpe,278.06904247007805
2020-07-31,etfs_com_petroleo__max_sharpe,286.3465250870926
2020-08-31,etfs_com_petroleo__max_sharpe,303.65170771551993
2020-09-30,etfs_com_petroleo__max_sharpe,302.2526430754301
2020-10-31,etfs_com_petroleo__max_sharpe,303.5962154425315
2020-11-30,etfs_com_petroleo__max_sharpe,326.6466692810107
2020-12-31,etfs_com_petroleo__max_sharpe,340.8736505318783
2021-01-31,etfs_com_petroleo__max_sharpe,351.5085062556506
2021-02-28,etfs_com_petroleo__max_sharpe,363.8220842868175
2021-03-31,etfs_com_petroleo__max_sharpe,387.0625321238859
2021-04-30,etfs_com_petroleo__max_sharpe,377.50350682391
2021-05-31,etfs_com_petroleo__max_sharpe,380.10888521843293
2021-06-30,etfs_com_petroleo__max_sharpe,369.01118074633706
2021-07-31,etfs_com_petroleo__max_sharpe,372.6246693013214
2021-08-31,etfs_com_petroleo__max_sharpe,388.0494278176513
2021-09-30,etfs_com_petroleo__max_sharpe,383.37957704533704
2021-10-31,etfs_com_petroleo__max_sharpe,399.91359948141974
2021-11-30,etfs_com_petroleo__max_sharpe,384.2604437885952
2021-12-31,etfs_com_petroleo__max_sharpe,399.19375682834414
2022-01-31,etfs_com_petroleo__max_sharpe,386.21109485036493
2022-02-28,etfs_com_petroleo__max_sharpe,370.4384488935141
2022-03-31,etfs_com_petroleo__max_sharpe,362.17579664478404
2022-04-30,etfs_com_petroleo__max_sharpe,340.3366801243281
2022-05-31,etfs_com_petroleo__max_sharpe,335.52371658331396
2022-06-30,etfs_com_petroleo__max_sharpe,321.0938806429726
2022-07-31,etfs_com_petroleo__max_sharpe,339.7380891007778
2022-08-31,etfs_com_petroleo__max_sharpe,336.6251291335089
2022-09-30,etfs_com_petroleo__max_sharpe,323.3460312448659
2022-10-31,etfs_com_petroleo__max_sharpe,334.330631043784
2022-11-30,etfs_com_petroleo__max_sharpe,357.340190820754
2022-12-31,etfs_com_petroleo__max_sharpe,347.1430735689805
2023-01-31,etfs_com_petroleo__max_sharpe,367.0391568542121
2023-02-28,etfs_com_petroleo__max_sharpe,354.7223421668314
2023-03-31,etfs_com_petroleo__max_sharpe,356.4743269208663
2023-04-30,etfs_com_petroleo__max_sharpe,352.8671722620476
2023-05-31,etfs_com_petroleo__max_sharpe,360.90161831769456
2023-06-30,etfs_com_petroleo__max_sharpe,374.6824058015714
2023-07-31,etfs_com_petroleo__max_sharpe,381.4228815457916
2023-08-31,etfs_com_petroleo__max_sharpe,377.17540008198984
2023-09-30,etfs_com_petroleo__max_sharpe,371.779060763751
2023-10-31,etfs_com_petroleo__max_sharpe,357.59057066958815
2023-11-30,etfs_com_petroleo__max_sharpe,390.24692442218674
2023-12-31,etfs_com_petroleo__max_sharpe,405.18771748894966
2024-01-31,etfs_com_petroleo__max_sharpe,404.54428110191236
2024-02-29,etfs_com_petroleo__max_sharpe,414.76052758119096
2024-03-31,etfs_com_petroleo__max_sharpe,430.2194746857304
2024-04-30,etfs_com_petroleo__max_sharpe,430.027417982713
2024-05-31,etfs_com_petroleo__max_sharpe,449.2148406610215
2024-06-30,etfs_com_petroleo__max_sharpe,474.20734997585583
2024-07-31,etfs_com_petroleo__max_sharpe,486.1222861269968
2024-08-31,etfs_com_petroleo__max_sharpe,504.53677229860386
2024-09-30,etfs_com_petroleo__max_sharpe,495.06700707786246
2024-10-31,etfs_com_petroleo__max_sharpe,515.548886915802
2024-11-30,etfs_com_petroleo__max_sharpe,542.6944315376338
2024-12-31,etfs_com_petroleo__max_sharpe,540.7555198502357
2025-01-31,etfs_com_petroleo__max_sharpe,537.4305607450889
2025-02-28,etfs_com_petroleo__max_sharpe,528.9654691067186
2025-03-31,etfs_com_petroleo__max_sharpe,520.8148710463502
2025-04-30,etfs_com_petroleo__max_sharpe,520.8089054400896
2025-05-31,etfs_com_petroleo__max_sharpe,554.4781000339859
2025-06-30,etfs_com_petroleo__max_sharpe,560.1720796291415
2025-07-31,etfs_com_petroleo__max_sharpe,565.1996126478997
2025-08-31,etfs_com_petroleo__max_sharpe,565.1406239841394
2025-09-30,etfs_com_petroleo__max_sharpe,570.0824878047182
2025-10-31,etfs_com_petroleo__max_sharpe,607.9102544442472
2025-11-30,etfs_com_petroleo__max_sharpe,610.3085142743832
2025-12-31,etfs_com_petroleo__max_sharpe,625.8969477289302
2026-01-31,etfs_com_petroleo__max_sharpe,642.0362479617199
2026-02-28,etfs_com_petroleo__max_sharpe,652.5741727430818
2026-03-31,etfs_com_petroleo__max_sharpe,648.0708553598213
2026-04-30,etfs_com_petroleo__max_sharpe,659.1246634670301
2015-02-28,etfs_todos__max_sharpe,116.37178959132606
2015-03-31,etfs_todos__max_sharpe,125.7743704102688
2015-04-30,etfs_todos__max_sharpe,122.10010284009971
2015-05-31,etfs_todos__max_sharpe,126.75196516579976
2015-06-30,etfs_todos__max_sharpe,122.12306606315421
2015-07-31,etfs_todos__max_sharpe,127.2244738878602
2015-08-31,etfs_todos__max_sharpe,124.03999754363547
2015-09-30,etfs_todos__max_sharpe,131.98574957460855
2015-10-31,etfs_todos__max_sharpe,137.6385201188845
2015-11-30,etfs_todos__max_sharpe,135.18028672324337
2015-12-31,etfs_todos__max_sharpe,134.50279161331292
2016-01-31,etfs_todos__max_sharpe,129.5696716319632
2016-02-29,etfs_todos__max_sharpe,128.69592731859706
2016-03-31,etfs_todos__max_sharpe,130.54871959472726
2016-04-30,etfs_todos__max_sharpe,129.61982701825926
2016-05-31,etfs_todos__max_sharpe,130.55436383169337
2016-06-30,etfs_todos__max_sharpe,124.68850118816661
2016-07-31,etfs_todos__max_sharpe,134.0518446753157
2016-08-31,etfs_todos__max_sharpe,132.82049268837926
2016-09-30,etfs_todos__max_sharpe,136.33173043193355
2016-10-31,etfs_todos__max_sharpe,135.68675403632156
2016-11-30,etfs_todos__max_sharpe,141.06417804867243
2016-12-31,etfs_todos__max_sharpe,134.49605454990183
2017-01-31,etfs_todos__max_sharpe,138.36529802998888
2017-02-28,etfs_todos__max_sharpe,141.70418764562157
2017-03-31,etfs_todos__max_sharpe,146.17912736124154
2017-04-30,etfs_todos__max_sharpe,149.93264654677327
2017-05-31,etfs_todos__max_sharpe,155.4241261104263
2017-06-30,etfs_todos__max_sharpe,157.6173416176306
2017-07-31,etfs_todos__max_sharpe,158.79914726776298
2017-08-31,etfs_todos__max_sharpe,161.63674067753382
2017-09-30,etfs_todos__max_sharpe,165.5028889505947
2017-10-31,etfs_todos__max_sharpe,173.3023516798745
2017-11-30,etfs_todos__max_sharpe,171.41315123440842
2017-12-31,etfs_todos__max_sharpe,181.07515017284862
2018-01-31,etfs_todos__max_sharpe,186.97107779496758
2018-02-28,etfs_todos__max_sharpe,183.57004885208164
2018-03-31,etfs_todos__max_sharpe,185.3954174254662
2018-04-30,etfs_todos__max_sharpe,191.56843113896065
2018-05-31,etfs_todos__max_sharpe,196.4355769729248
2018-06-30,etfs_todos__max_sharpe,197.11066097632997
2018-07-31,etfs_todos__max_sharpe,200.81523578160073
2018-08-31,etfs_todos__max_sharpe,214.7191563640168
2018-09-30,etfs_todos__max_sharpe,209.7179503215572
2018-10-31,etfs_todos__max_sharpe,187.69423673901565
2018-11-30,etfs_todos__max_sharpe,198.45640766203576
2018-12-31,etfs_todos__max_sharpe,190.21119351540858
2019-01-31,etfs_todos__max_sharpe,200.03108545346944
2019-02-28,etfs_todos__max_sharpe,203.83941019766235
2019-03-31,etfs_todos__max_sharpe,213.30126591838086
2019-04-30,etfs_todos__max_sharpe,219.83722325700762
2019-05-31,etfs_todos__max_sharpe,213.3021752679551
2019-06-30,etfs_todos__max_sharpe,220.79758291408749
2019-07-31,etfs_todos__max_sharpe,220.10446651005057
2019-08-31,etfs_todos__max_sharpe,225.87786199305083
2019-09-30,etfs_todos__max_sharpe,230.7327603162098
2019-10-31,etfs_todos__max_sharpe,228.61915558537845
2019-11-30,etfs_todos__max_sharpe,243.92412129234168
2019-12-31,etfs_todos__max_sharpe,251.26968489527707
2020-01-31,etfs_todos__max_sharpe,255.59090279510662
2020-02-29,etfs_todos__max_sharpe,248.51581791738676
2020-03-31,etfs_todos__max_sharpe,224.73736136796845
2020-04-30,etfs_todos__max_sharpe,255.92724607109668
2020-05-31,etfs_todos__max_sharpe,274.7158685775377
2020-06-30,etfs_todos__max_sharpe,293.5413550455267
2020-07-31,etfs_todos__max_sharpe,302.4605395237326
2020-08-31,etfs_todos__max_sharpe,320.83624340810337
2020-09-30,etfs_todos__max_sharpe,319.91728759781364
2020-10-31,etfs_todos__max_sharpe,322.36781078239807
2020-11-30,etfs_todos__max_sharpe,345.6494664006261
2020-12-31,etfs_todos__max_sharpe,360.4694837688183
2021-01-31,etfs_todos__max_sharpe,370.75991815222176
2021-02-28,etfs_todos__max_sharpe,381.6499870585922
2021-03-31,etfs_todos__max_sharpe,406.724116234793
2021-04-30,etfs_todos__max_sharpe,396.3317847914067
2021-05-31,etfs_todos__max_sharpe,398.56681433661794
2021-06-30,etfs_todos__max_sharpe,385.74354985501833
2021-07-31,etfs_todos__max_sharpe,389.4256856804465
2021-08-31,etfs_todos__max_sharpe,406.6191518101953
2021-09-30,etfs_todos__max_sharpe,399.59577882092253
2021-10-31,etfs_todos__max_sharpe,416.31765641421435
2021-11-30,etfs_todos__max_sharpe,402.12785909109857
2021-12-31,etfs_todos__max_sharpe,416.3472989870643
2022-01-31,etfs_todos__max_sharpe,399.9346327072666
2022-02-28,etfs_todos__max_sharpe,382.03609768711
2022-03-31,etfs_todos__max_sharpe,372.4888517488364
2022-04-30,etfs_todos__max_sharpe,348.30213844684505
2022-05-31,etfs_todos__max_sharpe,342.1039401891283
2022-06-30,etfs_todos__max_sharpe,327.10082679040124
2022-07-31,etfs_todos__max_sharpe,347.2888829314084
2022-08-31,etfs_todos__max_sharpe,344.3547542838104
2022-09-30,etfs_todos__max_sharpe,330.94621657686224
2022-10-31,etfs_todos__max_sharpe,341.8041028965609
2022-11-30,etfs_todos__max_sharpe,366.5994219560386
2022-12-31,etfs_todos__max_sharpe,355.53774385658835
2023-01-31,etfs_todos__max_sharpe,377.00727709612005
2023-02-28,etfs_todos__max_sharpe,364.31696362494324
2023-03-31,etfs_todos__max_sharpe,366.7039716827583
2023-04-30,etfs_todos__max_sharpe,362.98977926939165
2023-05-31,etfs_todos__max_sharpe,372.48783788301364
2023-06-30,etfs_todos__max_sharpe,386.8389418894695
2023-07-31,etfs_todos__max_sharpe,392.2009316105312
2023-08-31,etfs_todos__max_sharpe,387.01380273682736
2023-09-30,etfs_todos__max_sharpe,379.7173457734138
2023-10-31,etfs_todos__max_sharpe,365.88090088968875
2023-11-30,etfs_todos__max_sharpe,401.3070876623083
2023-12-31,etfs_todos__max_sharpe,418.1000513719806
2024-01-31,etfs_todos__max_sharpe,416.47390280879443
2024-02-29,etfs_todos__max_sharpe,427.15541257006544
2024-03-31,etfs_todos__max_sharpe,442.43608128132445
2024-04-30,etfs_todos__max_sharpe,441.7204135533889
2024-05-31,etfs_todos__max_sharpe,462.93524723878033
2024-06-30,etfs_todos__max_sharpe,487.91031761377866
2024-07-31,etfs_todos__max_sharpe,500.87672594955467
2024-08-31,etfs_todos__max_sharpe,521.1194246533516
2024-09-30,etfs_todos__max_sharpe,512.8449460544693
2024-10-31,etfs_todos__max_sharpe,532.7400613909624
2024-11-30,etfs_todos__max_sharpe,562.026586283373
2024-12-31,etfs_todos__max_sharpe,558.2860103402861
2025-01-31,etfs_todos__max_sharpe,554.8280918660629
2025-02-28,etfs_todos__max_sharpe,546.7565570434629
2025-03-31,etfs_todos__max_sharpe,537.0470070241884
2025-04-30,etfs_todos__max_sharpe,540.5727011927786
2025-05-31,etfs_todos__max_sharpe,575.52852012477
2025-06-30,etfs_todos__max_sharpe,580.6058099666601
2025-07-31,etfs_todos__max_sharpe,584.1205478594899
2025-08-31,etfs_todos__max_sharpe,585.8627002032548
2025-09-30,etfs_todos__max_sharpe,592.0561962691924
2025-10-31,etfs_todos__max_sharpe,632.2022592397362
2025-11-30,etfs_todos__max_sharpe,635.1812253094824
2025-12-31,etfs_todos__max_sharpe,652.2601428322984
2026-01-31,etfs_todos__max_sharpe,666.3185736013812
2026-02-28,etfs_todos__max_sharpe,676.8272489207308
2026-03-31,etfs_todos__max_sharpe,656.4971557926524
2026-04-30,etfs_todos__max_sharpe,670.0318749655511
2015-02-28,etfs_com_ouro_petroleo__min_vol,114.0445524944519
2015-03-31,etfs_com_ouro_petroleo__min_vol,122.61172405340619
2015-04-30,etfs_com_ouro_petroleo__min_vol,120.65612058191797
2015-05-31,etfs_com_ouro_petroleo__min_vol,125.51052812433186
2015-06-30,etfs_com_ouro_petroleo__min_vol,121.27594076633741
2015-07-31,etfs_com_ouro_petroleo__min_vol,124.31204767613534
2015-08-31,etfs_com_ouro_petroleo__min_vol,122.41357316361476
2015-09-30,etfs_com_ouro_petroleo__min_vol,130.52062708438598
2015-10-31,etfs_com_ouro_petroleo__min_vol,132.81147873186947
2015-11-30,etfs_com_ouro_petroleo__min_vol,128.8674569580775
2015-12-31,etfs_com_ouro_petroleo__min_vol,127.58751132165018
2016-01-31,etfs_com_ouro_petroleo__min_vol,123.32124479139597
2016-02-29,etfs_com_ouro_petroleo__min_vol,121.78135537379559
2016-03-31,etfs_com_ouro_petroleo__min_vol,122.88986929155843
2016-04-30,etfs_com_ouro_petroleo__min_vol,124.1897157965753
2016-05-31,etfs_com_ouro_petroleo__min_vol,124.05309365517047
2016-06-30,etfs_com_ouro_petroleo__min_vol,118.28815398250607
2016-07-31,etfs_com_ouro_petroleo__min_vol,125.29549224996481
2016-08-31,etfs_com_ouro_petroleo__min_vol,124.39854425117053
2016-09-30,etfs_com_ouro_petroleo__min_vol,127.59558190557898
2016-10-31,etfs_com_ouro_petroleo__min_vol,126.52161788021125
2016-11-30,etfs_com_ouro_petroleo__min_vol,130.43195143530696
2016-12-31,etfs_com_ouro_petroleo__min_vol,123.87931446381447
2017-01-31,etfs_com_ouro_petroleo__min_vol,126.41309442919062
2017-02-28,etfs_com_ouro_petroleo__min_vol,128.9753624359296
2017-03-31,etfs_com_ouro_petroleo__min_vol,131.52063921936045
2017-04-30,etfs_com_ouro_petroleo__min_vol,134.38618553384595
2017-05-31,etfs_com_ouro_petroleo__min_vol,138.3086812285768
2017-06-30,etfs_com_ouro_petroleo__min_vol,139.74183175328733
2017-07-31,etfs_com_ouro_petroleo__min_vol,141.4381935657894
2017-08-31,etfs_com_ouro_petroleo__min_vol,143.60021868241586
2017-09-30,etfs_com_ouro_petroleo__min_vol,147.00936403345503
2017-10-31,etfs_com_ouro_petroleo__min_vol,153.32582174370464
2017-11-30,etfs_com_ouro_petroleo__min_vol,152.2654352359296
2017-12-31,etfs_com_ouro_petroleo__min_vol,160.77443953944066
2018-01-31,etfs_com_ouro_petroleo__min_vol,164.8286417608239
2018-02-28,etfs_com_ouro_petroleo__min_vol,161.75580241857799
2018-03-31,etfs_com_ouro_petroleo__min_vol,164.77042439455533
2018-04-30,etfs_com_ouro_petroleo__min_vol,171.9768868922182
2018-05-31,etfs_com_ouro_petroleo__min_vol,176.5010017791259
2018-06-30,etfs_com_ouro_petroleo__min_vol,178.03067968769633
2018-07-31,etfs_com_ouro_petroleo__min_vol,177.79179022843135
2018-08-31,etfs_com_ouro_petroleo__min_vol,189.58308596203761
2018-09-30,etfs_com_ouro_petroleo__min_vol,185.97125865728754
2018-10-31,etfs_com_ouro_petroleo__min_vol,167.4003671657956
2018-11-30,etfs_com_ouro_petroleo__min_vol,174.99730447748988
2018-12-31,etfs_com_ouro_petroleo__min_vol,170.20429599096465
2019-01-31,etfs_com_ouro_petroleo__min_vol,178.11904429637835
2019-02-28,etfs_com_ouro_petroleo__min_vol,181.6583877810823
2019-03-31,etfs_com_ouro_petroleo__min_vol,189.36442849805962
2019-04-30,etfs_com_ouro_petroleo__min_vol,194.88798249410232
2019-05-31,etfs_com_ouro_petroleo__min_vol,187.6530471576003
2019-06-30,etfs_com_ouro_petroleo__min_vol,193.0927131137721
2019-07-31,etfs_com_ouro_petroleo__min_vol,190.81025059037117
2019-08-31,etfs_com_ouro_petroleo__min_vol,201.11647623495665
2019-09-30,etfs_com_ouro_petroleo__min_vol,204.03551066818926
2019-10-31,etfs_com_ouro_petroleo__min_vol,202.2480836601813
2019-11-30,etfs_com_ouro_petroleo__min_vol,212.2260209495344
2019-12-31,etfs_com_ouro_petroleo__min_vol,217.50711695572954
2020-01-31,etfs_com_ouro_petroleo__min_vol,219.6769465332967
2020-02-29,etfs_com_ouro_petroleo__min_vol,214.51345086900741
2020-03-31,etfs_com_ouro_petroleo__min_vol,192.2661058825473
2020-04-30,etfs_com_ouro_petroleo__min_vol,208.13734620144655
2020-05-31,etfs_com_ouro_petroleo__min_vol,223.31793257707182
2020-06-30,etfs_com_ouro_petroleo__min_vol,237.54839665270268
2020-07-31,etfs_com_ouro_petroleo__min_vol,240.68600396643004
2020-08-31,etfs_com_ouro_petroleo__min_vol,255.7098906317572
2020-09-30,etfs_com_ouro_petroleo__min_vol,255.67420637594233
2020-10-31,etfs_com_ouro_petroleo__min_vol,255.618961096698
2020-11-30,etfs_com_ouro_petroleo__min_vol,270.5145614086344
2020-12-31,etfs_com_ouro_petroleo__min_vol,282.1236469792394
2021-01-31,etfs_com_ouro_petroleo__min_vol,291.09939645634864
2021-02-28,etfs_com_ouro_petroleo__min_vol,300.7731001863508
2021-03-31,etfs_com_ouro_petroleo__min_vol,318.40250668785694
2021-04-30,etfs_com_ouro_petroleo__min_vol,307.21279768817055
2021-05-31,etfs_com_ouro_petroleo__min_vol,313.6332421023107
2021-06-30,etfs_com_ouro_petroleo__min_vol,299.2795562781118
2021-07-31,etfs_com_ouro_petroleo__min_vol,300.8500785675877
2021-08-31,etfs_com_ouro_petroleo__min_vol,306.60194476024043
2021-09-30,etfs_com_ouro_petroleo__min_vol,307.5689255973617
2021-10-31,etfs_com_ouro_petroleo__min_vol,318.404574569346
2021-11-30,etfs_com_ouro_petroleo__min_vol,303.73070889957484
2021-12-31,etfs_com_ouro_petroleo__min_vol,314.0042773183752
2022-01-31,etfs_com_ouro_petroleo__min_vol,309.0204896023913
2022-02-28,etfs_com_ouro_petroleo__min_vol,298.5389812612303
2022-03-31,etfs_com_ouro_petroleo__min_vol,289.59294054435094
2022-04-30,etfs_com_ouro_petroleo__min_vol,278.31800726524574
2022-05-31,etfs_com_ouro_petroleo__min_vol,276.6611657277312
2022-06-30,etfs_com_ouro_petroleo__min_vol,272.6928608206873
2022-07-31,etfs_com_ouro_petroleo__min_vol,280.6568321931711
2022-08-31,etfs_com_ouro_petroleo__min_vol,275.4645143972414
2022-09-30,etfs_com_ouro_petroleo__min_vol,265.99996774552517
2022-10-31,etfs_com_ouro_petroleo__min_vol,270.51917286348015
2022-11-30,etfs_com_ouro_petroleo__min_vol,291.47086147533753
2022-12-31,etfs_com_ouro_petroleo__min_vol,288.90082149800656
2023-01-31,etfs_com_ouro_petroleo__min_vol,299.58192192601683
2023-02-28,etfs_com_ouro_petroleo__min_vol,286.3935398483561
2023-03-31,etfs_com_ouro_petroleo__min_vol,287.68422833821165
2023-04-30,etfs_com_ouro_petroleo__min_vol,286.0469873506388
2023-05-31,etfs_com_ouro_petroleo__min_vol,285.53340460747137
2023-06-30,etfs_com_ouro_petroleo__min_vol,291.8120937425084
2023-07-31,etfs_com_ouro_petroleo__min_vol,298.18509813244896
2023-08-31,etfs_com_ouro_petroleo__min_vol,292.91064585283164
2023-09-30,etfs_com_ouro_petroleo__min_vol,292.0437190037501
2023-10-31,etfs_com_ouro_petroleo__min_vol,284.08756318500576
2023-11-30,etfs_com_ouro_petroleo__min_vol,298.21382166221576
2023-12-31,etfs_com_ouro_petroleo__min_vol,307.7073431425279
2024-01-31,etfs_com_ouro_petroleo__min_vol,304.81852924251183
2024-02-29,etfs_com_ouro_petroleo__min_vol,312.8661623434466
2024-03-31,etfs_com_ouro_petroleo__min_vol,323.57893671359045
2024-04-30,etfs_com_ouro_petroleo__min_vol,325.1112185733054
2024-05-31,etfs_com_ouro_petroleo__min_vol,334.7373119377902
2024-06-30,etfs_com_ouro_petroleo__min_vol,349.3371516629173
2024-07-31,etfs_com_ouro_petroleo__min_vol,361.6369964844112
2024-08-31,etfs_com_ouro_petroleo__min_vol,372.6909281846929
2024-09-30,etfs_com_ouro_petroleo__min_vol,369.0736754736228
2024-10-31,etfs_com_ouro_petroleo__min_vol,380.3359238934085
2024-11-30,etfs_com_ouro_petroleo__min_vol,391.28360091646306
2024-12-31,etfs_com_ouro_petroleo__min_vol,388.61603420656166
2025-01-31,etfs_com_ouro_petroleo__min_vol,387.4870660335463
2025-02-28,etfs_com_ouro_petroleo__min_vol,387.16402298599604
2025-03-31,etfs_com_ouro_petroleo__min_vol,392.11222686936406
2025-04-30,etfs_com_ouro_petroleo__min_vol,391.58109298756625
2025-05-31,etfs_com_ouro_petroleo__min_vol,411.882375776953
2025-06-30,etfs_com_ouro_petroleo__min_vol,415.57910024066143
2025-07-31,etfs_com_ouro_petroleo__min_vol,419.4799635109171
2025-08-31,etfs_com_ouro_petroleo__min_vol,423.97410450570965
2025-09-30,etfs_com_ouro_petroleo__min_vol,432.52415595710573
2025-10-31,etfs_com_ouro_petroleo__min_vol,447.8510850788706
2025-11-30,etfs_com_ouro_petroleo__min_vol,455.146944570966
2025-12-31,etfs_com_ouro_petroleo__min_vol,467.48402439377503
2026-01-31,etfs_com_ouro_petroleo__min_vol,487.5745912666556
2026-02-28,etfs_com_ouro_petroleo__min_vol,505.2971346661801
2026-03-31,etfs_com_ouro_petroleo__min_vol,503.6894752457614
2026-04-30,etfs_com_ouro_petroleo__min_vol,504.95353304082613
2015-02-28,etfs_com_ouro__min_vol,114.35249660127292
2015-03-31,etfs_com_ouro__min_vol,123.1101440857258
2015-04-30,etfs_com_ouro__min_vol,119.88351307253384
2015-05-31,etfs_com_ouro__min_vol,124.86230721324803
2015-06-30,etfs_com_ouro__min_vol,120.56676507893182
2015-07-31,etfs_com_ouro__min_vol,125.68055826891869
2015-08-31,etfs_com_ouro__min_vol,122.82578405832952
2015-09-30,etfs_com_ouro__min_vol,131.37722886295796
2015-10-31,etfs_com_ouro__min_vol,134.18864466502166
2015-11-30,etfs_com_ouro__min_vol,131.2769152243578
2015-12-31,etfs_com_ouro__min_vol,130.95993310936396
2016-01-31,etfs_com_ouro__min_vol,127.21881840821287
2016-02-29,etfs_com_ouro__min_vol,125.98146047489638
2016-03-31,etfs_com_ouro__min_vol,126.98683078806849
2016-04-30,etfs_com_ouro__min_vol,127.19445566684449
2016-05-31,etfs_com_ouro__min_vol,126.48747639872573
2016-06-30,etfs_com_ouro__min_vol,120.65034162027027
2016-07-31,etfs_com_ouro__min_vol,129.2084978896545
2016-08-31,etfs_com_ouro__min_vol,127.88892088769592
2016-09-30,etfs_com_ouro__min_vol,130.6713163625158
2016-10-31,etfs_com_ouro__min_vol,129.49852693119263
2016-11-30,etfs_com_ouro__min_vol,133.03157227955137
2016-12-31,etfs_com_ouro__min_vol,125.96414560858223
2017-01-31,etfs_com_ouro__min_vol,129.02301964226757
2017-02-28,etfs_com_ouro__min_vol,131.69255590830446
2017-03-31,etfs_com_ouro__min_vol,135.19130113171207
2017-04-30,etfs_com_ouro__min_vol,138.66562634015654
2017-05-31,etfs_com_ouro__min_vol,143.35647715884613
2017-06-30,etfs_com_ouro__min_vol,145.28965070775237
2017-07-31,etfs_com_ouro__min_vol,146.46437293989501
2017-08-31,etfs_com_ouro__min_vol,149.2278809293188
2017-09-30,etfs_com_ouro__min_vol,152.1150523571238
2017-10-31,etfs_com_ouro__min_vol,158.02006241835934
2017-11-30,etfs_com_ouro__min_vol,156.5544618321439
2017-12-31,etfs_com_ouro__min_vol,164.99389131283223
2018-01-31,etfs_com_ouro__min_vol,168.74033569527631
2018-02-28,etfs_com_ouro__min_vol,165.38834323596586
2018-03-31,etfs_com_ouro__min_vol,167.85592957212174
2018-04-30,etfs_com_ouro__min_vol,174.96000275860115
2018-05-31,etfs_com_ouro__min_vol,179.5777092000125
2018-06-30,etfs_com_ouro__min_vol,179.78318195916728
2018-07-31,etfs_com_ouro__min_vol,180.4471317918101
2018-08-31,etfs_com_ouro__min_vol,191.60757624767297
2018-09-30,etfs_com_ouro__min_vol,187.4073804788281
2018-10-31,etfs_com_ouro__min_vol,168.99825922267914
2018-11-30,etfs_com_ouro__min_vol,179.1713768174797
2018-12-31,etfs_com_ouro__min_vol,175.0395180698848
2019-01-31,etfs_com_ouro__min_vol,182.00826396767098
2019-02-28,etfs_com_ouro__min_vol,185.33969599516215
2019-03-31,etfs_com_ouro__min_vol,192.81870067882107
2019-04-30,etfs_com_ouro__min_vol,198.03775864797655
2019-05-31,etfs_com_ouro__min_vol,192.12770621117036
2019-06-30,etfs_com_ouro__min_vol,197.17487926944258
2019-07-31,etfs_com_ouro__min_vol,194.55310188934732
2019-08-31,etfs_com_ouro__min_vol,205.36839486648054
2019-09-30,etfs_com_ouro__min_vol,208.92416393418412
2019-10-31,etfs_com_ouro__min_vol,207.7650920138213
2019-11-30,etfs_com_ouro__min_vol,217.92799279648355
2019-12-31,etfs_com_ouro__min_vol,222.51311780320347
2020-01-31,etfs_com_ouro__min_vol,226.79682383451905
2020-02-29,etfs_com_ouro__min_vol,222.0498224633725
2020-03-31,etfs_com_ouro__min_vol,205.3184688910931
2020-04-30,etfs_com_ouro__min_vol,229.25840668894165
2020-05-31,etfs_com_ouro__min_vol,240.92724174498267
2020-06-30,etfs_com_ouro__min_vol,255.08515902571565
2020-07-31,etfs_com_ouro__min_vol,257.9500995790229
2020-08-31,etfs_com_ouro__min_vol,273.8334680373806
2020-09-30,etfs_com_ouro__min_vol,274.62817788022653
2020-10-31,etfs_com_ouro__min_vol,275.979700213038
2020-11-30,etfs_com_ouro__min_vol,290.9248140309146
2020-12-31,etfs_com_ouro__min_vol,302.9707809645651
2021-01-31,etfs_com_ouro__min_vol,310.91786667783936
2021-02-28,etfs_com_ouro__min_vol,318.18935060862754
2021-03-31,etfs_com_ouro__min_vol,338.03511392372906
2021-04-30,etfs_com_ouro__min_vol,325.77154694952594
2021-05-31,etfs_com_ouro__min_vol,332.57654561131204
2021-06-30,etfs_com_ouro__min_vol,314.9927889990873
2021-07-31,etfs_com_ouro__min_vol,316.5748408103375
2021-08-31,etfs_com_ouro__min_vol,324.0051121400467
2021-09-30,etfs_com_ouro__min_vol,322.2365031762383
2021-10-31,etfs_com_ouro__min_vol,332.698330949948
2021-11-30,etfs_com_ouro__min_vol,319.789838182974
2021-12-31,etfs_com_ouro__min_vol,329.4471042532163
2022-01-31,etfs_com_ouro__min_vol,320.83638449458294
2022-02-28,etfs_com_ouro__min_vol,308.1112499224238
2022-03-31,etfs_com_ouro__min_vol,297.1645891751812
2022-04-30,etfs_com_ouro__min_vol,283.74424052160543
2022-05-31,etfs_com_ouro__min_vol,280.2825199949229
2022-06-30,etfs_com_ouro__min_vol,276.05510611553757
2022-07-31,etfs_com_ouro__min_vol,285.1150807309581
2022-08-31,etfs_com_ouro__min_vol,279.69825871611465
2022-09-30,etfs_com_ouro__min_vol,270.74152661382016
2022-10-31,etfs_com_ouro__min_vol,275.0488755818611
2022-11-30,etfs_com_ouro__min_vol,298.86175590910284
2022-12-31,etfs_com_ouro__min_vol,295.72390041777646
2023-01-31,etfs_com_ouro__min_vol,308.39033021499756
2023-02-28,etfs_com_ouro__min_vol,295.28197748517465
2023-03-31,etfs_com_ouro__min_vol,296.96803021966764
2023-04-30,etfs_com_ouro__min_vol,295.9223319770159
2023-05-31,etfs_com_ouro__min_vol,296.393848311067
2023-06-30,etfs_com_ouro__min_vol,302.6555011135712
2023-07-31,etfs_com_ouro__min_vol,306.80296904079586
2023-08-31,etfs_com_ouro__min_vol,300.02420354062036
2023-09-30,etfs_com_ouro__min_vol,297.1173170822375
2023-10-31,etfs_com_ouro__min_vol,289.8030439199182
2023-11-30,etfs_com_ouro__min_vol,306.88146083896754
2023-12-31,etfs_com_ouro__min_vol,318.7428013352211
2024-01-31,etfs_com_ouro__min_vol,314.0816578377304
2024-02-29,etfs_com_ouro__min_vol,321.79567704581524
2024-03-31,etfs_com_ouro__min_vol,332.2143051884427
2024-04-30,etfs_com_ouro__min_vol,333.8764482936765
2024-05-31,etfs_com_ouro__min_vol,345.68120207785086
2024-06-30,etfs_com_ouro__min_vol,358.41337205492334
2024-07-31,etfs_com_ouro__min_vol,372.41679606638417
2024-08-31,etfs_com_ouro__min_vol,385.44076405461
2024-09-30,etfs_com_ouro__min_vol,383.34949115589313
2024-10-31,etfs_com_ouro__min_vol,392.62237168356705
2024-11-30,etfs_com_ouro__min_vol,404.66337775592694
2024-12-31,etfs_com_ouro__min_vol,399.3261948837258
2025-01-31,etfs_com_ouro__min_vol,398.39100934324654
2025-02-28,etfs_com_ouro__min_vol,399.9583326032183
2025-03-31,etfs_com_ouro__min_vol,404.3420029857187
2025-04-30,etfs_com_ouro__min_vol,409.3653499641429
2025-05-31,etfs_com_ouro__min_vol,430.5533299546048
2025-06-30,etfs_com_ouro__min_vol,432.5095435813272
2025-07-31,etfs_com_ouro__min_vol,434.1740878656994
2025-08-31,etfs_com_ouro__min_vol,441.45931644777414
2025-09-30,etfs_com_ouro__min_vol,451.68651291008973
2025-10-31,etfs_com_ouro__min_vol,468.350616473486
2025-11-30,etfs_com_ouro__min_vol,476.8994928393004
2025-12-31,etfs_com_ouro__min_vol,491.7047766480658
2026-01-31,etfs_com_ouro__min_vol,509.5460779675348
2026-02-28,etfs_com_ouro__min_vol,529.0967600585254
2026-03-31,etfs_com_ouro__min_vol,504.5619960680682
2026-04-30,etfs_com_ouro__min_vol,508.3233360342024
2015-02-28,etfs_com_btc_petroleo__min_vol,115.61311566642279
2015-03-31,etfs_com_btc_petroleo__min_vol,124.16238627372348
2015-04-30,etfs_com_btc_petroleo__min_vol,122.79332878524546
2015-05-31,etfs_com_btc_petroleo__min_vol,127.4987522667002
2015-06-30,etfs_com_btc_petroleo__min_vol,123.30200447353303
2015-07-31,etfs_com_btc_petroleo__min_vol,127.42941405101007
2015-08-31,etfs_com_btc_petroleo__min_vol,123.44181011395301
2015-09-30,etfs_com_btc_petroleo__min_vol,131.62503714682313
2015-10-31,etfs_com_btc_petroleo__min_vol,135.201188480759
2015-11-30,etfs_com_btc_petroleo__min_vol,132.51758231011186
2015-12-31,etfs_com_btc_petroleo__min_vol,131.34483708340653
2016-01-31,etfs_com_btc_petroleo__min_vol,125.23658675931226
2016-02-29,etfs_com_btc_petroleo__min_vol,122.59075185417313
2016-03-31,etfs_com_btc_petroleo__min_vol,124.35329341025319
2016-04-30,etfs_com_btc_petroleo__min_vol,125.39730735337685
2016-05-31,etfs_com_btc_petroleo__min_vol,126.32466589809204
2016-06-30,etfs_com_btc_petroleo__min_vol,120.00495493552066
2016-07-31,etfs_com_btc_petroleo__min_vol,127.07763479122849
2016-08-31,etfs_com_btc_petroleo__min_vol,126.51952521973087
2016-09-30,etfs_com_btc_petroleo__min_vol,129.9488662689732
2016-10-31,etfs_com_btc_petroleo__min_vol,129.2475248400991
2016-11-30,etfs_com_btc_petroleo__min_vol,134.4589784450784
2016-12-31,etfs_com_btc_petroleo__min_vol,128.73082313596805
2017-01-31,etfs_com_btc_petroleo__min_vol,131.16355924882197
2017-02-28,etfs_com_btc_petroleo__min_vol,134.1980463298
2017-03-31,etfs_com_btc_petroleo__min_vol,137.01908787900803
2017-04-30,etfs_com_btc_petroleo__min_vol,140.7125627178716
2017-05-31,etfs_com_btc_petroleo__min_vol,147.38695520529504
2017-06-30,etfs_com_btc_petroleo__min_vol,149.4586892003557
2017-07-31,etfs_com_btc_petroleo__min_vol,151.86050088839832
2017-08-31,etfs_com_btc_petroleo__min_vol,155.64667835892058
2017-09-30,etfs_com_btc_petroleo__min_vol,159.86269898586846
2017-10-31,etfs_com_btc_petroleo__min_vol,168.6619695125901
2017-11-30,etfs_com_btc_petroleo__min_vol,169.26534435038272
2017-12-31,etfs_com_btc_petroleo__min_vol,180.2841077909051
2018-01-31,etfs_com_btc_petroleo__min_vol,184.12334670389092
2018-02-28,etfs_com_btc_petroleo__min_vol,180.14062985400682
2018-03-31,etfs_com_btc_petroleo__min_vol,182.0775106613868
2018-04-30,etfs_com_btc_petroleo__min_vol,191.77809129171484
2018-05-31,etfs_com_btc_petroleo__min_vol,196.24985359543098
2018-06-30,etfs_com_btc_petroleo__min_vol,197.47444522046547
2018-07-31,etfs_com_btc_petroleo__min_vol,198.66690967361336
2018-08-31,etfs_com_btc_petroleo__min_vol,210.95789290763577
2018-09-30,etfs_com_btc_petroleo__min_vol,206.93466045734544
2018-10-31,etfs_com_btc_petroleo__min_vol,184.50602974560098
2018-11-30,etfs_com_btc_petroleo__min_vol,191.93913001647064
2018-12-31,etfs_com_btc_petroleo__min_vol,184.76186142632386
2019-01-31,etfs_com_btc_petroleo__min_vol,193.74947575390323
2019-02-28,etfs_com_btc_petroleo__min_vol,198.53307570946615
2019-03-31,etfs_com_btc_petroleo__min_vol,207.72870966510243
2019-04-30,etfs_com_btc_petroleo__min_vol,215.46895467264795
2019-05-31,etfs_com_btc_petroleo__min_vol,208.45803987146195
2019-06-30,etfs_com_btc_petroleo__min_vol,214.82273173108388
2019-07-31,etfs_com_btc_petroleo__min_vol,211.53048843555885
2019-08-31,etfs_com_btc_petroleo__min_vol,220.15392801908925
2019-09-30,etfs_com_btc_petroleo__min_vol,223.98200960986821
2019-10-31,etfs_com_btc_petroleo__min_vol,222.50400887527252
2019-11-30,etfs_com_btc_petroleo__min_vol,233.43187683896525
2019-12-31,etfs_com_btc_petroleo__min_vol,239.31355350340576
2020-01-31,etfs_com_btc_petroleo__min_vol,241.2119776822246
2020-02-29,etfs_com_btc_petroleo__min_vol,233.99190462492413
2020-03-31,etfs_com_btc_petroleo__min_vol,205.5646574363104
2020-04-30,etfs_com_btc_petroleo__min_vol,224.15341533792878
2020-05-31,etfs_com_btc_petroleo__min_vol,240.1004992905947
2020-06-30,etfs_com_btc_petroleo__min_vol,255.24724867315237
2020-07-31,etfs_com_btc_petroleo__min_vol,257.80736971389564
2020-08-31,etfs_com_btc_petroleo__min_vol,274.7461687390507
2020-09-30,etfs_com_btc_petroleo__min_vol,274.69671995773444
2020-10-31,etfs_com_btc_petroleo__min_vol,276.06463376982265
2020-11-30,etfs_com_btc_petroleo__min_vol,298.10706318353186
2020-12-31,etfs_com_btc_petroleo__min_vol,312.7534421944965
2021-01-31,etfs_com_btc_petroleo__min_vol,325.03390686677636
2021-02-28,etfs_com_btc_petroleo__min_vol,340.8011485141189
2021-03-31,etfs_com_btc_petroleo__min_vol,363.784593903623
2021-04-30,etfs_com_btc_petroleo__min_vol,350.2006549137038
2021-05-31,etfs_com_btc_petroleo__min_vol,352.98275617884735
2021-06-30,etfs_com_btc_petroleo__min_vol,338.37023058685463
2021-07-31,etfs_com_btc_petroleo__min_vol,339.5298670585288
2021-08-31,etfs_com_btc_petroleo__min_vol,347.2636978976852
2021-09-30,etfs_com_btc_petroleo__min_vol,347.73714391704885
2021-10-31,etfs_com_btc_petroleo__min_vol,363.14032680365915
2021-11-30,etfs_com_btc_petroleo__min_vol,345.1036728353049
2021-12-31,etfs_com_btc_petroleo__min_vol,355.0039697407818
2022-01-31,etfs_com_btc_petroleo__min_vol,349.1610479974536
2022-02-28,etfs_com_btc_petroleo__min_vol,335.1980392653166
2022-03-31,etfs_com_btc_petroleo__min_vol,324.6005526795512
2022-04-30,etfs_com_btc_petroleo__min_vol,310.02826152880783
2022-05-31,etfs_com_btc_petroleo__min_vol,308.96328349752514
2022-06-30,etfs_com_btc_petroleo__min_vol,301.23091052216495
2022-07-31,etfs_com_btc_petroleo__min_vol,312.0120122822522
2022-08-31,etfs_com_btc_petroleo__min_vol,305.33360512842626
2022-09-30,etfs_com_btc_petroleo__min_vol,292.79219208547124
2022-10-31,etfs_com_btc_petroleo__min_vol,298.63242978516587
2022-11-30,etfs_com_btc_petroleo__min_vol,322.60191884194614
2022-12-31,etfs_com_btc_petroleo__min_vol,318.54935697861595
2023-01-31,etfs_com_btc_petroleo__min_vol,333.10130134496313
2023-02-28,etfs_com_btc_petroleo__min_vol,319.2496677152743
2023-03-31,etfs_com_btc_petroleo__min_vol,319.9971643518898
2023-04-30,etfs_com_btc_petroleo__min_vol,318.6805811356987
2023-05-31,etfs_com_btc_petroleo__min_vol,316.57347961756705
2023-06-30,etfs_com_btc_petroleo__min_vol,325.8897123723238
2023-07-31,etfs_com_btc_petroleo__min_vol,333.1146402499471
2023-08-31,etfs_com_btc_petroleo__min_vol,325.13174270458137
2023-09-30,etfs_com_btc_petroleo__min_vol,325.22495436031403
2023-10-31,etfs_com_btc_petroleo__min_vol,314.90940550210814
2023-11-30,etfs_com_btc_petroleo__min_vol,331.921623843754
2023-12-31,etfs_com_btc_petroleo__min_vol,343.8388697174243
2024-01-31,etfs_com_btc_petroleo__min_vol,339.6730119768771
2024-02-29,etfs_com_btc_petroleo__min_vol,352.1572229495356
2024-03-31,etfs_com_btc_petroleo__min_vol,363.21064636926934
2024-04-30,etfs_com_btc_petroleo__min_vol,363.3681580195738
2024-05-31,etfs_com_btc_petroleo__min_vol,375.90583371169055
2024-06-30,etfs_com_btc_petroleo__min_vol,390.8060651140589
2024-07-31,etfs_com_btc_petroleo__min_vol,403.510819541172
2024-08-31,etfs_com_btc_petroleo__min_vol,415.36733915819076
2024-09-30,etfs_com_btc_petroleo__min_vol,411.82189076102844
2024-10-31,etfs_com_btc_petroleo__min_vol,421.6300389000826
2024-11-30,etfs_com_btc_petroleo__min_vol,438.2425058143874
2024-12-31,etfs_com_btc_petroleo__min_vol,434.6156887421905
2025-01-31,etfs_com_btc_petroleo__min_vol,432.87460330996305
2025-02-28,etfs_com_btc_petroleo__min_vol,432.267692320125
2025-03-31,etfs_com_btc_petroleo__min_vol,434.0111783857634
2025-04-30,etfs_com_btc_petroleo__min_vol,432.8983598240604
2025-05-31,etfs_com_btc_petroleo__min_vol,457.7326442959083
2025-06-30,etfs_com_btc_petroleo__min_vol,462.7323316401266
2025-07-31,etfs_com_btc_petroleo__min_vol,468.21525623369007
2025-08-31,etfs_com_btc_petroleo__min_vol,472.45545652098997
2025-09-30,etfs_com_btc_petroleo__min_vol,478.1714441634432
2025-10-31,etfs_com_btc_petroleo__min_vol,493.48990676066836
2025-11-30,etfs_com_btc_petroleo__min_vol,497.53959513562813
2025-12-31,etfs_com_btc_petroleo__min_vol,510.79345831290846
2026-01-31,etfs_com_btc_petroleo__min_vol,527.6867637083834
2026-02-28,etfs_com_btc_petroleo__min_vol,541.8499001413618
2026-03-31,etfs_com_btc_petroleo__min_vol,541.5993896222154
2026-04-30,etfs_com_btc_petroleo__min_vol,544.8151882379873
2015-02-28,etfs_com_btc__min_vol,115.82199075862283
2015-03-31,etfs_com_btc__min_vol,124.78233299069417
2015-04-30,etfs_com_btc__min_vol,122.19170540191557
2015-05-31,etfs_com_btc__min_vol,126.78174760614233
2015-06-30,etfs_com_btc__min_vol,122.64433964307109
2015-07-31,etfs_com_btc__min_vol,128.24831733678874
2015-08-31,etfs_com_btc__min_vol,123.26470720542018
2015-09-30,etfs_com_btc__min_vol,131.97461939386022
2015-10-31,etfs_com_btc__min_vol,135.99380041957497
2015-11-30,etfs_com_btc__min_vol,134.29960863369186
2015-12-31,etfs_com_btc__min_vol,134.0045569924468
2016-01-31,etfs_com_btc__min_vol,128.3148709019685
2016-02-29,etfs_com_btc__min_vol,126.04133185727038
2016-03-31,etfs_com_btc__min_vol,128.11660585941257
2016-04-30,etfs_com_btc__min_vol,127.92182505695384
2016-05-31,etfs_com_btc__min_vol,128.15658571860757
2016-06-30,etfs_com_btc__min_vol,122.10464919342758
2016-07-31,etfs_com_btc__min_vol,130.71039226627857
2016-08-31,etfs_com_btc__min_vol,129.8416929139175
2016-09-30,etfs_com_btc__min_vol,132.93003683365836
2016-10-31,etfs_com_btc__min_vol,132.43298995095802
2016-11-30,etfs_com_btc__min_vol,136.85159653098998
2016-12-31,etfs_com_btc__min_vol,130.43464110578986
2017-01-31,etfs_com_btc__min_vol,133.54871475896445
2017-02-28,etfs_com_btc__min_vol,136.71380344134445
2017-03-31,etfs_com_btc__min_vol,140.6483773789393
2017-04-30,etfs_com_btc__min_vol,144.98144497254444
2017-05-31,etfs_com_btc__min_vol,152.28458514976566
2017-06-30,etfs_com_btc__min_vol,155.2006757565157
2017-07-31,etfs_com_btc__min_vol,157.28837197953837
2017-08-31,etfs_com_btc__min_vol,161.87395345027159
2017-09-30,etfs_com_btc__min_vol,165.28359626619329
2017-10-31,etfs_com_btc__min_vol,173.6895342670439
2017-11-30,etfs_com_btc__min_vol,174.10211614932166
2017-12-31,etfs_com_btc__min_vol,184.77616182505753
2018-01-31,etfs_com_btc__min_vol,188.6732146877213
2018-02-28,etfs_com_btc__min_vol,184.42918417581825
2018-03-31,etfs_com_btc__min_vol,185.94997960711373
2018-04-30,etfs_com_btc__min_vol,194.9485201518222
2018-05-31,etfs_com_btc__min_vol,199.05245857381456
2018-06-30,etfs_com_btc__min_vol,198.94389536218026
2018-07-31,etfs_com_btc__min_vol,201.42876286138676
2018-08-31,etfs_com_btc__min_vol,213.3038771589862
2018-09-30,etfs_com_btc__min_vol,208.40031595270946
2018-10-31,etfs_com_btc__min_vol,185.6854892349826
2018-11-30,etfs_com_btc__min_vol,195.98326647982157
2018-12-31,etfs_com_btc__min_vol,189.76096113474503
2019-01-31,etfs_com_btc__min_vol,197.97963143167922
2019-02-28,etfs_com_btc__min_vol,202.0913281197672
2019-03-31,etfs_com_btc__min_vol,211.10940198439496
2019-04-30,etfs_com_btc__min_vol,218.7351034359394
2019-05-31,etfs_com_btc__min_vol,213.03146864927194
2019-06-30,etfs_com_btc__min_vol,219.0034165692485
2019-07-31,etfs_com_btc__min_vol,215.33621726679178
2019-08-31,etfs_com_btc__min_vol,224.66673546594592
2019-09-30,etfs_com_btc__min_vol,228.92048843025776
2019-10-31,etfs_com_btc__min_vol,228.3719879030683
2019-11-30,etfs_com_btc__min_vol,239.55143575053958
2019-12-31,etfs_com_btc__min_vol,244.81354793002149
2020-01-31,etfs_com_btc__min_vol,248.95906845226753
2020-02-29,etfs_com_btc__min_vol,242.87989940501876
2020-03-31,etfs_com_btc__min_vol,219.3269233321597
2020-04-30,etfs_com_btc__min_vol,245.90011250851524
2020-05-31,etfs_com_btc__min_vol,259.05226126151285
2020-06-30,etfs_com_btc__min_vol,274.59283259101824
2020-07-31,etfs_com_btc__min_vol,277.68464855818496
2020-08-31,etfs_com_btc__min_vol,295.9041202860028
2020-09-30,etfs_com_btc__min_vol,297.4170375627023
2020-10-31,etfs_com_btc__min_vol,301.2785651162915
2020-11-30,etfs_com_btc__min_vol,323.62044939729094
2020-12-31,etfs_com_btc__min_vol,339.3042300798107
2021-01-31,etfs_com_btc__min_vol,351.0809810858511
2021-02-28,etfs_com_btc__min_vol,364.35616983142336
2021-03-31,etfs_com_btc__min_vol,389.61702143059756
2021-04-30,etfs_com_btc__min_vol,374.6222342760487
2021-05-31,etfs_com_btc__min_vol,377.7194392572532
2021-06-30,etfs_com_btc__min_vol,360.14818641716255
2021-07-31,etfs_com_btc__min_vol,360.6253101372109
2021-08-31,etfs_com_btc__min_vol,370.47548131113814
2021-09-30,etfs_com_btc__min_vol,367.906436821821
2021-10-31,etfs_com_btc__min_vol,382.78750648247706
2021-11-30,etfs_com_btc__min_vol,366.18092861140667
2021-12-31,etfs_com_btc__min_vol,375.5035594970907
2022-01-31,etfs_com_btc__min_vol,364.65137843603486
2022-02-28,etfs_com_btc__min_vol,347.98301056111546
2022-03-31,etfs_com_btc__min_vol,334.82966542221163
2022-04-30,etfs_com_btc__min_vol,317.5300527256154
2022-05-31,etfs_com_btc__min_vol,314.0216477377599
2022-06-30,etfs_com_btc__min_vol,306.4592692797804
2022-07-31,etfs_com_btc__min_vol,317.77017961125176
2022-08-31,etfs_com_btc__min_vol,311.2863060843072
2022-09-30,etfs_com_btc__min_vol,299.44130303856036
2022-10-31,etfs_com_btc__min_vol,304.5384036582227
2022-11-30,etfs_com_btc__min_vol,331.5575685118041
2022-12-31,etfs_com_btc__min_vol,326.29627761545566
2023-01-31,etfs_com_btc__min_vol,343.7883551260605
2023-02-28,etfs_com_btc__min_vol,329.194615802836
2023-03-31,etfs_com_btc__min_vol,330.8687277261629
2023-04-30,etfs_com_btc__min_vol,329.4047086265858
2023-05-31,etfs_com_btc__min_vol,328.9086521393619
2023-06-30,etfs_com_btc__min_vol,338.45744663494656
2023-07-31,etfs_com_btc__min_vol,343.88371719561616
2023-08-31,etfs_com_btc__min_vol,334.0306226898707
2023-09-30,etfs_com_btc__min_vol,331.7590697094433
2023-10-31,etfs_com_btc__min_vol,322.0387632742532
2023-11-30,etfs_com_btc__min_vol,342.7530081690825
2023-12-31,etfs_com_btc__min_vol,357.3005199750444
2024-01-31,etfs_com_btc__min_vol,351.19437179383533
2024-02-29,etfs_com_btc__min_vol,363.71984938715343
2024-03-31,etfs_com_btc__min_vol,374.4732653719198
2024-04-30,etfs_com_btc__min_vol,374.09589658641147
2024-05-31,etfs_com_btc__min_vol,388.1493054521413
2024-06-30,etfs_com_btc__min_vol,401.5985670457869
2024-07-31,etfs_com_btc__min_vol,415.3947575706408
2024-08-31,etfs_com_btc__min_vol,428.23209942816493
2024-09-30,etfs_com_btc__min_vol,427.1704064574191
2024-10-31,etfs_com_btc__min_vol,435.3904787284874
2024-11-30,etfs_com_btc__min_vol,452.5121210487449
2024-12-31,etfs_com_btc__min_vol,446.31278835105206
2025-01-31,etfs_com_btc__min_vol,443.97550368935555
2025-02-28,etfs_com_btc__min_vol,444.5466250358468
2025-03-31,etfs_com_btc__min_vol,445.4537597919887
2025-04-30,etfs_com_btc__min_vol,450.2402637084703
2025-05-31,etfs_com_btc__min_vol,476.1554416925326
2025-06-30,etfs_com_btc__min_vol,480.57885889958214
2025-07-31,etfs_com_btc__min_vol,483.9807966034573
2025-08-31,etfs_com_btc__min_vol,490.5118037167166
2025-09-30,etfs_com_btc__min_vol,499.50107043434053
2025-10-31,etfs_com_btc__min_vol,516.0824411840417
2025-11-30,etfs_com_btc__min_vol,520.4319606422533
2025-12-31,etfs_com_btc__min_vol,535.5721569403725
2026-01-31,etfs_com_btc__min_vol,550.5829836409886
2026-02-28,etfs_com_btc__min_vol,567.0826051221879
2026-03-31,etfs_com_btc__min_vol,543.7595796395428
2026-04-30,etfs_com_btc__min_vol,550.2714815927047
2015-02-28,etfs_exterior__max_sharpe,118.3704731739216
2015-03-31,etfs_exterior__max_sharpe,130.22159476976202
2015-04-30,etfs_exterior__max_sharpe,123.39324064463113
2015-05-31,etfs_exterior__max_sharpe,130.4090511934732
2015-06-30,etfs_exterior__max_sharpe,124.73699017221256
2015-07-31,etfs_exterior__max_sharpe,132.3880667773154
2015-08-31,etfs_exterior__max_sharpe,131.27315490859016
2015-09-30,etfs_exterior__max_sharpe,142.8917677224889
2015-10-31,etfs_exterior__max_sharpe,148.7401928308239
2015-11-30,etfs_exterior__max_sharpe,146.45696676319523
2015-12-31,etfs_exterior__max_sharpe,146.39558498091048
2016-01-31,etfs_exterior__max_sharpe,142.77229727923213
2016-02-29,etfs_exterior__max_sharpe,139.10326518534163
2016-03-31,etfs_exterior__max_sharpe,136.75675790828475
2016-04-30,etfs_exterior__max_sharpe,133.96620378013904
2016-05-31,etfs_exterior__max_sharpe,137.38524615290189
2016-06-30,etfs_exterior__max_sharpe,126.79774290128769
2016-07-31,etfs_exterior__max_sharpe,133.96495871122087
2016-08-31,etfs_exterior__max_sharpe,132.52946024748093
2016-09-30,etfs_exterior__max_sharpe,136.40125370695776
2016-10-31,etfs_exterior__max_sharpe,132.31509440202709
2016-11-30,etfs_exterior__max_sharpe,141.6914475023795
2016-12-31,etfs_exterior__max_sharpe,134.5266123150458
2017-01-31,etfs_exterior__max_sharpe,135.2165792997172
2017-02-28,etfs_exterior__max_sharpe,137.46942763336608
2017-03-31,etfs_exterior__max_sharpe,143.25091924647433
2017-04-30,etfs_exterior__max_sharpe,146.74744873158667
2017-05-31,etfs_exterior__max_sharpe,153.7880168649348
2017-06-30,etfs_exterior__max_sharpe,156.55619135580358
2017-07-31,etfs_exterior__max_sharpe,155.38127634686148
2017-08-31,etfs_exterior__max_sharpe,155.0944692526752
2017-09-30,etfs_exterior__max_sharpe,158.90821022613855
2017-10-31,etfs_exterior__max_sharpe,167.91722846833864
2017-11-30,etfs_exterior__max_sharpe,167.2166593667106
2017-12-31,etfs_exterior__max_sharpe,175.80359312459305
2018-01-31,etfs_exterior__max_sharpe,179.2171674459332
2018-02-28,etfs_exterior__max_sharpe,174.38511937205334
2018-03-31,etfs_exterior__max_sharpe,176.93523175774575
2018-04-30,etfs_exterior__max_sharpe,184.76970946856093
2018-05-31,etfs_exterior__max_sharpe,196.2694117872701
2018-06-30,etfs_exterior__max_sharpe,200.09812733080693
2018-07-31,etfs_exterior__max_sharpe,200.86897762650878
2018-08-31,etfs_exterior__max_sharpe,220.45525273874654
2018-09-30,etfs_exterior__max_sharpe,213.9494849622936
2018-10-31,etfs_exterior__max_sharpe,179.4628715734477
2018-11-30,etfs_exterior__max_sharpe,189.98283819305686
2018-12-31,etfs_exterior__max_sharpe,179.6430361166526
2019-01-31,etfs_exterior__max_sharpe,186.52289707049252
2019-02-28,etfs_exterior__max_sharpe,191.49415745059852
2019-03-31,etfs_exterior__max_sharpe,203.06591002933283
2019-04-30,etfs_exterior__max_sharpe,210.3109620605336
2019-05-31,etfs_exterior__max_sharpe,200.6575090428522
2019-06-30,etfs_exterior__max_sharpe,206.58193517119656
2019-07-31,etfs_exterior__max_sharpe,203.6266228101265
2019-08-31,etfs_exterior__max_sharpe,211.26210754098432
2019-09-30,etfs_exterior__max_sharpe,215.95553539955387
2019-10-31,etfs_exterior__max_sharpe,211.89940631481963
2019-11-30,etfs_exterior__max_sharpe,227.73261489446762
2019-12-31,etfs_exterior__max_sharpe,230.3209524238384
2020-01-31,etfs_exterior__max_sharpe,235.31645259929473
2020-02-29,etfs_exterior__max_sharpe,230.51114260396477
2020-03-31,etfs_exterior__max_sharpe,220.33956634710017
2020-04-30,etfs_exterior__max_sharpe,253.1173012026881
2020-05-31,etfs_exterior__max_sharpe,271.2382147882726
2020-06-30,etfs_exterior__max_sharpe,284.69353841303666
2020-07-31,etfs_exterior__max_sharpe,286.97147172735686
2020-08-31,etfs_exterior__max_sharpe,310.7826051314358
2020-09-30,etfs_exterior__max_sharpe,312.2950037534412
2020-10-31,etfs_exterior__max_sharpe,315.78372580373116
2020-11-30,etfs_exterior__max_sharpe,333.3098523864069
2020-12-31,etfs_exterior__max_sharpe,343.62932543935676
2021-01-31,etfs_exterior__max_sharpe,359.8495044922864
2021-02-28,etfs_exterior__max_sharpe,379.45749167183175
2021-03-31,etfs_exterior__max_sharpe,405.89757891094547
2021-04-30,etfs_exterior__max_sharpe,388.90066729340367
2021-05-31,etfs_exterior__max_sharpe,387.155779420344
2021-06-30,etfs_exterior__max_sharpe,371.59167234749924
2021-07-31,etfs_exterior__max_sharpe,379.08614627456996
2021-08-31,etfs_exterior__max_sharpe,400.5938886671954
2021-09-30,etfs_exterior__max_sharpe,401.6731391342767
2021-10-31,etfs_exterior__max_sharpe,434.39260471271297
2021-11-30,etfs_exterior__max_sharpe,417.3207226436883
2021-12-31,etfs_exterior__max_sharpe,432.5502538428179
2022-01-31,etfs_exterior__max_sharpe,408.93332038718137
2022-02-28,etfs_exterior__max_sharpe,389.5952357089859
2022-03-31,etfs_exterior__max_sharpe,371.1429776293068
2022-04-30,etfs_exterior__max_sharpe,351.76084775396066
2022-05-31,etfs_exterior__max_sharpe,345.3770753729769
2022-06-30,etfs_exterior__max_sharpe,337.8529280690402
2022-07-31,etfs_exterior__max_sharpe,360.32547171083206
2022-08-31,etfs_exterior__max_sharpe,348.07996506444795
2022-09-30,etfs_exterior__max_sharpe,331.70809166661826
2022-10-31,etfs_exterior__max_sharpe,345.0884857041486
2022-11-30,etfs_exterior__max_sharpe,379.51305217427876
2022-12-31,etfs_exterior__max_sharpe,367.2172296083226
2023-01-31,etfs_exterior__max_sharpe,389.8149723885909
2023-02-28,etfs_exterior__max_sharpe,382.0857638945179
2023-03-31,etfs_exterior__max_sharpe,386.0136167585542
2023-04-30,etfs_exterior__max_sharpe,380.1835830250717
2023-05-31,etfs_exterior__max_sharpe,382.14576514762155
2023-06-30,etfs_exterior__max_sharpe,391.5347199444687
2023-07-31,etfs_exterior__max_sharpe,396.1161768464487
2023-08-31,etfs_exterior__max_sharpe,396.8207234347381
2023-09-30,etfs_exterior__max_sharpe,390.1394947103592
2023-10-31,etfs_exterior__max_sharpe,377.03492272115
2023-11-30,etfs_exterior__max_sharpe,407.1229343510356
2023-12-31,etfs_exterior__max_sharpe,421.7501176048902
2024-01-31,etfs_exterior__max_sharpe,425.8186335160166
2024-02-29,etfs_exterior__max_sharpe,439.80895450160534
2024-03-31,etfs_exterior__max_sharpe,460.04193982792236
2024-04-30,etfs_exterior__max_sharpe,462.9277357166629
2024-05-31,etfs_exterior__max_sharpe,492.14486589283126
2024-06-30,etfs_exterior__max_sharpe,523.9062200843072
2024-07-31,etfs_exterior__max_sharpe,539.0618811367198
2024-08-31,etfs_exterior__max_sharpe,555.4341196557136
2024-09-30,etfs_exterior__max_sharpe,547.6576880953702
2024-10-31,etfs_exterior__max_sharpe,574.8826407054231
2024-11-30,etfs_exterior__max_sharpe,620.4136187325562
2024-12-31,etfs_exterior__max_sharpe,620.6835858806628
2025-01-31,etfs_exterior__max_sharpe,607.5320381826403
2025-02-28,etfs_exterior__max_sharpe,603.2944589194445
2025-03-31,etfs_exterior__max_sharpe,581.7696004497582
2025-04-30,etfs_exterior__max_sharpe,573.4367856392294
2025-05-31,etfs_exterior__max_sharpe,612.3946553681652
2025-06-30,etfs_exterior__max_sharpe,618.4907231991803
2025-07-31,etfs_exterior__max_sharpe,632.9542692988142
2025-08-31,etfs_exterior__max_sharpe,627.049372991116
2025-09-30,etfs_exterior__max_sharpe,632.3671486214641
2025-10-31,etfs_exterior__max_sharpe,677.5616895830141
2025-11-30,etfs_exterior__max_sharpe,672.6153802025682
2025-12-31,etfs_exterior__max_sharpe,696.91643273719
2026-01-31,etfs_exterior__max_sharpe,698.857260774467
2026-02-28,etfs_exterior__max_sharpe,711.7715023406798
2026-03-31,etfs_exterior__max_sharpe,693.8744683527899
2026-04-30,etfs_exterior__max_sharpe,699.8424389171778
2015-02-28,etfs_com_petroleo__min_vol,115.37142876842688
2015-03-31,etfs_com_petroleo__min_vol,123.91314847005546
2015-04-30,etfs_com_petroleo__min_vol,122.52859389463862
2015-05-31,etfs_com_petroleo__min_vol,127.32991110139751
2015-06-30,etfs_com_petroleo__min_vol,122.73876046817205
2015-07-31,etfs_com_petroleo__min_vol,126.75806014932849
2015-08-31,etfs_com_petroleo__min_vol,123.19801226721904
2015-09-30,etfs_com_petroleo__min_vol,131.1885370449448
2015-10-31,etfs_com_petroleo__min_vol,134.12069848542228
2015-11-30,etfs_com_petroleo__min_vol,130.89841303896836
2015-12-31,etfs_com_petroleo__min_vol,129.34035568110914
2016-01-31,etfs_com_petroleo__min_vol,123.72492551532682
2016-02-29,etfs_com_petroleo__min_vol,120.698238261945
2016-03-31,etfs_com_petroleo__min_vol,122.71405379132096
2016-04-30,etfs_com_petroleo__min_vol,123.5787552293019
2016-05-31,etfs_com_petroleo__min_vol,123.97395576753836
2016-06-30,etfs_com_petroleo__min_vol,117.24442402856585
2016-07-31,etfs_com_petroleo__min_vol,124.46011417566037
2016-08-31,etfs_com_petroleo__min_vol,124.00276388036457
2016-09-30,etfs_com_petroleo__min_vol,127.19261359157052
2016-10-31,etfs_com_petroleo__min_vol,126.172900389359
2016-11-30,etfs_com_petroleo__min_vol,131.09961305645172
2016-12-31,etfs_com_petroleo__min_vol,124.88868169294045
2017-01-31,etfs_com_petroleo__min_vol,127.27303103703048
2017-02-28,etfs_com_petroleo__min_vol,129.75737859616774
2017-03-31,etfs_com_petroleo__min_vol,132.79606002886507
2017-04-30,etfs_com_petroleo__min_vol,135.69451441327308
2017-05-31,etfs_com_petroleo__min_vol,140.19205119047837
2017-06-30,etfs_com_petroleo__min_vol,141.9210602567954
2017-07-31,etfs_com_petroleo__min_vol,143.80358332780926
2017-08-31,etfs_com_petroleo__min_vol,145.59348523118658
2017-09-30,etfs_com_petroleo__min_vol,149.7833818395124
2017-10-31,etfs_com_petroleo__min_vol,156.58972788628617
2017-11-30,etfs_com_petroleo__min_vol,155.32056057539444
2017-12-31,etfs_com_petroleo__min_vol,164.38088277189408
2018-01-31,etfs_com_petroleo__min_vol,168.8643600192384
2018-02-28,etfs_com_petroleo__min_vol,165.06441162059332
2018-03-31,etfs_com_petroleo__min_vol,167.87941646147792
2018-04-30,etfs_com_petroleo__min_vol,175.68581365707456
2018-05-31,etfs_com_petroleo__min_vol,180.4295142034582
2018-06-30,etfs_com_petroleo__min_vol,182.07697503477516
2018-07-31,etfs_com_petroleo__min_vol,182.6590554712085
2018-08-31,etfs_com_petroleo__min_vol,194.4101859683639
2018-09-30,etfs_com_petroleo__min_vol,190.97987788921697
2018-10-31,etfs_com_petroleo__min_vol,170.2478807914989
2018-11-30,etfs_com_petroleo__min_vol,178.46708462702662
2018-12-31,etfs_com_petroleo__min_vol,171.8344896854404
2019-01-31,etfs_com_petroleo__min_vol,180.6615036401651
2019-02-28,etfs_com_petroleo__min_vol,184.70909014164135
2019-03-31,etfs_com_petroleo__min_vol,192.99069027242032
2019-04-30,etfs_com_petroleo__min_vol,199.12048108203737
2019-05-31,etfs_com_petroleo__min_vol,190.0832012068899
2019-06-30,etfs_com_petroleo__min_vol,195.1525702200524
2019-07-31,etfs_com_petroleo__min_vol,192.41905872441404
2019-08-31,etfs_com_petroleo__min_vol,200.34017391245462
2019-09-30,etfs_com_petroleo__min_vol,204.5372469023205
2019-10-31,etfs_com_petroleo__min_vol,202.75745541520854
2019-11-30,etfs_com_petroleo__min_vol,213.43237976840732
2019-12-31,etfs_com_petroleo__min_vol,219.154674795735
2020-01-31,etfs_com_petroleo__min_vol,219.49844985124898
2020-02-29,etfs_com_petroleo__min_vol,212.71664356774957
2020-03-31,etfs_com_petroleo__min_vol,187.34697579470114
2020-04-30,etfs_com_petroleo__min_vol,203.70244366726027
2020-05-31,etfs_com_petroleo__min_vol,217.86863025869144
2020-06-30,etfs_com_petroleo__min_vol,231.8340820886451
2020-07-31,etfs_com_petroleo__min_vol,233.36879568880957
2020-08-31,etfs_com_petroleo__min_vol,248.68457965678195
2020-09-30,etfs_com_petroleo__min_vol,248.85622778573259
2020-10-31,etfs_com_petroleo__min_vol,248.48653149947828
2020-11-30,etfs_com_petroleo__min_vol,267.02917870698866
2020-12-31,etfs_com_petroleo__min_vol,278.0762020007673
2021-01-31,etfs_com_petroleo__min_vol,287.9035452978574
2021-02-28,etfs_com_petroleo__min_vol,299.94322828135523
2021-03-31,etfs_com_petroleo__min_vol,318.8468804953397
2021-04-30,etfs_com_petroleo__min_vol,307.26124904371915
2021-05-31,etfs_com_petroleo__min_vol,311.7953714627633
2021-06-30,etfs_com_petroleo__min_vol,299.3387097397859
2021-07-31,etfs_com_petroleo__min_vol,299.54745456796013
2021-08-31,etfs_com_petroleo__min_vol,305.86763243231115
2021-09-30,etfs_com_petroleo__min_vol,306.3462724593404
2021-10-31,etfs_com_petroleo__min_vol,317.6015712099344
2021-11-30,etfs_com_petroleo__min_vol,302.4268442028348
2021-12-31,etfs_com_petroleo__min_vol,312.4967118100699
2022-01-31,etfs_com_petroleo__min_vol,308.2040270090939
2022-02-28,etfs_com_petroleo__min_vol,295.03974376711545
2022-03-31,etfs_com_petroleo__min_vol,285.92428125494143
2022-04-30,etfs_com_petroleo__min_vol,273.4256174685965
2022-05-31,etfs_com_petroleo__min_vol,273.46536932203503
2022-06-30,etfs_com_petroleo__min_vol,267.79909655005054
2022-07-31,etfs_com_petroleo__min_vol,277.3151474330756
2022-08-31,etfs_com_petroleo__min_vol,272.0014802943044
2022-09-30,etfs_com_petroleo__min_vol,260.5256114232832
2022-10-31,etfs_com_petroleo__min_vol,266.2295481334098
2022-11-30,etfs_com_petroleo__min_vol,288.3097560068087
2022-12-31,etfs_com_petroleo__min_vol,284.4843632463971
2023-01-31,etfs_com_petroleo__min_vol,295.55812531572013
2023-02-28,etfs_com_petroleo__min_vol,283.23814712107145
2023-03-31,etfs_com_petroleo__min_vol,282.79930078661386
2023-04-30,etfs_com_petroleo__min_vol,281.6564142148952
2023-05-31,etfs_com_petroleo__min_vol,280.47606178134396
2023-06-30,etfs_com_petroleo__min_vol,288.4648141021117
2023-07-31,etfs_com_petroleo__min_vol,295.09645304112684
2023-08-31,etfs_com_petroleo__min_vol,288.63838910405025
2023-09-30,etfs_com_petroleo__min_vol,288.12944223014796
2023-10-31,etfs_com_petroleo__min_vol,277.1693870547927
2023-11-30,etfs_com_petroleo__min_vol,292.41235019120427
2023-12-31,etfs_com_petroleo__min_vol,302.7132011137539
2024-01-31,etfs_com_petroleo__min_vol,299.1433697392576
2024-02-29,etfs_com_petroleo__min_vol,307.73103966295224
2024-03-31,etfs_com_petroleo__min_vol,316.50742159758596
2024-04-30,etfs_com_petroleo__min_vol,317.23214419763536
2024-05-31,etfs_com_petroleo__min_vol,327.7509009166882
2024-06-30,etfs_com_petroleo__min_vol,341.5402000227842
2024-07-31,etfs_com_petroleo__min_vol,352.6036234807411
2024-08-31,etfs_com_petroleo__min_vol,363.7990818838305
2024-09-30,etfs_com_petroleo__min_vol,359.75044294209255
2024-10-31,etfs_com_petroleo__min_vol,367.3209761371963
2024-11-30,etfs_com_petroleo__min_vol,379.42702979594577
2024-12-31,etfs_com_petroleo__min_vol,376.2164937644868
2025-01-31,etfs_com_petroleo__min_vol,374.2575492191101
2025-02-28,etfs_com_petroleo__min_vol,374.66960347226063
2025-03-31,etfs_com_petroleo__min_vol,375.9877701507458
2025-04-30,etfs_com_petroleo__min_vol,374.29166664871525
2025-05-31,etfs_com_petroleo__min_vol,395.42277774345183
2025-06-30,etfs_com_petroleo__min_vol,399.93646549546673
2025-07-31,etfs_com_petroleo__min_vol,403.88952385101595
2025-08-31,etfs_com_petroleo__min_vol,408.24051058313097
2025-09-30,etfs_com_petroleo__min_vol,412.93305278335544
2025-10-31,etfs_com_petroleo__min_vol,427.0981901015313
2025-11-30,etfs_com_petroleo__min_vol,432.28971890059586
2025-12-31,etfs_com_petroleo__min_vol,444.4283161895852
2026-01-31,etfs_com_petroleo__min_vol,460.36022734314435
2026-02-28,etfs_com_petroleo__min_vol,474.367955257354
2026-03-31,etfs_com_petroleo__min_vol,472.84098013524095
2026-04-30,etfs_com_petroleo__min_vol,475.9292874335003
2015-02-28,etfs_todos__min_vol,115.60860816298928
2015-03-31,etfs_todos__min_vol,124.5776649821527
2015-04-30,etfs_todos__min_vol,121.95542500217131
2015-05-31,etfs_todos__min_vol,126.71953981218292
2015-06-30,etfs_todos__min_vol,122.16766871107738
2015-07-31,etfs_todos__min_vol,127.80739611101879
2015-08-31,etfs_todos__min_vol,123.32618279747325
2015-09-30,etfs_todos__min_vol,131.7804670817706
2015-10-31,etfs_todos__min_vol,135.18503792380807
2015-11-30,etfs_todos__min_vol,132.95265240730942
2015-12-31,etfs_todos__min_vol,132.28512060731362
2016-01-31,etfs_todos__min_vol,127.02384581559171
2016-02-29,etfs_todos__min_vol,124.29725865996136
2016-03-31,etfs_todos__min_vol,126.49133994685519
2016-04-30,etfs_todos__min_vol,126.19501118989207
2016-05-31,etfs_todos__min_vol,126.02805176124185
2016-06-30,etfs_todos__min_vol,119.39320770163178
2016-07-31,etfs_todos__min_vol,128.06854717331294
2016-08-31,etfs_todos__min_vol,127.31247405926429
2016-09-30,etfs_todos__min_vol,130.16472265849364
2016-10-31,etfs_todos__min_vol,129.27891382245642
2016-11-30,etfs_todos__min_vol,133.6095765078645
2016-12-31,etfs_todos__min_vol,126.7770704889057
2017-01-31,etfs_todos__min_vol,129.74335596588787
2017-02-28,etfs_todos__min_vol,132.334299670891
2017-03-31,etfs_todos__min_vol,136.36540896197255
2017-04-30,etfs_todos__min_vol,139.86360628633955
2017-05-31,etfs_todos__min_vol,144.93853151100237
2017-06-30,etfs_todos__min_vol,147.42312490325483
2017-07-31,etfs_todos__min_vol,148.94024665531506
2017-08-31,etfs_todos__min_vol,151.36167255666234
2017-09-30,etfs_todos__min_vol,154.91724128197635
2017-10-31,etfs_todos__min_vol,161.32400058540486
2017-11-30,etfs_todos__min_vol,159.8679200236844
2017-12-31,etfs_todos__min_vol,168.54026938802744
2018-01-31,etfs_todos__min_vol,173.03368335171876
2018-02-28,etfs_todos__min_vol,169.01588895061852
2018-03-31,etfs_todos__min_vol,171.3983915076174
2018-04-30,etfs_todos__min_vol,178.67653997485345
2018-05-31,etfs_todos__min_vol,183.2567604776301
2018-06-30,etfs_todos__min_vol,183.80061946355463
2018-07-31,etfs_todos__min_vol,185.47224776613115
2018-08-31,etfs_todos__min_vol,196.9708229207451
2018-09-30,etfs_todos__min_vol,192.80980649123794
2018-10-31,etfs_todos__min_vol,171.83833996665447
2018-11-30,etfs_todos__min_vol,182.59674199798306
2018-12-31,etfs_todos__min_vol,176.6153844790729
2019-01-31,etfs_todos__min_vol,184.72135778623016
2019-02-28,etfs_todos__min_vol,188.32168801892826
2019-03-31,etfs_todos__min_vol,196.4745715618308
2019-04-30,etfs_todos__min_vol,202.50673846525729
2019-05-31,etfs_todos__min_vol,194.61775869926984
2019-06-30,etfs_todos__min_vol,199.38055635833294
2019-07-31,etfs_todos__min_vol,196.39870685925948
2019-08-31,etfs_todos__min_vol,205.01334150448224
2019-09-30,etfs_todos__min_vol,209.649260355305
2019-10-31,etfs_todos__min_vol,208.60870173668582
2019-11-30,etfs_todos__min_vol,219.6424548444122
2019-12-31,etfs_todos__min_vol,224.6700500155589
2020-01-31,etfs_todos__min_vol,227.15319188819905
2020-02-29,etfs_todos__min_vol,221.22422419560812
2020-03-31,etfs_todos__min_vol,200.50785486830821
2020-04-30,etfs_todos__min_vol,224.05408653209676
2020-05-31,etfs_todos__min_vol,235.8294062796808
2020-06-30,etfs_todos__min_vol,250.10955929585901
2020-07-31,etfs_todos__min_vol,251.89127165528419
2020-08-31,etfs_todos__min_vol,268.5696774963693
2020-09-30,etfs_todos__min_vol,270.0087033279862
2020-10-31,etfs_todos__min_vol,271.5063291408497
2020-11-30,etfs_todos__min_vol,290.31988042601927
2020-12-31,etfs_todos__min_vol,301.9861067030516
2021-01-31,etfs_todos__min_vol,311.2209905990161
2021-02-28,etfs_todos__min_vol,321.01091970132825
2021-03-31,etfs_todos__min_vol,341.90979846421857
2021-04-30,etfs_todos__min_vol,329.19536308758785
2021-05-31,etfs_todos__min_vol,334.10153053732705
2021-06-30,etfs_todos__min_vol,319.02576881304736
2021-07-31,etfs_todos__min_vol,318.8950548686747
2021-08-31,etfs_todos__min_vol,327.01573747606415
2021-09-30,etfs_todos__min_vol,324.843251732916
2021-10-31,etfs_todos__min_vol,335.83375260401334
2021-11-30,etfs_todos__min_vol,321.89723960434856
2021-12-31,etfs_todos__min_vol,331.55656458864365
2022-01-31,etfs_todos__min_vol,322.7405776632544
2022-02-28,etfs_todos__min_vol,307.12869605169016
2022-03-31,etfs_todos__min_vol,295.91110131291595
2022-04-30,etfs_todos__min_vol,280.92202071581573
2022-05-31,etfs_todos__min_vol,278.88546299471864
2022-06-30,etfs_todos__min_vol,273.3139848046156
2022-07-31,etfs_todos__min_vol,283.6326491510567
2022-08-31,etfs_todos__min_vol,278.29153813839906
2022-09-30,etfs_todos__min_vol,267.38414138575456
2022-10-31,etfs_todos__min_vol,272.68004568690407
2022-11-30,etfs_todos__min_vol,297.45256771816344
2022-12-31,etfs_todos__min_vol,292.53466591408505
2023-01-31,etfs_todos__min_vol,306.123407419468
2023-02-28,etfs_todos__min_vol,293.25323558339005
2023-03-31,etfs_todos__min_vol,293.5952662173736
2023-04-30,etfs_todos__min_vol,292.4064619497685
2023-05-31,etfs_todos__min_vol,292.5688592719226
2023-06-30,etfs_todos__min_vol,300.8400767013913
2023-07-31,etfs_todos__min_vol,305.8493938501166
2023-08-31,etfs_todos__min_vol,297.88215944099676
2023-09-30,etfs_todos__min_vol,295.22415932051314
2023-10-31,etfs_todos__min_vol,284.75476466566613
2023-11-30,etfs_todos__min_vol,303.2274147320236
2023-12-31,etfs_todos__min_vol,315.84053986208824
2024-01-31,etfs_todos__min_vol,310.7735450388592
2024-02-29,etfs_todos__min_vol,319.4501562699335
2024-03-31,etfs_todos__min_vol,328.0096986366281
2024-04-30,etfs_todos__min_vol,328.1235077983021
2024-05-31,etfs_todos__min_vol,340.2552954838663
2024-06-30,etfs_todos__min_vol,352.8021761200342
2024-07-31,etfs_todos__min_vol,364.94336667628664
2024-08-31,etfs_todos__min_vol,377.30251841562773
2024-09-30,etfs_todos__min_vol,375.26493938847716
2024-10-31,etfs_todos__min_vol,381.49008120743696
2024-11-30,etfs_todos__min_vol,394.5357679725509
2024-12-31,etfs_todos__min_vol,389.05194461841575
2025-01-31,etfs_todos__min_vol,386.7541186521439
2025-02-28,etfs_todos__min_vol,388.25669414603055
2025-03-31,etfs_todos__min_vol,388.5599386716185
2025-04-30,etfs_todos__min_vol,391.8058476139747
2025-05-31,etfs_todos__min_vol,414.0112014363859
2025-06-30,etfs_todos__min_vol,417.823007753727
2025-07-31,etfs_todos__min_vol,420.0110145838659
2025-08-31,etfs_todos__min_vol,426.44991143496395
2025-09-30,etfs_todos__min_vol,433.631534554066
2025-10-31,etfs_todos__min_vol,448.8389561059178
2025-11-30,etfs_todos__min_vol,454.54411188256387
2025-12-31,etfs_todos__min_vol,468.2862563538903
2026-01-31,etfs_todos__min_vol,482.245370090973
2026-02-28,etfs_todos__min_vol,497.8159822708013
2026-03-31,etfs_todos__min_vol,476.7211328135845
2026-04-30,etfs_todos__min_vol,482.39448858207084
2015-02-28,etfs_america_norte__max_sharpe,118.21473328623098
2015-03-31,etfs_america_norte__max_sharpe,129.05232903173527
2015-04-30,etfs_america_norte__max_sharpe,121.85166401257801
2015-05-31,etfs_america_norte__max_sharpe,129.6215856445179
2015-06-30,etfs_america_norte__max_sharpe,124.43191264735151
2015-07-31,etfs_america_norte__max_sharpe,134.25799212738326
2015-08-31,etfs_america_norte__max_sharpe,134.3799574034956
2015-09-30,etfs_america_norte__max_sharpe,146.17696908027378
2015-10-31,etfs_america_norte__max_sharpe,152.95682298697994
2015-11-30,etfs_america_norte__max_sharpe,153.3143652383864
2015-12-31,etfs_america_norte__max_sharpe,150.63094882333047
2016-01-31,etfs_america_norte__max_sharpe,146.88874276466206
2016-02-29,etfs_america_norte__max_sharpe,141.07081419164925
2016-03-31,etfs_america_norte__max_sharpe,138.08310874557307
2016-04-30,etfs_america_norte__max_sharpe,136.4068911159971
2016-05-31,etfs_america_norte__max_sharpe,142.23981556665208
2016-06-30,etfs_america_norte__max_sharpe,129.43003176046963
2016-07-31,etfs_america_norte__max_sharpe,135.3722304473764
2016-08-31,etfs_america_norte__max_sharpe,134.77891542319776
2016-09-30,etfs_america_norte__max_sharpe,138.38827289579578
2016-10-31,etfs_america_norte__max_sharpe,133.27781544040653
2016-11-30,etfs_america_norte__max_sharpe,149.73864248785483
2016-12-31,etfs_america_norte__max_sharpe,143.3010827661975
2017-01-31,etfs_america_norte__max_sharpe,139.42016192599303
2017-02-28,etfs_america_norte__max_sharpe,141.3906944240877
2017-03-31,etfs_america_norte__max_sharpe,143.63934441292903
2017-04-30,etfs_america_norte__max_sharpe,145.53731966509028
2017-05-31,etfs_america_norte__max_sharpe,149.852591028
2017-06-30,etfs_america_norte__max_sharpe,151.08458031307822
2017-07-31,etfs_america_norte__max_sharpe,149.59909891349884
2017-08-31,etfs_america_norte__max_sharpe,147.1659823596954
2017-09-30,etfs_america_norte__max_sharpe,154.0750345885046
2017-10-31,etfs_america_norte__max_sharpe,162.48259695046184
2017-11-30,etfs_america_norte__max_sharpe,164.00691486821592
2017-12-31,etfs_america_norte__max_sharpe,171.31062797237124
2018-01-31,etfs_america_norte__max_sharpe,174.359547209492
2018-02-28,etfs_america_norte__max_sharpe,168.78265984221628
2018-03-31,etfs_america_norte__max_sharpe,169.5311821841251
2018-04-30,etfs_america_norte__max_sharpe,182.81191160920957
2018-05-31,etfs_america_norte__max_sharpe,204.04733323327147
2018-06-30,etfs_america_norte__max_sharpe,213.19446824652988
2018-07-31,etfs_america_norte__max_sharpe,211.4654351745864
2018-08-31,etfs_america_norte__max_sharpe,239.6292652695591
2018-09-30,etfs_america_norte__max_sharpe,233.8702018050824
2018-10-31,etfs_america_norte__max_sharpe,196.10387803205847
2018-11-30,etfs_america_norte__max_sharpe,204.4234021031798
2018-12-31,etfs_america_norte__max_sharpe,185.15476972970245
2019-01-31,etfs_america_norte__max_sharpe,192.49603843495538
2019-02-28,etfs_america_norte__max_sharpe,200.44253009341745
2019-03-31,etfs_america_norte__max_sharpe,215.0997041371241
2019-04-30,etfs_america_norte__max_sharpe,224.61463695257655
2019-05-31,etfs_america_norte__max_sharpe,207.22773478608104
2019-06-30,etfs_america_norte__max_sharpe,214.54658332667665
2019-07-31,etfs_america_norte__max_sharpe,214.65140847199794
2019-08-31,etfs_america_norte__max_sharpe,226.74408538589702
2019-09-30,etfs_america_norte__max_sharpe,231.27019695352553
2019-10-31,etfs_america_norte__max_sharpe,225.0860093653179
2019-11-30,etfs_america_norte__max_sharpe,243.80692040993682
2019-12-31,etfs_america_norte__max_sharpe,243.76558724066592
2020-01-31,etfs_america_norte__max_sharpe,250.65174187106604
2020-02-29,etfs_america_norte__max_sharpe,239.1389915858039
2020-03-31,etfs_america_norte__max_sharpe,226.91344685383226
2020-04-30,etfs_america_norte__max_sharpe,278.5322574079356
2020-05-31,etfs_america_norte__max_sharpe,294.6934125102052
2020-06-30,etfs_america_norte__max_sharpe,301.4511003108804
2020-07-31,etfs_america_norte__max_sharpe,295.67988308279797
2020-08-31,etfs_america_norte__max_sharpe,326.6133777156046
2020-09-30,etfs_america_norte__max_sharpe,313.74443469110605
2020-10-31,etfs_america_norte__max_sharpe,311.6014549117668
2020-11-30,etfs_america_norte__max_sharpe,336.24028426189193
2020-12-31,etfs_america_norte__max_sharpe,340.9471133486357
2021-01-31,etfs_america_norte__max_sharpe,360.7392784319865
2021-02-28,etfs_america_norte__max_sharpe,397.3982143154762
2021-03-31,etfs_america_norte__max_sharpe,427.67051856810684
2021-04-30,etfs_america_norte__max_sharpe,411.07270184886
2021-05-31,etfs_america_norte__max_sharpe,410.45532391135015
2021-06-30,etfs_america_norte__max_sharpe,404.7592687243655
2021-07-31,etfs_america_norte__max_sharpe,410.824928195161
2021-08-31,etfs_america_norte__max_sharpe,426.36450715554906
2021-09-30,etfs_america_norte__max_sharpe,443.30363030168076
2021-10-31,etfs_america_norte__max_sharpe,501.02117963306415
2021-11-30,etfs_america_norte__max_sharpe,490.77176043406104
2021-12-31,etfs_america_norte__max_sharpe,502.35253358478894
2022-01-31,etfs_america_norte__max_sharpe,491.29327379198315
2022-02-28,etfs_america_norte__max_sharpe,472.11236387137285
2022-03-31,etfs_america_norte__max_sharpe,462.29879049775803
2022-04-30,etfs_america_norte__max_sharpe,440.208221645359
2022-05-31,etfs_america_norte__max_sharpe,444.4029743282212
2022-06-30,etfs_america_norte__max_sharpe,429.1983962201571
2022-07-31,etfs_america_norte__max_sharpe,474.3194854418522
2022-08-31,etfs_america_norte__max_sharpe,458.5049173011187
2022-09-30,etfs_america_norte__max_sharpe,435.8185034243148
2022-10-31,etfs_america_norte__max_sharpe,479.9303222945972
2022-11-30,etfs_america_norte__max_sharpe,497.81897993825527
2022-12-31,etfs_america_norte__max_sharpe,469.69707561921217
2023-01-31,etfs_america_norte__max_sharpe,484.53393498600263
2023-02-28,etfs_america_norte__max_sharpe,476.4554616248287
2023-03-31,etfs_america_norte__max_sharpe,487.19261970468955
2023-04-30,etfs_america_norte__max_sharpe,483.79484073977375
2023-05-31,etfs_america_norte__max_sharpe,486.74054841557916
2023-06-30,etfs_america_norte__max_sharpe,500.23699659486016
2023-07-31,etfs_america_norte__max_sharpe,510.78699594385506
2023-08-31,etfs_america_norte__max_sharpe,526.0647894807275
2023-09-30,etfs_america_norte__max_sharpe,528.2086600559826
2023-10-31,etfs_america_norte__max_sharpe,511.9701680121607
2023-11-30,etfs_america_norte__max_sharpe,529.4686710490014
2023-12-31,etfs_america_norte__max_sharpe,541.5053196805711
2024-01-31,etfs_america_norte__max_sharpe,558.0217605342614
2024-02-29,etfs_america_norte__max_sharpe,585.6485834027815
2024-03-31,etfs_america_norte__max_sharpe,617.8402132272341
2024-04-30,etfs_america_norte__max_sharpe,613.7850735477981
2024-05-31,etfs_america_norte__max_sharpe,646.5971489522829
2024-06-30,etfs_america_norte__max_sharpe,703.2494416611491
2024-07-31,etfs_america_norte__max_sharpe,721.6770303813281
2024-08-31,etfs_america_norte__max_sharpe,727.1170278154821
2024-09-30,etfs_america_norte__max_sharpe,705.974157720832
2024-10-31,etfs_america_norte__max_sharpe,746.5970475061991
2024-11-30,etfs_america_norte__max_sharpe,828.9293220947508
2024-12-31,etfs_america_norte__max_sharpe,818.8026422620073
2025-01-31,etfs_america_norte__max_sharpe,797.1744743812104
2025-02-28,etfs_america_norte__max_sharpe,791.9897818517701
2025-03-31,etfs_america_norte__max_sharpe,755.8552109092007
2025-04-30,etfs_america_norte__max_sharpe,704.952612962773
2025-05-31,etfs_america_norte__max_sharpe,750.2672249461302
2025-06-30,etfs_america_norte__max_sharpe,765.189120583568
2025-07-31,etfs_america_norte__max_sharpe,798.3530032335173
2025-08-31,etfs_america_norte__max_sharpe,792.285917723852
2025-09-30,etfs_america_norte__max_sharpe,801.3038399246266
2025-10-31,etfs_america_norte__max_sharpe,826.0770792608687
2025-11-30,etfs_america_norte__max_sharpe,825.4643242469753
2025-12-31,etfs_america_norte__max_sharpe,841.5906297827515
2026-01-31,etfs_america_norte__max_sharpe,842.3682494546252
2026-02-28,etfs_america_norte__max_sharpe,851.4260368934092
2026-03-31,etfs_america_norte__max_sharpe,873.965438922663
2026-04-30,etfs_america_norte__max_sharpe,852.340533354497
2015-02-28,etfs_america_norte__min_vol,118.21473328623098
2015-03-31,etfs_america_norte__min_vol,129.05232903173527
2015-04-30,etfs_america_norte__min_vol,121.85166401257801
2015-05-31,etfs_america_norte__min_vol,129.6215856445179
2015-06-30,etfs_america_norte__min_vol,124.43191264735151
2015-07-31,etfs_america_norte__min_vol,134.25799212738326
2015-08-31,etfs_america_norte__min_vol,134.3799574034956
2015-09-30,etfs_america_norte__min_vol,146.17696908027378
2015-10-31,etfs_america_norte__min_vol,152.95682298697994
2015-11-30,etfs_america_norte__min_vol,153.3143652383864
2015-12-31,etfs_america_norte__min_vol,150.63094882333047
2016-01-31,etfs_america_norte__min_vol,146.88874276466206
2016-02-29,etfs_america_norte__min_vol,141.07081419164925
2016-03-31,etfs_america_norte__min_vol,138.08310874557307
2016-04-30,etfs_america_norte__min_vol,136.4068911159971
2016-05-31,etfs_america_norte__min_vol,142.23981556665208
2016-06-30,etfs_america_norte__min_vol,129.43003176046963
2016-07-31,etfs_america_norte__min_vol,135.3722304473764
2016-08-31,etfs_america_norte__min_vol,134.77891542319776
2016-09-30,etfs_america_norte__min_vol,138.38827289579578
2016-10-31,etfs_america_norte__min_vol,133.27781544040653
2016-11-30,etfs_america_norte__min_vol,149.73864248785483
2016-12-31,etfs_america_norte__min_vol,143.3010827661975
2017-01-31,etfs_america_norte__min_vol,139.42016192599303
2017-02-28,etfs_america_norte__min_vol,141.3906944240877
2017-03-31,etfs_america_norte__min_vol,143.63934441292903
2017-04-30,etfs_america_norte__min_vol,145.53731966509028
2017-05-31,etfs_america_norte__min_vol,149.852591028
2017-06-30,etfs_america_norte__min_vol,151.08458031307822
2017-07-31,etfs_america_norte__min_vol,149.59909891349884
2017-08-31,etfs_america_norte__min_vol,147.1659823596954
2017-09-30,etfs_america_norte__min_vol,154.0750345885046
2017-10-31,etfs_america_norte__min_vol,162.48259695046184
2017-11-30,etfs_america_norte__min_vol,164.00691486821592
2017-12-31,etfs_america_norte__min_vol,171.31062797237124
2018-01-31,etfs_america_norte__min_vol,174.359547209492
2018-02-28,etfs_america_norte__min_vol,168.78265984221628
2018-03-31,etfs_america_norte__min_vol,169.5311821841251
2018-04-30,etfs_america_norte__min_vol,182.81191160920957
2018-05-31,etfs_america_norte__min_vol,204.04733323327147
2018-06-30,etfs_america_norte__min_vol,213.19446824652988
2018-07-31,etfs_america_norte__min_vol,211.4654351745864
2018-08-31,etfs_america_norte__min_vol,239.6292652695591
2018-09-30,etfs_america_norte__min_vol,233.8702018050824
2018-10-31,etfs_america_norte__min_vol,196.10387803205847
2018-11-30,etfs_america_norte__min_vol,204.4234021031798
2018-12-31,etfs_america_norte__min_vol,185.15476972970245
2019-01-31,etfs_america_norte__min_vol,192.49603843495538
2019-02-28,etfs_america_norte__min_vol,200.44253009341745
2019-03-31,etfs_america_norte__min_vol,215.0997041371241
2019-04-30,etfs_america_norte__min_vol,224.61463695257655
2019-05-31,etfs_america_norte__min_vol,207.22773478608104
2019-06-30,etfs_america_norte__min_vol,214.54658332667665
2019-07-31,etfs_america_norte__min_vol,214.65140847199794
2019-08-31,etfs_america_norte__min_vol,226.74408538589702
2019-09-30,etfs_america_norte__min_vol,231.27019695352553
2019-10-31,etfs_america_norte__min_vol,225.0860093653179
2019-11-30,etfs_america_norte__min_vol,243.80692040993682
2019-12-31,etfs_america_norte__min_vol,243.76558724066592
2020-01-31,etfs_america_norte__min_vol,250.65174187106604
2020-02-29,etfs_america_norte__min_vol,239.1389915858039
2020-03-31,etfs_america_norte__min_vol,226.91344685383226
2020-04-30,etfs_america_norte__min_vol,278.5322574079356
2020-05-31,etfs_america_norte__min_vol,294.6934125102052
2020-06-30,etfs_america_norte__min_vol,301.4511003108804
2020-07-31,etfs_america_norte__min_vol,295.67988308279797
2020-08-31,etfs_america_norte__min_vol,326.6133777156046
2020-09-30,etfs_america_norte__min_vol,313.74443469110605
2020-10-31,etfs_america_norte__min_vol,311.6014549117668
2020-11-30,etfs_america_norte__min_vol,336.24028426189193
2020-12-31,etfs_america_norte__min_vol,340.9471133486357
2021-01-31,etfs_america_norte__min_vol,360.7392784319865
2021-02-28,etfs_america_norte__min_vol,397.3982143154762
2021-03-31,etfs_america_norte__min_vol,427.67051856810684
2021-04-30,etfs_america_norte__min_vol,411.07270184886
2021-05-31,etfs_america_norte__min_vol,410.45532391135015
2021-06-30,etfs_america_norte__min_vol,404.7592687243655
2021-07-31,etfs_america_norte__min_vol,410.824928195161
2021-08-31,etfs_america_norte__min_vol,426.36450715554906
2021-09-30,etfs_america_norte__min_vol,443.30363030168076
2021-10-31,etfs_america_norte__min_vol,501.02117963306415
2021-11-30,etfs_america_norte__min_vol,490.77176043406104
2021-12-31,etfs_america_norte__min_vol,502.35253358478894
2022-01-31,etfs_america_norte__min_vol,491.29327379198315
2022-02-28,etfs_america_norte__min_vol,472.11236387137285
2022-03-31,etfs_america_norte__min_vol,462.29879049775803
2022-04-30,etfs_america_norte__min_vol,440.208221645359
2022-05-31,etfs_america_norte__min_vol,444.4029743282212
2022-06-30,etfs_america_norte__min_vol,429.1983962201571
2022-07-31,etfs_america_norte__min_vol,474.3194854418522
2022-08-31,etfs_america_norte__min_vol,458.5049173011187
2022-09-30,etfs_america_norte__min_vol,435.8185034243148
2022-10-31,etfs_america_norte__min_vol,479.9303222945972
2022-11-30,etfs_america_norte__min_vol,497.81897993825527
2022-12-31,etfs_america_norte__min_vol,469.69707561921217
2023-01-31,etfs_america_norte__min_vol,484.53393498600263
2023-02-28,etfs_america_norte__min_vol,476.4554616248287
2023-03-31,etfs_america_norte__min_vol,487.19261970468955
2023-04-30,etfs_america_norte__min_vol,483.79484073977375
2023-05-31,etfs_america_norte__min_vol,486.74054841557916
2023-06-30,etfs_america_norte__min_vol,500.23699659486016
2023-07-31,etfs_america_norte__min_vol,510.78699594385506
2023-08-31,etfs_america_norte__min_vol,526.0647894807275
2023-09-30,etfs_america_norte__min_vol,528.2086600559826
2023-10-31,etfs_america_norte__min_vol,511.9701680121607
2023-11-30,etfs_america_norte__min_vol,529.4686710490014
2023-12-31,etfs_america_norte__min_vol,541.5053196805711
2024-01-31,etfs_america_norte__min_vol,558.0217605342614
2024-02-29,etfs_america_norte__min_vol,585.6485834027815
2024-03-31,etfs_america_norte__min_vol,617.8402132272341
2024-04-30,etfs_america_norte__min_vol,613.7850735477981
2024-05-31,etfs_america_norte__min_vol,646.5971489522829
2024-06-30,etfs_america_norte__min_vol,703.2494416611491
2024-07-31,etfs_america_norte__min_vol,721.6770303813281
2024-08-31,etfs_america_norte__min_vol,727.1170278154821
2024-09-30,etfs_america_norte__min_vol,705.974157720832
2024-10-31,etfs_america_norte__min_vol,746.5970475061991
2024-11-30,etfs_america_norte__min_vol,828.9293220947508
2024-12-31,etfs_america_norte__min_vol,818.8026422620073
2025-01-31,etfs_america_norte__min_vol,797.1744743812104
2025-02-28,etfs_america_norte__min_vol,791.9897818517701
2025-03-31,etfs_america_norte__min_vol,755.8552109092007
2025-04-30,etfs_america_norte__min_vol,704.952612962773
2025-05-31,etfs_america_norte__min_vol,750.2672249461302
2025-06-30,etfs_america_norte__min_vol,765.189120583568
2025-07-31,etfs_america_norte__min_vol,798.3530032335173
2025-08-31,etfs_america_norte__min_vol,792.285917723852
2025-09-30,etfs_america_norte__min_vol,801.3038399246266
2025-10-31,etfs_america_norte__min_vol,826.0770792608687
2025-11-30,etfs_america_norte__min_vol,825.4643242469753
2025-12-31,etfs_america_norte__min_vol,841.5906297827515
2026-01-31,etfs_america_norte__min_vol,842.3682494546252
2026-02-28,etfs_america_norte__min_vol,851.4260368934092
2026-03-31,etfs_america_norte__min_vol,873.965438922663
2026-04-30,etfs_america_norte__min_vol,852.340533354497
2015-02-28,etfs_global__max_sharpe,118.28407822340591
2015-03-31,etfs_global__max_sharpe,129.6496974144663
2015-04-30,etfs_global__max_sharpe,122.33725954035049
2015-05-31,etfs_global__max_sharpe,130.98384570626845
2015-06-30,etfs_global__max_sharpe,125.86422030342217
2015-07-31,etfs_global__max_sharpe,137.4671209363393
2015-08-31,etfs_global__max_sharpe,135.88935098288826
2015-09-30,etfs_global__max_sharpe,148.19035378719155
2015-10-31,etfs_global__max_sharpe,150.6795760909443
2015-11-30,etfs_global__max_sharpe,149.8574704899686
2015-12-31,etfs_global__max_sharpe,151.05050722140382
2016-01-31,etfs_global__max_sharpe,146.61989358720655
2016-02-29,etfs_global__max_sharpe,140.34042945904326
2016-03-31,etfs_global__max_sharpe,136.86450043165596
2016-04-30,etfs_global__max_sharpe,134.4900308386643
2016-05-31,etfs_global__max_sharpe,138.19533283482366
2016-06-30,etfs_global__max_sharpe,124.46015027323895
2016-07-31,etfs_global__max_sharpe,131.24229445526603
2016-08-31,etfs_global__max_sharpe,129.91219066900297
2016-09-30,etfs_global__max_sharpe,132.27853007772802
2016-10-31,etfs_global__max_sharpe,127.27211274161748
2016-11-30,etfs_global__max_sharpe,137.56228577476804
2016-12-31,etfs_global__max_sharpe,132.22440054306142
2017-01-31,etfs_global__max_sharpe,131.12451239091456
2017-02-28,etfs_global__max_sharpe,132.99484988634697
2017-03-31,etfs_global__max_sharpe,137.45335444224594
2017-04-30,etfs_global__max_sharpe,141.43607846635467
2017-05-31,etfs_global__max_sharpe,148.42630212029454
2017-06-30,etfs_global__max_sharpe,151.57743422201273
2017-07-31,etfs_global__max_sharpe,149.85792514539372
2017-08-31,etfs_global__max_sharpe,149.38529745860762
2017-09-30,etfs_global__max_sharpe,153.69077967397894
2017-10-31,etfs_global__max_sharpe,162.0248462882275
2017-11-30,etfs_global__max_sharpe,162.47687603209965
2017-12-31,etfs_global__max_sharpe,168.3936586136052
2018-01-31,etfs_global__max_sharpe,170.28716056481764
2018-02-28,etfs_global__max_sharpe,165.84883222594635
2018-03-31,etfs_global__max_sharpe,167.67483118672487
2018-04-30,etfs_global__max_sharpe,175.90390369420902
2018-05-31,etfs_global__max_sharpe,189.0880538779896
2018-06-30,etfs_global__max_sharpe,194.21597968941285
2018-07-31,etfs_global__max_sharpe,192.7475086934041
2018-08-31,etfs_global__max_sharpe,214.3627017100649
2018-09-30,etfs_global__max_sharpe,208.27168898801864
2018-10-31,etfs_global__max_sharpe,176.5466623293607
2018-11-30,etfs_global__max_sharpe,186.36491704403383
2018-12-31,etfs_global__max_sharpe,174.91065290054337
2019-01-31,etfs_global__max_sharpe,179.22476946652984
2019-02-28,etfs_global__max_sharpe,186.0651055513034
2019-03-31,etfs_global__max_sharpe,196.67484246584382
2019-04-30,etfs_global__max_sharpe,205.48334454152902
2019-05-31,etfs_global__max_sharpe,195.4199648304211
2019-06-30,etfs_global__max_sharpe,199.0590610681294
2019-07-31,etfs_global__max_sharpe,196.36824275936925
2019-08-31,etfs_global__max_sharpe,211.53688494329344
2019-09-30,etfs_global__max_sharpe,216.37317047854742
2019-10-31,etfs_global__max_sharpe,213.52639152342138
2019-11-30,etfs_global__max_sharpe,229.0035972681112
2019-12-31,etfs_global__max_sharpe,227.23977468187425
2020-01-31,etfs_global__max_sharpe,235.26303877281282
2020-02-29,etfs_global__max_sharpe,230.1754388256606
2020-03-31,etfs_global__max_sharpe,228.01720761566543
2020-04-30,etfs_global__max_sharpe,255.50703630289232
2020-05-31,etfs_global__max_sharpe,272.50059882739447
2020-06-30,etfs_global__max_sharpe,281.06045605595347
2020-07-31,etfs_global__max_sharpe,280.0186705053868
2020-08-31,etfs_global__max_sharpe,309.6416680363274
2020-09-30,etfs_global__max_sharpe,315.17503693119824
2020-10-31,etfs_global__max_sharpe,314.9913995915888
2020-11-30,etfs_global__max_sharpe,328.5665960076026
2020-12-31,etfs_global__max_sharpe,335.46617201957815
2021-01-31,etfs_global__max_sharpe,349.9677363770688
2021-02-28,etfs_global__max_sharpe,364.5316839838698
2021-03-31,etfs_global__max_sharpe,391.3429665936789
2021-04-30,etfs_global__max_sharpe,375.62295902257915
2021-05-31,etfs_global__max_sharpe,376.85633783236415
2021-06-30,etfs_global__max_sharpe,358.29706410208394
2021-07-31,etfs_global__max_sharpe,369.8450495955118
2021-08-31,etfs_global__max_sharpe,384.54004123607206
2021-09-30,etfs_global__max_sharpe,386.01477174933746
2021-10-31,etfs_global__max_sharpe,420.9261947706074
2021-11-30,etfs_global__max_sharpe,404.3138313749291
2021-12-31,etfs_global__max_sharpe,418.2265441882924
2022-01-31,etfs_global__max_sharpe,385.2115702676487
2022-02-28,etfs_global__max_sharpe,360.14032672549945
2022-03-31,etfs_global__max_sharpe,337.93458251463153
2022-04-30,etfs_global__max_sharpe,323.0805197417888
2022-05-31,etfs_global__max_sharpe,313.63846893012504
2022-06-30,etfs_global__max_sharpe,312.97013516233227
2022-07-31,etfs_global__max_sharpe,333.2690639020079
2022-08-31,etfs_global__max_sharpe,313.7299200494426
2022-09-30,etfs_global__max_sharpe,298.8185052454325
2022-10-31,etfs_global__max_sharpe,311.2086984782697
2022-11-30,etfs_global__max_sharpe,340.1554228343401
2022-12-31,etfs_global__max_sharpe,328.44165035321754
2023-01-31,etfs_global__max_sharpe,343.5179265128714
2023-02-28,etfs_global__max_sharpe,337.60205990991744
2023-03-31,etfs_global__max_sharpe,340.38852334846473
2023-04-30,etfs_global__max_sharpe,338.8388991529478
2023-05-31,etfs_global__max_sharpe,335.9848982533821
2023-06-30,etfs_global__max_sharpe,341.33078100489854
2023-07-31,etfs_global__max_sharpe,343.60552411383344
2023-08-31,etfs_global__max_sharpe,344.1200921222043
2023-09-30,etfs_global__max_sharpe,339.73663799731344
2023-10-31,etfs_global__max_sharpe,330.58758711237164
2023-11-30,etfs_global__max_sharpe,349.8824438938548
2023-12-31,etfs_global__max_sharpe,363.9834857107846
2024-01-31,etfs_global__max_sharpe,370.49187706001817
2024-02-29,etfs_global__max_sharpe,386.3150844830595
2024-03-31,etfs_global__max_sharpe,401.18365949214166
2024-04-30,etfs_global__max_sharpe,396.91325994975205
2024-05-31,etfs_global__max_sharpe,422.12733578823827
2024-06-30,etfs_global__max_sharpe,449.2716939943321
2024-07-31,etfs_global__max_sharpe,468.28732410839314
2024-08-31,etfs_global__max_sharpe,481.7863413028892
2024-09-30,etfs_global__max_sharpe,473.61934265256593
2024-10-31,etfs_global__max_sharpe,486.56308702575404
2024-11-30,etfs_global__max_sharpe,522.3206935646607
2024-12-31,etfs_global__max_sharpe,520.2876387953155
2025-01-31,etfs_global__max_sharpe,512.2654422174422
2025-02-28,etfs_global__max_sharpe,511.8050519996613
2025-03-31,etfs_global__max_sharpe,492.59742915606023
2025-04-30,etfs_global__max_sharpe,488.93960576350486
2025-05-31,etfs_global__max_sharpe,520.1757718200162
2025-06-30,etfs_global__max_sharpe,524.6100271857708
2025-07-31,etfs_global__max_sharpe,535.2670938844333
2025-08-31,etfs_global__max_sharpe,537.106190061346
2025-09-30,etfs_global__max_sharpe,544.800509154992
2025-10-31,etfs_global__max_sharpe,562.1525194365053
2025-11-30,etfs_global__max_sharpe,561.6551741649289
2025-12-31,etfs_global__max_sharpe,583.8831764630191
2026-01-31,etfs_global__max_sharpe,575.2611278562514
2026-02-28,etfs_global__max_sharpe,586.5850752289342
2026-03-31,etfs_global__max_sharpe,559.1590654804078
2026-04-30,etfs_global__max_sharpe,568.0701460618826
2015-02-28,etfs_global__min_vol,118.28407822340591
2015-03-31,etfs_global__min_vol,129.6496974144663
2015-04-30,etfs_global__min_vol,122.33725954035049
2015-05-31,etfs_global__min_vol,130.98384570626845
2015-06-30,etfs_global__min_vol,125.86422030342217
2015-07-31,etfs_global__min_vol,137.4671209363393
2015-08-31,etfs_global__min_vol,135.88935098288826
2015-09-30,etfs_global__min_vol,148.19035378719155
2015-10-31,etfs_global__min_vol,150.6795760909443
2015-11-30,etfs_global__min_vol,149.8574704899686
2015-12-31,etfs_global__min_vol,151.05050722140382
2016-01-31,etfs_global__min_vol,146.61989358720655
2016-02-29,etfs_global__min_vol,140.34042945904326
2016-03-31,etfs_global__min_vol,136.86450043165596
2016-04-30,etfs_global__min_vol,134.4900308386643
2016-05-31,etfs_global__min_vol,138.19533283482366
2016-06-30,etfs_global__min_vol,124.46015027323895
2016-07-31,etfs_global__min_vol,131.24229445526603
2016-08-31,etfs_global__min_vol,129.91219066900297
2016-09-30,etfs_global__min_vol,132.27853007772802
2016-10-31,etfs_global__min_vol,127.27211274161748
2016-11-30,etfs_global__min_vol,137.56228577476804
2016-12-31,etfs_global__min_vol,132.22440054306142
2017-01-31,etfs_global__min_vol,131.12451239091456
2017-02-28,etfs_global__min_vol,132.99484988634697
2017-03-31,etfs_global__min_vol,137.45335444224594
2017-04-30,etfs_global__min_vol,141.43607846635467
2017-05-31,etfs_global__min_vol,148.42630212029454
2017-06-30,etfs_global__min_vol,151.57743422201273
2017-07-31,etfs_global__min_vol,149.85792514539372
2017-08-31,etfs_global__min_vol,149.38529745860762
2017-09-30,etfs_global__min_vol,153.69077967397894
2017-10-31,etfs_global__min_vol,162.0248462882275
2017-11-30,etfs_global__min_vol,162.47687603209965
2017-12-31,etfs_global__min_vol,168.3936586136052
2018-01-31,etfs_global__min_vol,170.28716056481764
2018-02-28,etfs_global__min_vol,165.84883222594635
2018-03-31,etfs_global__min_vol,167.67483118672487
2018-04-30,etfs_global__min_vol,175.90390369420902
2018-05-31,etfs_global__min_vol,189.0880538779896
2018-06-30,etfs_global__min_vol,194.21597968941285
2018-07-31,etfs_global__min_vol,192.7475086934041
2018-08-31,etfs_global__min_vol,214.3627017100649
2018-09-30,etfs_global__min_vol,208.27168898801864
2018-10-31,etfs_global__min_vol,176.5466623293607
2018-11-30,etfs_global__min_vol,186.36491704403383
2018-12-31,etfs_global__min_vol,174.91065290054337
2019-01-31,etfs_global__min_vol,179.22476946652984
2019-02-28,etfs_global__min_vol,186.0651055513034
2019-03-31,etfs_global__min_vol,196.67484246584382
2019-04-30,etfs_global__min_vol,205.48334454152902
2019-05-31,etfs_global__min_vol,195.4199648304211
2019-06-30,etfs_global__min_vol,199.0590610681294
2019-07-31,etfs_global__min_vol,196.36824275936925
2019-08-31,etfs_global__min_vol,211.53688494329344
2019-09-30,etfs_global__min_vol,216.37317047854742
2019-10-31,etfs_global__min_vol,213.52639152342138
2019-11-30,etfs_global__min_vol,229.0035972681112
2019-12-31,etfs_global__min_vol,227.23977468187425
2020-01-31,etfs_global__min_vol,235.26303877281282
2020-02-29,etfs_global__min_vol,230.1754388256606
2020-03-31,etfs_global__min_vol,228.01720761566543
2020-04-30,etfs_global__min_vol,255.50703630289232
2020-05-31,etfs_global__min_vol,272.50059882739447
2020-06-30,etfs_global__min_vol,281.06045605595347
2020-07-31,etfs_global__min_vol,280.0186705053868
2020-08-31,etfs_global__min_vol,309.6416680363274
2020-09-30,etfs_global__min_vol,315.17503693119824
2020-10-31,etfs_global__min_vol,314.9913995915888
2020-11-30,etfs_global__min_vol,328.5665960076026
2020-12-31,etfs_global__min_vol,335.46617201957815
2021-01-31,etfs_global__min_vol,349.9677363770688
2021-02-28,etfs_global__min_vol,364.5316839838698
2021-03-31,etfs_global__min_vol,391.3429665936789
2021-04-30,etfs_global__min_vol,375.62295902257915
2021-05-31,etfs_global__min_vol,376.85633783236415
2021-06-30,etfs_global__min_vol,358.29706410208394
2021-07-31,etfs_global__min_vol,369.8450495955118
2021-08-31,etfs_global__min_vol,384.54004123607206
2021-09-30,etfs_global__min_vol,386.01477174933746
2021-10-31,etfs_global__min_vol,420.9261947706074
2021-11-30,etfs_global__min_vol,404.3138313749291
2021-12-31,etfs_global__min_vol,418.2265441882924
2022-01-31,etfs_global__min_vol,385.2115702676487
2022-02-28,etfs_global__min_vol,360.14032672549945
2022-03-31,etfs_global__min_vol,337.93458251463153
2022-04-30,etfs_global__min_vol,323.0805197417888
2022-05-31,etfs_global__min_vol,313.63846893012504
2022-06-30,etfs_global__min_vol,312.97013516233227
2022-07-31,etfs_global__min_vol,333.2690639020079
2022-08-31,etfs_global__min_vol,313.7299200494426
2022-09-30,etfs_global__min_vol,298.8185052454325
2022-10-31,etfs_global__min_vol,311.2086984782697
2022-11-30,etfs_global__min_vol,340.1554228343401
2022-12-31,etfs_global__min_vol,328.44165035321754
2023-01-31,etfs_global__min_vol,343.5179265128714
2023-02-28,etfs_global__min_vol,337.60205990991744
2023-03-31,etfs_global__min_vol,340.38852334846473
2023-04-30,etfs_global__min_vol,338.8388991529478
2023-05-31,etfs_global__min_vol,335.9848982533821
2023-06-30,etfs_global__min_vol,341.33078100489854
2023-07-31,etfs_global__min_vol,343.60552411383344
2023-08-31,etfs_global__min_vol,344.1200921222043
2023-09-30,etfs_global__min_vol,339.73663799731344
2023-10-31,etfs_global__min_vol,330.58758711237164
2023-11-30,etfs_global__min_vol,349.8824438938548
2023-12-31,etfs_global__min_vol,363.9834857107846
2024-01-31,etfs_global__min_vol,370.49187706001817
2024-02-29,etfs_global__min_vol,386.3150844830595
2024-03-31,etfs_global__min_vol,401.18365949214166
2024-04-30,etfs_global__min_vol,396.91325994975205
2024-05-31,etfs_global__min_vol,422.12733578823827
2024-06-30,etfs_global__min_vol,449.2716939943321
2024-07-31,etfs_global__min_vol,468.28732410839314
2024-08-31,etfs_global__min_vol,481.7863413028892
2024-09-30,etfs_global__min_vol,473.61934265256593
2024-10-31,etfs_global__min_vol,486.56308702575404
2024-11-30,etfs_global__min_vol,522.3206935646607
2024-12-31,etfs_global__min_vol,520.2876387953155
2025-01-31,etfs_global__min_vol,512.2654422174422
2025-02-28,etfs_global__min_vol,511.8050519996613
2025-03-31,etfs_global__min_vol,492.59742915606023
2025-04-30,etfs_global__min_vol,488.93960576350486
2025-05-31,etfs_global__min_vol,520.1757718200162
2025-06-30,etfs_global__min_vol,524.6100271857708
2025-07-31,etfs_global__min_vol,535.2670938844333
2025-08-31,etfs_global__min_vol,537.106190061346
2025-09-30,etfs_global__min_vol,544.800509154992
2025-10-31,etfs_global__min_vol,562.1525194365053
2025-11-30,etfs_global__min_vol,561.6551741649289
2025-12-31,etfs_global__min_vol,583.8831764630191
2026-01-31,etfs_global__min_vol,575.2611278562514
2026-02-28,etfs_global__min_vol,586.5850752289342
2026-03-31,etfs_global__min_vol,559.1590654804078
2026-04-30,etfs_global__min_vol,568.0701460618826
2015-02-28,etfs_exterior__min_vol,118.07332956835911
2015-03-31,etfs_exterior__min_vol,129.44696065772462
2015-04-30,etfs_exterior__min_vol,123.80135435623349
2015-05-31,etfs_exterior__min_vol,130.63160011321423
2015-06-30,etfs_exterior__min_vol,124.69686745769555
2015-07-31,etfs_exterior__min_vol,131.86932871535475
2015-08-31,etfs_exterior__min_vol,129.9759534024899
2015-09-30,etfs_exterior__min_vol,141.62597183355666
2015-10-31,etfs_exterior__min_vol,145.31098478196446
2015-11-30,etfs_exterior__min_vol,142.02745611365728
2015-12-31,etfs_exterior__min_vol,142.21368518859123
2016-01-31,etfs_exterior__min_vol,139.2808554816796
2016-02-29,etfs_exterior__min_vol,134.63440539300015
2016-03-31,etfs_exterior__min_vol,133.19857674281647
2016-04-30,etfs_exterior__min_vol,131.2032909294708
2016-05-31,etfs_exterior__min_vol,132.0047151894841
2016-06-30,etfs_exterior__min_vol,121.9230656685123
2016-07-31,etfs_exterior__min_vol,128.48176389605544
2016-08-31,etfs_exterior__min_vol,126.89184173278075
2016-09-30,etfs_exterior__min_vol,130.0154634529632
2016-10-31,etfs_exterior__min_vol,127.4405924548027
2016-11-30,etfs_exterior__min_vol,133.16653075718295
2016-12-31,etfs_exterior__min_vol,125.43287135806136
2017-01-31,etfs_exterior__min_vol,126.2249887316042
2017-02-28,etfs_exterior__min_vol,128.1133394194799
2017-03-31,etfs_exterior__min_vol,135.05324459872128
2017-04-30,etfs_exterior__min_vol,138.3185134568994
2017-05-31,etfs_exterior__min_vol,144.9373208443316
2017-06-30,etfs_exterior__min_vol,147.897737872397
2017-07-31,etfs_exterior__min_vol,148.03816122419013
2017-08-31,etfs_exterior__min_vol,148.60570812737723
2017-09-30,etfs_exterior__min_vol,151.34603464036041
2017-10-31,etfs_exterior__min_vol,158.8086242387868
2017-11-30,etfs_exterior__min_vol,156.5120127351095
2017-12-31,etfs_exterior__min_vol,166.24614112495317
2018-01-31,etfs_exterior__min_vol,169.22029132537685
2018-02-28,etfs_exterior__min_vol,164.35242318254205
2018-03-31,etfs_exterior__min_vol,167.4536384535094
2018-04-30,etfs_exterior__min_vol,175.44126407332624
2018-05-31,etfs_exterior__min_vol,182.6599519863725
2018-06-30,etfs_exterior__min_vol,185.04578162526676
2018-07-31,etfs_exterior__min_vol,185.5116340104973
2018-08-31,etfs_exterior__min_vol,199.2679284079468
2018-09-30,etfs_exterior__min_vol,194.35661823665453
2018-10-31,etfs_exterior__min_vol,162.00389452480638
2018-11-30,etfs_exterior__min_vol,172.5441096205506
2018-12-31,etfs_exterior__min_vol,166.55257721392604
2019-01-31,etfs_exterior__min_vol,173.11908655611168
2019-02-28,etfs_exterior__min_vol,176.22737175674294
2019-03-31,etfs_exterior__min_vol,185.20032627901224
2019-04-30,etfs_exterior__min_vol,191.01177609187025
2019-05-31,etfs_exterior__min_vol,181.42494774486906
2019-06-30,etfs_exterior__min_vol,185.06958409090169
2019-07-31,etfs_exterior__min_vol,179.14928236270154
2019-08-31,etfs_exterior__min_vol,186.7614439376209
2019-09-30,etfs_exterior__min_vol,191.26154200547674
2019-10-31,etfs_exterior__min_vol,187.1026919690256
2019-11-30,etfs_exterior__min_vol,196.14512725826813
2019-12-31,etfs_exterior__min_vol,198.79831865712475
2020-01-31,etfs_exterior__min_vol,201.57776874278207
2020-02-29,etfs_exterior__min_vol,197.41804245885305
2020-03-31,etfs_exterior__min_vol,186.67387510623408
2020-04-30,etfs_exterior__min_vol,208.90881031011293
2020-05-31,etfs_exterior__min_vol,219.71474735787507
2020-06-30,etfs_exterior__min_vol,230.51862061608728
2020-07-31,etfs_exterior__min_vol,228.9265124126518
2020-08-31,etfs_exterior__min_vol,245.8499142435907
2020-09-30,etfs_exterior__min_vol,249.84831122292275
2020-10-31,etfs_exterior__min_vol,253.6102655603838
2020-11-30,etfs_exterior__min_vol,266.6761323974334
2020-12-31,etfs_exterior__min_vol,276.40829032350524
2021-01-31,etfs_exterior__min_vol,288.1968294701629
2021-02-28,etfs_exterior__min_vol,302.27090183307325
2021-03-31,etfs_exterior__min_vol,324.5615845543497
2021-04-30,etfs_exterior__min_vol,304.89327601601116
2021-05-31,etfs_exterior__min_vol,304.54902439821467
2021-06-30,etfs_exterior__min_vol,287.6123374434928
2021-07-31,etfs_exterior__min_vol,290.1936524312192
2021-08-31,etfs_exterior__min_vol,304.34728980546623
2021-09-30,etfs_exterior__min_vol,304.8595144196684
2021-10-31,etfs_exterior__min_vol,322.1019462704361
2021-11-30,etfs_exterior__min_vol,307.10904162583796
2021-12-31,etfs_exterior__min_vol,316.2068577505003
2022-01-31,etfs_exterior__min_vol,305.317737190238
2022-02-28,etfs_exterior__min_vol,290.45579139215454
2022-03-31,etfs_exterior__min_vol,275.9337335000267
2022-04-30,etfs_exterior__min_vol,263.2531310631085
2022-05-31,etfs_exterior__min_vol,263.2892219676117
2022-06-30,etfs_exterior__min_vol,261.72411633983256
2022-07-31,etfs_exterior__min_vol,272.50583105951597
2022-08-31,etfs_exterior__min_vol,262.78005582348214
2022-09-30,etfs_exterior__min_vol,251.4570730738796
2022-10-31,etfs_exterior__min_vol,256.18693718737234
2022-11-30,etfs_exterior__min_vol,287.0441231254226
2022-12-31,etfs_exterior__min_vol,283.90318458160226
2023-01-31,etfs_exterior__min_vol,300.25438636079656
2023-02-28,etfs_exterior__min_vol,292.438474069036
2023-03-31,etfs_exterior__min_vol,293.57808058050693
2023-04-30,etfs_exterior__min_vol,290.0988479868637
2023-05-31,etfs_exterior__min_vol,285.48123811280334
2023-06-30,etfs_exterior__min_vol,290.7435658794881
2023-07-31,etfs_exterior__min_vol,294.9983040813113
2023-08-31,etfs_exterior__min_vol,289.7777239892707
2023-09-30,etfs_exterior__min_vol,285.3507586300864
2023-10-31,etfs_exterior__min_vol,274.6393585958242
2023-11-30,etfs_exterior__min_vol,292.1911088396307
2023-12-31,etfs_exterior__min_vol,303.58548097534117
2024-01-31,etfs_exterior__min_vol,300.546746261009
2024-02-29,etfs_exterior__min_vol,308.7636809607662
2024-03-31,etfs_exterior__min_vol,319.5397869806109
2024-04-30,etfs_exterior__min_vol,324.25403664387966
2024-05-31,etfs_exterior__min_vol,341.68403454177326
2024-06-30,etfs_exterior__min_vol,352.91921386394705
2024-07-31,etfs_exterior__min_vol,365.0700968235075
2024-08-31,etfs_exterior__min_vol,374.7542110022337
2024-09-30,etfs_exterior__min_vol,374.1630209630336
2024-10-31,etfs_exterior__min_vol,384.4138546751358
2024-11-30,etfs_exterior__min_vol,404.44385666334296
2024-12-31,etfs_exterior__min_vol,404.08454069303036
2025-01-31,etfs_exterior__min_vol,397.5291639427409
2025-02-28,etfs_exterior__min_vol,402.58736648079514
2025-03-31,etfs_exterior__min_vol,398.4154371535396
2025-04-30,etfs_exterior__min_vol,399.6951146713811
2025-05-31,etfs_exterior__min_vol,422.7887397196368
2025-06-30,etfs_exterior__min_vol,424.0406162082263
2025-07-31,etfs_exterior__min_vol,430.0763317360866
2025-08-31,etfs_exterior__min_vol,432.62660876284525
2025-09-30,etfs_exterior__min_vol,437.40020802483645
2025-10-31,etfs_exterior__min_vol,460.94804595563454
2025-11-30,etfs_exterior__min_vol,463.5535984621097
2025-12-31,etfs_exterior__min_vol,484.40499691609995
2026-01-31,etfs_exterior__min_vol,492.3258225489638
2026-02-28,etfs_exterior__min_vol,505.60578768237986
2026-03-31,etfs_exterior__min_vol,483.6374954826187
2026-04-30,etfs_exterior__min_vol,486.36836181991265
2015-02-28,etfs_desenvolvidos_emergentes__max_sharpe,117.51547361110919
2015-03-31,etfs_desenvolvidos_emergentes__max_sharpe,128.8136472448872
2015-04-30,etfs_desenvolvidos_emergentes__max_sharpe,124.46137450241197
2015-05-31,etfs_desenvolvidos_emergentes__max_sharpe,130.67294054591446
2015-06-30,etfs_desenvolvidos_emergentes__max_sharpe,125.10308463952242
2015-07-31,etfs_desenvolvidos_emergentes__max_sharpe,131.92820857893707
2015-08-31,etfs_desenvolvidos_emergentes__max_sharpe,128.44698081389117
2015-09-30,etfs_desenvolvidos_emergentes__max_sharpe,141.12145977579618
2015-10-31,etfs_desenvolvidos_emergentes__max_sharpe,142.4378564288598
2015-11-30,etfs_desenvolvidos_emergentes__max_sharpe,140.1428998223477
2015-12-31,etfs_desenvolvidos_emergentes__max_sharpe,140.31236225913636
2016-01-31,etfs_desenvolvidos_emergentes__max_sharpe,136.4842426573213
2016-02-29,etfs_desenvolvidos_emergentes__max_sharpe,130.35784779008281
2016-03-31,etfs_desenvolvidos_emergentes__max_sharpe,129.90752833280666
2016-04-30,etfs_desenvolvidos_emergentes__max_sharpe,127.57936940765669
2016-05-31,etfs_desenvolvidos_emergentes__max_sharpe,128.36690542964703
2016-06-30,etfs_desenvolvidos_emergentes__max_sharpe,117.82891350565268
2016-07-31,etfs_desenvolvidos_emergentes__max_sharpe,124.96414407627807
2016-08-31,etfs_desenvolvidos_emergentes__max_sharpe,124.11453087605908
2016-09-30,etfs_desenvolvidos_emergentes__max_sharpe,127.68925352135855
2016-10-31,etfs_desenvolvidos_emergentes__max_sharpe,123.33149000657278
2016-11-30,etfs_desenvolvidos_emergentes__max_sharpe,129.22818308719454
2016-12-31,etfs_desenvolvidos_emergentes__max_sharpe,122.85790966991306
2017-01-31,etfs_desenvolvidos_emergentes__max_sharpe,124.11283134186158
2017-02-28,etfs_desenvolvidos_emergentes__max_sharpe,125.2155755646084
2017-03-31,etfs_desenvolvidos_emergentes__max_sharpe,131.10724879730608
2017-04-30,etfs_desenvolvidos_emergentes__max_sharpe,135.2264921940143
2017-05-31,etfs_desenvolvidos_emergentes__max_sharpe,142.39944484255219
2017-06-30,etfs_desenvolvidos_emergentes__max_sharpe,145.70604734244057
2017-07-31,etfs_desenvolvidos_emergentes__max_sharpe,146.06226798874243
2017-08-31,etfs_desenvolvidos_emergentes__max_sharpe,146.8883760401273
2017-09-30,etfs_desenvolvidos_emergentes__max_sharpe,149.78928852381785
2017-10-31,etfs_desenvolvidos_emergentes__max_sharpe,158.69431195942428
2017-11-30,etfs_desenvolvidos_emergentes__max_sharpe,157.41455520371522
2017-12-31,etfs_desenvolvidos_emergentes__max_sharpe,164.9059029547499
2018-01-31,etfs_desenvolvidos_emergentes__max_sharpe,168.42839580654703
2018-02-28,etfs_desenvolvidos_emergentes__max_sharpe,162.77356663044523
2018-03-31,etfs_desenvolvidos_emergentes__max_sharpe,166.67158733525474
2018-04-30,etfs_desenvolvidos_emergentes__max_sharpe,172.43553312603618
2018-05-31,etfs_desenvolvidos_emergentes__max_sharpe,182.1195938674845
2018-06-30,etfs_desenvolvidos_emergentes__max_sharpe,182.88029515931882
2018-07-31,etfs_desenvolvidos_emergentes__max_sharpe,181.3462652481975
2018-08-31,etfs_desenvolvidos_emergentes__max_sharpe,196.71459628246055
2018-09-30,etfs_desenvolvidos_emergentes__max_sharpe,189.94979762665628
2018-10-31,etfs_desenvolvidos_emergentes__max_sharpe,159.76848515815107
2018-11-30,etfs_desenvolvidos_emergentes__max_sharpe,170.84661163716282
2018-12-31,etfs_desenvolvidos_emergentes__max_sharpe,164.46847533596826
2019-01-31,etfs_desenvolvidos_emergentes__max_sharpe,169.62556647602506
2019-02-28,etfs_desenvolvidos_emergentes__max_sharpe,172.81297904191734
2019-03-31,etfs_desenvolvidos_emergentes__max_sharpe,182.29995710440653
2019-04-30,etfs_desenvolvidos_emergentes__max_sharpe,189.11318785894954
2019-05-31,etfs_desenvolvidos_emergentes__max_sharpe,179.1361940317745
2019-06-30,etfs_desenvolvidos_emergentes__max_sharpe,181.74255194670747
2019-07-31,etfs_desenvolvidos_emergentes__max_sharpe,176.42175560256842
2019-08-31,etfs_desenvolvidos_emergentes__max_sharpe,188.53617638248335
2019-09-30,etfs_desenvolvidos_emergentes__max_sharpe,192.46323239741952
2019-10-31,etfs_desenvolvidos_emergentes__max_sharpe,191.5632209226294
2019-11-30,etfs_desenvolvidos_emergentes__max_sharpe,202.61382455029823
2019-12-31,etfs_desenvolvidos_emergentes__max_sharpe,205.01125164792322
2020-01-31,etfs_desenvolvidos_emergentes__max_sharpe,206.94462518585738
2020-02-29,etfs_desenvolvidos_emergentes__max_sharpe,206.34485295748118
2020-03-31,etfs_desenvolvidos_emergentes__max_sharpe,200.60599801509258
2020-04-30,etfs_desenvolvidos_emergentes__max_sharpe,221.45077173990782
2020-05-31,etfs_desenvolvidos_emergentes__max_sharpe,234.10684452507726
2020-06-30,etfs_desenvolvidos_emergentes__max_sharpe,245.9276485544701
2020-07-31,etfs_desenvolvidos_emergentes__max_sharpe,247.84278300476043
2020-08-31,etfs_desenvolvidos_emergentes__max_sharpe,269.88752885785357
2020-09-30,etfs_desenvolvidos_emergentes__max_sharpe,278.070445280881
2020-10-31,etfs_desenvolvidos_emergentes__max_sharpe,282.0974454817494
2020-11-30,etfs_desenvolvidos_emergentes__max_sharpe,292.0518211697574
2020-12-31,etfs_desenvolvidos_emergentes__max_sharpe,301.8274053825865
2021-01-31,etfs_desenvolvidos_emergentes__max_sharpe,319.6211850583753
2021-02-28,etfs_desenvolvidos_emergentes__max_sharpe,331.15510457438756
2021-03-31,etfs_desenvolvidos_emergentes__max_sharpe,349.544173613573
2021-04-30,etfs_desenvolvidos_emergentes__max_sharpe,330.9098967840671
2021-05-31,etfs_desenvolvidos_emergentes__max_sharpe,333.5561178462952
2021-06-30,etfs_desenvolvidos_emergentes__max_sharpe,315.99895135732345
2021-07-31,etfs_desenvolvidos_emergentes__max_sharpe,315.666366547229
2021-08-31,etfs_desenvolvidos_emergentes__max_sharpe,326.39136630270986
2021-09-30,etfs_desenvolvidos_emergentes__max_sharpe,328.9940293563424
2021-10-31,etfs_desenvolvidos_emergentes__max_sharpe,350.403444736
2021-11-30,etfs_desenvolvidos_emergentes__max_sharpe,333.15666728381575
2021-12-31,etfs_desenvolvidos_emergentes__max_sharpe,341.5227856845551
2022-01-31,etfs_desenvolvidos_emergentes__max_sharpe,321.6825049772568
2022-02-28,etfs_desenvolvidos_emergentes__max_sharpe,299.2916879464108
2022-03-31,etfs_desenvolvidos_emergentes__max_sharpe,273.5589167760636
2022-04-30,etfs_desenvolvidos_emergentes__max_sharpe,265.17715494884766
2022-05-31,etfs_desenvolvidos_emergentes__max_sharpe,258.11131104781873
2022-06-30,etfs_desenvolvidos_emergentes__max_sharpe,260.6080476383282
2022-07-31,etfs_desenvolvidos_emergentes__max_sharpe,267.59942612605477
2022-08-31,etfs_desenvolvidos_emergentes__max_sharpe,255.14799277613602
2022-09-30,etfs_desenvolvidos_emergentes__max_sharpe,240.36074204492684
2022-10-31,etfs_desenvolvidos_emergentes__max_sharpe,240.9959262595414
2022-11-30,etfs_desenvolvidos_emergentes__max_sharpe,272.7350731845751
2022-12-31,etfs_desenvolvidos_emergentes__max_sharpe,267.1961391298896
2023-01-31,etfs_desenvolvidos_emergentes__max_sharpe,281.83906870508173
2023-02-28,etfs_desenvolvidos_emergentes__max_sharpe,271.62130817372525
2023-03-31,etfs_desenvolvidos_emergentes__max_sharpe,273.6000832338786
2023-04-30,etfs_desenvolvidos_emergentes__max_sharpe,270.287456708704
2023-05-31,etfs_desenvolvidos_emergentes__max_sharpe,265.55322591137485
2023-06-30,etfs_desenvolvidos_emergentes__max_sharpe,267.67897493001743
2023-07-31,etfs_desenvolvidos_emergentes__max_sharpe,272.2390562883382
2023-08-31,etfs_desenvolvidos_emergentes__max_sharpe,267.644148981844
2023-09-30,etfs_desenvolvidos_emergentes__max_sharpe,266.20748525934647
2023-10-31,etfs_desenvolvidos_emergentes__max_sharpe,257.7662253286404
2023-11-30,etfs_desenvolvidos_emergentes__max_sharpe,271.65902720299783
2023-12-31,etfs_desenvolvidos_emergentes__max_sharpe,281.3893022415232
2024-01-31,etfs_desenvolvidos_emergentes__max_sharpe,279.59064476326876
2024-02-29,etfs_desenvolvidos_emergentes__max_sharpe,289.8716733070641
2024-03-31,etfs_desenvolvidos_emergentes__max_sharpe,300.1853139731368
2024-04-30,etfs_desenvolvidos_emergentes__max_sharpe,302.71026290584786
2024-05-31,etfs_desenvolvidos_emergentes__max_sharpe,317.7210082444561
2024-06-30,etfs_desenvolvidos_emergentes__max_sharpe,337.82076668981847
2024-07-31,etfs_desenvolvidos_emergentes__max_sharpe,351.1282110660618
2024-08-31,etfs_desenvolvidos_emergentes__max_sharpe,358.9833777316572
2024-09-30,etfs_desenvolvidos_emergentes__max_sharpe,357.83221017060606
2024-10-31,etfs_desenvolvidos_emergentes__max_sharpe,363.85307368881206
2024-11-30,etfs_desenvolvidos_emergentes__max_sharpe,376.0260586630751
2024-12-31,etfs_desenvolvidos_emergentes__max_sharpe,376.0977257891337
2025-01-31,etfs_desenvolvidos_emergentes__max_sharpe,368.191366209945
2025-02-28,etfs_desenvolvidos_emergentes__max_sharpe,371.6606577036868
2025-03-31,etfs_desenvolvidos_emergentes__max_sharpe,368.3108941650135
2025-04-30,etfs_desenvolvidos_emergentes__max_sharpe,367.3571173106338
2025-05-31,etfs_desenvolvidos_emergentes__max_sharpe,388.4089887504482
2025-06-30,etfs_desenvolvidos_emergentes__max_sharpe,395.4718514534011
2025-07-31,etfs_desenvolvidos_emergentes__max_sharpe,400.6911420852659
2025-08-31,etfs_desenvolvidos_emergentes__max_sharpe,403.3091459263305
2025-09-30,etfs_desenvolvidos_emergentes__max_sharpe,413.7908300226706
2025-10-31,etfs_desenvolvidos_emergentes__max_sharpe,429.64022943981445
2025-11-30,etfs_desenvolvidos_emergentes__max_sharpe,425.921607466164
2025-12-31,etfs_desenvolvidos_emergentes__max_sharpe,446.6286441709748
2026-01-31,etfs_desenvolvidos_emergentes__max_sharpe,452.66690601802014
2026-02-28,etfs_desenvolvidos_emergentes__max_sharpe,474.71909659507486
2026-03-31,etfs_desenvolvidos_emergentes__max_sharpe,443.3241748881529
2026-04-30,etfs_desenvolvidos_emergentes__max_sharpe,454.2919364881932
2015-02-28,etfs_desenvolvidos_emergentes__min_vol,117.51547361110919
2015-03-31,etfs_desenvolvidos_emergentes__min_vol,128.8136472448872
2015-04-30,etfs_desenvolvidos_emergentes__min_vol,124.46137450241197
2015-05-31,etfs_desenvolvidos_emergentes__min_vol,130.67294054591446
2015-06-30,etfs_desenvolvidos_emergentes__min_vol,125.10308463952242
2015-07-31,etfs_desenvolvidos_emergentes__min_vol,131.92820857893707
2015-08-31,etfs_desenvolvidos_emergentes__min_vol,128.44698081389117
2015-09-30,etfs_desenvolvidos_emergentes__min_vol,141.12145977579618
2015-10-31,etfs_desenvolvidos_emergentes__min_vol,142.4378564288598
2015-11-30,etfs_desenvolvidos_emergentes__min_vol,140.1428998223477
2015-12-31,etfs_desenvolvidos_emergentes__min_vol,140.31236225913636
2016-01-31,etfs_desenvolvidos_emergentes__min_vol,136.4842426573213
2016-02-29,etfs_desenvolvidos_emergentes__min_vol,130.35784779008281
2016-03-31,etfs_desenvolvidos_emergentes__min_vol,129.90752833280666
2016-04-30,etfs_desenvolvidos_emergentes__min_vol,127.57936940765669
2016-05-31,etfs_desenvolvidos_emergentes__min_vol,128.36690542964703
2016-06-30,etfs_desenvolvidos_emergentes__min_vol,117.82891350565268
2016-07-31,etfs_desenvolvidos_emergentes__min_vol,124.96414407627807
2016-08-31,etfs_desenvolvidos_emergentes__min_vol,124.11453087605908
2016-09-30,etfs_desenvolvidos_emergentes__min_vol,127.68925352135855
2016-10-31,etfs_desenvolvidos_emergentes__min_vol,123.33149000657278
2016-11-30,etfs_desenvolvidos_emergentes__min_vol,129.22818308719454
2016-12-31,etfs_desenvolvidos_emergentes__min_vol,122.85790966991306
2017-01-31,etfs_desenvolvidos_emergentes__min_vol,124.11283134186158
2017-02-28,etfs_desenvolvidos_emergentes__min_vol,125.2155755646084
2017-03-31,etfs_desenvolvidos_emergentes__min_vol,131.10724879730608
2017-04-30,etfs_desenvolvidos_emergentes__min_vol,135.2264921940143
2017-05-31,etfs_desenvolvidos_emergentes__min_vol,142.39944484255219
2017-06-30,etfs_desenvolvidos_emergentes__min_vol,145.70604734244057
2017-07-31,etfs_desenvolvidos_emergentes__min_vol,146.06226798874243
2017-08-31,etfs_desenvolvidos_emergentes__min_vol,146.8883760401273
2017-09-30,etfs_desenvolvidos_emergentes__min_vol,149.78928852381785
2017-10-31,etfs_desenvolvidos_emergentes__min_vol,158.69431195942428
2017-11-30,etfs_desenvolvidos_emergentes__min_vol,157.41455520371522
2017-12-31,etfs_desenvolvidos_emergentes__min_vol,164.9059029547499
2018-01-31,etfs_desenvolvidos_emergentes__min_vol,168.42839580654703
2018-02-28,etfs_desenvolvidos_emergentes__min_vol,162.77356663044523
2018-03-31,etfs_desenvolvidos_emergentes__min_vol,166.67158733525474
2018-04-30,etfs_desenvolvidos_emergentes__min_vol,172.43553312603618
2018-05-31,etfs_desenvolvidos_emergentes__min_vol,182.1195938674845
2018-06-30,etfs_desenvolvidos_emergentes__min_vol,182.88029515931882
2018-07-31,etfs_desenvolvidos_emergentes__min_vol,181.3462652481975
2018-08-31,etfs_desenvolvidos_emergentes__min_vol,196.71459628246055
2018-09-30,etfs_desenvolvidos_emergentes__min_vol,189.94979762665628
2018-10-31,etfs_desenvolvidos_emergentes__min_vol,159.76848515815107
2018-11-30,etfs_desenvolvidos_emergentes__min_vol,170.84661163716282
2018-12-31,etfs_desenvolvidos_emergentes__min_vol,164.46847533596826
2019-01-31,etfs_desenvolvidos_emergentes__min_vol,169.62556647602506
2019-02-28,etfs_desenvolvidos_emergentes__min_vol,172.81297904191734
2019-03-31,etfs_desenvolvidos_emergentes__min_vol,182.29995710440653
2019-04-30,etfs_desenvolvidos_emergentes__min_vol,189.11318785894954
2019-05-31,etfs_desenvolvidos_emergentes__min_vol,179.1361940317745
2019-06-30,etfs_desenvolvidos_emergentes__min_vol,181.74255194670747
2019-07-31,etfs_desenvolvidos_emergentes__min_vol,176.42175560256842
2019-08-31,etfs_desenvolvidos_emergentes__min_vol,188.53617638248335
2019-09-30,etfs_desenvolvidos_emergentes__min_vol,192.46323239741952
2019-10-31,etfs_desenvolvidos_emergentes__min_vol,191.5632209226294
2019-11-30,etfs_desenvolvidos_emergentes__min_vol,202.61382455029823
2019-12-31,etfs_desenvolvidos_emergentes__min_vol,205.01125164792322
2020-01-31,etfs_desenvolvidos_emergentes__min_vol,206.94462518585738
2020-02-29,etfs_desenvolvidos_emergentes__min_vol,206.34485295748118
2020-03-31,etfs_desenvolvidos_emergentes__min_vol,200.60599801509258
2020-04-30,etfs_desenvolvidos_emergentes__min_vol,221.45077173990782
2020-05-31,etfs_desenvolvidos_emergentes__min_vol,234.10684452507726
2020-06-30,etfs_desenvolvidos_emergentes__min_vol,245.9276485544701
2020-07-31,etfs_desenvolvidos_emergentes__min_vol,247.84278300476043
2020-08-31,etfs_desenvolvidos_emergentes__min_vol,269.88752885785357
2020-09-30,etfs_desenvolvidos_emergentes__min_vol,278.070445280881
2020-10-31,etfs_desenvolvidos_emergentes__min_vol,282.0974454817494
2020-11-30,etfs_desenvolvidos_emergentes__min_vol,292.0518211697574
2020-12-31,etfs_desenvolvidos_emergentes__min_vol,301.8274053825865
2021-01-31,etfs_desenvolvidos_emergentes__min_vol,319.6211850583753
2021-02-28,etfs_desenvolvidos_emergentes__min_vol,331.15510457438756
2021-03-31,etfs_desenvolvidos_emergentes__min_vol,349.544173613573
2021-04-30,etfs_desenvolvidos_emergentes__min_vol,330.9098967840671
2021-05-31,etfs_desenvolvidos_emergentes__min_vol,333.5561178462952
2021-06-30,etfs_desenvolvidos_emergentes__min_vol,315.99895135732345
2021-07-31,etfs_desenvolvidos_emergentes__min_vol,315.666366547229
2021-08-31,etfs_desenvolvidos_emergentes__min_vol,326.39136630270986
2021-09-30,etfs_desenvolvidos_emergentes__min_vol,328.9940293563424
2021-10-31,etfs_desenvolvidos_emergentes__min_vol,350.403444736
2021-11-30,etfs_desenvolvidos_emergentes__min_vol,333.15666728381575
2021-12-31,etfs_desenvolvidos_emergentes__min_vol,341.5227856845551
2022-01-31,etfs_desenvolvidos_emergentes__min_vol,321.6825049772568
2022-02-28,etfs_desenvolvidos_emergentes__min_vol,299.2916879464108
2022-03-31,etfs_desenvolvidos_emergentes__min_vol,273.5589167760636
2022-04-30,etfs_desenvolvidos_emergentes__min_vol,265.17715494884766
2022-05-31,etfs_desenvolvidos_emergentes__min_vol,258.11131104781873
2022-06-30,etfs_desenvolvidos_emergentes__min_vol,260.6080476383282
2022-07-31,etfs_desenvolvidos_emergentes__min_vol,267.59942612605477
2022-08-31,etfs_desenvolvidos_emergentes__min_vol,255.14799277613602
2022-09-30,etfs_desenvolvidos_emergentes__min_vol,240.36074204492684
2022-10-31,etfs_desenvolvidos_emergentes__min_vol,240.9959262595414
2022-11-30,etfs_desenvolvidos_emergentes__min_vol,272.7350731845751
2022-12-31,etfs_desenvolvidos_emergentes__min_vol,267.1961391298896
2023-01-31,etfs_desenvolvidos_emergentes__min_vol,281.83906870508173
2023-02-28,etfs_desenvolvidos_emergentes__min_vol,271.62130817372525
2023-03-31,etfs_desenvolvidos_emergentes__min_vol,273.6000832338786
2023-04-30,etfs_desenvolvidos_emergentes__min_vol,270.287456708704
2023-05-31,etfs_desenvolvidos_emergentes__min_vol,265.55322591137485
2023-06-30,etfs_desenvolvidos_emergentes__min_vol,267.67897493001743
2023-07-31,etfs_desenvolvidos_emergentes__min_vol,272.2390562883382
2023-08-31,etfs_desenvolvidos_emergentes__min_vol,267.644148981844
2023-09-30,etfs_desenvolvidos_emergentes__min_vol,266.20748525934647
2023-10-31,etfs_desenvolvidos_emergentes__min_vol,257.7662253286404
2023-11-30,etfs_desenvolvidos_emergentes__min_vol,271.65902720299783
2023-12-31,etfs_desenvolvidos_emergentes__min_vol,281.3893022415232
2024-01-31,etfs_desenvolvidos_emergentes__min_vol,279.59064476326876
2024-02-29,etfs_desenvolvidos_emergentes__min_vol,289.8716733070641
2024-03-31,etfs_desenvolvidos_emergentes__min_vol,300.1853139731368
2024-04-30,etfs_desenvolvidos_emergentes__min_vol,302.71026290584786
2024-05-31,etfs_desenvolvidos_emergentes__min_vol,317.7210082444561
2024-06-30,etfs_desenvolvidos_emergentes__min_vol,337.82076668981847
2024-07-31,etfs_desenvolvidos_emergentes__min_vol,351.1282110660618
2024-08-31,etfs_desenvolvidos_emergentes__min_vol,358.9833777316572
2024-09-30,etfs_desenvolvidos_emergentes__min_vol,357.83221017060606
2024-10-31,etfs_desenvolvidos_emergentes__min_vol,363.85307368881206
2024-11-30,etfs_desenvolvidos_emergentes__min_vol,376.0260586630751
2024-12-31,etfs_desenvolvidos_emergentes__min_vol,376.0977257891337
2025-01-31,etfs_desenvolvidos_emergentes__min_vol,368.191366209945
2025-02-28,etfs_desenvolvidos_emergentes__min_vol,371.6606577036868
2025-03-31,etfs_desenvolvidos_emergentes__min_vol,368.3108941650135
2025-04-30,etfs_desenvolvidos_emergentes__min_vol,367.3571173106338
2025-05-31,etfs_desenvolvidos_emergentes__min_vol,388.4089887504482
2025-06-30,etfs_desenvolvidos_emergentes__min_vol,395.4718514534011
2025-07-31,etfs_desenvolvidos_emergentes__min_vol,400.6911420852659
2025-08-31,etfs_desenvolvidos_emergentes__min_vol,403.3091459263305
2025-09-30,etfs_desenvolvidos_emergentes__min_vol,413.7908300226706
2025-10-31,etfs_desenvolvidos_emergentes__min_vol,429.64022943981445
2025-11-30,etfs_desenvolvidos_emergentes__min_vol,425.921607466164
2025-12-31,etfs_desenvolvidos_emergentes__min_vol,446.6286441709748
2026-01-31,etfs_desenvolvidos_emergentes__min_vol,452.66690601802014
2026-02-28,etfs_desenvolvidos_emergentes__min_vol,474.71909659507486
2026-03-31,etfs_desenvolvidos_emergentes__min_vol,443.3241748881529
2026-04-30,etfs_desenvolvidos_emergentes__min_vol,454.2919364881932
2015-02-28,etfs_latam__max_sharpe,121.11561006945426
2015-03-31,etfs_latam__max_sharpe,133.68120227860015
2015-04-30,etfs_latam__max_sharpe,126.83679854000845
2015-05-31,etfs_latam__max_sharpe,132.48538145825603
2015-06-30,etfs_latam__max_sharpe,125.18466404411845
2015-07-31,etfs_latam__max_sharpe,128.13739570423235
2015-08-31,etfs_latam__max_sharpe,131.66242662136588
2015-09-30,etfs_latam__max_sharpe,139.2515629385156
2015-10-31,etfs_latam__max_sharpe,148.39053888747492
2015-11-30,etfs_latam__max_sharpe,141.12284198347865
2015-12-31,etfs_latam__max_sharpe,140.35314385521443
2016-01-31,etfs_latam__max_sharpe,141.47209298124878
2016-02-29,etfs_latam__max_sharpe,142.43355598526279
2016-03-31,etfs_latam__max_sharpe,140.5264571550821
2016-04-30,etfs_latam__max_sharpe,141.10708037523125
2016-05-31,etfs_latam__max_sharpe,137.38546045664177
2016-06-30,etfs_latam__max_sharpe,131.28551176892282
2016-07-31,etfs_latam__max_sharpe,135.04008677139305
2016-08-31,etfs_latam__max_sharpe,131.44575262265158
2016-09-30,etfs_latam__max_sharpe,133.81453205157075
2016-10-31,etfs_latam__max_sharpe,137.1451062968048
2016-11-30,etfs_latam__max_sharpe,136.85982933986043
2016-12-31,etfs_latam__max_sharpe,128.94869822949315
2017-01-31,etfs_latam__max_sharpe,131.01524099940693
2017-02-28,etfs_latam__max_sharpe,133.985534585052
2017-03-31,etfs_latam__max_sharpe,147.88366422289678
2017-04-30,etfs_latam__max_sharpe,150.0764614539556
2017-05-31,etfs_latam__max_sharpe,156.35550505412988
2017-06-30,etfs_latam__max_sharpe,159.09220367482243
2017-07-31,etfs_latam__max_sharpe,160.65828840017076
2017-08-31,etfs_latam__max_sharpe,163.0314229527097
2017-09-30,etfs_latam__max_sharpe,166.75337392874815
2017-10-31,etfs_latam__max_sharpe,171.16775971248202
2017-11-30,etfs_latam__max_sharpe,162.4235215524102
2017-12-31,etfs_latam__max_sharpe,179.76687199641086
2018-01-31,etfs_latam__max_sharpe,185.91775760537965
2018-02-28,etfs_latam__max_sharpe,181.70008028719275
2018-03-31,etfs_latam__max_sharpe,184.62132546075094
2018-04-30,etfs_latam__max_sharpe,192.08425530560345
2018-05-31,etfs_latam__max_sharpe,182.3780851730554
2018-06-30,etfs_latam__max_sharpe,183.65189620480484
2018-07-31,etfs_latam__max_sharpe,192.1028253576027
2018-08-31,etfs_latam__max_sharpe,195.84572708214276
2018-09-30,etfs_latam__max_sharpe,194.6161485394058
2018-10-31,etfs_latam__max_sharpe,160.63519004168268
2018-11-30,etfs_latam__max_sharpe,167.99496924206275
2018-12-31,etfs_latam__max_sharpe,164.49978646835484
2019-01-31,etfs_latam__max_sharpe,177.77398094691773
2019-02-28,etfs_latam__max_sharpe,176.50957710638264
2019-03-31,etfs_latam__max_sharpe,180.73149942847914
2019-04-30,etfs_latam__max_sharpe,182.39276027676829
2019-05-31,etfs_latam__max_sharpe,178.62754122737883
2019-06-30,etfs_latam__max_sharpe,186.4002450154915
2019-07-31,etfs_latam__max_sharpe,178.79278053511007
2019-08-31,etfs_latam__max_sharpe,172.18731025910884
2019-09-30,etfs_latam__max_sharpe,177.20422323803786
2019-10-31,etfs_latam__max_sharpe,165.3157627288437
2019-11-30,etfs_latam__max_sharpe,169.75053341783467
2019-12-31,etfs_latam__max_sharpe,178.25556368899623
2020-01-31,etfs_latam__max_sharpe,181.95449929746465
2020-02-29,etfs_latam__max_sharpe,172.14539747269566
2020-03-31,etfs_latam__max_sharpe,146.31784347822966
2020-04-30,etfs_latam__max_sharpe,164.89071549725216
2020-05-31,etfs_latam__max_sharpe,180.83463207808066
2020-06-30,etfs_latam__max_sharpe,191.35302307487274
2020-07-31,etfs_latam__max_sharpe,195.71125301877316
2020-08-31,etfs_latam__max_sharpe,198.32268025278518
2020-09-30,etfs_latam__max_sharpe,198.13484695986546
2020-10-31,etfs_latam__max_sharpe,205.10739111698464
2020-11-30,etfs_latam__max_sharpe,222.91337239257612
2020-12-31,etfs_latam__max_sharpe,235.95486805324586
2021-01-31,etfs_latam__max_sharpe,236.93651719957973
2021-02-28,etfs_latam__max_sharpe,246.90898475205998
2021-03-31,etfs_latam__max_sharpe,271.0240921581053
2021-04-30,etfs_latam__max_sharpe,251.00310445817664
2021-05-31,etfs_latam__max_sharpe,246.93098569593525
2021-06-30,etfs_latam__max_sharpe,234.99951055922313
2021-07-31,etfs_latam__max_sharpe,239.00362471272322
2021-08-31,etfs_latam__max_sharpe,264.90711017136744
2021-09-30,etfs_latam__max_sharpe,254.84323622224613
2021-10-31,etfs_latam__max_sharpe,259.50065740680196
2021-11-30,etfs_latam__max_sharpe,244.94039293154643
2021-12-31,etfs_latam__max_sharpe,256.40647207704654
2022-01-31,etfs_latam__max_sharpe,254.28049071903712
2022-02-28,etfs_latam__max_sharpe,250.35929168411548
2022-03-31,etfs_latam__max_sharpe,255.36284756948638
2022-04-30,etfs_latam__max_sharpe,234.70010341140096
2022-05-31,etfs_latam__max_sharpe,242.6185874314245
2022-06-30,etfs_latam__max_sharpe,224.64390695220337
2022-07-31,etfs_latam__max_sharpe,241.52674430767652
2022-08-31,etfs_latam__max_sharpe,244.19679982747374
2022-09-30,etfs_latam__max_sharpe,242.80668486380983
2022-10-31,etfs_latam__max_sharpe,257.64221668085264
2022-11-30,etfs_latam__max_sharpe,275.6722205947466
2022-12-31,etfs_latam__max_sharpe,277.2812481432657
2023-01-31,etfs_latam__max_sharpe,307.916518467148
2023-02-28,etfs_latam__max_sharpe,306.5655504079691
2023-03-31,etfs_latam__max_sharpe,304.7904397976561
2023-04-30,etfs_latam__max_sharpe,298.843641295427
2023-05-31,etfs_latam__max_sharpe,301.4337795381799
2023-06-30,etfs_latam__max_sharpe,317.69290203862687
2023-07-31,etfs_latam__max_sharpe,322.4047905514018
2023-08-31,etfs_latam__max_sharpe,319.43156294968554
2023-09-30,etfs_latam__max_sharpe,300.73753594303383
2023-10-31,etfs_latam__max_sharpe,281.1364126746853
2023-11-30,etfs_latam__max_sharpe,325.790305859167
2023-12-31,etfs_latam__max_sharpe,340.734351044676
2024-01-31,etfs_latam__max_sharpe,336.68052621410294
2024-02-29,etfs_latam__max_sharpe,333.98506779436974
2024-03-31,etfs_latam__max_sharpe,352.34398555729626
2024-04-30,etfs_latam__max_sharpe,363.3513173797779
2024-05-31,etfs_latam__max_sharpe,386.8103860527147
2024-06-30,etfs_latam__max_sharpe,371.9030829650491
2024-07-31,etfs_latam__max_sharpe,380.8215579189647
2024-08-31,etfs_latam__max_sharpe,394.9736378498111
2024-09-30,etfs_latam__max_sharpe,388.04875772267616
2024-10-31,etfs_latam__max_sharpe,412.10989015473746
2024-11-30,etfs_latam__max_sharpe,445.12177805628494
2024-12-31,etfs_latam__max_sharpe,450.09134039256844
2025-01-31,etfs_latam__max_sharpe,454.1905804141636
2025-02-28,etfs_latam__max_sharpe,456.8418533173203
2025-03-31,etfs_latam__max_sharpe,454.4702535295868
2025-04-30,etfs_latam__max_sharpe,476.52822522682163
2025-05-31,etfs_latam__max_sharpe,499.71283123432136
2025-06-30,etfs_latam__max_sharpe,480.73380093890836
2025-07-31,etfs_latam__max_sharpe,475.82622518975495
2025-08-31,etfs_latam__max_sharpe,477.1925175536487
2025-09-30,etfs_latam__max_sharpe,465.4167483774823
2025-10-31,etfs_latam__max_sharpe,533.4552943836036
2025-11-30,etfs_latam__max_sharpe,546.3015061532501
2025-12-31,etfs_latam__max_sharpe,575.7827014102602
2026-01-31,etfs_latam__max_sharpe,596.0928427047769
2026-02-28,etfs_latam__max_sharpe,580.8197380296563
2026-03-31,etfs_latam__max_sharpe,572.039073316367
2026-04-30,etfs_latam__max_sharpe,572.0613029781581
2015-02-28,etfs_latam__min_vol,121.11561006945426
2015-03-31,etfs_latam__min_vol,133.68120227860015
2015-04-30,etfs_latam__min_vol,126.83679854000845
2015-05-31,etfs_latam__min_vol,132.48538145825603
2015-06-30,etfs_latam__min_vol,125.18466404411845
2015-07-31,etfs_latam__min_vol,128.13739570423235
2015-08-31,etfs_latam__min_vol,131.66242662136588
2015-09-30,etfs_latam__min_vol,139.2515629385156
2015-10-31,etfs_latam__min_vol,148.39053888747492
2015-11-30,etfs_latam__min_vol,141.12284198347865
2015-12-31,etfs_latam__min_vol,140.35314385521443
2016-01-31,etfs_latam__min_vol,141.47209298124878
2016-02-29,etfs_latam__min_vol,142.43355598526279
2016-03-31,etfs_latam__min_vol,140.5264571550821
2016-04-30,etfs_latam__min_vol,141.10708037523125
2016-05-31,etfs_latam__min_vol,137.38546045664177
2016-06-30,etfs_latam__min_vol,131.28551176892282
2016-07-31,etfs_latam__min_vol,135.04008677139305
2016-08-31,etfs_latam__min_vol,131.44575262265158
2016-09-30,etfs_latam__min_vol,133.81453205157075
2016-10-31,etfs_latam__min_vol,137.1451062968048
2016-11-30,etfs_latam__min_vol,136.85982933986043
2016-12-31,etfs_latam__min_vol,128.94869822949315
2017-01-31,etfs_latam__min_vol,131.01524099940693
2017-02-28,etfs_latam__min_vol,133.985534585052
2017-03-31,etfs_latam__min_vol,147.88366422289678
2017-04-30,etfs_latam__min_vol,150.0764614539556
2017-05-31,etfs_latam__min_vol,156.35550505412988
2017-06-30,etfs_latam__min_vol,159.09220367482243
2017-07-31,etfs_latam__min_vol,160.65828840017076
2017-08-31,etfs_latam__min_vol,163.0314229527097
2017-09-30,etfs_latam__min_vol,166.75337392874815
2017-10-31,etfs_latam__min_vol,171.16775971248202
2017-11-30,etfs_latam__min_vol,162.4235215524102
2017-12-31,etfs_latam__min_vol,179.76687199641086
2018-01-31,etfs_latam__min_vol,185.91775760537965
2018-02-28,etfs_latam__min_vol,181.70008028719275
2018-03-31,etfs_latam__min_vol,184.62132546075094
2018-04-30,etfs_latam__min_vol,192.08425530560345
2018-05-31,etfs_latam__min_vol,182.3780851730554
2018-06-30,etfs_latam__min_vol,183.65189620480484
2018-07-31,etfs_latam__min_vol,192.1028253576027
2018-08-31,etfs_latam__min_vol,195.84572708214276
2018-09-30,etfs_latam__min_vol,194.6161485394058
2018-10-31,etfs_latam__min_vol,160.63519004168268
2018-11-30,etfs_latam__min_vol,167.99496924206275
2018-12-31,etfs_latam__min_vol,164.49978646835484
2019-01-31,etfs_latam__min_vol,177.77398094691773
2019-02-28,etfs_latam__min_vol,176.50957710638264
2019-03-31,etfs_latam__min_vol,180.73149942847914
2019-04-30,etfs_latam__min_vol,182.39276027676829
2019-05-31,etfs_latam__min_vol,178.62754122737883
2019-06-30,etfs_latam__min_vol,186.4002450154915
2019-07-31,etfs_latam__min_vol,178.79278053511007
2019-08-31,etfs_latam__min_vol,172.18731025910884
2019-09-30,etfs_latam__min_vol,177.20422323803786
2019-10-31,etfs_latam__min_vol,165.3157627288437
2019-11-30,etfs_latam__min_vol,169.75053341783467
2019-12-31,etfs_latam__min_vol,178.25556368899623
2020-01-31,etfs_latam__min_vol,181.95449929746465
2020-02-29,etfs_latam__min_vol,172.14539747269566
2020-03-31,etfs_latam__min_vol,146.31784347822966
2020-04-30,etfs_latam__min_vol,164.89071549725216
2020-05-31,etfs_latam__min_vol,180.83463207808066
2020-06-30,etfs_latam__min_vol,191.35302307487274
2020-07-31,etfs_latam__min_vol,195.71125301877316
2020-08-31,etfs_latam__min_vol,198.32268025278518
2020-09-30,etfs_latam__min_vol,198.13484695986546
2020-10-31,etfs_latam__min_vol,205.10739111698464
2020-11-30,etfs_latam__min_vol,222.91337239257612
2020-12-31,etfs_latam__min_vol,235.95486805324586
2021-01-31,etfs_latam__min_vol,236.93651719957973
2021-02-28,etfs_latam__min_vol,246.90898475205998
2021-03-31,etfs_latam__min_vol,271.0240921581053
2021-04-30,etfs_latam__min_vol,251.00310445817664
2021-05-31,etfs_latam__min_vol,246.93098569593525
2021-06-30,etfs_latam__min_vol,234.99951055922313
2021-07-31,etfs_latam__min_vol,239.00362471272322
2021-08-31,etfs_latam__min_vol,264.90711017136744
2021-09-30,etfs_latam__min_vol,254.84323622224613
2021-10-31,etfs_latam__min_vol,259.50065740680196
2021-11-30,etfs_latam__min_vol,244.94039293154643
2021-12-31,etfs_latam__min_vol,256.40647207704654
2022-01-31,etfs_latam__min_vol,254.28049071903712
2022-02-28,etfs_latam__min_vol,250.35929168411548
2022-03-31,etfs_latam__min_vol,255.36284756948638
2022-04-30,etfs_latam__min_vol,234.70010341140096
2022-05-31,etfs_latam__min_vol,242.6185874314245
2022-06-30,etfs_latam__min_vol,224.64390695220337
2022-07-31,etfs_latam__min_vol,241.52674430767652
2022-08-31,etfs_latam__min_vol,244.19679982747374
2022-09-30,etfs_latam__min_vol,242.80668486380983
2022-10-31,etfs_latam__min_vol,257.64221668085264
2022-11-30,etfs_latam__min_vol,275.6722205947466
2022-12-31,etfs_latam__min_vol,277.2812481432657
2023-01-31,etfs_latam__min_vol,307.916518467148
2023-02-28,etfs_latam__min_vol,306.5655504079691
2023-03-31,etfs_latam__min_vol,304.7904397976561
2023-04-30,etfs_latam__min_vol,298.843641295427
2023-05-31,etfs_latam__min_vol,301.4337795381799
2023-06-30,etfs_latam__min_vol,317.69290203862687
2023-07-31,etfs_latam__min_vol,322.4047905514018
2023-08-31,etfs_latam__min_vol,319.43156294968554
2023-09-30,etfs_latam__min_vol,300.73753594303383
2023-10-31,etfs_latam__min_vol,281.1364126746853
2023-11-30,etfs_latam__min_vol,325.790305859167
2023-12-31,etfs_latam__min_vol,340.734351044676
2024-01-31,etfs_latam__min_vol,336.68052621410294
2024-02-29,etfs_latam__min_vol,333.98506779436974
2024-03-31,etfs_latam__min_vol,352.34398555729626
2024-04-30,etfs_latam__min_vol,363.3513173797779
2024-05-31,etfs_latam__min_vol,386.8103860527147
2024-06-30,etfs_latam__min_vol,371.9030829650491
2024-07-31,etfs_latam__min_vol,380.8215579189647
2024-08-31,etfs_latam__min_vol,394.9736378498111
2024-09-30,etfs_latam__min_vol,388.04875772267616
2024-10-31,etfs_latam__min_vol,412.10989015473746
2024-11-30,etfs_latam__min_vol,445.12177805628494
2024-12-31,etfs_latam__min_vol,450.09134039256844
2025-01-31,etfs_latam__min_vol,454.1905804141636
2025-02-28,etfs_latam__min_vol,456.8418533173203
2025-03-31,etfs_latam__min_vol,454.4702535295868
2025-04-30,etfs_latam__min_vol,476.52822522682163
2025-05-31,etfs_latam__min_vol,499.71283123432136
2025-06-30,etfs_latam__min_vol,480.73380093890836
2025-07-31,etfs_latam__min_vol,475.82622518975495
2025-08-31,etfs_latam__min_vol,477.1925175536487
2025-09-30,etfs_latam__min_vol,465.4167483774823
2025-10-31,etfs_latam__min_vol,533.4552943836036
2025-11-30,etfs_latam__min_vol,546.3015061532501
2025-12-31,etfs_latam__min_vol,575.7827014102602
2026-01-31,etfs_latam__min_vol,596.0928427047769
2026-02-28,etfs_latam__min_vol,580.8197380296563
2026-03-31,etfs_latam__min_vol,572.039073316367
2026-04-30,etfs_latam__min_vol,572.0613029781581
2015-02-28,etfs_asia__max_sharpe,116.1969978223144
2015-03-31,etfs_asia__max_sharpe,129.08290835982382
2015-04-30,etfs_asia__max_sharpe,123.91875485373846
2015-05-31,etfs_asia__max_sharpe,131.29883411668857
2015-06-30,etfs_asia__max_sharpe,125.42738297367337
2015-07-31,etfs_asia__max_sharpe,130.64484094463546
2015-08-31,etfs_asia__max_sharpe,125.59519679873661
2015-09-30,etfs_asia__max_sharpe,141.10331021021508
2015-10-31,etfs_asia__max_sharpe,142.6833782548718
2015-11-30,etfs_asia__max_sharpe,139.7487674805974
2015-12-31,etfs_asia__max_sharpe,141.4603177859467
2016-01-31,etfs_asia__max_sharpe,135.88569501429134
2016-02-29,etfs_asia__max_sharpe,129.63704858634077
2016-03-31,etfs_asia__max_sharpe,129.17282658908138
2016-04-30,etfs_asia__max_sharpe,123.42960101281535
2016-05-31,etfs_asia__max_sharpe,127.07310939650212
2016-06-30,etfs_asia__max_sharpe,117.66085235626558
2016-07-31,etfs_asia__max_sharpe,126.26090198910427
2016-08-31,etfs_asia__max_sharpe,126.58966625584628
2016-09-30,etfs_asia__max_sharpe,131.2103428316179
2016-10-31,etfs_asia__max_sharpe,126.82279557131902
2016-11-30,etfs_asia__max_sharpe,132.74360149315976
2016-12-31,etfs_asia__max_sharpe,121.98834968618112
2017-01-31,etfs_asia__max_sharpe,125.20706820387613
2017-02-28,etfs_asia__max_sharpe,127.76354333147559
2017-03-31,etfs_asia__max_sharpe,133.90550479852922
2017-04-30,etfs_asia__max_sharpe,137.5646970442912
2017-05-31,etfs_asia__max_sharpe,146.32414801752947
2017-06-30,etfs_asia__max_sharpe,150.21259519904987
2017-07-31,etfs_asia__max_sharpe,150.9116279111907
2017-08-31,etfs_asia__max_sharpe,151.48140634027396
2017-09-30,etfs_asia__max_sharpe,151.79673303943042
2017-10-31,etfs_asia__max_sharpe,164.66809834783106
2017-11-30,etfs_asia__max_sharpe,163.6634879635456
2017-12-31,etfs_asia__max_sharpe,170.31432235676957
2018-01-31,etfs_asia__max_sharpe,173.49223066169415
2018-02-28,etfs_asia__max_sharpe,166.86378559139038
2018-03-31,etfs_asia__max_sharpe,172.23789847567275
2018-04-30,etfs_asia__max_sharpe,178.3296659497545
2018-05-31,etfs_asia__max_sharpe,190.40171114720908
2018-06-30,etfs_asia__max_sharpe,190.11984864245065
2018-07-31,etfs_asia__max_sharpe,187.7789947098346
2018-08-31,etfs_asia__max_sharpe,206.4354643664104
2018-09-30,etfs_asia__max_sharpe,197.27873889732876
2018-10-31,etfs_asia__max_sharpe,162.14539498192525
2018-11-30,etfs_asia__max_sharpe,177.98666711988744
2018-12-31,etfs_asia__max_sharpe,173.35906934897076
2019-01-31,etfs_asia__max_sharpe,176.53320325031373
2019-02-28,etfs_asia__max_sharpe,179.85653694584508
2019-03-31,etfs_asia__max_sharpe,192.35114108518405
2019-04-30,etfs_asia__max_sharpe,197.66992129085264
2019-05-31,etfs_asia__max_sharpe,185.9527683935863
2019-06-30,etfs_asia__max_sharpe,187.77209283208856
2019-07-31,etfs_asia__max_sharpe,180.5087768224936
2019-08-31,etfs_asia__max_sharpe,192.00698438807632
2019-09-30,etfs_asia__max_sharpe,197.34109005298637
2019-10-31,etfs_asia__max_sharpe,197.74943640306927
2019-11-30,etfs_asia__max_sharpe,208.6600456197374
2019-12-31,etfs_asia__max_sharpe,210.48714347481607
2020-01-31,etfs_asia__max_sharpe,210.70466969204324
2020-02-29,etfs_asia__max_sharpe,216.28356758194354
2020-03-31,etfs_asia__max_sharpe,217.27994828010523
2020-04-30,etfs_asia__max_sharpe,241.88780162584416
2020-05-31,etfs_asia__max_sharpe,248.41635796319923
2020-06-30,etfs_asia__max_sharpe,264.10883735889223
2020-07-31,etfs_asia__max_sharpe,266.0004379550836
2020-08-31,etfs_asia__max_sharpe,291.0733539863211
2020-09-30,etfs_asia__max_sharpe,305.9087768600135
2020-10-31,etfs_asia__max_sharpe,314.21169142655106
2020-11-30,etfs_asia__max_sharpe,319.48432644545284
2020-12-31,etfs_asia__max_sharpe,333.825723265647
2021-01-31,etfs_asia__max_sharpe,357.24203850446924
2021-02-28,etfs_asia__max_sharpe,373.2385427928594
2021-03-31,etfs_asia__max_sharpe,391.3780604581759
2021-04-30,etfs_asia__max_sharpe,366.19727978592834
2021-05-31,etfs_asia__max_sharpe,365.9205828510235
2021-06-30,etfs_asia__max_sharpe,346.3883282581738
2021-07-31,etfs_asia__max_sharpe,342.7741502311925
2021-08-31,etfs_asia__max_sharpe,354.7268293500773
2021-09-30,etfs_asia__max_sharpe,358.11425887024984
2021-10-31,etfs_asia__max_sharpe,375.0594557781981
2021-11-30,etfs_asia__max_sharpe,360.51047889202437
2021-12-31,etfs_asia__max_sharpe,366.48773849640577
2022-01-31,etfs_asia__max_sharpe,345.840631684746
2022-02-28,etfs_asia__max_sharpe,322.42901210439976
2022-03-31,etfs_asia__max_sharpe,290.1380000076779
2022-04-30,etfs_asia__max_sharpe,282.56360569057523
2022-05-31,etfs_asia__max_sharpe,275.21930543706185
2022-06-30,etfs_asia__max_sharpe,285.798021453895
2022-07-31,etfs_asia__max_sharpe,288.38836108489545
2022-08-31,etfs_asia__max_sharpe,278.3545433686577
2022-09-30,etfs_asia__max_sharpe,258.2771909347967
2022-10-31,etfs_asia__max_sharpe,246.26189166239126
2022-11-30,etfs_asia__max_sharpe,291.1144870149573
2022-12-31,etfs_asia__max_sharpe,286.4042509959498
2023-01-31,etfs_asia__max_sharpe,299.23499546190897
2023-02-28,etfs_asia__max_sharpe,284.63864294900645
2023-03-31,etfs_asia__max_sharpe,287.9989017175113
2023-04-30,etfs_asia__max_sharpe,280.3465530189686
2023-05-31,etfs_asia__max_sharpe,280.1098069478398
2023-06-30,etfs_asia__max_sharpe,279.52164995531666
2023-07-31,etfs_asia__max_sharpe,284.6618972087444
2023-08-31,etfs_asia__max_sharpe,276.9228306139449
2023-09-30,etfs_asia__max_sharpe,276.2355095213129
2023-10-31,etfs_asia__max_sharpe,268.15798927316024
2023-11-30,etfs_asia__max_sharpe,278.6394926995254
2023-12-31,etfs_asia__max_sharpe,287.86032825796593
2024-01-31,etfs_asia__max_sharpe,280.6564092620443
2024-02-29,etfs_asia__max_sharpe,295.39892091591906
2024-03-31,etfs_asia__max_sharpe,302.17773254838625
2024-04-30,etfs_asia__max_sharpe,307.3297634724058
2024-05-31,etfs_asia__max_sharpe,321.8168819049762
2024-06-30,etfs_asia__max_sharpe,345.390774288506
2024-07-31,etfs_asia__max_sharpe,354.58526540658954
2024-08-31,etfs_asia__max_sharpe,360.6372905565737
2024-09-30,etfs_asia__max_sharpe,368.8426989413282
2024-10-31,etfs_asia__max_sharpe,375.29844055829943
2024-11-30,etfs_asia__max_sharpe,385.0714669357084
2024-12-31,etfs_asia__max_sharpe,385.2100829060421
2025-01-31,etfs_asia__max_sharpe,370.2417452841245
2025-02-28,etfs_asia__max_sharpe,375.3063240993399
2025-03-31,etfs_asia__max_sharpe,370.432023930597
2025-04-30,etfs_asia__max_sharpe,365.91329097156813
2025-05-31,etfs_asia__max_sharpe,389.57889942105703
2025-06-30,etfs_asia__max_sharpe,404.95762474816013
2025-07-31,etfs_asia__max_sharpe,415.0848905676364
2025-08-31,etfs_asia__max_sharpe,412.437583803613
2025-09-30,etfs_asia__max_sharpe,426.3690292204256
2025-10-31,etfs_asia__max_sharpe,452.8038279501478
2025-11-30,etfs_asia__max_sharpe,444.8648601531998
2025-12-31,etfs_asia__max_sharpe,461.31886532521855
2026-01-31,etfs_asia__max_sharpe,472.7231224010093
2026-02-28,etfs_asia__max_sharpe,500.54555715865786
2026-03-31,etfs_asia__max_sharpe,467.2309051392059
2026-04-30,etfs_asia__max_sharpe,478.15149840388005
2015-02-28,etfs_asia__min_vol,116.1969978223144
2015-03-31,etfs_asia__min_vol,129.08290835982382
2015-04-30,etfs_asia__min_vol,123.91875485373846
2015-05-31,etfs_asia__min_vol,131.29883411668857
2015-06-30,etfs_asia__min_vol,125.42738297367337
2015-07-31,etfs_asia__min_vol,130.64484094463546
2015-08-31,etfs_asia__min_vol,125.59519679873661
2015-09-30,etfs_asia__min_vol,141.10331021021508
2015-10-31,etfs_asia__min_vol,142.6833782548718
2015-11-30,etfs_asia__min_vol,139.7487674805974
2015-12-31,etfs_asia__min_vol,141.4603177859467
2016-01-31,etfs_asia__min_vol,135.88569501429134
2016-02-29,etfs_asia__min_vol,129.63704858634077
2016-03-31,etfs_asia__min_vol,129.17282658908138
2016-04-30,etfs_asia__min_vol,123.42960101281535
2016-05-31,etfs_asia__min_vol,127.07310939650212
2016-06-30,etfs_asia__min_vol,117.66085235626558
2016-07-31,etfs_asia__min_vol,126.26090198910427
2016-08-31,etfs_asia__min_vol,126.58966625584628
2016-09-30,etfs_asia__min_vol,131.2103428316179
2016-10-31,etfs_asia__min_vol,126.82279557131902
2016-11-30,etfs_asia__min_vol,132.74360149315976
2016-12-31,etfs_asia__min_vol,121.98834968618112
2017-01-31,etfs_asia__min_vol,125.20706820387613
2017-02-28,etfs_asia__min_vol,127.76354333147559
2017-03-31,etfs_asia__min_vol,133.90550479852922
2017-04-30,etfs_asia__min_vol,137.5646970442912
2017-05-31,etfs_asia__min_vol,146.32414801752947
2017-06-30,etfs_asia__min_vol,150.21259519904987
2017-07-31,etfs_asia__min_vol,150.9116279111907
2017-08-31,etfs_asia__min_vol,151.48140634027396
2017-09-30,etfs_asia__min_vol,151.79673303943042
2017-10-31,etfs_asia__min_vol,164.66809834783106
2017-11-30,etfs_asia__min_vol,163.6634879635456
2017-12-31,etfs_asia__min_vol,170.31432235676957
2018-01-31,etfs_asia__min_vol,173.49223066169415
2018-02-28,etfs_asia__min_vol,166.86378559139038
2018-03-31,etfs_asia__min_vol,172.23789847567275
2018-04-30,etfs_asia__min_vol,178.3296659497545
2018-05-31,etfs_asia__min_vol,190.40171114720908
2018-06-30,etfs_asia__min_vol,190.11984864245065
2018-07-31,etfs_asia__min_vol,187.7789947098346
2018-08-31,etfs_asia__min_vol,206.4354643664104
2018-09-30,etfs_asia__min_vol,197.27873889732876
2018-10-31,etfs_asia__min_vol,162.14539498192525
2018-11-30,etfs_asia__min_vol,177.98666711988744
2018-12-31,etfs_asia__min_vol,173.35906934897076
2019-01-31,etfs_asia__min_vol,176.53320325031373
2019-02-28,etfs_asia__min_vol,179.85653694584508
2019-03-31,etfs_asia__min_vol,192.35114108518405
2019-04-30,etfs_asia__min_vol,197.66992129085264
2019-05-31,etfs_asia__min_vol,185.9527683935863
2019-06-30,etfs_asia__min_vol,187.77209283208856
2019-07-31,etfs_asia__min_vol,180.5087768224936
2019-08-31,etfs_asia__min_vol,192.00698438807632
2019-09-30,etfs_asia__min_vol,197.34109005298637
2019-10-31,etfs_asia__min_vol,197.74943640306927
2019-11-30,etfs_asia__min_vol,208.6600456197374
2019-12-31,etfs_asia__min_vol,210.48714347481607
2020-01-31,etfs_asia__min_vol,210.70466969204324
2020-02-29,etfs_asia__min_vol,216.28356758194354
2020-03-31,etfs_asia__min_vol,217.27994828010523
2020-04-30,etfs_asia__min_vol,241.88780162584416
2020-05-31,etfs_asia__min_vol,248.41635796319923
2020-06-30,etfs_asia__min_vol,264.10883735889223
2020-07-31,etfs_asia__min_vol,266.0004379550836
2020-08-31,etfs_asia__min_vol,291.0733539863211
2020-09-30,etfs_asia__min_vol,305.9087768600135
2020-10-31,etfs_asia__min_vol,314.21169142655106
2020-11-30,etfs_asia__min_vol,319.48432644545284
2020-12-31,etfs_asia__min_vol,333.825723265647
2021-01-31,etfs_asia__min_vol,357.24203850446924
2021-02-28,etfs_asia__min_vol,373.2385427928594
2021-03-31,etfs_asia__min_vol,391.3780604581759
2021-04-30,etfs_asia__min_vol,366.19727978592834
2021-05-31,etfs_asia__min_vol,365.9205828510235
2021-06-30,etfs_asia__min_vol,346.3883282581738
2021-07-31,etfs_asia__min_vol,342.7741502311925
2021-08-31,etfs_asia__min_vol,354.7268293500773
2021-09-30,etfs_asia__min_vol,358.11425887024984
2021-10-31,etfs_asia__min_vol,375.0594557781981
2021-11-30,etfs_asia__min_vol,360.51047889202437
2021-12-31,etfs_asia__min_vol,366.48773849640577
2022-01-31,etfs_asia__min_vol,345.840631684746
2022-02-28,etfs_asia__min_vol,322.42901210439976
2022-03-31,etfs_asia__min_vol,290.1380000076779
2022-04-30,etfs_asia__min_vol,282.56360569057523
2022-05-31,etfs_asia__min_vol,275.21930543706185
2022-06-30,etfs_asia__min_vol,285.798021453895
2022-07-31,etfs_asia__min_vol,288.38836108489545
2022-08-31,etfs_asia__min_vol,278.3545433686577
2022-09-30,etfs_asia__min_vol,258.2771909347967
2022-10-31,etfs_asia__min_vol,246.26189166239126
2022-11-30,etfs_asia__min_vol,291.1144870149573
2022-12-31,etfs_asia__min_vol,286.4042509959498
2023-01-31,etfs_asia__min_vol,299.23499546190897
2023-02-28,etfs_asia__min_vol,284.63864294900645
2023-03-31,etfs_asia__min_vol,287.9989017175113
2023-04-30,etfs_asia__min_vol,280.3465530189686
2023-05-31,etfs_asia__min_vol,280.1098069478398
2023-06-30,etfs_asia__min_vol,279.52164995531666
2023-07-31,etfs_asia__min_vol,284.6618972087444
2023-08-31,etfs_asia__min_vol,276.9228306139449
2023-09-30,etfs_asia__min_vol,276.2355095213129
2023-10-31,etfs_asia__min_vol,268.15798927316024
2023-11-30,etfs_asia__min_vol,278.6394926995254
2023-12-31,etfs_asia__min_vol,287.86032825796593
2024-01-31,etfs_asia__min_vol,280.6564092620443
2024-02-29,etfs_asia__min_vol,295.39892091591906
2024-03-31,etfs_asia__min_vol,302.17773254838625
2024-04-30,etfs_asia__min_vol,307.3297634724058
2024-05-31,etfs_asia__min_vol,321.8168819049762
2024-06-30,etfs_asia__min_vol,345.390774288506
2024-07-31,etfs_asia__min_vol,354.58526540658954
2024-08-31,etfs_asia__min_vol,360.6372905565737
2024-09-30,etfs_asia__min_vol,368.8426989413282
2024-10-31,etfs_asia__min_vol,375.29844055829943
2024-11-30,etfs_asia__min_vol,385.0714669357084
2024-12-31,etfs_asia__min_vol,385.2100829060421
2025-01-31,etfs_asia__min_vol,370.2417452841245
2025-02-28,etfs_asia__min_vol,375.3063240993399
2025-03-31,etfs_asia__min_vol,370.432023930597
2025-04-30,etfs_asia__min_vol,365.91329097156813
2025-05-31,etfs_asia__min_vol,389.57889942105703
2025-06-30,etfs_asia__min_vol,404.95762474816013
2025-07-31,etfs_asia__min_vol,415.0848905676364
2025-08-31,etfs_asia__min_vol,412.437583803613
2025-09-30,etfs_asia__min_vol,426.3690292204256
2025-10-31,etfs_asia__min_vol,452.8038279501478
2025-11-30,etfs_asia__min_vol,444.8648601531998
2025-12-31,etfs_asia__min_vol,461.31886532521855
2026-01-31,etfs_asia__min_vol,472.7231224010093
2026-02-28,etfs_asia__min_vol,500.54555715865786
2026-03-31,etfs_asia__min_vol,467.2309051392059
2026-04-30,etfs_asia__min_vol,478.15149840388005
2015-02-28,etfs_europa__max_sharpe,118.49352959213095
2015-03-31,etfs_europa__max_sharpe,128.84902428378786
2015-04-30,etfs_europa__max_sharpe,121.07278347599026
2015-05-31,etfs_europa__max_sharpe,128.39086338958944
2015-06-30,etfs_europa__max_sharpe,123.01078089329663
2015-07-31,etfs_europa__max_sharpe,135.89680296070497
2015-08-31,etfs_europa__max_sharpe,133.55823481472666
2015-09-30,etfs_europa__max_sharpe,143.6493717242577
2015-10-31,etfs_europa__max_sharpe,147.27709060309863
2015-11-30,etfs_europa__max_sharpe,145.9200242764252
2015-12-31,etfs_europa__max_sharpe,144.1221288154839
2016-01-31,etfs_europa__max_sharpe,139.23462170952797
2016-02-29,etfs_europa__max_sharpe,130.56944465387775
2016-03-31,etfs_europa__max_sharpe,127.56049847674278
2016-04-30,etfs_europa__max_sharpe,126.96137909254092
2016-05-31,etfs_europa__max_sharpe,128.89238618684982
2016-06-30,etfs_europa__max_sharpe,111.9568030458111
2016-07-31,etfs_europa__max_sharpe,118.2706545505287
2016-08-31,etfs_europa__max_sharpe,118.25222688190362
2016-09-30,etfs_europa__max_sharpe,119.39580485900687
2016-10-31,etfs_europa__max_sharpe,114.50009981370131
2016-11-30,etfs_europa__max_sharpe,120.32505518364265
2016-12-31,etfs_europa__max_sharpe,119.78527573874838
2017-01-31,etfs_europa__max_sharpe,118.20012061700429
2017-02-28,etfs_europa__max_sharpe,118.21857581459429
2017-03-31,etfs_europa__max_sharpe,125.02644147191853
2017-04-30,etfs_europa__max_sharpe,130.14196644577785
2017-05-31,etfs_europa__max_sharpe,139.2520989841662
2017-06-30,etfs_europa__max_sharpe,139.75818721756627
2017-07-31,etfs_europa__max_sharpe,137.63900734844157
2017-08-31,etfs_europa__max_sharpe,136.57777780431684
2017-09-30,etfs_europa__max_sharpe,143.2598345439209
2017-10-31,etfs_europa__max_sharpe,149.80168909396494
2017-11-30,etfs_europa__max_sharpe,147.75442191392762
2017-12-31,etfs_europa__max_sharpe,152.01037077151423
2018-01-31,etfs_europa__max_sharpe,154.10363139826995
2018-02-28,etfs_europa__max_sharpe,146.45944855066034
2018-03-31,etfs_europa__max_sharpe,148.91567829663407
2018-04-30,etfs_europa__max_sharpe,159.7608843781884
2018-05-31,etfs_europa__max_sharpe,167.41961777074695
2018-06-30,etfs_europa__max_sharpe,170.5803865258914
2018-07-31,etfs_europa__max_sharpe,170.12358625731
2018-08-31,etfs_europa__max_sharpe,181.65414144803074
2018-09-30,etfs_europa__max_sharpe,175.7383366092927
2018-10-31,etfs_europa__max_sharpe,149.2543824070626
2018-11-30,etfs_europa__max_sharpe,154.08436394343175
2018-12-31,etfs_europa__max_sharpe,147.2942366733181
2019-01-31,etfs_europa__max_sharpe,148.79263646833408
2019-02-28,etfs_europa__max_sharpe,155.0069654803627
2019-03-31,etfs_europa__max_sharpe,162.42991811951842
2019-04-30,etfs_europa__max_sharpe,172.39385104370683
2019-05-31,etfs_europa__max_sharpe,163.21439707854472
2019-06-30,etfs_europa__max_sharpe,166.63503062369531
2019-07-31,etfs_europa__max_sharpe,160.0632157592934
2019-08-31,etfs_europa__max_sharpe,171.80978713594496
2019-09-30,etfs_europa__max_sharpe,176.6093066557453
2019-10-31,etfs_europa__max_sharpe,176.9036561459564
2019-11-30,etfs_europa__max_sharpe,188.3373517187732
2019-12-31,etfs_europa__max_sharpe,186.57871241289138
2020-01-31,etfs_europa__max_sharpe,189.62261885784633
2020-02-29,etfs_europa__max_sharpe,182.86920225594122
2020-03-31,etfs_europa__max_sharpe,173.46620800188583
2020-04-30,etfs_europa__max_sharpe,190.56922137269814
2020-05-31,etfs_europa__max_sharpe,205.02277038141244
2020-06-30,etfs_europa__max_sharpe,215.52324805821087
2020-07-31,etfs_europa__max_sharpe,210.9231875689766
2020-08-31,etfs_europa__max_sharpe,230.53220621225555
2020-09-30,etfs_europa__max_sharpe,231.45241527379304
2020-10-31,etfs_europa__max_sharpe,220.1788158383159
2020-11-30,etfs_europa__max_sharpe,239.18956213999238
2020-12-31,etfs_europa__max_sharpe,243.37826404382588
2021-01-31,etfs_europa__max_sharpe,251.97812809179334
2021-02-28,etfs_europa__max_sharpe,264.60621529323055
2021-03-31,etfs_europa__max_sharpe,287.6737389864876
2021-04-30,etfs_europa__max_sharpe,276.4695354612827
2021-05-31,etfs_europa__max_sharpe,282.08267887252146
2021-06-30,etfs_europa__max_sharpe,261.72589489419335
2021-07-31,etfs_europa__max_sharpe,268.7655858776128
2021-08-31,etfs_europa__max_sharpe,277.70821796945364
2021-09-30,etfs_europa__max_sharpe,277.04503324691785
2021-10-31,etfs_europa__max_sharpe,300.8295516878928
2021-11-30,etfs_europa__max_sharpe,281.64591900786644
2021-12-31,etfs_europa__max_sharpe,294.8124434248574
2022-01-31,etfs_europa__max_sharpe,281.04688268303056
2022-02-28,etfs_europa__max_sharpe,253.94525595756528
2022-03-31,etfs_europa__max_sharpe,232.3338473924726
2022-04-30,etfs_europa__max_sharpe,224.3920728033711
2022-05-31,etfs_europa__max_sharpe,225.14349697632775
2022-06-30,etfs_europa__max_sharpe,219.14852178525965
2022-07-31,etfs_europa__max_sharpe,226.9227806958846
2022-08-31,etfs_europa__max_sharpe,208.47887258216375
2022-09-30,etfs_europa__max_sharpe,199.43299138812964
2022-10-31,etfs_europa__max_sharpe,214.30074495858506
2022-11-30,etfs_europa__max_sharpe,245.97925969011874
2022-12-31,etfs_europa__max_sharpe,241.1461074804698
2023-01-31,etfs_europa__max_sharpe,258.4125892947954
2023-02-28,etfs_europa__max_sharpe,258.1675021209956
2023-03-31,etfs_europa__max_sharpe,260.73419877513993
2023-04-30,etfs_europa__max_sharpe,264.6864286035256
2023-05-31,etfs_europa__max_sharpe,253.72809044534574
2023-06-30,etfs_europa__max_sharpe,256.80124434414006
2023-07-31,etfs_europa__max_sharpe,256.3368967519009
2023-08-31,etfs_europa__max_sharpe,253.015313892773
2023-09-30,etfs_europa__max_sharpe,249.3830282648191
2023-10-31,etfs_europa__max_sharpe,242.08797536920034
2023-11-30,etfs_europa__max_sharpe,258.924087444791
2023-12-31,etfs_europa__max_sharpe,267.7669403713683
2024-01-31,etfs_europa__max_sharpe,269.7581413816068
2024-02-29,etfs_europa__max_sharpe,281.8407774470309
2024-03-31,etfs_europa__max_sharpe,294.38328898465454
2024-04-30,etfs_europa__max_sharpe,295.28532459746685
2024-05-31,etfs_europa__max_sharpe,314.9390530038101
2024-06-30,etfs_europa__max_sharpe,324.4390766894474
2024-07-31,etfs_europa__max_sharpe,337.71026723450245
2024-08-31,etfs_europa__max_sharpe,353.16207243928574
2024-09-30,etfs_europa__max_sharpe,346.53204445114693
2024-10-31,etfs_europa__max_sharpe,349.0484167801744
2024-11-30,etfs_europa__max_sharpe,360.895286973435
2024-12-31,etfs_europa__max_sharpe,364.2341195832049
2025-01-31,etfs_europa__max_sharpe,371.8839251028267
2025-02-28,etfs_europa__max_sharpe,384.29415090028044
2025-03-31,etfs_europa__max_sharpe,385.1235211758766
2025-04-30,etfs_europa__max_sharpe,390.37421924368135
2025-05-31,etfs_europa__max_sharpe,414.86602301401757
2025-06-30,etfs_europa__max_sharpe,410.307743976371
2025-07-31,etfs_europa__max_sharpe,409.73739423314726
2025-08-31,etfs_europa__max_sharpe,410.0731372924713
2025-09-30,etfs_europa__max_sharpe,409.3004848492335
2025-10-31,etfs_europa__max_sharpe,414.12104356525975
2025-11-30,etfs_europa__max_sharpe,415.57929330169355
2025-12-31,etfs_europa__max_sharpe,440.0370867524938
2026-01-31,etfs_europa__max_sharpe,431.0620517736805
2026-02-28,etfs_europa__max_sharpe,442.2415830634375
2026-03-31,etfs_europa__max_sharpe,413.5683090004731
2026-04-30,etfs_europa__max_sharpe,416.6583706914349
2015-02-28,etfs_europa__min_vol,118.49352959213095
2015-03-31,etfs_europa__min_vol,128.84902428378786
2015-04-30,etfs_europa__min_vol,121.07278347599026
2015-05-31,etfs_europa__min_vol,128.39086338958944
2015-06-30,etfs_europa__min_vol,123.01078089329663
2015-07-31,etfs_europa__min_vol,135.89680296070497
2015-08-31,etfs_europa__min_vol,133.55823481472666
2015-09-30,etfs_europa__min_vol,143.6493717242577
2015-10-31,etfs_europa__min_vol,147.27709060309863
2015-11-30,etfs_europa__min_vol,145.9200242764252
2015-12-31,etfs_europa__min_vol,144.1221288154839
2016-01-31,etfs_europa__min_vol,139.23462170952797
2016-02-29,etfs_europa__min_vol,130.56944465387775
2016-03-31,etfs_europa__min_vol,127.56049847674278
2016-04-30,etfs_europa__min_vol,126.96137909254092
2016-05-31,etfs_europa__min_vol,128.89238618684982
2016-06-30,etfs_europa__min_vol,111.9568030458111
2016-07-31,etfs_europa__min_vol,118.2706545505287
2016-08-31,etfs_europa__min_vol,118.25222688190362
2016-09-30,etfs_europa__min_vol,119.39580485900687
2016-10-31,etfs_europa__min_vol,114.50009981370131
2016-11-30,etfs_europa__min_vol,120.32505518364265
2016-12-31,etfs_europa__min_vol,119.78527573874838
2017-01-31,etfs_europa__min_vol,118.20012061700429
2017-02-28,etfs_europa__min_vol,118.21857581459429
2017-03-31,etfs_europa__min_vol,125.02644147191853
2017-04-30,etfs_europa__min_vol,130.14196644577785
2017-05-31,etfs_europa__min_vol,139.2520989841662
2017-06-30,etfs_europa__min_vol,139.75818721756627
2017-07-31,etfs_europa__min_vol,137.63900734844157
2017-08-31,etfs_europa__min_vol,136.57777780431684
2017-09-30,etfs_europa__min_vol,143.2598345439209
2017-10-31,etfs_europa__min_vol,149.80168909396494
2017-11-30,etfs_europa__min_vol,147.75442191392762
2017-12-31,etfs_europa__min_vol,152.01037077151423
2018-01-31,etfs_europa__min_vol,154.10363139826995
2018-02-28,etfs_europa__min_vol,146.45944855066034
2018-03-31,etfs_europa__min_vol,148.91567829663407
2018-04-30,etfs_europa__min_vol,159.7608843781884
2018-05-31,etfs_europa__min_vol,167.41961777074695
2018-06-30,etfs_europa__min_vol,170.5803865258914
2018-07-31,etfs_europa__min_vol,170.12358625731
2018-08-31,etfs_europa__min_vol,181.65414144803074
2018-09-30,etfs_europa__min_vol,175.7383366092927
2018-10-31,etfs_europa__min_vol,149.2543824070626
2018-11-30,etfs_europa__min_vol,154.08436394343175
2018-12-31,etfs_europa__min_vol,147.2942366733181
2019-01-31,etfs_europa__min_vol,148.79263646833408
2019-02-28,etfs_europa__min_vol,155.0069654803627
2019-03-31,etfs_europa__min_vol,162.42991811951842
2019-04-30,etfs_europa__min_vol,172.39385104370683
2019-05-31,etfs_europa__min_vol,163.21439707854472
2019-06-30,etfs_europa__min_vol,166.63503062369531
2019-07-31,etfs_europa__min_vol,160.0632157592934
2019-08-31,etfs_europa__min_vol,171.80978713594496
2019-09-30,etfs_europa__min_vol,176.6093066557453
2019-10-31,etfs_europa__min_vol,176.9036561459564
2019-11-30,etfs_europa__min_vol,188.3373517187732
2019-12-31,etfs_europa__min_vol,186.57871241289138
2020-01-31,etfs_europa__min_vol,189.62261885784633
2020-02-29,etfs_europa__min_vol,182.86920225594122
2020-03-31,etfs_europa__min_vol,173.46620800188583
2020-04-30,etfs_europa__min_vol,190.56922137269814
2020-05-31,etfs_europa__min_vol,205.02277038141244
2020-06-30,etfs_europa__min_vol,215.52324805821087
2020-07-31,etfs_europa__min_vol,210.9231875689766
2020-08-31,etfs_europa__min_vol,230.53220621225555
2020-09-30,etfs_europa__min_vol,231.45241527379304
2020-10-31,etfs_europa__min_vol,220.1788158383159
2020-11-30,etfs_europa__min_vol,239.18956213999238
2020-12-31,etfs_europa__min_vol,243.37826404382588
2021-01-31,etfs_europa__min_vol,251.97812809179334
2021-02-28,etfs_europa__min_vol,264.60621529323055
2021-03-31,etfs_europa__min_vol,287.6737389864876
2021-04-30,etfs_europa__min_vol,276.4695354612827
2021-05-31,etfs_europa__min_vol,282.08267887252146
2021-06-30,etfs_europa__min_vol,261.72589489419335
2021-07-31,etfs_europa__min_vol,268.7655858776128
2021-08-31,etfs_europa__min_vol,277.70821796945364
2021-09-30,etfs_europa__min_vol,277.04503324691785
2021-10-31,etfs_europa__min_vol,300.8295516878928
2021-11-30,etfs_europa__min_vol,281.64591900786644
2021-12-31,etfs_europa__min_vol,294.8124434248574
2022-01-31,etfs_europa__min_vol,281.04688268303056
2022-02-28,etfs_europa__min_vol,253.94525595756528
2022-03-31,etfs_europa__min_vol,232.3338473924726
2022-04-30,etfs_europa__min_vol,224.3920728033711
2022-05-31,etfs_europa__min_vol,225.14349697632775
2022-06-30,etfs_europa__min_vol,219.14852178525965
2022-07-31,etfs_europa__min_vol,226.9227806958846
2022-08-31,etfs_europa__min_vol,208.47887258216375
2022-09-30,etfs_europa__min_vol,199.43299138812964
2022-10-31,etfs_europa__min_vol,214.30074495858506
2022-11-30,etfs_europa__min_vol,245.97925969011874
2022-12-31,etfs_europa__min_vol,241.1461074804698
2023-01-31,etfs_europa__min_vol,258.4125892947954
2023-02-28,etfs_europa__min_vol,258.1675021209956
2023-03-31,etfs_europa__min_vol,260.73419877513993
2023-04-30,etfs_europa__min_vol,264.6864286035256
2023-05-31,etfs_europa__min_vol,253.72809044534574
2023-06-30,etfs_europa__min_vol,256.80124434414006
2023-07-31,etfs_europa__min_vol,256.3368967519009
2023-08-31,etfs_europa__min_vol,253.015313892773
2023-09-30,etfs_europa__min_vol,249.3830282648191
2023-10-31,etfs_europa__min_vol,242.08797536920034
2023-11-30,etfs_europa__min_vol,258.924087444791
2023-12-31,etfs_europa__min_vol,267.7669403713683
2024-01-31,etfs_europa__min_vol,269.7581413816068
2024-02-29,etfs_europa__min_vol,281.8407774470309
2024-03-31,etfs_europa__min_vol,294.38328898465454
2024-04-30,etfs_europa__min_vol,295.28532459746685
2024-05-31,etfs_europa__min_vol,314.9390530038101
2024-06-30,etfs_europa__min_vol,324.4390766894474
2024-07-31,etfs_europa__min_vol,337.71026723450245
2024-08-31,etfs_europa__min_vol,353.16207243928574
2024-09-30,etfs_europa__min_vol,346.53204445114693
2024-10-31,etfs_europa__min_vol,349.0484167801744
2024-11-30,etfs_europa__min_vol,360.895286973435
2024-12-31,etfs_europa__min_vol,364.2341195832049
2025-01-31,etfs_europa__min_vol,371.8839251028267
2025-02-28,etfs_europa__min_vol,384.29415090028044
2025-03-31,etfs_europa__min_vol,385.1235211758766
2025-04-30,etfs_europa__min_vol,390.37421924368135
2025-05-31,etfs_europa__min_vol,414.86602301401757
2025-06-30,etfs_europa__min_vol,410.307743976371
2025-07-31,etfs_europa__min_vol,409.73739423314726
2025-08-31,etfs_europa__min_vol,410.0731372924713
2025-09-30,etfs_europa__min_vol,409.3004848492335
2025-10-31,etfs_europa__min_vol,414.12104356525975
2025-11-30,etfs_europa__min_vol,415.57929330169355
2025-12-31,etfs_europa__min_vol,440.0370867524938
2026-01-31,etfs_europa__min_vol,431.0620517736805
2026-02-28,etfs_europa__min_vol,442.2415830634375
2026-03-31,etfs_europa__min_vol,413.5683090004731
2026-04-30,etfs_europa__min_vol,416.6583706914349
2015-02-28,etfs_oceania__max_sharpe,119.68513320090652
2015-03-31,etfs_oceania__max_sharpe,129.16465804337918
2015-04-30,etfs_oceania__max_sharpe,120.13457607720608
2015-05-31,etfs_oceania__max_sharpe,122.50433986413299
2015-06-30,etfs_oceania__max_sharpe,114.09570759502006
2015-07-31,etfs_oceania__max_sharpe,123.46262973439346
2015-08-31,etfs_oceania__max_sharpe,119.00255549272735
2015-09-30,etfs_oceania__max_sharpe,131.6802805782093
2015-10-31,etfs_oceania__max_sharpe,136.86572081779818
2015-11-30,etfs_oceania__max_sharpe,136.29011412373723
2015-12-31,etfs_oceania__max_sharpe,146.64370628762
2016-01-31,etfs_oceania__max_sharpe,140.63854662373774
2016-02-29,etfs_oceania__max_sharpe,137.7739407271892
2016-03-31,etfs_oceania__max_sharpe,140.98834894422018
2016-04-30,etfs_oceania__max_sharpe,139.72281101861887
2016-05-31,etfs_oceania__max_sharpe,141.77621427314088
2016-06-30,etfs_oceania__max_sharpe,132.0456858559783
2016-07-31,etfs_oceania__max_sharpe,144.2355214263127
2016-08-31,etfs_oceania__max_sharpe,140.43089113210664
2016-09-30,etfs_oceania__max_sharpe,143.83013745509865
2016-10-31,etfs_oceania__max_sharpe,133.27969410804127
2016-11-30,etfs_oceania__max_sharpe,143.18915349453715
2016-12-31,etfs_oceania__max_sharpe,134.11385631279668
2017-01-31,etfs_oceania__max_sharpe,138.16869905228384
2017-02-28,etfs_oceania__max_sharpe,139.04907234019416
2017-03-31,etfs_oceania__max_sharpe,141.56378704293837
2017-04-30,etfs_oceania__max_sharpe,143.20127265445424
2017-05-31,etfs_oceania__max_sharpe,146.11908732762495
2017-06-30,etfs_oceania__max_sharpe,155.45972859030837
2017-07-31,etfs_oceania__max_sharpe,155.32556295312367
2017-08-31,etfs_oceania__max_sharpe,152.53015715672822
2017-09-30,etfs_oceania__max_sharpe,153.7589198542963
2017-10-31,etfs_oceania__max_sharpe,157.20914019669277
2017-11-30,etfs_oceania__max_sharpe,155.33076899760977
2017-12-31,etfs_oceania__max_sharpe,166.85982655500953
2018-01-31,etfs_oceania__max_sharpe,165.93104829948368
2018-02-28,etfs_oceania__max_sharpe,163.75260449257095
2018-03-31,etfs_oceania__max_sharpe,165.39491564369285
2018-04-30,etfs_oceania__max_sharpe,170.75174535869314
2018-05-31,etfs_oceania__max_sharpe,187.79656293286743
2018-06-30,etfs_oceania__max_sharpe,197.49801899412162
2018-07-31,etfs_oceania__max_sharpe,191.9240401772407
2018-08-31,etfs_oceania__max_sharpe,213.29366750943927
2018-09-30,etfs_oceania__max_sharpe,203.62768391929347
2018-10-31,etfs_oceania__max_sharpe,174.74762547783968
2018-11-30,etfs_oceania__max_sharpe,188.9976137377297
2018-12-31,etfs_oceania__max_sharpe,183.63187110632816
2019-01-31,etfs_oceania__max_sharpe,185.4579760357559
2019-02-28,etfs_oceania__max_sharpe,192.53919211186846
2019-03-31,etfs_oceania__max_sharpe,208.2800698224052
2019-04-30,etfs_oceania__max_sharpe,212.07511581232475
2019-05-31,etfs_oceania__max_sharpe,211.62711341432248
2019-06-30,etfs_oceania__max_sharpe,214.60999076103667
2019-07-31,etfs_oceania__max_sharpe,214.47001822653831
2019-08-31,etfs_oceania__max_sharpe,225.9927592586556
2019-09-30,etfs_oceania__max_sharpe,229.0149842467112
2019-10-31,etfs_oceania__max_sharpe,222.27307950706668
2019-11-30,etfs_oceania__max_sharpe,242.64499849451323
2019-12-31,etfs_oceania__max_sharpe,240.48926381817913
2020-01-31,etfs_oceania__max_sharpe,248.42359108062672
2020-02-29,etfs_oceania__max_sharpe,242.3132999568658
2020-03-31,etfs_oceania__max_sharpe,226.60594758548552
2020-04-30,etfs_oceania__max_sharpe,254.7248209559371
2020-05-31,etfs_oceania__max_sharpe,272.9166369641601
2020-06-30,etfs_oceania__max_sharpe,299.28784055054336
2020-07-31,etfs_oceania__max_sharpe,295.49370148404006
2020-08-31,etfs_oceania__max_sharpe,320.7786263498961
2020-09-30,etfs_oceania__max_sharpe,317.9821091570795
2020-10-31,etfs_oceania__max_sharpe,331.90337173112795
2020-11-30,etfs_oceania__max_sharpe,348.0422060423574
2020-12-31,etfs_oceania__max_sharpe,354.97581633039096
2021-01-31,etfs_oceania__max_sharpe,369.31375606635913
2021-02-28,etfs_oceania__max_sharpe,367.10026820743826
2021-03-31,etfs_oceania__max_sharpe,384.637123420115
2021-04-30,etfs_oceania__max_sharpe,370.05001564050445
2021-05-31,etfs_oceania__max_sharpe,361.006183773259
2021-06-30,etfs_oceania__max_sharpe,337.9736433656791
2021-07-31,etfs_oceania__max_sharpe,344.32052423062163
2021-08-31,etfs_oceania__max_sharpe,361.0364942259737
2021-09-30,etfs_oceania__max_sharpe,364.1002326931569
2021-10-31,etfs_oceania__max_sharpe,398.57311969254425
2021-11-30,etfs_oceania__max_sharpe,364.4324637603094
2021-12-31,etfs_oceania__max_sharpe,375.3307508038365
2022-01-31,etfs_oceania__max_sharpe,325.7206686235468
2022-02-28,etfs_oceania__max_sharpe,328.94272473407796
2022-03-31,etfs_oceania__max_sharpe,320.8488163203401
2022-04-30,etfs_oceania__max_sharpe,305.285449342957
2022-05-31,etfs_oceania__max_sharpe,289.68620859856645
2022-06-30,etfs_oceania__max_sharpe,286.92897393538635
2022-07-31,etfs_oceania__max_sharpe,309.02344857650564
2022-08-31,etfs_oceania__max_sharpe,295.253294569161
2022-09-30,etfs_oceania__max_sharpe,276.54276776911655
2022-10-31,etfs_oceania__max_sharpe,286.6172777695802
2022-11-30,etfs_oceania__max_sharpe,322.8715261527111
2022-12-31,etfs_oceania__max_sharpe,316.82843433796927
2023-01-31,etfs_oceania__max_sharpe,336.1004716100442
2023-02-28,etfs_oceania__max_sharpe,317.64497879008735
2023-03-31,etfs_oceania__max_sharpe,314.63063829165463
2023-04-30,etfs_oceania__max_sharpe,308.74257014720564
2023-05-31,etfs_oceania__max_sharpe,296.79765673925476
2023-06-30,etfs_oceania__max_sharpe,298.79604946413275
2023-07-31,etfs_oceania__max_sharpe,298.9013960619184
2023-08-31,etfs_oceania__max_sharpe,287.07159360517477
2023-09-30,etfs_oceania__max_sharpe,287.7269323946997
2023-10-31,etfs_oceania__max_sharpe,274.69325486437293
2023-11-30,etfs_oceania__max_sharpe,293.5159057993775
2023-12-31,etfs_oceania__max_sharpe,315.09493572103776
2024-01-31,etfs_oceania__max_sharpe,308.7185547531127
2024-02-29,etfs_oceania__max_sharpe,308.34885020928016
2024-03-31,etfs_oceania__max_sharpe,316.1158016657994
2024-04-30,etfs_oceania__max_sharpe,311.22671712895294
2024-05-31,etfs_oceania__max_sharpe,333.67416150631806
2024-06-30,etfs_oceania__max_sharpe,351.4285344175909
2024-07-31,etfs_oceania__max_sharpe,366.33296772578115
2024-08-31,etfs_oceania__max_sharpe,385.15195216180007
2024-09-30,etfs_oceania__max_sharpe,381.39395189573924
2024-10-31,etfs_oceania__max_sharpe,382.32138769161656
2024-11-30,etfs_oceania__max_sharpe,414.27601006761915
2024-12-31,etfs_oceania__max_sharpe,394.95056513728167
2025-01-31,etfs_oceania__max_sharpe,380.542450502913
2025-02-28,etfs_oceania__max_sharpe,362.58359822812656
2025-03-31,etfs_oceania__max_sharpe,352.23757590976396
2025-04-30,etfs_oceania__max_sharpe,354.9747305274505
2025-05-31,etfs_oceania__max_sharpe,373.56479132011555
2025-06-30,etfs_oceania__max_sharpe,374.41172649120614
2025-07-31,etfs_oceania__max_sharpe,376.53019523989155
2025-08-31,etfs_oceania__max_sharpe,372.23790512130023
2025-09-30,etfs_oceania__max_sharpe,369.7833005236777
2025-10-31,etfs_oceania__max_sharpe,372.2175954281508
2025-11-30,etfs_oceania__max_sharpe,362.9643796242132
2025-12-31,etfs_oceania__max_sharpe,377.6855170233723
2026-01-31,etfs_oceania__max_sharpe,375.15164600126684
2026-02-28,etfs_oceania__max_sharpe,389.14183901851425
2026-03-31,etfs_oceania__max_sharpe,363.0692919498803
2026-04-30,etfs_oceania__max_sharpe,369.64695027704795
2015-02-28,etfs_oceania__min_vol,119.68513320090652
2015-03-31,etfs_oceania__min_vol,129.16465804337918
2015-04-30,etfs_oceania__min_vol,120.13457607720608
2015-05-31,etfs_oceania__min_vol,122.50433986413299
2015-06-30,etfs_oceania__min_vol,114.09570759502006
2015-07-31,etfs_oceania__min_vol,123.46262973439346
2015-08-31,etfs_oceania__min_vol,119.00255549272735
2015-09-30,etfs_oceania__min_vol,131.6802805782093
2015-10-31,etfs_oceania__min_vol,136.86572081779818
2015-11-30,etfs_oceania__min_vol,136.29011412373723
2015-12-31,etfs_oceania__min_vol,146.64370628762
2016-01-31,etfs_oceania__min_vol,140.63854662373774
2016-02-29,etfs_oceania__min_vol,137.7739407271892
2016-03-31,etfs_oceania__min_vol,140.98834894422018
2016-04-30,etfs_oceania__min_vol,139.72281101861887
2016-05-31,etfs_oceania__min_vol,141.77621427314088
2016-06-30,etfs_oceania__min_vol,132.0456858559783
2016-07-31,etfs_oceania__min_vol,144.2355214263127
2016-08-31,etfs_oceania__min_vol,140.43089113210664
2016-09-30,etfs_oceania__min_vol,143.83013745509865
2016-10-31,etfs_oceania__min_vol,133.27969410804127
2016-11-30,etfs_oceania__min_vol,143.18915349453715
2016-12-31,etfs_oceania__min_vol,134.11385631279668
2017-01-31,etfs_oceania__min_vol,138.16869905228384
2017-02-28,etfs_oceania__min_vol,139.04907234019416
2017-03-31,etfs_oceania__min_vol,141.56378704293837
2017-04-30,etfs_oceania__min_vol,143.20127265445424
2017-05-31,etfs_oceania__min_vol,146.11908732762495
2017-06-30,etfs_oceania__min_vol,155.45972859030837
2017-07-31,etfs_oceania__min_vol,155.32556295312367
2017-08-31,etfs_oceania__min_vol,152.53015715672822
2017-09-30,etfs_oceania__min_vol,153.7589198542963
2017-10-31,etfs_oceania__min_vol,157.20914019669277
2017-11-30,etfs_oceania__min_vol,155.33076899760977
2017-12-31,etfs_oceania__min_vol,166.85982655500953
2018-01-31,etfs_oceania__min_vol,165.93104829948368
2018-02-28,etfs_oceania__min_vol,163.75260449257095
2018-03-31,etfs_oceania__min_vol,165.39491564369285
2018-04-30,etfs_oceania__min_vol,170.75174535869314
2018-05-31,etfs_oceania__min_vol,187.79656293286743
2018-06-30,etfs_oceania__min_vol,197.49801899412162
2018-07-31,etfs_oceania__min_vol,191.9240401772407
2018-08-31,etfs_oceania__min_vol,213.29366750943927
2018-09-30,etfs_oceania__min_vol,203.62768391929347
2018-10-31,etfs_oceania__min_vol,174.74762547783968
2018-11-30,etfs_oceania__min_vol,188.9976137377297
2018-12-31,etfs_oceania__min_vol,183.63187110632816
2019-01-31,etfs_oceania__min_vol,185.4579760357559
2019-02-28,etfs_oceania__min_vol,192.53919211186846
2019-03-31,etfs_oceania__min_vol,208.2800698224052
2019-04-30,etfs_oceania__min_vol,212.07511581232475
2019-05-31,etfs_oceania__min_vol,211.62711341432248
2019-06-30,etfs_oceania__min_vol,214.60999076103667
2019-07-31,etfs_oceania__min_vol,214.47001822653831
2019-08-31,etfs_oceania__min_vol,225.9927592586556
2019-09-30,etfs_oceania__min_vol,229.0149842467112
2019-10-31,etfs_oceania__min_vol,222.27307950706668
2019-11-30,etfs_oceania__min_vol,242.64499849451323
2019-12-31,etfs_oceania__min_vol,240.48926381817913
2020-01-31,etfs_oceania__min_vol,248.42359108062672
2020-02-29,etfs_oceania__min_vol,242.3132999568658
2020-03-31,etfs_oceania__min_vol,226.60594758548552
2020-04-30,etfs_oceania__min_vol,254.7248209559371
2020-05-31,etfs_oceania__min_vol,272.9166369641601
2020-06-30,etfs_oceania__min_vol,299.28784055054336
2020-07-31,etfs_oceania__min_vol,295.49370148404006
2020-08-31,etfs_oceania__min_vol,320.7786263498961
2020-09-30,etfs_oceania__min_vol,317.9821091570795
2020-10-31,etfs_oceania__min_vol,331.90337173112795
2020-11-30,etfs_oceania__min_vol,348.0422060423574
2020-12-31,etfs_oceania__min_vol,354.97581633039096
2021-01-31,etfs_oceania__min_vol,369.31375606635913
2021-02-28,etfs_oceania__min_vol,367.10026820743826
2021-03-31,etfs_oceania__min_vol,384.637123420115
2021-04-30,etfs_oceania__min_vol,370.05001564050445
2021-05-31,etfs_oceania__min_vol,361.006183773259
2021-06-30,etfs_oceania__min_vol,337.9736433656791
2021-07-31,etfs_oceania__min_vol,344.32052423062163
2021-08-31,etfs_oceania__min_vol,361.0364942259737
2021-09-30,etfs_oceania__min_vol,364.1002326931569
2021-10-31,etfs_oceania__min_vol,398.57311969254425
2021-11-30,etfs_oceania__min_vol,364.4324637603094
2021-12-31,etfs_oceania__min_vol,375.3307508038365
2022-01-31,etfs_oceania__min_vol,325.7206686235468
2022-02-28,etfs_oceania__min_vol,328.94272473407796
2022-03-31,etfs_oceania__min_vol,320.8488163203401
2022-04-30,etfs_oceania__min_vol,305.285449342957
2022-05-31,etfs_oceania__min_vol,289.68620859856645
2022-06-30,etfs_oceania__min_vol,286.92897393538635
2022-07-31,etfs_oceania__min_vol,309.02344857650564
2022-08-31,etfs_oceania__min_vol,295.253294569161
2022-09-30,etfs_oceania__min_vol,276.54276776911655
2022-10-31,etfs_oceania__min_vol,286.6172777695802
2022-11-30,etfs_oceania__min_vol,322.8715261527111
2022-12-31,etfs_oceania__min_vol,316.82843433796927
2023-01-31,etfs_oceania__min_vol,336.1004716100442
2023-02-28,etfs_oceania__min_vol,317.64497879008735
2023-03-31,etfs_oceania__min_vol,314.63063829165463
2023-04-30,etfs_oceania__min_vol,308.74257014720564
2023-05-31,etfs_oceania__min_vol,296.79765673925476
2023-06-30,etfs_oceania__min_vol,298.79604946413275
2023-07-31,etfs_oceania__min_vol,298.9013960619184
2023-08-31,etfs_oceania__min_vol,287.07159360517477
2023-09-30,etfs_oceania__min_vol,287.7269323946997
2023-10-31,etfs_oceania__min_vol,274.69325486437293
2023-11-30,etfs_oceania__min_vol,293.5159057993775
2023-12-31,etfs_oceania__min_vol,315.09493572103776
2024-01-31,etfs_oceania__min_vol,308.7185547531127
2024-02-29,etfs_oceania__min_vol,308.34885020928016
2024-03-31,etfs_oceania__min_vol,316.1158016657994
2024-04-30,etfs_oceania__min_vol,311.22671712895294
2024-05-31,etfs_oceania__min_vol,333.67416150631806
2024-06-30,etfs_oceania__min_vol,351.4285344175909
2024-07-31,etfs_oceania__min_vol,366.33296772578115
2024-08-31,etfs_oceania__min_vol,385.15195216180007
2024-09-30,etfs_oceania__min_vol,381.39395189573924
2024-10-31,etfs_oceania__min_vol,382.32138769161656
2024-11-30,etfs_oceania__min_vol,414.27601006761915
2024-12-31,etfs_oceania__min_vol,394.95056513728167
2025-01-31,etfs_oceania__min_vol,380.542450502913
2025-02-28,etfs_oceania__min_vol,362.58359822812656
2025-03-31,etfs_oceania__min_vol,352.23757590976396
2025-04-30,etfs_oceania__min_vol,354.9747305274505
2025-05-31,etfs_oceania__min_vol,373.56479132011555
2025-06-30,etfs_oceania__min_vol,374.41172649120614
2025-07-31,etfs_oceania__min_vol,376.53019523989155
2025-08-31,etfs_oceania__min_vol,372.23790512130023
2025-09-30,etfs_oceania__min_vol,369.7833005236777
2025-10-31,etfs_oceania__min_vol,372.2175954281508
2025-11-30,etfs_oceania__min_vol,362.9643796242132
2025-12-31,etfs_oceania__min_vol,377.6855170233723
2026-01-31,etfs_oceania__min_vol,375.15164600126684
2026-02-28,etfs_oceania__min_vol,389.14183901851425
2026-03-31,etfs_oceania__min_vol,363.0692919498803
2026-04-30,etfs_oceania__min_vol,369.64695027704795
2015-02-28,etfs_brasil__max_sharpe,107.70873368994202
2015-03-31,etfs_brasil__max_sharpe,107.62744728559883
2015-04-30,etfs_brasil__max_sharpe,114.74595493715942
2015-05-31,etfs_brasil__max_sharpe,110.07118460284502
2015-06-30,etfs_brasil__max_sharpe,109.44431980667207
2015-07-31,etfs_brasil__max_sharpe,105.16850640488586
2015-08-31,etfs_brasil__max_sharpe,96.21397880066971
2015-09-30,etfs_brasil__max_sharpe,92.7490757165278
2015-10-31,etfs_brasil__max_sharpe,96.32455923264094
2015-11-30,etfs_brasil__max_sharpe,94.56930275092205
2015-12-31,etfs_brasil__max_sharpe,90.6565926818952
2016-01-31,etfs_brasil__max_sharpe,83.3240266734984
2016-02-29,etfs_brasil__max_sharpe,87.86989955497032
2016-03-31,etfs_brasil__max_sharpe,100.5880594522355
2016-04-30,etfs_brasil__max_sharpe,106.94523468690338
2016-05-31,etfs_brasil__max_sharpe,98.94558387025438
2016-06-30,etfs_brasil__max_sharpe,106.65930659923663
2016-07-31,etfs_brasil__max_sharpe,120.59660902068825
2016-08-31,etfs_brasil__max_sharpe,120.86734494103601
2016-09-30,etfs_brasil__max_sharpe,121.63518941268158
2016-10-31,etfs_brasil__max_sharpe,132.74183747476005
2016-11-30,etfs_brasil__max_sharpe,124.66216016257101
2016-12-31,etfs_brasil__max_sharpe,121.81381869932768
2017-01-31,etfs_brasil__max_sharpe,133.359107310998
2017-02-28,etfs_brasil__max_sharpe,139.25124436329847
2017-03-31,etfs_brasil__max_sharpe,136.27051109285966
2017-04-30,etfs_brasil__max_sharpe,139.02754727600535
2017-05-31,etfs_brasil__max_sharpe,135.57737992872626
2017-06-30,etfs_brasil__max_sharpe,136.04419397729467
2017-07-31,etfs_brasil__max_sharpe,144.77554381604088
2017-08-31,etfs_brasil__max_sharpe,156.38232194740988
2017-09-30,etfs_brasil__max_sharpe,162.6875786206248
2017-10-31,etfs_brasil__max_sharpe,161.86594114269047
2017-11-30,etfs_brasil__max_sharpe,156.92431647328883
2017-12-31,etfs_brasil__max_sharpe,167.88721726583526
2018-01-31,etfs_brasil__max_sharpe,180.5592037632158
2018-02-28,etfs_brasil__max_sharpe,180.5199816634963
2018-03-31,etfs_brasil__max_sharpe,180.55129807585467
2018-04-30,etfs_brasil__max_sharpe,183.3344935142083
2018-05-31,etfs_brasil__max_sharpe,163.04305153210092
2018-06-30,etfs_brasil__max_sharpe,155.94538605780346
2018-07-31,etfs_brasil__max_sharpe,166.75410914296347
2018-08-31,etfs_brasil__max_sharpe,160.7479793560412
2018-09-30,etfs_brasil__max_sharpe,162.0322692907658
2018-10-31,etfs_brasil__max_sharpe,179.9890741767153
2018-11-30,etfs_brasil__max_sharpe,187.39814211965572
2018-12-31,etfs_brasil__max_sharpe,186.63297674474015
2019-01-31,etfs_brasil__max_sharpe,205.8453716604219
2019-02-28,etfs_brasil__max_sharpe,204.32019738085208
2019-03-31,etfs_brasil__max_sharpe,201.7191694486545
2019-04-30,etfs_brasil__max_sharpe,204.35871156642372
2019-05-31,etfs_brasil__max_sharpe,207.02105848191997
2019-06-30,etfs_brasil__max_sharpe,218.185578645171
2019-07-31,etfs_brasil__max_sharpe,226.16551388936958
2019-08-31,etfs_brasil__max_sharpe,227.02059590754402
2019-09-30,etfs_brasil__max_sharpe,232.29788629105173
2019-10-31,etfs_brasil__max_sharpe,237.70284725015776
2019-11-30,etfs_brasil__max_sharpe,244.7821791016439
2019-12-31,etfs_brasil__max_sharpe,268.2414459377171
2020-01-31,etfs_brasil__max_sharpe,265.89395031559997
2020-02-29,etfs_brasil__max_sharpe,245.06986125975746
2020-03-31,etfs_brasil__max_sharpe,161.07737537107204
2020-04-30,etfs_brasil__max_sharpe,182.18754167912692
2020-05-31,etfs_brasil__max_sharpe,194.6370072530749
2020-06-30,etfs_brasil__max_sharpe,216.7967216063192
2020-07-31,etfs_brasil__max_sharpe,236.1279387880748
2020-08-31,etfs_brasil__max_sharpe,229.85804486612506
2020-09-30,etfs_brasil__max_sharpe,218.67588895829675
2020-10-31,etfs_brasil__max_sharpe,215.68094721762176
2020-11-30,etfs_brasil__max_sharpe,251.64552539395171
2020-12-31,etfs_brasil__max_sharpe,272.82818306252796
2021-01-31,etfs_brasil__max_sharpe,261.593521386704
2021-02-28,etfs_brasil__max_sharpe,252.85641491073116
2021-03-31,etfs_brasil__max_sharpe,267.5051406883241
2021-04-30,etfs_brasil__max_sharpe,276.67807528262983
2021-05-31,etfs_brasil__max_sharpe,293.68521522092425
2021-06-30,etfs_brasil__max_sharpe,294.99262567264867
2021-07-31,etfs_brasil__max_sharpe,281.23840229789175
2021-08-31,etfs_brasil__max_sharpe,272.17569638077487
2021-09-30,etfs_brasil__max_sharpe,254.20732140068188
2021-10-31,etfs_brasil__max_sharpe,229.91676512564237
2021-11-30,etfs_brasil__max_sharpe,225.9017982664021
2021-12-31,etfs_brasil__max_sharpe,233.38720931119892
2022-01-31,etfs_brasil__max_sharpe,245.51013395549566
2022-02-28,etfs_brasil__max_sharpe,240.30285370002048
2022-03-31,etfs_brasil__max_sharpe,258.4074363735481
2022-04-30,etfs_brasil__max_sharpe,233.7252264444241
2022-05-31,etfs_brasil__max_sharpe,236.62377219227602
2022-06-30,etfs_brasil__max_sharpe,203.72709372804258
2022-07-31,etfs_brasil__max_sharpe,213.15600963088878
2022-08-31,etfs_brasil__max_sharpe,232.58850015358647
2022-09-30,etfs_brasil__max_sharpe,231.79988902680876
2022-10-31,etfs_brasil__max_sharpe,245.75480031406488
2022-11-30,etfs_brasil__max_sharpe,228.16843649253588
2022-12-31,etfs_brasil__max_sharpe,221.45699838912284
2023-01-31,etfs_brasil__max_sharpe,228.87229614481916
2023-02-28,etfs_brasil__max_sharpe,207.0677444309136
2023-03-31,etfs_brasil__max_sharpe,203.71231655474088
2023-04-30,etfs_brasil__max_sharpe,207.5732868194585
2023-05-31,etfs_brasil__max_sharpe,225.036634397621
2023-06-30,etfs_brasil__max_sharpe,245.12621849386863
2023-07-31,etfs_brasil__max_sharpe,252.98971492631276
2023-08-31,etfs_brasil__max_sharpe,237.193511270097
2023-09-30,etfs_brasil__max_sharpe,235.1668372112924
2023-10-31,etfs_brasil__max_sharpe,222.89147325106765
2023-11-30,etfs_brasil__max_sharpe,251.4481817781185
2023-12-31,etfs_brasil__max_sharpe,266.4849516229194
2024-01-31,etfs_brasil__max_sharpe,251.8647945078075
2024-02-29,etfs_brasil__max_sharpe,253.33949413217488
2024-03-31,etfs_brasil__max_sharpe,255.3825357435296
2024-04-30,etfs_brasil__max_sharpe,243.42223678752597
2024-05-31,etfs_brasil__max_sharpe,235.32644554832828
2024-06-30,etfs_brasil__max_sharpe,236.52183029568823
2024-07-31,etfs_brasil__max_sharpe,242.63099061282745
2024-08-31,etfs_brasil__max_sharpe,256.2620309427214
2024-09-30,etfs_brasil__max_sharpe,246.23557611471315
2024-10-31,etfs_brasil__max_sharpe,243.26300324112103
2024-11-30,etfs_brasil__max_sharpe,234.55214649625898
2024-12-31,etfs_brasil__max_sharpe,220.44843487715616
2025-01-31,etfs_brasil__max_sharpe,232.82337893686042
2025-02-28,etfs_brasil__max_sharpe,225.1536587144207
2025-03-31,etfs_brasil__max_sharpe,239.47155118504017
2025-04-30,etfs_brasil__max_sharpe,253.90034555623467
2025-05-31,etfs_brasil__max_sharpe,263.8559878686963
2025-06-30,etfs_brasil__max_sharpe,267.3910045921155
2025-07-31,etfs_brasil__max_sharpe,252.7972111724324
2025-08-31,etfs_brasil__max_sharpe,268.0195149704306
2025-09-30,etfs_brasil__max_sharpe,275.4000531811732
2025-10-31,etfs_brasil__max_sharpe,278.93712533298753
2025-11-30,etfs_brasil__max_sharpe,296.07769562685814
2025-12-31,etfs_brasil__max_sharpe,292.9857827955684
2026-01-31,etfs_brasil__max_sharpe,326.50070296563285
2026-02-28,etfs_brasil__max_sharpe,336.2789573737756
2026-03-31,etfs_brasil__max_sharpe,326.99171890735903
2026-04-30,etfs_brasil__max_sharpe,340.83778879818215
2015-02-28,etfs_brasil__min_vol,107.70873368994202
2015-03-31,etfs_brasil__min_vol,107.62744728559883
2015-04-30,etfs_brasil__min_vol,114.74595493715942
2015-05-31,etfs_brasil__min_vol,110.07118460284502
2015-06-30,etfs_brasil__min_vol,109.44431980667207
2015-07-31,etfs_brasil__min_vol,105.16850640488586
2015-08-31,etfs_brasil__min_vol,96.21397880066971
2015-09-30,etfs_brasil__min_vol,92.7490757165278
2015-10-31,etfs_brasil__min_vol,96.32455923264094
2015-11-30,etfs_brasil__min_vol,94.56930275092205
2015-12-31,etfs_brasil__min_vol,90.6565926818952
2016-01-31,etfs_brasil__min_vol,83.3240266734984
2016-02-29,etfs_brasil__min_vol,87.86989955497032
2016-03-31,etfs_brasil__min_vol,100.5880594522355
2016-04-30,etfs_brasil__min_vol,106.94523468690338
2016-05-31,etfs_brasil__min_vol,98.94558387025438
2016-06-30,etfs_brasil__min_vol,106.65930659923663
2016-07-31,etfs_brasil__min_vol,120.59660902068825
2016-08-31,etfs_brasil__min_vol,120.86734494103601
2016-09-30,etfs_brasil__min_vol,121.63518941268158
2016-10-31,etfs_brasil__min_vol,132.74183747476005
2016-11-30,etfs_brasil__min_vol,124.66216016257101
2016-12-31,etfs_brasil__min_vol,121.81381869932768
2017-01-31,etfs_brasil__min_vol,133.359107310998
2017-02-28,etfs_brasil__min_vol,139.25124436329847
2017-03-31,etfs_brasil__min_vol,136.27051109285966
2017-04-30,etfs_brasil__min_vol,139.02754727600535
2017-05-31,etfs_brasil__min_vol,135.57737992872626
2017-06-30,etfs_brasil__min_vol,136.04419397729467
2017-07-31,etfs_brasil__min_vol,144.77554381604088
2017-08-31,etfs_brasil__min_vol,156.38232194740988
2017-09-30,etfs_brasil__min_vol,162.6875786206248
2017-10-31,etfs_brasil__min_vol,161.86594114269047
2017-11-30,etfs_brasil__min_vol,156.92431647328883
2017-12-31,etfs_brasil__min_vol,167.88721726583526
2018-01-31,etfs_brasil__min_vol,180.5592037632158
2018-02-28,etfs_brasil__min_vol,180.5199816634963
2018-03-31,etfs_brasil__min_vol,180.55129807585467
2018-04-30,etfs_brasil__min_vol,183.3344935142083
2018-05-31,etfs_brasil__min_vol,163.04305153210092
2018-06-30,etfs_brasil__min_vol,155.94538605780346
2018-07-31,etfs_brasil__min_vol,166.75410914296347
2018-08-31,etfs_brasil__min_vol,160.7479793560412
2018-09-30,etfs_brasil__min_vol,162.0322692907658
2018-10-31,etfs_brasil__min_vol,179.9890741767153
2018-11-30,etfs_brasil__min_vol,187.39814211965572
2018-12-31,etfs_brasil__min_vol,186.63297674474015
2019-01-31,etfs_brasil__min_vol,205.8453716604219
2019-02-28,etfs_brasil__min_vol,204.32019738085208
2019-03-31,etfs_brasil__min_vol,201.7191694486545
2019-04-30,etfs_brasil__min_vol,204.35871156642372
2019-05-31,etfs_brasil__min_vol,207.02105848191997
2019-06-30,etfs_brasil__min_vol,218.185578645171
2019-07-31,etfs_brasil__min_vol,226.16551388936958
2019-08-31,etfs_brasil__min_vol,227.02059590754402
2019-09-30,etfs_brasil__min_vol,232.29788629105173
2019-10-31,etfs_brasil__min_vol,237.70284725015776
2019-11-30,etfs_brasil__min_vol,244.7821791016439
2019-12-31,etfs_brasil__min_vol,268.2414459377171
2020-01-31,etfs_brasil__min_vol,265.89395031559997
2020-02-29,etfs_brasil__min_vol,245.06986125975746
2020-03-31,etfs_brasil__min_vol,161.07737537107204
2020-04-30,etfs_brasil__min_vol,182.18754167912692
2020-05-31,etfs_brasil__min_vol,194.6370072530749
2020-06-30,etfs_brasil__min_vol,216.7967216063192
2020-07-31,etfs_brasil__min_vol,236.1279387880748
2020-08-31,etfs_brasil__min_vol,229.85804486612506
2020-09-30,etfs_brasil__min_vol,218.67588895829675
2020-10-31,etfs_brasil__min_vol,215.68094721762176
2020-11-30,etfs_brasil__min_vol,251.64552539395171
2020-12-31,etfs_brasil__min_vol,272.82818306252796
2021-01-31,etfs_brasil__min_vol,261.593521386704
2021-02-28,etfs_brasil__min_vol,252.85641491073116
2021-03-31,etfs_brasil__min_vol,267.5051406883241
2021-04-30,etfs_brasil__min_vol,276.67807528262983
2021-05-31,etfs_brasil__min_vol,293.68521522092425
2021-06-30,etfs_brasil__min_vol,294.99262567264867
2021-07-31,etfs_brasil__min_vol,281.23840229789175
2021-08-31,etfs_brasil__min_vol,272.17569638077487
2021-09-30,etfs_brasil__min_vol,254.20732140068188
2021-10-31,etfs_brasil__min_vol,229.91676512564237
2021-11-30,etfs_brasil__min_vol,225.9017982664021
2021-12-31,etfs_brasil__min_vol,233.38720931119892
2022-01-31,etfs_brasil__min_vol,245.51013395549566
2022-02-28,etfs_brasil__min_vol,240.30285370002048
2022-03-31,etfs_brasil__min_vol,258.4074363735481
2022-04-30,etfs_brasil__min_vol,233.7252264444241
2022-05-31,etfs_brasil__min_vol,236.62377219227602
2022-06-30,etfs_brasil__min_vol,203.72709372804258
2022-07-31,etfs_brasil__min_vol,213.15600963088878
2022-08-31,etfs_brasil__min_vol,232.58850015358647
2022-09-30,etfs_brasil__min_vol,231.79988902680876
2022-10-31,etfs_brasil__min_vol,245.75480031406488
2022-11-30,etfs_brasil__min_vol,228.16843649253588
2022-12-31,etfs_brasil__min_vol,221.45699838912284
2023-01-31,etfs_brasil__min_vol,228.87229614481916
2023-02-28,etfs_brasil__min_vol,207.0677444309136
2023-03-31,etfs_brasil__min_vol,203.71231655474088
2023-04-30,etfs_brasil__min_vol,207.5732868194585
2023-05-31,etfs_brasil__min_vol,225.036634397621
2023-06-30,etfs_brasil__min_vol,245.12621849386863
2023-07-31,etfs_brasil__min_vol,252.98971492631276
2023-08-31,etfs_brasil__min_vol,237.193511270097
2023-09-30,etfs_brasil__min_vol,235.1668372112924
2023-10-31,etfs_brasil__min_vol,222.89147325106765
2023-11-30,etfs_brasil__min_vol,251.4481817781185
2023-12-31,etfs_brasil__min_vol,266.4849516229194
2024-01-31,etfs_brasil__min_vol,251.8647945078075
2024-02-29,etfs_brasil__min_vol,253.33949413217488
2024-03-31,etfs_brasil__min_vol,255.3825357435296
2024-04-30,etfs_brasil__min_vol,243.42223678752597
2024-05-31,etfs_brasil__min_vol,235.32644554832828
2024-06-30,etfs_brasil__min_vol,236.52183029568823
2024-07-31,etfs_brasil__min_vol,242.63099061282745
2024-08-31,etfs_brasil__min_vol,256.2620309427214
2024-09-30,etfs_brasil__min_vol,246.23557611471315
2024-10-31,etfs_brasil__min_vol,243.26300324112103
2024-11-30,etfs_brasil__min_vol,234.55214649625898
2024-12-31,etfs_brasil__min_vol,220.44843487715616
2025-01-31,etfs_brasil__min_vol,232.82337893686042
2025-02-28,etfs_brasil__min_vol,225.1536587144207
2025-03-31,etfs_brasil__min_vol,239.47155118504017
2025-04-30,etfs_brasil__min_vol,253.90034555623467
2025-05-31,etfs_brasil__min_vol,263.8559878686963
2025-06-30,etfs_brasil__min_vol,267.3910045921155
2025-07-31,etfs_brasil__min_vol,252.7972111724324
2025-08-31,etfs_brasil__min_vol,268.0195149704306
2025-09-30,etfs_brasil__min_vol,275.4000531811732
2025-10-31,etfs_brasil__min_vol,278.93712533298753
2025-11-30,etfs_brasil__min_vol,296.07769562685814
2025-12-31,etfs_brasil__min_vol,292.9857827955684
2026-01-31,etfs_brasil__min_vol,326.50070296563285
2026-02-28,etfs_brasil__min_vol,336.2789573737756
2026-03-31,etfs_brasil__min_vol,326.99171890735903
2026-04-30,etfs_brasil__min_vol,340.83778879818215
