data,carteira,drawdown
2015-02-28,etfs_com_tudo__max_sharpe,0.0
2015-03-31,etfs_com_tudo__max_sharpe,0.0
2015-04-30,etfs_com_tudo__max_sharpe,-0.03192356964821408
2015-05-31,etfs_com_tudo__max_sharpe,0.0
2015-06-30,etfs_com_tudo__max_sharpe,-0.01790388107862273
2015-07-31,etfs_com_tudo__max_sharpe,0.0
2015-08-31,etfs_com_tudo__max_sharpe,-0.02447667508572937
2015-09-30,etfs_com_tudo__max_sharpe,0.0
2015-10-31,etfs_com_tudo__max_sharpe,0.0
2015-11-30,etfs_com_tudo__max_sharpe,-0.005434704095127363
2015-12-31,etfs_com_tudo__max_sharpe,0.0
2016-01-31,etfs_com_tudo__max_sharpe,-0.03813504933797007
2016-02-29,etfs_com_tudo__max_sharpe,-0.027098795317377133
2016-03-31,etfs_com_tudo__max_sharpe,-0.031628787582290596
2016-04-30,etfs_com_tudo__max_sharpe,-0.0242646333020905
2016-05-31,etfs_com_tudo__max_sharpe,-0.003633486199758673
2016-06-30,etfs_com_tudo__max_sharpe,-0.02728108912308347
2016-07-31,etfs_com_tudo__max_sharpe,0.0
2016-08-31,etfs_com_tudo__max_sharpe,-0.017569414185581667
2016-09-30,etfs_com_tudo__max_sharpe,0.0
2016-10-31,etfs_com_tudo__max_sharpe,0.0
2016-11-30,etfs_com_tudo__max_sharpe,0.0
2016-12-31,etfs_com_tudo__max_sharpe,-0.020036746249079695
2017-01-31,etfs_com_tudo__max_sharpe,-0.0028314636478240507
2017-02-28,etfs_com_tudo__max_sharpe,0.0
2017-03-31,etfs_com_tudo__max_sharpe,0.0
2017-04-30,etfs_com_tudo__max_sharpe,0.0
2017-05-31,etfs_com_tudo__max_sharpe,0.0
2017-06-30,etfs_com_tudo__max_sharpe,0.0
2017-07-31,etfs_com_tudo__max_sharpe,0.0
2017-08-31,etfs_com_tudo__max_sharpe,0.0
2017-09-30,etfs_com_tudo__max_sharpe,0.0
2017-10-31,etfs_com_tudo__max_sharpe,0.0
2017-11-30,etfs_com_tudo__max_sharpe,0.0
2017-12-31,etfs_com_tudo__max_sharpe,0.0
2018-01-31,etfs_com_tudo__max_sharpe,-0.0032560186873297203
2018-02-28,etfs_com_tudo__max_sharpe,-0.014462490457692878
2018-03-31,etfs_com_tudo__max_sharpe,-0.03113377562875075
2018-04-30,etfs_com_tudo__max_sharpe,0.0
2018-05-31,etfs_com_tudo__max_sharpe,0.0
2018-06-30,etfs_com_tudo__max_sharpe,-0.0017013994594533566
2018-07-31,etfs_com_tudo__max_sharpe,0.0
2018-08-31,etfs_com_tudo__max_sharpe,0.0
2018-09-30,etfs_com_tudo__max_sharpe,-0.029141117647060955
2018-10-31,etfs_com_tudo__max_sharpe,-0.12686953787831856
2018-11-30,etfs_com_tudo__max_sharpe,-0.12212337608797852
2018-12-31,etfs_com_tudo__max_sharpe,-0.15061983161945947
2019-01-31,etfs_com_tudo__max_sharpe,-0.12609326662970777
2019-02-28,etfs_com_tudo__max_sharpe,-0.10080252275870782
2019-03-31,etfs_com_tudo__max_sharpe,-0.0539107850410675
2019-04-30,etfs_com_tudo__max_sharpe,0.0
2019-05-31,etfs_com_tudo__max_sharpe,0.0
2019-06-30,etfs_com_tudo__max_sharpe,0.0
2019-07-31,etfs_com_tudo__max_sharpe,-0.013143545817999813
2019-08-31,etfs_com_tudo__max_sharpe,0.0
2019-09-30,etfs_com_tudo__max_sharpe,-0.0017856897929424687
2019-10-31,etfs_com_tudo__max_sharpe,-0.0022918570384604653
2019-11-30,etfs_com_tudo__max_sharpe,0.0
2019-12-31,etfs_com_tudo__max_sharpe,0.0
2020-01-31,etfs_com_tudo__max_sharpe,0.0
2020-02-29,etfs_com_tudo__max_sharpe,-0.02285809121296789
2020-03-31,etfs_com_tudo__max_sharpe,-0.11983151789531521
2020-04-30,etfs_com_tudo__max_sharpe,-0.002997061424932501
2020-05-31,etfs_com_tudo__max_sharpe,0.0
2020-06-30,etfs_com_tudo__max_sharpe,0.0
2020-07-31,etfs_com_tudo__max_sharpe,0.0
2020-08-31,etfs_com_tudo__max_sharpe,0.0
2020-09-30,etfs_com_tudo__max_sharpe,-0.007087198206526701
2020-10-31,etfs_com_tudo__max_sharpe,0.0
2020-11-30,etfs_com_tudo__max_sharpe,0.0
2020-12-31,etfs_com_tudo__max_sharpe,0.0
2021-01-31,etfs_com_tudo__max_sharpe,0.0
2021-02-28,etfs_com_tudo__max_sharpe,0.0
2021-03-31,etfs_com_tudo__max_sharpe,0.0
2021-04-30,etfs_com_tudo__max_sharpe,-0.03419062369402337
2021-05-31,etfs_com_tudo__max_sharpe,-0.055740059829241795
2021-06-30,etfs_com_tudo__max_sharpe,-0.09863953501068168
2021-07-31,etfs_com_tudo__max_sharpe,-0.07083713449597362
2021-08-31,etfs_com_tudo__max_sharpe,-0.03302931732709857
2021-09-30,etfs_com_tudo__max_sharpe,-0.04040058384941314
2021-10-31,etfs_com_tudo__max_sharpe,0.0
2021-11-30,etfs_com_tudo__max_sharpe,-0.040923081366077474
2021-12-31,etfs_com_tudo__max_sharpe,-0.029245369282901
2022-01-31,etfs_com_tudo__max_sharpe,-0.07263205560593322
2022-02-28,etfs_com_tudo__max_sharpe,-0.09308114590504069
2022-03-31,etfs_com_tudo__max_sharpe,-0.11662497327778887
2022-04-30,etfs_com_tudo__max_sharpe,-0.16850881094390235
2022-05-31,etfs_com_tudo__max_sharpe,-0.19445705969644733
2022-06-30,etfs_com_tudo__max_sharpe,-0.23936605973411962
2022-07-31,etfs_com_tudo__max_sharpe,-0.19676146983409426
2022-08-31,etfs_com_tudo__max_sharpe,-0.22053658929229492
2022-09-30,etfs_com_tudo__max_sharpe,-0.24313894461361896
2022-10-31,etfs_com_tudo__max_sharpe,-0.223016796992497
2022-11-30,etfs_com_tudo__max_sharpe,-0.18757182864955635
2022-12-31,etfs_com_tudo__max_sharpe,-0.20706125564334044
2023-01-31,etfs_com_tudo__max_sharpe,-0.14519584244919126
2023-02-28,etfs_com_tudo__max_sharpe,-0.17262189469681177
2023-03-31,etfs_com_tudo__max_sharpe,-0.1469095558107043
2023-04-30,etfs_com_tudo__max_sharpe,-0.15306554317585552
2023-05-31,etfs_com_tudo__max_sharpe,-0.14649397227881777
2023-06-30,etfs_com_tudo__max_sharpe,-0.12111376435276933
2023-07-31,etfs_com_tudo__max_sharpe,-0.1109288027012203
2023-08-31,etfs_com_tudo__max_sharpe,-0.12795667576587433
2023-09-30,etfs_com_tudo__max_sharpe,-0.1275534828258188
2023-10-31,etfs_com_tudo__max_sharpe,-0.12235244278906887
2023-11-30,etfs_com_tudo__max_sharpe,-0.06388644801192656
2023-12-31,etfs_com_tudo__max_sharpe,-0.02504503959769222
2024-01-31,etfs_com_tudo__max_sharpe,-0.02653474357535346
2024-02-29,etfs_com_tudo__max_sharpe,0.0
2024-03-31,etfs_com_tudo__max_sharpe,0.0
2024-04-30,etfs_com_tudo__max_sharpe,-0.010994439774285825
2024-05-31,etfs_com_tudo__max_sharpe,0.0
2024-06-30,etfs_com_tudo__max_sharpe,0.0
2024-07-31,etfs_com_tudo__max_sharpe,0.0
2024-08-31,etfs_com_tudo__max_sharpe,0.0
2024-09-30,etfs_com_tudo__max_sharpe,-0.009819421884297408
2024-10-31,etfs_com_tudo__max_sharpe,0.0
2024-11-30,etfs_com_tudo__max_sharpe,0.0
2024-12-31,etfs_com_tudo__max_sharpe,-0.003895764211657937
2025-01-31,etfs_com_tudo__max_sharpe,-0.0011490569795331584
2025-02-28,etfs_com_tudo__max_sharpe,-0.02788464955247405
2025-03-31,etfs_com_tudo__max_sharpe,-0.028672165825870843
2025-04-30,etfs_com_tudo__max_sharpe,-0.016916334132491606
2025-05-31,etfs_com_tudo__max_sharpe,0.0
2025-06-30,etfs_com_tudo__max_sharpe,0.0
2025-07-31,etfs_com_tudo__max_sharpe,0.0
2025-08-31,etfs_com_tudo__max_sharpe,-0.0037387847310724753
2025-09-30,etfs_com_tudo__max_sharpe,0.0
2025-10-31,etfs_com_tudo__max_sharpe,0.0
2025-11-30,etfs_com_tudo__max_sharpe,-0.007549427348313764
2025-12-31,etfs_com_tudo__max_sharpe,0.0
2026-01-31,etfs_com_tudo__max_sharpe,0.0
2026-02-28,etfs_com_tudo__max_sharpe,0.0
2026-03-31,etfs_com_tudo__max_sharpe,-0.005505409682276752
2026-04-30,etfs_com_tudo__max_sharpe,0.0
2015-02-28,etfs_com_ouro_btc__max_sharpe,0.0
2015-03-31,etfs_com_ouro_btc__max_sharpe,0.0
2015-04-30,etfs_com_ouro_btc__max_sharpe,-0.03874405724547336
2015-05-31,etfs_com_ouro_btc__max_sharpe,-0.0015646268762560256
2015-06-30,etfs_com_ouro_btc__max_sharpe,-0.02007187570764124
2015-07-31,etfs_com_ouro_btc__max_sharpe,0.0
2015-08-31,etfs_com_ouro_btc__max_sharpe,-0.028702878274496912
2015-09-30,etfs_com_ouro_btc__max_sharpe,0.0
2015-10-31,etfs_com_ouro_btc__max_sharpe,0.0
2015-11-30,etfs_com_ouro_btc__max_sharpe,-0.0012834207602462344
2015-12-31,etfs_com_ouro_btc__max_sharpe,0.0
2016-01-31,etfs_com_ouro_btc__max_sharpe,-0.03470115891599235
2016-02-29,etfs_com_ouro_btc__max_sharpe,-0.018129801608381513
2016-03-31,etfs_com_ouro_btc__max_sharpe,-0.02253316352691459
2016-04-30,etfs_com_ouro_btc__max_sharpe,-0.021869781570271307
2016-05-31,etfs_com_ouro_btc__max_sharpe,-0.0033258781400504756
2016-06-30,etfs_com_ouro_btc__max_sharpe,-0.02274007525030952
2016-07-31,etfs_com_ouro_btc__max_sharpe,0.0
2016-08-31,etfs_com_ouro_btc__max_sharpe,-0.02036640294435854
2016-09-30,etfs_com_ouro_btc__max_sharpe,0.0
2016-10-31,etfs_com_ouro_btc__max_sharpe,0.0
2016-11-30,etfs_com_ouro_btc__max_sharpe,0.0
2016-12-31,etfs_com_ouro_btc__max_sharpe,-0.02340538875037823
2017-01-31,etfs_com_ouro_btc__max_sharpe,-0.000550024172703556
2017-02-28,etfs_com_ouro_btc__max_sharpe,0.0
2017-03-31,etfs_com_ouro_btc__max_sharpe,0.0
2017-04-30,etfs_com_ouro_btc__max_sharpe,0.0
2017-05-31,etfs_com_ouro_btc__max_sharpe,0.0
2017-06-30,etfs_com_ouro_btc__max_sharpe,0.0
2017-07-31,etfs_com_ouro_btc__max_sharpe,0.0
2017-08-31,etfs_com_ouro_btc__max_sharpe,0.0
2017-09-30,etfs_com_ouro_btc__max_sharpe,0.0
2017-10-31,etfs_com_ouro_btc__max_sharpe,0.0
2017-11-30,etfs_com_ouro_btc__max_sharpe,0.0
2017-12-31,etfs_com_ouro_btc__max_sharpe,0.0
2018-01-31,etfs_com_ouro_btc__max_sharpe,-0.0035496024024719297
2018-02-28,etfs_com_ouro_btc__max_sharpe,-0.014453137983638453
2018-03-31,etfs_com_ouro_btc__max_sharpe,-0.033480563619128545
2018-04-30,etfs_com_ouro_btc__max_sharpe,0.0
2018-05-31,etfs_com_ouro_btc__max_sharpe,0.0
2018-06-30,etfs_com_ouro_btc__max_sharpe,-0.009526792154812447
2018-07-31,etfs_com_ouro_btc__max_sharpe,0.0
2018-08-31,etfs_com_ouro_btc__max_sharpe,0.0
2018-09-30,etfs_com_ouro_btc__max_sharpe,-0.03130839157079435
2018-10-31,etfs_com_ouro_btc__max_sharpe,-0.12656844925934807
2018-11-30,etfs_com_ouro_btc__max_sharpe,-0.11215328533184177
2018-12-31,etfs_com_ouro_btc__max_sharpe,-0.1384568948030327
2019-01-31,etfs_com_ouro_btc__max_sharpe,-0.11575977211145216
2019-02-28,etfs_com_ouro_btc__max_sharpe,-0.09237704061477292
2019-03-31,etfs_com_ouro_btc__max_sharpe,-0.04669546933184521
2019-04-30,etfs_com_ouro_btc__max_sharpe,0.0
2019-05-31,etfs_com_ouro_btc__max_sharpe,0.0
2019-06-30,etfs_com_ouro_btc__max_sharpe,0.0
2019-07-31,etfs_com_ouro_btc__max_sharpe,-0.012500581598326233
2019-08-31,etfs_com_ouro_btc__max_sharpe,0.0
2019-09-30,etfs_com_ouro_btc__max_sharpe,0.0
2019-10-31,etfs_com_ouro_btc__max_sharpe,0.0
2019-11-30,etfs_com_ouro_btc__max_sharpe,0.0
2019-12-31,etfs_com_ouro_btc__max_sharpe,0.0
2020-01-31,etfs_com_ouro_btc__max_sharpe,0.0
2020-02-29,etfs_com_ouro_btc__max_sharpe,-0.019578130940091865
2020-03-31,etfs_com_ouro_btc__max_sharpe,-0.09941883369588267
2020-04-30,etfs_com_ouro_btc__max_sharpe,0.0
2020-05-31,etfs_com_ouro_btc__max_sharpe,0.0
2020-06-30,etfs_com_ouro_btc__max_sharpe,0.0
2020-07-31,etfs_com_ouro_btc__max_sharpe,0.0
2020-08-31,etfs_com_ouro_btc__max_sharpe,0.0
2020-09-30,etfs_com_ouro_btc__max_sharpe,-0.005192316062493374
2020-10-31,etfs_com_ouro_btc__max_sharpe,0.0
2020-11-30,etfs_com_ouro_btc__max_sharpe,0.0
2020-12-31,etfs_com_ouro_btc__max_sharpe,0.0
2021-01-31,etfs_com_ouro_btc__max_sharpe,0.0
2021-02-28,etfs_com_ouro_btc__max_sharpe,0.0
2021-03-31,etfs_com_ouro_btc__max_sharpe,0.0
2021-04-30,etfs_com_ouro_btc__max_sharpe,-0.03421626396441935
2021-05-31,etfs_com_ouro_btc__max_sharpe,-0.057835625161100634
2021-06-30,etfs_com_ouro_btc__max_sharpe,-0.10368689816587673
2021-07-31,etfs_com_ouro_btc__max_sharpe,-0.07699930948300271
2021-08-31,etfs_com_ouro_btc__max_sharpe,-0.03414123508806244
2021-09-30,etfs_com_ouro_btc__max_sharpe,-0.049075873359817446
2021-10-31,etfs_com_ouro_btc__max_sharpe,0.0
2021-11-30,etfs_com_ouro_btc__max_sharpe,-0.035038900583717614
2021-12-31,etfs_com_ouro_btc__max_sharpe,-0.026283976871080528
2022-01-31,etfs_com_ouro_btc__max_sharpe,-0.07659188372638626
2022-02-28,etfs_com_ouro_btc__max_sharpe,-0.09988476077212782
2022-03-31,etfs_com_ouro_btc__max_sharpe,-0.12553491219094182
2022-04-30,etfs_com_ouro_btc__max_sharpe,-0.18276387071408606
2022-05-31,etfs_com_ouro_btc__max_sharpe,-0.21205820822347154
2022-06-30,etfs_com_ouro_btc__max_sharpe,-0.2597308003943114
2022-07-31,etfs_com_ouro_btc__max_sharpe,-0.2152349382289821
2022-08-31,etfs_com_ouro_btc__max_sharpe,-0.23507992788443477
2022-09-30,etfs_com_ouro_btc__max_sharpe,-0.2566713162018225
2022-10-31,etfs_com_ouro_btc__max_sharpe,-0.23936043290371556
2022-11-30,etfs_com_ouro_btc__max_sharpe,-0.19979559708780514
2022-12-31,etfs_com_ouro_btc__max_sharpe,-0.21968437612434144
2023-01-31,etfs_com_ouro_btc__max_sharpe,-0.15352184126615287
2023-02-28,etfs_com_ouro_btc__max_sharpe,-0.18085492000402015
2023-03-31,etfs_com_ouro_btc__max_sharpe,-0.1543809629928501
2023-04-30,etfs_com_ouro_btc__max_sharpe,-0.16152465487415302
2023-05-31,etfs_com_ouro_btc__max_sharpe,-0.14935755814894391
2023-06-30,etfs_com_ouro_btc__max_sharpe,-0.12271908539668341
2023-07-31,etfs_com_ouro_btc__max_sharpe,-0.11751413881858541
2023-08-31,etfs_com_ouro_btc__max_sharpe,-0.1367799819622012
2023-09-30,etfs_com_ouro_btc__max_sharpe,-0.142281637667665
2023-10-31,etfs_com_ouro_btc__max_sharpe,-0.13615112326788426
2023-11-30,etfs_com_ouro_btc__max_sharpe,-0.06844680082210208
2023-12-31,etfs_com_ouro_btc__max_sharpe,-0.025545109023031976
2024-01-31,etfs_com_ouro_btc__max_sharpe,-0.030676045501872196
2024-02-29,etfs_com_ouro_btc__max_sharpe,0.0
2024-03-31,etfs_com_ouro_btc__max_sharpe,0.0
2024-04-30,etfs_com_ouro_btc__max_sharpe,-0.010812432479470058
2024-05-31,etfs_com_ouro_btc__max_sharpe,0.0
2024-06-30,etfs_com_ouro_btc__max_sharpe,0.0
2024-07-31,etfs_com_ouro_btc__max_sharpe,0.0
2024-08-31,etfs_com_ouro_btc__max_sharpe,0.0
2024-09-30,etfs_com_ouro_btc__max_sharpe,-0.006927796396856589
2024-10-31,etfs_com_ouro_btc__max_sharpe,0.0
2024-11-30,etfs_com_ouro_btc__max_sharpe,0.0
2024-12-31,etfs_com_ouro_btc__max_sharpe,-0.006859601983331576
2025-01-31,etfs_com_ouro_btc__max_sharpe,-0.004345360225863182
2025-02-28,etfs_com_ouro_btc__max_sharpe,-0.030577295371162272
2025-03-31,etfs_com_ouro_btc__max_sharpe,-0.03407263159620144
2025-04-30,etfs_com_ouro_btc__max_sharpe,-0.013139635556210671
2025-05-31,etfs_com_ouro_btc__max_sharpe,0.0
2025-06-30,etfs_com_ouro_btc__max_sharpe,0.0
2025-07-31,etfs_com_ouro_btc__max_sharpe,0.0
2025-08-31,etfs_com_ouro_btc__max_sharpe,-0.001026602382774744
2025-09-30,etfs_com_ouro_btc__max_sharpe,0.0
2025-10-31,etfs_com_ouro_btc__max_sharpe,0.0
2025-11-30,etfs_com_ouro_btc__max_sharpe,-0.007267066911344933
2025-12-31,etfs_com_ouro_btc__max_sharpe,0.0
2026-01-31,etfs_com_ouro_btc__max_sharpe,0.0
2026-02-28,etfs_com_ouro_btc__max_sharpe,0.0
2026-03-31,etfs_com_ouro_btc__max_sharpe,-0.03262086335043246
2026-04-30,etfs_com_ouro_btc__max_sharpe,-0.011885871954099847
2015-02-28,etfs_com_btc_petroleo__max_sharpe,0.0
2015-03-31,etfs_com_btc_petroleo__max_sharpe,0.0
2015-04-30,etfs_com_btc_petroleo__max_sharpe,-0.028225792008300443
2015-05-31,etfs_com_btc_petroleo__max_sharpe,0.0
2015-06-30,etfs_com_btc_petroleo__max_sharpe,-0.019524085739283437
2015-07-31,etfs_com_btc_petroleo__max_sharpe,0.0
2015-08-31,etfs_com_btc_petroleo__max_sharpe,-0.035578810634541935
2015-09-30,etfs_com_btc_petroleo__max_sharpe,0.0
2015-10-31,etfs_com_btc_petroleo__max_sharpe,0.0
2015-11-30,etfs_com_btc_petroleo__max_sharpe,-0.0010286584565774026
2015-12-31,etfs_com_btc_petroleo__max_sharpe,0.0
2016-01-31,etfs_com_btc_petroleo__max_sharpe,-0.048522852790906845
2016-02-29,etfs_com_btc_petroleo__max_sharpe,-0.04373449522837969
2016-03-31,etfs_com_btc_petroleo__max_sharpe,-0.04088871237449776
2016-04-30,etfs_com_btc_petroleo__max_sharpe,-0.038343385652996664
2016-05-31,etfs_com_btc_petroleo__max_sharpe,-0.011056514892149316
2016-06-30,etfs_com_btc_petroleo__max_sharpe,-0.03768805824314769
2016-07-31,etfs_com_btc_petroleo__max_sharpe,0.0
2016-08-31,etfs_com_btc_petroleo__max_sharpe,-0.014452274161606993
2016-09-30,etfs_com_btc_petroleo__max_sharpe,0.0
2016-10-31,etfs_com_btc_petroleo__max_sharpe,0.0
2016-11-30,etfs_com_btc_petroleo__max_sharpe,0.0
2016-12-31,etfs_com_btc_petroleo__max_sharpe,-0.01834959313328599
2017-01-31,etfs_com_btc_petroleo__max_sharpe,0.0
2017-02-28,etfs_com_btc_petroleo__max_sharpe,0.0
2017-03-31,etfs_com_btc_petroleo__max_sharpe,0.0
2017-04-30,etfs_com_btc_petroleo__max_sharpe,0.0
2017-05-31,etfs_com_btc_petroleo__max_sharpe,0.0
2017-06-30,etfs_com_btc_petroleo__max_sharpe,0.0
2017-07-31,etfs_com_btc_petroleo__max_sharpe,0.0
2017-08-31,etfs_com_btc_petroleo__max_sharpe,0.0
2017-09-30,etfs_com_btc_petroleo__max_sharpe,0.0
2017-10-31,etfs_com_btc_petroleo__max_sharpe,0.0
2017-11-30,etfs_com_btc_petroleo__max_sharpe,0.0
2017-12-31,etfs_com_btc_petroleo__max_sharpe,0.0
2018-01-31,etfs_com_btc_petroleo__max_sharpe,0.0
2018-02-28,etfs_com_btc_petroleo__max_sharpe,-0.013227308722683961
2018-03-31,etfs_com_btc_petroleo__max_sharpe,-0.030593913161998554
2018-04-30,etfs_com_btc_petroleo__max_sharpe,0.0
2018-05-31,etfs_com_btc_petroleo__max_sharpe,0.0
2018-06-30,etfs_com_btc_petroleo__max_sharpe,-0.0017188223758706211
2018-07-31,etfs_com_btc_petroleo__max_sharpe,0.0
2018-08-31,etfs_com_btc_petroleo__max_sharpe,0.0
2018-09-30,etfs_com_btc_petroleo__max_sharpe,-0.028064890480634097
2018-10-31,etfs_com_btc_petroleo__max_sharpe,-0.1338056984373185
2018-11-30,etfs_com_btc_petroleo__max_sharpe,-0.1280428753134849
2018-12-31,etfs_com_btc_petroleo__max_sharpe,-0.165141787675542
2019-01-31,etfs_com_btc_petroleo__max_sharpe,-0.1353042053785588
2019-02-28,etfs_com_btc_petroleo__max_sharpe,-0.10905305728816828
2019-03-31,etfs_com_btc_petroleo__max_sharpe,-0.059864712372160955
2019-04-30,etfs_com_btc_petroleo__max_sharpe,-0.0007737859284759896
2019-05-31,etfs_com_btc_petroleo__max_sharpe,0.0
2019-06-30,etfs_com_btc_petroleo__max_sharpe,0.0
2019-07-31,etfs_com_btc_petroleo__max_sharpe,-0.011811022704948937
2019-08-31,etfs_com_btc_petroleo__max_sharpe,0.0
2019-09-30,etfs_com_btc_petroleo__max_sharpe,0.0
2019-10-31,etfs_com_btc_petroleo__max_sharpe,-0.0003435312705692972
2019-11-30,etfs_com_btc_petroleo__max_sharpe,0.0
2019-12-31,etfs_com_btc_petroleo__max_sharpe,0.0
2020-01-31,etfs_com_btc_petroleo__max_sharpe,0.0
2020-02-29,etfs_com_btc_petroleo__max_sharpe,-0.028627284571840383
2020-03-31,etfs_com_btc_petroleo__max_sharpe,-0.14482830906143884
2020-04-30,etfs_com_btc_petroleo__max_sharpe,-0.026727044490519436
2020-05-31,etfs_com_btc_petroleo__max_sharpe,0.0
2020-06-30,etfs_com_btc_petroleo__max_sharpe,0.0
2020-07-31,etfs_com_btc_petroleo__max_sharpe,0.0
2020-08-31,etfs_com_btc_petroleo__max_sharpe,0.0
2020-09-30,etfs_com_btc_petroleo__max_sharpe,-0.00596503039529428
2020-10-31,etfs_com_btc_petroleo__max_sharpe,0.0
2020-11-30,etfs_com_btc_petroleo__max_sharpe,0.0
2020-12-31,etfs_com_btc_petroleo__max_sharpe,0.0
2021-01-31,etfs_com_btc_petroleo__max_sharpe,0.0
2021-02-28,etfs_com_btc_petroleo__max_sharpe,0.0
2021-03-31,etfs_com_btc_petroleo__max_sharpe,0.0
2021-04-30,etfs_com_btc_petroleo__max_sharpe,-0.03168204489869164
2021-05-31,etfs_com_btc_petroleo__max_sharpe,-0.060655088024730186
2021-06-30,etfs_com_btc_petroleo__max_sharpe,-0.09503628537874897
2021-07-31,etfs_com_btc_petroleo__max_sharpe,-0.06924166866650361
2021-08-31,etfs_com_btc_petroleo__max_sharpe,-0.0256310556120658
2021-09-30,etfs_com_btc_petroleo__max_sharpe,-0.03622631393754472
2021-10-31,etfs_com_btc_petroleo__max_sharpe,0.0
2021-11-30,etfs_com_btc_petroleo__max_sharpe,-0.042237742028411684
2021-12-31,etfs_com_btc_petroleo__max_sharpe,-0.028042113484923914
2022-01-31,etfs_com_btc_petroleo__max_sharpe,-0.07228570993477912
2022-02-28,etfs_com_btc_petroleo__max_sharpe,-0.09862540131331188
2022-03-31,etfs_com_btc_petroleo__max_sharpe,-0.12053457812927337
2022-04-30,etfs_com_btc_petroleo__max_sharpe,-0.17921816048725903
2022-05-31,etfs_com_btc_petroleo__max_sharpe,-0.2021076209261805
2022-06-30,etfs_com_btc_petroleo__max_sharpe,-0.25674292493333184
2022-07-31,etfs_com_btc_petroleo__max_sharpe,-0.2081229351366144
2022-08-31,etfs_com_btc_petroleo__max_sharpe,-0.2286280715060679
2022-09-30,etfs_com_btc_petroleo__max_sharpe,-0.2563653855837902
2022-10-31,etfs_com_btc_petroleo__max_sharpe,-0.23285977433500882
2022-11-30,etfs_com_btc_petroleo__max_sharpe,-0.19559781341360205
2022-12-31,etfs_com_btc_petroleo__max_sharpe,-0.2200080709862262
2023-01-31,etfs_com_btc_petroleo__max_sharpe,-0.1543869494929666
2023-02-28,etfs_com_btc_petroleo__max_sharpe,-0.17951195965937583
2023-03-31,etfs_com_btc_petroleo__max_sharpe,-0.15845838696198966
2023-04-30,etfs_com_btc_petroleo__max_sharpe,-0.16574168143039802
2023-05-31,etfs_com_btc_petroleo__max_sharpe,-0.1552366728317841
2023-06-30,etfs_com_btc_petroleo__max_sharpe,-0.12226781880446647
2023-07-31,etfs_com_btc_petroleo__max_sharpe,-0.11198103654959779
2023-08-31,etfs_com_btc_petroleo__max_sharpe,-0.1303359312760577
2023-09-30,etfs_com_btc_petroleo__max_sharpe,-0.13115239789232314
2023-10-31,etfs_com_btc_petroleo__max_sharpe,-0.13563810277555044
2023-11-30,etfs_com_btc_petroleo__max_sharpe,-0.06610383775233186
2023-12-31,etfs_com_btc_petroleo__max_sharpe,-0.023802686961833075
2024-01-31,etfs_com_btc_petroleo__max_sharpe,-0.024680097080203134
2024-02-29,etfs_com_btc_petroleo__max_sharpe,0.0
2024-03-31,etfs_com_btc_petroleo__max_sharpe,0.0
2024-04-30,etfs_com_btc_petroleo__max_sharpe,-0.015325531216923594
2024-05-31,etfs_com_btc_petroleo__max_sharpe,0.0
2024-06-30,etfs_com_btc_petroleo__max_sharpe,0.0
2024-07-31,etfs_com_btc_petroleo__max_sharpe,0.0
2024-08-31,etfs_com_btc_petroleo__max_sharpe,0.0
2024-09-30,etfs_com_btc_petroleo__max_sharpe,-0.013672499859887721
2024-10-31,etfs_com_btc_petroleo__max_sharpe,0.0
2024-11-30,etfs_com_btc_petroleo__max_sharpe,0.0
2024-12-31,etfs_com_btc_petroleo__max_sharpe,-0.0035968572780699093
2025-01-31,etfs_com_btc_petroleo__max_sharpe,-0.005015448436758607
2025-02-28,etfs_com_btc_petroleo__max_sharpe,-0.03558290144717102
2025-03-31,etfs_com_btc_petroleo__max_sharpe,-0.049569447436135894
2025-04-30,etfs_com_btc_petroleo__max_sharpe,-0.04097513642553663
2025-05-31,etfs_com_btc_petroleo__max_sharpe,0.0
2025-06-30,etfs_com_btc_petroleo__max_sharpe,0.0
2025-07-31,etfs_com_btc_petroleo__max_sharpe,0.0
2025-08-31,etfs_com_btc_petroleo__max_sharpe,-0.007919179259142983
2025-09-30,etfs_com_btc_petroleo__max_sharpe,0.0
2025-10-31,etfs_com_btc_petroleo__max_sharpe,0.0
2025-11-30,etfs_com_btc_petroleo__max_sharpe,-0.014071266968921803
2025-12-31,etfs_com_btc_petroleo__max_sharpe,0.0
2026-01-31,etfs_com_btc_petroleo__max_sharpe,0.0
2026-02-28,etfs_com_btc_petroleo__max_sharpe,0.0
2026-03-31,etfs_com_btc_petroleo__max_sharpe,0.0
2026-04-30,etfs_com_btc_petroleo__max_sharpe,0.0
2015-02-28,etfs_com_btc__max_sharpe,0.0
2015-03-31,etfs_com_btc__max_sharpe,0.0
2015-04-30,etfs_com_btc__max_sharpe,-0.03583643439835704
2015-05-31,etfs_com_btc__max_sharpe,0.0
2015-06-30,etfs_com_btc__max_sharpe,-0.01970213968135104
2015-07-31,etfs_com_btc__max_sharpe,0.0
2015-08-31,etfs_com_btc__max_sharpe,-0.03914532708673857
2015-09-30,etfs_com_btc__max_sharpe,0.0
2015-10-31,etfs_com_btc__max_sharpe,0.0
2015-11-30,etfs_com_btc__max_sharpe,0.0
2015-12-31,etfs_com_btc__max_sharpe,0.0
2016-01-31,etfs_com_btc__max_sharpe,-0.045487017450183354
2016-02-29,etfs_com_btc__max_sharpe,-0.036760872425823266
2016-03-31,etfs_com_btc__max_sharpe,-0.0339652645935552
2016-04-30,etfs_com_btc__max_sharpe,-0.03701084926619458
2016-05-31,etfs_com_btc__max_sharpe,-0.011682618299877157
2016-06-30,etfs_com_btc__max_sharpe,-0.03569553045650797
2016-07-31,etfs_com_btc__max_sharpe,0.0
2016-08-31,etfs_com_btc__max_sharpe,-0.017114761274725998
2016-09-30,etfs_com_btc__max_sharpe,0.0
2016-10-31,etfs_com_btc__max_sharpe,0.0
2016-11-30,etfs_com_btc__max_sharpe,0.0
2016-12-31,etfs_com_btc__max_sharpe,-0.020640649760530483
2017-01-31,etfs_com_btc__max_sharpe,0.0
2017-02-28,etfs_com_btc__max_sharpe,0.0
2017-03-31,etfs_com_btc__max_sharpe,0.0
2017-04-30,etfs_com_btc__max_sharpe,0.0
2017-05-31,etfs_com_btc__max_sharpe,0.0
2017-06-30,etfs_com_btc__max_sharpe,0.0
2017-07-31,etfs_com_btc__max_sharpe,0.0
2017-08-31,etfs_com_btc__max_sharpe,0.0
2017-09-30,etfs_com_btc__max_sharpe,0.0
2017-10-31,etfs_com_btc__max_sharpe,0.0
2017-11-30,etfs_com_btc__max_sharpe,0.0
2017-12-31,etfs_com_btc__max_sharpe,0.0
2018-01-31,etfs_com_btc__max_sharpe,-0.00045442288573260825
2018-02-28,etfs_com_btc__max_sharpe,-0.01307935743121691
2018-03-31,etfs_com_btc__max_sharpe,-0.03436150539650573
2018-04-30,etfs_com_btc__max_sharpe,0.0
2018-05-31,etfs_com_btc__max_sharpe,0.0
2018-06-30,etfs_com_btc__max_sharpe,-0.008137712149744902
2018-07-31,etfs_com_btc__max_sharpe,0.0
2018-08-31,etfs_com_btc__max_sharpe,0.0
2018-09-30,etfs_com_btc__max_sharpe,-0.029984963473231208
2018-10-31,etfs_com_btc__max_sharpe,-0.13257431665821462
2018-11-30,etfs_com_btc__max_sharpe,-0.11719679638673997
2018-12-31,etfs_com_btc__max_sharpe,-0.15381421939756523
2019-01-31,etfs_com_btc__max_sharpe,-0.12568929279723073
2019-02-28,etfs_com_btc__max_sharpe,-0.10040788030609593
2019-03-31,etfs_com_btc__max_sharpe,-0.05258075503314974
2019-04-30,etfs_com_btc__max_sharpe,0.0
2019-05-31,etfs_com_btc__max_sharpe,0.0
2019-06-30,etfs_com_btc__max_sharpe,0.0
2019-07-31,etfs_com_btc__max_sharpe,-0.011033597385675553
2019-08-31,etfs_com_btc__max_sharpe,0.0
2019-09-30,etfs_com_btc__max_sharpe,0.0
2019-10-31,etfs_com_btc__max_sharpe,0.0
2019-11-30,etfs_com_btc__max_sharpe,0.0
2019-12-31,etfs_com_btc__max_sharpe,0.0
2020-01-31,etfs_com_btc__max_sharpe,0.0
2020-02-29,etfs_com_btc__max_sharpe,-0.026819102552342322
2020-03-31,etfs_com_btc__max_sharpe,-0.12532072818888884
2020-04-30,etfs_com_btc__max_sharpe,0.0
2020-05-31,etfs_com_btc__max_sharpe,0.0
2020-06-30,etfs_com_btc__max_sharpe,0.0
2020-07-31,etfs_com_btc__max_sharpe,0.0
2020-08-31,etfs_com_btc__max_sharpe,0.0
2020-09-30,etfs_com_btc__max_sharpe,-0.005145328091160861
2020-10-31,etfs_com_btc__max_sharpe,0.0
2020-11-30,etfs_com_btc__max_sharpe,0.0
2020-12-31,etfs_com_btc__max_sharpe,0.0
2021-01-31,etfs_com_btc__max_sharpe,0.0
2021-02-28,etfs_com_btc__max_sharpe,0.0
2021-03-31,etfs_com_btc__max_sharpe,0.0
2021-04-30,etfs_com_btc__max_sharpe,-0.032165497326653636
2021-05-31,etfs_com_btc__max_sharpe,-0.062431440286434325
2021-06-30,etfs_com_btc__max_sharpe,-0.0997174423262095
2021-07-31,etfs_com_btc__max_sharpe,-0.07422719172365766
2021-08-31,etfs_com_btc__max_sharpe,-0.026196537224885685
2021-09-30,etfs_com_btc__max_sharpe,-0.04392287276755502
2021-10-31,etfs_com_btc__max_sharpe,0.0
2021-11-30,etfs_com_btc__max_sharpe,-0.03671589674148201
2021-12-31,etfs_com_btc__max_sharpe,-0.02577946335948378
2022-01-31,etfs_com_btc__max_sharpe,-0.07759619845279819
2022-02-28,etfs_com_btc__max_sharpe,-0.10728644352109773
2022-03-31,etfs_com_btc__max_sharpe,-0.13013806129366112
2022-04-30,etfs_com_btc__max_sharpe,-0.19366865129897926
2022-05-31,etfs_com_btc__max_sharpe,-0.21998839545941518
2022-06-30,etfs_com_btc__max_sharpe,-0.27577756473471027
2022-07-31,etfs_com_btc__max_sharpe,-0.22439880359027176
2022-08-31,etfs_com_btc__max_sharpe,-0.24216463923148768
2022-09-30,etfs_com_btc__max_sharpe,-0.2682406511616787
2022-10-31,etfs_com_btc__max_sharpe,-0.2455870777204311
2022-11-30,etfs_com_btc__max_sharpe,-0.20695851900476614
2022-12-31,etfs_com_btc__max_sharpe,-0.23197060288610483
2023-01-31,etfs_com_btc__max_sharpe,-0.16374426422991184
2023-02-28,etfs_com_btc__max_sharpe,-0.18871074281724465
2023-03-31,etfs_com_btc__max_sharpe,-0.1666992431532045
2023-04-30,etfs_com_btc__max_sharpe,-0.17398762485957064
2023-05-31,etfs_com_btc__max_sharpe,-0.15917379285043098
2023-06-30,etfs_com_btc__max_sharpe,-0.12466577442337645
2023-07-31,etfs_com_btc__max_sharpe,-0.11890281864895291
2023-08-31,etfs_com_btc__max_sharpe,-0.13884669708005415
2023-09-30,etfs_com_btc__max_sharpe,-0.14544487659695038
2023-10-31,etfs_com_btc__max_sharpe,-0.1485904330617367
2023-11-30,etfs_com_btc__max_sharpe,-0.0719596962482153
2023-12-31,etfs_com_btc__max_sharpe,-0.026117379794840967
2024-01-31,etfs_com_btc__max_sharpe,-0.02945135325772208
2024-02-29,etfs_com_btc__max_sharpe,0.0
2024-03-31,etfs_com_btc__max_sharpe,0.0
2024-04-30,etfs_com_btc__max_sharpe,-0.015921772993786942
2024-05-31,etfs_com_btc__max_sharpe,0.0
2024-06-30,etfs_com_btc__max_sharpe,0.0
2024-07-31,etfs_com_btc__max_sharpe,0.0
2024-08-31,etfs_com_btc__max_sharpe,0.0
2024-09-30,etfs_com_btc__max_sharpe,-0.010394889696962895
2024-10-31,etfs_com_btc__max_sharpe,0.0
2024-11-30,etfs_com_btc__max_sharpe,0.0
2024-12-31,etfs_com_btc__max_sharpe,-0.007238215043828489
2025-01-31,etfs_com_btc__max_sharpe,-0.008334977026329016
2025-02-28,etfs_com_btc__max_sharpe,-0.03822221134484338
2025-03-31,etfs_com_btc__max_sharpe,-0.054828510946658415
2025-04-30,etfs_com_btc__max_sharpe,-0.03812697478443805
2025-05-31,etfs_com_btc__max_sharpe,0.0
2025-06-30,etfs_com_btc__max_sharpe,0.0
2025-07-31,etfs_com_btc__max_sharpe,0.0
2025-08-31,etfs_com_btc__max_sharpe,-0.004784085352053324
2025-09-30,etfs_com_btc__max_sharpe,0.0
2025-10-31,etfs_com_btc__max_sharpe,0.0
2025-11-30,etfs_com_btc__max_sharpe,-0.012999234200204324
2025-12-31,etfs_com_btc__max_sharpe,0.0
2026-01-31,etfs_com_btc__max_sharpe,0.0
2026-02-28,etfs_com_btc__max_sharpe,0.0
2026-03-31,etfs_com_btc__max_sharpe,-0.02487478383123387
2026-04-30,etfs_com_btc__max_sharpe,0.0
2015-02-28,etfs_com_ouro_petroleo__max_sharpe,0.0
2015-03-31,etfs_com_ouro_petroleo__max_sharpe,0.0
2015-04-30,etfs_com_ouro_petroleo__max_sharpe,-0.026953934695270076
2015-05-31,etfs_com_ouro_petroleo__max_sharpe,0.0
2015-06-30,etfs_com_ouro_petroleo__max_sharpe,-0.03549792274468
2015-07-31,etfs_com_ouro_petroleo__max_sharpe,-0.007163951957062209
2015-08-31,etfs_com_ouro_petroleo__max_sharpe,-0.01733525272452019
2015-09-30,etfs_com_ouro_petroleo__max_sharpe,0.0
2015-10-31,etfs_com_ouro_petroleo__max_sharpe,0.0
2015-11-30,etfs_com_ouro_petroleo__max_sharpe,-0.02743792010468471
2015-12-31,etfs_com_ouro_petroleo__max_sharpe,-0.03423566863555938
2016-01-31,etfs_com_ouro_petroleo__max_sharpe,-0.06099414484895882
2016-02-29,etfs_com_ouro_petroleo__max_sharpe,-0.06185127492534104
2016-03-31,etfs_com_ouro_petroleo__max_sharpe,-0.05664899225544995
2016-04-30,etfs_com_ouro_petroleo__max_sharpe,-0.055448591653139756
2016-05-31,etfs_com_ouro_petroleo__max_sharpe,-0.053089461505330116
2016-06-30,etfs_com_ouro_petroleo__max_sharpe,-0.09322111571647951
2016-07-31,etfs_com_ouro_petroleo__max_sharpe,-0.03440676820715394
2016-08-31,etfs_com_ouro_petroleo__max_sharpe,-0.044631965300725995
2016-09-30,etfs_com_ouro_petroleo__max_sharpe,-0.018800871786481266
2016-10-31,etfs_com_ouro_petroleo__max_sharpe,-0.027296959529240383
2016-11-30,etfs_com_ouro_petroleo__max_sharpe,0.0
2016-12-31,etfs_com_ouro_petroleo__max_sharpe,-0.047921210857522656
2017-01-31,etfs_com_ouro_petroleo__max_sharpe,-0.023522568681779266
2017-02-28,etfs_com_ouro_petroleo__max_sharpe,-0.0009685283335791883
2017-03-31,etfs_com_ouro_petroleo__max_sharpe,0.0
2017-04-30,etfs_com_ouro_petroleo__max_sharpe,0.0
2017-05-31,etfs_com_ouro_petroleo__max_sharpe,0.0
2017-06-30,etfs_com_ouro_petroleo__max_sharpe,0.0
2017-07-31,etfs_com_ouro_petroleo__max_sharpe,0.0
2017-08-31,etfs_com_ouro_petroleo__max_sharpe,0.0
2017-09-30,etfs_com_ouro_petroleo__max_sharpe,0.0
2017-10-31,etfs_com_ouro_petroleo__max_sharpe,0.0
2017-11-30,etfs_com_ouro_petroleo__max_sharpe,-0.01053108980310058
2017-12-31,etfs_com_ouro_petroleo__max_sharpe,0.0
2018-01-31,etfs_com_ouro_petroleo__max_sharpe,0.0
2018-02-28,etfs_com_ouro_petroleo__max_sharpe,-0.016610296969630456
2018-03-31,etfs_com_ouro_petroleo__max_sharpe,-0.0021436935320323647
2018-04-30,etfs_com_ouro_petroleo__max_sharpe,0.0
2018-05-31,etfs_com_ouro_petroleo__max_sharpe,0.0
2018-06-30,etfs_com_ouro_petroleo__max_sharpe,0.0
2018-07-31,etfs_com_ouro_petroleo__max_sharpe,0.0
2018-08-31,etfs_com_ouro_petroleo__max_sharpe,0.0
2018-09-30,etfs_com_ouro_petroleo__max_sharpe,-0.02299438106629237
2018-10-31,etfs_com_ouro_petroleo__max_sharpe,-0.12203099517906824
2018-11-30,etfs_com_ouro_petroleo__max_sharpe,-0.08036498183705854
2018-12-31,etfs_com_ouro_petroleo__max_sharpe,-0.10939854074832767
2019-01-31,etfs_com_ouro_petroleo__max_sharpe,-0.06693339083815553
2019-02-28,etfs_com_ouro_petroleo__max_sharpe,-0.05009673995468311
2019-03-31,etfs_com_ouro_petroleo__max_sharpe,-0.007143936573972165
2019-04-30,etfs_com_ouro_petroleo__max_sharpe,0.0
2019-05-31,etfs_com_ouro_petroleo__max_sharpe,-0.028374622517317483
2019-06-30,etfs_com_ouro_petroleo__max_sharpe,0.0
2019-07-31,etfs_com_ouro_petroleo__max_sharpe,-0.0051686153170203974
2019-08-31,etfs_com_ouro_petroleo__max_sharpe,0.0
2019-09-30,etfs_com_ouro_petroleo__max_sharpe,0.0
2019-10-31,etfs_com_ouro_petroleo__max_sharpe,-0.010355807579763732
2019-11-30,etfs_com_ouro_petroleo__max_sharpe,0.0
2019-12-31,etfs_com_ouro_petroleo__max_sharpe,0.0
2020-01-31,etfs_com_ouro_petroleo__max_sharpe,0.0
2020-02-29,etfs_com_ouro_petroleo__max_sharpe,-0.021967477223354126
2020-03-31,etfs_com_ouro_petroleo__max_sharpe,-0.1099489712218592
2020-04-30,etfs_com_ouro_petroleo__max_sharpe,-0.0077136273821324375
2020-05-31,etfs_com_ouro_petroleo__max_sharpe,0.0
2020-06-30,etfs_com_ouro_petroleo__max_sharpe,0.0
2020-07-31,etfs_com_ouro_petroleo__max_sharpe,0.0
2020-08-31,etfs_com_ouro_petroleo__max_sharpe,0.0
2020-09-30,etfs_com_ouro_petroleo__max_sharpe,-0.004311585112976357
2020-10-31,etfs_com_ouro_petroleo__max_sharpe,0.0
2020-11-30,etfs_com_ouro_petroleo__max_sharpe,0.0
2020-12-31,etfs_com_ouro_petroleo__max_sharpe,0.0
2021-01-31,etfs_com_ouro_petroleo__max_sharpe,0.0
2021-02-28,etfs_com_ouro_petroleo__max_sharpe,0.0
2021-03-31,etfs_com_ouro_petroleo__max_sharpe,0.0
2021-04-30,etfs_com_ouro_petroleo__max_sharpe,-0.02752384073634173
2021-05-31,etfs_com_ouro_petroleo__max_sharpe,-0.014941134667224687
2021-06-30,etfs_com_ouro_petroleo__max_sharpe,-0.05296271313995238
2021-07-31,etfs_com_ouro_petroleo__max_sharpe,-0.041343394758485474
2021-08-31,etfs_com_ouro_petroleo__max_sharpe,-0.005238494290407569
2021-09-30,etfs_com_ouro_petroleo__max_sharpe,-0.014346956571350877
2021-10-31,etfs_com_ouro_petroleo__max_sharpe,0.0
2021-11-30,etfs_com_ouro_petroleo__max_sharpe,-0.03757596719411693
2021-12-31,etfs_com_ouro_petroleo__max_sharpe,-0.0023153052031472665
2022-01-31,etfs_com_ouro_petroleo__max_sharpe,-0.034558835591862125
2022-02-28,etfs_com_ouro_petroleo__max_sharpe,-0.06724402086681514
2022-03-31,etfs_com_ouro_petroleo__max_sharpe,-0.09178623084204429
2022-04-30,etfs_com_ouro_petroleo__max_sharpe,-0.13970391789986614
2022-05-31,etfs_com_ouro_petroleo__max_sharpe,-0.15508081279556452
2022-06-30,etfs_com_ouro_petroleo__max_sharpe,-0.181225860675732
2022-07-31,etfs_com_ouro_petroleo__max_sharpe,-0.14190743688302376
2022-08-31,etfs_com_ouro_petroleo__max_sharpe,-0.15274319919971724
2022-09-30,etfs_com_ouro_petroleo__max_sharpe,-0.18094847041436168
2022-10-31,etfs_com_ouro_petroleo__max_sharpe,-0.15952615738633635
2022-11-30,etfs_com_ouro_petroleo__max_sharpe,-0.09950246177022226
2022-12-31,etfs_com_ouro_petroleo__max_sharpe,-0.11904313880405726
2023-01-31,etfs_com_ouro_petroleo__max_sharpe,-0.07149182832071921
2023-02-28,etfs_com_ouro_petroleo__max_sharpe,-0.10392368475598013
2023-03-31,etfs_com_ouro_petroleo__max_sharpe,-0.09477338676299352
2023-04-30,etfs_com_ouro_petroleo__max_sharpe,-0.1039445430450815
2023-05-31,etfs_com_ouro_petroleo__max_sharpe,-0.08733987431322576
2023-06-30,etfs_com_ouro_petroleo__max_sharpe,-0.06153967038142405
2023-07-31,etfs_com_ouro_petroleo__max_sharpe,-0.045752293607281835
2023-08-31,etfs_com_ouro_petroleo__max_sharpe,-0.05462685200000916
2023-09-30,etfs_com_ouro_petroleo__max_sharpe,-0.06745468741905014
2023-10-31,etfs_com_ouro_petroleo__max_sharpe,-0.09256465801565672
2023-11-30,etfs_com_ouro_petroleo__max_sharpe,-0.01969448231469828
2023-12-31,etfs_com_ouro_petroleo__max_sharpe,0.0
2024-01-31,etfs_com_ouro_petroleo__max_sharpe,-0.0025188275071765798
2024-02-29,etfs_com_ouro_petroleo__max_sharpe,0.0
2024-03-31,etfs_com_ouro_petroleo__max_sharpe,0.0
2024-04-30,etfs_com_ouro_petroleo__max_sharpe,0.0
2024-05-31,etfs_com_ouro_petroleo__max_sharpe,0.0
2024-06-30,etfs_com_ouro_petroleo__max_sharpe,0.0
2024-07-31,etfs_com_ouro_petroleo__max_sharpe,0.0
2024-08-31,etfs_com_ouro_petroleo__max_sharpe,0.0
2024-09-30,etfs_com_ouro_petroleo__max_sharpe,-0.014888709530986532
2024-10-31,etfs_com_ouro_petroleo__max_sharpe,0.0
2024-11-30,etfs_com_ouro_petroleo__max_sharpe,0.0
2024-12-31,etfs_com_ouro_petroleo__max_sharpe,-0.002366430587558699
2025-01-31,etfs_com_ouro_petroleo__max_sharpe,-0.005694940617634425
2025-02-28,etfs_com_ouro_petroleo__max_sharpe,-0.01749225981808411
2025-03-31,etfs_com_ouro_petroleo__max_sharpe,-0.02058344417047775
2025-04-30,etfs_com_ouro_petroleo__max_sharpe,-0.017290412007374245
2025-05-31,etfs_com_ouro_petroleo__max_sharpe,0.0
2025-06-30,etfs_com_ouro_petroleo__max_sharpe,0.0
2025-07-31,etfs_com_ouro_petroleo__max_sharpe,0.0
2025-08-31,etfs_com_ouro_petroleo__max_sharpe,0.0
2025-09-30,etfs_com_ouro_petroleo__max_sharpe,0.0
2025-10-31,etfs_com_ouro_petroleo__max_sharpe,0.0
2025-11-30,etfs_com_ouro_petroleo__max_sharpe,0.0
2025-12-31,etfs_com_ouro_petroleo__max_sharpe,0.0
2026-01-31,etfs_com_ouro_petroleo__max_sharpe,0.0
2026-02-28,etfs_com_ouro_petroleo__max_sharpe,0.0
2026-03-31,etfs_com_ouro_petroleo__max_sharpe,-0.014957240705791075
2026-04-30,etfs_com_ouro_petroleo__max_sharpe,-0.0018214690648251652
2015-02-28,etfs_com_ouro__max_sharpe,0.0
2015-03-31,etfs_com_ouro__max_sharpe,0.0
2015-04-30,etfs_com_ouro__max_sharpe,-0.03301073967089174
2015-05-31,etfs_com_ouro__max_sharpe,0.0
2015-06-30,etfs_com_ouro__max_sharpe,-0.03564916032540766
2015-07-31,etfs_com_ouro__max_sharpe,-7.140855057263806e-06
2015-08-31,etfs_com_ouro__max_sharpe,-0.012998571417669247
2015-09-30,etfs_com_ouro__max_sharpe,0.0
2015-10-31,etfs_com_ouro__max_sharpe,0.0
2015-11-30,etfs_com_ouro__max_sharpe,-0.023453432521159945
2015-12-31,etfs_com_ouro__max_sharpe,-0.025937203098868156
2016-01-31,etfs_com_ouro__max_sharpe,-0.05057265324760196
2016-02-29,etfs_com_ouro__max_sharpe,-0.04837534217833517
2016-03-31,etfs_com_ouro__max_sharpe,-0.04322193858210055
2016-04-30,etfs_com_ouro__max_sharpe,-0.046365475334249284
2016-05-31,etfs_com_ouro__max_sharpe,-0.04552012263346472
2016-06-30,etfs_com_ouro__max_sharpe,-0.08405365748028315
2016-07-31,etfs_com_ouro__max_sharpe,-0.0183335974558253
2016-08-31,etfs_com_ouro__max_sharpe,-0.030800984846730994
2016-09-30,etfs_com_ouro__max_sharpe,-0.0059351381385533974
2016-10-31,etfs_com_ouro__max_sharpe,-0.013467807823952738
2016-11-30,etfs_com_ouro__max_sharpe,0.0
2016-12-31,etfs_com_ouro__max_sharpe,-0.0497251268671115
2017-01-31,etfs_com_ouro__max_sharpe,-0.022513712763259086
2017-02-28,etfs_com_ouro__max_sharpe,0.0
2017-03-31,etfs_com_ouro__max_sharpe,0.0
2017-04-30,etfs_com_ouro__max_sharpe,0.0
2017-05-31,etfs_com_ouro__max_sharpe,0.0
2017-06-30,etfs_com_ouro__max_sharpe,0.0
2017-07-31,etfs_com_ouro__max_sharpe,0.0
2017-08-31,etfs_com_ouro__max_sharpe,0.0
2017-09-30,etfs_com_ouro__max_sharpe,0.0
2017-10-31,etfs_com_ouro__max_sharpe,0.0
2017-11-30,etfs_com_ouro__max_sharpe,-0.011490815169829971
2017-12-31,etfs_com_ouro__max_sharpe,0.0
2018-01-31,etfs_com_ouro__max_sharpe,0.0
2018-02-28,etfs_com_ouro__max_sharpe,-0.01613059919881321
2018-03-31,etfs_com_ouro__max_sharpe,-0.00478829962051297
2018-04-30,etfs_com_ouro__max_sharpe,0.0
2018-05-31,etfs_com_ouro__max_sharpe,0.0
2018-06-30,etfs_com_ouro__max_sharpe,0.0
2018-07-31,etfs_com_ouro__max_sharpe,0.0
2018-08-31,etfs_com_ouro__max_sharpe,0.0
2018-09-30,etfs_com_ouro__max_sharpe,-0.024503260298029295
2018-10-31,etfs_com_ouro__max_sharpe,-0.12111341465449732
2018-11-30,etfs_com_ouro__max_sharpe,-0.0717040476847125
2018-12-31,etfs_com_ouro__max_sharpe,-0.10029185608132307
2019-01-31,etfs_com_ouro__max_sharpe,-0.05914228846747971
2019-02-28,etfs_com_ouro__max_sharpe,-0.04320751536933931
2019-03-31,etfs_com_ouro__max_sharpe,-0.0014929175187121668
2019-04-30,etfs_com_ouro__max_sharpe,0.0
2019-05-31,etfs_com_ouro__max_sharpe,-0.023176034635436382
2019-06-30,etfs_com_ouro__max_sharpe,0.0
2019-07-31,etfs_com_ouro__max_sharpe,-0.004576356510494928
2019-08-31,etfs_com_ouro__max_sharpe,0.0
2019-09-30,etfs_com_ouro__max_sharpe,0.0
2019-10-31,etfs_com_ouro__max_sharpe,-0.009973238614526148
2019-11-30,etfs_com_ouro__max_sharpe,0.0
2019-12-31,etfs_com_ouro__max_sharpe,0.0
2020-01-31,etfs_com_ouro__max_sharpe,0.0
2020-02-29,etfs_com_ouro__max_sharpe,-0.020567194309981884
2020-03-31,etfs_com_ouro__max_sharpe,-0.09435942521230778
2020-04-30,etfs_com_ouro__max_sharpe,0.0
2020-05-31,etfs_com_ouro__max_sharpe,0.0
2020-06-30,etfs_com_ouro__max_sharpe,0.0
2020-07-31,etfs_com_ouro__max_sharpe,0.0
2020-08-31,etfs_com_ouro__max_sharpe,0.0
2020-09-30,etfs_com_ouro__max_sharpe,-0.0037034146280345848
2020-10-31,etfs_com_ouro__max_sharpe,0.0
2020-11-30,etfs_com_ouro__max_sharpe,0.0
2020-12-31,etfs_com_ouro__max_sharpe,0.0
2021-01-31,etfs_com_ouro__max_sharpe,0.0
2021-02-28,etfs_com_ouro__max_sharpe,0.0
2021-03-31,etfs_com_ouro__max_sharpe,0.0
2021-04-30,etfs_com_ouro__max_sharpe,-0.02795284768669737
2021-05-31,etfs_com_ouro__max_sharpe,-0.01641127586511182
2021-06-30,etfs_com_ouro__max_sharpe,-0.05685841398063429
2021-07-31,etfs_com_ouro__max_sharpe,-0.04537959411124981
2021-08-31,etfs_com_ouro__max_sharpe,-0.005539649148214476
2021-09-30,etfs_com_ouro__max_sharpe,-0.020402049650357967
2021-10-31,etfs_com_ouro__max_sharpe,0.0
2021-11-30,etfs_com_ouro__max_sharpe,-0.033273806396195704
2021-12-31,etfs_com_ouro__max_sharpe,-0.0004966051471426702
2022-01-31,etfs_com_ouro__max_sharpe,-0.03889856058381613
2022-02-28,etfs_com_ouro__max_sharpe,-0.07430467422685239
2022-03-31,etfs_com_ouro__max_sharpe,-0.0995919534801124
2022-04-30,etfs_com_ouro__max_sharpe,-0.15158372965303946
2022-05-31,etfs_com_ouro__max_sharpe,-0.16996210385118926
2022-06-30,etfs_com_ouro__max_sharpe,-0.1976152551500181
2022-07-31,etfs_com_ouro__max_sharpe,-0.15552028011288221
2022-08-31,etfs_com_ouro__max_sharpe,-0.1642138775138079
2022-09-30,etfs_com_ouro__max_sharpe,-0.190976573418833
2022-10-31,etfs_com_ouro__max_sharpe,-0.17018479369858686
2022-11-30,etfs_com_ouro__max_sharpe,-0.10922232158419054
2022-12-31,etfs_com_ouro__max_sharpe,-0.12935491033266355
2023-01-31,etfs_com_ouro__max_sharpe,-0.07910375475776121
2023-02-28,etfs_com_ouro__max_sharpe,-0.11133672078581869
2023-03-31,etfs_com_ouro__max_sharpe,-0.1012390280741885
2023-04-30,etfs_com_ouro__max_sharpe,-0.11039897811573962
2023-05-31,etfs_com_ouro__max_sharpe,-0.09021776935870429
2023-06-30,etfs_com_ouro__max_sharpe,-0.0630155391309617
2023-07-31,etfs_com_ouro__max_sharpe,-0.05106168338641959
2023-08-31,etfs_com_ouro__max_sharpe,-0.06129684528420709
2023-09-30,etfs_com_ouro__max_sharpe,-0.07906653665098218
2023-10-31,etfs_com_ouro__max_sharpe,-0.10278378830219181
2023-11-30,etfs_com_ouro__max_sharpe,-0.023912839795417473
2023-12-31,etfs_com_ouro__max_sharpe,0.0
2024-01-31,etfs_com_ouro__max_sharpe,-0.0044481046607223185
2024-02-29,etfs_com_ouro__max_sharpe,0.0
2024-03-31,etfs_com_ouro__max_sharpe,0.0
2024-04-30,etfs_com_ouro__max_sharpe,0.0
2024-05-31,etfs_com_ouro__max_sharpe,0.0
2024-06-30,etfs_com_ouro__max_sharpe,0.0
2024-07-31,etfs_com_ouro__max_sharpe,0.0
2024-08-31,etfs_com_ouro__max_sharpe,0.0
2024-09-30,etfs_com_ouro__max_sharpe,-0.012276876759691802
2024-10-31,etfs_com_ouro__max_sharpe,0.0
2024-11-30,etfs_com_ouro__max_sharpe,0.0
2024-12-31,etfs_com_ouro__max_sharpe,-0.005219526559433252
2025-01-31,etfs_com_ouro__max_sharpe,-0.008295454194729657
2025-02-28,etfs_com_ouro__max_sharpe,-0.01960881654096791
2025-03-31,etfs_com_ouro__max_sharpe,-0.024867002871807098
2025-04-30,etfs_com_ouro__max_sharpe,-0.014960926400772956
2025-05-31,etfs_com_ouro__max_sharpe,0.0
2025-06-30,etfs_com_ouro__max_sharpe,0.0
2025-07-31,etfs_com_ouro__max_sharpe,0.0
2025-08-31,etfs_com_ouro__max_sharpe,0.0
2025-09-30,etfs_com_ouro__max_sharpe,0.0
2025-10-31,etfs_com_ouro__max_sharpe,0.0
2025-11-30,etfs_com_ouro__max_sharpe,0.0
2025-12-31,etfs_com_ouro__max_sharpe,0.0
2026-01-31,etfs_com_ouro__max_sharpe,0.0
2026-02-28,etfs_com_ouro__max_sharpe,0.0
2026-03-31,etfs_com_ouro__max_sharpe,-0.03582329904954995
2026-04-30,etfs_com_ouro__max_sharpe,-0.019936659670016343
2015-02-28,etfs_com_tudo__min_vol,0.0
2015-03-31,etfs_com_tudo__min_vol,0.0
2015-04-30,etfs_com_tudo__min_vol,-0.01731405259609886
2015-05-31,etfs_com_tudo__min_vol,0.0
2015-06-30,etfs_com_tudo__min_vol,-0.03001283336999927
2015-07-31,etfs_com_tudo__min_vol,-0.004717977699763676
2015-08-31,etfs_com_tudo__min_vol,-0.02241301706718868
2015-09-30,etfs_com_tudo__min_vol,0.0
2015-10-31,etfs_com_tudo__min_vol,0.0
2015-11-30,etfs_com_tudo__min_vol,-0.02542824625243878
2015-12-31,etfs_com_tudo__min_vol,-0.03172462816127619
2016-01-31,etfs_com_tudo__min_vol,-0.06657432836460975
2016-02-29,etfs_com_tudo__min_vol,-0.07442461011580359
2016-03-31,etfs_com_tudo__min_vol,-0.06776001541860877
2016-04-30,etfs_com_tudo__min_vol,-0.057040561857284566
2016-05-31,etfs_com_tudo__min_vol,-0.05384721601269604
2016-06-30,etfs_com_tudo__min_vol,-0.09305975233518793
2016-07-31,etfs_com_tudo__min_vol,-0.04131778251419782
2016-08-31,etfs_com_tudo__min_vol,-0.049541692523448644
2016-09-30,etfs_com_tudo__min_vol,-0.02385407373505477
2016-10-31,etfs_com_tudo__min_vol,-0.028569783985201713
2016-11-30,etfs_com_tudo__min_vol,0.0
2016-12-31,etfs_com_tudo__min_vol,-0.045427795430178275
2017-01-31,etfs_com_tudo__min_vol,-0.026288089291659267
2017-02-28,etfs_com_tudo__min_vol,-0.00271318836568768
2017-03-31,etfs_com_tudo__min_vol,0.0
2017-04-30,etfs_com_tudo__min_vol,0.0
2017-05-31,etfs_com_tudo__min_vol,0.0
2017-06-30,etfs_com_tudo__min_vol,0.0
2017-07-31,etfs_com_tudo__min_vol,0.0
2017-08-31,etfs_com_tudo__min_vol,0.0
2017-09-30,etfs_com_tudo__min_vol,0.0
2017-10-31,etfs_com_tudo__min_vol,0.0
2017-11-30,etfs_com_tudo__min_vol,0.0
2017-12-31,etfs_com_tudo__min_vol,0.0
2018-01-31,etfs_com_tudo__min_vol,0.0
2018-02-28,etfs_com_tudo__min_vol,-0.016898740428650916
2018-03-31,etfs_com_tudo__min_vol,-0.005135775679155463
2018-04-30,etfs_com_tudo__min_vol,0.0
2018-05-31,etfs_com_tudo__min_vol,0.0
2018-06-30,etfs_com_tudo__min_vol,0.0
2018-07-31,etfs_com_tudo__min_vol,0.0
2018-08-31,etfs_com_tudo__min_vol,0.0
2018-09-30,etfs_com_tudo__min_vol,-0.020580453705297153
2018-10-31,etfs_com_tudo__min_vol,-0.11813646492364305
2018-11-30,etfs_com_tudo__min_vol,-0.0850333432477014
2018-12-31,etfs_com_tudo__min_vol,-0.11058298416443824
2019-01-31,etfs_com_tudo__min_vol,-0.07165663839196146
2019-02-28,etfs_com_tudo__min_vol,-0.051373279209763645
2019-03-31,etfs_com_tudo__min_vol,-0.0098100902016518
2019-04-30,etfs_com_tudo__min_vol,0.0
2019-05-31,etfs_com_tudo__min_vol,-0.02386488612641191
2019-06-30,etfs_com_tudo__min_vol,0.0
2019-07-31,etfs_com_tudo__min_vol,-0.012531124999139331
2019-08-31,etfs_com_tudo__min_vol,0.0
2019-09-30,etfs_com_tudo__min_vol,0.0
2019-10-31,etfs_com_tudo__min_vol,-0.006978526864294787
2019-11-30,etfs_com_tudo__min_vol,0.0
2019-12-31,etfs_com_tudo__min_vol,0.0
2020-01-31,etfs_com_tudo__min_vol,0.0
2020-02-29,etfs_com_tudo__min_vol,-0.022744051663797338
2020-03-31,etfs_com_tudo__min_vol,-0.12645146084231895
2020-04-30,etfs_com_tudo__min_vol,-0.050650407222179394
2020-05-31,etfs_com_tudo__min_vol,0.0
2020-06-30,etfs_com_tudo__min_vol,0.0
2020-07-31,etfs_com_tudo__min_vol,0.0
2020-08-31,etfs_com_tudo__min_vol,0.0
2020-09-30,etfs_com_tudo__min_vol,-0.000874259581857717
2020-10-31,etfs_com_tudo__min_vol,0.0
2020-11-30,etfs_com_tudo__min_vol,0.0
2020-12-31,etfs_com_tudo__min_vol,0.0
2021-01-31,etfs_com_tudo__min_vol,0.0
2021-02-28,etfs_com_tudo__min_vol,0.0
2021-03-31,etfs_com_tudo__min_vol,0.0
2021-04-30,etfs_com_tudo__min_vol,-0.035807294950222834
2021-05-31,etfs_com_tudo__min_vol,-0.022646108687925826
2021-06-30,etfs_com_tudo__min_vol,-0.06806251886713854
2021-07-31,etfs_com_tudo__min_vol,-0.05944866920311753
2021-08-31,etfs_com_tudo__min_vol,-0.039372357760036114
2021-09-30,etfs_com_tudo__min_vol,-0.03687751591453636
2021-10-31,etfs_com_tudo__min_vol,0.0
2021-11-30,etfs_com_tudo__min_vol,-0.04711451165750302
2021-12-31,etfs_com_tudo__min_vol,-0.019142706164687273
2022-01-31,etfs_com_tudo__min_vol,-0.038455814514526954
2022-02-28,etfs_com_tudo__min_vol,-0.06845067445044617
2022-03-31,etfs_com_tudo__min_vol,-0.09570163672023801
2022-04-30,etfs_com_tudo__min_vol,-0.13290459651252717
2022-05-31,etfs_com_tudo__min_vol,-0.14149497402465805
2022-06-30,etfs_com_tudo__min_vol,-0.15873599381870795
2022-07-31,etfs_com_tudo__min_vol,-0.13218905774716427
2022-08-31,etfs_com_tudo__min_vol,-0.14987221053199384
2022-09-30,etfs_com_tudo__min_vol,-0.17787690150370206
2022-10-31,etfs_com_tudo__min_vol,-0.16435938133556616
2022-11-30,etfs_com_tudo__min_vol,-0.104375871698829
2022-12-31,etfs_com_tudo__min_vol,-0.11262080388412021
2023-01-31,etfs_com_tudo__min_vol,-0.0742885172383595
2023-02-28,etfs_com_tudo__min_vol,-0.11496984529421705
2023-03-31,etfs_com_tudo__min_vol,-0.10706396543678964
2023-04-30,etfs_com_tudo__min_vol,-0.11251077751381833
2023-05-31,etfs_com_tudo__min_vol,-0.11464423365103193
2023-06-30,etfs_com_tudo__min_vol,-0.09380687894184025
2023-07-31,etfs_com_tudo__min_vol,-0.07507821143405902
2023-08-31,etfs_com_tudo__min_vol,-0.09264052826383506
2023-09-30,etfs_com_tudo__min_vol,-0.09404877100251186
2023-10-31,etfs_com_tudo__min_vol,-0.11279856312854841
2023-11-30,etfs_com_tudo__min_vol,-0.06880795873564816
2023-12-31,etfs_com_tudo__min_vol,-0.03797096700090341
2024-01-31,etfs_com_tudo__min_vol,-0.046175903590723766
2024-02-29,etfs_com_tudo__min_vol,-0.0127713990726529
2024-03-31,etfs_com_tudo__min_vol,0.0
2024-04-30,etfs_com_tudo__min_vol,0.0
2024-05-31,etfs_com_tudo__min_vol,0.0
2024-06-30,etfs_com_tudo__min_vol,0.0
2024-07-31,etfs_com_tudo__min_vol,0.0
2024-08-31,etfs_com_tudo__min_vol,0.0
2024-09-30,etfs_com_tudo__min_vol,-0.008061261872239212
2024-10-31,etfs_com_tudo__min_vol,0.0
2024-11-30,etfs_com_tudo__min_vol,0.0
2024-12-31,etfs_com_tudo__min_vol,-0.006622870249218704
2025-01-31,etfs_com_tudo__min_vol,-0.008987410315076327
2025-02-28,etfs_com_tudo__min_vol,-0.014224186137547501
2025-03-31,etfs_com_tudo__min_vol,-0.0023864976041455543
2025-04-30,etfs_com_tudo__min_vol,-0.0019395154474519671
2025-05-31,etfs_com_tudo__min_vol,0.0
2025-06-30,etfs_com_tudo__min_vol,0.0
2025-07-31,etfs_com_tudo__min_vol,0.0
2025-08-31,etfs_com_tudo__min_vol,0.0
2025-09-30,etfs_com_tudo__min_vol,0.0
2025-10-31,etfs_com_tudo__min_vol,0.0
2025-11-30,etfs_com_tudo__min_vol,0.0
2025-12-31,etfs_com_tudo__min_vol,0.0
2026-01-31,etfs_com_tudo__min_vol,0.0
2026-02-28,etfs_com_tudo__min_vol,0.0
2026-03-31,etfs_com_tudo__min_vol,0.0
2026-04-30,etfs_com_tudo__min_vol,0.0
2015-02-28,etfs_com_ouro_btc__min_vol,0.0
2015-03-31,etfs_com_ouro_btc__min_vol,0.0
2015-04-30,etfs_com_ouro_btc__min_vol,-0.026977635252746768
2015-05-31,etfs_com_ouro_btc__min_vol,0.0
2015-06-30,etfs_com_ouro_btc__min_vol,-0.03116280946430272
2015-07-31,etfs_com_ouro_btc__min_vol,0.0
2015-08-31,etfs_com_ouro_btc__min_vol,-0.02550412030111493
2015-09-30,etfs_com_ouro_btc__min_vol,0.0
2015-10-31,etfs_com_ouro_btc__min_vol,0.0
2015-11-30,etfs_com_ouro_btc__min_vol,-0.017294488385794615
2015-12-31,etfs_com_ouro_btc__min_vol,-0.016136580937607503
2016-01-31,etfs_com_ouro_btc__min_vol,-0.04657052488740654
2016-02-29,etfs_com_ouro_btc__min_vol,-0.0524927405890071
2016-03-31,etfs_com_ouro_btc__min_vol,-0.04734321396407204
2016-04-30,etfs_com_ouro_btc__min_vol,-0.04455847746279784
2016-05-31,etfs_com_ouro_btc__min_vol,-0.04537846882558516
2016-06-30,etfs_com_ouro_btc__min_vol,-0.08515813156843377
2016-07-31,etfs_com_ouro_btc__min_vol,-0.021891638309249117
2016-08-31,etfs_com_ouro_btc__min_vol,-0.03332749858349804
2016-09-30,etfs_com_ouro_btc__min_vol,-0.010802787720546103
2016-10-31,etfs_com_ouro_btc__min_vol,-0.017355329115924523
2016-11-30,etfs_com_ouro_btc__min_vol,0.0
2016-12-31,etfs_com_ouro_btc__min_vol,-0.047678204205889974
2017-01-31,etfs_com_ouro_btc__min_vol,-0.024850434521649256
2017-02-28,etfs_com_ouro_btc__min_vol,-0.001105384772866147
2017-03-31,etfs_com_ouro_btc__min_vol,0.0
2017-04-30,etfs_com_ouro_btc__min_vol,0.0
2017-05-31,etfs_com_ouro_btc__min_vol,0.0
2017-06-30,etfs_com_ouro_btc__min_vol,0.0
2017-07-31,etfs_com_ouro_btc__min_vol,0.0
2017-08-31,etfs_com_ouro_btc__min_vol,0.0
2017-09-30,etfs_com_ouro_btc__min_vol,0.0
2017-10-31,etfs_com_ouro_btc__min_vol,0.0
2017-11-30,etfs_com_ouro_btc__min_vol,0.0
2017-12-31,etfs_com_ouro_btc__min_vol,0.0
2018-01-31,etfs_com_ouro_btc__min_vol,0.0
2018-02-28,etfs_com_ouro_btc__min_vol,-0.018594324546105323
2018-03-31,etfs_com_ouro_btc__min_vol,-0.010741296482147056
2018-04-30,etfs_com_ouro_btc__min_vol,0.0
2018-05-31,etfs_com_ouro_btc__min_vol,0.0
2018-06-30,etfs_com_ouro_btc__min_vol,-0.0024986004120767236
2018-07-31,etfs_com_ouro_btc__min_vol,0.0
2018-08-31,etfs_com_ouro_btc__min_vol,0.0
2018-09-30,etfs_com_ouro_btc__min_vol,-0.023377909800442298
2018-10-31,etfs_com_ouro_btc__min_vol,-0.11782738907287071
2018-11-30,etfs_com_ouro_btc__min_vol,-0.07124781493012566
2018-12-31,etfs_com_ouro_btc__min_vol,-0.09377022281957614
2019-01-31,etfs_com_ouro_btc__min_vol,-0.06053091752991502
2019-02-28,etfs_com_ouro_btc__min_vol,-0.04103563274640365
2019-03-31,etfs_com_ouro_btc__min_vol,-0.0010337389510529649
2019-04-30,etfs_com_ouro_btc__min_vol,0.0
2019-05-31,etfs_com_ouro_btc__min_vol,-0.016399908362253912
2019-06-30,etfs_com_ouro_btc__min_vol,0.0
2019-07-31,etfs_com_ouro_btc__min_vol,-0.014017359593978429
2019-08-31,etfs_com_ouro_btc__min_vol,0.0
2019-09-30,etfs_com_ouro_btc__min_vol,0.0
2019-10-31,etfs_com_ouro_btc__min_vol,-0.003836594948739669
2019-11-30,etfs_com_ouro_btc__min_vol,0.0
2019-12-31,etfs_com_ouro_btc__min_vol,0.0
2020-01-31,etfs_com_ouro_btc__min_vol,0.0
2020-02-29,etfs_com_ouro_btc__min_vol,-0.020670948204541406
2020-03-31,etfs_com_ouro_btc__min_vol,-0.09466974651884197
2020-04-30,etfs_com_ouro_btc__min_vol,0.0
2020-05-31,etfs_com_ouro_btc__min_vol,0.0
2020-06-30,etfs_com_ouro_btc__min_vol,0.0
2020-07-31,etfs_com_ouro_btc__min_vol,0.0
2020-08-31,etfs_com_ouro_btc__min_vol,0.0
2020-09-30,etfs_com_ouro_btc__min_vol,0.0
2020-10-31,etfs_com_ouro_btc__min_vol,0.0
2020-11-30,etfs_com_ouro_btc__min_vol,0.0
2020-12-31,etfs_com_ouro_btc__min_vol,0.0
2021-01-31,etfs_com_ouro_btc__min_vol,0.0
2021-02-28,etfs_com_ouro_btc__min_vol,0.0
2021-03-31,etfs_com_ouro_btc__min_vol,0.0
2021-04-30,etfs_com_ouro_btc__min_vol,-0.03725229706566813
2021-05-31,etfs_com_ouro_btc__min_vol,-0.024369401406840407
2021-06-30,etfs_com_ouro_btc__min_vol,-0.07715652234485193
2021-07-31,etfs_com_ouro_btc__min_vol,-0.06946200767559918
2021-08-31,etfs_com_ouro_btc__min_vol,-0.04578765046607014
2021-09-30,etfs_com_ouro_btc__min_vol,-0.05122743130698937
2021-10-31,etfs_com_ouro_btc__min_vol,-0.01286412602865672
2021-11-30,etfs_com_ouro_btc__min_vol,-0.05190157957487618
2021-12-31,etfs_com_ouro_btc__min_vol,-0.02837855533510436
2022-01-31,etfs_com_ouro_btc__min_vol,-0.05657668972386609
2022-02-28,etfs_com_ouro_btc__min_vol,-0.09195062556824096
2022-03-31,etfs_com_ouro_btc__min_vol,-0.12474122142114275
2022-04-30,etfs_com_ouro_btc__min_vol,-0.16558783150469625
2022-05-31,etfs_com_ouro_btc__min_vol,-0.17915421827478428
2022-06-30,etfs_com_ouro_btc__min_vol,-0.1964362721922529
2022-07-31,etfs_com_ouro_btc__min_vol,-0.16800212927641855
2022-08-31,etfs_com_ouro_btc__min_vol,-0.18542989560169787
2022-09-30,etfs_com_ouro_btc__min_vol,-0.21127466812493234
2022-10-31,etfs_com_ouro_btc__min_vol,-0.19955474924868122
2022-11-30,etfs_com_ouro_btc__min_vol,-0.13382048461035978
2022-12-31,etfs_com_ouro_btc__min_vol,-0.142792148484029
2023-01-31,etfs_com_ouro_btc__min_vol,-0.1012743981867783
2023-02-28,etfs_com_ouro_btc__min_vol,-0.1392662816071758
2023-03-31,etfs_com_ouro_btc__min_vol,-0.13094482247492623
2023-04-30,etfs_com_ouro_btc__min_vol,-0.1339291802425897
2023-05-31,etfs_com_ouro_btc__min_vol,-0.1336008079060672
2023-06-30,etfs_com_ouro_btc__min_vol,-0.11420794932084133
2023-07-31,etfs_com_ouro_btc__min_vol,-0.10334682238240545
2023-08-31,etfs_com_ouro_btc__min_vol,-0.12442083192443243
2023-09-30,etfs_com_ouro_btc__min_vol,-0.13115534956169195
2023-10-31,etfs_com_ouro_btc__min_vol,-0.14677039802777303
2023-11-30,etfs_com_ouro_btc__min_vol,-0.09704945410560573
2023-12-31,etfs_com_ouro_btc__min_vol,-0.06142924498983238
2024-01-31,etfs_com_ouro_btc__min_vol,-0.0746814735853335
2024-02-29,etfs_com_ouro_btc__min_vol,-0.04398575073025046
2024-03-31,etfs_com_ouro_btc__min_vol,-0.010420018552743548
2024-04-30,etfs_com_ouro_btc__min_vol,-0.007703817612409791
2024-05-31,etfs_com_ouro_btc__min_vol,0.0
2024-06-30,etfs_com_ouro_btc__min_vol,0.0
2024-07-31,etfs_com_ouro_btc__min_vol,0.0
2024-08-31,etfs_com_ouro_btc__min_vol,0.0
2024-09-30,etfs_com_ouro_btc__min_vol,-0.004239062617204636
2024-10-31,etfs_com_ouro_btc__min_vol,0.0
2024-11-30,etfs_com_ouro_btc__min_vol,0.0
2024-12-31,etfs_com_ouro_btc__min_vol,-0.01312209392369712
2025-01-31,etfs_com_ouro_btc__min_vol,-0.014344982648201055
2025-02-28,etfs_com_ouro_btc__min_vol,-0.014201406828297292
2025-03-31,etfs_com_ouro_btc__min_vol,-0.0035904778009272498
2025-04-30,etfs_com_ouro_btc__min_vol,0.0
2025-05-31,etfs_com_ouro_btc__min_vol,0.0
2025-06-30,etfs_com_ouro_btc__min_vol,0.0
2025-07-31,etfs_com_ouro_btc__min_vol,0.0
2025-08-31,etfs_com_ouro_btc__min_vol,0.0
2025-09-30,etfs_com_ouro_btc__min_vol,0.0
2025-10-31,etfs_com_ouro_btc__min_vol,0.0
2025-11-30,etfs_com_ouro_btc__min_vol,0.0
2025-12-31,etfs_com_ouro_btc__min_vol,0.0
2026-01-31,etfs_com_ouro_btc__min_vol,0.0
2026-02-28,etfs_com_ouro_btc__min_vol,0.0
2026-03-31,etfs_com_ouro_btc__min_vol,-0.044673906446693334
2026-04-30,etfs_com_ouro_btc__min_vol,-0.03646802288905304
2015-02-28,etfs_com_petroleo__max_sharpe,0.0
2015-03-31,etfs_com_petroleo__max_sharpe,0.0
2015-04-30,etfs_com_petroleo__max_sharpe,-0.022914669590687775
2015-05-31,etfs_com_petroleo__max_sharpe,0.0
2015-06-30,etfs_com_petroleo__max_sharpe,-0.03635403776786328
2015-07-31,etfs_com_petroleo__max_sharpe,-0.004593641682556937
2015-08-31,etfs_com_petroleo__max_sharpe,-0.026154389110093823
2015-09-30,etfs_com_petroleo__max_sharpe,0.0
2015-10-31,etfs_com_petroleo__max_sharpe,0.0
2015-11-30,etfs_com_petroleo__max_sharpe,-0.022277271719838287
2015-12-31,etfs_com_petroleo__max_sharpe,-0.031871654433460295
2016-01-31,etfs_com_petroleo__max_sharpe,-0.06990099833172359
2016-02-29,etfs_com_petroleo__max_sharpe,-0.07798198356424291
2016-03-31,etfs_com_petroleo__max_sharpe,-0.06459147807719512
2016-04-30,etfs_com_petroleo__max_sharpe,-0.06625938386118868
2016-05-31,etfs_com_petroleo__max_sharpe,-0.05788815086589949
2016-06-30,etfs_com_petroleo__max_sharpe,-0.10098774917506503
2016-07-31,etfs_com_petroleo__max_sharpe,-0.039909874162111225
2016-08-31,etfs_com_petroleo__max_sharpe,-0.046730556128371625
2016-09-30,etfs_com_petroleo__max_sharpe,-0.01993765759687538
2016-10-31,etfs_com_petroleo__max_sharpe,-0.025186216097500713
2016-11-30,etfs_com_petroleo__max_sharpe,0.0
2016-12-31,etfs_com_petroleo__max_sharpe,-0.04475858938388422
2017-01-31,etfs_com_petroleo__max_sharpe,-0.01938699563639923
2017-02-28,etfs_com_petroleo__max_sharpe,0.0
2017-03-31,etfs_com_petroleo__max_sharpe,0.0
2017-04-30,etfs_com_petroleo__max_sharpe,0.0
2017-05-31,etfs_com_petroleo__max_sharpe,0.0
2017-06-30,etfs_com_petroleo__max_sharpe,0.0
2017-07-31,etfs_com_petroleo__max_sharpe,0.0
2017-08-31,etfs_com_petroleo__max_sharpe,0.0
2017-09-30,etfs_com_petroleo__max_sharpe,0.0
2017-10-31,etfs_com_petroleo__max_sharpe,0.0
2017-11-30,etfs_com_petroleo__max_sharpe,-0.00985310424558028
2017-12-31,etfs_com_petroleo__max_sharpe,0.0
2018-01-31,etfs_com_petroleo__max_sharpe,0.0
2018-02-28,etfs_com_petroleo__max_sharpe,-0.018273502087784887
2018-03-31,etfs_com_petroleo__max_sharpe,-0.005842549939456321
2018-04-30,etfs_com_petroleo__max_sharpe,0.0
2018-05-31,etfs_com_petroleo__max_sharpe,0.0
2018-06-30,etfs_com_petroleo__max_sharpe,0.0
2018-07-31,etfs_com_petroleo__max_sharpe,0.0
2018-08-31,etfs_com_petroleo__max_sharpe,0.0
2018-09-30,etfs_com_petroleo__max_sharpe,-0.021570110245730745
2018-10-31,etfs_com_petroleo__max_sharpe,-0.12553724003656486
2018-11-30,etfs_com_petroleo__max_sharpe,-0.08327548513027316
2018-12-31,etfs_com_petroleo__max_sharpe,-0.12228849209736892
2019-01-31,etfs_com_petroleo__max_sharpe,-0.0741092646191287
2019-02-28,etfs_com_petroleo__max_sharpe,-0.0555205696370733
2019-03-31,etfs_com_petroleo__max_sharpe,-0.01059310505469846
2019-04-30,etfs_com_petroleo__max_sharpe,0.0
2019-05-31,etfs_com_petroleo__max_sharpe,-0.033544986764975304
2019-06-30,etfs_com_petroleo__max_sharpe,0.0
2019-07-31,etfs_com_petroleo__max_sharpe,-0.0031636108790817907
2019-08-31,etfs_com_petroleo__max_sharpe,0.0
2019-09-30,etfs_com_petroleo__max_sharpe,0.0
2019-10-31,etfs_com_petroleo__max_sharpe,-0.010238251745590121
2019-11-30,etfs_com_petroleo__max_sharpe,0.0
2019-12-31,etfs_com_petroleo__max_sharpe,0.0
2020-01-31,etfs_com_petroleo__max_sharpe,0.0
2020-02-29,etfs_com_petroleo__max_sharpe,-0.02973128111878498
2020-03-31,etfs_com_petroleo__max_sharpe,-0.1397390946462601
2020-04-30,etfs_com_petroleo__max_sharpe,-0.03739799463952709
2020-05-31,etfs_com_petroleo__max_sharpe,0.0
2020-06-30,etfs_com_petroleo__max_sharpe,0.0
2020-07-31,etfs_com_petroleo__max_sharpe,0.0
2020-08-31,etfs_com_petroleo__max_sharpe,0.0
2020-09-30,etfs_com_petroleo__max_sharpe,-0.004587664247250101
2020-10-31,etfs_com_petroleo__max_sharpe,-0.00012651231307414523
2020-11-30,etfs_com_petroleo__max_sharpe,0.0
2020-12-31,etfs_com_petroleo__max_sharpe,0.0
2021-01-31,etfs_com_petroleo__max_sharpe,0.0
2021-02-28,etfs_com_petroleo__max_sharpe,0.0
2021-03-31,etfs_com_petroleo__max_sharpe,0.0
2021-04-30,etfs_com_petroleo__max_sharpe,-0.024706030856013195
2021-05-31,etfs_com_petroleo__max_sharpe,-0.017988935521326632
2021-06-30,etfs_com_petroleo__max_sharpe,-0.04669311049653657
2021-07-31,etfs_com_petroleo__max_sharpe,-0.037360681437662024
2021-08-31,etfs_com_petroleo__max_sharpe,0.0
2021-09-30,etfs_com_petroleo__max_sharpe,-0.012093777766715053
2021-10-31,etfs_com_petroleo__max_sharpe,0.0
2021-11-30,etfs_com_petroleo__max_sharpe,-0.03908377361911353
2021-12-31,etfs_com_petroleo__max_sharpe,-0.0017785280097180056
2022-01-31,etfs_com_petroleo__max_sharpe,-0.0343212098005764
2022-02-28,etfs_com_petroleo__max_sharpe,-0.073801959963539
2022-03-31,etfs_com_petroleo__max_sharpe,-0.09448917262149659
2022-04-30,etfs_com_petroleo__max_sharpe,-0.14913893556481295
2022-05-31,etfs_com_petroleo__max_sharpe,-0.16120702141282883
2022-06-30,etfs_com_petroleo__max_sharpe,-0.1972890109545622
2022-07-31,etfs_com_petroleo__max_sharpe,-0.1506464882519597
2022-08-31,etfs_com_petroleo__max_sharpe,-0.15842204419257944
2022-09-30,etfs_com_petroleo__max_sharpe,-0.19161553615142202
2022-10-31,etfs_com_petroleo__max_sharpe,-0.1641640619931105
2022-11-30,etfs_com_petroleo__max_sharpe,-0.10660418569843189
2022-12-31,etfs_com_petroleo__max_sharpe,-0.13211483985711225
2023-01-31,etfs_com_petroleo__max_sharpe,-0.08234277447387095
2023-02-28,etfs_com_petroleo__max_sharpe,-0.11313785843713453
2023-03-31,etfs_com_petroleo__max_sharpe,-0.10874138396180921
2023-04-30,etfs_com_petroleo__max_sharpe,-0.11776009542930177
2023-05-31,etfs_com_petroleo__max_sharpe,-0.0976382482734689
2023-06-30,etfs_com_petroleo__max_sharpe,-0.06317866706525854
2023-07-31,etfs_com_petroleo__max_sharpe,-0.046369394583747225
2023-08-31,etfs_com_petroleo__max_sharpe,-0.05701158381724725
2023-09-30,etfs_com_petroleo__max_sharpe,-0.0705518691938195
2023-10-31,etfs_com_petroleo__max_sharpe,-0.1060049059002719
2023-11-30,etfs_com_petroleo__max_sharpe,-0.024306375315570006
2023-12-31,etfs_com_petroleo__max_sharpe,0.0
2024-01-31,etfs_com_petroleo__max_sharpe,-0.0016141711302114503
2024-02-29,etfs_com_petroleo__max_sharpe,0.0
2024-03-31,etfs_com_petroleo__max_sharpe,0.0
2024-04-30,etfs_com_petroleo__max_sharpe,-0.0004597685044543942
2024-05-31,etfs_com_petroleo__max_sharpe,0.0
2024-06-30,etfs_com_petroleo__max_sharpe,0.0
2024-07-31,etfs_com_petroleo__max_sharpe,0.0
2024-08-31,etfs_com_petroleo__max_sharpe,0.0
2024-09-30,etfs_com_petroleo__max_sharpe,-0.018736321462391348
2024-10-31,etfs_com_petroleo__max_sharpe,0.0
2024-11-30,etfs_com_petroleo__max_sharpe,0.0
2024-12-31,etfs_com_petroleo__max_sharpe,-0.0036078104937714572
2025-01-31,etfs_com_petroleo__max_sharpe,-0.009734869810865576
2025-02-28,etfs_com_petroleo__max_sharpe,-0.025319006277782496
2025-03-31,etfs_com_petroleo__max_sharpe,-0.04036348761397002
2025-04-30,etfs_com_petroleo__max_sharpe,-0.04030270985181861
2025-05-31,etfs_com_petroleo__max_sharpe,0.0
2025-06-30,etfs_com_petroleo__max_sharpe,0.0
2025-07-31,etfs_com_petroleo__max_sharpe,0.0
2025-08-31,etfs_com_petroleo__max_sharpe,-6.92632542040883e-05
2025-09-30,etfs_com_petroleo__max_sharpe,0.0
2025-10-31,etfs_com_petroleo__max_sharpe,0.0
2025-11-30,etfs_com_petroleo__max_sharpe,0.0
2025-12-31,etfs_com_petroleo__max_sharpe,0.0
2026-01-31,etfs_com_petroleo__max_sharpe,0.0
2026-02-28,etfs_com_petroleo__max_sharpe,0.0
2026-03-31,etfs_com_petroleo__max_sharpe,-0.007163970493489713
2026-04-30,etfs_com_petroleo__max_sharpe,0.0
2015-02-28,etfs_todos__max_sharpe,0.0
2015-03-31,etfs_todos__max_sharpe,0.0
2015-04-30,etfs_todos__max_sharpe,-0.029213160290386453
2015-05-31,etfs_todos__max_sharpe,0.0
2015-06-30,etfs_todos__max_sharpe,-0.03651939701028262
2015-07-31,etfs_todos__max_sharpe,0.0
2015-08-31,etfs_todos__max_sharpe,-0.025030379881591514
2015-09-30,etfs_todos__max_sharpe,0.0
2015-10-31,etfs_todos__max_sharpe,0.0
2015-11-30,etfs_todos__max_sharpe,-0.017859983585592043
2015-12-31,etfs_todos__max_sharpe,-0.02278234182876626
2016-01-31,etfs_todos__max_sharpe,-0.05862337318963273
2016-02-29,etfs_todos__max_sharpe,-0.06497157443658375
2016-03-31,etfs_todos__max_sharpe,-0.05151025802953291
2016-04-30,etfs_todos__max_sharpe,-0.05825904303798579
2016-05-31,etfs_todos__max_sharpe,-0.051469298205408465
2016-06-30,etfs_todos__max_sharpe,-0.09408709921915948
2016-07-31,etfs_todos__max_sharpe,-0.026058662555996426
2016-08-31,etfs_todos__max_sharpe,-0.03500492768389596
2016-09-30,etfs_todos__max_sharpe,-0.009494325953319893
2016-10-31,etfs_todos__max_sharpe,-0.014180309400578683
2016-11-30,etfs_todos__max_sharpe,0.0
2016-12-31,etfs_todos__max_sharpe,-0.04656128075821364
2017-01-31,etfs_todos__max_sharpe,-0.019132264187840087
2017-02-28,etfs_todos__max_sharpe,0.0
2017-03-31,etfs_todos__max_sharpe,0.0
2017-04-30,etfs_todos__max_sharpe,0.0
2017-05-31,etfs_todos__max_sharpe,0.0
2017-06-30,etfs_todos__max_sharpe,0.0
2017-07-31,etfs_todos__max_sharpe,0.0
2017-08-31,etfs_todos__max_sharpe,0.0
2017-09-30,etfs_todos__max_sharpe,0.0
2017-10-31,etfs_todos__max_sharpe,0.0
2017-11-30,etfs_todos__max_sharpe,-0.010901224349766592
2017-12-31,etfs_todos__max_sharpe,0.0
2018-01-31,etfs_todos__max_sharpe,0.0
2018-02-28,etfs_todos__max_sharpe,-0.01819011696476225
2018-03-31,etfs_todos__max_sharpe,-0.008427227508553958
2018-04-30,etfs_todos__max_sharpe,0.0
2018-05-31,etfs_todos__max_sharpe,0.0
2018-06-30,etfs_todos__max_sharpe,0.0
2018-07-31,etfs_todos__max_sharpe,0.0
2018-08-31,etfs_todos__max_sharpe,0.0
2018-09-30,etfs_todos__max_sharpe,-0.023291801177098836
2018-10-31,etfs_todos__max_sharpe,-0.12586162323184613
2018-11-30,etfs_todos__max_sharpe,-0.07573957943087428
2018-12-31,etfs_todos__max_sharpe,-0.1141396118667688
2019-01-31,etfs_todos__max_sharpe,-0.06840592744711138
2019-02-28,etfs_todos__max_sharpe,-0.05066958720159087
2019-03-31,etfs_todos__max_sharpe,-0.0066034301046666855
2019-04-30,etfs_todos__max_sharpe,0.0
2019-05-31,etfs_todos__max_sharpe,-0.029726813769084814
2019-06-30,etfs_todos__max_sharpe,0.0
2019-07-31,etfs_todos__max_sharpe,-0.0031391163619206575
2019-08-31,etfs_todos__max_sharpe,0.0
2019-09-30,etfs_todos__max_sharpe,0.0
2019-10-31,etfs_todos__max_sharpe,-0.009160416486684309
2019-11-30,etfs_todos__max_sharpe,0.0
2019-12-31,etfs_todos__max_sharpe,0.0
2020-01-31,etfs_todos__max_sharpe,0.0
2020-02-29,etfs_todos__max_sharpe,-0.02768132217088015
2020-03-31,etfs_todos__max_sharpe,-0.12071458722455986
2020-04-30,etfs_todos__max_sharpe,0.0
2020-05-31,etfs_todos__max_sharpe,0.0
2020-06-30,etfs_todos__max_sharpe,0.0
2020-07-31,etfs_todos__max_sharpe,0.0
2020-08-31,etfs_todos__max_sharpe,0.0
2020-09-30,etfs_todos__max_sharpe,-0.002864279550173543
2020-10-31,etfs_todos__max_sharpe,0.0
2020-11-30,etfs_todos__max_sharpe,0.0
2020-12-31,etfs_todos__max_sharpe,0.0
2021-01-31,etfs_todos__max_sharpe,0.0
2021-02-28,etfs_todos__max_sharpe,0.0
2021-03-31,etfs_todos__max_sharpe,0.0
2021-04-30,etfs_todos__max_sharpe,-0.025551287151061697
2021-05-31,etfs_todos__max_sharpe,-0.020056082077853477
2021-06-30,etfs_todos__max_sharpe,-0.051584252904487204
2021-07-31,etfs_todos__max_sharpe,-0.04253111706832269
2021-08-31,etfs_todos__max_sharpe,-0.00025798804294718813
2021-09-30,etfs_todos__max_sharpe,-0.017526186906799412
2021-10-31,etfs_todos__max_sharpe,0.0
2021-11-30,etfs_todos__max_sharpe,-0.034084003913800176
2021-12-31,etfs_todos__max_sharpe,0.0
2022-01-31,etfs_todos__max_sharpe,-0.039420623404748945
2022-02-28,etfs_todos__max_sharpe,-0.08241004034489552
2022-03-31,etfs_todos__max_sharpe,-0.10534103269939532
2022-04-30,etfs_todos__max_sharpe,-0.16343362890468605
2022-05-31,etfs_todos__max_sharpe,-0.17832076363317706
2022-06-30,etfs_todos__max_sharpe,-0.21435586489049396
2022-07-31,etfs_todos__max_sharpe,-0.16586734038771922
2022-08-31,etfs_todos__max_sharpe,-0.17291462949353187
2022-09-30,etfs_todos__max_sharpe,-0.2051198324160074
2022-10-31,etfs_todos__max_sharpe,-0.17904089944969426
2022-11-30,etfs_todos__max_sharpe,-0.11948651423163081
2022-12-31,etfs_todos__max_sharpe,-0.14605483522064866
2023-01-31,etfs_todos__max_sharpe,-0.0944884715730202
2023-02-28,etfs_todos__max_sharpe,-0.1249685635568959
2023-03-31,etfs_todos__max_sharpe,-0.11923538278535839
2023-04-30,etfs_todos__max_sharpe,-0.12815627310474098
2023-05-31,etfs_todos__max_sharpe,-0.10534344079799218
2023-06-30,etfs_todos__max_sharpe,-0.07087438896018783
2023-07-31,etfs_todos__max_sharpe,-0.057995751334659285
2023-08-31,etfs_todos__max_sharpe,-0.07045441372406447
2023-09-30,etfs_todos__max_sharpe,-0.08797931158621386
2023-10-31,etfs_todos__max_sharpe,-0.12121227798199286
2023-11-30,etfs_todos__max_sharpe,-0.03612420590256982
2023-12-31,etfs_todos__max_sharpe,0.0
2024-01-31,etfs_todos__max_sharpe,-0.003889376697992719
2024-02-29,etfs_todos__max_sharpe,0.0
2024-03-31,etfs_todos__max_sharpe,0.0
2024-04-30,etfs_todos__max_sharpe,-0.001617603711957738
2024-05-31,etfs_todos__max_sharpe,0.0
2024-06-30,etfs_todos__max_sharpe,0.0
2024-07-31,etfs_todos__max_sharpe,0.0
2024-08-31,etfs_todos__max_sharpe,0.0
2024-09-30,etfs_todos__max_sharpe,-0.015878251131469567
2024-10-31,etfs_todos__max_sharpe,0.0
2024-11-30,etfs_todos__max_sharpe,0.0
2024-12-31,etfs_todos__max_sharpe,-0.006655515789614097
2025-01-31,etfs_todos__max_sharpe,-0.012808107549380221
2025-02-28,etfs_todos__max_sharpe,-0.027169568508664033
2025-03-31,etfs_todos__max_sharpe,-0.044445530799123834
2025-04-30,etfs_todos__max_sharpe,-0.038172349563378005
2025-05-31,etfs_todos__max_sharpe,0.0
2025-06-30,etfs_todos__max_sharpe,0.0
2025-07-31,etfs_todos__max_sharpe,0.0
2025-08-31,etfs_todos__max_sharpe,0.0
2025-09-30,etfs_todos__max_sharpe,0.0
2025-10-31,etfs_todos__max_sharpe,0.0
2025-11-30,etfs_todos__max_sharpe,0.0
2025-12-31,etfs_todos__max_sharpe,0.0
2026-01-31,etfs_todos__max_sharpe,0.0
2026-02-28,etfs_todos__max_sharpe,0.0
2026-03-31,etfs_todos__max_sharpe,-0.03003734433047267
2026-04-30,etfs_todos__max_sharpe,-0.008386550382308178
2015-02-28,etfs_com_ouro_petroleo__min_vol,0.0
2015-03-31,etfs_com_ouro_petroleo__min_vol,0.0
2015-04-30,etfs_com_ouro_petroleo__min_vol,-0.01595258116463505
2015-05-31,etfs_com_ouro_petroleo__min_vol,0.0
2015-06-30,etfs_com_ouro_petroleo__min_vol,-0.03373906458433096
2015-07-31,etfs_com_ouro_petroleo__min_vol,-0.00954363905214417
2015-08-31,etfs_com_ouro_petroleo__min_vol,-0.024678126506896825
2015-09-30,etfs_com_ouro_petroleo__min_vol,0.0
2015-10-31,etfs_com_ouro_petroleo__min_vol,0.0
2015-11-30,etfs_com_ouro_petroleo__min_vol,-0.029692957190328828
2015-12-31,etfs_com_ouro_petroleo__min_vol,-0.03932360267568347
2016-01-31,etfs_com_ouro_petroleo__min_vol,-0.0714482864470164
2016-02-29,etfs_com_ouro_petroleo__min_vol,-0.08303911211669635
2016-03-31,etfs_com_ouro_petroleo__min_vol,-0.07469046903828713
2016-04-30,etfs_com_ouro_petroleo__min_vol,-0.0649098736854693
2016-05-31,etfs_com_ouro_petroleo__min_vol,-0.06593942799446995
2016-06-30,etfs_com_ouro_petroleo__min_vol,-0.10934430564792297
2016-07-31,etfs_com_ouro_petroleo__min_vol,-0.056573321741320126
2016-08-31,etfs_com_ouro_petroleo__min_vol,-0.06332867739109149
2016-09-30,etfs_com_ouro_petroleo__min_vol,-0.03925441106742966
2016-10-31,etfs_com_ouro_petroleo__min_vol,-0.047339193720490225
2016-11-30,etfs_com_ouro_petroleo__min_vol,-0.01789866032890164
2016-12-31,etfs_com_ouro_petroleo__min_vol,-0.06724674483126136
2017-01-31,etfs_com_ouro_petroleo__min_vol,-0.04816265632590522
2017-02-28,etfs_com_ouro_petroleo__min_vol,-0.028868802359413692
2017-03-31,etfs_com_ouro_petroleo__min_vol,-0.009700415692034281
2017-04-30,etfs_com_ouro_petroleo__min_vol,0.0
2017-05-31,etfs_com_ouro_petroleo__min_vol,0.0
2017-06-30,etfs_com_ouro_petroleo__min_vol,0.0
2017-07-31,etfs_com_ouro_petroleo__min_vol,0.0
2017-08-31,etfs_com_ouro_petroleo__min_vol,0.0
2017-09-30,etfs_com_ouro_petroleo__min_vol,0.0
2017-10-31,etfs_com_ouro_petroleo__min_vol,0.0
2017-11-30,etfs_com_ouro_petroleo__min_vol,-0.006913687414837999
2017-12-31,etfs_com_ouro_petroleo__min_vol,0.0
2018-01-31,etfs_com_ouro_petroleo__min_vol,0.0
2018-02-28,etfs_com_ouro_petroleo__min_vol,-0.01864085173788177
2018-03-31,etfs_com_ouro_petroleo__min_vol,-0.00035422588206601713
2018-04-30,etfs_com_ouro_petroleo__min_vol,0.0
2018-05-31,etfs_com_ouro_petroleo__min_vol,0.0
2018-06-30,etfs_com_ouro_petroleo__min_vol,0.0
2018-07-31,etfs_com_ouro_petroleo__min_vol,-0.0013389272092517723
2018-08-31,etfs_com_ouro_petroleo__min_vol,0.0
2018-09-30,etfs_com_ouro_petroleo__min_vol,-0.019054839483019448
2018-10-31,etfs_com_ouro_petroleo__min_vol,-0.11701262727704131
2018-11-30,etfs_com_ouro_petroleo__min_vol,-0.0769277020437823
2018-12-31,etfs_com_ouro_petroleo__min_vol,-0.10220535818214804
2019-01-31,etfs_com_ouro_petroleo__min_vol,-0.06045790588377309
2019-02-28,etfs_com_ouro_petroleo__min_vol,-0.04178796989717226
2019-03-31,etfs_com_ouro_petroleo__min_vol,-0.0011410149884746312
2019-04-30,etfs_com_ouro_petroleo__min_vol,0.0
2019-05-31,etfs_com_ouro_petroleo__min_vol,-0.0371207109405749
2019-06-30,etfs_com_ouro_petroleo__min_vol,-0.009208319584794622
2019-07-31,etfs_com_ouro_petroleo__min_vol,-0.020922013834564268
2019-08-31,etfs_com_ouro_petroleo__min_vol,0.0
2019-09-30,etfs_com_ouro_petroleo__min_vol,0.0
2019-10-31,etfs_com_ouro_petroleo__min_vol,-0.008757816622726122
2019-11-30,etfs_com_ouro_petroleo__min_vol,0.0
2019-12-31,etfs_com_ouro_petroleo__min_vol,0.0
2020-01-31,etfs_com_ouro_petroleo__min_vol,0.0
2020-02-29,etfs_com_ouro_petroleo__min_vol,-0.023494466629822797
2020-03-31,etfs_com_ouro_petroleo__min_vol,-0.12474981269870622
2020-04-30,etfs_com_ouro_petroleo__min_vol,-0.05248515544515564
2020-05-31,etfs_com_ouro_petroleo__min_vol,0.0
2020-06-30,etfs_com_ouro_petroleo__min_vol,0.0
2020-07-31,etfs_com_ouro_petroleo__min_vol,0.0
2020-08-31,etfs_com_ouro_petroleo__min_vol,0.0
2020-09-30,etfs_com_ouro_petroleo__min_vol,-0.00013764150251116547
2020-10-31,etfs_com_ouro_petroleo__min_vol,-0.0003494763278742985
2020-11-30,etfs_com_ouro_petroleo__min_vol,0.0
2020-12-31,etfs_com_ouro_petroleo__min_vol,0.0
2021-01-31,etfs_com_ouro_petroleo__min_vol,0.0
2021-02-28,etfs_com_ouro_petroleo__min_vol,0.0
2021-03-31,etfs_com_ouro_petroleo__min_vol,0.0
2021-04-30,etfs_com_ouro_petroleo__min_vol,-0.03514483254689038
2021-05-31,etfs_com_ouro_petroleo__min_vol,-0.014980982827703215
2021-06-30,etfs_com_ouro_petroleo__min_vol,-0.06006627293554734
2021-07-31,etfs_com_ouro_petroleo__min_vol,-0.05513623590070127
2021-08-31,etfs_com_ouro_petroleo__min_vol,-0.03707147807892619
2021-09-30,etfs_com_ouro_petroleo__min_vol,-0.03404215725488269
2021-10-31,etfs_com_ouro_petroleo__min_vol,-1.4327031825134284e-05
2021-11-30,etfs_com_ouro_petroleo__min_vol,-0.046096093359845325
2021-12-31,etfs_com_ouro_petroleo__min_vol,-0.013837079194423452
2022-01-31,etfs_com_ouro_petroleo__min_vol,-0.029493459855321702
2022-02-28,etfs_com_ouro_petroleo__min_vol,-0.06241692186447867
2022-03-31,etfs_com_ouro_petroleo__min_vol,-0.0905162852535506
2022-04-30,etfs_com_ouro_petroleo__min_vol,-0.12592912306256887
2022-05-31,etfs_com_ouro_petroleo__min_vol,-0.13113447909848797
2022-06-30,etfs_com_ouro_petroleo__min_vol,-0.1435894864502607
2022-07-31,etfs_com_ouro_petroleo__min_vol,-0.11858210569661032
2022-08-31,etfs_com_ouro_petroleo__min_vol,-0.1348872428111707
2022-09-30,etfs_com_ouro_petroleo__min_vol,-0.16461181603868047
2022-10-31,etfs_com_ouro_petroleo__min_vol,-0.15043271838553784
2022-11-30,etfs_com_ouro_petroleo__min_vol,-0.08462120406793316
2022-12-31,etfs_com_ouro_petroleo__min_vol,-0.09268689149863452
2023-01-31,etfs_com_ouro_petroleo__min_vol,-0.05914109858044925
2023-02-28,etfs_com_ouro_petroleo__min_vol,-0.1005648991405923
2023-03-31,etfs_com_ouro_petroleo__min_vol,-0.09651051620602169
2023-04-30,etfs_com_ouro_petroleo__min_vol,-0.1016540568596146
2023-05-31,etfs_com_ouro_petroleo__min_vol,-0.10326828544654998
2023-06-30,etfs_com_ouro_petroleo__min_vol,-0.08355010760998616
2023-07-31,etfs_com_ouro_petroleo__min_vol,-0.06353856378370337
2023-08-31,etfs_com_ouro_petroleo__min_vol,-0.08010954799385406
2023-09-30,etfs_com_ouro_petroleo__min_vol,-0.08283822835596466
2023-10-31,etfs_com_ouro_petroleo__min_vol,-0.10782214822324465
2023-11-30,etfs_com_ouro_petroleo__min_vol,-0.06345965941956944
2023-12-31,etfs_com_ouro_petroleo__min_vol,-0.03364120867576559
2024-01-31,etfs_com_ouro_petroleo__min_vol,-0.04272261740335226
2024-02-29,etfs_com_ouro_petroleo__min_vol,-0.017447412385349192
2024-03-31,etfs_com_ouro_petroleo__min_vol,0.0
2024-04-30,etfs_com_ouro_petroleo__min_vol,0.0
2024-05-31,etfs_com_ouro_petroleo__min_vol,0.0
2024-06-30,etfs_com_ouro_petroleo__min_vol,0.0
2024-07-31,etfs_com_ouro_petroleo__min_vol,0.0
2024-08-31,etfs_com_ouro_petroleo__min_vol,0.0
2024-09-30,etfs_com_ouro_petroleo__min_vol,-0.009691082241826465
2024-10-31,etfs_com_ouro_petroleo__min_vol,0.0
2024-11-30,etfs_com_ouro_petroleo__min_vol,0.0
2024-12-31,etfs_com_ouro_petroleo__min_vol,-0.00681977588453464
2025-01-31,etfs_com_ouro_petroleo__min_vol,-0.009709534566835432
2025-02-28,etfs_com_ouro_petroleo__min_vol,-0.010530529706016756
2025-03-31,etfs_com_ouro_petroleo__min_vol,0.0
2025-04-30,etfs_com_ouro_petroleo__min_vol,-0.0013498280231812876
2025-05-31,etfs_com_ouro_petroleo__min_vol,0.0
2025-06-30,etfs_com_ouro_petroleo__min_vol,0.0
2025-07-31,etfs_com_ouro_petroleo__min_vol,0.0
2025-08-31,etfs_com_ouro_petroleo__min_vol,0.0
2025-09-30,etfs_com_ouro_petroleo__min_vol,0.0
2025-10-31,etfs_com_ouro_petroleo__min_vol,0.0
2025-11-30,etfs_com_ouro_petroleo__min_vol,0.0
2025-12-31,etfs_com_ouro_petroleo__min_vol,0.0
2026-01-31,etfs_com_ouro_petroleo__min_vol,0.0
2026-02-28,etfs_com_ouro_petroleo__min_vol,0.0
2026-03-31,etfs_com_ouro_petroleo__min_vol,-0.003200451531006121
2026-04-30,etfs_com_ouro_petroleo__min_vol,-0.0006695711044369945
2015-02-28,etfs_com_ouro__min_vol,0.0
2015-03-31,etfs_com_ouro__min_vol,0.0
2015-04-30,etfs_com_ouro__min_vol,-0.02621105034959148
2015-05-31,etfs_com_ouro__min_vol,0.0
2015-06-30,etfs_com_ouro__min_vol,-0.03440017006522267
2015-07-31,etfs_com_ouro__min_vol,0.0
2015-08-31,etfs_com_ouro__min_vol,-0.022716747508428337
2015-09-30,etfs_com_ouro__min_vol,0.0
2015-10-31,etfs_com_ouro__min_vol,0.0
2015-11-30,etfs_com_ouro__min_vol,-0.02169502680298563
2015-12-31,etfs_com_ouro__min_vol,-0.024057441618219322
2016-01-31,etfs_com_ouro__min_vol,-0.05194063714371844
2016-02-29,etfs_com_ouro__min_vol,-0.0611625518079878
2016-03-31,etfs_com_ouro__min_vol,-0.053672265730457136
2016-04-30,etfs_com_ouro__min_vol,-0.052126410213577445
2016-05-31,etfs_com_ouro__min_vol,-0.05739015838831141
2016-06-30,etfs_com_ouro__min_vol,-0.10089225810185365
2016-07-31,etfs_com_ouro__min_vol,-0.037115709035845934
2016-08-31,etfs_com_ouro__min_vol,-0.04694699663889068
2016-09-30,etfs_com_ouro__min_vol,-0.02621246389810372
2016-10-31,etfs_com_ouro__min_vol,-0.034957244494795536
2016-11-30,etfs_com_ouro__min_vol,-0.008622962643919485
2016-12-31,etfs_com_ouro__min_vol,-0.06128970519423327
2017-01-31,etfs_com_ouro__min_vol,-0.03849528230219046
2017-02-28,etfs_com_ouro__min_vol,-0.018601234851215454
2017-03-31,etfs_com_ouro__min_vol,0.0
2017-04-30,etfs_com_ouro__min_vol,0.0
2017-05-31,etfs_com_ouro__min_vol,0.0
2017-06-30,etfs_com_ouro__min_vol,0.0
2017-07-31,etfs_com_ouro__min_vol,0.0
2017-08-31,etfs_com_ouro__min_vol,0.0
2017-09-30,etfs_com_ouro__min_vol,0.0
2017-10-31,etfs_com_ouro__min_vol,0.0
2017-11-30,etfs_com_ouro__min_vol,-0.00926724459285766
2017-12-31,etfs_com_ouro__min_vol,0.0
2018-01-31,etfs_com_ouro__min_vol,0.0
2018-02-28,etfs_com_ouro__min_vol,-0.01986453822354417
2018-03-31,etfs_com_ouro__min_vol,-0.005241785437858026
2018-04-30,etfs_com_ouro__min_vol,0.0
2018-05-31,etfs_com_ouro__min_vol,0.0
2018-06-30,etfs_com_ouro__min_vol,0.0
2018-07-31,etfs_com_ouro__min_vol,0.0
2018-08-31,etfs_com_ouro__min_vol,0.0
2018-09-30,etfs_com_ouro__min_vol,-0.02192271340587526
2018-10-31,etfs_com_ouro__min_vol,-0.11799881511183663
2018-11-30,etfs_com_ouro__min_vol,-0.0649061232034095
2018-12-31,etfs_com_ouro__min_vol,-0.08647292912109272
2019-01-31,etfs_com_ouro__min_vol,-0.050105324615740465
2019-02-28,etfs_com_ouro__min_vol,-0.03271533530809767
2019-03-31,etfs_com_ouro__min_vol,0.0
2019-04-30,etfs_com_ouro__min_vol,0.0
2019-05-31,etfs_com_ouro__min_vol,-0.02984131785123212
2019-06-30,etfs_com_ouro__min_vol,-0.00435581259070128
2019-07-31,etfs_com_ouro__min_vol,-0.01759084130154276
2019-08-31,etfs_com_ouro__min_vol,0.0
2019-09-30,etfs_com_ouro__min_vol,0.0
2019-10-31,etfs_com_ouro__min_vol,-0.005543114752737277
2019-11-30,etfs_com_ouro__min_vol,0.0
2019-12-31,etfs_com_ouro__min_vol,0.0
2020-01-31,etfs_com_ouro__min_vol,0.0
2020-02-29,etfs_com_ouro__min_vol,-0.020928416768458358
2020-03-31,etfs_com_ouro__min_vol,-0.0946965045336382
2020-04-30,etfs_com_ouro__min_vol,0.0
2020-05-31,etfs_com_ouro__min_vol,0.0
2020-06-30,etfs_com_ouro__min_vol,0.0
2020-07-31,etfs_com_ouro__min_vol,0.0
2020-08-31,etfs_com_ouro__min_vol,0.0
2020-09-30,etfs_com_ouro__min_vol,0.0
2020-10-31,etfs_com_ouro__min_vol,0.0
2020-11-30,etfs_com_ouro__min_vol,0.0
2020-12-31,etfs_com_ouro__min_vol,0.0
2021-01-31,etfs_com_ouro__min_vol,0.0
2021-02-28,etfs_com_ouro__min_vol,0.0
2021-03-31,etfs_com_ouro__min_vol,0.0
2021-04-30,etfs_com_ouro__min_vol,-0.036273336703257386
2021-05-31,etfs_com_ouro__min_vol,-0.016138348273669667
2021-06-30,etfs_com_ouro__min_vol,-0.06815539602611997
2021-07-31,etfs_com_ouro__min_vol,-0.06347137710961381
2021-08-31,etfs_com_ouro__min_vol,-0.041491017991403645
2021-09-30,etfs_com_ouro__min_vol,-0.04672092899694469
2021-10-31,etfs_com_ouro__min_vol,-0.0157650351025862
2021-11-30,etfs_com_ouro__min_vol,-0.05395454444842718
2021-12-31,etfs_com_ouro__min_vol,-0.025380411874915576
2022-01-31,etfs_com_ouro__min_vol,-0.05086292491767086
2022-02-28,etfs_com_ouro__min_vol,-0.08850895977202078
2022-03-31,etfs_com_ouro__min_vol,-0.12089612045253917
2022-04-30,etfs_com_ouro__min_vol,-0.16059580624042324
2022-05-31,etfs_com_ouro__min_vol,-0.17084462374784182
2022-06-30,etfs_com_ouro__min_vol,-0.18334621767385817
2022-07-31,etfs_com_ouro__min_vol,-0.15654419408932618
2022-08-31,etfs_com_ouro__min_vol,-0.17257253291871277
2022-09-30,etfs_com_ouro__min_vol,-0.19906741801984618
2022-10-31,etfs_com_ouro__min_vol,-0.18632301925229078
2022-11-30,etfs_com_ouro__min_vol,-0.11587916052220237
2022-12-31,etfs_com_ouro__min_vol,-0.12516549860426252
2023-01-31,etfs_com_ouro__min_vol,-0.08769557798931837
2023-02-28,etfs_com_ouro__min_vol,-0.1264731172873964
2023-03-31,etfs_com_ouro__min_vol,-0.12148474347915772
2023-04-30,etfs_com_ouro__min_vol,-0.12457699605311379
2023-05-31,etfs_com_ouro__min_vol,-0.12318162129968024
2023-06-30,etfs_com_ouro__min_vol,-0.10465823292736176
2023-07-31,etfs_com_ouro__min_vol,-0.0923900940497796
2023-08-31,etfs_com_ouro__min_vol,-0.11244010353958034
2023-09-30,etfs_com_ouro__min_vol,-0.12103842096135897
2023-10-31,etfs_com_ouro__min_vol,-0.14267379882432207
2023-11-30,etfs_com_ouro__min_vol,-0.09215148466299872
2023-12-31,etfs_com_ouro__min_vol,-0.057062586074341004
2024-01-31,etfs_com_ouro__min_vol,-0.07084610646028866
2024-02-29,etfs_com_ouro__min_vol,-0.048024649265775876
2024-03-31,etfs_com_ouro__min_vol,-0.017201919335778637
2024-04-30,etfs_com_ouro__min_vol,-0.012287007451242227
2024-05-31,etfs_com_ouro__min_vol,0.0
2024-06-30,etfs_com_ouro__min_vol,0.0
2024-07-31,etfs_com_ouro__min_vol,0.0
2024-08-31,etfs_com_ouro__min_vol,0.0
2024-09-30,etfs_com_ouro__min_vol,-0.005425733894032336
2024-10-31,etfs_com_ouro__min_vol,0.0
2024-11-30,etfs_com_ouro__min_vol,0.0
2024-12-31,etfs_com_ouro__min_vol,-0.013189931634825514
2025-01-31,etfs_com_ouro__min_vol,-0.015504015081222677
2025-02-28,etfs_com_ouro__min_vol,-0.011633890861396101
2025-03-31,etfs_com_ouro__min_vol,-0.000805960729393318
2025-04-30,etfs_com_ouro__min_vol,0.0
2025-05-31,etfs_com_ouro__min_vol,0.0
2025-06-30,etfs_com_ouro__min_vol,0.0
2025-07-31,etfs_com_ouro__min_vol,0.0
2025-08-31,etfs_com_ouro__min_vol,0.0
2025-09-30,etfs_com_ouro__min_vol,0.0
2025-10-31,etfs_com_ouro__min_vol,0.0
2025-11-30,etfs_com_ouro__min_vol,0.0
2025-12-31,etfs_com_ouro__min_vol,0.0
2026-01-31,etfs_com_ouro__min_vol,0.0
2026-02-28,etfs_com_ouro__min_vol,0.0
2026-03-31,etfs_com_ouro__min_vol,-0.04636911762692253
2026-04-30,etfs_com_ouro__min_vol,-0.03879209260277661
2015-02-28,etfs_com_btc_petroleo__min_vol,0.0
2015-03-31,etfs_com_btc_petroleo__min_vol,0.0
2015-04-30,etfs_com_btc_petroleo__min_vol,-0.011015837672814333
2015-05-31,etfs_com_btc_petroleo__min_vol,0.0
2015-06-30,etfs_com_btc_petroleo__min_vol,-0.03291838139751824
2015-07-31,etfs_com_btc_petroleo__min_vol,-0.0005533970955398093
2015-08-31,etfs_com_btc_petroleo__min_vol,-0.03183199887815824
2015-09-30,etfs_com_btc_petroleo__min_vol,0.0
2015-10-31,etfs_com_btc_petroleo__min_vol,0.0
2015-11-30,etfs_com_btc_petroleo__min_vol,-0.019847949339823145
2015-12-31,etfs_com_btc_petroleo__min_vol,-0.02852335552242513
2016-01-31,etfs_com_btc_petroleo__min_vol,-0.0737124929037769
2016-02-29,etfs_com_btc_petroleo__min_vol,-0.0932844340390403
2016-03-31,etfs_com_btc_petroleo__min_vol,-0.08025011230341639
2016-04-30,etfs_com_btc_petroleo__min_vol,-0.07252858330336631
2016-05-31,etfs_com_btc_petroleo__min_vol,-0.06566411492974267
2016-06-30,etfs_com_btc_petroleo__min_vol,-0.11241091986681151
2016-07-31,etfs_com_btc_petroleo__min_vol,-0.06010284277791422
2016-08-31,etfs_com_btc_petroleo__min_vol,-0.0642233633165119
2016-09-30,etfs_com_btc_petroleo__min_vol,-0.038857225683627594
2016-10-31,etfs_com_btc_petroleo__min_vol,-0.04404844843566669
2016-11-30,etfs_com_btc_petroleo__min_vol,-0.005497839174614216
2016-12-31,etfs_com_btc_petroleo__min_vol,-0.047869846373410185
2017-01-31,etfs_com_btc_petroleo__min_vol,-0.029876158824559296
2017-02-28,etfs_com_btc_petroleo__min_vol,-0.007430692295508967
2017-03-31,etfs_com_btc_petroleo__min_vol,0.0
2017-04-30,etfs_com_btc_petroleo__min_vol,0.0
2017-05-31,etfs_com_btc_petroleo__min_vol,0.0
2017-06-30,etfs_com_btc_petroleo__min_vol,0.0
2017-07-31,etfs_com_btc_petroleo__min_vol,0.0
2017-08-31,etfs_com_btc_petroleo__min_vol,0.0
2017-09-30,etfs_com_btc_petroleo__min_vol,0.0
2017-10-31,etfs_com_btc_petroleo__min_vol,0.0
2017-11-30,etfs_com_btc_petroleo__min_vol,0.0
2017-12-31,etfs_com_btc_petroleo__min_vol,0.0
2018-01-31,etfs_com_btc_petroleo__min_vol,0.0
2018-02-28,etfs_com_btc_petroleo__min_vol,-0.021633094821805088
2018-03-31,etfs_com_btc_petroleo__min_vol,-0.011114855103185772
2018-04-30,etfs_com_btc_petroleo__min_vol,0.0
2018-05-31,etfs_com_btc_petroleo__min_vol,0.0
2018-06-30,etfs_com_btc_petroleo__min_vol,0.0
2018-07-31,etfs_com_btc_petroleo__min_vol,0.0
2018-08-31,etfs_com_btc_petroleo__min_vol,0.0
2018-09-30,etfs_com_btc_petroleo__min_vol,-0.01907185021054625
2018-10-31,etfs_com_btc_petroleo__min_vol,-0.12539269159223954
2018-11-30,etfs_com_btc_petroleo__min_vol,-0.09015671090139488
2018-12-31,etfs_com_btc_petroleo__min_vol,-0.12418470181360353
2019-01-31,etfs_com_btc_petroleo__min_vol,-0.08157780888551058
2019-02-28,etfs_com_btc_petroleo__min_vol,-0.05889736109466859
2019-03-31,etfs_com_btc_petroleo__min_vol,-0.01530423267465908
2019-04-30,etfs_com_btc_petroleo__min_vol,0.0
2019-05-31,etfs_com_btc_petroleo__min_vol,-0.032545801968052124
2019-06-30,etfs_com_btc_petroleo__min_vol,-0.0030046363512727936
2019-07-31,etfs_com_btc_petroleo__min_vol,-0.018282215523610645
2019-08-31,etfs_com_btc_petroleo__min_vol,0.0
2019-09-30,etfs_com_btc_petroleo__min_vol,0.0
2019-10-31,etfs_com_btc_petroleo__min_vol,-0.006597574215401525
2019-11-30,etfs_com_btc_petroleo__min_vol,0.0
2019-12-31,etfs_com_btc_petroleo__min_vol,0.0
2020-01-31,etfs_com_btc_petroleo__min_vol,0.0
2020-02-29,etfs_com_btc_petroleo__min_vol,-0.02992290602046832
2020-03-31,etfs_com_btc_petroleo__min_vol,-0.14776741207393762
2020-04-30,etfs_com_btc_petroleo__min_vol,-0.07071117740434107
2020-05-31,etfs_com_btc_petroleo__min_vol,-0.004595434385300301
2020-06-30,etfs_com_btc_petroleo__min_vol,0.0
2020-07-31,etfs_com_btc_petroleo__min_vol,0.0
2020-08-31,etfs_com_btc_petroleo__min_vol,0.0
2020-09-30,etfs_com_btc_petroleo__min_vol,-0.0001813323566721703
2020-10-31,etfs_com_btc_petroleo__min_vol,0.0
2020-11-30,etfs_com_btc_petroleo__min_vol,0.0
2020-12-31,etfs_com_btc_petroleo__min_vol,0.0
2021-01-31,etfs_com_btc_petroleo__min_vol,0.0
2021-02-28,etfs_com_btc_petroleo__min_vol,0.0
2021-03-31,etfs_com_btc_petroleo__min_vol,0.0
2021-04-30,etfs_com_btc_petroleo__min_vol,-0.03734041812457489
2021-05-31,etfs_com_btc_petroleo__min_vol,-0.029693336858602093
2021-06-30,etfs_com_btc_petroleo__min_vol,-0.06986067622680292
2021-07-31,etfs_com_btc_petroleo__min_vol,-0.06668154581790475
2021-08-31,etfs_com_btc_petroleo__min_vol,-0.045425910684617765
2021-09-30,etfs_com_btc_petroleo__min_vol,-0.044123432732241286
2021-10-31,etfs_com_btc_petroleo__min_vol,-0.0017787406726375021
2021-11-30,etfs_com_btc_petroleo__min_vol,-0.051363924208037925
2021-12-31,etfs_com_btc_petroleo__min_vol,-0.024152893165490075
2022-01-31,etfs_com_btc_petroleo__min_vol,-0.04021447338657769
2022-02-28,etfs_com_btc_petroleo__min_vol,-0.07859847934773878
2022-03-31,etfs_com_btc_petroleo__min_vol,-0.10773712544520042
2022-04-30,etfs_com_btc_petroleo__min_vol,-0.14778993783679562
2022-05-31,etfs_com_btc_petroleo__min_vol,-0.15071695722120937
2022-06-30,etfs_com_btc_petroleo__min_vol,-0.17195412311989733
2022-07-31,etfs_com_btc_petroleo__min_vol,-0.1423309656661612
2022-08-31,etfs_com_btc_petroleo__min_vol,-0.1606888222863614
2022-09-30,etfs_com_btc_petroleo__min_vol,-0.19516602155623852
2022-10-31,etfs_com_btc_petroleo__min_vol,-0.17912632495814906
2022-11-30,etfs_com_btc_petroleo__min_vol,-0.11322281936153089
2022-12-31,etfs_com_btc_petroleo__min_vol,-0.12435756182753877
2023-01-31,etfs_com_btc_petroleo__min_vol,-0.0843533069291379
2023-02-28,etfs_com_btc_petroleo__min_vol,-0.12243377084105822
2023-03-31,etfs_com_btc_petroleo__min_vol,-0.120378060286507
2023-04-30,etfs_com_btc_petroleo__min_vol,-0.12400098667831805
2023-05-31,etfs_com_btc_petroleo__min_vol,-0.12980202749537406
2023-06-30,etfs_com_btc_petroleo__min_vol,-0.10419409840635196
2023-07-31,etfs_com_btc_petroleo__min_vol,-0.08432764327132125
2023-08-31,etfs_com_btc_petroleo__min_vol,-0.1062742626720159
2023-09-30,etfs_com_btc_petroleo__min_vol,-0.10601705942610407
2023-10-31,etfs_com_btc_petroleo__min_vol,-0.1343723183080089
2023-11-30,etfs_com_btc_petroleo__min_vol,-0.08761679559845215
2023-12-31,etfs_com_btc_petroleo__min_vol,-0.05486661024859241
2024-01-31,etfs_com_btc_petroleo__min_vol,-0.06632288504745676
2024-02-29,etfs_com_btc_petroleo__min_vol,-0.03200363972753628
2024-03-31,etfs_com_btc_petroleo__min_vol,-0.001620378444237014
2024-04-30,etfs_com_btc_petroleo__min_vol,-0.0011808812005137392
2024-05-31,etfs_com_btc_petroleo__min_vol,0.0
2024-06-30,etfs_com_btc_petroleo__min_vol,0.0
2024-07-31,etfs_com_btc_petroleo__min_vol,0.0
2024-08-31,etfs_com_btc_petroleo__min_vol,0.0
2024-09-30,etfs_com_btc_petroleo__min_vol,-0.008517000695196564
2024-10-31,etfs_com_btc_petroleo__min_vol,0.0
2024-11-30,etfs_com_btc_petroleo__min_vol,0.0
2024-12-31,etfs_com_btc_petroleo__min_vol,-0.008271765965426447
2025-01-31,etfs_com_btc_petroleo__min_vol,-0.012243502877738233
2025-02-28,etfs_com_btc_petroleo__min_vol,-0.013617564967346674
2025-03-31,etfs_com_btc_petroleo__min_vol,-0.009638794929310746
2025-04-30,etfs_com_btc_petroleo__min_vol,-0.01218704590738573
2025-05-31,etfs_com_btc_petroleo__min_vol,0.0
2025-06-30,etfs_com_btc_petroleo__min_vol,0.0
2025-07-31,etfs_com_btc_petroleo__min_vol,0.0
2025-08-31,etfs_com_btc_petroleo__min_vol,0.0
2025-09-30,etfs_com_btc_petroleo__min_vol,0.0
2025-10-31,etfs_com_btc_petroleo__min_vol,0.0
2025-11-30,etfs_com_btc_petroleo__min_vol,0.0
2025-12-31,etfs_com_btc_petroleo__min_vol,0.0
2026-01-31,etfs_com_btc_petroleo__min_vol,0.0
2026-02-28,etfs_com_btc_petroleo__min_vol,0.0
2026-03-31,etfs_com_btc_petroleo__min_vol,-0.00044995973673223055
2026-04-30,etfs_com_btc_petroleo__min_vol,0.0
2015-02-28,etfs_com_btc__min_vol,0.0
2015-03-31,etfs_com_btc__min_vol,0.0
2015-04-30,etfs_com_btc__min_vol,-0.02075695645261122
2015-05-31,etfs_com_btc__min_vol,0.0
2015-06-30,etfs_com_btc__min_vol,-0.03264017875855507
2015-07-31,etfs_com_btc__min_vol,0.0
2015-08-31,etfs_com_btc__min_vol,-0.0388543481103516
2015-09-30,etfs_com_btc__min_vol,0.0
2015-10-31,etfs_com_btc__min_vol,0.0
2015-11-30,etfs_com_btc__min_vol,-0.012447124620392769
2015-12-31,etfs_com_btc__min_vol,-0.014615943904532802
2016-01-31,etfs_com_btc__min_vol,-0.05647747646733825
2016-02-29,etfs_com_btc__min_vol,-0.07319917946812005
2016-03-31,etfs_com_btc__min_vol,-0.057962115992109764
2016-04-30,etfs_com_btc__min_vol,-0.05939710586790914
2016-05-31,etfs_com_btc__min_vol,-0.05765462578765612
2016-06-30,etfs_com_btc__min_vol,-0.10218220262813071
2016-07-31,etfs_com_btc__min_vol,-0.03892609631025867
2016-08-31,etfs_com_btc__min_vol,-0.04529410750263785
2016-09-30,etfs_com_btc__min_vol,-0.022600660618534163
2016-10-31,etfs_com_btc__min_vol,-0.026253898503078354
2016-11-30,etfs_com_btc__min_vol,0.0
2016-12-31,etfs_com_btc__min_vol,-0.04689920452159868
2017-01-31,etfs_com_btc__min_vol,-0.0241604444926512
2017-02-28,etfs_com_btc__min_vol,-0.0010238957119922398
2017-03-31,etfs_com_btc__min_vol,0.0
2017-04-30,etfs_com_btc__min_vol,0.0
2017-05-31,etfs_com_btc__min_vol,0.0
2017-06-30,etfs_com_btc__min_vol,0.0
2017-07-31,etfs_com_btc__min_vol,0.0
2017-08-31,etfs_com_btc__min_vol,0.0
2017-09-30,etfs_com_btc__min_vol,0.0
2017-10-31,etfs_com_btc__min_vol,0.0
2017-11-30,etfs_com_btc__min_vol,0.0
2017-12-31,etfs_com_btc__min_vol,0.0
2018-01-31,etfs_com_btc__min_vol,0.0
2018-02-28,etfs_com_btc__min_vol,-0.022498076931494526
2018-03-31,etfs_com_btc__min_vol,-0.01444694930983581
2018-04-30,etfs_com_btc__min_vol,0.0
2018-05-31,etfs_com_btc__min_vol,0.0
2018-06-30,etfs_com_btc__min_vol,-0.0005115258582493176
2018-07-31,etfs_com_btc__min_vol,0.0
2018-08-31,etfs_com_btc__min_vol,0.0
2018-09-30,etfs_com_btc__min_vol,-0.022979549505327324
2018-10-31,etfs_com_btc__min_vol,-0.1294927424411466
2018-11-30,etfs_com_btc__min_vol,-0.08122962672653655
2018-12-31,etfs_com_btc__min_vol,-0.11041832136659713
2019-01-31,etfs_com_btc__min_vol,-0.07188417551227466
2019-02-28,etfs_com_btc__min_vol,-0.0525890536830268
2019-03-31,etfs_com_btc__min_vol,-0.010306101014751823
2019-04-30,etfs_com_btc__min_vol,0.0
2019-05-31,etfs_com_btc__min_vol,-0.02609620496173415
2019-06-30,etfs_com_btc__min_vol,0.0
2019-07-31,etfs_com_btc__min_vol,-0.01673859402217881
2019-08-31,etfs_com_btc__min_vol,0.0
2019-09-30,etfs_com_btc__min_vol,0.0
2019-10-31,etfs_com_btc__min_vol,-0.002402847428254695
2019-11-30,etfs_com_btc__min_vol,0.0
2019-12-31,etfs_com_btc__min_vol,0.0
2020-01-31,etfs_com_btc__min_vol,0.0
2020-02-29,etfs_com_btc__min_vol,-0.024412888828745594
2020-03-31,etfs_com_btc__min_vol,-0.11899993177475932
2020-04-30,etfs_com_btc__min_vol,-0.012274262426268834
2020-05-31,etfs_com_btc__min_vol,0.0
2020-06-30,etfs_com_btc__min_vol,0.0
2020-07-31,etfs_com_btc__min_vol,0.0
2020-08-31,etfs_com_btc__min_vol,0.0
2020-09-30,etfs_com_btc__min_vol,0.0
2020-10-31,etfs_com_btc__min_vol,0.0
2020-11-30,etfs_com_btc__min_vol,0.0
2020-12-31,etfs_com_btc__min_vol,0.0
2021-01-31,etfs_com_btc__min_vol,0.0
2021-02-28,etfs_com_btc__min_vol,0.0
2021-03-31,etfs_com_btc__min_vol,0.0
2021-04-30,etfs_com_btc__min_vol,-0.03847975234284562
2021-05-31,etfs_com_btc__min_vol,-0.03053101298223071
2021-06-30,etfs_com_btc__min_vol,-0.07563217527789023
2021-07-31,etfs_com_btc__min_vol,-0.07440272345294185
2021-08-31,etfs_com_btc__min_vol,-0.04912076812644728
2021-09-30,etfs_com_btc__min_vol,-0.05572432763443991
2021-10-31,etfs_com_btc__min_vol,-0.017512624775046115
2021-11-30,etfs_com_btc__min_vol,-0.06014541598735479
2021-12-31,etfs_com_btc__min_vol,-0.03620767039709505
2022-01-31,etfs_com_btc__min_vol,-0.06407999971560796
2022-02-28,etfs_com_btc__min_vol,-0.10685345797022683
2022-03-31,etfs_com_btc__min_vol,-0.14060264515129794
2022-04-30,etfs_com_btc__min_vol,-0.18501379260690642
2022-05-31,etfs_com_btc__min_vol,-0.19400514174612404
2022-06-30,etfs_com_btc__min_vol,-0.21337913895201333
2022-07-31,etfs_com_btc__min_vol,-0.18436264110237954
2022-08-31,etfs_com_btc__min_vol,-0.20101636838948334
2022-09-30,etfs_com_btc__min_vol,-0.2314047352407953
2022-10-31,etfs_com_btc__min_vol,-0.21832373646750525
2022-11-30,etfs_com_btc__min_vol,-0.14894583680885376
2022-12-31,etfs_com_btc__min_vol,-0.1624459907872532
2023-01-31,etfs_com_btc__min_vol,-0.11752464114443406
2023-02-28,etfs_com_btc__min_vol,-0.15497601470003153
2023-03-31,etfs_com_btc__min_vol,-0.15067347412154686
2023-04-30,etfs_com_btc__min_vol,-0.15443475520697658
2023-05-31,etfs_com_btc__min_vol,-0.15573006622141672
2023-06-30,etfs_com_btc__min_vol,-0.1312168810140527
2023-07-31,etfs_com_btc__min_vol,-0.11727880931557577
2023-08-31,etfs_com_btc__min_vol,-0.1425737779011429
2023-09-30,etfs_com_btc__min_vol,-0.14841509804432051
2023-10-31,etfs_com_btc__min_vol,-0.17336748068757635
2023-11-30,etfs_com_btc__min_vol,-0.12020193622683051
2023-12-31,etfs_com_btc__min_vol,-0.08287026089902849
2024-01-31,etfs_com_btc__min_vol,-0.09854852795878055
2024-02-29,etfs_com_btc__min_vol,-0.06639716375123195
2024-03-31,etfs_com_btc__min_vol,-0.03878784810367908
2024-04-30,etfs_com_btc__min_vol,-0.039758399647137455
2024-05-31,etfs_com_btc__min_vol,-0.003671261394301295
2024-06-30,etfs_com_btc__min_vol,0.0
2024-07-31,etfs_com_btc__min_vol,0.0
2024-08-31,etfs_com_btc__min_vol,0.0
2024-09-30,etfs_com_btc__min_vol,-0.0024337898483208775
2024-10-31,etfs_com_btc__min_vol,0.0
2024-11-30,etfs_com_btc__min_vol,0.0
2024-12-31,etfs_com_btc__min_vol,-0.013696141603877887
2025-01-31,etfs_com_btc__min_vol,-0.018843297821142024
2025-02-28,etfs_com_btc__min_vol,-0.01754134410835828
2025-03-31,etfs_com_btc__min_vol,-0.015549241142916781
2025-04-30,etfs_com_btc__min_vol,-0.004969043868196299
2025-05-31,etfs_com_btc__min_vol,0.0
2025-06-30,etfs_com_btc__min_vol,0.0
2025-07-31,etfs_com_btc__min_vol,0.0
2025-08-31,etfs_com_btc__min_vol,0.0
2025-09-30,etfs_com_btc__min_vol,0.0
2025-10-31,etfs_com_btc__min_vol,0.0
2025-11-30,etfs_com_btc__min_vol,0.0
2025-12-31,etfs_com_btc__min_vol,0.0
2026-01-31,etfs_com_btc__min_vol,0.0
2026-02-28,etfs_com_btc__min_vol,0.0
2026-03-31,etfs_com_btc__min_vol,-0.041096093372802955
2026-04-30,etfs_com_btc__min_vol,-0.02852923213400871
2015-02-28,etfs_exterior__max_sharpe,0.0
2015-03-31,etfs_exterior__max_sharpe,0.0
2015-04-30,etfs_exterior__max_sharpe,-0.052371501619024374
2015-05-31,etfs_exterior__max_sharpe,0.0
2015-06-30,etfs_exterior__max_sharpe,-0.04354439224402562
2015-07-31,etfs_exterior__max_sharpe,0.0
2015-08-31,etfs_exterior__max_sharpe,-0.008458746254164873
2015-09-30,etfs_exterior__max_sharpe,0.0
2015-10-31,etfs_exterior__max_sharpe,0.0
2015-11-30,etfs_exterior__max_sharpe,-0.015398790392005757
2015-12-31,etfs_exterior__max_sharpe,-0.01569374775779775
2016-01-31,etfs_exterior__max_sharpe,-0.04007234354913192
2016-02-29,etfs_exterior__max_sharpe,-0.06476449358390701
2016-03-31,etfs_exterior__max_sharpe,-0.08047762016450821
2016-04-30,etfs_exterior__max_sharpe,-0.09938228545877326
2016-05-31,etfs_exterior__max_sharpe,-0.0764139255015468
2016-06-30,etfs_exterior__max_sharpe,-0.1475431227396059
2016-07-31,etfs_exterior__max_sharpe,-0.09917823164250361
2016-08-31,etfs_exterior__max_sharpe,-0.10883991849758112
2016-09-30,etfs_exterior__max_sharpe,-0.08273705763981443
2016-10-31,etfs_exterior__max_sharpe,-0.11034106908193964
2016-11-30,etfs_exterior__max_sharpe,-0.04735187699508148
2016-12-31,etfs_exterior__max_sharpe,-0.0955207127308092
2017-01-31,etfs_exterior__max_sharpe,-0.09066955682951694
2017-02-28,etfs_exterior__max_sharpe,-0.07549629839126903
2017-03-31,etfs_exterior__max_sharpe,-0.036582205103734444
2017-04-30,etfs_exterior__max_sharpe,-0.013031263994683795
2017-05-31,etfs_exterior__max_sharpe,0.0
2017-06-30,etfs_exterior__max_sharpe,0.0
2017-07-31,etfs_exterior__max_sharpe,-0.007520431754149071
2017-08-31,etfs_exterior__max_sharpe,-0.00932595380934087
2017-09-30,etfs_exterior__max_sharpe,0.0
2017-10-31,etfs_exterior__max_sharpe,0.0
2017-11-30,etfs_exterior__max_sharpe,-0.004179620310557852
2017-12-31,etfs_exterior__max_sharpe,0.0
2018-01-31,etfs_exterior__max_sharpe,0.0
2018-02-28,etfs_exterior__max_sharpe,-0.026942198406032736
2018-03-31,etfs_exterior__max_sharpe,-0.012655956889273678
2018-04-30,etfs_exterior__max_sharpe,0.0
2018-05-31,etfs_exterior__max_sharpe,0.0
2018-06-30,etfs_exterior__max_sharpe,0.0
2018-07-31,etfs_exterior__max_sharpe,0.0
2018-08-31,etfs_exterior__max_sharpe,0.0
2018-09-30,etfs_exterior__max_sharpe,-0.02952827842524941
2018-10-31,etfs_exterior__max_sharpe,-0.18596609427805777
2018-11-30,etfs_exterior__max_sharpe,-0.1381018597801228
2018-12-31,etfs_exterior__max_sharpe,-0.18492850237671044
2019-01-31,etfs_exterior__max_sharpe,-0.1537205609483423
2019-02-28,etfs_exterior__max_sharpe,-0.13121915474906298
2019-03-31,etfs_exterior__max_sharpe,-0.07882106145933976
2019-04-30,etfs_exterior__max_sharpe,-0.04599807681630441
2019-05-31,etfs_exterior__max_sharpe,-0.08979741919722872
2019-06-30,etfs_exterior__max_sharpe,-0.06289632435500736
2019-07-31,etfs_exterior__max_sharpe,-0.07640559994527096
2019-08-31,etfs_exterior__max_sharpe,-0.04176372138686524
2019-09-30,etfs_exterior__max_sharpe,-0.0204192539634499
2019-10-31,etfs_exterior__max_sharpe,-0.03872224415113379
2019-11-30,etfs_exterior__max_sharpe,0.0
2019-12-31,etfs_exterior__max_sharpe,0.0
2020-01-31,etfs_exterior__max_sharpe,0.0
2020-02-29,etfs_exterior__max_sharpe,-0.020210147033610792
2020-03-31,etfs_exterior__max_sharpe,-0.06290877417304297
2020-04-30,etfs_exterior__max_sharpe,0.0
2020-05-31,etfs_exterior__max_sharpe,0.0
2020-06-30,etfs_exterior__max_sharpe,0.0
2020-07-31,etfs_exterior__max_sharpe,0.0
2020-08-31,etfs_exterior__max_sharpe,0.0
2020-09-30,etfs_exterior__max_sharpe,0.0
2020-10-31,etfs_exterior__max_sharpe,0.0
2020-11-30,etfs_exterior__max_sharpe,0.0
2020-12-31,etfs_exterior__max_sharpe,0.0
2021-01-31,etfs_exterior__max_sharpe,0.0
2021-02-28,etfs_exterior__max_sharpe,0.0
2021-03-31,etfs_exterior__max_sharpe,0.0
2021-04-30,etfs_exterior__max_sharpe,-0.0419010589494524
2021-05-31,etfs_exterior__max_sharpe,-0.046298702403757885
2021-06-30,etfs_exterior__max_sharpe,-0.08466796999136672
2021-07-31,etfs_exterior__max_sharpe,-0.06623688471477329
2021-08-31,etfs_exterior__max_sharpe,-0.013336458352754765
2021-09-30,etfs_exterior__max_sharpe,-0.01091946135180577
2021-10-31,etfs_exterior__max_sharpe,0.0
2021-11-30,etfs_exterior__max_sharpe,-0.03927862413204053
2021-12-31,etfs_exterior__max_sharpe,-0.0042837145248038055
2022-01-31,etfs_exterior__max_sharpe,-0.05902177777652329
2022-02-28,etfs_exterior__max_sharpe,-0.10364588200515101
2022-03-31,etfs_exterior__max_sharpe,-0.14632904165717375
2022-04-30,etfs_exterior__max_sharpe,-0.19093021567029
2022-05-31,etfs_exterior__max_sharpe,-0.20579152651763177
2022-06-30,etfs_exterior__max_sharpe,-0.2231164770330677
2022-07-31,etfs_exterior__max_sharpe,-0.17146847519708786
2022-08-31,etfs_exterior__max_sharpe,-0.19969404021991188
2022-09-30,etfs_exterior__max_sharpe,-0.237615450208291
2022-10-31,etfs_exterior__max_sharpe,-0.20706503633924722
2022-11-30,etfs_exterior__max_sharpe,-0.12769567433273799
2022-12-31,etfs_exterior__max_sharpe,-0.15598498929714544
2023-01-31,etfs_exterior__max_sharpe,-0.10397925638848615
2023-02-28,etfs_exterior__max_sharpe,-0.12183972422099931
2023-03-31,etfs_exterior__max_sharpe,-0.11274370985318583
2023-04-30,etfs_exterior__max_sharpe,-0.12621985479989062
2023-05-31,etfs_exterior__max_sharpe,-0.12149300600104318
2023-06-30,etfs_exterior__max_sharpe,-0.10001481537872792
2023-07-31,etfs_exterior__max_sharpe,-0.0894770906777107
2023-08-31,etfs_exterior__max_sharpe,-0.0880031368845875
2023-09-30,etfs_exterior__max_sharpe,-0.10346219456001504
2023-10-31,etfs_exterior__max_sharpe,-0.13359823362037093
2023-11-30,etfs_exterior__max_sharpe,-0.06428638583910795
2023-12-31,etfs_exterior__max_sharpe,-0.030608683499450562
2024-01-31,etfs_exterior__max_sharpe,-0.021462308767492888
2024-02-29,etfs_exterior__max_sharpe,0.0
2024-03-31,etfs_exterior__max_sharpe,0.0
2024-04-30,etfs_exterior__max_sharpe,0.0
2024-05-31,etfs_exterior__max_sharpe,0.0
2024-06-30,etfs_exterior__max_sharpe,0.0
2024-07-31,etfs_exterior__max_sharpe,0.0
2024-08-31,etfs_exterior__max_sharpe,0.0
2024-09-30,etfs_exterior__max_sharpe,-0.014032561456927661
2024-10-31,etfs_exterior__max_sharpe,0.0
2024-11-30,etfs_exterior__max_sharpe,0.0
2024-12-31,etfs_exterior__max_sharpe,0.0
2025-01-31,etfs_exterior__max_sharpe,-0.02112405206795276
2025-02-28,etfs_exterior__max_sharpe,-0.02800660408821054
2025-03-31,etfs_exterior__max_sharpe,-0.06276992495196432
2025-04-30,etfs_exterior__max_sharpe,-0.07605394200532822
2025-05-31,etfs_exterior__max_sharpe,-0.013173914097989514
2025-06-30,etfs_exterior__max_sharpe,-0.0029961174159590653
2025-07-31,etfs_exterior__max_sharpe,0.0
2025-08-31,etfs_exterior__max_sharpe,-0.00943089634700589
2025-09-30,etfs_exterior__max_sharpe,-0.0008721120104464575
2025-10-31,etfs_exterior__max_sharpe,0.0
2025-11-30,etfs_exterior__max_sharpe,-0.0075288003893684285
2025-12-31,etfs_exterior__max_sharpe,0.0
2026-01-31,etfs_exterior__max_sharpe,0.0
2026-02-28,etfs_exterior__max_sharpe,0.0
2026-03-31,etfs_exterior__max_sharpe,-0.02569167779752224
2026-04-30,etfs_exterior__max_sharpe,-0.0160446764877733
2015-02-28,etfs_com_petroleo__min_vol,0.0
2015-03-31,etfs_com_petroleo__min_vol,0.0
2015-04-30,etfs_com_petroleo__min_vol,-0.011172979608931488
2015-05-31,etfs_com_petroleo__min_vol,0.0
2015-06-30,etfs_com_petroleo__min_vol,-0.03605845988336498
2015-07-31,etfs_com_petroleo__min_vol,-0.004485008389462863
2015-08-31,etfs_com_petroleo__min_vol,-0.03244377536600984
2015-09-30,etfs_com_petroleo__min_vol,0.0
2015-10-31,etfs_com_petroleo__min_vol,0.0
2015-11-30,etfs_com_petroleo__min_vol,-0.024019783372820624
2015-12-31,etfs_com_petroleo__min_vol,-0.03563415551029403
2016-01-31,etfs_com_petroleo__min_vol,-0.07751106323999102
2016-02-29,etfs_com_petroleo__min_vol,-0.10007857024047973
2016-03-31,etfs_com_petroleo__min_vol,-0.08505656336301337
2016-04-30,etfs_com_petroleo__min_vol,-0.07861149343233642
2016-05-31,etfs_com_petroleo__min_vol,-0.0756543772360675
2016-06-30,etfs_com_petroleo__min_vol,-0.1258373192169122
2016-07-31,etfs_com_petroleo__min_vol,-0.07204068906970384
2016-08-31,etfs_com_petroleo__min_vol,-0.07544563875334731
2016-09-30,etfs_com_petroleo__min_vol,-0.05166455303187445
2016-10-31,etfs_com_petroleo__min_vol,-0.05927117062097176
2016-11-30,etfs_com_petroleo__min_vol,-0.02252370875705989
2016-12-31,etfs_com_petroleo__min_vol,-0.0688343241153544
2017-01-31,etfs_com_petroleo__min_vol,-0.05106114960151997
2017-02-28,etfs_com_petroleo__min_vol,-0.032534027316852177
2017-03-31,etfs_com_petroleo__min_vol,-0.009883712850726756
2017-04-30,etfs_com_petroleo__min_vol,0.0
2017-05-31,etfs_com_petroleo__min_vol,0.0
2017-06-30,etfs_com_petroleo__min_vol,0.0
2017-07-31,etfs_com_petroleo__min_vol,0.0
2017-08-31,etfs_com_petroleo__min_vol,0.0
2017-09-30,etfs_com_petroleo__min_vol,0.0
2017-10-31,etfs_com_petroleo__min_vol,0.0
2017-11-30,etfs_com_petroleo__min_vol,-0.00809857511919998
2017-12-31,etfs_com_petroleo__min_vol,0.0
2018-01-31,etfs_com_petroleo__min_vol,0.0
2018-02-28,etfs_com_petroleo__min_vol,-0.022502406232784544
2018-03-31,etfs_com_petroleo__min_vol,-0.005838799766512026
2018-04-30,etfs_com_petroleo__min_vol,0.0
2018-05-31,etfs_com_petroleo__min_vol,0.0
2018-06-30,etfs_com_petroleo__min_vol,0.0
2018-07-31,etfs_com_petroleo__min_vol,0.0
2018-08-31,etfs_com_petroleo__min_vol,0.0
2018-09-30,etfs_com_petroleo__min_vol,-0.01764356738219064
2018-10-31,etfs_com_petroleo__min_vol,-0.1242844189934359
2018-11-30,etfs_com_petroleo__min_vol,-0.08200640636968082
2018-12-31,etfs_com_petroleo__min_vol,-0.11613511620078454
2019-01-31,etfs_com_petroleo__min_vol,-0.07073070047028573
2019-02-28,etfs_com_petroleo__min_vol,-0.04990166748199831
2019-03-31,etfs_com_petroleo__min_vol,-0.0072998633492455944
2019-04-30,etfs_com_petroleo__min_vol,0.0
2019-05-31,etfs_com_petroleo__min_vol,-0.04539165526258737
2019-06-30,etfs_com_petroleo__min_vol,-0.01992924501216231
2019-07-31,etfs_com_petroleo__min_vol,-0.033650750054345036
2019-08-31,etfs_com_petroleo__min_vol,0.0
2019-09-30,etfs_com_petroleo__min_vol,0.0
2019-10-31,etfs_com_petroleo__min_vol,-0.008703398844874477
2019-11-30,etfs_com_petroleo__min_vol,0.0
2019-12-31,etfs_com_petroleo__min_vol,0.0
2020-01-31,etfs_com_petroleo__min_vol,0.0
2020-02-29,etfs_com_petroleo__min_vol,-0.030893128024154115
2020-03-31,etfs_com_petroleo__min_vol,-0.14645433618196912
2020-04-30,etfs_com_petroleo__min_vol,-0.0719370741278117
2020-05-31,etfs_com_petroleo__min_vol,-0.007395522302447777
2020-06-30,etfs_com_petroleo__min_vol,0.0
2020-07-31,etfs_com_petroleo__min_vol,0.0
2020-08-31,etfs_com_petroleo__min_vol,0.0
2020-09-30,etfs_com_petroleo__min_vol,0.0
2020-10-31,etfs_com_petroleo__min_vol,-0.0014862348788888813
2020-11-30,etfs_com_petroleo__min_vol,0.0
2020-12-31,etfs_com_petroleo__min_vol,0.0
2021-01-31,etfs_com_petroleo__min_vol,0.0
2021-02-28,etfs_com_petroleo__min_vol,0.0
2021-03-31,etfs_com_petroleo__min_vol,0.0
2021-04-30,etfs_com_petroleo__min_vol,-0.03633239066757188
2021-05-31,etfs_com_petroleo__min_vol,-0.022114839425469435
2021-06-30,etfs_com_petroleo__min_vol,-0.06118171843711517
2021-07-31,etfs_com_petroleo__min_vol,-0.060525558456506645
2021-08-31,etfs_com_petroleo__min_vol,-0.04070395932313442
2021-09-30,etfs_com_petroleo__min_vol,-0.03920497314765259
2021-10-31,etfs_com_petroleo__min_vol,-0.0038946679104563398
2021-11-30,etfs_com_petroleo__min_vol,-0.0514867900167143
2021-12-31,etfs_com_petroleo__min_vol,-0.019905540682345957
2022-01-31,etfs_com_petroleo__min_vol,-0.03337616515313557
2022-02-28,etfs_com_petroleo__min_vol,-0.07466525863656936
2022-03-31,etfs_com_petroleo__min_vol,-0.10325456586498305
2022-04-30,etfs_com_petroleo__min_vol,-0.1424557524349387
2022-05-31,etfs_com_petroleo__min_vol,-0.14233118002191814
2022-06-30,etfs_com_petroleo__min_vol,-0.1600892441443741
2022-07-31,etfs_com_petroleo__min_vol,-0.1302447166183699
2022-08-31,etfs_com_petroleo__min_vol,-0.14691272256798804
2022-09-30,etfs_com_petroleo__min_vol,-0.18290539969672104
2022-10-31,etfs_com_petroleo__min_vol,-0.16502001397326382
2022-11-30,etfs_com_petroleo__min_vol,-0.09576218660824287
2022-12-31,etfs_com_petroleo__min_vol,-0.10775900257676208
2023-01-31,etfs_com_petroleo__min_vol,-0.07302687274173081
2023-02-28,etfs_com_petroleo__min_vol,-0.11166545234316716
2023-03-31,etfs_com_petroleo__min_vol,-0.11303974405069295
2023-04-30,etfs_com_petroleo__min_vol,-0.11662580594207395
2023-05-31,etfs_com_petroleo__min_vol,-0.12033247655037238
2023-06-30,etfs_com_petroleo__min_vol,-0.09527533805792554
2023-07-31,etfs_com_petroleo__min_vol,-0.07447403749015868
2023-08-31,etfs_com_petroleo__min_vol,-0.09472710504499049
2023-09-30,etfs_com_petroleo__min_vol,-0.09632594395037519
2023-10-31,etfs_com_petroleo__min_vol,-0.1306984667827027
2023-11-30,etfs_com_petroleo__min_vol,-0.08289594533027855
2023-12-31,etfs_com_petroleo__min_vol,-0.05059463308469114
2024-01-31,etfs_com_petroleo__min_vol,-0.061789724558038994
2024-02-29,etfs_com_petroleo__min_vol,-0.03485122279633324
2024-03-31,etfs_com_petroleo__min_vol,-0.007325101908811971
2024-04-30,etfs_com_petroleo__min_vol,-0.005051531247394325
2024-05-31,etfs_com_petroleo__min_vol,0.0
2024-06-30,etfs_com_petroleo__min_vol,0.0
2024-07-31,etfs_com_petroleo__min_vol,0.0
2024-08-31,etfs_com_petroleo__min_vol,0.0
2024-09-30,etfs_com_petroleo__min_vol,-0.011114240524814356
2024-10-31,etfs_com_petroleo__min_vol,0.0
2024-11-30,etfs_com_petroleo__min_vol,0.0
2024-12-31,etfs_com_petroleo__min_vol,-0.008459365323977175
2025-01-31,etfs_com_petroleo__min_vol,-0.013619415965229087
2025-02-28,etfs_com_petroleo__min_vol,-0.012525231154693728
2025-03-31,etfs_com_petroleo__min_vol,-0.00905939243296816
2025-04-30,etfs_com_petroleo__min_vol,-0.013537474346952294
2025-05-31,etfs_com_petroleo__min_vol,0.0
2025-06-30,etfs_com_petroleo__min_vol,0.0
2025-07-31,etfs_com_petroleo__min_vol,0.0
2025-08-31,etfs_com_petroleo__min_vol,0.0
2025-09-30,etfs_com_petroleo__min_vol,0.0
2025-10-31,etfs_com_petroleo__min_vol,0.0
2025-11-30,etfs_com_petroleo__min_vol,0.0
2025-12-31,etfs_com_petroleo__min_vol,0.0
2026-01-31,etfs_com_petroleo__min_vol,0.0
2026-02-28,etfs_com_petroleo__min_vol,0.0
2026-03-31,etfs_com_petroleo__min_vol,-0.0032088920069796023
2026-04-30,etfs_com_petroleo__min_vol,0.0
2015-02-28,etfs_todos__min_vol,0.0
2015-03-31,etfs_todos__min_vol,0.0
2015-04-30,etfs_todos__min_vol,-0.021045574437872916
2015-05-31,etfs_todos__min_vol,0.0
2015-06-30,etfs_todos__min_vol,-0.0359258697004754
2015-07-31,etfs_todos__min_vol,0.0
2015-08-31,etfs_todos__min_vol,-0.035058251483260805
2015-09-30,etfs_todos__min_vol,0.0
2015-10-31,etfs_todos__min_vol,0.0
2015-11-30,etfs_todos__min_vol,-0.016504934447152397
2015-12-31,etfs_todos__min_vol,-0.021442419086928233
2016-01-31,etfs_todos__min_vol,-0.06038051456874094
2016-02-29,etfs_todos__min_vol,-0.08055273550929498
2016-03-31,etfs_todos__min_vol,-0.0643410643732083
2016-04-30,etfs_todos__min_vol,-0.06653528067763315
2016-05-31,etfs_todos__min_vol,-0.06775751272214992
2016-06-30,etfs_todos__min_vol,-0.11685805112746883
2016-07-31,etfs_todos__min_vol,-0.052704171681778655
2016-08-31,etfs_todos__min_vol,-0.05828108716230407
2016-09-30,etfs_todos__min_vol,-0.037195349727403015
2016-10-31,etfs_todos__min_vol,-0.04374588001714064
2016-11-30,etfs_todos__min_vol,-0.011704416668571804
2016-12-31,etfs_todos__min_vol,-0.062251445799523575
2017-01-31,etfs_todos__min_vol,-0.040323349568577305
2017-02-28,etfs_todos__min_vol,-0.021151310634300313
2017-03-31,etfs_todos__min_vol,0.0
2017-04-30,etfs_todos__min_vol,0.0
2017-05-31,etfs_todos__min_vol,0.0
2017-06-30,etfs_todos__min_vol,0.0
2017-07-31,etfs_todos__min_vol,0.0
2017-08-31,etfs_todos__min_vol,0.0
2017-09-30,etfs_todos__min_vol,0.0
2017-10-31,etfs_todos__min_vol,0.0
2017-11-30,etfs_todos__min_vol,-0.009017556222513878
2017-12-31,etfs_todos__min_vol,0.0
2018-01-31,etfs_todos__min_vol,0.0
2018-02-28,etfs_todos__min_vol,-0.023223083904440167
2018-03-31,etfs_todos__min_vol,-0.009461524810995381
2018-04-30,etfs_todos__min_vol,0.0
2018-05-31,etfs_todos__min_vol,0.0
2018-06-30,etfs_todos__min_vol,0.0
2018-07-31,etfs_todos__min_vol,0.0
2018-08-31,etfs_todos__min_vol,0.0
2018-09-30,etfs_todos__min_vol,-0.02111747996045099
2018-10-31,etfs_todos__min_vol,-0.1276065660057275
2018-11-30,etfs_todos__min_vol,-0.0729994427532139
2018-12-31,etfs_todos__min_vol,-0.10338019117982933
2019-01-31,etfs_todos__min_vol,-0.062223829986042256
2019-02-28,etfs_todos__min_vol,-0.04392995713697978
2019-03-31,etfs_todos__min_vol,-0.002534755836769542
2019-04-30,etfs_todos__min_vol,0.0
2019-05-31,etfs_todos__min_vol,-0.03897376732895763
2019-06-30,etfs_todos__min_vol,-0.015450264335092223
2019-07-31,etfs_todos__min_vol,-0.030169985435076763
2019-08-31,etfs_todos__min_vol,0.0
2019-09-30,etfs_todos__min_vol,0.0
2019-10-31,etfs_todos__min_vol,-0.004969072950334885
2019-11-30,etfs_todos__min_vol,0.0
2019-12-31,etfs_todos__min_vol,0.0
2020-01-31,etfs_todos__min_vol,0.0
2020-02-29,etfs_todos__min_vol,-0.026096821869495468
2020-03-31,etfs_todos__min_vol,-0.1172824974841834
2020-04-30,etfs_todos__min_vol,-0.013634442083617193
2020-05-31,etfs_todos__min_vol,0.0
2020-06-30,etfs_todos__min_vol,0.0
2020-07-31,etfs_todos__min_vol,0.0
2020-08-31,etfs_todos__min_vol,0.0
2020-09-30,etfs_todos__min_vol,0.0
2020-10-31,etfs_todos__min_vol,0.0
2020-11-30,etfs_todos__min_vol,0.0
2020-12-31,etfs_todos__min_vol,0.0
2021-01-31,etfs_todos__min_vol,0.0
2021-02-28,etfs_todos__min_vol,0.0
2021-03-31,etfs_todos__min_vol,0.0
2021-04-30,etfs_todos__min_vol,-0.037181666459558005
2021-05-31,etfs_todos__min_vol,-0.0228328272284819
2021-06-30,etfs_todos__min_vol,-0.06692762458054602
2021-07-31,etfs_todos__min_vol,-0.06730605173724691
2021-08-31,etfs_todos__min_vol,-0.0435547510915012
2021-09-30,etfs_todos__min_vol,-0.049916976299770655
2021-10-31,etfs_todos__min_vol,-0.017758450838476825
2021-11-30,etfs_todos__min_vol,-0.05852745908448487
2021-12-31,etfs_todos__min_vol,-0.030267882082461228
2022-01-31,etfs_todos__min_vol,-0.05606759675875317
2022-02-28,etfs_todos__min_vol,-0.10172150357052978
2022-03-31,etfs_todos__min_vol,-0.13452108789226036
2022-04-30,etfs_todos__min_vol,-0.1783684284209086
2022-05-31,etfs_todos__min_vol,-0.18431326013209426
2022-06-30,etfs_todos__min_vol,-0.2005787758141221
2022-07-31,etfs_todos__min_vol,-0.170411479661583
2022-08-31,etfs_todos__min_vol,-0.18604278842948463
2022-09-30,etfs_todos__min_vol,-0.21793280771527024
2022-10-31,etfs_todos__min_vol,-0.2024444656025619
2022-11-30,etfs_todos__min_vol,-0.1299658494819319
2022-12-31,etfs_todos__min_vol,-0.14434642682526255
2023-01-31,etfs_todos__min_vol,-0.10458118064704902
2023-02-28,etfs_todos__min_vol,-0.14221874095596
2023-03-31,etfs_todos__min_vol,-0.14121397233919097
2023-04-30,etfs_todos__min_vol,-0.14469400946852917
2023-05-31,etfs_todos__min_vol,-0.1442372817773715
2023-06-30,etfs_todos__min_vol,-0.12004190337187837
2023-07-31,etfs_todos__min_vol,-0.10538168587467567
2023-08-31,etfs_todos__min_vol,-0.12868871927139247
2023-09-30,etfs_todos__min_vol,-0.13647223597337932
2023-10-31,etfs_todos__min_vol,-0.1670966227299766
2023-11-30,etfs_todos__min_vol,-0.11306852780562004
2023-12-31,etfs_todos__min_vol,-0.0761833739252964
2024-01-31,etfs_todos__min_vol,-0.09100837357325153
2024-02-29,etfs_todos__min_vol,-0.06562954197957238
2024-03-31,etfs_todos__min_vol,-0.04058739739806205
2024-04-30,etfs_todos__min_vol,-0.040256056896875614
2024-05-31,etfs_todos__min_vol,-0.004759631018084631
2024-06-30,etfs_todos__min_vol,0.0
2024-07-31,etfs_todos__min_vol,0.0
2024-08-31,etfs_todos__min_vol,0.0
2024-09-30,etfs_todos__min_vol,-0.0053630046263256625
2024-10-31,etfs_todos__min_vol,0.0
2024-11-30,etfs_todos__min_vol,0.0
2024-12-31,etfs_todos__min_vol,-0.013896424527552798
2025-01-31,etfs_todos__min_vol,-0.019705622634869635
2025-02-28,etfs_todos__min_vol,-0.015864119888942096
2025-03-31,etfs_todos__min_vol,-0.015105521850567794
2025-04-30,etfs_todos__min_vol,-0.0068757773179699555
2025-05-31,etfs_todos__min_vol,0.0
2025-06-30,etfs_todos__min_vol,0.0
2025-07-31,etfs_todos__min_vol,0.0
2025-08-31,etfs_todos__min_vol,0.0
2025-09-30,etfs_todos__min_vol,0.0
2025-10-31,etfs_todos__min_vol,0.0
2025-11-30,etfs_todos__min_vol,0.0
2025-12-31,etfs_todos__min_vol,0.0
2026-01-31,etfs_todos__min_vol,0.0
2026-02-28,etfs_todos__min_vol,0.0
2026-03-31,etfs_todos__min_vol,-0.042348607605698474
2026-04-30,etfs_todos__min_vol,-0.030065766227714286
2015-02-28,etfs_america_norte__max_sharpe,0.0
2015-03-31,etfs_america_norte__max_sharpe,0.0
2015-04-30,etfs_america_norte__max_sharpe,-0.055796394794798365
2015-05-31,etfs_america_norte__max_sharpe,0.0
2015-06-30,etfs_america_norte__max_sharpe,-0.04003734569560502
2015-07-31,etfs_america_norte__max_sharpe,0.0
2015-08-31,etfs_america_norte__max_sharpe,0.0
2015-09-30,etfs_america_norte__max_sharpe,0.0
2015-10-31,etfs_america_norte__max_sharpe,0.0
2015-11-30,etfs_america_norte__max_sharpe,0.0
2015-12-31,etfs_america_norte__max_sharpe,-0.01750284702141025
2016-01-31,etfs_america_norte__max_sharpe,-0.041911232317355496
2016-02-29,etfs_america_norte__max_sharpe,-0.07985919120082496
2016-03-31,etfs_america_norte__max_sharpe,-0.09934658877766056
2016-04-30,etfs_america_norte__max_sharpe,-0.11027992757697491
2016-05-31,etfs_america_norte__max_sharpe,-0.07223444104687793
2016-06-30,etfs_america_norte__max_sharpe,-0.15578656955548353
2016-07-31,etfs_america_norte__max_sharpe,-0.11702860307811414
2016-08-31,etfs_america_norte__max_sharpe,-0.1208985551648879
2016-09-30,etfs_america_norte__max_sharpe,-0.09735623585467956
2016-10-31,etfs_america_norte__max_sharpe,-0.13068920461761113
2016-11-30,etfs_america_norte__max_sharpe,-0.02332299217176692
2016-12-31,etfs_america_norte__max_sharpe,-0.06531232084896932
2017-01-31,etfs_america_norte__max_sharpe,-0.09062552715072969
2017-02-28,etfs_america_norte__max_sharpe,-0.07777274154450997
2017-03-31,etfs_america_norte__max_sharpe,-0.06310563607407771
2017-04-30,etfs_america_norte__max_sharpe,-0.05072617816492875
2017-05-31,etfs_america_norte__max_sharpe,-0.02257964545809943
2017-06-30,etfs_america_norte__max_sharpe,-0.014543870966219119
2017-07-31,etfs_america_norte__max_sharpe,-0.024232981032997647
2017-08-31,etfs_america_norte__max_sharpe,-0.04010316787627921
2017-09-30,etfs_america_norte__max_sharpe,0.0
2017-10-31,etfs_america_norte__max_sharpe,0.0
2017-11-30,etfs_america_norte__max_sharpe,0.0
2017-12-31,etfs_america_norte__max_sharpe,0.0
2018-01-31,etfs_america_norte__max_sharpe,0.0
2018-02-28,etfs_america_norte__max_sharpe,-0.03198487273976747
2018-03-31,etfs_america_norte__max_sharpe,-0.02769199018162327
2018-04-30,etfs_america_norte__max_sharpe,0.0
2018-05-31,etfs_america_norte__max_sharpe,0.0
2018-06-30,etfs_america_norte__max_sharpe,0.0
2018-07-31,etfs_america_norte__max_sharpe,-0.008110215001368326
2018-08-31,etfs_america_norte__max_sharpe,0.0
2018-09-30,etfs_america_norte__max_sharpe,-0.024032989943722938
2018-10-31,etfs_america_norte__max_sharpe,-0.1816361852093139
2018-11-30,etfs_america_norte__max_sharpe,-0.14691787973010184
2018-12-31,etfs_america_norte__max_sharpe,-0.22732824934483375
2019-01-31,etfs_america_norte__max_sharpe,-0.19669221221018052
2019-02-28,etfs_america_norte__max_sharpe,-0.16353056450992098
2019-03-31,etfs_america_norte__max_sharpe,-0.10236454218308777
2019-04-30,etfs_america_norte__max_sharpe,-0.06265746401738226
2019-05-31,etfs_america_norte__max_sharpe,-0.13521521291017202
2019-06-30,etfs_america_norte__max_sharpe,-0.10467274970915508
2019-07-31,etfs_america_norte__max_sharpe,-0.10423518194344172
2019-08-31,etfs_america_norte__max_sharpe,-0.053770981220657044
2019-09-30,etfs_america_norte__max_sharpe,-0.034883313705368124
2019-10-31,etfs_america_norte__max_sharpe,-0.06069069679942207
2019-11-30,etfs_america_norte__max_sharpe,0.0
2019-12-31,etfs_america_norte__max_sharpe,-0.00016954298523785827
2020-01-31,etfs_america_norte__max_sharpe,0.0
2020-02-29,etfs_america_norte__max_sharpe,-0.045931573217367516
2020-03-31,etfs_america_norte__max_sharpe,-0.09470646244080805
2020-04-30,etfs_america_norte__max_sharpe,0.0
2020-05-31,etfs_america_norte__max_sharpe,0.0
2020-06-30,etfs_america_norte__max_sharpe,0.0
2020-07-31,etfs_america_norte__max_sharpe,-0.019144653242358478
2020-08-31,etfs_america_norte__max_sharpe,0.0
2020-09-30,etfs_america_norte__max_sharpe,-0.039401177994663694
2020-10-31,etfs_america_norte__max_sharpe,-0.04596249071144476
2020-11-30,etfs_america_norte__max_sharpe,0.0
2020-12-31,etfs_america_norte__max_sharpe,0.0
2021-01-31,etfs_america_norte__max_sharpe,0.0
2021-02-28,etfs_america_norte__max_sharpe,0.0
2021-03-31,etfs_america_norte__max_sharpe,0.0
2021-04-30,etfs_america_norte__max_sharpe,-0.038809605764714816
2021-05-31,etfs_america_norte__max_sharpe,-0.040253222003658884
2021-06-30,etfs_america_norte__max_sharpe,-0.053572099584214605
2021-07-31,etfs_america_norte__max_sharpe,-0.03938905497792189
2021-08-31,etfs_america_norte__max_sharpe,-0.0030535190486873365
2021-09-30,etfs_america_norte__max_sharpe,0.0
2021-10-31,etfs_america_norte__max_sharpe,0.0
2021-11-30,etfs_america_norte__max_sharpe,-0.020456726442250495
2021-12-31,etfs_america_norte__max_sharpe,0.0
2022-01-31,etfs_america_norte__max_sharpe,-0.022014894711592792
2022-02-28,etfs_america_norte__max_sharpe,-0.06019711037003739
2022-03-31,etfs_america_norte__max_sharpe,-0.07973224013467572
2022-04-30,etfs_america_norte__max_sharpe,-0.12370651590040227
2022-05-31,etfs_america_norte__max_sharpe,-0.1153564095605738
2022-06-30,etfs_america_norte__max_sharpe,-0.14562303668470666
2022-07-31,etfs_america_norte__max_sharpe,-0.055803543094391395
2022-08-31,etfs_america_norte__max_sharpe,-0.08728439176921443
2022-09-30,etfs_america_norte__max_sharpe,-0.13244490013981847
2022-10-31,etfs_america_norte__max_sharpe,-0.04463441827261061
2022-11-30,etfs_america_norte__max_sharpe,-0.009024768050272858
2022-12-31,etfs_america_norte__max_sharpe,-0.0650049130650654
2023-01-31,etfs_america_norte__max_sharpe,-0.03547034319627895
2023-02-28,etfs_america_norte__max_sharpe,-0.051551430152155464
2023-03-31,etfs_america_norte__max_sharpe,-0.03017769191414843
2023-04-30,etfs_america_norte__max_sharpe,-0.0369415276498245
2023-05-31,etfs_america_norte__max_sharpe,-0.031077618156979736
2023-06-30,etfs_america_norte__max_sharpe,-0.004211219019324197
2023-07-31,etfs_america_norte__max_sharpe,0.0
2023-08-31,etfs_america_norte__max_sharpe,0.0
2023-09-30,etfs_america_norte__max_sharpe,0.0
2023-10-31,etfs_america_norte__max_sharpe,-0.030742754544588302
2023-11-30,etfs_america_norte__max_sharpe,0.0
2023-12-31,etfs_america_norte__max_sharpe,0.0
2024-01-31,etfs_america_norte__max_sharpe,0.0
2024-02-29,etfs_america_norte__max_sharpe,0.0
2024-03-31,etfs_america_norte__max_sharpe,0.0
2024-04-30,etfs_america_norte__max_sharpe,-0.006563462800100339
2024-05-31,etfs_america_norte__max_sharpe,0.0
2024-06-30,etfs_america_norte__max_sharpe,0.0
2024-07-31,etfs_america_norte__max_sharpe,0.0
2024-08-31,etfs_america_norte__max_sharpe,0.0
2024-09-30,etfs_america_norte__max_sharpe,-0.0290775568997248
2024-10-31,etfs_america_norte__max_sharpe,0.0
2024-11-30,etfs_america_norte__max_sharpe,0.0
2024-12-31,etfs_america_norte__max_sharpe,-0.012216628333414414
2025-01-31,etfs_america_norte__max_sharpe,-0.03830827247959645
2025-02-28,etfs_america_norte__max_sharpe,-0.04456295241777486
2025-03-31,etfs_america_norte__max_sharpe,-0.08815480316047286
2025-04-30,etfs_america_norte__max_sharpe,-0.14956244918760764
2025-05-31,etfs_america_norte__max_sharpe,-0.09489596912418552
2025-06-30,etfs_america_norte__max_sharpe,-0.07689461474178483
2025-07-31,etfs_america_norte__max_sharpe,-0.036886484715943024
2025-08-31,etfs_america_norte__max_sharpe,-0.04420567126314923
2025-09-30,etfs_america_norte__max_sharpe,-0.03332667076134466
2025-10-31,etfs_america_norte__max_sharpe,-0.0034408415015676486
2025-11-30,etfs_america_norte__max_sharpe,-0.0041800541444818595
2025-12-31,etfs_america_norte__max_sharpe,0.0
2026-01-31,etfs_america_norte__max_sharpe,0.0
2026-02-28,etfs_america_norte__max_sharpe,0.0
2026-03-31,etfs_america_norte__max_sharpe,0.0
2026-04-30,etfs_america_norte__max_sharpe,-0.024371430431137986
2015-02-28,etfs_america_norte__min_vol,0.0
2015-03-31,etfs_america_norte__min_vol,0.0
2015-04-30,etfs_america_norte__min_vol,-0.055796394794798365
2015-05-31,etfs_america_norte__min_vol,0.0
2015-06-30,etfs_america_norte__min_vol,-0.04003734569560502
2015-07-31,etfs_america_norte__min_vol,0.0
2015-08-31,etfs_america_norte__min_vol,0.0
2015-09-30,etfs_america_norte__min_vol,0.0
2015-10-31,etfs_america_norte__min_vol,0.0
2015-11-30,etfs_america_norte__min_vol,0.0
2015-12-31,etfs_america_norte__min_vol,-0.01750284702141025
2016-01-31,etfs_america_norte__min_vol,-0.041911232317355496
2016-02-29,etfs_america_norte__min_vol,-0.07985919120082496
2016-03-31,etfs_america_norte__min_vol,-0.09934658877766056
2016-04-30,etfs_america_norte__min_vol,-0.11027992757697491
2016-05-31,etfs_america_norte__min_vol,-0.07223444104687793
2016-06-30,etfs_america_norte__min_vol,-0.15578656955548353
2016-07-31,etfs_america_norte__min_vol,-0.11702860307811414
2016-08-31,etfs_america_norte__min_vol,-0.1208985551648879
2016-09-30,etfs_america_norte__min_vol,-0.09735623585467956
2016-10-31,etfs_america_norte__min_vol,-0.13068920461761113
2016-11-30,etfs_america_norte__min_vol,-0.02332299217176692
2016-12-31,etfs_america_norte__min_vol,-0.06531232084896932
2017-01-31,etfs_america_norte__min_vol,-0.09062552715072969
2017-02-28,etfs_america_norte__min_vol,-0.07777274154450997
2017-03-31,etfs_america_norte__min_vol,-0.06310563607407771
2017-04-30,etfs_america_norte__min_vol,-0.05072617816492875
2017-05-31,etfs_america_norte__min_vol,-0.02257964545809943
2017-06-30,etfs_america_norte__min_vol,-0.014543870966219119
2017-07-31,etfs_america_norte__min_vol,-0.024232981032997647
2017-08-31,etfs_america_norte__min_vol,-0.04010316787627921
2017-09-30,etfs_america_norte__min_vol,0.0
2017-10-31,etfs_america_norte__min_vol,0.0
2017-11-30,etfs_america_norte__min_vol,0.0
2017-12-31,etfs_america_norte__min_vol,0.0
2018-01-31,etfs_america_norte__min_vol,0.0
2018-02-28,etfs_america_norte__min_vol,-0.03198487273976747
2018-03-31,etfs_america_norte__min_vol,-0.02769199018162327
2018-04-30,etfs_america_norte__min_vol,0.0
2018-05-31,etfs_america_norte__min_vol,0.0
2018-06-30,etfs_america_norte__min_vol,0.0
2018-07-31,etfs_america_norte__min_vol,-0.008110215001368326
2018-08-31,etfs_america_norte__min_vol,0.0
2018-09-30,etfs_america_norte__min_vol,-0.024032989943722938
2018-10-31,etfs_america_norte__min_vol,-0.1816361852093139
2018-11-30,etfs_america_norte__min_vol,-0.14691787973010184
2018-12-31,etfs_america_norte__min_vol,-0.22732824934483375
2019-01-31,etfs_america_norte__min_vol,-0.19669221221018052
2019-02-28,etfs_america_norte__min_vol,-0.16353056450992098
2019-03-31,etfs_america_norte__min_vol,-0.10236454218308777
2019-04-30,etfs_america_norte__min_vol,-0.06265746401738226
2019-05-31,etfs_america_norte__min_vol,-0.13521521291017202
2019-06-30,etfs_america_norte__min_vol,-0.10467274970915508
2019-07-31,etfs_america_norte__min_vol,-0.10423518194344172
2019-08-31,etfs_america_norte__min_vol,-0.053770981220657044
2019-09-30,etfs_america_norte__min_vol,-0.034883313705368124
2019-10-31,etfs_america_norte__min_vol,-0.06069069679942207
2019-11-30,etfs_america_norte__min_vol,0.0
2019-12-31,etfs_america_norte__min_vol,-0.00016954298523785827
2020-01-31,etfs_america_norte__min_vol,0.0
2020-02-29,etfs_america_norte__min_vol,-0.045931573217367516
2020-03-31,etfs_america_norte__min_vol,-0.09470646244080805
2020-04-30,etfs_america_norte__min_vol,0.0
2020-05-31,etfs_america_norte__min_vol,0.0
2020-06-30,etfs_america_norte__min_vol,0.0
2020-07-31,etfs_america_norte__min_vol,-0.019144653242358478
2020-08-31,etfs_america_norte__min_vol,0.0
2020-09-30,etfs_america_norte__min_vol,-0.039401177994663694
2020-10-31,etfs_america_norte__min_vol,-0.04596249071144476
2020-11-30,etfs_america_norte__min_vol,0.0
2020-12-31,etfs_america_norte__min_vol,0.0
2021-01-31,etfs_america_norte__min_vol,0.0
2021-02-28,etfs_america_norte__min_vol,0.0
2021-03-31,etfs_america_norte__min_vol,0.0
2021-04-30,etfs_america_norte__min_vol,-0.038809605764714816
2021-05-31,etfs_america_norte__min_vol,-0.040253222003658884
2021-06-30,etfs_america_norte__min_vol,-0.053572099584214605
2021-07-31,etfs_america_norte__min_vol,-0.03938905497792189
2021-08-31,etfs_america_norte__min_vol,-0.0030535190486873365
2021-09-30,etfs_america_norte__min_vol,0.0
2021-10-31,etfs_america_norte__min_vol,0.0
2021-11-30,etfs_america_norte__min_vol,-0.020456726442250495
2021-12-31,etfs_america_norte__min_vol,0.0
2022-01-31,etfs_america_norte__min_vol,-0.022014894711592792
2022-02-28,etfs_america_norte__min_vol,-0.06019711037003739
2022-03-31,etfs_america_norte__min_vol,-0.07973224013467572
2022-04-30,etfs_america_norte__min_vol,-0.12370651590040227
2022-05-31,etfs_america_norte__min_vol,-0.1153564095605738
2022-06-30,etfs_america_norte__min_vol,-0.14562303668470666
2022-07-31,etfs_america_norte__min_vol,-0.055803543094391395
2022-08-31,etfs_america_norte__min_vol,-0.08728439176921443
2022-09-30,etfs_america_norte__min_vol,-0.13244490013981847
2022-10-31,etfs_america_norte__min_vol,-0.04463441827261061
2022-11-30,etfs_america_norte__min_vol,-0.009024768050272858
2022-12-31,etfs_america_norte__min_vol,-0.0650049130650654
2023-01-31,etfs_america_norte__min_vol,-0.03547034319627895
2023-02-28,etfs_america_norte__min_vol,-0.051551430152155464
2023-03-31,etfs_america_norte__min_vol,-0.03017769191414843
2023-04-30,etfs_america_norte__min_vol,-0.0369415276498245
2023-05-31,etfs_america_norte__min_vol,-0.031077618156979736
2023-06-30,etfs_america_norte__min_vol,-0.004211219019324197
2023-07-31,etfs_america_norte__min_vol,0.0
2023-08-31,etfs_america_norte__min_vol,0.0
2023-09-30,etfs_america_norte__min_vol,0.0
2023-10-31,etfs_america_norte__min_vol,-0.030742754544588302
2023-11-30,etfs_america_norte__min_vol,0.0
2023-12-31,etfs_america_norte__min_vol,0.0
2024-01-31,etfs_america_norte__min_vol,0.0
2024-02-29,etfs_america_norte__min_vol,0.0
2024-03-31,etfs_america_norte__min_vol,0.0
2024-04-30,etfs_america_norte__min_vol,-0.006563462800100339
2024-05-31,etfs_america_norte__min_vol,0.0
2024-06-30,etfs_america_norte__min_vol,0.0
2024-07-31,etfs_america_norte__min_vol,0.0
2024-08-31,etfs_america_norte__min_vol,0.0
2024-09-30,etfs_america_norte__min_vol,-0.0290775568997248
2024-10-31,etfs_america_norte__min_vol,0.0
2024-11-30,etfs_america_norte__min_vol,0.0
2024-12-31,etfs_america_norte__min_vol,-0.012216628333414414
2025-01-31,etfs_america_norte__min_vol,-0.03830827247959645
2025-02-28,etfs_america_norte__min_vol,-0.04456295241777486
2025-03-31,etfs_america_norte__min_vol,-0.08815480316047286
2025-04-30,etfs_america_norte__min_vol,-0.14956244918760764
2025-05-31,etfs_america_norte__min_vol,-0.09489596912418552
2025-06-30,etfs_america_norte__min_vol,-0.07689461474178483
2025-07-31,etfs_america_norte__min_vol,-0.036886484715943024
2025-08-31,etfs_america_norte__min_vol,-0.04420567126314923
2025-09-30,etfs_america_norte__min_vol,-0.03332667076134466
2025-10-31,etfs_america_norte__min_vol,-0.0034408415015676486
2025-11-30,etfs_america_norte__min_vol,-0.0041800541444818595
2025-12-31,etfs_america_norte__min_vol,0.0
2026-01-31,etfs_america_norte__min_vol,0.0
2026-02-28,etfs_america_norte__min_vol,0.0
2026-03-31,etfs_america_norte__min_vol,0.0
2026-04-30,etfs_america_norte__min_vol,-0.024371430431137986
2015-02-28,etfs_global__max_sharpe,0.0
2015-03-31,etfs_global__max_sharpe,0.0
2015-04-30,etfs_global__max_sharpe,-0.05640136015407704
2015-05-31,etfs_global__max_sharpe,0.0
2015-06-30,etfs_global__max_sharpe,-0.039085969003478827
2015-07-31,etfs_global__max_sharpe,0.0
2015-08-31,etfs_global__max_sharpe,-0.011477427080142988
2015-09-30,etfs_global__max_sharpe,0.0
2015-10-31,etfs_global__max_sharpe,0.0
2015-11-30,etfs_global__max_sharpe,-0.005455867840988726
2015-12-31,etfs_global__max_sharpe,0.0
2016-01-31,etfs_global__max_sharpe,-0.02933185429678853
2016-02-29,etfs_global__max_sharpe,-0.07090386455525988
2016-03-31,etfs_global__max_sharpe,-0.09391535897526726
2016-04-30,etfs_global__max_sharpe,-0.10963519734082228
2016-05-31,etfs_global__max_sharpe,-0.08510497385557803
2016-06-30,etfs_global__max_sharpe,-0.1760361912233258
2016-07-31,etfs_global__max_sharpe,-0.13113626241694432
2016-08-31,etfs_global__max_sharpe,-0.1399418879624924
2016-09-30,etfs_global__max_sharpe,-0.1242758842181072
2016-10-31,etfs_global__max_sharpe,-0.15742005907741852
2016-11-30,etfs_global__max_sharpe,-0.08929607112751548
2016-12-31,etfs_global__max_sharpe,-0.12463439786191499
2017-01-31,etfs_global__max_sharpe,-0.13191601166591216
2017-02-28,etfs_global__max_sharpe,-0.11953376347278843
2017-03-31,etfs_global__max_sharpe,-0.09001711898372744
2017-04-30,etfs_global__max_sharpe,-0.06365035023161969
2017-05-31,etfs_global__max_sharpe,-0.017372926995102178
2017-06-30,etfs_global__max_sharpe,0.0
2017-07-31,etfs_global__max_sharpe,-0.01134403191640121
2017-08-31,etfs_global__max_sharpe,-0.014462017002687788
2017-09-30,etfs_global__max_sharpe,0.0
2017-10-31,etfs_global__max_sharpe,0.0
2017-11-30,etfs_global__max_sharpe,0.0
2017-12-31,etfs_global__max_sharpe,0.0
2018-01-31,etfs_global__max_sharpe,0.0
2018-02-28,etfs_global__max_sharpe,-0.026063797664342192
2018-03-31,etfs_global__max_sharpe,-0.015340775469718126
2018-04-30,etfs_global__max_sharpe,0.0
2018-05-31,etfs_global__max_sharpe,0.0
2018-06-30,etfs_global__max_sharpe,0.0
2018-07-31,etfs_global__max_sharpe,-0.007561123840663542
2018-08-31,etfs_global__max_sharpe,0.0
2018-09-30,etfs_global__max_sharpe,-0.028414515999991674
2018-10-31,etfs_global__max_sharpe,-0.17641128142819817
2018-11-30,etfs_global__max_sharpe,-0.13060944337872138
2018-12-31,etfs_global__max_sharpe,-0.1840433181853237
2019-01-31,etfs_global__max_sharpe,-0.16391806081106497
2019-02-28,etfs_global__max_sharpe,-0.132007976778306
2019-03-31,etfs_global__max_sharpe,-0.08251366582297559
2019-04-30,etfs_global__max_sharpe,-0.04142204579160946
2019-05-31,etfs_global__max_sharpe,-0.08836780566531677
2019-06-30,etfs_global__max_sharpe,-0.0713911993742754
2019-07-31,etfs_global__max_sharpe,-0.08394380842899007
2019-08-31,etfs_global__max_sharpe,-0.013182488488293065
2019-09-30,etfs_global__max_sharpe,0.0
2019-10-31,etfs_global__max_sharpe,-0.013156985768666307
2019-11-30,etfs_global__max_sharpe,0.0
2019-12-31,etfs_global__max_sharpe,-0.007702016378498988
2020-01-31,etfs_global__max_sharpe,0.0
2020-02-29,etfs_global__max_sharpe,-0.021625003978159252
2020-03-31,etfs_global__max_sharpe,-0.030798850453004567
2020-04-30,etfs_global__max_sharpe,0.0
2020-05-31,etfs_global__max_sharpe,0.0
2020-06-30,etfs_global__max_sharpe,0.0
2020-07-31,etfs_global__max_sharpe,-0.003706510203744573
2020-08-31,etfs_global__max_sharpe,0.0
2020-09-30,etfs_global__max_sharpe,0.0
2020-10-31,etfs_global__max_sharpe,-0.0005826539966617972
2020-11-30,etfs_global__max_sharpe,0.0
2020-12-31,etfs_global__max_sharpe,0.0
2021-01-31,etfs_global__max_sharpe,0.0
2021-02-28,etfs_global__max_sharpe,0.0
2021-03-31,etfs_global__max_sharpe,0.0
2021-04-30,etfs_global__max_sharpe,-0.0401694971870068
2021-05-31,etfs_global__max_sharpe,-0.0370178674680427
2021-06-30,etfs_global__max_sharpe,-0.08444230806803199
2021-07-31,etfs_global__max_sharpe,-0.05493380701451245
2021-08-31,etfs_global__max_sharpe,-0.017383518726567182
2021-09-30,etfs_global__max_sharpe,-0.013615322444169409
2021-10-31,etfs_global__max_sharpe,0.0
2021-11-30,etfs_global__max_sharpe,-0.03946624288623557
2021-12-31,etfs_global__max_sharpe,-0.006413601342230013
2022-01-31,etfs_global__max_sharpe,-0.08484763261372463
2022-02-28,etfs_global__max_sharpe,-0.14440977683433365
2022-03-31,etfs_global__max_sharpe,-0.19716430703307652
2022-04-30,etfs_global__max_sharpe,-0.23245330128341501
2022-05-31,etfs_global__max_sharpe,-0.2548849091313603
2022-06-30,etfs_global__max_sharpe,-0.2564727308098329
2022-07-31,etfs_global__max_sharpe,-0.20824834413669724
2022-08-31,etfs_global__max_sharpe,-0.2546676711776735
2022-09-30,etfs_global__max_sharpe,-0.29009286930113
2022-10-31,etfs_global__max_sharpe,-0.260657149202179
2022-11-30,etfs_global__max_sharpe,-0.19188810070281692
2022-12-31,etfs_global__max_sharpe,-0.219716744666822
2023-01-31,etfs_global__max_sharpe,-0.18389985785747087
2023-02-28,etfs_global__max_sharpe,-0.19795428694595607
2023-03-31,etfs_global__max_sharpe,-0.1913344479561805
2023-04-30,etfs_global__max_sharpe,-0.19501586112288072
2023-05-31,etfs_global__max_sharpe,-0.20179622038153522
2023-06-30,etfs_global__max_sharpe,-0.18909584468877216
2023-07-31,etfs_global__max_sharpe,-0.18369184124139792
2023-08-31,etfs_global__max_sharpe,-0.18246927995645779
2023-09-30,etfs_global__max_sharpe,-0.19288306694319723
2023-10-31,etfs_global__max_sharpe,-0.2146186614828054
2023-11-30,etfs_global__max_sharpe,-0.16877965595380284
2023-12-31,etfs_global__max_sharpe,-0.13527957919788902
2024-01-31,etfs_global__max_sharpe,-0.11981745945472344
2024-02-29,etfs_global__max_sharpe,-0.08222610170681754
2024-03-31,etfs_global__max_sharpe,-0.046902557545841606
2024-04-30,etfs_global__max_sharpe,-0.05704781907165002
2024-05-31,etfs_global__max_sharpe,0.0
2024-06-30,etfs_global__max_sharpe,0.0
2024-07-31,etfs_global__max_sharpe,0.0
2024-08-31,etfs_global__max_sharpe,0.0
2024-09-30,etfs_global__max_sharpe,-0.01695154176261715
2024-10-31,etfs_global__max_sharpe,0.0
2024-11-30,etfs_global__max_sharpe,0.0
2024-12-31,etfs_global__max_sharpe,-0.003892425701488289
2025-01-31,etfs_global__max_sharpe,-0.019251153051513148
2025-02-28,etfs_global__max_sharpe,-0.020132512133340108
2025-03-31,etfs_global__max_sharpe,-0.056906157598816676
2025-04-30,etfs_global__max_sharpe,-0.06390918000713008
2025-05-31,etfs_global__max_sharpe,-0.004106499112234485
2025-06-30,etfs_global__max_sharpe,0.0
2025-07-31,etfs_global__max_sharpe,0.0
2025-08-31,etfs_global__max_sharpe,0.0
2025-09-30,etfs_global__max_sharpe,0.0
2025-10-31,etfs_global__max_sharpe,0.0
2025-11-30,etfs_global__max_sharpe,-0.0008847158989431225
2025-12-31,etfs_global__max_sharpe,0.0
2026-01-31,etfs_global__max_sharpe,-0.014766735803208753
2026-02-28,etfs_global__max_sharpe,0.0
2026-03-31,etfs_global__max_sharpe,-0.0467553828194871
2026-04-30,etfs_global__max_sharpe,-0.030534427986722346
2015-02-28,etfs_global__min_vol,0.0
2015-03-31,etfs_global__min_vol,0.0
2015-04-30,etfs_global__min_vol,-0.05640136015407704
2015-05-31,etfs_global__min_vol,0.0
2015-06-30,etfs_global__min_vol,-0.039085969003478827
2015-07-31,etfs_global__min_vol,0.0
2015-08-31,etfs_global__min_vol,-0.011477427080142988
2015-09-30,etfs_global__min_vol,0.0
2015-10-31,etfs_global__min_vol,0.0
2015-11-30,etfs_global__min_vol,-0.005455867840988726
2015-12-31,etfs_global__min_vol,0.0
2016-01-31,etfs_global__min_vol,-0.02933185429678853
2016-02-29,etfs_global__min_vol,-0.07090386455525988
2016-03-31,etfs_global__min_vol,-0.09391535897526726
2016-04-30,etfs_global__min_vol,-0.10963519734082228
2016-05-31,etfs_global__min_vol,-0.08510497385557803
2016-06-30,etfs_global__min_vol,-0.1760361912233258
2016-07-31,etfs_global__min_vol,-0.13113626241694432
2016-08-31,etfs_global__min_vol,-0.1399418879624924
2016-09-30,etfs_global__min_vol,-0.1242758842181072
2016-10-31,etfs_global__min_vol,-0.15742005907741852
2016-11-30,etfs_global__min_vol,-0.08929607112751548
2016-12-31,etfs_global__min_vol,-0.12463439786191499
2017-01-31,etfs_global__min_vol,-0.13191601166591216
2017-02-28,etfs_global__min_vol,-0.11953376347278843
2017-03-31,etfs_global__min_vol,-0.09001711898372744
2017-04-30,etfs_global__min_vol,-0.06365035023161969
2017-05-31,etfs_global__min_vol,-0.017372926995102178
2017-06-30,etfs_global__min_vol,0.0
2017-07-31,etfs_global__min_vol,-0.01134403191640121
2017-08-31,etfs_global__min_vol,-0.014462017002687788
2017-09-30,etfs_global__min_vol,0.0
2017-10-31,etfs_global__min_vol,0.0
2017-11-30,etfs_global__min_vol,0.0
2017-12-31,etfs_global__min_vol,0.0
2018-01-31,etfs_global__min_vol,0.0
2018-02-28,etfs_global__min_vol,-0.026063797664342192
2018-03-31,etfs_global__min_vol,-0.015340775469718126
2018-04-30,etfs_global__min_vol,0.0
2018-05-31,etfs_global__min_vol,0.0
2018-06-30,etfs_global__min_vol,0.0
2018-07-31,etfs_global__min_vol,-0.007561123840663542
2018-08-31,etfs_global__min_vol,0.0
2018-09-30,etfs_global__min_vol,-0.028414515999991674
2018-10-31,etfs_global__min_vol,-0.17641128142819817
2018-11-30,etfs_global__min_vol,-0.13060944337872138
2018-12-31,etfs_global__min_vol,-0.1840433181853237
2019-01-31,etfs_global__min_vol,-0.16391806081106497
2019-02-28,etfs_global__min_vol,-0.132007976778306
2019-03-31,etfs_global__min_vol,-0.08251366582297559
2019-04-30,etfs_global__min_vol,-0.04142204579160946
2019-05-31,etfs_global__min_vol,-0.08836780566531677
2019-06-30,etfs_global__min_vol,-0.0713911993742754
2019-07-31,etfs_global__min_vol,-0.08394380842899007
2019-08-31,etfs_global__min_vol,-0.013182488488293065
2019-09-30,etfs_global__min_vol,0.0
2019-10-31,etfs_global__min_vol,-0.013156985768666307
2019-11-30,etfs_global__min_vol,0.0
2019-12-31,etfs_global__min_vol,-0.007702016378498988
2020-01-31,etfs_global__min_vol,0.0
2020-02-29,etfs_global__min_vol,-0.021625003978159252
2020-03-31,etfs_global__min_vol,-0.030798850453004567
2020-04-30,etfs_global__min_vol,0.0
2020-05-31,etfs_global__min_vol,0.0
2020-06-30,etfs_global__min_vol,0.0
2020-07-31,etfs_global__min_vol,-0.003706510203744573
2020-08-31,etfs_global__min_vol,0.0
2020-09-30,etfs_global__min_vol,0.0
2020-10-31,etfs_global__min_vol,-0.0005826539966617972
2020-11-30,etfs_global__min_vol,0.0
2020-12-31,etfs_global__min_vol,0.0
2021-01-31,etfs_global__min_vol,0.0
2021-02-28,etfs_global__min_vol,0.0
2021-03-31,etfs_global__min_vol,0.0
2021-04-30,etfs_global__min_vol,-0.0401694971870068
2021-05-31,etfs_global__min_vol,-0.0370178674680427
2021-06-30,etfs_global__min_vol,-0.08444230806803199
2021-07-31,etfs_global__min_vol,-0.05493380701451245
2021-08-31,etfs_global__min_vol,-0.017383518726567182
2021-09-30,etfs_global__min_vol,-0.013615322444169409
2021-10-31,etfs_global__min_vol,0.0
2021-11-30,etfs_global__min_vol,-0.03946624288623557
2021-12-31,etfs_global__min_vol,-0.006413601342230013
2022-01-31,etfs_global__min_vol,-0.08484763261372463
2022-02-28,etfs_global__min_vol,-0.14440977683433365
2022-03-31,etfs_global__min_vol,-0.19716430703307652
2022-04-30,etfs_global__min_vol,-0.23245330128341501
2022-05-31,etfs_global__min_vol,-0.2548849091313603
2022-06-30,etfs_global__min_vol,-0.2564727308098329
2022-07-31,etfs_global__min_vol,-0.20824834413669724
2022-08-31,etfs_global__min_vol,-0.2546676711776735
2022-09-30,etfs_global__min_vol,-0.29009286930113
2022-10-31,etfs_global__min_vol,-0.260657149202179
2022-11-30,etfs_global__min_vol,-0.19188810070281692
2022-12-31,etfs_global__min_vol,-0.219716744666822
2023-01-31,etfs_global__min_vol,-0.18389985785747087
2023-02-28,etfs_global__min_vol,-0.19795428694595607
2023-03-31,etfs_global__min_vol,-0.1913344479561805
2023-04-30,etfs_global__min_vol,-0.19501586112288072
2023-05-31,etfs_global__min_vol,-0.20179622038153522
2023-06-30,etfs_global__min_vol,-0.18909584468877216
2023-07-31,etfs_global__min_vol,-0.18369184124139792
2023-08-31,etfs_global__min_vol,-0.18246927995645779
2023-09-30,etfs_global__min_vol,-0.19288306694319723
2023-10-31,etfs_global__min_vol,-0.2146186614828054
2023-11-30,etfs_global__min_vol,-0.16877965595380284
2023-12-31,etfs_global__min_vol,-0.13527957919788902
2024-01-31,etfs_global__min_vol,-0.11981745945472344
2024-02-29,etfs_global__min_vol,-0.08222610170681754
2024-03-31,etfs_global__min_vol,-0.046902557545841606
2024-04-30,etfs_global__min_vol,-0.05704781907165002
2024-05-31,etfs_global__min_vol,0.0
2024-06-30,etfs_global__min_vol,0.0
2024-07-31,etfs_global__min_vol,0.0
2024-08-31,etfs_global__min_vol,0.0
2024-09-30,etfs_global__min_vol,-0.01695154176261715
2024-10-31,etfs_global__min_vol,0.0
2024-11-30,etfs_global__min_vol,0.0
2024-12-31,etfs_global__min_vol,-0.003892425701488289
2025-01-31,etfs_global__min_vol,-0.019251153051513148
2025-02-28,etfs_global__min_vol,-0.020132512133340108
2025-03-31,etfs_global__min_vol,-0.056906157598816676
2025-04-30,etfs_global__min_vol,-0.06390918000713008
2025-05-31,etfs_global__min_vol,-0.004106499112234485
2025-06-30,etfs_global__min_vol,0.0
2025-07-31,etfs_global__min_vol,0.0
2025-08-31,etfs_global__min_vol,0.0
2025-09-30,etfs_global__min_vol,0.0
2025-10-31,etfs_global__min_vol,0.0
2025-11-30,etfs_global__min_vol,-0.0008847158989431225
2025-12-31,etfs_global__min_vol,0.0
2026-01-31,etfs_global__min_vol,-0.014766735803208753
2026-02-28,etfs_global__min_vol,0.0
2026-03-31,etfs_global__min_vol,-0.0467553828194871
2026-04-30,etfs_global__min_vol,-0.030534427986722346
2015-02-28,etfs_exterior__min_vol,0.0
2015-03-31,etfs_exterior__min_vol,0.0
2015-04-30,etfs_exterior__min_vol,-0.043615906421154205
2015-05-31,etfs_exterior__min_vol,0.0
2015-06-30,etfs_exterior__min_vol,-0.04543106799705221
2015-07-31,etfs_exterior__min_vol,0.0
2015-08-31,etfs_exterior__min_vol,-0.014359344973329802
2015-09-30,etfs_exterior__min_vol,0.0
2015-10-31,etfs_exterior__min_vol,0.0
2015-11-30,etfs_exterior__min_vol,-0.022596591469220773
2015-12-31,etfs_exterior__min_vol,-0.021307870292308517
2016-01-31,etfs_exterior__min_vol,-0.04149280424520907
2016-02-29,etfs_exterior__min_vol,-0.07346696953918264
2016-03-31,etfs_exterior__min_vol,-0.08335117123703084
2016-04-30,etfs_exterior__min_vol,-0.09708742091935485
2016-05-31,etfs_exterior__min_vol,-0.09157014653356599
2016-06-30,etfs_exterior__min_vol,-0.1609519755780464
2016-07-31,etfs_exterior__min_vol,-0.1158141372157605
2016-08-31,etfs_exterior__min_vol,-0.1267555516793395
2016-09-30,etfs_exterior__min_vol,-0.10526142370333857
2016-10-31,etfs_exterior__min_vol,-0.122980415471455
2016-11-30,etfs_exterior__min_vol,-0.083580258106151
2016-12-31,etfs_exterior__min_vol,-0.13680162068687285
2017-01-31,etfs_exterior__min_vol,-0.13134622554711983
2017-02-28,etfs_exterior__min_vol,-0.11834782420818257
2017-03-31,etfs_exterior__min_vol,-0.0705861832595358
2017-04-30,etfs_exterior__min_vol,-0.048112465920247316
2017-05-31,etfs_exterior__min_vol,-0.002558287560500583
2017-06-30,etfs_exterior__min_vol,0.0
2017-07-31,etfs_exterior__min_vol,0.0
2017-08-31,etfs_exterior__min_vol,0.0
2017-09-30,etfs_exterior__min_vol,0.0
2017-10-31,etfs_exterior__min_vol,0.0
2017-11-30,etfs_exterior__min_vol,-0.014462026743944478
2017-12-31,etfs_exterior__min_vol,0.0
2018-01-31,etfs_exterior__min_vol,0.0
2018-02-28,etfs_exterior__min_vol,-0.028761980960650524
2018-03-31,etfs_exterior__min_vol,-0.010437552120647786
2018-04-30,etfs_exterior__min_vol,0.0
2018-05-31,etfs_exterior__min_vol,0.0
2018-06-30,etfs_exterior__min_vol,0.0
2018-07-31,etfs_exterior__min_vol,0.0
2018-08-31,etfs_exterior__min_vol,0.0
2018-09-30,etfs_exterior__min_vol,-0.02464759896276525
2018-10-31,etfs_exterior__min_vol,-0.18700219109551142
2018-11-30,etfs_exterior__min_vol,-0.13410626797886238
2018-12-31,etfs_exterior__min_vol,-0.16417128398408964
2019-01-31,etfs_exterior__min_vol,-0.13121949185025306
2019-02-28,etfs_exterior__min_vol,-0.11561988328043626
2019-03-31,etfs_exterior__min_vol,-0.07059018258076699
2019-04-30,etfs_exterior__min_vol,-0.04142495729925755
2019-05-31,etfs_exterior__min_vol,-0.08953064131198207
2019-06-30,etfs_exterior__min_vol,-0.07124143082093304
2019-07-31,etfs_exterior__min_vol,-0.10095023663654434
2019-08-31,etfs_exterior__min_vol,-0.06274644856194156
2019-09-30,etfs_exterior__min_vol,-0.04016379680705906
2019-10-31,etfs_exterior__min_vol,-0.0610322796588344
2019-11-30,etfs_exterior__min_vol,-0.015651794031205757
2019-12-31,etfs_exterior__min_vol,-0.0023384971820898937
2020-01-31,etfs_exterior__min_vol,0.0
2020-02-29,etfs_exterior__min_vol,-0.0206296798933594
2020-03-31,etfs_exterior__min_vol,-0.07391201585481955
2020-04-30,etfs_exterior__min_vol,0.0
2020-05-31,etfs_exterior__min_vol,0.0
2020-06-30,etfs_exterior__min_vol,0.0
2020-07-31,etfs_exterior__min_vol,-0.006899060882336272
2020-08-31,etfs_exterior__min_vol,0.0
2020-09-30,etfs_exterior__min_vol,0.0
2020-10-31,etfs_exterior__min_vol,0.0
2020-11-30,etfs_exterior__min_vol,0.0
2020-12-31,etfs_exterior__min_vol,0.0
2021-01-31,etfs_exterior__min_vol,0.0
2021-02-28,etfs_exterior__min_vol,0.0
2021-03-31,etfs_exterior__min_vol,0.0
2021-04-30,etfs_exterior__min_vol,-0.060596694719886934
2021-05-31,etfs_exterior__min_vol,-0.06166092798791656
2021-06-30,etfs_exterior__min_vol,-0.11384521822587823
2021-07-31,etfs_exterior__min_vol,-0.10588555867543958
2021-08-31,etfs_exterior__min_vol,-0.06227270889517866
2021-09-30,etfs_exterior__min_vol,-0.0607044634359748
2021-10-31,etfs_exterior__min_vol,-0.007582740472925065
2021-11-30,etfs_exterior__min_vol,-0.05377544087166164
2021-12-31,etfs_exterior__min_vol,-0.025743474048395276
2022-01-31,etfs_exterior__min_vol,-0.05931119329690615
2022-02-28,etfs_exterior__min_vol,-0.10510807180364323
2022-03-31,etfs_exterior__min_vol,-0.14985472568395386
2022-04-30,etfs_exterior__min_vol,-0.188927107196026
2022-05-31,etfs_exterior__min_vol,-0.18882531210164777
2022-06-30,etfs_exterior__min_vol,-0.19364193669832164
2022-07-31,etfs_exterior__min_vol,-0.16042449525054436
2022-08-31,etfs_exterior__min_vol,-0.19039233336675143
2022-09-30,etfs_exterior__min_vol,-0.22527709227691062
2022-10-31,etfs_exterior__min_vol,-0.21071499320878506
2022-11-30,etfs_exterior__min_vol,-0.11564416827361357
2022-12-31,etfs_exterior__min_vol,-0.12532151116491674
2023-01-31,etfs_exterior__min_vol,-0.07494106187959282
2023-02-28,etfs_exterior__min_vol,-0.09901791751208189
2023-03-31,etfs_exterior__min_vol,-0.09550504467670562
2023-04-30,etfs_exterior__min_vol,-0.10622525264328064
2023-05-31,etfs_exterior__min_vol,-0.12044412701811891
2023-06-30,etfs_exterior__min_vol,-0.10423144713768673
2023-07-31,etfs_exterior__min_vol,-0.0911265245467191
2023-08-31,etfs_exterior__min_vol,-0.10721254839162442
2023-09-30,etfs_exterior__min_vol,-0.12085709352664864
2023-10-31,etfs_exterior__min_vol,-0.15385653424947343
2023-11-30,etfs_exterior__min_vol,-0.09977327595545293
2023-12-31,etfs_exterior__min_vol,-0.06466475206689581
2024-01-31,etfs_exterior__min_vol,-0.07402550910627981
2024-02-29,etfs_exterior__min_vol,-0.048708230393949004
2024-03-31,etfs_exterior__min_vol,-0.015512339547760545
2024-04-30,etfs_exterior__min_vol,-0.0009897170697232838
2024-05-31,etfs_exterior__min_vol,0.0
2024-06-30,etfs_exterior__min_vol,0.0
2024-07-31,etfs_exterior__min_vol,0.0
2024-08-31,etfs_exterior__min_vol,0.0
2024-09-30,etfs_exterior__min_vol,-0.0015744281625411638
2024-10-31,etfs_exterior__min_vol,0.0
2024-11-30,etfs_exterior__min_vol,0.0
2024-12-31,etfs_exterior__min_vol,-0.0008823233405119701
2025-01-31,etfs_exterior__min_vol,-0.017090225372039747
2025-02-28,etfs_exterior__min_vol,-0.0045871498842914304
2025-03-31,etfs_exterior__min_vol,-0.014908978361996117
2025-04-30,etfs_exterior__min_vol,-0.01173446543604273
2025-05-31,etfs_exterior__min_vol,0.0
2025-06-30,etfs_exterior__min_vol,0.0
2025-07-31,etfs_exterior__min_vol,0.0
2025-08-31,etfs_exterior__min_vol,0.0
2025-09-30,etfs_exterior__min_vol,0.0
2025-10-31,etfs_exterior__min_vol,0.0
2025-11-30,etfs_exterior__min_vol,0.0
2025-12-31,etfs_exterior__min_vol,0.0
2026-01-31,etfs_exterior__min_vol,0.0
2026-02-28,etfs_exterior__min_vol,0.0
2026-03-31,etfs_exterior__min_vol,-0.04345960484834954
2026-04-30,etfs_exterior__min_vol,-0.03799317907508004
2015-02-28,etfs_desenvolvidos_emergentes__max_sharpe,0.0
2015-03-31,etfs_desenvolvidos_emergentes__max_sharpe,0.0
2015-04-30,etfs_desenvolvidos_emergentes__max_sharpe,-0.03378689155230963
2015-05-31,etfs_desenvolvidos_emergentes__max_sharpe,0.0
2015-06-30,etfs_desenvolvidos_emergentes__max_sharpe,-0.04262402397730536
2015-07-31,etfs_desenvolvidos_emergentes__max_sharpe,0.0
2015-08-31,etfs_desenvolvidos_emergentes__max_sharpe,-0.02638756835921796
2015-09-30,etfs_desenvolvidos_emergentes__max_sharpe,0.0
2015-10-31,etfs_desenvolvidos_emergentes__max_sharpe,0.0
2015-11-30,etfs_desenvolvidos_emergentes__max_sharpe,-0.016111819050924514
2015-12-31,etfs_desenvolvidos_emergentes__max_sharpe,-0.014922249087381378
2016-01-31,etfs_desenvolvidos_emergentes__max_sharpe,-0.04179786476114922
2016-02-29,etfs_desenvolvidos_emergentes__max_sharpe,-0.08480887027501194
2016-03-31,etfs_desenvolvidos_emergentes__max_sharpe,-0.08797032812209737
2016-04-30,etfs_desenvolvidos_emergentes__max_sharpe,-0.1043153793488586
2016-05-31,etfs_desenvolvidos_emergentes__max_sharpe,-0.09878637170041382
2016-06-30,etfs_desenvolvidos_emergentes__max_sharpe,-0.17276946579138786
2016-07-31,etfs_desenvolvidos_emergentes__max_sharpe,-0.12267584572428747
2016-08-31,etfs_desenvolvidos_emergentes__max_sharpe,-0.1286407139784299
2016-09-30,etfs_desenvolvidos_emergentes__max_sharpe,-0.10354366249480107
2016-10-31,etfs_desenvolvidos_emergentes__max_sharpe,-0.13413810952805194
2016-11-30,etfs_desenvolvidos_emergentes__max_sharpe,-0.09273971270265813
2016-12-31,etfs_desenvolvidos_emergentes__max_sharpe,-0.13746286771086902
2017-01-31,etfs_desenvolvidos_emergentes__max_sharpe,-0.12865265422350214
2017-02-28,etfs_desenvolvidos_emergentes__max_sharpe,-0.12091082444719525
2017-03-31,etfs_desenvolvidos_emergentes__max_sharpe,-0.07954763499079542
2017-04-30,etfs_desenvolvidos_emergentes__max_sharpe,-0.05062811277989365
2017-05-31,etfs_desenvolvidos_emergentes__max_sharpe,-0.00026966542139528205
2017-06-30,etfs_desenvolvidos_emergentes__max_sharpe,0.0
2017-07-31,etfs_desenvolvidos_emergentes__max_sharpe,0.0
2017-08-31,etfs_desenvolvidos_emergentes__max_sharpe,0.0
2017-09-30,etfs_desenvolvidos_emergentes__max_sharpe,0.0
2017-10-31,etfs_desenvolvidos_emergentes__max_sharpe,0.0
2017-11-30,etfs_desenvolvidos_emergentes__max_sharpe,-0.00806410459323681
2017-12-31,etfs_desenvolvidos_emergentes__max_sharpe,0.0
2018-01-31,etfs_desenvolvidos_emergentes__max_sharpe,0.0
2018-02-28,etfs_desenvolvidos_emergentes__max_sharpe,-0.033574256252519086
2018-03-31,etfs_desenvolvidos_emergentes__max_sharpe,-0.010430620831895165
2018-04-30,etfs_desenvolvidos_emergentes__max_sharpe,0.0
2018-05-31,etfs_desenvolvidos_emergentes__max_sharpe,0.0
2018-06-30,etfs_desenvolvidos_emergentes__max_sharpe,0.0
2018-07-31,etfs_desenvolvidos_emergentes__max_sharpe,-0.008387930372167562
2018-08-31,etfs_desenvolvidos_emergentes__max_sharpe,0.0
2018-09-30,etfs_desenvolvidos_emergentes__max_sharpe,-0.03438899769703352
2018-10-31,etfs_desenvolvidos_emergentes__max_sharpe,-0.18781582158376897
2018-11-30,etfs_desenvolvidos_emergentes__max_sharpe,-0.13150011624983327
2018-12-31,etfs_desenvolvidos_emergentes__max_sharpe,-0.16392340357342383
2019-01-31,etfs_desenvolvidos_emergentes__max_sharpe,-0.13770713949198954
2019-02-28,etfs_desenvolvidos_emergentes__max_sharpe,-0.1215039958666485
2019-03-31,etfs_desenvolvidos_emergentes__max_sharpe,-0.07327685709971288
2019-04-30,etfs_desenvolvidos_emergentes__max_sharpe,-0.038641848412736546
2019-05-31,etfs_desenvolvidos_emergentes__max_sharpe,-0.08935988951134022
2019-06-30,etfs_desenvolvidos_emergentes__max_sharpe,-0.07611059919480867
2019-07-31,etfs_desenvolvidos_emergentes__max_sharpe,-0.10315872810541848
2019-08-31,etfs_desenvolvidos_emergentes__max_sharpe,-0.041575160621885376
2019-09-30,etfs_desenvolvidos_emergentes__max_sharpe,-0.02161174122557108
2019-10-31,etfs_desenvolvidos_emergentes__max_sharpe,-0.02618711206645641
2019-11-30,etfs_desenvolvidos_emergentes__max_sharpe,0.0
2019-12-31,etfs_desenvolvidos_emergentes__max_sharpe,0.0
2020-01-31,etfs_desenvolvidos_emergentes__max_sharpe,0.0
2020-02-29,etfs_desenvolvidos_emergentes__max_sharpe,-0.0028982025720816207
2020-03-31,etfs_desenvolvidos_emergentes__max_sharpe,-0.030629639037161316
2020-04-30,etfs_desenvolvidos_emergentes__max_sharpe,0.0
2020-05-31,etfs_desenvolvidos_emergentes__max_sharpe,0.0
2020-06-30,etfs_desenvolvidos_emergentes__max_sharpe,0.0
2020-07-31,etfs_desenvolvidos_emergentes__max_sharpe,0.0
2020-08-31,etfs_desenvolvidos_emergentes__max_sharpe,0.0
2020-09-30,etfs_desenvolvidos_emergentes__max_sharpe,0.0
2020-10-31,etfs_desenvolvidos_emergentes__max_sharpe,0.0
2020-11-30,etfs_desenvolvidos_emergentes__max_sharpe,0.0
2020-12-31,etfs_desenvolvidos_emergentes__max_sharpe,0.0
2021-01-31,etfs_desenvolvidos_emergentes__max_sharpe,0.0
2021-02-28,etfs_desenvolvidos_emergentes__max_sharpe,0.0
2021-03-31,etfs_desenvolvidos_emergentes__max_sharpe,0.0
2021-04-30,etfs_desenvolvidos_emergentes__max_sharpe,-0.05331008178140251
2021-05-31,etfs_desenvolvidos_emergentes__max_sharpe,-0.045739694822086174
2021-06-30,etfs_desenvolvidos_emergentes__max_sharpe,-0.09596839904217058
2021-07-31,etfs_desenvolvidos_emergentes__max_sharpe,-0.09691993027024093
2021-08-31,etfs_desenvolvidos_emergentes__max_sharpe,-0.0662371126604483
2021-09-30,etfs_desenvolvidos_emergentes__max_sharpe,-0.05879127643471971
2021-10-31,etfs_desenvolvidos_emergentes__max_sharpe,0.0
2021-11-30,etfs_desenvolvidos_emergentes__max_sharpe,-0.0492198153861888
2021-12-31,etfs_desenvolvidos_emergentes__max_sharpe,-0.025344180895091273
2022-01-31,etfs_desenvolvidos_emergentes__max_sharpe,-0.08196526991569764
2022-02-28,etfs_desenvolvidos_emergentes__max_sharpe,-0.14586545777553517
2022-03-31,etfs_desenvolvidos_emergentes__max_sharpe,-0.2193030384801552
2022-04-30,etfs_desenvolvidos_emergentes__max_sharpe,-0.243223260962375
2022-05-31,etfs_desenvolvidos_emergentes__max_sharpe,-0.26338823911851283
2022-06-30,etfs_desenvolvidos_emergentes__max_sharpe,-0.2562629306447384
2022-07-31,etfs_desenvolvidos_emergentes__max_sharpe,-0.23631059880626037
2022-08-31,etfs_desenvolvidos_emergentes__max_sharpe,-0.27184505179876983
2022-09-30,etfs_desenvolvidos_emergentes__max_sharpe,-0.314045689380536
2022-10-31,etfs_desenvolvidos_emergentes__max_sharpe,-0.31223289709238944
2022-11-30,etfs_desenvolvidos_emergentes__max_sharpe,-0.22165402642851195
2022-12-31,etfs_desenvolvidos_emergentes__max_sharpe,-0.2374614085210276
2023-01-31,etfs_desenvolvidos_emergentes__max_sharpe,-0.19567263518862232
2023-02-28,etfs_desenvolvidos_emergentes__max_sharpe,-0.22483266282185765
2023-03-31,etfs_desenvolvidos_emergentes__max_sharpe,-0.21918556179273574
2023-04-30,etfs_desenvolvidos_emergentes__max_sharpe,-0.2286392067280173
2023-05-31,etfs_desenvolvidos_emergentes__max_sharpe,-0.24215004174187338
2023-06-30,etfs_desenvolvidos_emergentes__max_sharpe,-0.23608353230704593
2023-07-31,etfs_desenvolvidos_emergentes__max_sharpe,-0.22306976068189754
2023-08-31,etfs_desenvolvidos_emergentes__max_sharpe,-0.2361827827547871
2023-09-30,etfs_desenvolvidos_emergentes__max_sharpe,-0.2402828437875757
2023-10-31,etfs_desenvolvidos_emergentes__max_sharpe,-0.2643729975860535
2023-11-30,etfs_desenvolvidos_emergentes__max_sharpe,-0.2247250107430424
2023-12-31,etfs_desenvolvidos_emergentes__max_sharpe,-0.19695626728813265
2024-01-31,etfs_desenvolvidos_emergentes__max_sharpe,-0.2020893054896009
2024-02-29,etfs_desenvolvidos_emergentes__max_sharpe,-0.1727487923892177
2024-03-31,etfs_desenvolvidos_emergentes__max_sharpe,-0.1433151730912322
2024-04-30,etfs_desenvolvidos_emergentes__max_sharpe,-0.13610926828528802
2024-05-31,etfs_desenvolvidos_emergentes__max_sharpe,-0.09327084034636157
2024-06-30,etfs_desenvolvidos_emergentes__max_sharpe,-0.03590900064937319
2024-07-31,etfs_desenvolvidos_emergentes__max_sharpe,0.0
2024-08-31,etfs_desenvolvidos_emergentes__max_sharpe,0.0
2024-09-30,etfs_desenvolvidos_emergentes__max_sharpe,-0.0032067808313852586
2024-10-31,etfs_desenvolvidos_emergentes__max_sharpe,0.0
2024-11-30,etfs_desenvolvidos_emergentes__max_sharpe,0.0
2024-12-31,etfs_desenvolvidos_emergentes__max_sharpe,0.0
2025-01-31,etfs_desenvolvidos_emergentes__max_sharpe,-0.02102204544750219
2025-02-28,etfs_desenvolvidos_emergentes__max_sharpe,-0.0117975255727778
2025-03-31,etfs_desenvolvidos_emergentes__max_sharpe,-0.020704195050598173
2025-04-30,etfs_desenvolvidos_emergentes__max_sharpe,-0.023240176709433902
2025-05-31,etfs_desenvolvidos_emergentes__max_sharpe,0.0
2025-06-30,etfs_desenvolvidos_emergentes__max_sharpe,0.0
2025-07-31,etfs_desenvolvidos_emergentes__max_sharpe,0.0
2025-08-31,etfs_desenvolvidos_emergentes__max_sharpe,0.0
2025-09-30,etfs_desenvolvidos_emergentes__max_sharpe,0.0
2025-10-31,etfs_desenvolvidos_emergentes__max_sharpe,0.0
2025-11-30,etfs_desenvolvidos_emergentes__max_sharpe,-0.008655199673687664
2025-12-31,etfs_desenvolvidos_emergentes__max_sharpe,0.0
2026-01-31,etfs_desenvolvidos_emergentes__max_sharpe,0.0
2026-02-28,etfs_desenvolvidos_emergentes__max_sharpe,0.0
2026-03-31,etfs_desenvolvidos_emergentes__max_sharpe,-0.06613368185965596
2026-04-30,etfs_desenvolvidos_emergentes__max_sharpe,-0.04232731892781927
2015-02-28,etfs_desenvolvidos_emergentes__min_vol,0.0
2015-03-31,etfs_desenvolvidos_emergentes__min_vol,0.0
2015-04-30,etfs_desenvolvidos_emergentes__min_vol,-0.03378689155230963
2015-05-31,etfs_desenvolvidos_emergentes__min_vol,0.0
2015-06-30,etfs_desenvolvidos_emergentes__min_vol,-0.04262402397730536
2015-07-31,etfs_desenvolvidos_emergentes__min_vol,0.0
2015-08-31,etfs_desenvolvidos_emergentes__min_vol,-0.02638756835921796
2015-09-30,etfs_desenvolvidos_emergentes__min_vol,0.0
2015-10-31,etfs_desenvolvidos_emergentes__min_vol,0.0
2015-11-30,etfs_desenvolvidos_emergentes__min_vol,-0.016111819050924514
2015-12-31,etfs_desenvolvidos_emergentes__min_vol,-0.014922249087381378
2016-01-31,etfs_desenvolvidos_emergentes__min_vol,-0.04179786476114922
2016-02-29,etfs_desenvolvidos_emergentes__min_vol,-0.08480887027501194
2016-03-31,etfs_desenvolvidos_emergentes__min_vol,-0.08797032812209737
2016-04-30,etfs_desenvolvidos_emergentes__min_vol,-0.1043153793488586
2016-05-31,etfs_desenvolvidos_emergentes__min_vol,-0.09878637170041382
2016-06-30,etfs_desenvolvidos_emergentes__min_vol,-0.17276946579138786
2016-07-31,etfs_desenvolvidos_emergentes__min_vol,-0.12267584572428747
2016-08-31,etfs_desenvolvidos_emergentes__min_vol,-0.1286407139784299
2016-09-30,etfs_desenvolvidos_emergentes__min_vol,-0.10354366249480107
2016-10-31,etfs_desenvolvidos_emergentes__min_vol,-0.13413810952805194
2016-11-30,etfs_desenvolvidos_emergentes__min_vol,-0.09273971270265813
2016-12-31,etfs_desenvolvidos_emergentes__min_vol,-0.13746286771086902
2017-01-31,etfs_desenvolvidos_emergentes__min_vol,-0.12865265422350214
2017-02-28,etfs_desenvolvidos_emergentes__min_vol,-0.12091082444719525
2017-03-31,etfs_desenvolvidos_emergentes__min_vol,-0.07954763499079542
2017-04-30,etfs_desenvolvidos_emergentes__min_vol,-0.05062811277989365
2017-05-31,etfs_desenvolvidos_emergentes__min_vol,-0.00026966542139528205
2017-06-30,etfs_desenvolvidos_emergentes__min_vol,0.0
2017-07-31,etfs_desenvolvidos_emergentes__min_vol,0.0
2017-08-31,etfs_desenvolvidos_emergentes__min_vol,0.0
2017-09-30,etfs_desenvolvidos_emergentes__min_vol,0.0
2017-10-31,etfs_desenvolvidos_emergentes__min_vol,0.0
2017-11-30,etfs_desenvolvidos_emergentes__min_vol,-0.00806410459323681
2017-12-31,etfs_desenvolvidos_emergentes__min_vol,0.0
2018-01-31,etfs_desenvolvidos_emergentes__min_vol,0.0
2018-02-28,etfs_desenvolvidos_emergentes__min_vol,-0.033574256252519086
2018-03-31,etfs_desenvolvidos_emergentes__min_vol,-0.010430620831895165
2018-04-30,etfs_desenvolvidos_emergentes__min_vol,0.0
2018-05-31,etfs_desenvolvidos_emergentes__min_vol,0.0
2018-06-30,etfs_desenvolvidos_emergentes__min_vol,0.0
2018-07-31,etfs_desenvolvidos_emergentes__min_vol,-0.008387930372167562
2018-08-31,etfs_desenvolvidos_emergentes__min_vol,0.0
2018-09-30,etfs_desenvolvidos_emergentes__min_vol,-0.03438899769703352
2018-10-31,etfs_desenvolvidos_emergentes__min_vol,-0.18781582158376897
2018-11-30,etfs_desenvolvidos_emergentes__min_vol,-0.13150011624983327
2018-12-31,etfs_desenvolvidos_emergentes__min_vol,-0.16392340357342383
2019-01-31,etfs_desenvolvidos_emergentes__min_vol,-0.13770713949198954
2019-02-28,etfs_desenvolvidos_emergentes__min_vol,-0.1215039958666485
2019-03-31,etfs_desenvolvidos_emergentes__min_vol,-0.07327685709971288
2019-04-30,etfs_desenvolvidos_emergentes__min_vol,-0.038641848412736546
2019-05-31,etfs_desenvolvidos_emergentes__min_vol,-0.08935988951134022
2019-06-30,etfs_desenvolvidos_emergentes__min_vol,-0.07611059919480867
2019-07-31,etfs_desenvolvidos_emergentes__min_vol,-0.10315872810541848
2019-08-31,etfs_desenvolvidos_emergentes__min_vol,-0.041575160621885376
2019-09-30,etfs_desenvolvidos_emergentes__min_vol,-0.02161174122557108
2019-10-31,etfs_desenvolvidos_emergentes__min_vol,-0.02618711206645641
2019-11-30,etfs_desenvolvidos_emergentes__min_vol,0.0
2019-12-31,etfs_desenvolvidos_emergentes__min_vol,0.0
2020-01-31,etfs_desenvolvidos_emergentes__min_vol,0.0
2020-02-29,etfs_desenvolvidos_emergentes__min_vol,-0.0028982025720816207
2020-03-31,etfs_desenvolvidos_emergentes__min_vol,-0.030629639037161316
2020-04-30,etfs_desenvolvidos_emergentes__min_vol,0.0
2020-05-31,etfs_desenvolvidos_emergentes__min_vol,0.0
2020-06-30,etfs_desenvolvidos_emergentes__min_vol,0.0
2020-07-31,etfs_desenvolvidos_emergentes__min_vol,0.0
2020-08-31,etfs_desenvolvidos_emergentes__min_vol,0.0
2020-09-30,etfs_desenvolvidos_emergentes__min_vol,0.0
2020-10-31,etfs_desenvolvidos_emergentes__min_vol,0.0
2020-11-30,etfs_desenvolvidos_emergentes__min_vol,0.0
2020-12-31,etfs_desenvolvidos_emergentes__min_vol,0.0
2021-01-31,etfs_desenvolvidos_emergentes__min_vol,0.0
2021-02-28,etfs_desenvolvidos_emergentes__min_vol,0.0
2021-03-31,etfs_desenvolvidos_emergentes__min_vol,0.0
2021-04-30,etfs_desenvolvidos_emergentes__min_vol,-0.05331008178140251
2021-05-31,etfs_desenvolvidos_emergentes__min_vol,-0.045739694822086174
2021-06-30,etfs_desenvolvidos_emergentes__min_vol,-0.09596839904217058
2021-07-31,etfs_desenvolvidos_emergentes__min_vol,-0.09691993027024093
2021-08-31,etfs_desenvolvidos_emergentes__min_vol,-0.0662371126604483
2021-09-30,etfs_desenvolvidos_emergentes__min_vol,-0.05879127643471971
2021-10-31,etfs_desenvolvidos_emergentes__min_vol,0.0
2021-11-30,etfs_desenvolvidos_emergentes__min_vol,-0.0492198153861888
2021-12-31,etfs_desenvolvidos_emergentes__min_vol,-0.025344180895091273
2022-01-31,etfs_desenvolvidos_emergentes__min_vol,-0.08196526991569764
2022-02-28,etfs_desenvolvidos_emergentes__min_vol,-0.14586545777553517
2022-03-31,etfs_desenvolvidos_emergentes__min_vol,-0.2193030384801552
2022-04-30,etfs_desenvolvidos_emergentes__min_vol,-0.243223260962375
2022-05-31,etfs_desenvolvidos_emergentes__min_vol,-0.26338823911851283
2022-06-30,etfs_desenvolvidos_emergentes__min_vol,-0.2562629306447384
2022-07-31,etfs_desenvolvidos_emergentes__min_vol,-0.23631059880626037
2022-08-31,etfs_desenvolvidos_emergentes__min_vol,-0.27184505179876983
2022-09-30,etfs_desenvolvidos_emergentes__min_vol,-0.314045689380536
2022-10-31,etfs_desenvolvidos_emergentes__min_vol,-0.31223289709238944
2022-11-30,etfs_desenvolvidos_emergentes__min_vol,-0.22165402642851195
2022-12-31,etfs_desenvolvidos_emergentes__min_vol,-0.2374614085210276
2023-01-31,etfs_desenvolvidos_emergentes__min_vol,-0.19567263518862232
2023-02-28,etfs_desenvolvidos_emergentes__min_vol,-0.22483266282185765
2023-03-31,etfs_desenvolvidos_emergentes__min_vol,-0.21918556179273574
2023-04-30,etfs_desenvolvidos_emergentes__min_vol,-0.2286392067280173
2023-05-31,etfs_desenvolvidos_emergentes__min_vol,-0.24215004174187338
2023-06-30,etfs_desenvolvidos_emergentes__min_vol,-0.23608353230704593
2023-07-31,etfs_desenvolvidos_emergentes__min_vol,-0.22306976068189754
2023-08-31,etfs_desenvolvidos_emergentes__min_vol,-0.2361827827547871
2023-09-30,etfs_desenvolvidos_emergentes__min_vol,-0.2402828437875757
2023-10-31,etfs_desenvolvidos_emergentes__min_vol,-0.2643729975860535
2023-11-30,etfs_desenvolvidos_emergentes__min_vol,-0.2247250107430424
2023-12-31,etfs_desenvolvidos_emergentes__min_vol,-0.19695626728813265
2024-01-31,etfs_desenvolvidos_emergentes__min_vol,-0.2020893054896009
2024-02-29,etfs_desenvolvidos_emergentes__min_vol,-0.1727487923892177
2024-03-31,etfs_desenvolvidos_emergentes__min_vol,-0.1433151730912322
2024-04-30,etfs_desenvolvidos_emergentes__min_vol,-0.13610926828528802
2024-05-31,etfs_desenvolvidos_emergentes__min_vol,-0.09327084034636157
2024-06-30,etfs_desenvolvidos_emergentes__min_vol,-0.03590900064937319
2024-07-31,etfs_desenvolvidos_emergentes__min_vol,0.0
2024-08-31,etfs_desenvolvidos_emergentes__min_vol,0.0
2024-09-30,etfs_desenvolvidos_emergentes__min_vol,-0.0032067808313852586
2024-10-31,etfs_desenvolvidos_emergentes__min_vol,0.0
2024-11-30,etfs_desenvolvidos_emergentes__min_vol,0.0
2024-12-31,etfs_desenvolvidos_emergentes__min_vol,0.0
2025-01-31,etfs_desenvolvidos_emergentes__min_vol,-0.02102204544750219
2025-02-28,etfs_desenvolvidos_emergentes__min_vol,-0.0117975255727778
2025-03-31,etfs_desenvolvidos_emergentes__min_vol,-0.020704195050598173
2025-04-30,etfs_desenvolvidos_emergentes__min_vol,-0.023240176709433902
2025-05-31,etfs_desenvolvidos_emergentes__min_vol,0.0
2025-06-30,etfs_desenvolvidos_emergentes__min_vol,0.0
2025-07-31,etfs_desenvolvidos_emergentes__min_vol,0.0
2025-08-31,etfs_desenvolvidos_emergentes__min_vol,0.0
2025-09-30,etfs_desenvolvidos_emergentes__min_vol,0.0
2025-10-31,etfs_desenvolvidos_emergentes__min_vol,0.0
2025-11-30,etfs_desenvolvidos_emergentes__min_vol,-0.008655199673687664
2025-12-31,etfs_desenvolvidos_emergentes__min_vol,0.0
2026-01-31,etfs_desenvolvidos_emergentes__min_vol,0.0
2026-02-28,etfs_desenvolvidos_emergentes__min_vol,0.0
2026-03-31,etfs_desenvolvidos_emergentes__min_vol,-0.06613368185965596
2026-04-30,etfs_desenvolvidos_emergentes__min_vol,-0.04232731892781927
2015-02-28,etfs_latam__max_sharpe,0.0
2015-03-31,etfs_latam__max_sharpe,0.0
2015-04-30,etfs_latam__max_sharpe,-0.05119941863899069
2015-05-31,etfs_latam__max_sharpe,-0.008945147281410715
2015-06-30,etfs_latam__max_sharpe,-0.06355812566781305
2015-07-31,etfs_latam__max_sharpe,-0.04147035974368474
2015-08-31,etfs_latam__max_sharpe,-0.015101295281747307
2015-09-30,etfs_latam__max_sharpe,0.0
2015-10-31,etfs_latam__max_sharpe,0.0
2015-11-30,etfs_latam__max_sharpe,-0.04897645057605293
2015-12-31,etfs_latam__max_sharpe,-0.054163769070341705
2016-01-31,etfs_latam__max_sharpe,-0.046623072846251445
2016-02-29,etfs_latam__max_sharpe,-0.04014386090690791
2016-03-31,etfs_latam__max_sharpe,-0.052995858255980965
2016-04-30,etfs_latam__max_sharpe,-0.04908288178151632
2016-05-31,etfs_latam__max_sharpe,-0.07416287916456887
2016-06-30,etfs_latam__max_sharpe,-0.11527024548800091
2016-07-31,etfs_latam__max_sharpe,-0.08996834618603544
2016-08-31,etfs_latam__max_sharpe,-0.11419039454956603
2016-09-30,etfs_latam__max_sharpe,-0.09822734874233707
2016-10-31,etfs_latam__max_sharpe,-0.0757825102839832
2016-11-30,etfs_latam__max_sharpe,-0.07770497792578202
2016-12-31,etfs_latam__max_sharpe,-0.13101802835797483
2017-01-31,etfs_latam__max_sharpe,-0.11709167847535717
2017-02-28,etfs_latam__max_sharpe,-0.09707481967963805
2017-03-31,etfs_latam__max_sharpe,-0.0034155584953032836
2017-04-30,etfs_latam__max_sharpe,0.0
2017-05-31,etfs_latam__max_sharpe,0.0
2017-06-30,etfs_latam__max_sharpe,0.0
2017-07-31,etfs_latam__max_sharpe,0.0
2017-08-31,etfs_latam__max_sharpe,0.0
2017-09-30,etfs_latam__max_sharpe,0.0
2017-10-31,etfs_latam__max_sharpe,0.0
2017-11-30,etfs_latam__max_sharpe,-0.051085810430309464
2017-12-31,etfs_latam__max_sharpe,0.0
2018-01-31,etfs_latam__max_sharpe,0.0
2018-02-28,etfs_latam__max_sharpe,-0.022686001893045593
2018-03-31,etfs_latam__max_sharpe,-0.0069730681546184
2018-04-30,etfs_latam__max_sharpe,0.0
2018-05-31,etfs_latam__max_sharpe,-0.05053084813048769
2018-06-30,etfs_latam__max_sharpe,-0.043899149121078285
2018-07-31,etfs_latam__max_sharpe,0.0
2018-08-31,etfs_latam__max_sharpe,0.0
2018-09-30,etfs_latam__max_sharpe,-0.006278288028775059
2018-10-31,etfs_latam__max_sharpe,-0.17978698119182313
2018-11-30,etfs_latam__max_sharpe,-0.14220753667643027
2018-12-31,etfs_latam__max_sharpe,-0.1600542171309337
2019-01-31,etfs_latam__max_sharpe,-0.0922752706116492
2019-02-28,etfs_latam__max_sharpe,-0.09873133004927603
2019-03-31,etfs_latam__max_sharpe,-0.07717394780718945
2019-04-30,etfs_latam__max_sharpe,-0.06869163156704339
2019-05-31,etfs_latam__max_sharpe,-0.08791701091089232
2019-06-30,etfs_latam__max_sharpe,-0.048229087070158494
2019-07-31,etfs_latam__max_sharpe,-0.08707332012849556
2019-08-31,etfs_latam__max_sharpe,-0.12080117612192931
2019-09-30,etfs_latam__max_sharpe,-0.09518459490665787
2019-10-31,etfs_latam__max_sharpe,-0.15588770926500028
2019-11-30,etfs_latam__max_sharpe,-0.1332435675986594
2019-12-31,etfs_latam__max_sharpe,-0.08981629320858109
2020-01-31,etfs_latam__max_sharpe,-0.07092940887228716
2020-02-29,etfs_latam__max_sharpe,-0.1210151659494818
2020-03-31,etfs_latam__max_sharpe,-0.25289233916005915
2020-04-30,etfs_latam__max_sharpe,-0.15805799343756832
2020-05-31,etfs_latam__max_sharpe,-0.0766474063895326
2020-06-30,etfs_latam__max_sharpe,-0.02293999877332875
2020-07-31,etfs_latam__max_sharpe,-0.00068655139851026
2020-08-31,etfs_latam__max_sharpe,0.0
2020-09-30,etfs_latam__max_sharpe,-0.0009471306578658911
2020-10-31,etfs_latam__max_sharpe,0.0
2020-11-30,etfs_latam__max_sharpe,0.0
2020-12-31,etfs_latam__max_sharpe,0.0
2021-01-31,etfs_latam__max_sharpe,0.0
2021-02-28,etfs_latam__max_sharpe,0.0
2021-03-31,etfs_latam__max_sharpe,0.0
2021-04-30,etfs_latam__max_sharpe,-0.07387158960928375
2021-05-31,etfs_latam__max_sharpe,-0.08889650519410253
2021-06-30,etfs_latam__max_sharpe,-0.13292026560227366
2021-07-31,etfs_latam__max_sharpe,-0.11814623020787907
2021-08-31,etfs_latam__max_sharpe,-0.022569819593926455
2021-09-30,etfs_latam__max_sharpe,-0.059702676353376116
2021-10-31,etfs_latam__max_sharpe,-0.042518118560855855
2021-11-30,etfs_latam__max_sharpe,-0.09624131465150843
2021-12-31,etfs_latam__max_sharpe,-0.05393474313634572
2022-01-31,etfs_latam__max_sharpe,-0.06177900892274202
2022-02-28,etfs_latam__max_sharpe,-0.07624705958881761
2022-03-31,etfs_latam__max_sharpe,-0.057785433784374396
2022-04-30,etfs_latam__max_sharpe,-0.1340248999404856
2022-05-31,etfs_latam__max_sharpe,-0.10480811446402283
2022-06-30,etfs_latam__max_sharpe,-0.1711294021279628
2022-07-31,etfs_latam__max_sharpe,-0.10883654876684679
2022-08-31,etfs_latam__max_sharpe,-0.09898484582556433
2022-09-30,etfs_latam__max_sharpe,-0.10411395565952619
2022-10-31,etfs_latam__max_sharpe,-0.04937526854385288
2022-11-30,etfs_latam__max_sharpe,0.0
2022-12-31,etfs_latam__max_sharpe,0.0
2023-01-31,etfs_latam__max_sharpe,0.0
2023-02-28,etfs_latam__max_sharpe,-0.004387481135632809
2023-03-31,etfs_latam__max_sharpe,-0.010152445452043746
2023-04-30,etfs_latam__max_sharpe,-0.029465376448468805
2023-05-31,etfs_latam__max_sharpe,-0.021053559009734713
2023-06-30,etfs_latam__max_sharpe,0.0
2023-07-31,etfs_latam__max_sharpe,0.0
2023-08-31,etfs_latam__max_sharpe,-0.009221944629993484
2023-09-30,etfs_latam__max_sharpe,-0.06720509227111493
2023-10-31,etfs_latam__max_sharpe,-0.12800175660393598
2023-11-30,etfs_latam__max_sharpe,0.0
2023-12-31,etfs_latam__max_sharpe,0.0
2024-01-31,etfs_latam__max_sharpe,-0.011897348103239613
2024-02-29,etfs_latam__max_sharpe,-0.019808027474233936
2024-03-31,etfs_latam__max_sharpe,0.0
2024-04-30,etfs_latam__max_sharpe,0.0
2024-05-31,etfs_latam__max_sharpe,0.0
2024-06-30,etfs_latam__max_sharpe,-0.038539067817537465
2024-07-31,etfs_latam__max_sharpe,-0.01548266546089605
2024-08-31,etfs_latam__max_sharpe,0.0
2024-09-30,etfs_latam__max_sharpe,-0.017532481764340302
2024-10-31,etfs_latam__max_sharpe,0.0
2024-11-30,etfs_latam__max_sharpe,0.0
2024-12-31,etfs_latam__max_sharpe,0.0
2025-01-31,etfs_latam__max_sharpe,0.0
2025-02-28,etfs_latam__max_sharpe,0.0
2025-03-31,etfs_latam__max_sharpe,-0.005191270261745151
2025-04-30,etfs_latam__max_sharpe,0.0
2025-05-31,etfs_latam__max_sharpe,0.0
2025-06-30,etfs_latam__max_sharpe,-0.03797987385781876
2025-07-31,etfs_latam__max_sharpe,-0.047800665805528886
2025-08-31,etfs_latam__max_sharpe,-0.04506651074987633
2025-09-30,etfs_latam__max_sharpe,-0.06863161992231115
2025-10-31,etfs_latam__max_sharpe,0.0
2025-11-30,etfs_latam__max_sharpe,0.0
2025-12-31,etfs_latam__max_sharpe,0.0
2026-01-31,etfs_latam__max_sharpe,0.0
2026-02-28,etfs_latam__max_sharpe,-0.025622023250302384
2026-03-31,etfs_latam__max_sharpe,-0.04035238752283232
2026-04-30,etfs_latam__max_sharpe,-0.040644188756058686
2015-02-28,etfs_latam__min_vol,0.0
2015-03-31,etfs_latam__min_vol,0.0
2015-04-30,etfs_latam__min_vol,-0.05119941863899069
2015-05-31,etfs_latam__min_vol,-0.008945147281410715
2015-06-30,etfs_latam__min_vol,-0.06355812566781305
2015-07-31,etfs_latam__min_vol,-0.04147035974368474
2015-08-31,etfs_latam__min_vol,-0.015101295281747307
2015-09-30,etfs_latam__min_vol,0.0
2015-10-31,etfs_latam__min_vol,0.0
2015-11-30,etfs_latam__min_vol,-0.04897645057605293
2015-12-31,etfs_latam__min_vol,-0.054163769070341705
2016-01-31,etfs_latam__min_vol,-0.046623072846251445
2016-02-29,etfs_latam__min_vol,-0.04014386090690791
2016-03-31,etfs_latam__min_vol,-0.052995858255980965
2016-04-30,etfs_latam__min_vol,-0.04908288178151632
2016-05-31,etfs_latam__min_vol,-0.07416287916456887
2016-06-30,etfs_latam__min_vol,-0.11527024548800091
2016-07-31,etfs_latam__min_vol,-0.08996834618603544
2016-08-31,etfs_latam__min_vol,-0.11419039454956603
2016-09-30,etfs_latam__min_vol,-0.09822734874233707
2016-10-31,etfs_latam__min_vol,-0.0757825102839832
2016-11-30,etfs_latam__min_vol,-0.07770497792578202
2016-12-31,etfs_latam__min_vol,-0.13101802835797483
2017-01-31,etfs_latam__min_vol,-0.11709167847535717
2017-02-28,etfs_latam__min_vol,-0.09707481967963805
2017-03-31,etfs_latam__min_vol,-0.0034155584953032836
2017-04-30,etfs_latam__min_vol,0.0
2017-05-31,etfs_latam__min_vol,0.0
2017-06-30,etfs_latam__min_vol,0.0
2017-07-31,etfs_latam__min_vol,0.0
2017-08-31,etfs_latam__min_vol,0.0
2017-09-30,etfs_latam__min_vol,0.0
2017-10-31,etfs_latam__min_vol,0.0
2017-11-30,etfs_latam__min_vol,-0.051085810430309464
2017-12-31,etfs_latam__min_vol,0.0
2018-01-31,etfs_latam__min_vol,0.0
2018-02-28,etfs_latam__min_vol,-0.022686001893045593
2018-03-31,etfs_latam__min_vol,-0.0069730681546184
2018-04-30,etfs_latam__min_vol,0.0
2018-05-31,etfs_latam__min_vol,-0.05053084813048769
2018-06-30,etfs_latam__min_vol,-0.043899149121078285
2018-07-31,etfs_latam__min_vol,0.0
2018-08-31,etfs_latam__min_vol,0.0
2018-09-30,etfs_latam__min_vol,-0.006278288028775059
2018-10-31,etfs_latam__min_vol,-0.17978698119182313
2018-11-30,etfs_latam__min_vol,-0.14220753667643027
2018-12-31,etfs_latam__min_vol,-0.1600542171309337
2019-01-31,etfs_latam__min_vol,-0.0922752706116492
2019-02-28,etfs_latam__min_vol,-0.09873133004927603
2019-03-31,etfs_latam__min_vol,-0.07717394780718945
2019-04-30,etfs_latam__min_vol,-0.06869163156704339
2019-05-31,etfs_latam__min_vol,-0.08791701091089232
2019-06-30,etfs_latam__min_vol,-0.048229087070158494
2019-07-31,etfs_latam__min_vol,-0.08707332012849556
2019-08-31,etfs_latam__min_vol,-0.12080117612192931
2019-09-30,etfs_latam__min_vol,-0.09518459490665787
2019-10-31,etfs_latam__min_vol,-0.15588770926500028
2019-11-30,etfs_latam__min_vol,-0.1332435675986594
2019-12-31,etfs_latam__min_vol,-0.08981629320858109
2020-01-31,etfs_latam__min_vol,-0.07092940887228716
2020-02-29,etfs_latam__min_vol,-0.1210151659494818
2020-03-31,etfs_latam__min_vol,-0.25289233916005915
2020-04-30,etfs_latam__min_vol,-0.15805799343756832
2020-05-31,etfs_latam__min_vol,-0.0766474063895326
2020-06-30,etfs_latam__min_vol,-0.02293999877332875
2020-07-31,etfs_latam__min_vol,-0.00068655139851026
2020-08-31,etfs_latam__min_vol,0.0
2020-09-30,etfs_latam__min_vol,-0.0009471306578658911
2020-10-31,etfs_latam__min_vol,0.0
2020-11-30,etfs_latam__min_vol,0.0
2020-12-31,etfs_latam__min_vol,0.0
2021-01-31,etfs_latam__min_vol,0.0
2021-02-28,etfs_latam__min_vol,0.0
2021-03-31,etfs_latam__min_vol,0.0
2021-04-30,etfs_latam__min_vol,-0.07387158960928375
2021-05-31,etfs_latam__min_vol,-0.08889650519410253
2021-06-30,etfs_latam__min_vol,-0.13292026560227366
2021-07-31,etfs_latam__min_vol,-0.11814623020787907
2021-08-31,etfs_latam__min_vol,-0.022569819593926455
2021-09-30,etfs_latam__min_vol,-0.059702676353376116
2021-10-31,etfs_latam__min_vol,-0.042518118560855855
2021-11-30,etfs_latam__min_vol,-0.09624131465150843
2021-12-31,etfs_latam__min_vol,-0.05393474313634572
2022-01-31,etfs_latam__min_vol,-0.06177900892274202
2022-02-28,etfs_latam__min_vol,-0.07624705958881761
2022-03-31,etfs_latam__min_vol,-0.057785433784374396
2022-04-30,etfs_latam__min_vol,-0.1340248999404856
2022-05-31,etfs_latam__min_vol,-0.10480811446402283
2022-06-30,etfs_latam__min_vol,-0.1711294021279628
2022-07-31,etfs_latam__min_vol,-0.10883654876684679
2022-08-31,etfs_latam__min_vol,-0.09898484582556433
2022-09-30,etfs_latam__min_vol,-0.10411395565952619
2022-10-31,etfs_latam__min_vol,-0.04937526854385288
2022-11-30,etfs_latam__min_vol,0.0
2022-12-31,etfs_latam__min_vol,0.0
2023-01-31,etfs_latam__min_vol,0.0
2023-02-28,etfs_latam__min_vol,-0.004387481135632809
2023-03-31,etfs_latam__min_vol,-0.010152445452043746
2023-04-30,etfs_latam__min_vol,-0.029465376448468805
2023-05-31,etfs_latam__min_vol,-0.021053559009734713
2023-06-30,etfs_latam__min_vol,0.0
2023-07-31,etfs_latam__min_vol,0.0
2023-08-31,etfs_latam__min_vol,-0.009221944629993484
2023-09-30,etfs_latam__min_vol,-0.06720509227111493
2023-10-31,etfs_latam__min_vol,-0.12800175660393598
2023-11-30,etfs_latam__min_vol,0.0
2023-12-31,etfs_latam__min_vol,0.0
2024-01-31,etfs_latam__min_vol,-0.011897348103239613
2024-02-29,etfs_latam__min_vol,-0.019808027474233936
2024-03-31,etfs_latam__min_vol,0.0
2024-04-30,etfs_latam__min_vol,0.0
2024-05-31,etfs_latam__min_vol,0.0
2024-06-30,etfs_latam__min_vol,-0.038539067817537465
2024-07-31,etfs_latam__min_vol,-0.01548266546089605
2024-08-31,etfs_latam__min_vol,0.0
2024-09-30,etfs_latam__min_vol,-0.017532481764340302
2024-10-31,etfs_latam__min_vol,0.0
2024-11-30,etfs_latam__min_vol,0.0
2024-12-31,etfs_latam__min_vol,0.0
2025-01-31,etfs_latam__min_vol,0.0
2025-02-28,etfs_latam__min_vol,0.0
2025-03-31,etfs_latam__min_vol,-0.005191270261745151
2025-04-30,etfs_latam__min_vol,0.0
2025-05-31,etfs_latam__min_vol,0.0
2025-06-30,etfs_latam__min_vol,-0.03797987385781876
2025-07-31,etfs_latam__min_vol,-0.047800665805528886
2025-08-31,etfs_latam__min_vol,-0.04506651074987633
2025-09-30,etfs_latam__min_vol,-0.06863161992231115
2025-10-31,etfs_latam__min_vol,0.0
2025-11-30,etfs_latam__min_vol,0.0
2025-12-31,etfs_latam__min_vol,0.0
2026-01-31,etfs_latam__min_vol,0.0
2026-02-28,etfs_latam__min_vol,-0.025622023250302384
2026-03-31,etfs_latam__min_vol,-0.04035238752283232
2026-04-30,etfs_latam__min_vol,-0.040644188756058686
2015-02-28,etfs_asia__max_sharpe,0.0
2015-03-31,etfs_asia__max_sharpe,0.0
2015-04-30,etfs_asia__max_sharpe,-0.04000654495256706
2015-05-31,etfs_asia__max_sharpe,0.0
2015-06-30,etfs_asia__max_sharpe,-0.04471819708220093
2015-07-31,etfs_asia__max_sharpe,-0.004980873379891282
2015-08-31,etfs_asia__max_sharpe,-0.043440107259350436
2015-09-30,etfs_asia__max_sharpe,0.0
2015-10-31,etfs_asia__max_sharpe,0.0
2015-11-30,etfs_asia__max_sharpe,-0.0205674589974153
2015-12-31,etfs_asia__max_sharpe,-0.008571903638280642
2016-01-31,etfs_asia__max_sharpe,-0.04764174880360461
2016-02-29,etfs_asia__max_sharpe,-0.09143561416520785
2016-03-31,etfs_asia__max_sharpe,-0.0946890639510043
2016-04-30,etfs_asia__max_sharpe,-0.1349407238898207
2016-05-31,etfs_asia__max_sharpe,-0.10940508623637568
2016-06-30,etfs_asia__max_sharpe,-0.17537098444889543
2016-07-31,etfs_asia__max_sharpe,-0.11509735972461721
2016-08-31,etfs_asia__max_sharpe,-0.11279321399245423
2016-09-30,etfs_asia__max_sharpe,-0.08040915652860725
2016-10-31,etfs_asia__max_sharpe,-0.11115938418153293
2016-11-30,etfs_asia__max_sharpe,-0.06966326234896225
2016-12-31,etfs_asia__max_sharpe,-0.14504157245426352
2017-01-31,etfs_asia__max_sharpe,-0.12248312735204248
2017-02-28,etfs_asia__max_sharpe,-0.10456606079751563
2017-03-31,etfs_asia__max_sharpe,-0.061519990269148006
2017-04-30,etfs_asia__max_sharpe,-0.03587444292014452
2017-05-31,etfs_asia__max_sharpe,0.0
2017-06-30,etfs_asia__max_sharpe,0.0
2017-07-31,etfs_asia__max_sharpe,0.0
2017-08-31,etfs_asia__max_sharpe,0.0
2017-09-30,etfs_asia__max_sharpe,0.0
2017-10-31,etfs_asia__max_sharpe,0.0
2017-11-30,etfs_asia__max_sharpe,-0.00610086810197108
2017-12-31,etfs_asia__max_sharpe,0.0
2018-01-31,etfs_asia__max_sharpe,0.0
2018-02-28,etfs_asia__max_sharpe,-0.038205904538557434
2018-03-31,etfs_asia__max_sharpe,-0.0072297695787857386
2018-04-30,etfs_asia__max_sharpe,0.0
2018-05-31,etfs_asia__max_sharpe,0.0
2018-06-30,etfs_asia__max_sharpe,-0.0014803282065048995
2018-07-31,etfs_asia__max_sharpe,-0.013774678667901608
2018-08-31,etfs_asia__max_sharpe,0.0
2018-09-30,etfs_asia__max_sharpe,-0.04435626159214223
2018-10-31,etfs_asia__max_sharpe,-0.21454668896340678
2018-11-30,etfs_asia__max_sharpe,-0.1378095674578893
2018-12-31,etfs_asia__max_sharpe,-0.16022626166676823
2019-01-31,etfs_asia__max_sharpe,-0.1448503631271404
2019-02-28,etfs_asia__max_sharpe,-0.12875169669612074
2019-03-31,etfs_asia__max_sharpe,-0.06822625197362875
2019-04-30,etfs_asia__max_sharpe,-0.04246133621720061
2019-05-31,etfs_asia__max_sharpe,-0.099220828230426
2019-06-30,etfs_asia__max_sharpe,-0.09040771273351567
2019-07-31,etfs_asia__max_sharpe,-0.12559222046892227
2019-08-31,etfs_asia__max_sharpe,-0.06989330728542742
2019-09-30,etfs_asia__max_sharpe,-0.04405420969351226
2019-10-31,etfs_asia__max_sharpe,-0.042076195893809065
2019-11-30,etfs_asia__max_sharpe,0.0
2019-12-31,etfs_asia__max_sharpe,0.0
2020-01-31,etfs_asia__max_sharpe,0.0
2020-02-29,etfs_asia__max_sharpe,0.0
2020-03-31,etfs_asia__max_sharpe,0.0
2020-04-30,etfs_asia__max_sharpe,0.0
2020-05-31,etfs_asia__max_sharpe,0.0
2020-06-30,etfs_asia__max_sharpe,0.0
2020-07-31,etfs_asia__max_sharpe,0.0
2020-08-31,etfs_asia__max_sharpe,0.0
2020-09-30,etfs_asia__max_sharpe,0.0
2020-10-31,etfs_asia__max_sharpe,0.0
2020-11-30,etfs_asia__max_sharpe,0.0
2020-12-31,etfs_asia__max_sharpe,0.0
2021-01-31,etfs_asia__max_sharpe,0.0
2021-02-28,etfs_asia__max_sharpe,0.0
2021-03-31,etfs_asia__max_sharpe,0.0
2021-04-30,etfs_asia__max_sharpe,-0.06433882439730743
2021-05-31,etfs_asia__max_sharpe,-0.06504582086187127
2021-06-30,etfs_asia__max_sharpe,-0.11495217993575646
2021-07-31,etfs_asia__max_sharpe,-0.12418664657438816
2021-08-31,etfs_asia__max_sharpe,-0.09364667252342496
2021-09-30,etfs_asia__max_sharpe,-0.08499156266815078
2021-10-31,etfs_asia__max_sharpe,-0.041695238003533586
2021-11-30,etfs_asia__max_sharpe,-0.07886899343459453
2021-12-31,etfs_asia__max_sharpe,-0.06359668830636855
2022-01-31,etfs_asia__max_sharpe,-0.11635154998309971
2022-02-28,etfs_asia__max_sharpe,-0.17616999561710178
2022-03-31,etfs_asia__max_sharpe,-0.25867593414460044
2022-04-30,etfs_asia__max_sharpe,-0.27802905323847715
2022-05-31,etfs_asia__max_sharpe,-0.29679432933512884
2022-06-30,etfs_asia__max_sharpe,-0.26976488176186686
2022-07-31,etfs_asia__max_sharpe,-0.26314635794796293
2022-08-31,etfs_asia__max_sharpe,-0.28878350534851616
2022-09-30,etfs_asia__max_sharpe,-0.34008267286186866
2022-10-31,etfs_asia__max_sharpe,-0.3707826181660434
2022-11-30,etfs_asia__max_sharpe,-0.25618091246549035
2022-12-31,etfs_asia__max_sharpe,-0.268215902963703
2023-01-31,etfs_asia__max_sharpe,-0.23543239875749633
2023-02-28,etfs_asia__max_sharpe,-0.27272714097161543
2023-03-31,etfs_asia__max_sharpe,-0.26414147374056385
2023-04-30,etfs_asia__max_sharpe,-0.2836937877534904
2023-05-31,etfs_asia__max_sharpe,-0.28429869666321694
2023-06-30,etfs_asia__max_sharpe,-0.2858014838343177
2023-07-31,etfs_asia__max_sharpe,-0.2726677705280095
2023-08-31,etfs_asia__max_sharpe,-0.2924416755528413
2023-09-30,etfs_asia__max_sharpe,-0.2941978201314184
2023-10-31,etfs_asia__max_sharpe,-0.3148364783126607
2023-11-30,etfs_asia__max_sharpe,-0.28805546201410015
2023-12-31,etfs_asia__max_sharpe,-0.26449551356943757
2024-01-31,etfs_asia__max_sharpe,-0.28290207292856095
2024-02-29,etfs_asia__max_sharpe,-0.245233873006093
2024-03-31,etfs_asia__max_sharpe,-0.22791349999618737
2024-04-30,etfs_asia__max_sharpe,-0.2147496832385648
2024-05-31,etfs_asia__max_sharpe,-0.1777340466341315
2024-06-30,etfs_asia__max_sharpe,-0.11750098117854968
2024-07-31,etfs_asia__max_sharpe,-0.09400837513837346
2024-08-31,etfs_asia__max_sharpe,-0.07854499073516163
2024-09-30,etfs_asia__max_sharpe,-0.05757956137685749
2024-10-31,etfs_asia__max_sharpe,-0.04108465668236483
2024-11-30,etfs_asia__max_sharpe,-0.016113882639637978
2024-12-31,etfs_asia__max_sharpe,-0.01575969543885669
2025-01-31,etfs_asia__max_sharpe,-0.05400491658043738
2025-02-28,etfs_asia__max_sharpe,-0.041064551488825374
2025-03-31,etfs_asia__max_sharpe,-0.05351874977621118
2025-04-30,etfs_asia__max_sharpe,-0.06506442841334181
2025-05-31,etfs_asia__max_sharpe,-0.0045970808464507185
2025-06-30,etfs_asia__max_sharpe,0.0
2025-07-31,etfs_asia__max_sharpe,0.0
2025-08-31,etfs_asia__max_sharpe,-0.006377747839491632
2025-09-30,etfs_asia__max_sharpe,0.0
2025-10-31,etfs_asia__max_sharpe,0.0
2025-11-30,etfs_asia__max_sharpe,-0.017532907866278258
2025-12-31,etfs_asia__max_sharpe,0.0
2026-01-31,etfs_asia__max_sharpe,0.0
2026-02-28,etfs_asia__max_sharpe,0.0
2026-03-31,etfs_asia__max_sharpe,-0.06655668308907248
2026-04-30,etfs_asia__max_sharpe,-0.04330352677719018
2015-02-28,etfs_asia__min_vol,0.0
2015-03-31,etfs_asia__min_vol,0.0
2015-04-30,etfs_asia__min_vol,-0.04000654495256706
2015-05-31,etfs_asia__min_vol,0.0
2015-06-30,etfs_asia__min_vol,-0.04471819708220093
2015-07-31,etfs_asia__min_vol,-0.004980873379891282
2015-08-31,etfs_asia__min_vol,-0.043440107259350436
2015-09-30,etfs_asia__min_vol,0.0
2015-10-31,etfs_asia__min_vol,0.0
2015-11-30,etfs_asia__min_vol,-0.0205674589974153
2015-12-31,etfs_asia__min_vol,-0.008571903638280642
2016-01-31,etfs_asia__min_vol,-0.04764174880360461
2016-02-29,etfs_asia__min_vol,-0.09143561416520785
2016-03-31,etfs_asia__min_vol,-0.0946890639510043
2016-04-30,etfs_asia__min_vol,-0.1349407238898207
2016-05-31,etfs_asia__min_vol,-0.10940508623637568
2016-06-30,etfs_asia__min_vol,-0.17537098444889543
2016-07-31,etfs_asia__min_vol,-0.11509735972461721
2016-08-31,etfs_asia__min_vol,-0.11279321399245423
2016-09-30,etfs_asia__min_vol,-0.08040915652860725
2016-10-31,etfs_asia__min_vol,-0.11115938418153293
2016-11-30,etfs_asia__min_vol,-0.06966326234896225
2016-12-31,etfs_asia__min_vol,-0.14504157245426352
2017-01-31,etfs_asia__min_vol,-0.12248312735204248
2017-02-28,etfs_asia__min_vol,-0.10456606079751563
2017-03-31,etfs_asia__min_vol,-0.061519990269148006
2017-04-30,etfs_asia__min_vol,-0.03587444292014452
2017-05-31,etfs_asia__min_vol,0.0
2017-06-30,etfs_asia__min_vol,0.0
2017-07-31,etfs_asia__min_vol,0.0
2017-08-31,etfs_asia__min_vol,0.0
2017-09-30,etfs_asia__min_vol,0.0
2017-10-31,etfs_asia__min_vol,0.0
2017-11-30,etfs_asia__min_vol,-0.00610086810197108
2017-12-31,etfs_asia__min_vol,0.0
2018-01-31,etfs_asia__min_vol,0.0
2018-02-28,etfs_asia__min_vol,-0.038205904538557434
2018-03-31,etfs_asia__min_vol,-0.0072297695787857386
2018-04-30,etfs_asia__min_vol,0.0
2018-05-31,etfs_asia__min_vol,0.0
2018-06-30,etfs_asia__min_vol,-0.0014803282065048995
2018-07-31,etfs_asia__min_vol,-0.013774678667901608
2018-08-31,etfs_asia__min_vol,0.0
2018-09-30,etfs_asia__min_vol,-0.04435626159214223
2018-10-31,etfs_asia__min_vol,-0.21454668896340678
2018-11-30,etfs_asia__min_vol,-0.1378095674578893
2018-12-31,etfs_asia__min_vol,-0.16022626166676823
2019-01-31,etfs_asia__min_vol,-0.1448503631271404
2019-02-28,etfs_asia__min_vol,-0.12875169669612074
2019-03-31,etfs_asia__min_vol,-0.06822625197362875
2019-04-30,etfs_asia__min_vol,-0.04246133621720061
2019-05-31,etfs_asia__min_vol,-0.099220828230426
2019-06-30,etfs_asia__min_vol,-0.09040771273351567
2019-07-31,etfs_asia__min_vol,-0.12559222046892227
2019-08-31,etfs_asia__min_vol,-0.06989330728542742
2019-09-30,etfs_asia__min_vol,-0.04405420969351226
2019-10-31,etfs_asia__min_vol,-0.042076195893809065
2019-11-30,etfs_asia__min_vol,0.0
2019-12-31,etfs_asia__min_vol,0.0
2020-01-31,etfs_asia__min_vol,0.0
2020-02-29,etfs_asia__min_vol,0.0
2020-03-31,etfs_asia__min_vol,0.0
2020-04-30,etfs_asia__min_vol,0.0
2020-05-31,etfs_asia__min_vol,0.0
2020-06-30,etfs_asia__min_vol,0.0
2020-07-31,etfs_asia__min_vol,0.0
2020-08-31,etfs_asia__min_vol,0.0
2020-09-30,etfs_asia__min_vol,0.0
2020-10-31,etfs_asia__min_vol,0.0
2020-11-30,etfs_asia__min_vol,0.0
2020-12-31,etfs_asia__min_vol,0.0
2021-01-31,etfs_asia__min_vol,0.0
2021-02-28,etfs_asia__min_vol,0.0
2021-03-31,etfs_asia__min_vol,0.0
2021-04-30,etfs_asia__min_vol,-0.06433882439730743
2021-05-31,etfs_asia__min_vol,-0.06504582086187127
2021-06-30,etfs_asia__min_vol,-0.11495217993575646
2021-07-31,etfs_asia__min_vol,-0.12418664657438816
2021-08-31,etfs_asia__min_vol,-0.09364667252342496
2021-09-30,etfs_asia__min_vol,-0.08499156266815078
2021-10-31,etfs_asia__min_vol,-0.041695238003533586
2021-11-30,etfs_asia__min_vol,-0.07886899343459453
2021-12-31,etfs_asia__min_vol,-0.06359668830636855
2022-01-31,etfs_asia__min_vol,-0.11635154998309971
2022-02-28,etfs_asia__min_vol,-0.17616999561710178
2022-03-31,etfs_asia__min_vol,-0.25867593414460044
2022-04-30,etfs_asia__min_vol,-0.27802905323847715
2022-05-31,etfs_asia__min_vol,-0.29679432933512884
2022-06-30,etfs_asia__min_vol,-0.26976488176186686
2022-07-31,etfs_asia__min_vol,-0.26314635794796293
2022-08-31,etfs_asia__min_vol,-0.28878350534851616
2022-09-30,etfs_asia__min_vol,-0.34008267286186866
2022-10-31,etfs_asia__min_vol,-0.3707826181660434
2022-11-30,etfs_asia__min_vol,-0.25618091246549035
2022-12-31,etfs_asia__min_vol,-0.268215902963703
2023-01-31,etfs_asia__min_vol,-0.23543239875749633
2023-02-28,etfs_asia__min_vol,-0.27272714097161543
2023-03-31,etfs_asia__min_vol,-0.26414147374056385
2023-04-30,etfs_asia__min_vol,-0.2836937877534904
2023-05-31,etfs_asia__min_vol,-0.28429869666321694
2023-06-30,etfs_asia__min_vol,-0.2858014838343177
2023-07-31,etfs_asia__min_vol,-0.2726677705280095
2023-08-31,etfs_asia__min_vol,-0.2924416755528413
2023-09-30,etfs_asia__min_vol,-0.2941978201314184
2023-10-31,etfs_asia__min_vol,-0.3148364783126607
2023-11-30,etfs_asia__min_vol,-0.28805546201410015
2023-12-31,etfs_asia__min_vol,-0.26449551356943757
2024-01-31,etfs_asia__min_vol,-0.28290207292856095
2024-02-29,etfs_asia__min_vol,-0.245233873006093
2024-03-31,etfs_asia__min_vol,-0.22791349999618737
2024-04-30,etfs_asia__min_vol,-0.2147496832385648
2024-05-31,etfs_asia__min_vol,-0.1777340466341315
2024-06-30,etfs_asia__min_vol,-0.11750098117854968
2024-07-31,etfs_asia__min_vol,-0.09400837513837346
2024-08-31,etfs_asia__min_vol,-0.07854499073516163
2024-09-30,etfs_asia__min_vol,-0.05757956137685749
2024-10-31,etfs_asia__min_vol,-0.04108465668236483
2024-11-30,etfs_asia__min_vol,-0.016113882639637978
2024-12-31,etfs_asia__min_vol,-0.01575969543885669
2025-01-31,etfs_asia__min_vol,-0.05400491658043738
2025-02-28,etfs_asia__min_vol,-0.041064551488825374
2025-03-31,etfs_asia__min_vol,-0.05351874977621118
2025-04-30,etfs_asia__min_vol,-0.06506442841334181
2025-05-31,etfs_asia__min_vol,-0.0045970808464507185
2025-06-30,etfs_asia__min_vol,0.0
2025-07-31,etfs_asia__min_vol,0.0
2025-08-31,etfs_asia__min_vol,-0.006377747839491632
2025-09-30,etfs_asia__min_vol,0.0
2025-10-31,etfs_asia__min_vol,0.0
2025-11-30,etfs_asia__min_vol,-0.017532907866278258
2025-12-31,etfs_asia__min_vol,0.0
2026-01-31,etfs_asia__min_vol,0.0
2026-02-28,etfs_asia__min_vol,0.0
2026-03-31,etfs_asia__min_vol,-0.06655668308907248
2026-04-30,etfs_asia__min_vol,-0.04330352677719018
2015-02-28,etfs_europa__max_sharpe,0.0
2015-03-31,etfs_europa__max_sharpe,0.0
2015-04-30,etfs_europa__max_sharpe,-0.06035167829698618
2015-05-31,etfs_europa__max_sharpe,-0.0035559504602443726
2015-06-30,etfs_europa__max_sharpe,-0.045310767595048373
2015-07-31,etfs_europa__max_sharpe,0.0
2015-08-31,etfs_europa__max_sharpe,-0.017208182476307843
2015-09-30,etfs_europa__max_sharpe,0.0
2015-10-31,etfs_europa__max_sharpe,0.0
2015-11-30,etfs_europa__max_sharpe,-0.009214208137914626
2015-12-31,etfs_europa__max_sharpe,-0.021421714402927505
2016-01-31,etfs_europa__max_sharpe,-0.05460770487357225
2016-02-29,etfs_europa__max_sharpe,-0.11344349590900782
2016-03-31,etfs_europa__max_sharpe,-0.13387403300545186
2016-04-30,etfs_europa__max_sharpe,-0.1379419531622209
2016-05-31,etfs_europa__max_sharpe,-0.12483056887634048
2016-06-30,etfs_europa__max_sharpe,-0.23982175667933137
2016-07-31,etfs_europa__max_sharpe,-0.19695141213237977
2016-08-31,etfs_europa__max_sharpe,-0.19707654007731557
2016-09-30,etfs_europa__max_sharpe,-0.1893116622021258
2016-10-31,etfs_europa__max_sharpe,-0.22255313920967623
2016-11-30,etfs_europa__max_sharpe,-0.1830021429936326
2016-12-31,etfs_europa__max_sharpe,-0.18666716359588154
2017-01-31,etfs_europa__max_sharpe,-0.19743035575067103
2017-02-28,etfs_europa__max_sharpe,-0.19730496153205834
2017-03-31,etfs_europa__max_sharpe,-0.15108014662944802
2017-04-30,etfs_europa__max_sharpe,-0.11634590004975975
2017-05-31,etfs_europa__max_sharpe,-0.05448874660969327
2017-06-30,etfs_europa__max_sharpe,-0.05105249804573586
2017-07-31,etfs_europa__max_sharpe,-0.06544159236939862
2017-08-31,etfs_europa__max_sharpe,-0.07264737854812453
2017-09-30,etfs_europa__max_sharpe,-0.027276688426523532
2017-10-31,etfs_europa__max_sharpe,0.0
2017-11-30,etfs_europa__max_sharpe,-0.013666500537265036
2017-12-31,etfs_europa__max_sharpe,0.0
2018-01-31,etfs_europa__max_sharpe,0.0
2018-02-28,etfs_europa__max_sharpe,-0.04960407892163665
2018-03-31,etfs_europa__max_sharpe,-0.03366521358497043
2018-04-30,etfs_europa__max_sharpe,0.0
2018-05-31,etfs_europa__max_sharpe,0.0
2018-06-30,etfs_europa__max_sharpe,0.0
2018-07-31,etfs_europa__max_sharpe,-0.002677951295904757
2018-08-31,etfs_europa__max_sharpe,0.0
2018-09-30,etfs_europa__max_sharpe,-0.03256624992764956
2018-10-31,etfs_europa__max_sharpe,-0.1783593273515467
2018-11-30,etfs_europa__max_sharpe,-0.15177056822391577
2018-12-31,etfs_europa__max_sharpe,-0.1891498887621671
2019-01-31,etfs_europa__max_sharpe,-0.18090128355036383
2019-02-28,etfs_europa__max_sharpe,-0.14669158757809864
2019-03-31,etfs_europa__max_sharpe,-0.10582847355256286
2019-04-30,etfs_europa__max_sharpe,-0.05097737792312296
2019-05-31,etfs_europa__max_sharpe,-0.10150994237692657
2019-06-30,etfs_europa__max_sharpe,-0.08267954447716941
2019-07-31,etfs_europa__max_sharpe,-0.1188570921542148
2019-08-31,etfs_europa__max_sharpe,-0.05419256787766946
2019-09-30,etfs_europa__max_sharpe,-0.027771248102688606
2019-10-31,etfs_europa__max_sharpe,-0.02615108294638191
2019-11-30,etfs_europa__max_sharpe,0.0
2019-12-31,etfs_europa__max_sharpe,-0.00933759750691876
2020-01-31,etfs_europa__max_sharpe,0.0
2020-02-29,etfs_europa__max_sharpe,-0.03561511085545799
2020-03-31,etfs_europa__max_sharpe,-0.08520293403903156
2020-04-30,etfs_europa__max_sharpe,0.0
2020-05-31,etfs_europa__max_sharpe,0.0
2020-06-30,etfs_europa__max_sharpe,0.0
2020-07-31,etfs_europa__max_sharpe,-0.021343773282222367
2020-08-31,etfs_europa__max_sharpe,0.0
2020-09-30,etfs_europa__max_sharpe,0.0
2020-10-31,etfs_europa__max_sharpe,-0.048708166479260684
2020-11-30,etfs_europa__max_sharpe,0.0
2020-12-31,etfs_europa__max_sharpe,0.0
2021-01-31,etfs_europa__max_sharpe,0.0
2021-02-28,etfs_europa__max_sharpe,0.0
2021-03-31,etfs_europa__max_sharpe,0.0
2021-04-30,etfs_europa__max_sharpe,-0.038947622580875474
2021-05-31,etfs_europa__max_sharpe,-0.019435433223277565
2021-06-30,etfs_europa__max_sharpe,-0.09019869351672016
2021-07-31,etfs_europa__max_sharpe,-0.06572778586867534
2021-08-31,etfs_europa__max_sharpe,-0.03464178621331404
2021-09-30,etfs_europa__max_sharpe,-0.03694714874918181
2021-10-31,etfs_europa__max_sharpe,0.0
2021-11-30,etfs_europa__max_sharpe,-0.06376904379236059
2021-12-31,etfs_europa__max_sharpe,-0.020001527531444685
2022-01-31,etfs_europa__max_sharpe,-0.06576026815945168
2022-02-28,etfs_europa__max_sharpe,-0.15584992847621892
2022-03-31,etfs_europa__max_sharpe,-0.2276894263148178
2022-04-30,etfs_europa__max_sharpe,-0.2540889901656024
2022-05-31,etfs_europa__max_sharpe,-0.25159108043501865
2022-06-30,etfs_europa__max_sharpe,-0.27151919906641664
2022-07-31,etfs_europa__max_sharpe,-0.24567652265070727
2022-08-31,etfs_europa__max_sharpe,-0.30698677080552705
2022-09-30,etfs_europa__max_sharpe,-0.33705643001506136
2022-10-31,etfs_europa__max_sharpe,-0.28763397765424503
2022-11-30,etfs_europa__max_sharpe,-0.18233003473574572
2022-12-31,etfs_europa__max_sharpe,-0.19839613420842228
2023-01-31,etfs_europa__max_sharpe,-0.14099983906141444
2023-02-28,etfs_europa__max_sharpe,-0.14181465390920733
2023-03-31,etfs_europa__max_sharpe,-0.1332825829777664
2023-04-30,etfs_europa__max_sharpe,-0.12014480375393854
2023-05-31,etfs_europa__max_sharpe,-0.1565718071022556
2023-06-30,etfs_europa__max_sharpe,-0.14635624103039646
2023-07-31,etfs_europa__max_sharpe,-0.147899842037591
2023-08-31,etfs_europa__max_sharpe,-0.15894126053111823
2023-09-30,etfs_europa__max_sharpe,-0.1710154957605241
2023-10-31,etfs_europa__max_sharpe,-0.1952652858264624
2023-11-30,etfs_europa__max_sharpe,-0.1392996078285389
2023-12-31,etfs_europa__max_sharpe,-0.10990471178070094
2024-01-31,etfs_europa__max_sharpe,-0.10328574614014685
2024-02-29,etfs_europa__max_sharpe,-0.0631212801392208
2024-03-31,etfs_europa__max_sharpe,-0.021428163023445523
2024-04-30,etfs_europa__max_sharpe,-0.01842971742369548
2024-05-31,etfs_europa__max_sharpe,0.0
2024-06-30,etfs_europa__max_sharpe,0.0
2024-07-31,etfs_europa__max_sharpe,0.0
2024-08-31,etfs_europa__max_sharpe,0.0
2024-09-30,etfs_europa__max_sharpe,-0.018773246385683895
2024-10-31,etfs_europa__max_sharpe,-0.011648067962582442
2024-11-30,etfs_europa__max_sharpe,0.0
2024-12-31,etfs_europa__max_sharpe,0.0
2025-01-31,etfs_europa__max_sharpe,0.0
2025-02-28,etfs_europa__max_sharpe,0.0
2025-03-31,etfs_europa__max_sharpe,0.0
2025-04-30,etfs_europa__max_sharpe,0.0
2025-05-31,etfs_europa__max_sharpe,0.0
2025-06-30,etfs_europa__max_sharpe,-0.010987374007456974
2025-07-31,etfs_europa__max_sharpe,-0.012362154536367242
2025-08-31,etfs_europa__max_sharpe,-0.011552873869268954
2025-09-30,etfs_europa__max_sharpe,-0.013415309081330373
2025-10-31,etfs_europa__max_sharpe,-0.0017957334998978114
2025-11-30,etfs_europa__max_sharpe,0.0
2025-12-31,etfs_europa__max_sharpe,0.0
2026-01-31,etfs_europa__max_sharpe,-0.02039608762309053
2026-02-28,etfs_europa__max_sharpe,0.0
2026-03-31,etfs_europa__max_sharpe,-0.06483622336991168
2026-04-30,etfs_europa__max_sharpe,-0.058081942188167646
2015-02-28,etfs_europa__min_vol,0.0
2015-03-31,etfs_europa__min_vol,0.0
2015-04-30,etfs_europa__min_vol,-0.06035167829698618
2015-05-31,etfs_europa__min_vol,-0.0035559504602443726
2015-06-30,etfs_europa__min_vol,-0.045310767595048373
2015-07-31,etfs_europa__min_vol,0.0
2015-08-31,etfs_europa__min_vol,-0.017208182476307843
2015-09-30,etfs_europa__min_vol,0.0
2015-10-31,etfs_europa__min_vol,0.0
2015-11-30,etfs_europa__min_vol,-0.009214208137914626
2015-12-31,etfs_europa__min_vol,-0.021421714402927505
2016-01-31,etfs_europa__min_vol,-0.05460770487357225
2016-02-29,etfs_europa__min_vol,-0.11344349590900782
2016-03-31,etfs_europa__min_vol,-0.13387403300545186
2016-04-30,etfs_europa__min_vol,-0.1379419531622209
2016-05-31,etfs_europa__min_vol,-0.12483056887634048
2016-06-30,etfs_europa__min_vol,-0.23982175667933137
2016-07-31,etfs_europa__min_vol,-0.19695141213237977
2016-08-31,etfs_europa__min_vol,-0.19707654007731557
2016-09-30,etfs_europa__min_vol,-0.1893116622021258
2016-10-31,etfs_europa__min_vol,-0.22255313920967623
2016-11-30,etfs_europa__min_vol,-0.1830021429936326
2016-12-31,etfs_europa__min_vol,-0.18666716359588154
2017-01-31,etfs_europa__min_vol,-0.19743035575067103
2017-02-28,etfs_europa__min_vol,-0.19730496153205834
2017-03-31,etfs_europa__min_vol,-0.15108014662944802
2017-04-30,etfs_europa__min_vol,-0.11634590004975975
2017-05-31,etfs_europa__min_vol,-0.05448874660969327
2017-06-30,etfs_europa__min_vol,-0.05105249804573586
2017-07-31,etfs_europa__min_vol,-0.06544159236939862
2017-08-31,etfs_europa__min_vol,-0.07264737854812453
2017-09-30,etfs_europa__min_vol,-0.027276688426523532
2017-10-31,etfs_europa__min_vol,0.0
2017-11-30,etfs_europa__min_vol,-0.013666500537265036
2017-12-31,etfs_europa__min_vol,0.0
2018-01-31,etfs_europa__min_vol,0.0
2018-02-28,etfs_europa__min_vol,-0.04960407892163665
2018-03-31,etfs_europa__min_vol,-0.03366521358497043
2018-04-30,etfs_europa__min_vol,0.0
2018-05-31,etfs_europa__min_vol,0.0
2018-06-30,etfs_europa__min_vol,0.0
2018-07-31,etfs_europa__min_vol,-0.002677951295904757
2018-08-31,etfs_europa__min_vol,0.0
2018-09-30,etfs_europa__min_vol,-0.03256624992764956
2018-10-31,etfs_europa__min_vol,-0.1783593273515467
2018-11-30,etfs_europa__min_vol,-0.15177056822391577
2018-12-31,etfs_europa__min_vol,-0.1891498887621671
2019-01-31,etfs_europa__min_vol,-0.18090128355036383
2019-02-28,etfs_europa__min_vol,-0.14669158757809864
2019-03-31,etfs_europa__min_vol,-0.10582847355256286
2019-04-30,etfs_europa__min_vol,-0.05097737792312296
2019-05-31,etfs_europa__min_vol,-0.10150994237692657
2019-06-30,etfs_europa__min_vol,-0.08267954447716941
2019-07-31,etfs_europa__min_vol,-0.1188570921542148
2019-08-31,etfs_europa__min_vol,-0.05419256787766946
2019-09-30,etfs_europa__min_vol,-0.027771248102688606
2019-10-31,etfs_europa__min_vol,-0.02615108294638191
2019-11-30,etfs_europa__min_vol,0.0
2019-12-31,etfs_europa__min_vol,-0.00933759750691876
2020-01-31,etfs_europa__min_vol,0.0
2020-02-29,etfs_europa__min_vol,-0.03561511085545799
2020-03-31,etfs_europa__min_vol,-0.08520293403903156
2020-04-30,etfs_europa__min_vol,0.0
2020-05-31,etfs_europa__min_vol,0.0
2020-06-30,etfs_europa__min_vol,0.0
2020-07-31,etfs_europa__min_vol,-0.021343773282222367
2020-08-31,etfs_europa__min_vol,0.0
2020-09-30,etfs_europa__min_vol,0.0
2020-10-31,etfs_europa__min_vol,-0.048708166479260684
2020-11-30,etfs_europa__min_vol,0.0
2020-12-31,etfs_europa__min_vol,0.0
2021-01-31,etfs_europa__min_vol,0.0
2021-02-28,etfs_europa__min_vol,0.0
2021-03-31,etfs_europa__min_vol,0.0
2021-04-30,etfs_europa__min_vol,-0.038947622580875474
2021-05-31,etfs_europa__min_vol,-0.019435433223277565
2021-06-30,etfs_europa__min_vol,-0.09019869351672016
2021-07-31,etfs_europa__min_vol,-0.06572778586867534
2021-08-31,etfs_europa__min_vol,-0.03464178621331404
2021-09-30,etfs_europa__min_vol,-0.03694714874918181
2021-10-31,etfs_europa__min_vol,0.0
2021-11-30,etfs_europa__min_vol,-0.06376904379236059
2021-12-31,etfs_europa__min_vol,-0.020001527531444685
2022-01-31,etfs_europa__min_vol,-0.06576026815945168
2022-02-28,etfs_europa__min_vol,-0.15584992847621892
2022-03-31,etfs_europa__min_vol,-0.2276894263148178
2022-04-30,etfs_europa__min_vol,-0.2540889901656024
2022-05-31,etfs_europa__min_vol,-0.25159108043501865
2022-06-30,etfs_europa__min_vol,-0.27151919906641664
2022-07-31,etfs_europa__min_vol,-0.24567652265070727
2022-08-31,etfs_europa__min_vol,-0.30698677080552705
2022-09-30,etfs_europa__min_vol,-0.33705643001506136
2022-10-31,etfs_europa__min_vol,-0.28763397765424503
2022-11-30,etfs_europa__min_vol,-0.18233003473574572
2022-12-31,etfs_europa__min_vol,-0.19839613420842228
2023-01-31,etfs_europa__min_vol,-0.14099983906141444
2023-02-28,etfs_europa__min_vol,-0.14181465390920733
2023-03-31,etfs_europa__min_vol,-0.1332825829777664
2023-04-30,etfs_europa__min_vol,-0.12014480375393854
2023-05-31,etfs_europa__min_vol,-0.1565718071022556
2023-06-30,etfs_europa__min_vol,-0.14635624103039646
2023-07-31,etfs_europa__min_vol,-0.147899842037591
2023-08-31,etfs_europa__min_vol,-0.15894126053111823
2023-09-30,etfs_europa__min_vol,-0.1710154957605241
2023-10-31,etfs_europa__min_vol,-0.1952652858264624
2023-11-30,etfs_europa__min_vol,-0.1392996078285389
2023-12-31,etfs_europa__min_vol,-0.10990471178070094
2024-01-31,etfs_europa__min_vol,-0.10328574614014685
2024-02-29,etfs_europa__min_vol,-0.0631212801392208
2024-03-31,etfs_europa__min_vol,-0.021428163023445523
2024-04-30,etfs_europa__min_vol,-0.01842971742369548
2024-05-31,etfs_europa__min_vol,0.0
2024-06-30,etfs_europa__min_vol,0.0
2024-07-31,etfs_europa__min_vol,0.0
2024-08-31,etfs_europa__min_vol,0.0
2024-09-30,etfs_europa__min_vol,-0.018773246385683895
2024-10-31,etfs_europa__min_vol,-0.011648067962582442
2024-11-30,etfs_europa__min_vol,0.0
2024-12-31,etfs_europa__min_vol,0.0
2025-01-31,etfs_europa__min_vol,0.0
2025-02-28,etfs_europa__min_vol,0.0
2025-03-31,etfs_europa__min_vol,0.0
2025-04-30,etfs_europa__min_vol,0.0
2025-05-31,etfs_europa__min_vol,0.0
2025-06-30,etfs_europa__min_vol,-0.010987374007456974
2025-07-31,etfs_europa__min_vol,-0.012362154536367242
2025-08-31,etfs_europa__min_vol,-0.011552873869268954
2025-09-30,etfs_europa__min_vol,-0.013415309081330373
2025-10-31,etfs_europa__min_vol,-0.0017957334998978114
2025-11-30,etfs_europa__min_vol,0.0
2025-12-31,etfs_europa__min_vol,0.0
2026-01-31,etfs_europa__min_vol,-0.02039608762309053
2026-02-28,etfs_europa__min_vol,0.0
2026-03-31,etfs_europa__min_vol,-0.06483622336991168
2026-04-30,etfs_europa__min_vol,-0.058081942188167646
2015-02-28,etfs_oceania__max_sharpe,0.0
2015-03-31,etfs_oceania__max_sharpe,0.0
2015-04-30,etfs_oceania__max_sharpe,-0.06991158468548686
2015-05-31,etfs_oceania__max_sharpe,-0.051564708177499474
2015-06-30,etfs_oceania__max_sharpe,-0.11666489190242901
2015-07-31,etfs_oceania__max_sharpe,-0.04414581552732255
2015-08-31,etfs_oceania__max_sharpe,-0.0786758154505447
2015-09-30,etfs_oceania__max_sharpe,0.0
2015-10-31,etfs_oceania__max_sharpe,0.0
2015-11-30,etfs_oceania__max_sharpe,-0.004205559054165753
2015-12-31,etfs_oceania__max_sharpe,0.0
2016-01-31,etfs_oceania__max_sharpe,-0.04095050176195547
2016-02-29,etfs_oceania__max_sharpe,-0.060484936750531904
2016-03-31,etfs_oceania__max_sharpe,-0.038565140652170316
2016-04-30,etfs_oceania__max_sharpe,-0.04719507290569036
2016-05-31,etfs_oceania__max_sharpe,-0.03319230136224538
2016-06-30,etfs_oceania__max_sharpe,-0.09954729572256604
2016-07-31,etfs_oceania__max_sharpe,-0.016421807940720567
2016-08-31,etfs_oceania__max_sharpe,-0.04236662380132061
2016-09-30,etfs_oceania__max_sharpe,-0.019186259428689678
2016-10-31,etfs_oceania__max_sharpe,-0.09113227689383374
2016-11-30,etfs_oceania__max_sharpe,-0.023557205930030634
2016-12-31,etfs_oceania__max_sharpe,-0.0854439397270007
2017-01-31,etfs_oceania__max_sharpe,-0.057792759464578514
2017-02-28,etfs_oceania__max_sharpe,-0.05178955124290208
2017-03-31,etfs_oceania__max_sharpe,-0.03464106696693814
2017-04-30,etfs_oceania__max_sharpe,-0.023474618414435655
2017-05-31,etfs_oceania__max_sharpe,-0.0035772791481172295
2017-06-30,etfs_oceania__max_sharpe,0.0
2017-07-31,etfs_oceania__max_sharpe,-0.000862954687222306
2017-08-31,etfs_oceania__max_sharpe,-0.018844555917801764
2017-09-30,etfs_oceania__max_sharpe,-0.010940569359477181
2017-10-31,etfs_oceania__max_sharpe,0.0
2017-11-30,etfs_oceania__max_sharpe,-0.011948032363831462
2017-12-31,etfs_oceania__max_sharpe,0.0
2018-01-31,etfs_oceania__max_sharpe,-0.005566426147550763
2018-02-28,etfs_oceania__max_sharpe,-0.018621750372775803
2018-03-31,etfs_oceania__max_sharpe,-0.0087793376064762
2018-04-30,etfs_oceania__max_sharpe,0.0
2018-05-31,etfs_oceania__max_sharpe,0.0
2018-06-30,etfs_oceania__max_sharpe,0.0
2018-07-31,etfs_oceania__max_sharpe,-0.028222940766081006
2018-08-31,etfs_oceania__max_sharpe,0.0
2018-09-30,etfs_oceania__max_sharpe,-0.04531795899084512
2018-10-31,etfs_oceania__max_sharpe,-0.18071838376500737
2018-11-30,etfs_oceania__max_sharpe,-0.11390917201997552
2018-12-31,etfs_oceania__max_sharpe,-0.13906566557618116
2019-01-31,etfs_oceania__max_sharpe,-0.13050428965811078
2019-02-28,etfs_oceania__max_sharpe,-0.09730489467784698
2019-03-31,etfs_oceania__max_sharpe,-0.02350579181678436
2019-04-30,etfs_oceania__max_sharpe,-0.005713181475540008
2019-05-31,etfs_oceania__max_sharpe,-0.007813610425973061
2019-06-30,etfs_oceania__max_sharpe,0.0
2019-07-31,etfs_oceania__max_sharpe,-0.0006522195544845788
2019-08-31,etfs_oceania__max_sharpe,0.0
2019-09-30,etfs_oceania__max_sharpe,0.0
2019-10-31,etfs_oceania__max_sharpe,-0.029438693487643275
2019-11-30,etfs_oceania__max_sharpe,0.0
2019-12-31,etfs_oceania__max_sharpe,-0.008884432495653849
2020-01-31,etfs_oceania__max_sharpe,0.0
2020-02-29,etfs_oceania__max_sharpe,-0.02459643300732617
2020-03-31,etfs_oceania__max_sharpe,-0.0878243852546724
2020-04-30,etfs_oceania__max_sharpe,0.0
2020-05-31,etfs_oceania__max_sharpe,0.0
2020-06-30,etfs_oceania__max_sharpe,0.0
2020-07-31,etfs_oceania__max_sharpe,-0.012677528084244938
2020-08-31,etfs_oceania__max_sharpe,0.0
2020-09-30,etfs_oceania__max_sharpe,-0.008717793793404427
2020-10-31,etfs_oceania__max_sharpe,0.0
2020-11-30,etfs_oceania__max_sharpe,0.0
2020-12-31,etfs_oceania__max_sharpe,0.0
2021-01-31,etfs_oceania__max_sharpe,0.0
2021-02-28,etfs_oceania__max_sharpe,-0.005993477065989183
2021-03-31,etfs_oceania__max_sharpe,0.0
2021-04-30,etfs_oceania__max_sharpe,-0.0379243362748799
2021-05-31,etfs_oceania__max_sharpe,-0.061436985932391996
2021-06-30,etfs_oceania__max_sharpe,-0.12131824454947393
2021-07-31,etfs_oceania__max_sharpe,-0.10481710537974986
2021-08-31,etfs_oceania__max_sharpe,-0.061358035586481896
2021-09-30,etfs_oceania__max_sharpe,-0.05339293486718433
2021-10-31,etfs_oceania__max_sharpe,0.0
2021-11-30,etfs_oceania__max_sharpe,-0.0856571529313298
2021-12-31,etfs_oceania__max_sharpe,-0.05831397316306952
2022-01-31,etfs_oceania__max_sharpe,-0.182783079660094
2022-02-28,etfs_oceania__max_sharpe,-0.1746991049949529
2022-03-31,etfs_oceania__max_sharpe,-0.19500645073490253
2022-04-30,etfs_oceania__max_sharpe,-0.23405399624072132
2022-05-31,etfs_oceania__max_sharpe,-0.2731916772400945
2022-06-30,etfs_oceania__max_sharpe,-0.28010956922578956
2022-07-31,etfs_oceania__max_sharpe,-0.2246755683978725
2022-08-31,etfs_oceania__max_sharpe,-0.2592242619470949
2022-09-30,etfs_oceania__max_sharpe,-0.30616804121750907
2022-10-31,etfs_oceania__max_sharpe,-0.28089149102867916
2022-11-30,etfs_oceania__max_sharpe,-0.18993150304398454
2022-12-31,etfs_oceania__max_sharpe,-0.2050932448111048
2023-01-31,etfs_oceania__max_sharpe,-0.15674068062804658
2023-02-28,etfs_oceania__max_sharpe,-0.20304465499213475
2023-03-31,etfs_oceania__max_sharpe,-0.2106074516189963
2023-04-30,etfs_oceania__max_sharpe,-0.2253803203415916
2023-05-31,etfs_oceania__max_sharpe,-0.25534943784111275
2023-06-30,etfs_oceania__max_sharpe,-0.2503356751315208
2023-07-31,etfs_oceania__max_sharpe,-0.2500714297386367
2023-08-31,etfs_oceania__max_sharpe,-0.2797517130868421
2023-09-30,etfs_oceania__max_sharpe,-0.2781074664029948
2023-10-31,etfs_oceania__max_sharpe,-0.3108083787756095
2023-11-30,etfs_oceania__max_sharpe,-0.2635833237564218
2023-12-31,etfs_oceania__max_sharpe,-0.20944261713462098
2024-01-31,etfs_oceania__max_sharpe,-0.22544060419122536
2024-02-29,etfs_oceania__max_sharpe,-0.22636817437996137
2024-03-31,etfs_oceania__max_sharpe,-0.2068812820801167
2024-04-30,etfs_oceania__max_sharpe,-0.21914778404164614
2024-05-31,etfs_oceania__max_sharpe,-0.16282823584213812
2024-06-30,etfs_oceania__max_sharpe,-0.11828343982503897
2024-07-31,etfs_oceania__max_sharpe,-0.0808889267137225
2024-08-31,etfs_oceania__max_sharpe,-0.033673037053213895
2024-09-30,etfs_oceania__max_sharpe,-0.04310170766705268
2024-10-31,etfs_oceania__max_sharpe,-0.04077478272606938
2024-11-30,etfs_oceania__max_sharpe,0.0
2024-12-31,etfs_oceania__max_sharpe,-0.04664868266137545
2025-01-31,etfs_oceania__max_sharpe,-0.08142774378336026
2025-02-28,etfs_oceania__max_sharpe,-0.12477767722123145
2025-03-31,etfs_oceania__max_sharpe,-0.14975138502917007
2025-04-30,etfs_oceania__max_sharpe,-0.1431443066327569
2025-05-31,etfs_oceania__max_sharpe,-0.09827076208015328
2025-06-30,etfs_oceania__max_sharpe,-0.09622635346994302
2025-07-31,etfs_oceania__max_sharpe,-0.09111268824369023
2025-08-31,etfs_oceania__max_sharpe,-0.10147363160622491
2025-09-30,etfs_oceania__max_sharpe,-0.10739867826214178
2025-10-31,etfs_oceania__max_sharpe,-0.10152265615363865
2025-11-30,etfs_oceania__max_sharpe,-0.12385852866389946
2025-12-31,etfs_oceania__max_sharpe,-0.08832391506354109
2026-01-31,etfs_oceania__max_sharpe,-0.09444029895713923
2026-02-28,etfs_oceania__max_sharpe,-0.06067007525888668
2026-03-31,etfs_oceania__max_sharpe,-0.12360528607445731
2026-04-30,etfs_oceania__max_sharpe,-0.10931992435742366
2015-02-28,etfs_oceania__min_vol,0.0
2015-03-31,etfs_oceania__min_vol,0.0
2015-04-30,etfs_oceania__min_vol,-0.06991158468548686
2015-05-31,etfs_oceania__min_vol,-0.051564708177499474
2015-06-30,etfs_oceania__min_vol,-0.11666489190242901
2015-07-31,etfs_oceania__min_vol,-0.04414581552732255
2015-08-31,etfs_oceania__min_vol,-0.0786758154505447
2015-09-30,etfs_oceania__min_vol,0.0
2015-10-31,etfs_oceania__min_vol,0.0
2015-11-30,etfs_oceania__min_vol,-0.004205559054165753
2015-12-31,etfs_oceania__min_vol,0.0
2016-01-31,etfs_oceania__min_vol,-0.04095050176195547
2016-02-29,etfs_oceania__min_vol,-0.060484936750531904
2016-03-31,etfs_oceania__min_vol,-0.038565140652170316
2016-04-30,etfs_oceania__min_vol,-0.04719507290569036
2016-05-31,etfs_oceania__min_vol,-0.03319230136224538
2016-06-30,etfs_oceania__min_vol,-0.09954729572256604
2016-07-31,etfs_oceania__min_vol,-0.016421807940720567
2016-08-31,etfs_oceania__min_vol,-0.04236662380132061
2016-09-30,etfs_oceania__min_vol,-0.019186259428689678
2016-10-31,etfs_oceania__min_vol,-0.09113227689383374
2016-11-30,etfs_oceania__min_vol,-0.023557205930030634
2016-12-31,etfs_oceania__min_vol,-0.0854439397270007
2017-01-31,etfs_oceania__min_vol,-0.057792759464578514
2017-02-28,etfs_oceania__min_vol,-0.05178955124290208
2017-03-31,etfs_oceania__min_vol,-0.03464106696693814
2017-04-30,etfs_oceania__min_vol,-0.023474618414435655
2017-05-31,etfs_oceania__min_vol,-0.0035772791481172295
2017-06-30,etfs_oceania__min_vol,0.0
2017-07-31,etfs_oceania__min_vol,-0.000862954687222306
2017-08-31,etfs_oceania__min_vol,-0.018844555917801764
2017-09-30,etfs_oceania__min_vol,-0.010940569359477181
2017-10-31,etfs_oceania__min_vol,0.0
2017-11-30,etfs_oceania__min_vol,-0.011948032363831462
2017-12-31,etfs_oceania__min_vol,0.0
2018-01-31,etfs_oceania__min_vol,-0.005566426147550763
2018-02-28,etfs_oceania__min_vol,-0.018621750372775803
2018-03-31,etfs_oceania__min_vol,-0.0087793376064762
2018-04-30,etfs_oceania__min_vol,0.0
2018-05-31,etfs_oceania__min_vol,0.0
2018-06-30,etfs_oceania__min_vol,0.0
2018-07-31,etfs_oceania__min_vol,-0.028222940766081006
2018-08-31,etfs_oceania__min_vol,0.0
2018-09-30,etfs_oceania__min_vol,-0.04531795899084512
2018-10-31,etfs_oceania__min_vol,-0.18071838376500737
2018-11-30,etfs_oceania__min_vol,-0.11390917201997552
2018-12-31,etfs_oceania__min_vol,-0.13906566557618116
2019-01-31,etfs_oceania__min_vol,-0.13050428965811078
2019-02-28,etfs_oceania__min_vol,-0.09730489467784698
2019-03-31,etfs_oceania__min_vol,-0.02350579181678436
2019-04-30,etfs_oceania__min_vol,-0.005713181475540008
2019-05-31,etfs_oceania__min_vol,-0.007813610425973061
2019-06-30,etfs_oceania__min_vol,0.0
2019-07-31,etfs_oceania__min_vol,-0.0006522195544845788
2019-08-31,etfs_oceania__min_vol,0.0
2019-09-30,etfs_oceania__min_vol,0.0
2019-10-31,etfs_oceania__min_vol,-0.029438693487643275
2019-11-30,etfs_oceania__min_vol,0.0
2019-12-31,etfs_oceania__min_vol,-0.008884432495653849
2020-01-31,etfs_oceania__min_vol,0.0
2020-02-29,etfs_oceania__min_vol,-0.02459643300732617
2020-03-31,etfs_oceania__min_vol,-0.0878243852546724
2020-04-30,etfs_oceania__min_vol,0.0
2020-05-31,etfs_oceania__min_vol,0.0
2020-06-30,etfs_oceania__min_vol,0.0
2020-07-31,etfs_oceania__min_vol,-0.012677528084244938
2020-08-31,etfs_oceania__min_vol,0.0
2020-09-30,etfs_oceania__min_vol,-0.008717793793404427
2020-10-31,etfs_oceania__min_vol,0.0
2020-11-30,etfs_oceania__min_vol,0.0
2020-12-31,etfs_oceania__min_vol,0.0
2021-01-31,etfs_oceania__min_vol,0.0
2021-02-28,etfs_oceania__min_vol,-0.005993477065989183
2021-03-31,etfs_oceania__min_vol,0.0
2021-04-30,etfs_oceania__min_vol,-0.0379243362748799
2021-05-31,etfs_oceania__min_vol,-0.061436985932391996
2021-06-30,etfs_oceania__min_vol,-0.12131824454947393
2021-07-31,etfs_oceania__min_vol,-0.10481710537974986
2021-08-31,etfs_oceania__min_vol,-0.061358035586481896
2021-09-30,etfs_oceania__min_vol,-0.05339293486718433
2021-10-31,etfs_oceania__min_vol,0.0
2021-11-30,etfs_oceania__min_vol,-0.0856571529313298
2021-12-31,etfs_oceania__min_vol,-0.05831397316306952
2022-01-31,etfs_oceania__min_vol,-0.182783079660094
2022-02-28,etfs_oceania__min_vol,-0.1746991049949529
2022-03-31,etfs_oceania__min_vol,-0.19500645073490253
2022-04-30,etfs_oceania__min_vol,-0.23405399624072132
2022-05-31,etfs_oceania__min_vol,-0.2731916772400945
2022-06-30,etfs_oceania__min_vol,-0.28010956922578956
2022-07-31,etfs_oceania__min_vol,-0.2246755683978725
2022-08-31,etfs_oceania__min_vol,-0.2592242619470949
2022-09-30,etfs_oceania__min_vol,-0.30616804121750907
2022-10-31,etfs_oceania__min_vol,-0.28089149102867916
2022-11-30,etfs_oceania__min_vol,-0.18993150304398454
2022-12-31,etfs_oceania__min_vol,-0.2050932448111048
2023-01-31,etfs_oceania__min_vol,-0.15674068062804658
2023-02-28,etfs_oceania__min_vol,-0.20304465499213475
2023-03-31,etfs_oceania__min_vol,-0.2106074516189963
2023-04-30,etfs_oceania__min_vol,-0.2253803203415916
2023-05-31,etfs_oceania__min_vol,-0.25534943784111275
2023-06-30,etfs_oceania__min_vol,-0.2503356751315208
2023-07-31,etfs_oceania__min_vol,-0.2500714297386367
2023-08-31,etfs_oceania__min_vol,-0.2797517130868421
2023-09-30,etfs_oceania__min_vol,-0.2781074664029948
2023-10-31,etfs_oceania__min_vol,-0.3108083787756095
2023-11-30,etfs_oceania__min_vol,-0.2635833237564218
2023-12-31,etfs_oceania__min_vol,-0.20944261713462098
2024-01-31,etfs_oceania__min_vol,-0.22544060419122536
2024-02-29,etfs_oceania__min_vol,-0.22636817437996137
2024-03-31,etfs_oceania__min_vol,-0.2068812820801167
2024-04-30,etfs_oceania__min_vol,-0.21914778404164614
2024-05-31,etfs_oceania__min_vol,-0.16282823584213812
2024-06-30,etfs_oceania__min_vol,-0.11828343982503897
2024-07-31,etfs_oceania__min_vol,-0.0808889267137225
2024-08-31,etfs_oceania__min_vol,-0.033673037053213895
2024-09-30,etfs_oceania__min_vol,-0.04310170766705268
2024-10-31,etfs_oceania__min_vol,-0.04077478272606938
2024-11-30,etfs_oceania__min_vol,0.0
2024-12-31,etfs_oceania__min_vol,-0.04664868266137545
2025-01-31,etfs_oceania__min_vol,-0.08142774378336026
2025-02-28,etfs_oceania__min_vol,-0.12477767722123145
2025-03-31,etfs_oceania__min_vol,-0.14975138502917007
2025-04-30,etfs_oceania__min_vol,-0.1431443066327569
2025-05-31,etfs_oceania__min_vol,-0.09827076208015328
2025-06-30,etfs_oceania__min_vol,-0.09622635346994302
2025-07-31,etfs_oceania__min_vol,-0.09111268824369023
2025-08-31,etfs_oceania__min_vol,-0.10147363160622491
2025-09-30,etfs_oceania__min_vol,-0.10739867826214178
2025-10-31,etfs_oceania__min_vol,-0.10152265615363865
2025-11-30,etfs_oceania__min_vol,-0.12385852866389946
2025-12-31,etfs_oceania__min_vol,-0.08832391506354109
2026-01-31,etfs_oceania__min_vol,-0.09444029895713923
2026-02-28,etfs_oceania__min_vol,-0.06067007525888668
2026-03-31,etfs_oceania__min_vol,-0.12360528607445731
2026-04-30,etfs_oceania__min_vol,-0.10931992435742366
2015-02-28,etfs_brasil__max_sharpe,0.0
2015-03-31,etfs_brasil__max_sharpe,-0.0007546872157756512
2015-04-30,etfs_brasil__max_sharpe,0.0
2015-05-31,etfs_brasil__max_sharpe,-0.040740175432541714
2015-06-30,etfs_brasil__max_sharpe,-0.046203242052330284
2015-07-31,etfs_brasil__max_sharpe,-0.08346654605400816
2015-08-31,etfs_brasil__max_sharpe,-0.16150439592087362
2015-09-30,etfs_brasil__max_sharpe,-0.19170069422210312
2015-10-31,etfs_brasil__max_sharpe,-0.16054069805429705
2015-11-30,etfs_brasil__max_sharpe,-0.17583759006831323
2015-12-31,etfs_brasil__max_sharpe,-0.2099364833248959
2016-01-31,etfs_brasil__max_sharpe,-0.27383909333334877
2016-02-29,etfs_brasil__max_sharpe,-0.23422224684876924
2016-03-31,etfs_brasil__max_sharpe,-0.12338470225532128
2016-04-30,etfs_brasil__max_sharpe,-0.06798252935825155
2016-05-31,etfs_brasil__max_sharpe,-0.1376987195370687
2016-06-30,etfs_brasil__max_sharpe,-0.07047436523885697
2016-07-31,etfs_brasil__max_sharpe,0.0
2016-08-31,etfs_brasil__max_sharpe,0.0
2016-09-30,etfs_brasil__max_sharpe,0.0
2016-10-31,etfs_brasil__max_sharpe,0.0
2016-11-30,etfs_brasil__max_sharpe,-0.06086760184953244
2016-12-31,etfs_brasil__max_sharpe,-0.08232535411083375
2017-01-31,etfs_brasil__max_sharpe,0.0
2017-02-28,etfs_brasil__max_sharpe,0.0
2017-03-31,etfs_brasil__max_sharpe,-0.021405433639517413
2017-04-30,etfs_brasil__max_sharpe,-0.0016064279232543832
2017-05-31,etfs_brasil__max_sharpe,-0.026382991774115183
2017-06-30,etfs_brasil__max_sharpe,-0.02303067667845604
2017-07-31,etfs_brasil__max_sharpe,0.0
2017-08-31,etfs_brasil__max_sharpe,0.0
2017-09-30,etfs_brasil__max_sharpe,0.0
2017-10-31,etfs_brasil__max_sharpe,-0.005050400804417432
2017-11-30,etfs_brasil__max_sharpe,-0.035425336071756686
2017-12-31,etfs_brasil__max_sharpe,0.0
2018-01-31,etfs_brasil__max_sharpe,0.0
2018-02-28,etfs_brasil__max_sharpe,-0.00021722570160942478
2018-03-31,etfs_brasil__max_sharpe,-4.378446069963626e-05
2018-04-30,etfs_brasil__max_sharpe,0.0
2018-05-31,etfs_brasil__max_sharpe,-0.1106798922186174
2018-06-30,etfs_brasil__max_sharpe,-0.14939418617523936
2018-07-31,etfs_brasil__max_sharpe,-0.09043788789238327
2018-08-31,etfs_brasil__max_sharpe,-0.1231983885041068
2018-09-30,etfs_brasil__max_sharpe,-0.1161932150088908
2018-10-31,etfs_brasil__max_sharpe,-0.01824762636515942
2018-11-30,etfs_brasil__max_sharpe,0.0
2018-12-31,etfs_brasil__max_sharpe,-0.004083100111136662
2019-01-31,etfs_brasil__max_sharpe,0.0
2019-02-28,etfs_brasil__max_sharpe,-0.007409320244935458
2019-03-31,etfs_brasil__max_sharpe,-0.020045154178031765
2019-04-30,etfs_brasil__max_sharpe,-0.007222217735605385
2019-05-31,etfs_brasil__max_sharpe,0.0
2019-06-30,etfs_brasil__max_sharpe,0.0
2019-07-31,etfs_brasil__max_sharpe,0.0
2019-08-31,etfs_brasil__max_sharpe,0.0
2019-09-30,etfs_brasil__max_sharpe,0.0
2019-10-31,etfs_brasil__max_sharpe,0.0
2019-11-30,etfs_brasil__max_sharpe,0.0
2019-12-31,etfs_brasil__max_sharpe,0.0
2020-01-31,etfs_brasil__max_sharpe,-0.008751427706895853
2020-02-29,etfs_brasil__max_sharpe,-0.08638331260464449
2020-03-31,etfs_brasil__max_sharpe,-0.39950601292064114
2020-04-30,etfs_brasil__max_sharpe,-0.32080763641041143
2020-05-31,etfs_brasil__max_sharpe,-0.27439621952281157
2020-06-30,etfs_brasil__max_sharpe,-0.1917851439830921
2020-07-31,etfs_brasil__max_sharpe,-0.1197186625555946
2020-08-31,etfs_brasil__max_sharpe,-0.1430927310185477
2020-09-30,etfs_brasil__max_sharpe,-0.18477963689074717
2020-10-31,etfs_brasil__max_sharpe,-0.19594473380634603
2020-11-30,etfs_brasil__max_sharpe,-0.06186933747597978
2020-12-31,etfs_brasil__max_sharpe,0.0
2021-01-31,etfs_brasil__max_sharpe,-0.041178523236542364
2021-02-28,etfs_brasil__max_sharpe,-0.07320273121204479
2021-03-31,etfs_brasil__max_sharpe,-0.019510603026608453
2021-04-30,etfs_brasil__max_sharpe,0.0
2021-05-31,etfs_brasil__max_sharpe,0.0
2021-06-30,etfs_brasil__max_sharpe,0.0
2021-07-31,etfs_brasil__max_sharpe,-0.04662565155109977
2021-08-31,etfs_brasil__max_sharpe,-0.0773474565333494
2021-09-30,etfs_brasil__max_sharpe,-0.13825872487140056
2021-10-31,etfs_brasil__max_sharpe,-0.22060165198577042
2021-11-30,etfs_brasil__max_sharpe,-0.23421204936463802
2021-12-31,etfs_brasil__max_sharpe,-0.20883714032164613
2022-01-31,etfs_brasil__max_sharpe,-0.16774145321199796
2022-02-28,etfs_brasil__max_sharpe,-0.18539369195390354
2022-03-31,etfs_brasil__max_sharpe,-0.12402069107889813
2022-04-30,etfs_brasil__max_sharpe,-0.2076912908874291
2022-05-31,etfs_brasil__max_sharpe,-0.19786546645794523
2022-06-30,etfs_brasil__max_sharpe,-0.3093824184130042
2022-07-31,etfs_brasil__max_sharpe,-0.2774191926159315
2022-08-31,etfs_brasil__max_sharpe,-0.2115446966742539
2022-09-30,etfs_brasil__max_sharpe,-0.21421802155815406
2022-10-31,etfs_brasil__max_sharpe,-0.16691205499225825
2022-11-30,etfs_brasil__max_sharpe,-0.22652833787874804
2022-12-31,etfs_brasil__max_sharpe,-0.24927954424571896
2023-01-31,etfs_brasil__max_sharpe,-0.2241423133105802
2023-02-28,etfs_brasil__max_sharpe,-0.29805789565500773
2023-03-31,etfs_brasil__max_sharpe,-0.30943251177811115
2023-04-30,etfs_brasil__max_sharpe,-0.2963441498032524
2023-05-31,etfs_brasil__max_sharpe,-0.23714488155597957
2023-06-30,etfs_brasil__max_sharpe,-0.16904289408955075
2023-07-31,etfs_brasil__max_sharpe,-0.1423863076256905
2023-08-31,etfs_brasil__max_sharpe,-0.1959340992703017
2023-09-30,etfs_brasil__max_sharpe,-0.20280435256623852
2023-10-31,etfs_brasil__max_sharpe,-0.24441679603744126
2023-11-30,etfs_brasil__max_sharpe,-0.14761197435101692
2023-12-31,etfs_brasil__max_sharpe,-0.09663859896404337
2024-01-31,etfs_brasil__max_sharpe,-0.1461996925058725
2024-02-29,etfs_brasil__max_sharpe,-0.14120058576208616
2024-03-31,etfs_brasil__max_sharpe,-0.13427484785017685
2024-04-30,etfs_brasil__max_sharpe,-0.17481924765926182
2024-05-31,etfs_brasil__max_sharpe,-0.20226329383071273
2024-06-30,etfs_brasil__max_sharpe,-0.19821104084766206
2024-07-31,etfs_brasil__max_sharpe,-0.17750150513228957
2024-08-31,etfs_brasil__max_sharpe,-0.1312934336633429
2024-09-30,etfs_brasil__max_sharpe,-0.16528226577447014
2024-10-31,etfs_brasil__max_sharpe,-0.17535903588631285
2024-11-30,etfs_brasil__max_sharpe,-0.20488810199431928
2024-12-31,etfs_brasil__max_sharpe,-0.25269848907414283
2025-01-31,etfs_brasil__max_sharpe,-0.21074847750525483
2025-02-28,etfs_brasil__max_sharpe,-0.23674817904000023
2025-03-31,etfs_brasil__max_sharpe,-0.18821173702565663
2025-04-30,etfs_brasil__max_sharpe,-0.13929934696745205
2025-05-31,etfs_brasil__max_sharpe,-0.10555056328257006
2025-06-30,etfs_brasil__max_sharpe,-0.0935671561877025
2025-07-31,etfs_brasil__max_sharpe,-0.14303887903638723
2025-08-31,etfs_brasil__max_sharpe,-0.09143655927233241
2025-09-30,etfs_brasil__max_sharpe,-0.0664171602486675
2025-10-31,etfs_brasil__max_sharpe,-0.054426785425740865
2025-11-30,etfs_brasil__max_sharpe,0.0
2025-12-31,etfs_brasil__max_sharpe,-0.010442910347378653
2026-01-31,etfs_brasil__max_sharpe,0.0
2026-02-28,etfs_brasil__max_sharpe,0.0
2026-03-31,etfs_brasil__max_sharpe,-0.027617661654915193
2026-04-30,etfs_brasil__max_sharpe,0.0
2015-02-28,etfs_brasil__min_vol,0.0
2015-03-31,etfs_brasil__min_vol,-0.0007546872157756512
2015-04-30,etfs_brasil__min_vol,0.0
2015-05-31,etfs_brasil__min_vol,-0.040740175432541714
2015-06-30,etfs_brasil__min_vol,-0.046203242052330284
2015-07-31,etfs_brasil__min_vol,-0.08346654605400816
2015-08-31,etfs_brasil__min_vol,-0.16150439592087362
2015-09-30,etfs_brasil__min_vol,-0.19170069422210312
2015-10-31,etfs_brasil__min_vol,-0.16054069805429705
2015-11-30,etfs_brasil__min_vol,-0.17583759006831323
2015-12-31,etfs_brasil__min_vol,-0.2099364833248959
2016-01-31,etfs_brasil__min_vol,-0.27383909333334877
2016-02-29,etfs_brasil__min_vol,-0.23422224684876924
2016-03-31,etfs_brasil__min_vol,-0.12338470225532128
2016-04-30,etfs_brasil__min_vol,-0.06798252935825155
2016-05-31,etfs_brasil__min_vol,-0.1376987195370687
2016-06-30,etfs_brasil__min_vol,-0.07047436523885697
2016-07-31,etfs_brasil__min_vol,0.0
2016-08-31,etfs_brasil__min_vol,0.0
2016-09-30,etfs_brasil__min_vol,0.0
2016-10-31,etfs_brasil__min_vol,0.0
2016-11-30,etfs_brasil__min_vol,-0.06086760184953244
2016-12-31,etfs_brasil__min_vol,-0.08232535411083375
2017-01-31,etfs_brasil__min_vol,0.0
2017-02-28,etfs_brasil__min_vol,0.0
2017-03-31,etfs_brasil__min_vol,-0.021405433639517413
2017-04-30,etfs_brasil__min_vol,-0.0016064279232543832
2017-05-31,etfs_brasil__min_vol,-0.026382991774115183
2017-06-30,etfs_brasil__min_vol,-0.02303067667845604
2017-07-31,etfs_brasil__min_vol,0.0
2017-08-31,etfs_brasil__min_vol,0.0
2017-09-30,etfs_brasil__min_vol,0.0
2017-10-31,etfs_brasil__min_vol,-0.005050400804417432
2017-11-30,etfs_brasil__min_vol,-0.035425336071756686
2017-12-31,etfs_brasil__min_vol,0.0
2018-01-31,etfs_brasil__min_vol,0.0
2018-02-28,etfs_brasil__min_vol,-0.00021722570160942478
2018-03-31,etfs_brasil__min_vol,-4.378446069963626e-05
2018-04-30,etfs_brasil__min_vol,0.0
2018-05-31,etfs_brasil__min_vol,-0.1106798922186174
2018-06-30,etfs_brasil__min_vol,-0.14939418617523936
2018-07-31,etfs_brasil__min_vol,-0.09043788789238327
2018-08-31,etfs_brasil__min_vol,-0.1231983885041068
2018-09-30,etfs_brasil__min_vol,-0.1161932150088908
2018-10-31,etfs_brasil__min_vol,-0.01824762636515942
2018-11-30,etfs_brasil__min_vol,0.0
2018-12-31,etfs_brasil__min_vol,-0.004083100111136662
2019-01-31,etfs_brasil__min_vol,0.0
2019-02-28,etfs_brasil__min_vol,-0.007409320244935458
2019-03-31,etfs_brasil__min_vol,-0.020045154178031765
2019-04-30,etfs_brasil__min_vol,-0.007222217735605385
2019-05-31,etfs_brasil__min_vol,0.0
2019-06-30,etfs_brasil__min_vol,0.0
2019-07-31,etfs_brasil__min_vol,0.0
2019-08-31,etfs_brasil__min_vol,0.0
2019-09-30,etfs_brasil__min_vol,0.0
2019-10-31,etfs_brasil__min_vol,0.0
2019-11-30,etfs_brasil__min_vol,0.0
2019-12-31,etfs_brasil__min_vol,0.0
2020-01-31,etfs_brasil__min_vol,-0.008751427706895853
2020-02-29,etfs_brasil__min_vol,-0.08638331260464449
2020-03-31,etfs_brasil__min_vol,-0.39950601292064114
2020-04-30,etfs_brasil__min_vol,-0.32080763641041143
2020-05-31,etfs_brasil__min_vol,-0.27439621952281157
2020-06-30,etfs_brasil__min_vol,-0.1917851439830921
2020-07-31,etfs_brasil__min_vol,-0.1197186625555946
2020-08-31,etfs_brasil__min_vol,-0.1430927310185477
2020-09-30,etfs_brasil__min_vol,-0.18477963689074717
2020-10-31,etfs_brasil__min_vol,-0.19594473380634603
2020-11-30,etfs_brasil__min_vol,-0.06186933747597978
2020-12-31,etfs_brasil__min_vol,0.0
2021-01-31,etfs_brasil__min_vol,-0.041178523236542364
2021-02-28,etfs_brasil__min_vol,-0.07320273121204479
2021-03-31,etfs_brasil__min_vol,-0.019510603026608453
2021-04-30,etfs_brasil__min_vol,0.0
2021-05-31,etfs_brasil__min_vol,0.0
2021-06-30,etfs_brasil__min_vol,0.0
2021-07-31,etfs_brasil__min_vol,-0.04662565155109977
2021-08-31,etfs_brasil__min_vol,-0.0773474565333494
2021-09-30,etfs_brasil__min_vol,-0.13825872487140056
2021-10-31,etfs_brasil__min_vol,-0.22060165198577042
2021-11-30,etfs_brasil__min_vol,-0.23421204936463802
2021-12-31,etfs_brasil__min_vol,-0.20883714032164613
2022-01-31,etfs_brasil__min_vol,-0.16774145321199796
2022-02-28,etfs_brasil__min_vol,-0.18539369195390354
2022-03-31,etfs_brasil__min_vol,-0.12402069107889813
2022-04-30,etfs_brasil__min_vol,-0.2076912908874291
2022-05-31,etfs_brasil__min_vol,-0.19786546645794523
2022-06-30,etfs_brasil__min_vol,-0.3093824184130042
2022-07-31,etfs_brasil__min_vol,-0.2774191926159315
2022-08-31,etfs_brasil__min_vol,-0.2115446966742539
2022-09-30,etfs_brasil__min_vol,-0.21421802155815406
2022-10-31,etfs_brasil__min_vol,-0.16691205499225825
2022-11-30,etfs_brasil__min_vol,-0.22652833787874804
2022-12-31,etfs_brasil__min_vol,-0.24927954424571896
2023-01-31,etfs_brasil__min_vol,-0.2241423133105802
2023-02-28,etfs_brasil__min_vol,-0.29805789565500773
2023-03-31,etfs_brasil__min_vol,-0.30943251177811115
2023-04-30,etfs_brasil__min_vol,-0.2963441498032524
2023-05-31,etfs_brasil__min_vol,-0.23714488155597957
2023-06-30,etfs_brasil__min_vol,-0.16904289408955075
2023-07-31,etfs_brasil__min_vol,-0.1423863076256905
2023-08-31,etfs_brasil__min_vol,-0.1959340992703017
2023-09-30,etfs_brasil__min_vol,-0.20280435256623852
2023-10-31,etfs_brasil__min_vol,-0.24441679603744126
2023-11-30,etfs_brasil__min_vol,-0.14761197435101692
2023-12-31,etfs_brasil__min_vol,-0.09663859896404337
2024-01-31,etfs_brasil__min_vol,-0.1461996925058725
2024-02-29,etfs_brasil__min_vol,-0.14120058576208616
2024-03-31,etfs_brasil__min_vol,-0.13427484785017685
2024-04-30,etfs_brasil__min_vol,-0.17481924765926182
2024-05-31,etfs_brasil__min_vol,-0.20226329383071273
2024-06-30,etfs_brasil__min_vol,-0.19821104084766206
2024-07-31,etfs_brasil__min_vol,-0.17750150513228957
2024-08-31,etfs_brasil__min_vol,-0.1312934336633429
2024-09-30,etfs_brasil__min_vol,-0.16528226577447014
2024-10-31,etfs_brasil__min_vol,-0.17535903588631285
2024-11-30,etfs_brasil__min_vol,-0.20488810199431928
2024-12-31,etfs_brasil__min_vol,-0.25269848907414283
2025-01-31,etfs_brasil__min_vol,-0.21074847750525483
2025-02-28,etfs_brasil__min_vol,-0.23674817904000023
2025-03-31,etfs_brasil__min_vol,-0.18821173702565663
2025-04-30,etfs_brasil__min_vol,-0.13929934696745205
2025-05-31,etfs_brasil__min_vol,-0.10555056328257006
2025-06-30,etfs_brasil__min_vol,-0.0935671561877025
2025-07-31,etfs_brasil__min_vol,-0.14303887903638723
2025-08-31,etfs_brasil__min_vol,-0.09143655927233241
2025-09-30,etfs_brasil__min_vol,-0.0664171602486675
2025-10-31,etfs_brasil__min_vol,-0.054426785425740865
2025-11-30,etfs_brasil__min_vol,0.0
2025-12-31,etfs_brasil__min_vol,-0.010442910347378653
2026-01-31,etfs_brasil__min_vol,0.0
2026-02-28,etfs_brasil__min_vol,0.0
2026-03-31,etfs_brasil__min_vol,-0.027617661654915193
2026-04-30,etfs_brasil__min_vol,0.0
