data,carteira,drawdown
2015-02-28,etfs_com_tudo__max_sharpe,0.0
2015-03-31,etfs_com_tudo__max_sharpe,0.0
2015-04-30,etfs_com_tudo__max_sharpe,-0.01409998978921756
2015-05-31,etfs_com_tudo__max_sharpe,0.0
2015-06-30,etfs_com_tudo__max_sharpe,-0.010799473480199273
2015-07-31,etfs_com_tudo__max_sharpe,0.0
2015-08-31,etfs_com_tudo__max_sharpe,0.0
2015-09-30,etfs_com_tudo__max_sharpe,0.0
2015-10-31,etfs_com_tudo__max_sharpe,0.0
2015-11-30,etfs_com_tudo__max_sharpe,-0.02615847738359467
2015-12-31,etfs_com_tudo__max_sharpe,-0.02119949017513134
2016-01-31,etfs_com_tudo__max_sharpe,-0.03050161124055739
2016-02-29,etfs_com_tudo__max_sharpe,0.0
2016-03-31,etfs_com_tudo__max_sharpe,-0.003050352142203838
2016-04-30,etfs_com_tudo__max_sharpe,0.0
2016-05-31,etfs_com_tudo__max_sharpe,-0.014043100023136468
2016-06-30,etfs_com_tudo__max_sharpe,-0.015640430095102187
2016-07-31,etfs_com_tudo__max_sharpe,0.0
2016-08-31,etfs_com_tudo__max_sharpe,-0.02058726786053766
2016-09-30,etfs_com_tudo__max_sharpe,0.0
2016-10-31,etfs_com_tudo__max_sharpe,0.0
2016-11-30,etfs_com_tudo__max_sharpe,0.0
2016-12-31,etfs_com_tudo__max_sharpe,-0.03196327688176248
2017-01-31,etfs_com_tudo__max_sharpe,-0.010811813875398979
2017-02-28,etfs_com_tudo__max_sharpe,0.0
2017-03-31,etfs_com_tudo__max_sharpe,-0.007832590104105086
2017-04-30,etfs_com_tudo__max_sharpe,0.0
2017-05-31,etfs_com_tudo__max_sharpe,0.0
2017-06-30,etfs_com_tudo__max_sharpe,0.0
2017-07-31,etfs_com_tudo__max_sharpe,0.0
2017-08-31,etfs_com_tudo__max_sharpe,0.0
2017-09-30,etfs_com_tudo__max_sharpe,0.0
2017-10-31,etfs_com_tudo__max_sharpe,0.0
2017-11-30,etfs_com_tudo__max_sharpe,0.0
2017-12-31,etfs_com_tudo__max_sharpe,0.0
2018-01-31,etfs_com_tudo__max_sharpe,0.0
2018-02-28,etfs_com_tudo__max_sharpe,0.0
2018-03-31,etfs_com_tudo__max_sharpe,-0.008356587909136737
2018-04-30,etfs_com_tudo__max_sharpe,0.0
2018-05-31,etfs_com_tudo__max_sharpe,0.0
2018-06-30,etfs_com_tudo__max_sharpe,-0.005400475198278909
2018-07-31,etfs_com_tudo__max_sharpe,0.0
2018-08-31,etfs_com_tudo__max_sharpe,0.0
2018-09-30,etfs_com_tudo__max_sharpe,-0.01596246519248823
2018-10-31,etfs_com_tudo__max_sharpe,-0.0554149313711072
2018-11-30,etfs_com_tudo__max_sharpe,-0.05727846572375839
2018-12-31,etfs_com_tudo__max_sharpe,-0.06454214789811541
2019-01-31,etfs_com_tudo__max_sharpe,-0.03613383302127715
2019-02-28,etfs_com_tudo__max_sharpe,-0.014967312704766034
2019-03-31,etfs_com_tudo__max_sharpe,0.0
2019-04-30,etfs_com_tudo__max_sharpe,0.0
2019-05-31,etfs_com_tudo__max_sharpe,0.0
2019-06-30,etfs_com_tudo__max_sharpe,0.0
2019-07-31,etfs_com_tudo__max_sharpe,-0.0028584323387484956
2019-08-31,etfs_com_tudo__max_sharpe,0.0
2019-09-30,etfs_com_tudo__max_sharpe,-0.013219382547819514
2019-10-31,etfs_com_tudo__max_sharpe,-0.011755148414295369
2019-11-30,etfs_com_tudo__max_sharpe,0.0
2019-12-31,etfs_com_tudo__max_sharpe,0.0
2020-01-31,etfs_com_tudo__max_sharpe,0.0
2020-02-29,etfs_com_tudo__max_sharpe,-0.011282340191665963
2020-03-31,etfs_com_tudo__max_sharpe,-0.07225496311980595
2020-04-30,etfs_com_tudo__max_sharpe,0.0
2020-05-31,etfs_com_tudo__max_sharpe,0.0
2020-06-30,etfs_com_tudo__max_sharpe,0.0
2020-07-31,etfs_com_tudo__max_sharpe,0.0
2020-08-31,etfs_com_tudo__max_sharpe,0.0
2020-09-30,etfs_com_tudo__max_sharpe,-0.021619950639669483
2020-10-31,etfs_com_tudo__max_sharpe,-0.0003846261639125492
2020-11-30,etfs_com_tudo__max_sharpe,0.0
2020-12-31,etfs_com_tudo__max_sharpe,0.0
2021-01-31,etfs_com_tudo__max_sharpe,0.0
2021-02-28,etfs_com_tudo__max_sharpe,0.0
2021-03-31,etfs_com_tudo__max_sharpe,0.0
2021-04-30,etfs_com_tudo__max_sharpe,-0.02105832216951009
2021-05-31,etfs_com_tudo__max_sharpe,-0.007925882729031053
2021-06-30,etfs_com_tudo__max_sharpe,-0.05885126124964313
2021-07-31,etfs_com_tudo__max_sharpe,-0.025918187803045
2021-08-31,etfs_com_tudo__max_sharpe,-0.00757379523025381
2021-09-30,etfs_com_tudo__max_sharpe,-0.018530848740688
2021-10-31,etfs_com_tudo__max_sharpe,0.0
2021-11-30,etfs_com_tudo__max_sharpe,-0.02440793176346301
2021-12-31,etfs_com_tudo__max_sharpe,-0.009711608471491773
2022-01-31,etfs_com_tudo__max_sharpe,-0.035383203506431316
2022-02-28,etfs_com_tudo__max_sharpe,-0.02982482237061379
2022-03-31,etfs_com_tudo__max_sharpe,-0.042062925936909856
2022-04-30,etfs_com_tudo__max_sharpe,-0.08844846544400897
2022-05-31,etfs_com_tudo__max_sharpe,-0.11891879153197804
2022-06-30,etfs_com_tudo__max_sharpe,-0.14254507216276402
2022-07-31,etfs_com_tudo__max_sharpe,-0.1129356692683271
2022-08-31,etfs_com_tudo__max_sharpe,-0.13184506133610607
2022-09-30,etfs_com_tudo__max_sharpe,-0.13247375125834315
2022-10-31,etfs_com_tudo__max_sharpe,-0.12235175753433414
2022-11-30,etfs_com_tudo__max_sharpe,-0.10624568924440347
2022-12-31,etfs_com_tudo__max_sharpe,-0.11576813846552103
2023-01-31,etfs_com_tudo__max_sharpe,-0.0685666359547259
2023-02-28,etfs_com_tudo__max_sharpe,-0.10297351516924713
2023-03-31,etfs_com_tudo__max_sharpe,-0.06876832524358678
2023-04-30,etfs_com_tudo__max_sharpe,-0.07011787544919201
2023-05-31,etfs_com_tudo__max_sharpe,-0.055110100247612426
2023-06-30,etfs_com_tudo__max_sharpe,-0.04117537100297397
2023-07-31,etfs_com_tudo__max_sharpe,-0.028623823511024438
2023-08-31,etfs_com_tudo__max_sharpe,-0.03261219047616215
2023-09-30,etfs_com_tudo__max_sharpe,-0.03015905885317316
2023-10-31,etfs_com_tudo__max_sharpe,0.0
2023-11-30,etfs_com_tudo__max_sharpe,0.0
2023-12-31,etfs_com_tudo__max_sharpe,0.0
2024-01-31,etfs_com_tudo__max_sharpe,0.0
2024-02-29,etfs_com_tudo__max_sharpe,0.0
2024-03-31,etfs_com_tudo__max_sharpe,0.0
2024-04-30,etfs_com_tudo__max_sharpe,0.0
2024-05-31,etfs_com_tudo__max_sharpe,0.0
2024-06-30,etfs_com_tudo__max_sharpe,0.0
2024-07-31,etfs_com_tudo__max_sharpe,0.0
2024-08-31,etfs_com_tudo__max_sharpe,0.0
2024-09-30,etfs_com_tudo__max_sharpe,-0.008836030266977657
2024-10-31,etfs_com_tudo__max_sharpe,0.0
2024-11-30,etfs_com_tudo__max_sharpe,0.0
2024-12-31,etfs_com_tudo__max_sharpe,0.0
2025-01-31,etfs_com_tudo__max_sharpe,0.0
2025-02-28,etfs_com_tudo__max_sharpe,-0.022947588758855164
2025-03-31,etfs_com_tudo__max_sharpe,0.0
2025-04-30,etfs_com_tudo__max_sharpe,0.0
2025-05-31,etfs_com_tudo__max_sharpe,0.0
2025-06-30,etfs_com_tudo__max_sharpe,-3.459115084836206e-05
2025-07-31,etfs_com_tudo__max_sharpe,0.0
2025-08-31,etfs_com_tudo__max_sharpe,0.0
2025-09-30,etfs_com_tudo__max_sharpe,0.0
2025-10-31,etfs_com_tudo__max_sharpe,0.0
2025-11-30,etfs_com_tudo__max_sharpe,0.0
2025-12-31,etfs_com_tudo__max_sharpe,0.0
2026-01-31,etfs_com_tudo__max_sharpe,0.0
2026-02-28,etfs_com_tudo__max_sharpe,0.0
2026-03-31,etfs_com_tudo__max_sharpe,0.0
2026-04-30,etfs_com_tudo__max_sharpe,0.0
2015-02-28,etfs_com_ouro_btc__max_sharpe,0.0
2015-03-31,etfs_com_ouro_btc__max_sharpe,0.0
2015-04-30,etfs_com_ouro_btc__max_sharpe,-0.022460674354721766
2015-05-31,etfs_com_ouro_btc__max_sharpe,0.0
2015-06-30,etfs_com_ouro_btc__max_sharpe,-0.010675675161175957
2015-07-31,etfs_com_ouro_btc__max_sharpe,0.0
2015-08-31,etfs_com_ouro_btc__max_sharpe,0.0
2015-09-30,etfs_com_ouro_btc__max_sharpe,0.0
2015-10-31,etfs_com_ouro_btc__max_sharpe,0.0
2015-11-30,etfs_com_ouro_btc__max_sharpe,-0.017896682223398797
2015-12-31,etfs_com_ouro_btc__max_sharpe,-0.007064978216480888
2016-01-31,etfs_com_ouro_btc__max_sharpe,-0.012564844641281936
2016-02-29,etfs_com_ouro_btc__max_sharpe,0.0
2016-03-31,etfs_com_ouro_btc__max_sharpe,-0.0005713766634685147
2016-04-30,etfs_com_ouro_btc__max_sharpe,0.0
2016-05-31,etfs_com_ouro_btc__max_sharpe,-0.017928972909331486
2016-06-30,etfs_com_ouro_btc__max_sharpe,-0.014733091905008044
2016-07-31,etfs_com_ouro_btc__max_sharpe,0.0
2016-08-31,etfs_com_ouro_btc__max_sharpe,-0.023874196971811035
2016-09-30,etfs_com_ouro_btc__max_sharpe,-0.0033546059043113585
2016-10-31,etfs_com_ouro_btc__max_sharpe,0.0
2016-11-30,etfs_com_ouro_btc__max_sharpe,0.0
2016-12-31,etfs_com_ouro_btc__max_sharpe,-0.034729271477890844
2017-01-31,etfs_com_ouro_btc__max_sharpe,-0.009389018408518135
2017-02-28,etfs_com_ouro_btc__max_sharpe,0.0
2017-03-31,etfs_com_ouro_btc__max_sharpe,-0.0031541222130542224
2017-04-30,etfs_com_ouro_btc__max_sharpe,0.0
2017-05-31,etfs_com_ouro_btc__max_sharpe,0.0
2017-06-30,etfs_com_ouro_btc__max_sharpe,0.0
2017-07-31,etfs_com_ouro_btc__max_sharpe,0.0
2017-08-31,etfs_com_ouro_btc__max_sharpe,0.0
2017-09-30,etfs_com_ouro_btc__max_sharpe,0.0
2017-10-31,etfs_com_ouro_btc__max_sharpe,0.0
2017-11-30,etfs_com_ouro_btc__max_sharpe,0.0
2017-12-31,etfs_com_ouro_btc__max_sharpe,0.0
2018-01-31,etfs_com_ouro_btc__max_sharpe,0.0
2018-02-28,etfs_com_ouro_btc__max_sharpe,0.0
2018-03-31,etfs_com_ouro_btc__max_sharpe,-0.013851836397543504
2018-04-30,etfs_com_ouro_btc__max_sharpe,0.0
2018-05-31,etfs_com_ouro_btc__max_sharpe,0.0
2018-06-30,etfs_com_ouro_btc__max_sharpe,-0.015032917943499369
2018-07-31,etfs_com_ouro_btc__max_sharpe,0.0
2018-08-31,etfs_com_ouro_btc__max_sharpe,0.0
2018-09-30,etfs_com_ouro_btc__max_sharpe,-0.01791656714397405
2018-10-31,etfs_com_ouro_btc__max_sharpe,-0.05319026600698462
2018-11-30,etfs_com_ouro_btc__max_sharpe,-0.04208890554510947
2018-12-31,etfs_com_ouro_btc__max_sharpe,-0.049113234007734374
2019-01-31,etfs_com_ouro_btc__max_sharpe,-0.02304389129272555
2019-02-28,etfs_com_ouro_btc__max_sharpe,-0.0037417032383941784
2019-03-31,etfs_com_ouro_btc__max_sharpe,0.0
2019-04-30,etfs_com_ouro_btc__max_sharpe,0.0
2019-05-31,etfs_com_ouro_btc__max_sharpe,0.0
2019-06-30,etfs_com_ouro_btc__max_sharpe,0.0
2019-07-31,etfs_com_ouro_btc__max_sharpe,-0.0028839435391461166
2019-08-31,etfs_com_ouro_btc__max_sharpe,0.0
2019-09-30,etfs_com_ouro_btc__max_sharpe,-0.010899618963114532
2019-10-31,etfs_com_ouro_btc__max_sharpe,-0.008650883077028437
2019-11-30,etfs_com_ouro_btc__max_sharpe,0.0
2019-12-31,etfs_com_ouro_btc__max_sharpe,0.0
2020-01-31,etfs_com_ouro_btc__max_sharpe,0.0
2020-02-29,etfs_com_ouro_btc__max_sharpe,-0.010870808583710923
2020-03-31,etfs_com_ouro_btc__max_sharpe,-0.05249401122759434
2020-04-30,etfs_com_ouro_btc__max_sharpe,0.0
2020-05-31,etfs_com_ouro_btc__max_sharpe,0.0
2020-06-30,etfs_com_ouro_btc__max_sharpe,0.0
2020-07-31,etfs_com_ouro_btc__max_sharpe,0.0
2020-08-31,etfs_com_ouro_btc__max_sharpe,0.0
2020-09-30,etfs_com_ouro_btc__max_sharpe,-0.02396192130707231
2020-10-31,etfs_com_ouro_btc__max_sharpe,0.0
2020-11-30,etfs_com_ouro_btc__max_sharpe,0.0
2020-12-31,etfs_com_ouro_btc__max_sharpe,0.0
2021-01-31,etfs_com_ouro_btc__max_sharpe,0.0
2021-02-28,etfs_com_ouro_btc__max_sharpe,0.0
2021-03-31,etfs_com_ouro_btc__max_sharpe,0.0
2021-04-30,etfs_com_ouro_btc__max_sharpe,-0.02277044375680548
2021-05-31,etfs_com_ouro_btc__max_sharpe,-0.011181718269849705
2021-06-30,etfs_com_ouro_btc__max_sharpe,-0.06515112907191278
2021-07-31,etfs_com_ouro_btc__max_sharpe,-0.03552481136517471
2021-08-31,etfs_com_ouro_btc__max_sharpe,-0.012389718499802194
2021-09-30,etfs_com_ouro_btc__max_sharpe,-0.030344104494670066
2021-10-31,etfs_com_ouro_btc__max_sharpe,0.0
2021-11-30,etfs_com_ouro_btc__max_sharpe,-0.016487701025811097
2021-12-31,etfs_com_ouro_btc__max_sharpe,-0.008564749096735436
2022-01-31,etfs_com_ouro_btc__max_sharpe,-0.038847289438830646
2022-02-28,etfs_com_ouro_btc__max_sharpe,-0.03577511506151998
2022-03-31,etfs_com_ouro_btc__max_sharpe,-0.048054783742155105
2022-04-30,etfs_com_ouro_btc__max_sharpe,-0.10233411652449687
2022-05-31,etfs_com_ouro_btc__max_sharpe,-0.1344183959297317
2022-06-30,etfs_com_ouro_btc__max_sharpe,-0.16452780488399998
2022-07-31,etfs_com_ouro_btc__max_sharpe,-0.1283709256881782
2022-08-31,etfs_com_ouro_btc__max_sharpe,-0.1420819240117257
2022-09-30,etfs_com_ouro_btc__max_sharpe,-0.14098008597740708
2022-10-31,etfs_com_ouro_btc__max_sharpe,-0.12820606654365274
2022-11-30,etfs_com_ouro_btc__max_sharpe,-0.11045538219471729
2022-12-31,etfs_com_ouro_btc__max_sharpe,-0.12173222293918784
2023-01-31,etfs_com_ouro_btc__max_sharpe,-0.06902208525529052
2023-02-28,etfs_com_ouro_btc__max_sharpe,-0.10462086568535178
2023-03-31,etfs_com_ouro_btc__max_sharpe,-0.06849795037178341
2023-04-30,etfs_com_ouro_btc__max_sharpe,-0.0694336369703723
2023-05-31,etfs_com_ouro_btc__max_sharpe,-0.049434837541770915
2023-06-30,etfs_com_ouro_btc__max_sharpe,-0.032360494118459204
2023-07-31,etfs_com_ouro_btc__max_sharpe,-0.025630954546302376
2023-08-31,etfs_com_ouro_btc__max_sharpe,-0.03216374922202048
2023-09-30,etfs_com_ouro_btc__max_sharpe,-0.03624726348229612
2023-10-31,etfs_com_ouro_btc__max_sharpe,-0.002492778638732651
2023-11-30,etfs_com_ouro_btc__max_sharpe,0.0
2023-12-31,etfs_com_ouro_btc__max_sharpe,0.0
2024-01-31,etfs_com_ouro_btc__max_sharpe,-0.003362809560280011
2024-02-29,etfs_com_ouro_btc__max_sharpe,0.0
2024-03-31,etfs_com_ouro_btc__max_sharpe,0.0
2024-04-30,etfs_com_ouro_btc__max_sharpe,0.0
2024-05-31,etfs_com_ouro_btc__max_sharpe,0.0
2024-06-30,etfs_com_ouro_btc__max_sharpe,0.0
2024-07-31,etfs_com_ouro_btc__max_sharpe,0.0
2024-08-31,etfs_com_ouro_btc__max_sharpe,0.0
2024-09-30,etfs_com_ouro_btc__max_sharpe,-0.005277683599833494
2024-10-31,etfs_com_ouro_btc__max_sharpe,0.0
2024-11-30,etfs_com_ouro_btc__max_sharpe,0.0
2024-12-31,etfs_com_ouro_btc__max_sharpe,-0.004353011127999573
2025-01-31,etfs_com_ouro_btc__max_sharpe,0.0
2025-02-28,etfs_com_ouro_btc__max_sharpe,-0.021073394002739998
2025-03-31,etfs_com_ouro_btc__max_sharpe,0.0
2025-04-30,etfs_com_ouro_btc__max_sharpe,0.0
2025-05-31,etfs_com_ouro_btc__max_sharpe,0.0
2025-06-30,etfs_com_ouro_btc__max_sharpe,-0.0034579266125658314
2025-07-31,etfs_com_ouro_btc__max_sharpe,0.0
2025-08-31,etfs_com_ouro_btc__max_sharpe,0.0
2025-09-30,etfs_com_ouro_btc__max_sharpe,0.0
2025-10-31,etfs_com_ouro_btc__max_sharpe,0.0
2025-11-30,etfs_com_ouro_btc__max_sharpe,0.0
2025-12-31,etfs_com_ouro_btc__max_sharpe,0.0
2026-01-31,etfs_com_ouro_btc__max_sharpe,0.0
2026-02-28,etfs_com_ouro_btc__max_sharpe,0.0
2026-03-31,etfs_com_ouro_btc__max_sharpe,-0.03338372749337715
2026-04-30,etfs_com_ouro_btc__max_sharpe,-0.02363864176263697
2015-02-28,etfs_com_ouro_petroleo__max_sharpe,0.0
2015-03-31,etfs_com_ouro_petroleo__max_sharpe,0.0
2015-04-30,etfs_com_ouro_petroleo__max_sharpe,-0.011872594923133972
2015-05-31,etfs_com_ouro_petroleo__max_sharpe,0.0
2015-06-30,etfs_com_ouro_petroleo__max_sharpe,-0.02279922244384225
2015-07-31,etfs_com_ouro_petroleo__max_sharpe,-0.010427628315129667
2015-08-31,etfs_com_ouro_petroleo__max_sharpe,0.0
2015-09-30,etfs_com_ouro_petroleo__max_sharpe,0.0
2015-10-31,etfs_com_ouro_petroleo__max_sharpe,0.0
2015-11-30,etfs_com_ouro_petroleo__max_sharpe,-0.03881026536665799
2015-12-31,etfs_com_ouro_petroleo__max_sharpe,-0.04383022137949988
2016-01-31,etfs_com_ouro_petroleo__max_sharpe,-0.0485994103288121
2016-02-29,etfs_com_ouro_petroleo__max_sharpe,-0.014517728545806352
2016-03-31,etfs_com_ouro_petroleo__max_sharpe,-0.01097784011240921
2016-04-30,etfs_com_ouro_petroleo__max_sharpe,0.0
2016-05-31,etfs_com_ouro_petroleo__max_sharpe,-0.0230102440786345
2016-06-30,etfs_com_ouro_petroleo__max_sharpe,-0.04152212821561463
2016-07-31,etfs_com_ouro_petroleo__max_sharpe,0.0
2016-08-31,etfs_com_ouro_petroleo__max_sharpe,-0.01493136284386698
2016-09-30,etfs_com_ouro_petroleo__max_sharpe,0.0
2016-10-31,etfs_com_ouro_petroleo__max_sharpe,0.0
2016-11-30,etfs_com_ouro_petroleo__max_sharpe,0.0
2016-12-31,etfs_com_ouro_petroleo__max_sharpe,-0.05018156769731741
2017-01-31,etfs_com_ouro_petroleo__max_sharpe,-0.024788539969832435
2017-02-28,etfs_com_ouro_petroleo__max_sharpe,0.0
2017-03-31,etfs_com_ouro_petroleo__max_sharpe,0.0
2017-04-30,etfs_com_ouro_petroleo__max_sharpe,0.0
2017-05-31,etfs_com_ouro_petroleo__max_sharpe,0.0
2017-06-30,etfs_com_ouro_petroleo__max_sharpe,-0.005625423184790979
2017-07-31,etfs_com_ouro_petroleo__max_sharpe,0.0
2017-08-31,etfs_com_ouro_petroleo__max_sharpe,0.0
2017-09-30,etfs_com_ouro_petroleo__max_sharpe,0.0
2017-10-31,etfs_com_ouro_petroleo__max_sharpe,0.0
2017-11-30,etfs_com_ouro_petroleo__max_sharpe,-0.01015092902241388
2017-12-31,etfs_com_ouro_petroleo__max_sharpe,0.0
2018-01-31,etfs_com_ouro_petroleo__max_sharpe,0.0
2018-02-28,etfs_com_ouro_petroleo__max_sharpe,0.0
2018-03-31,etfs_com_ouro_petroleo__max_sharpe,0.0
2018-04-30,etfs_com_ouro_petroleo__max_sharpe,0.0
2018-05-31,etfs_com_ouro_petroleo__max_sharpe,0.0
2018-06-30,etfs_com_ouro_petroleo__max_sharpe,0.0
2018-07-31,etfs_com_ouro_petroleo__max_sharpe,-6.888260400261803e-05
2018-08-31,etfs_com_ouro_petroleo__max_sharpe,0.0
2018-09-30,etfs_com_ouro_petroleo__max_sharpe,-0.012382501783542499
2018-10-31,etfs_com_ouro_petroleo__max_sharpe,-0.05545715231410209
2018-11-30,etfs_com_ouro_petroleo__max_sharpe,-0.03122685873862363
2018-12-31,etfs_com_ouro_petroleo__max_sharpe,-0.041398838563645235
2019-01-31,etfs_com_ouro_petroleo__max_sharpe,0.0
2019-02-28,etfs_com_ouro_petroleo__max_sharpe,0.0
2019-03-31,etfs_com_ouro_petroleo__max_sharpe,0.0
2019-04-30,etfs_com_ouro_petroleo__max_sharpe,0.0
2019-05-31,etfs_com_ouro_petroleo__max_sharpe,-0.010653446100217123
2019-06-30,etfs_com_ouro_petroleo__max_sharpe,0.0
2019-07-31,etfs_com_ouro_petroleo__max_sharpe,0.0
2019-08-31,etfs_com_ouro_petroleo__max_sharpe,0.0
2019-09-30,etfs_com_ouro_petroleo__max_sharpe,-0.002441238590191408
2019-10-31,etfs_com_ouro_petroleo__max_sharpe,-0.006842968183610965
2019-11-30,etfs_com_ouro_petroleo__max_sharpe,0.0
2019-12-31,etfs_com_ouro_petroleo__max_sharpe,0.0
2020-01-31,etfs_com_ouro_petroleo__max_sharpe,0.0
2020-02-29,etfs_com_ouro_petroleo__max_sharpe,-0.010994513375396253
2020-03-31,etfs_com_ouro_petroleo__max_sharpe,-0.06010568884169387
2020-04-30,etfs_com_ouro_petroleo__max_sharpe,0.0
2020-05-31,etfs_com_ouro_petroleo__max_sharpe,0.0
2020-06-30,etfs_com_ouro_petroleo__max_sharpe,0.0
2020-07-31,etfs_com_ouro_petroleo__max_sharpe,0.0
2020-08-31,etfs_com_ouro_petroleo__max_sharpe,0.0
2020-09-30,etfs_com_ouro_petroleo__max_sharpe,-0.02129163129723788
2020-10-31,etfs_com_ouro_petroleo__max_sharpe,-0.019533900826579242
2020-11-30,etfs_com_ouro_petroleo__max_sharpe,-0.0029160373279130125
2020-12-31,etfs_com_ouro_petroleo__max_sharpe,0.0
2021-01-31,etfs_com_ouro_petroleo__max_sharpe,0.0
2021-02-28,etfs_com_ouro_petroleo__max_sharpe,-0.016178282997150628
2021-03-31,etfs_com_ouro_petroleo__max_sharpe,0.0
2021-04-30,etfs_com_ouro_petroleo__max_sharpe,-0.016631725517327167
2021-05-31,etfs_com_ouro_petroleo__max_sharpe,0.0
2021-06-30,etfs_com_ouro_petroleo__max_sharpe,-0.043364400588101204
2021-07-31,etfs_com_ouro_petroleo__max_sharpe,-0.02043746646552569
2021-08-31,etfs_com_ouro_petroleo__max_sharpe,-0.0030295774036105394
2021-09-30,etfs_com_ouro_petroleo__max_sharpe,-0.015352279397611412
2021-10-31,etfs_com_ouro_petroleo__max_sharpe,0.0
2021-11-30,etfs_com_ouro_petroleo__max_sharpe,-0.020112241308315015
2021-12-31,etfs_com_ouro_petroleo__max_sharpe,0.0
2022-01-31,etfs_com_ouro_petroleo__max_sharpe,-0.021942062011576557
2022-02-28,etfs_com_ouro_petroleo__max_sharpe,-0.027174045705778638
2022-03-31,etfs_com_ouro_petroleo__max_sharpe,-0.03888365704353591
2022-04-30,etfs_com_ouro_petroleo__max_sharpe,-0.08517868979831
2022-05-31,etfs_com_ouro_petroleo__max_sharpe,-0.1086110921805934
2022-06-30,etfs_com_ouro_petroleo__max_sharpe,-0.11691425559673196
2022-07-31,etfs_com_ouro_petroleo__max_sharpe,-0.08667600406391718
2022-08-31,etfs_com_ouro_petroleo__max_sharpe,-0.09825579682779373
2022-09-30,etfs_com_ouro_petroleo__max_sharpe,-0.10295022790807162
2022-10-31,etfs_com_ouro_petroleo__max_sharpe,-0.09231399691704334
2022-11-30,etfs_com_ouro_petroleo__max_sharpe,-0.06190342476044364
2022-12-31,etfs_com_ouro_petroleo__max_sharpe,-0.0741842989033733
2023-01-31,etfs_com_ouro_petroleo__max_sharpe,-0.03871855379659106
2023-02-28,etfs_com_ouro_petroleo__max_sharpe,-0.07383064304986553
2023-03-31,etfs_com_ouro_petroleo__max_sharpe,-0.04811851985436055
2023-04-30,etfs_com_ouro_petroleo__max_sharpe,-0.051295492640538565
2023-05-31,etfs_com_ouro_petroleo__max_sharpe,-0.025374151266218115
2023-06-30,etfs_com_ouro_petroleo__max_sharpe,-0.011257444086488544
2023-07-31,etfs_com_ouro_petroleo__max_sharpe,0.0
2023-08-31,etfs_com_ouro_petroleo__max_sharpe,0.0
2023-09-30,etfs_com_ouro_petroleo__max_sharpe,-0.007133401312932164
2023-10-31,etfs_com_ouro_petroleo__max_sharpe,0.0
2023-11-30,etfs_com_ouro_petroleo__max_sharpe,0.0
2023-12-31,etfs_com_ouro_petroleo__max_sharpe,0.0
2024-01-31,etfs_com_ouro_petroleo__max_sharpe,0.0
2024-02-29,etfs_com_ouro_petroleo__max_sharpe,0.0
2024-03-31,etfs_com_ouro_petroleo__max_sharpe,0.0
2024-04-30,etfs_com_ouro_petroleo__max_sharpe,0.0
2024-05-31,etfs_com_ouro_petroleo__max_sharpe,0.0
2024-06-30,etfs_com_ouro_petroleo__max_sharpe,0.0
2024-07-31,etfs_com_ouro_petroleo__max_sharpe,0.0
2024-08-31,etfs_com_ouro_petroleo__max_sharpe,0.0
2024-09-30,etfs_com_ouro_petroleo__max_sharpe,-0.011762988671455976
2024-10-31,etfs_com_ouro_petroleo__max_sharpe,0.0
2024-11-30,etfs_com_ouro_petroleo__max_sharpe,0.0
2024-12-31,etfs_com_ouro_petroleo__max_sharpe,0.0
2025-01-31,etfs_com_ouro_petroleo__max_sharpe,0.0
2025-02-28,etfs_com_ouro_petroleo__max_sharpe,-0.013935841139466887
2025-03-31,etfs_com_ouro_petroleo__max_sharpe,0.0
2025-04-30,etfs_com_ouro_petroleo__max_sharpe,0.0
2025-05-31,etfs_com_ouro_petroleo__max_sharpe,0.0
2025-06-30,etfs_com_ouro_petroleo__max_sharpe,-3.799575121921084e-05
2025-07-31,etfs_com_ouro_petroleo__max_sharpe,0.0
2025-08-31,etfs_com_ouro_petroleo__max_sharpe,0.0
2025-09-30,etfs_com_ouro_petroleo__max_sharpe,0.0
2025-10-31,etfs_com_ouro_petroleo__max_sharpe,0.0
2025-11-30,etfs_com_ouro_petroleo__max_sharpe,0.0
2025-12-31,etfs_com_ouro_petroleo__max_sharpe,0.0
2026-01-31,etfs_com_ouro_petroleo__max_sharpe,0.0
2026-02-28,etfs_com_ouro_petroleo__max_sharpe,0.0
2026-03-31,etfs_com_ouro_petroleo__max_sharpe,-0.005252033561972125
2026-04-30,etfs_com_ouro_petroleo__max_sharpe,0.0
2015-02-28,etfs_com_ouro__max_sharpe,0.0
2015-03-31,etfs_com_ouro__max_sharpe,0.0
2015-04-30,etfs_com_ouro__max_sharpe,-0.01919421527222831
2015-05-31,etfs_com_ouro__max_sharpe,0.0
2015-06-30,etfs_com_ouro__max_sharpe,-0.023143049322053022
2015-07-31,etfs_com_ouro__max_sharpe,-0.0012185394631704094
2015-08-31,etfs_com_ouro__max_sharpe,0.0
2015-09-30,etfs_com_ouro__max_sharpe,0.0
2015-10-31,etfs_com_ouro__max_sharpe,0.0
2015-11-30,etfs_com_ouro__max_sharpe,-0.03192167396372325
2015-12-31,etfs_com_ouro__max_sharpe,-0.03254901287579337
2016-01-31,etfs_com_ouro__max_sharpe,-0.033709746684726816
2016-02-29,etfs_com_ouro__max_sharpe,0.0
2016-03-31,etfs_com_ouro__max_sharpe,0.0
2016-04-30,etfs_com_ouro__max_sharpe,0.0
2016-05-31,etfs_com_ouro__max_sharpe,-0.026679498704576976
2016-06-30,etfs_com_ouro__max_sharpe,-0.04157854892083368
2016-07-31,etfs_com_ouro__max_sharpe,0.0
2016-08-31,etfs_com_ouro__max_sharpe,-0.01761115805296387
2016-09-30,etfs_com_ouro__max_sharpe,0.0
2016-10-31,etfs_com_ouro__max_sharpe,0.0
2016-11-30,etfs_com_ouro__max_sharpe,0.0
2016-12-31,etfs_com_ouro__max_sharpe,-0.05316766981525756
2017-01-31,etfs_com_ouro__max_sharpe,-0.024490015819628952
2017-02-28,etfs_com_ouro__max_sharpe,0.0
2017-03-31,etfs_com_ouro__max_sharpe,0.0
2017-04-30,etfs_com_ouro__max_sharpe,0.0
2017-05-31,etfs_com_ouro__max_sharpe,0.0
2017-06-30,etfs_com_ouro__max_sharpe,-0.0035992280991803405
2017-07-31,etfs_com_ouro__max_sharpe,0.0
2017-08-31,etfs_com_ouro__max_sharpe,0.0
2017-09-30,etfs_com_ouro__max_sharpe,0.0
2017-10-31,etfs_com_ouro__max_sharpe,0.0
2017-11-30,etfs_com_ouro__max_sharpe,-0.012336906865524133
2017-12-31,etfs_com_ouro__max_sharpe,0.0
2018-01-31,etfs_com_ouro__max_sharpe,0.0
2018-02-28,etfs_com_ouro__max_sharpe,0.0
2018-03-31,etfs_com_ouro__max_sharpe,0.0
2018-04-30,etfs_com_ouro__max_sharpe,0.0
2018-05-31,etfs_com_ouro__max_sharpe,0.0
2018-06-30,etfs_com_ouro__max_sharpe,-0.005249572171702521
2018-07-31,etfs_com_ouro__max_sharpe,0.0
2018-08-31,etfs_com_ouro__max_sharpe,0.0
2018-09-30,etfs_com_ouro__max_sharpe,-0.013977924318132717
2018-10-31,etfs_com_ouro__max_sharpe,-0.05393407118248539
2018-11-30,etfs_com_ouro__max_sharpe,-0.017542443609097957
2018-12-31,etfs_com_ouro__max_sharpe,-0.027862105400973558
2019-01-31,etfs_com_ouro__max_sharpe,0.0
2019-02-28,etfs_com_ouro__max_sharpe,0.0
2019-03-31,etfs_com_ouro__max_sharpe,0.0
2019-04-30,etfs_com_ouro__max_sharpe,0.0
2019-05-31,etfs_com_ouro__max_sharpe,-0.0046081182541959365
2019-06-30,etfs_com_ouro__max_sharpe,0.0
2019-07-31,etfs_com_ouro__max_sharpe,0.0
2019-08-31,etfs_com_ouro__max_sharpe,0.0
2019-09-30,etfs_com_ouro__max_sharpe,0.0
2019-10-31,etfs_com_ouro__max_sharpe,-0.004135779765890413
2019-11-30,etfs_com_ouro__max_sharpe,0.0
2019-12-31,etfs_com_ouro__max_sharpe,0.0
2020-01-31,etfs_com_ouro__max_sharpe,0.0
2020-02-29,etfs_com_ouro__max_sharpe,-0.01091287361726323
2020-03-31,etfs_com_ouro__max_sharpe,-0.04331684858364804
2020-04-30,etfs_com_ouro__max_sharpe,0.0
2020-05-31,etfs_com_ouro__max_sharpe,0.0
2020-06-30,etfs_com_ouro__max_sharpe,0.0
2020-07-31,etfs_com_ouro__max_sharpe,0.0
2020-08-31,etfs_com_ouro__max_sharpe,0.0
2020-09-30,etfs_com_ouro__max_sharpe,-0.02365149232792496
2020-10-31,etfs_com_ouro__max_sharpe,-0.017425923385741227
2020-11-30,etfs_com_ouro__max_sharpe,0.0
2020-12-31,etfs_com_ouro__max_sharpe,0.0
2021-01-31,etfs_com_ouro__max_sharpe,0.0
2021-02-28,etfs_com_ouro__max_sharpe,-0.020070032076414
2021-03-31,etfs_com_ouro__max_sharpe,0.0
2021-04-30,etfs_com_ouro__max_sharpe,-0.018238233163009876
2021-05-31,etfs_com_ouro__max_sharpe,0.0
2021-06-30,etfs_com_ouro__max_sharpe,-0.04601161735763126
2021-07-31,etfs_com_ouro__max_sharpe,-0.02656801272700804
2021-08-31,etfs_com_ouro__max_sharpe,-0.005140893558172377
2021-09-30,etfs_com_ouro__max_sharpe,-0.022973853491770835
2021-10-31,etfs_com_ouro__max_sharpe,0.0
2021-11-30,etfs_com_ouro__max_sharpe,-0.013202957470016208
2021-12-31,etfs_com_ouro__max_sharpe,0.0
2022-01-31,etfs_com_ouro__max_sharpe,-0.02505663581806028
2022-02-28,etfs_com_ouro__max_sharpe,-0.032515903820800496
2022-03-31,etfs_com_ouro__max_sharpe,-0.044223072140669784
2022-04-30,etfs_com_ouro__max_sharpe,-0.09697660112259154
2022-05-31,etfs_com_ouro__max_sharpe,-0.12117427748731757
2022-06-30,etfs_com_ouro__max_sharpe,-0.13516327433382813
2022-07-31,etfs_com_ouro__max_sharpe,-0.09894358904145106
2022-08-31,etfs_com_ouro__max_sharpe,-0.10564856677202261
2022-09-30,etfs_com_ouro__max_sharpe,-0.1089355091740889
2022-10-31,etfs_com_ouro__max_sharpe,-0.09515798083144089
2022-11-30,etfs_com_ouro__max_sharpe,-0.06288651218956465
2022-12-31,etfs_com_ouro__max_sharpe,-0.07681478353787863
2023-01-31,etfs_com_ouro__max_sharpe,-0.03682403026366654
2023-02-28,etfs_com_ouro__max_sharpe,-0.07323319429472896
2023-03-31,etfs_com_ouro__max_sharpe,-0.046183137234903526
2023-04-30,etfs_com_ouro__max_sharpe,-0.049011330456786406
2023-05-31,etfs_com_ouro__max_sharpe,-0.018852683178866347
2023-06-30,etfs_com_ouro__max_sharpe,-0.002005987295480627
2023-07-31,etfs_com_ouro__max_sharpe,0.0
2023-08-31,etfs_com_ouro__max_sharpe,0.0
2023-09-30,etfs_com_ouro__max_sharpe,-0.013014315765337736
2023-10-31,etfs_com_ouro__max_sharpe,-0.001972255012095303
2023-11-30,etfs_com_ouro__max_sharpe,0.0
2023-12-31,etfs_com_ouro__max_sharpe,0.0
2024-01-31,etfs_com_ouro__max_sharpe,-0.0015597885802951517
2024-02-29,etfs_com_ouro__max_sharpe,0.0
2024-03-31,etfs_com_ouro__max_sharpe,0.0
2024-04-30,etfs_com_ouro__max_sharpe,0.0
2024-05-31,etfs_com_ouro__max_sharpe,0.0
2024-06-30,etfs_com_ouro__max_sharpe,0.0
2024-07-31,etfs_com_ouro__max_sharpe,0.0
2024-08-31,etfs_com_ouro__max_sharpe,0.0
2024-09-30,etfs_com_ouro__max_sharpe,-0.008928138834694344
2024-10-31,etfs_com_ouro__max_sharpe,0.0
2024-11-30,etfs_com_ouro__max_sharpe,0.0
2024-12-31,etfs_com_ouro__max_sharpe,-0.0012313145874659481
2025-01-31,etfs_com_ouro__max_sharpe,0.0
2025-02-28,etfs_com_ouro__max_sharpe,-0.011738759990703174
2025-03-31,etfs_com_ouro__max_sharpe,0.0
2025-04-30,etfs_com_ouro__max_sharpe,0.0
2025-05-31,etfs_com_ouro__max_sharpe,0.0
2025-06-30,etfs_com_ouro__max_sharpe,-0.002998966878829834
2025-07-31,etfs_com_ouro__max_sharpe,-0.0010108715097455478
2025-08-31,etfs_com_ouro__max_sharpe,0.0
2025-09-30,etfs_com_ouro__max_sharpe,0.0
2025-10-31,etfs_com_ouro__max_sharpe,0.0
2025-11-30,etfs_com_ouro__max_sharpe,0.0
2025-12-31,etfs_com_ouro__max_sharpe,0.0
2026-01-31,etfs_com_ouro__max_sharpe,0.0
2026-02-28,etfs_com_ouro__max_sharpe,0.0
2026-03-31,etfs_com_ouro__max_sharpe,-0.035027373889766955
2026-04-30,etfs_com_ouro__max_sharpe,-0.026075349025172057
2015-02-28,etfs_com_tudo__min_vol,0.0
2015-03-31,etfs_com_tudo__min_vol,0.0
2015-04-30,etfs_com_tudo__min_vol,-0.0021116543814462263
2015-05-31,etfs_com_tudo__min_vol,0.0
2015-06-30,etfs_com_tudo__min_vol,-0.020329825695280968
2015-07-31,etfs_com_tudo__min_vol,-0.018312415024348216
2015-08-31,etfs_com_tudo__min_vol,-0.008590002328321966
2015-09-30,etfs_com_tudo__min_vol,0.0
2015-10-31,etfs_com_tudo__min_vol,-0.0007871531422851685
2015-11-30,etfs_com_tudo__min_vol,-0.04003422149912139
2015-12-31,etfs_com_tudo__min_vol,-0.04637124081086197
2016-01-31,etfs_com_tudo__min_vol,-0.05384267288749278
2016-02-29,etfs_com_tudo__min_vol,-0.024427941323257207
2016-03-31,etfs_com_tudo__min_vol,-0.014956584222525993
2016-04-30,etfs_com_tudo__min_vol,0.0
2016-05-31,etfs_com_tudo__min_vol,-0.029388569193140035
2016-06-30,etfs_com_tudo__min_vol,-0.043900298268199967
2016-07-31,etfs_com_tudo__min_vol,0.0
2016-08-31,etfs_com_tudo__min_vol,-0.013064316216577332
2016-09-30,etfs_com_tudo__min_vol,0.0
2016-10-31,etfs_com_tudo__min_vol,0.0
2016-11-30,etfs_com_tudo__min_vol,0.0
2016-12-31,etfs_com_tudo__min_vol,-0.053702808090232756
2017-01-31,etfs_com_tudo__min_vol,-0.03191261668769607
2017-02-28,etfs_com_tudo__min_vol,-0.007582382077796046
2017-03-31,etfs_com_tudo__min_vol,-0.011071687241528627
2017-04-30,etfs_com_tudo__min_vol,0.0
2017-05-31,etfs_com_tudo__min_vol,0.0
2017-06-30,etfs_com_tudo__min_vol,0.0
2017-07-31,etfs_com_tudo__min_vol,0.0
2017-08-31,etfs_com_tudo__min_vol,0.0
2017-09-30,etfs_com_tudo__min_vol,0.0
2017-10-31,etfs_com_tudo__min_vol,0.0
2017-11-30,etfs_com_tudo__min_vol,-0.006996534043902658
2017-12-31,etfs_com_tudo__min_vol,0.0
2018-01-31,etfs_com_tudo__min_vol,0.0
2018-02-28,etfs_com_tudo__min_vol,-0.002943453471938584
2018-03-31,etfs_com_tudo__min_vol,0.0
2018-04-30,etfs_com_tudo__min_vol,0.0
2018-05-31,etfs_com_tudo__min_vol,0.0
2018-06-30,etfs_com_tudo__min_vol,-0.002897089377453921
2018-07-31,etfs_com_tudo__min_vol,-0.0037678226790516245
2018-08-31,etfs_com_tudo__min_vol,0.0
2018-09-30,etfs_com_tudo__min_vol,-0.006712957858351909
2018-10-31,etfs_com_tudo__min_vol,-0.047723729293322026
2018-11-30,etfs_com_tudo__min_vol,-0.019774444948340575
2018-12-31,etfs_com_tudo__min_vol,-0.026234870997553728
2019-01-31,etfs_com_tudo__min_vol,0.0
2019-02-28,etfs_com_tudo__min_vol,0.0
2019-03-31,etfs_com_tudo__min_vol,0.0
2019-04-30,etfs_com_tudo__min_vol,0.0
2019-05-31,etfs_com_tudo__min_vol,-0.009513482368538329
2019-06-30,etfs_com_tudo__min_vol,0.0
2019-07-31,etfs_com_tudo__min_vol,-0.003947156664460771
2019-08-31,etfs_com_tudo__min_vol,0.0
2019-09-30,etfs_com_tudo__min_vol,0.0
2019-10-31,etfs_com_tudo__min_vol,-0.003835944413465242
2019-11-30,etfs_com_tudo__min_vol,0.0
2019-12-31,etfs_com_tudo__min_vol,0.0
2020-01-31,etfs_com_tudo__min_vol,0.0
2020-02-29,etfs_com_tudo__min_vol,-0.013434867677080353
2020-03-31,etfs_com_tudo__min_vol,-0.08156699966348913
2020-04-30,etfs_com_tudo__min_vol,-0.016761888807296565
2020-05-31,etfs_com_tudo__min_vol,0.0
2020-06-30,etfs_com_tudo__min_vol,0.0
2020-07-31,etfs_com_tudo__min_vol,0.0
2020-08-31,etfs_com_tudo__min_vol,0.0
2020-09-30,etfs_com_tudo__min_vol,-0.010314927107521576
2020-10-31,etfs_com_tudo__min_vol,-0.007865063162337704
2020-11-30,etfs_com_tudo__min_vol,0.0
2020-12-31,etfs_com_tudo__min_vol,0.0
2021-01-31,etfs_com_tudo__min_vol,0.0
2021-02-28,etfs_com_tudo__min_vol,-0.006260247531871155
2021-03-31,etfs_com_tudo__min_vol,0.0
2021-04-30,etfs_com_tudo__min_vol,-0.024210832574750873
2021-05-31,etfs_com_tudo__min_vol,0.0
2021-06-30,etfs_com_tudo__min_vol,-0.054797660788568514
2021-07-31,etfs_com_tudo__min_vol,-0.04060714303795088
2021-08-31,etfs_com_tudo__min_vol,-0.03586282941616015
2021-09-30,etfs_com_tudo__min_vol,-0.03788019344773885
2021-10-31,etfs_com_tudo__min_vol,-0.014066409151709536
2021-11-30,etfs_com_tudo__min_vol,-0.04411843588495157
2021-12-31,etfs_com_tudo__min_vol,-0.013929476616764136
2022-01-31,etfs_com_tudo__min_vol,-0.018407369716318178
2022-02-28,etfs_com_tudo__min_vol,-0.020589966603945187
2022-03-31,etfs_com_tudo__min_vol,-0.040441408012972246
2022-04-30,etfs_com_tudo__min_vol,-0.07325122353970293
2022-05-31,etfs_com_tudo__min_vol,-0.08598853368467596
2022-06-30,etfs_com_tudo__min_vol,-0.08729990390935993
2022-07-31,etfs_com_tudo__min_vol,-0.0743406524783895
2022-08-31,etfs_com_tudo__min_vol,-0.08540922482313162
2022-09-30,etfs_com_tudo__min_vol,-0.08983258579803632
2022-10-31,etfs_com_tudo__min_vol,-0.0850775933775173
2022-11-30,etfs_com_tudo__min_vol,-0.04125539598442929
2022-12-31,etfs_com_tudo__min_vol,-0.03894350319720341
2023-01-31,etfs_com_tudo__min_vol,-0.014155072459902995
2023-02-28,etfs_com_tudo__min_vol,-0.06141786723374565
2023-03-31,etfs_com_tudo__min_vol,-0.04885667733596144
2023-04-30,etfs_com_tudo__min_vol,-0.049637805443653704
2023-05-31,etfs_com_tudo__min_vol,-0.046287112492606086
2023-06-30,etfs_com_tudo__min_vol,-0.03468958733843708
2023-07-31,etfs_com_tudo__min_vol,-0.01776572502766216
2023-08-31,etfs_com_tudo__min_vol,-0.02315363193330877
2023-09-30,etfs_com_tudo__min_vol,-0.022296326695759983
2023-10-31,etfs_com_tudo__min_vol,-0.013765205012956527
2023-11-30,etfs_com_tudo__min_vol,0.0
2023-12-31,etfs_com_tudo__min_vol,0.0
2024-01-31,etfs_com_tudo__min_vol,-0.004610819041536041
2024-02-29,etfs_com_tudo__min_vol,0.0
2024-03-31,etfs_com_tudo__min_vol,0.0
2024-04-30,etfs_com_tudo__min_vol,0.0
2024-05-31,etfs_com_tudo__min_vol,0.0
2024-06-30,etfs_com_tudo__min_vol,0.0
2024-07-31,etfs_com_tudo__min_vol,0.0
2024-08-31,etfs_com_tudo__min_vol,0.0
2024-09-30,etfs_com_tudo__min_vol,-0.00954859286843912
2024-10-31,etfs_com_tudo__min_vol,0.0
2024-11-30,etfs_com_tudo__min_vol,0.0
2024-12-31,etfs_com_tudo__min_vol,-0.0022445682669588463
2025-01-31,etfs_com_tudo__min_vol,0.0
2025-02-28,etfs_com_tudo__min_vol,-0.004464144094306288
2025-03-31,etfs_com_tudo__min_vol,0.0
2025-04-30,etfs_com_tudo__min_vol,0.0
2025-05-31,etfs_com_tudo__min_vol,0.0
2025-06-30,etfs_com_tudo__min_vol,-0.0005905401110671837
2025-07-31,etfs_com_tudo__min_vol,0.0
2025-08-31,etfs_com_tudo__min_vol,0.0
2025-09-30,etfs_com_tudo__min_vol,0.0
2025-10-31,etfs_com_tudo__min_vol,0.0
2025-11-30,etfs_com_tudo__min_vol,0.0
2025-12-31,etfs_com_tudo__min_vol,0.0
2026-01-31,etfs_com_tudo__min_vol,0.0
2026-02-28,etfs_com_tudo__min_vol,0.0
2026-03-31,etfs_com_tudo__min_vol,-0.0025922097300955516
2026-04-30,etfs_com_tudo__min_vol,-0.0024393856486824017
2015-02-28,etfs_com_btc_petroleo__max_sharpe,0.0
2015-03-31,etfs_com_btc_petroleo__max_sharpe,0.0
2015-04-30,etfs_com_btc_petroleo__max_sharpe,-0.0003685947311645732
2015-05-31,etfs_com_btc_petroleo__max_sharpe,0.0
2015-06-30,etfs_com_btc_petroleo__max_sharpe,-0.008619114399932126
2015-07-31,etfs_com_btc_petroleo__max_sharpe,0.0
2015-08-31,etfs_com_btc_petroleo__max_sharpe,-0.04889012782166502
2015-09-30,etfs_com_btc_petroleo__max_sharpe,0.0
2015-10-31,etfs_com_btc_petroleo__max_sharpe,0.0
2015-11-30,etfs_com_btc_petroleo__max_sharpe,0.0
2015-12-31,etfs_com_btc_petroleo__max_sharpe,0.0
2016-01-31,etfs_com_btc_petroleo__max_sharpe,-0.05584235939846638
2016-02-29,etfs_com_btc_petroleo__max_sharpe,-0.03315993414683294
2016-03-31,etfs_com_btc_petroleo__max_sharpe,-0.004632389220719291
2016-04-30,etfs_com_btc_petroleo__max_sharpe,-0.005048539184190681
2016-05-31,etfs_com_btc_petroleo__max_sharpe,0.0
2016-06-30,etfs_com_btc_petroleo__max_sharpe,-0.010683350322690077
2016-07-31,etfs_com_btc_petroleo__max_sharpe,0.0
2016-08-31,etfs_com_btc_petroleo__max_sharpe,-0.009974657549269406
2016-09-30,etfs_com_btc_petroleo__max_sharpe,0.0
2016-10-31,etfs_com_btc_petroleo__max_sharpe,0.0
2016-11-30,etfs_com_btc_petroleo__max_sharpe,0.0
2016-12-31,etfs_com_btc_petroleo__max_sharpe,-0.01654486455613635
2017-01-31,etfs_com_btc_petroleo__max_sharpe,0.0
2017-02-28,etfs_com_btc_petroleo__max_sharpe,0.0
2017-03-31,etfs_com_btc_petroleo__max_sharpe,-0.0014045961593028844
2017-04-30,etfs_com_btc_petroleo__max_sharpe,0.0
2017-05-31,etfs_com_btc_petroleo__max_sharpe,0.0
2017-06-30,etfs_com_btc_petroleo__max_sharpe,0.0
2017-07-31,etfs_com_btc_petroleo__max_sharpe,0.0
2017-08-31,etfs_com_btc_petroleo__max_sharpe,0.0
2017-09-30,etfs_com_btc_petroleo__max_sharpe,0.0
2017-10-31,etfs_com_btc_petroleo__max_sharpe,0.0
2017-11-30,etfs_com_btc_petroleo__max_sharpe,0.0
2017-12-31,etfs_com_btc_petroleo__max_sharpe,0.0
2018-01-31,etfs_com_btc_petroleo__max_sharpe,0.0
2018-02-28,etfs_com_btc_petroleo__max_sharpe,0.0
2018-03-31,etfs_com_btc_petroleo__max_sharpe,-0.02283575145957495
2018-04-30,etfs_com_btc_petroleo__max_sharpe,0.0
2018-05-31,etfs_com_btc_petroleo__max_sharpe,0.0
2018-06-30,etfs_com_btc_petroleo__max_sharpe,-0.004748118188098727
2018-07-31,etfs_com_btc_petroleo__max_sharpe,0.0
2018-08-31,etfs_com_btc_petroleo__max_sharpe,0.0
2018-09-30,etfs_com_btc_petroleo__max_sharpe,-0.015543138531843192
2018-10-31,etfs_com_btc_petroleo__max_sharpe,-0.0888535968672679
2018-11-30,etfs_com_btc_petroleo__max_sharpe,-0.10196451039332832
2018-12-31,etfs_com_btc_petroleo__max_sharpe,-0.14295610672746306
2019-01-31,etfs_com_btc_petroleo__max_sharpe,-0.10656101431563869
2019-02-28,etfs_com_btc_petroleo__max_sharpe,-0.07873550022119025
2019-03-31,etfs_com_btc_petroleo__max_sharpe,-0.030072291172042243
2019-04-30,etfs_com_btc_petroleo__max_sharpe,0.0
2019-05-31,etfs_com_btc_petroleo__max_sharpe,0.0
2019-06-30,etfs_com_btc_petroleo__max_sharpe,0.0
2019-07-31,etfs_com_btc_petroleo__max_sharpe,-0.0002430578939212058
2019-08-31,etfs_com_btc_petroleo__max_sharpe,0.0
2019-09-30,etfs_com_btc_petroleo__max_sharpe,0.0
2019-10-31,etfs_com_btc_petroleo__max_sharpe,0.0
2019-11-30,etfs_com_btc_petroleo__max_sharpe,0.0
2019-12-31,etfs_com_btc_petroleo__max_sharpe,0.0
2020-01-31,etfs_com_btc_petroleo__max_sharpe,0.0
2020-02-29,etfs_com_btc_petroleo__max_sharpe,-0.026865715281027214
2020-03-31,etfs_com_btc_petroleo__max_sharpe,-0.1437655103113431
2020-04-30,etfs_com_btc_petroleo__max_sharpe,-0.019961594790815385
2020-05-31,etfs_com_btc_petroleo__max_sharpe,0.0
2020-06-30,etfs_com_btc_petroleo__max_sharpe,0.0
2020-07-31,etfs_com_btc_petroleo__max_sharpe,0.0
2020-08-31,etfs_com_btc_petroleo__max_sharpe,0.0
2020-09-30,etfs_com_btc_petroleo__max_sharpe,-0.013816899760315415
2020-10-31,etfs_com_btc_petroleo__max_sharpe,0.0
2020-11-30,etfs_com_btc_petroleo__max_sharpe,0.0
2020-12-31,etfs_com_btc_petroleo__max_sharpe,0.0
2021-01-31,etfs_com_btc_petroleo__max_sharpe,0.0
2021-02-28,etfs_com_btc_petroleo__max_sharpe,0.0
2021-03-31,etfs_com_btc_petroleo__max_sharpe,0.0
2021-04-30,etfs_com_btc_petroleo__max_sharpe,-0.011035777803847235
2021-05-31,etfs_com_btc_petroleo__max_sharpe,-0.047153246664250914
2021-06-30,etfs_com_btc_petroleo__max_sharpe,-0.06015244749027415
2021-07-31,etfs_com_btc_petroleo__max_sharpe,-0.02960272852861623
2021-08-31,etfs_com_btc_petroleo__max_sharpe,0.0
2021-09-30,etfs_com_btc_petroleo__max_sharpe,-0.024443286863086167
2021-10-31,etfs_com_btc_petroleo__max_sharpe,0.0
2021-11-30,etfs_com_btc_petroleo__max_sharpe,-0.015373584039745203
2021-12-31,etfs_com_btc_petroleo__max_sharpe,-0.00849472234515014
2022-01-31,etfs_com_btc_petroleo__max_sharpe,-0.048621810263302256
2022-02-28,etfs_com_btc_petroleo__max_sharpe,-0.06823007213305998
2022-03-31,etfs_com_btc_petroleo__max_sharpe,-0.07992455700549628
2022-04-30,etfs_com_btc_petroleo__max_sharpe,-0.16346795589733187
2022-05-31,etfs_com_btc_petroleo__max_sharpe,-0.18386540233409254
2022-06-30,etfs_com_btc_petroleo__max_sharpe,-0.2513574471439194
2022-07-31,etfs_com_btc_petroleo__max_sharpe,-0.1952086305833738
2022-08-31,etfs_com_btc_petroleo__max_sharpe,-0.21238321880389932
2022-09-30,etfs_com_btc_petroleo__max_sharpe,-0.23938086633274025
2022-10-31,etfs_com_btc_petroleo__max_sharpe,-0.22337551245046783
2022-11-30,etfs_com_btc_petroleo__max_sharpe,-0.20085216562751895
2022-12-31,etfs_com_btc_petroleo__max_sharpe,-0.2404598746527834
2023-01-31,etfs_com_btc_petroleo__max_sharpe,-0.17433804513082918
2023-02-28,etfs_com_btc_petroleo__max_sharpe,-0.19410884279468743
2023-03-31,etfs_com_btc_petroleo__max_sharpe,-0.16546940595013904
2023-04-30,etfs_com_btc_petroleo__max_sharpe,-0.17190923896281607
2023-05-31,etfs_com_btc_petroleo__max_sharpe,-0.13692176404355805
2023-06-30,etfs_com_btc_petroleo__max_sharpe,-0.09852559271132388
2023-07-31,etfs_com_btc_petroleo__max_sharpe,-0.08864347002156259
2023-08-31,etfs_com_btc_petroleo__max_sharpe,-0.10571127247792766
2023-09-30,etfs_com_btc_petroleo__max_sharpe,-0.0979118930652596
2023-10-31,etfs_com_btc_petroleo__max_sharpe,-0.09163496149373795
2023-11-30,etfs_com_btc_petroleo__max_sharpe,-0.011439988480992591
2023-12-31,etfs_com_btc_petroleo__max_sharpe,0.0
2024-01-31,etfs_com_btc_petroleo__max_sharpe,0.0
2024-02-29,etfs_com_btc_petroleo__max_sharpe,0.0
2024-03-31,etfs_com_btc_petroleo__max_sharpe,0.0
2024-04-30,etfs_com_btc_petroleo__max_sharpe,-0.02441358984310693
2024-05-31,etfs_com_btc_petroleo__max_sharpe,0.0
2024-06-30,etfs_com_btc_petroleo__max_sharpe,0.0
2024-07-31,etfs_com_btc_petroleo__max_sharpe,0.0
2024-08-31,etfs_com_btc_petroleo__max_sharpe,0.0
2024-09-30,etfs_com_btc_petroleo__max_sharpe,-0.02063498085463944
2024-10-31,etfs_com_btc_petroleo__max_sharpe,0.0
2024-11-30,etfs_com_btc_petroleo__max_sharpe,0.0
2024-12-31,etfs_com_btc_petroleo__max_sharpe,0.0
2025-01-31,etfs_com_btc_petroleo__max_sharpe,0.0
2025-02-28,etfs_com_btc_petroleo__max_sharpe,-0.043581208559347995
2025-03-31,etfs_com_btc_petroleo__max_sharpe,-0.06688368339516226
2025-04-30,etfs_com_btc_petroleo__max_sharpe,-0.060476730315628724
2025-05-31,etfs_com_btc_petroleo__max_sharpe,0.0
2025-06-30,etfs_com_btc_petroleo__max_sharpe,0.0
2025-07-31,etfs_com_btc_petroleo__max_sharpe,0.0
2025-08-31,etfs_com_btc_petroleo__max_sharpe,-0.0023018693504733845
2025-09-30,etfs_com_btc_petroleo__max_sharpe,0.0
2025-10-31,etfs_com_btc_petroleo__max_sharpe,0.0
2025-11-30,etfs_com_btc_petroleo__max_sharpe,-0.01210782739013394
2025-12-31,etfs_com_btc_petroleo__max_sharpe,0.0
2026-01-31,etfs_com_btc_petroleo__max_sharpe,0.0
2026-02-28,etfs_com_btc_petroleo__max_sharpe,0.0
2026-03-31,etfs_com_btc_petroleo__max_sharpe,0.0
2026-04-30,etfs_com_btc_petroleo__max_sharpe,0.0
2015-02-28,etfs_com_ouro_petroleo__min_vol,0.0
2015-03-31,etfs_com_ouro_petroleo__min_vol,0.0
2015-04-30,etfs_com_ouro_petroleo__min_vol,-0.0021086014880833392
2015-05-31,etfs_com_ouro_petroleo__min_vol,0.0
2015-06-30,etfs_com_ouro_petroleo__min_vol,-0.020634305955317567
2015-07-31,etfs_com_ouro_petroleo__min_vol,-0.01862810208725363
2015-08-31,etfs_com_ouro_petroleo__min_vol,-0.008658589416366658
2015-09-30,etfs_com_ouro_petroleo__min_vol,0.0
2015-10-31,etfs_com_ouro_petroleo__min_vol,-0.0011896729137433892
2015-11-30,etfs_com_ouro_petroleo__min_vol,-0.04073565438029536
2015-12-31,etfs_com_ouro_petroleo__min_vol,-0.047364266022982715
2016-01-31,etfs_com_ouro_petroleo__min_vol,-0.05463445291838098
2016-02-29,etfs_com_ouro_petroleo__min_vol,-0.02553645893033074
2016-03-31,etfs_com_ouro_petroleo__min_vol,-0.015826770753513686
2016-04-30,etfs_com_ouro_petroleo__min_vol,0.0
2016-05-31,etfs_com_ouro_petroleo__min_vol,-0.029742557473747655
2016-06-30,etfs_com_ouro_petroleo__min_vol,-0.044674837834506875
2016-07-31,etfs_com_ouro_petroleo__min_vol,0.0
2016-08-31,etfs_com_ouro_petroleo__min_vol,-0.012934869454090392
2016-09-30,etfs_com_ouro_petroleo__min_vol,0.0
2016-10-31,etfs_com_ouro_petroleo__min_vol,0.0
2016-11-30,etfs_com_ouro_petroleo__min_vol,0.0
2016-12-31,etfs_com_ouro_petroleo__min_vol,-0.054106610172137026
2017-01-31,etfs_com_ouro_petroleo__min_vol,-0.03234130502060806
2017-02-28,etfs_com_ouro_petroleo__min_vol,-0.008310811282962183
2017-03-31,etfs_com_ouro_petroleo__min_vol,-0.011624980744834756
2017-04-30,etfs_com_ouro_petroleo__min_vol,0.0
2017-05-31,etfs_com_ouro_petroleo__min_vol,0.0
2017-06-30,etfs_com_ouro_petroleo__min_vol,0.0
2017-07-31,etfs_com_ouro_petroleo__min_vol,0.0
2017-08-31,etfs_com_ouro_petroleo__min_vol,0.0
2017-09-30,etfs_com_ouro_petroleo__min_vol,0.0
2017-10-31,etfs_com_ouro_petroleo__min_vol,0.0
2017-11-30,etfs_com_ouro_petroleo__min_vol,-0.00805821456614808
2017-12-31,etfs_com_ouro_petroleo__min_vol,0.0
2018-01-31,etfs_com_ouro_petroleo__min_vol,0.0
2018-02-28,etfs_com_ouro_petroleo__min_vol,-0.003057284747461031
2018-03-31,etfs_com_ouro_petroleo__min_vol,0.0
2018-04-30,etfs_com_ouro_petroleo__min_vol,0.0
2018-05-31,etfs_com_ouro_petroleo__min_vol,0.0
2018-06-30,etfs_com_ouro_petroleo__min_vol,-0.002558348194550808
2018-07-31,etfs_com_ouro_petroleo__min_vol,-0.0036735510630194756
2018-08-31,etfs_com_ouro_petroleo__min_vol,0.0
2018-09-30,etfs_com_ouro_petroleo__min_vol,-0.006605676073906497
2018-10-31,etfs_com_ouro_petroleo__min_vol,-0.047583600655977665
2018-11-30,etfs_com_ouro_petroleo__min_vol,-0.018872745369061472
2018-12-31,etfs_com_ouro_petroleo__min_vol,-0.025459608707304127
2019-01-31,etfs_com_ouro_petroleo__min_vol,0.0
2019-02-28,etfs_com_ouro_petroleo__min_vol,0.0
2019-03-31,etfs_com_ouro_petroleo__min_vol,0.0
2019-04-30,etfs_com_ouro_petroleo__min_vol,0.0
2019-05-31,etfs_com_ouro_petroleo__min_vol,-0.01080512425458613
2019-06-30,etfs_com_ouro_petroleo__min_vol,0.0
2019-07-31,etfs_com_ouro_petroleo__min_vol,-0.003727450709605673
2019-08-31,etfs_com_ouro_petroleo__min_vol,0.0
2019-09-30,etfs_com_ouro_petroleo__min_vol,0.0
2019-10-31,etfs_com_ouro_petroleo__min_vol,-0.0040107182603695835
2019-11-30,etfs_com_ouro_petroleo__min_vol,0.0
2019-12-31,etfs_com_ouro_petroleo__min_vol,0.0
2020-01-31,etfs_com_ouro_petroleo__min_vol,0.0
2020-02-29,etfs_com_ouro_petroleo__min_vol,-0.013512648421900808
2020-03-31,etfs_com_ouro_petroleo__min_vol,-0.08139446971066111
2020-04-30,etfs_com_ouro_petroleo__min_vol,-0.016711205733531687
2020-05-31,etfs_com_ouro_petroleo__min_vol,0.0
2020-06-30,etfs_com_ouro_petroleo__min_vol,0.0
2020-07-31,etfs_com_ouro_petroleo__min_vol,0.0
2020-08-31,etfs_com_ouro_petroleo__min_vol,0.0
2020-09-30,etfs_com_ouro_petroleo__min_vol,-0.010294992254765711
2020-10-31,etfs_com_ouro_petroleo__min_vol,-0.008440819765327956
2020-11-30,etfs_com_ouro_petroleo__min_vol,0.0
2020-12-31,etfs_com_ouro_petroleo__min_vol,0.0
2021-01-31,etfs_com_ouro_petroleo__min_vol,0.0
2021-02-28,etfs_com_ouro_petroleo__min_vol,-0.006956437005562921
2021-03-31,etfs_com_ouro_petroleo__min_vol,0.0
2021-04-30,etfs_com_ouro_petroleo__min_vol,-0.023991598919955393
2021-05-31,etfs_com_ouro_petroleo__min_vol,0.0
2021-06-30,etfs_com_ouro_petroleo__min_vol,-0.05457009610710084
2021-07-31,etfs_com_ouro_petroleo__min_vol,-0.040635497092671224
2021-08-31,etfs_com_ouro_petroleo__min_vol,-0.03603363085446243
2021-09-30,etfs_com_ouro_petroleo__min_vol,-0.03811002535572594
2021-10-31,etfs_com_ouro_petroleo__min_vol,-0.014836933451916612
2021-11-30,etfs_com_ouro_petroleo__min_vol,-0.04466012437193534
2021-12-31,etfs_com_ouro_petroleo__min_vol,-0.01402937052176656
2022-01-31,etfs_com_ouro_petroleo__min_vol,-0.01837637821912419
2022-02-28,etfs_com_ouro_petroleo__min_vol,-0.020873328371599165
2022-03-31,etfs_com_ouro_petroleo__min_vol,-0.04066227550088597
2022-04-30,etfs_com_ouro_petroleo__min_vol,-0.07339047172441937
2022-05-31,etfs_com_ouro_petroleo__min_vol,-0.08588915431673194
2022-06-30,etfs_com_ouro_petroleo__min_vol,-0.08675768273472617
2022-07-31,etfs_com_ouro_petroleo__min_vol,-0.07378474754007491
2022-08-31,etfs_com_ouro_petroleo__min_vol,-0.0846607245087243
2022-09-30,etfs_com_ouro_petroleo__min_vol,-0.08920011677476403
2022-10-31,etfs_com_ouro_petroleo__min_vol,-0.08419611857302334
2022-11-30,etfs_com_ouro_petroleo__min_vol,-0.04012082428850405
2022-12-31,etfs_com_ouro_petroleo__min_vol,-0.03799155840230428
2023-01-31,etfs_com_ouro_petroleo__min_vol,-0.013764323850582127
2023-02-28,etfs_com_ouro_petroleo__min_vol,-0.061037456969196935
2023-03-31,etfs_com_ouro_petroleo__min_vol,-0.04881772974306253
2023-04-30,etfs_com_ouro_petroleo__min_vol,-0.04959263093040167
2023-05-31,etfs_com_ouro_petroleo__min_vol,-0.04601304606445589
2023-06-30,etfs_com_ouro_petroleo__min_vol,-0.03444431920222535
2023-07-31,etfs_com_ouro_petroleo__min_vol,-0.017400470834999404
2023-08-31,etfs_com_ouro_petroleo__min_vol,-0.022560600707601797
2023-09-30,etfs_com_ouro_petroleo__min_vol,-0.021916320753086138
2023-10-31,etfs_com_ouro_petroleo__min_vol,-0.013980264539980691
2023-11-30,etfs_com_ouro_petroleo__min_vol,0.0
2023-12-31,etfs_com_ouro_petroleo__min_vol,0.0
2024-01-31,etfs_com_ouro_petroleo__min_vol,-0.0045535628702068065
2024-02-29,etfs_com_ouro_petroleo__min_vol,0.0
2024-03-31,etfs_com_ouro_petroleo__min_vol,0.0
2024-04-30,etfs_com_ouro_petroleo__min_vol,0.0
2024-05-31,etfs_com_ouro_petroleo__min_vol,0.0
2024-06-30,etfs_com_ouro_petroleo__min_vol,0.0
2024-07-31,etfs_com_ouro_petroleo__min_vol,0.0
2024-08-31,etfs_com_ouro_petroleo__min_vol,0.0
2024-09-30,etfs_com_ouro_petroleo__min_vol,-0.009708783203870808
2024-10-31,etfs_com_ouro_petroleo__min_vol,0.0
2024-11-30,etfs_com_ouro_petroleo__min_vol,0.0
2024-12-31,etfs_com_ouro_petroleo__min_vol,-0.002266923818955102
2025-01-31,etfs_com_ouro_petroleo__min_vol,0.0
2025-02-28,etfs_com_ouro_petroleo__min_vol,-0.004217106054853703
2025-03-31,etfs_com_ouro_petroleo__min_vol,0.0
2025-04-30,etfs_com_ouro_petroleo__min_vol,0.0
2025-05-31,etfs_com_ouro_petroleo__min_vol,0.0
2025-06-30,etfs_com_ouro_petroleo__min_vol,-0.0005266425070370451
2025-07-31,etfs_com_ouro_petroleo__min_vol,0.0
2025-08-31,etfs_com_ouro_petroleo__min_vol,0.0
2025-09-30,etfs_com_ouro_petroleo__min_vol,0.0
2025-10-31,etfs_com_ouro_petroleo__min_vol,0.0
2025-11-30,etfs_com_ouro_petroleo__min_vol,0.0
2025-12-31,etfs_com_ouro_petroleo__min_vol,0.0
2026-01-31,etfs_com_ouro_petroleo__min_vol,0.0
2026-02-28,etfs_com_ouro_petroleo__min_vol,0.0
2026-03-31,etfs_com_ouro_petroleo__min_vol,-0.002845127905974798
2026-04-30,etfs_com_ouro_petroleo__min_vol,-0.002619269997454543
2015-02-28,etfs_com_btc__max_sharpe,0.0
2015-03-31,etfs_com_btc__max_sharpe,0.0
2015-04-30,etfs_com_btc__max_sharpe,-0.005538936919243231
2015-05-31,etfs_com_btc__max_sharpe,0.0
2015-06-30,etfs_com_btc__max_sharpe,-0.00835005712063186
2015-07-31,etfs_com_btc__max_sharpe,0.0
2015-08-31,etfs_com_btc__max_sharpe,-0.05450825924899805
2015-09-30,etfs_com_btc__max_sharpe,0.0
2015-10-31,etfs_com_btc__max_sharpe,0.0
2015-11-30,etfs_com_btc__max_sharpe,0.0
2015-12-31,etfs_com_btc__max_sharpe,0.0
2016-01-31,etfs_com_btc__max_sharpe,-0.05389300600956615
2016-02-29,etfs_com_btc__max_sharpe,-0.026177626402220877
2016-03-31,etfs_com_btc__max_sharpe,0.0
2016-04-30,etfs_com_btc__max_sharpe,-0.006194752092594791
2016-05-31,etfs_com_btc__max_sharpe,0.0
2016-06-30,etfs_com_btc__max_sharpe,-0.006268855495476955
2016-07-31,etfs_com_btc__max_sharpe,0.0
2016-08-31,etfs_com_btc__max_sharpe,-0.012247674034652767
2016-09-30,etfs_com_btc__max_sharpe,0.0
2016-10-31,etfs_com_btc__max_sharpe,0.0
2016-11-30,etfs_com_btc__max_sharpe,0.0
2016-12-31,etfs_com_btc__max_sharpe,-0.019131834789812063
2017-01-31,etfs_com_btc__max_sharpe,0.0
2017-02-28,etfs_com_btc__max_sharpe,0.0
2017-03-31,etfs_com_btc__max_sharpe,0.0
2017-04-30,etfs_com_btc__max_sharpe,0.0
2017-05-31,etfs_com_btc__max_sharpe,0.0
2017-06-30,etfs_com_btc__max_sharpe,0.0
2017-07-31,etfs_com_btc__max_sharpe,0.0
2017-08-31,etfs_com_btc__max_sharpe,0.0
2017-09-30,etfs_com_btc__max_sharpe,0.0
2017-10-31,etfs_com_btc__max_sharpe,0.0
2017-11-30,etfs_com_btc__max_sharpe,0.0
2017-12-31,etfs_com_btc__max_sharpe,0.0
2018-01-31,etfs_com_btc__max_sharpe,0.0
2018-02-28,etfs_com_btc__max_sharpe,0.0
2018-03-31,etfs_com_btc__max_sharpe,-0.027668734839533582
2018-04-30,etfs_com_btc__max_sharpe,0.0
2018-05-31,etfs_com_btc__max_sharpe,0.0
2018-06-30,etfs_com_btc__max_sharpe,-0.013344092426356147
2018-07-31,etfs_com_btc__max_sharpe,0.0
2018-08-31,etfs_com_btc__max_sharpe,0.0
2018-09-30,etfs_com_btc__max_sharpe,-0.017239078990977874
2018-10-31,etfs_com_btc__max_sharpe,-0.08552743705546517
2018-11-30,etfs_com_btc__max_sharpe,-0.08863721831656801
2018-12-31,etfs_com_btc__max_sharpe,-0.12855811350431
2019-01-31,etfs_com_btc__max_sharpe,-0.09318256057261765
2019-02-28,etfs_com_btc__max_sharpe,-0.06666777210565356
2019-03-31,etfs_com_btc__max_sharpe,-0.01978867852670929
2019-04-30,etfs_com_btc__max_sharpe,0.0
2019-05-31,etfs_com_btc__max_sharpe,0.0
2019-06-30,etfs_com_btc__max_sharpe,0.0
2019-07-31,etfs_com_btc__max_sharpe,0.0
2019-08-31,etfs_com_btc__max_sharpe,0.0
2019-09-30,etfs_com_btc__max_sharpe,0.0
2019-10-31,etfs_com_btc__max_sharpe,0.0
2019-11-30,etfs_com_btc__max_sharpe,0.0
2019-12-31,etfs_com_btc__max_sharpe,0.0
2020-01-31,etfs_com_btc__max_sharpe,0.0
2020-02-29,etfs_com_btc__max_sharpe,-0.024044269738415114
2020-03-31,etfs_com_btc__max_sharpe,-0.12342146356513284
2020-04-30,etfs_com_btc__max_sharpe,0.0
2020-05-31,etfs_com_btc__max_sharpe,0.0
2020-06-30,etfs_com_btc__max_sharpe,0.0
2020-07-31,etfs_com_btc__max_sharpe,0.0
2020-08-31,etfs_com_btc__max_sharpe,0.0
2020-09-30,etfs_com_btc__max_sharpe,-0.013460737874186779
2020-10-31,etfs_com_btc__max_sharpe,0.0
2020-11-30,etfs_com_btc__max_sharpe,0.0
2020-12-31,etfs_com_btc__max_sharpe,0.0
2021-01-31,etfs_com_btc__max_sharpe,0.0
2021-02-28,etfs_com_btc__max_sharpe,0.0
2021-03-31,etfs_com_btc__max_sharpe,0.0
2021-04-30,etfs_com_btc__max_sharpe,-0.011607030955521624
2021-05-31,etfs_com_btc__max_sharpe,-0.04957659145960491
2021-06-30,etfs_com_btc__max_sharpe,-0.06527877211026412
2021-07-31,etfs_com_btc__max_sharpe,-0.036709218246776754
2021-08-31,etfs_com_btc__max_sharpe,0.0
2021-09-30,etfs_com_btc__max_sharpe,-0.033126174434839895
2021-10-31,etfs_com_btc__max_sharpe,0.0
2021-11-30,etfs_com_btc__max_sharpe,-0.009297808048808642
2021-12-31,etfs_com_btc__max_sharpe,-0.007888798414437348
2022-01-31,etfs_com_btc__max_sharpe,-0.054884640291753106
2022-02-28,etfs_com_btc__max_sharpe,-0.07754834485440376
2022-03-31,etfs_com_btc__max_sharpe,-0.0905995015881299
2022-04-30,etfs_com_btc__max_sharpe,-0.18028674611447015
2022-05-31,etfs_com_btc__max_sharpe,-0.20398784876139153
2022-06-30,etfs_com_btc__max_sharpe,-0.27249092060336055
2022-07-31,etfs_com_btc__max_sharpe,-0.21476606530314413
2022-08-31,etfs_com_btc__max_sharpe,-0.2283774357481172
2022-09-30,etfs_com_btc__max_sharpe,-0.25357236742424394
2022-10-31,etfs_com_btc__max_sharpe,-0.24043379654097063
2022-11-30,etfs_com_btc__max_sharpe,-0.215151461824737
2022-12-31,etfs_com_btc__max_sharpe,-0.25468026560236756
2023-01-31,etfs_com_btc__max_sharpe,-0.18475460816306521
2023-02-28,etfs_com_btc__max_sharpe,-0.2051417087958437
2023-03-31,etfs_com_btc__max_sharpe,-0.1750732932034419
2023-04-30,etfs_com_btc__max_sharpe,-0.18172410596460897
2023-05-31,etfs_com_btc__max_sharpe,-0.14257662802140836
2023-06-30,etfs_com_btc__max_sharpe,-0.1022709773461673
2023-07-31,etfs_com_btc__max_sharpe,-0.09669623010552897
2023-08-31,etfs_com_btc__max_sharpe,-0.1168881798951128
2023-09-30,etfs_com_btc__max_sharpe,-0.1149217329304657
2023-10-31,etfs_com_btc__max_sharpe,-0.10670911520564863
2023-11-30,etfs_com_btc__max_sharpe,-0.018607329689891317
2023-12-31,etfs_com_btc__max_sharpe,0.0
2024-01-31,etfs_com_btc__max_sharpe,-0.004317028186963445
2024-02-29,etfs_com_btc__max_sharpe,0.0
2024-03-31,etfs_com_btc__max_sharpe,0.0
2024-04-30,etfs_com_btc__max_sharpe,-0.024462087794287823
2024-05-31,etfs_com_btc__max_sharpe,0.0
2024-06-30,etfs_com_btc__max_sharpe,0.0
2024-07-31,etfs_com_btc__max_sharpe,0.0
2024-08-31,etfs_com_btc__max_sharpe,0.0
2024-09-30,etfs_com_btc__max_sharpe,-0.015481576403537645
2024-10-31,etfs_com_btc__max_sharpe,0.0
2024-11-30,etfs_com_btc__max_sharpe,0.0
2024-12-31,etfs_com_btc__max_sharpe,0.0
2025-01-31,etfs_com_btc__max_sharpe,0.0
2025-02-28,etfs_com_btc__max_sharpe,-0.042423221709687486
2025-03-31,etfs_com_btc__max_sharpe,-0.06712041030789206
2025-04-30,etfs_com_btc__max_sharpe,-0.05144408695697533
2025-05-31,etfs_com_btc__max_sharpe,0.0
2025-06-30,etfs_com_btc__max_sharpe,0.0
2025-07-31,etfs_com_btc__max_sharpe,0.0
2025-08-31,etfs_com_btc__max_sharpe,0.0
2025-09-30,etfs_com_btc__max_sharpe,0.0
2025-10-31,etfs_com_btc__max_sharpe,0.0
2025-11-30,etfs_com_btc__max_sharpe,-0.011043203320839523
2025-12-31,etfs_com_btc__max_sharpe,0.0
2026-01-31,etfs_com_btc__max_sharpe,0.0
2026-02-28,etfs_com_btc__max_sharpe,0.0
2026-03-31,etfs_com_btc__max_sharpe,-0.011034230986493698
2026-04-30,etfs_com_btc__max_sharpe,0.0
2015-02-28,etfs_com_ouro__min_vol,0.0
2015-03-31,etfs_com_ouro__min_vol,0.0
2015-04-30,etfs_com_ouro__min_vol,-0.007482318757736528
2015-05-31,etfs_com_ouro__min_vol,0.0
2015-06-30,etfs_com_ouro__min_vol,-0.02236587836882986
2015-07-31,etfs_com_ouro__min_vol,-0.003982183406933126
2015-08-31,etfs_com_ouro__min_vol,-0.0037355441026816205
2015-09-30,etfs_com_ouro__min_vol,0.0
2015-10-31,etfs_com_ouro__min_vol,0.0
2015-11-30,etfs_com_ouro__min_vol,-0.03146426341507125
2015-12-31,etfs_com_ouro__min_vol,-0.03367375839550768
2016-01-31,etfs_com_ouro__min_vol,-0.03779822892655593
2016-02-29,etfs_com_ouro__min_vol,-0.007197034858882456
2016-03-31,etfs_com_ouro__min_vol,0.0
2016-04-30,etfs_com_ouro__min_vol,0.0
2016-05-31,etfs_com_ouro__min_vol,-0.03615589506434147
2016-06-30,etfs_com_ouro__min_vol,-0.050896766166706575
2016-07-31,etfs_com_ouro__min_vol,0.0
2016-08-31,etfs_com_ouro__min_vol,-0.01525872184811572
2016-09-30,etfs_com_ouro__min_vol,-0.00012321110608415342
2016-10-31,etfs_com_ouro__min_vol,0.0
2016-11-30,etfs_com_ouro__min_vol,0.0
2016-12-31,etfs_com_ouro__min_vol,-0.053035197201966255
2017-01-31,etfs_com_ouro__min_vol,-0.02817447479059587
2017-02-28,etfs_com_ouro__min_vol,-0.004299977391263199
2017-03-31,etfs_com_ouro__min_vol,-0.0015262587230004954
2017-04-30,etfs_com_ouro__min_vol,0.0
2017-05-31,etfs_com_ouro__min_vol,0.0
2017-06-30,etfs_com_ouro__min_vol,0.0
2017-07-31,etfs_com_ouro__min_vol,0.0
2017-08-31,etfs_com_ouro__min_vol,0.0
2017-09-30,etfs_com_ouro__min_vol,0.0
2017-10-31,etfs_com_ouro__min_vol,0.0
2017-11-30,etfs_com_ouro__min_vol,-0.013218103004854709
2017-12-31,etfs_com_ouro__min_vol,0.0
2018-01-31,etfs_com_ouro__min_vol,0.0
2018-02-28,etfs_com_ouro__min_vol,-0.0066234467447489065
2018-03-31,etfs_com_ouro__min_vol,0.0
2018-04-30,etfs_com_ouro__min_vol,0.0
2018-05-31,etfs_com_ouro__min_vol,0.0
2018-06-30,etfs_com_ouro__min_vol,-0.011042195740368022
2018-07-31,etfs_com_ouro__min_vol,-0.006495396234279749
2018-08-31,etfs_com_ouro__min_vol,0.0
2018-09-30,etfs_com_ouro__min_vol,-0.008008753819376602
2018-10-31,etfs_com_ouro__min_vol,-0.043678275029084945
2018-11-30,etfs_com_ouro__min_vol,-0.0028597007679525
2018-12-31,etfs_com_ouro__min_vol,-0.00753934323625316
2019-01-31,etfs_com_ouro__min_vol,0.0
2019-02-28,etfs_com_ouro__min_vol,0.0
2019-03-31,etfs_com_ouro__min_vol,0.0
2019-04-30,etfs_com_ouro__min_vol,0.0
2019-05-31,etfs_com_ouro__min_vol,-0.004973475033580699
2019-06-30,etfs_com_ouro__min_vol,0.0
2019-07-31,etfs_com_ouro__min_vol,-0.005693083254281084
2019-08-31,etfs_com_ouro__min_vol,0.0
2019-09-30,etfs_com_ouro__min_vol,0.0
2019-10-31,etfs_com_ouro__min_vol,-0.0012812799082159154
2019-11-30,etfs_com_ouro__min_vol,0.0
2019-12-31,etfs_com_ouro__min_vol,0.0
2020-01-31,etfs_com_ouro__min_vol,0.0
2020-02-29,etfs_com_ouro__min_vol,-0.016455067523353906
2020-03-31,etfs_com_ouro__min_vol,-0.06800927080302477
2020-04-30,etfs_com_ouro__min_vol,0.0
2020-05-31,etfs_com_ouro__min_vol,0.0
2020-06-30,etfs_com_ouro__min_vol,0.0
2020-07-31,etfs_com_ouro__min_vol,0.0
2020-08-31,etfs_com_ouro__min_vol,0.0
2020-09-30,etfs_com_ouro__min_vol,-0.0110080037878596
2020-10-31,etfs_com_ouro__min_vol,-0.006388108980397766
2020-11-30,etfs_com_ouro__min_vol,0.0
2020-12-31,etfs_com_ouro__min_vol,0.0
2021-01-31,etfs_com_ouro__min_vol,0.0
2021-02-28,etfs_com_ouro__min_vol,-0.014504319303257684
2021-03-31,etfs_com_ouro__min_vol,0.0
2021-04-30,etfs_com_ouro__min_vol,-0.023851070916754202
2021-05-31,etfs_com_ouro__min_vol,0.0
2021-06-30,etfs_com_ouro__min_vol,-0.05968820893053162
2021-07-31,etfs_com_ouro__min_vol,-0.04839267462908603
2021-08-31,etfs_com_ouro__min_vol,-0.04078703511314363
2021-09-30,etfs_com_ouro__min_vol,-0.05153972449051891
2021-10-31,etfs_com_ouro__min_vol,-0.03079860372372767
2021-11-30,etfs_com_ouro__min_vol,-0.05354970764990452
2021-12-31,etfs_com_ouro__min_vol,-0.026272295953908342
2022-01-31,etfs_com_ouro__min_vol,-0.03406438142816193
2022-02-28,etfs_com_ouro__min_vol,-0.041867812595816734
2022-03-31,etfs_com_ouro__min_vol,-0.06473809612147152
2022-04-30,etfs_com_ouro__min_vol,-0.10203336480023073
2022-05-31,etfs_com_ouro__min_vol,-0.11652428504206747
2022-06-30,etfs_com_ouro__min_vol,-0.1231700081264
2022-07-31,etfs_com_ouro__min_vol,-0.1058801306075019
2022-08-31,etfs_com_ouro__min_vol,-0.11564420578544721
2022-09-30,etfs_com_ouro__min_vol,-0.11973037633061878
2022-10-31,etfs_com_ouro__min_vol,-0.11083721392676382
2022-11-30,etfs_com_ouro__min_vol,-0.06179174030014456
2022-12-31,etfs_com_ouro__min_vol,-0.062179763515958
2023-01-31,etfs_com_ouro__min_vol,-0.03384910454523471
2023-02-28,etfs_com_ouro__min_vol,-0.07746440075667393
2023-03-31,etfs_com_ouro__min_vol,-0.0675783179276106
2023-04-30,etfs_com_ouro__min_vol,-0.0638360530571851
2023-05-31,etfs_com_ouro__min_vol,-0.05909560540792003
2023-06-30,etfs_com_ouro__min_vol,-0.04681020611585396
2023-07-31,etfs_com_ouro__min_vol,-0.036738440453896515
2023-08-31,etfs_com_ouro__min_vol,-0.04664834093994885
2023-09-30,etfs_com_ouro__min_vol,-0.05004313547007366
2023-10-31,etfs_com_ouro__min_vol,-0.04272033360788219
2023-11-30,etfs_com_ouro__min_vol,0.0
2023-12-31,etfs_com_ouro__min_vol,0.0
2024-01-31,etfs_com_ouro__min_vol,-0.011442234520321004
2024-02-29,etfs_com_ouro__min_vol,0.0
2024-03-31,etfs_com_ouro__min_vol,0.0
2024-04-30,etfs_com_ouro__min_vol,0.0
2024-05-31,etfs_com_ouro__min_vol,0.0
2024-06-30,etfs_com_ouro__min_vol,0.0
2024-07-31,etfs_com_ouro__min_vol,0.0
2024-08-31,etfs_com_ouro__min_vol,0.0
2024-09-30,etfs_com_ouro__min_vol,-0.009182917120994394
2024-10-31,etfs_com_ouro__min_vol,0.0
2024-11-30,etfs_com_ouro__min_vol,0.0
2024-12-31,etfs_com_ouro__min_vol,-0.010105123912091174
2025-01-31,etfs_com_ouro__min_vol,0.0
2025-02-28,etfs_com_ouro__min_vol,0.0
2025-03-31,etfs_com_ouro__min_vol,0.0
2025-04-30,etfs_com_ouro__min_vol,0.0
2025-05-31,etfs_com_ouro__min_vol,0.0
2025-06-30,etfs_com_ouro__min_vol,-0.005824040423866639
2025-07-31,etfs_com_ouro__min_vol,-0.008577551973421138
2025-08-31,etfs_com_ouro__min_vol,0.0
2025-09-30,etfs_com_ouro__min_vol,0.0
2025-10-31,etfs_com_ouro__min_vol,0.0
2025-11-30,etfs_com_ouro__min_vol,0.0
2025-12-31,etfs_com_ouro__min_vol,0.0
2026-01-31,etfs_com_ouro__min_vol,0.0
2026-02-28,etfs_com_ouro__min_vol,0.0
2026-03-31,etfs_com_ouro__min_vol,-0.04395760393333681
2026-04-30,etfs_com_ouro__min_vol,-0.03820276483246532
2015-02-28,etfs_com_ouro_btc__min_vol,0.0
2015-03-31,etfs_com_ouro_btc__min_vol,0.0
2015-04-30,etfs_com_ouro_btc__min_vol,-0.0074823129232950425
2015-05-31,etfs_com_ouro_btc__min_vol,0.0
2015-06-30,etfs_com_ouro_btc__min_vol,-0.022365882401563897
2015-07-31,etfs_com_ouro_btc__min_vol,-0.003982184506918229
2015-08-31,etfs_com_ouro_btc__min_vol,-0.0037355447745701653
2015-09-30,etfs_com_ouro_btc__min_vol,0.0
2015-10-31,etfs_com_ouro_btc__min_vol,0.0
2015-11-30,etfs_com_ouro_btc__min_vol,-0.03146426759283316
2015-12-31,etfs_com_ouro_btc__min_vol,-0.03367376608039929
2016-01-31,etfs_com_ouro_btc__min_vol,-0.03779823370161506
2016-02-29,etfs_com_ouro_btc__min_vol,-0.007197039407796035
2016-03-31,etfs_com_ouro_btc__min_vol,0.0
2016-04-30,etfs_com_ouro_btc__min_vol,0.0
2016-05-31,etfs_com_ouro_btc__min_vol,-0.03615590256928258
2016-06-30,etfs_com_ouro_btc__min_vol,-0.050896777189711084
2016-07-31,etfs_com_ouro_btc__min_vol,0.0
2016-08-31,etfs_com_ouro_btc__min_vol,-0.015258721588566226
2016-09-30,etfs_com_ouro_btc__min_vol,-0.00012321635836187728
2016-10-31,etfs_com_ouro_btc__min_vol,0.0
2016-11-30,etfs_com_ouro_btc__min_vol,0.0
2016-12-31,etfs_com_ouro_btc__min_vol,-0.0530351863372468
2017-01-31,etfs_com_ouro_btc__min_vol,-0.028174464579974634
2017-02-28,etfs_com_ouro_btc__min_vol,-0.004299966356057339
2017-03-31,etfs_com_ouro_btc__min_vol,-0.001526244648458519
2017-04-30,etfs_com_ouro_btc__min_vol,0.0
2017-05-31,etfs_com_ouro_btc__min_vol,0.0
2017-06-30,etfs_com_ouro_btc__min_vol,0.0
2017-07-31,etfs_com_ouro_btc__min_vol,0.0
2017-08-31,etfs_com_ouro_btc__min_vol,0.0
2017-09-30,etfs_com_ouro_btc__min_vol,0.0
2017-10-31,etfs_com_ouro_btc__min_vol,0.0
2017-11-30,etfs_com_ouro_btc__min_vol,-0.013218110133625949
2017-12-31,etfs_com_ouro_btc__min_vol,0.0
2018-01-31,etfs_com_ouro_btc__min_vol,0.0
2018-02-28,etfs_com_ouro_btc__min_vol,-0.006623452204177704
2018-03-31,etfs_com_ouro_btc__min_vol,0.0
2018-04-30,etfs_com_ouro_btc__min_vol,0.0
2018-05-31,etfs_com_ouro_btc__min_vol,0.0
2018-06-30,etfs_com_ouro_btc__min_vol,-0.011042193992782945
2018-07-31,etfs_com_ouro_btc__min_vol,-0.006495397724384899
2018-08-31,etfs_com_ouro_btc__min_vol,0.0
2018-09-30,etfs_com_ouro_btc__min_vol,-0.008008754919142658
2018-10-31,etfs_com_ouro_btc__min_vol,-0.04367826916820072
2018-11-30,etfs_com_ouro_btc__min_vol,-0.0028597025795845665
2018-12-31,etfs_com_ouro_btc__min_vol,-0.007539338631827097
2019-01-31,etfs_com_ouro_btc__min_vol,0.0
2019-02-28,etfs_com_ouro_btc__min_vol,0.0
2019-03-31,etfs_com_ouro_btc__min_vol,0.0
2019-04-30,etfs_com_ouro_btc__min_vol,0.0
2019-05-31,etfs_com_ouro_btc__min_vol,-0.004973474231941055
2019-06-30,etfs_com_ouro_btc__min_vol,0.0
2019-07-31,etfs_com_ouro_btc__min_vol,-0.0056930856076574665
2019-08-31,etfs_com_ouro_btc__min_vol,0.0
2019-09-30,etfs_com_ouro_btc__min_vol,0.0
2019-10-31,etfs_com_ouro_btc__min_vol,-0.0012812779020351384
2019-11-30,etfs_com_ouro_btc__min_vol,0.0
2019-12-31,etfs_com_ouro_btc__min_vol,0.0
2020-01-31,etfs_com_ouro_btc__min_vol,0.0
2020-02-29,etfs_com_ouro_btc__min_vol,-0.01645507202890173
2020-03-31,etfs_com_ouro_btc__min_vol,-0.06800928377457904
2020-04-30,etfs_com_ouro_btc__min_vol,0.0
2020-05-31,etfs_com_ouro_btc__min_vol,0.0
2020-06-30,etfs_com_ouro_btc__min_vol,0.0
2020-07-31,etfs_com_ouro_btc__min_vol,0.0
2020-08-31,etfs_com_ouro_btc__min_vol,0.0
2020-09-30,etfs_com_ouro_btc__min_vol,-0.01100800670537172
2020-10-31,etfs_com_ouro_btc__min_vol,-0.006388115626610791
2020-11-30,etfs_com_ouro_btc__min_vol,0.0
2020-12-31,etfs_com_ouro_btc__min_vol,0.0
2021-01-31,etfs_com_ouro_btc__min_vol,0.0
2021-02-28,etfs_com_ouro_btc__min_vol,-0.014504327922514104
2021-03-31,etfs_com_ouro_btc__min_vol,0.0
2021-04-30,etfs_com_ouro_btc__min_vol,-0.023851064196410254
2021-05-31,etfs_com_ouro_btc__min_vol,0.0
2021-06-30,etfs_com_ouro_btc__min_vol,-0.0596882122316732
2021-07-31,etfs_com_ouro_btc__min_vol,-0.04839267504841682
2021-08-31,etfs_com_ouro_btc__min_vol,-0.040787035623720325
2021-09-30,etfs_com_ouro_btc__min_vol,-0.051539731909017616
2021-10-31,etfs_com_ouro_btc__min_vol,-0.030798605996031014
2021-11-30,etfs_com_ouro_btc__min_vol,-0.053549712780973646
2021-12-31,etfs_com_ouro_btc__min_vol,-0.02627229353573235
2022-01-31,etfs_com_ouro_btc__min_vol,-0.0340643772718926
2022-02-28,etfs_com_ouro_btc__min_vol,-0.04186780861597761
2022-03-31,etfs_com_ouro_btc__min_vol,-0.0647380956382877
2022-04-30,etfs_com_ouro_btc__min_vol,-0.10203335794487145
2022-05-31,etfs_com_ouro_btc__min_vol,-0.11652428302044793
2022-06-30,etfs_com_ouro_btc__min_vol,-0.12317000541211487
2022-07-31,etfs_com_ouro_btc__min_vol,-0.10588013407155683
2022-08-31,etfs_com_ouro_btc__min_vol,-0.11564421545805836
2022-09-30,etfs_com_ouro_btc__min_vol,-0.11973038574876571
2022-10-31,etfs_com_ouro_btc__min_vol,-0.1108372195739381
2022-11-30,etfs_com_ouro_btc__min_vol,-0.06179174310443425
2022-12-31,etfs_com_ouro_btc__min_vol,-0.062179767173938916
2023-01-31,etfs_com_ouro_btc__min_vol,-0.03384910631177518
2023-02-28,etfs_com_ouro_btc__min_vol,-0.07746439292737217
2023-03-31,etfs_com_ouro_btc__min_vol,-0.06757831512632195
2023-04-30,etfs_com_ouro_btc__min_vol,-0.063836042954872
2023-05-31,etfs_com_ouro_btc__min_vol,-0.0590956012133842
2023-06-30,etfs_com_ouro_btc__min_vol,-0.046810206659258835
2023-07-31,etfs_com_ouro_btc__min_vol,-0.03673844118886127
2023-08-31,etfs_com_ouro_btc__min_vol,-0.0466483431210738
2023-09-30,etfs_com_ouro_btc__min_vol,-0.05004313445991093
2023-10-31,etfs_com_ouro_btc__min_vol,-0.04272033331037273
2023-11-30,etfs_com_ouro_btc__min_vol,0.0
2023-12-31,etfs_com_ouro_btc__min_vol,0.0
2024-01-31,etfs_com_ouro_btc__min_vol,-0.011442238264294025
2024-02-29,etfs_com_ouro_btc__min_vol,0.0
2024-03-31,etfs_com_ouro_btc__min_vol,0.0
2024-04-30,etfs_com_ouro_btc__min_vol,0.0
2024-05-31,etfs_com_ouro_btc__min_vol,0.0
2024-06-30,etfs_com_ouro_btc__min_vol,0.0
2024-07-31,etfs_com_ouro_btc__min_vol,0.0
2024-08-31,etfs_com_ouro_btc__min_vol,0.0
2024-09-30,etfs_com_ouro_btc__min_vol,-0.009182922194887588
2024-10-31,etfs_com_ouro_btc__min_vol,0.0
2024-11-30,etfs_com_ouro_btc__min_vol,0.0
2024-12-31,etfs_com_ouro_btc__min_vol,-0.010105122071735972
2025-01-31,etfs_com_ouro_btc__min_vol,0.0
2025-02-28,etfs_com_ouro_btc__min_vol,0.0
2025-03-31,etfs_com_ouro_btc__min_vol,0.0
2025-04-30,etfs_com_ouro_btc__min_vol,0.0
2025-05-31,etfs_com_ouro_btc__min_vol,0.0
2025-06-30,etfs_com_ouro_btc__min_vol,-0.0058240469585583154
2025-07-31,etfs_com_ouro_btc__min_vol,-0.00857756025664591
2025-08-31,etfs_com_ouro_btc__min_vol,0.0
2025-09-30,etfs_com_ouro_btc__min_vol,0.0
2025-10-31,etfs_com_ouro_btc__min_vol,0.0
2025-11-30,etfs_com_ouro_btc__min_vol,0.0
2025-12-31,etfs_com_ouro_btc__min_vol,0.0
2026-01-31,etfs_com_ouro_btc__min_vol,0.0
2026-02-28,etfs_com_ouro_btc__min_vol,0.0
2026-03-31,etfs_com_ouro_btc__min_vol,-0.04395761105650042
2026-04-30,etfs_com_ouro_btc__min_vol,-0.03820276672453948
2015-02-28,etfs_com_petroleo__max_sharpe,0.0
2015-03-31,etfs_com_petroleo__max_sharpe,0.0
2015-04-30,etfs_com_petroleo__max_sharpe,0.0
2015-05-31,etfs_com_petroleo__max_sharpe,0.0
2015-06-30,etfs_com_petroleo__max_sharpe,-0.02680880647568018
2015-07-31,etfs_com_petroleo__max_sharpe,0.0
2015-08-31,etfs_com_petroleo__max_sharpe,-0.031917553311135105
2015-09-30,etfs_com_petroleo__max_sharpe,0.0
2015-10-31,etfs_com_petroleo__max_sharpe,0.0
2015-11-30,etfs_com_petroleo__max_sharpe,-0.014723220412705573
2015-12-31,etfs_com_petroleo__max_sharpe,-0.02557212589221647
2016-01-31,etfs_com_petroleo__max_sharpe,-0.07261103089566823
2016-02-29,etfs_com_petroleo__max_sharpe,-0.06903180293276712
2016-03-31,etfs_com_petroleo__max_sharpe,-0.032554642319828964
2016-04-30,etfs_com_petroleo__max_sharpe,-0.04039163576723093
2016-05-31,etfs_com_petroleo__max_sharpe,-0.033162701830847574
2016-06-30,etfs_com_petroleo__max_sharpe,-0.07138950975790537
2016-07-31,etfs_com_petroleo__max_sharpe,0.0
2016-08-31,etfs_com_petroleo__max_sharpe,-0.0010913084710966192
2016-09-30,etfs_com_petroleo__max_sharpe,0.0
2016-10-31,etfs_com_petroleo__max_sharpe,0.0
2016-11-30,etfs_com_petroleo__max_sharpe,0.0
2016-12-31,etfs_com_petroleo__max_sharpe,-0.044216703540514435
2017-01-31,etfs_com_petroleo__max_sharpe,-0.01155722160872752
2017-02-28,etfs_com_petroleo__max_sharpe,0.0
2017-03-31,etfs_com_petroleo__max_sharpe,0.0
2017-04-30,etfs_com_petroleo__max_sharpe,0.0
2017-05-31,etfs_com_petroleo__max_sharpe,0.0
2017-06-30,etfs_com_petroleo__max_sharpe,0.0
2017-07-31,etfs_com_petroleo__max_sharpe,0.0
2017-08-31,etfs_com_petroleo__max_sharpe,0.0
2017-09-30,etfs_com_petroleo__max_sharpe,0.0
2017-10-31,etfs_com_petroleo__max_sharpe,0.0
2017-11-30,etfs_com_petroleo__max_sharpe,-0.012835192954123609
2017-12-31,etfs_com_petroleo__max_sharpe,0.0
2018-01-31,etfs_com_petroleo__max_sharpe,0.0
2018-02-28,etfs_com_petroleo__max_sharpe,-0.00013428243194490985
2018-03-31,etfs_com_petroleo__max_sharpe,0.0
2018-04-30,etfs_com_petroleo__max_sharpe,0.0
2018-05-31,etfs_com_petroleo__max_sharpe,0.0
2018-06-30,etfs_com_petroleo__max_sharpe,0.0
2018-07-31,etfs_com_petroleo__max_sharpe,0.0
2018-08-31,etfs_com_petroleo__max_sharpe,0.0
2018-09-30,etfs_com_petroleo__max_sharpe,-0.00928469378947816
2018-10-31,etfs_com_petroleo__max_sharpe,-0.08351993885992137
2018-11-30,etfs_com_petroleo__max_sharpe,-0.057024382219572955
2018-12-31,etfs_com_petroleo__max_sharpe,-0.10499496765696514
2019-01-31,etfs_com_petroleo__max_sharpe,-0.04719628891039984
2019-02-28,etfs_com_petroleo__max_sharpe,-0.025605653417075547
2019-03-31,etfs_com_petroleo__max_sharpe,0.0
2019-04-30,etfs_com_petroleo__max_sharpe,0.0
2019-05-31,etfs_com_petroleo__max_sharpe,-0.039828275000840296
2019-06-30,etfs_com_petroleo__max_sharpe,-0.005948541470086388
2019-07-31,etfs_com_petroleo__max_sharpe,0.0
2019-08-31,etfs_com_petroleo__max_sharpe,0.0
2019-09-30,etfs_com_petroleo__max_sharpe,0.0
2019-10-31,etfs_com_petroleo__max_sharpe,0.0
2019-11-30,etfs_com_petroleo__max_sharpe,0.0
2019-12-31,etfs_com_petroleo__max_sharpe,0.0
2020-01-31,etfs_com_petroleo__max_sharpe,0.0
2020-02-29,etfs_com_petroleo__max_sharpe,-0.028525113175751682
2020-03-31,etfs_com_petroleo__max_sharpe,-0.12438511525404705
2020-04-30,etfs_com_petroleo__max_sharpe,-0.011530013681803952
2020-05-31,etfs_com_petroleo__max_sharpe,0.0
2020-06-30,etfs_com_petroleo__max_sharpe,0.0
2020-07-31,etfs_com_petroleo__max_sharpe,0.0
2020-08-31,etfs_com_petroleo__max_sharpe,0.0
2020-09-30,etfs_com_petroleo__max_sharpe,-0.017910316689535244
2020-10-31,etfs_com_petroleo__max_sharpe,-0.018192752220882014
2020-11-30,etfs_com_petroleo__max_sharpe,0.0
2020-12-31,etfs_com_petroleo__max_sharpe,0.0
2021-01-31,etfs_com_petroleo__max_sharpe,0.0
2021-02-28,etfs_com_petroleo__max_sharpe,0.0
2021-03-31,etfs_com_petroleo__max_sharpe,0.0
2021-04-30,etfs_com_petroleo__max_sharpe,-0.00503575058825434
2021-05-31,etfs_com_petroleo__max_sharpe,-0.0033358357606936284
2021-06-30,etfs_com_petroleo__max_sharpe,-0.004668130034670148
2021-07-31,etfs_com_petroleo__max_sharpe,0.0
2021-08-31,etfs_com_petroleo__max_sharpe,0.0
2021-09-30,etfs_com_petroleo__max_sharpe,-0.026645994939936468
2021-10-31,etfs_com_petroleo__max_sharpe,0.0
2021-11-30,etfs_com_petroleo__max_sharpe,-0.00961252778085353
2021-12-31,etfs_com_petroleo__max_sharpe,0.0
2022-01-31,etfs_com_petroleo__max_sharpe,-0.03490646886281157
2022-02-28,etfs_com_petroleo__max_sharpe,-0.07097979437229884
2022-03-31,etfs_com_petroleo__max_sharpe,-0.07761291319196506
2022-04-30,etfs_com_petroleo__max_sharpe,-0.1610303377034652
2022-05-31,etfs_com_petroleo__max_sharpe,-0.17243339572894467
2022-06-30,etfs_com_petroleo__max_sharpe,-0.21526479181330727
2022-07-31,etfs_com_petroleo__max_sharpe,-0.15474121963219734
2022-08-31,etfs_com_petroleo__max_sharpe,-0.16186154797246066
2022-09-30,etfs_com_petroleo__max_sharpe,-0.19313336722335228
2022-10-31,etfs_com_petroleo__max_sharpe,-0.1732250131873314
2022-11-30,etfs_com_petroleo__max_sharpe,-0.13715393461401193
2022-12-31,etfs_com_petroleo__max_sharpe,-0.18207758050193346
2023-01-31,etfs_com_petroleo__max_sharpe,-0.1322659542577962
2023-02-28,etfs_com_petroleo__max_sharpe,-0.15266444547269054
2023-03-31,etfs_com_petroleo__max_sharpe,-0.1345336933537845
2023-04-30,etfs_com_petroleo__max_sharpe,-0.14175332082594527
2023-05-31,etfs_com_petroleo__max_sharpe,-0.0907717836016898
2023-06-30,etfs_com_petroleo__max_sharpe,-0.04981303025809669
2023-07-31,etfs_com_petroleo__max_sharpe,-0.03216337401702518
2023-08-31,etfs_com_petroleo__max_sharpe,-0.03699983221411207
2023-09-30,etfs_com_petroleo__max_sharpe,-0.04453175576776547
2023-10-31,etfs_com_petroleo__max_sharpe,-0.07071494989046034
2023-11-30,etfs_com_petroleo__max_sharpe,0.0
2023-12-31,etfs_com_petroleo__max_sharpe,0.0
2024-01-31,etfs_com_petroleo__max_sharpe,0.0
2024-02-29,etfs_com_petroleo__max_sharpe,0.0
2024-03-31,etfs_com_petroleo__max_sharpe,0.0
2024-04-30,etfs_com_petroleo__max_sharpe,-0.008756723748862827
2024-05-31,etfs_com_petroleo__max_sharpe,0.0
2024-06-30,etfs_com_petroleo__max_sharpe,0.0
2024-07-31,etfs_com_petroleo__max_sharpe,0.0
2024-08-31,etfs_com_petroleo__max_sharpe,0.0
2024-09-30,etfs_com_petroleo__max_sharpe,-0.023790594709736546
2024-10-31,etfs_com_petroleo__max_sharpe,0.0
2024-11-30,etfs_com_petroleo__max_sharpe,0.0
2024-12-31,etfs_com_petroleo__max_sharpe,0.0
2025-01-31,etfs_com_petroleo__max_sharpe,-0.004295529262647424
2025-02-28,etfs_com_petroleo__max_sharpe,-0.03327059145051381
2025-03-31,etfs_com_petroleo__max_sharpe,-0.06211586102659017
2025-04-30,etfs_com_petroleo__max_sharpe,-0.06379355471343173
2025-05-31,etfs_com_petroleo__max_sharpe,0.0
2025-06-30,etfs_com_petroleo__max_sharpe,0.0
2025-07-31,etfs_com_petroleo__max_sharpe,0.0
2025-08-31,etfs_com_petroleo__max_sharpe,0.0
2025-09-30,etfs_com_petroleo__max_sharpe,0.0
2025-10-31,etfs_com_petroleo__max_sharpe,0.0
2025-11-30,etfs_com_petroleo__max_sharpe,0.0
2025-12-31,etfs_com_petroleo__max_sharpe,0.0
2026-01-31,etfs_com_petroleo__max_sharpe,0.0
2026-02-28,etfs_com_petroleo__max_sharpe,0.0
2026-03-31,etfs_com_petroleo__max_sharpe,0.0
2026-04-30,etfs_com_petroleo__max_sharpe,0.0
2015-02-28,etfs_todos__max_sharpe,0.0
2015-03-31,etfs_todos__max_sharpe,0.0
2015-04-30,etfs_todos__max_sharpe,-0.0020603694089845748
2015-05-31,etfs_todos__max_sharpe,0.0
2015-06-30,etfs_todos__max_sharpe,-0.026748099819092208
2015-07-31,etfs_todos__max_sharpe,0.0
2015-08-31,etfs_todos__max_sharpe,-0.03578441665499521
2015-09-30,etfs_todos__max_sharpe,0.0
2015-10-31,etfs_todos__max_sharpe,0.0
2015-11-30,etfs_todos__max_sharpe,-0.01067825392438293
2015-12-31,etfs_todos__max_sharpe,-0.01722956059435321
2016-01-31,etfs_todos__max_sharpe,-0.06257508768929987
2016-02-29,etfs_todos__max_sharpe,-0.05509801567198391
2016-03-31,etfs_todos__max_sharpe,-0.01641612420513383
2016-04-30,etfs_todos__max_sharpe,-0.029159074880949487
2016-05-31,etfs_todos__max_sharpe,-0.024376724643695002
2016-06-30,etfs_todos__max_sharpe,-0.05988062037789332
2016-07-31,etfs_todos__max_sharpe,0.0
2016-08-31,etfs_todos__max_sharpe,-0.0030907423029595815
2016-09-30,etfs_todos__max_sharpe,0.0
2016-10-31,etfs_todos__max_sharpe,0.0
2016-11-30,etfs_todos__max_sharpe,0.0
2016-12-31,etfs_todos__max_sharpe,-0.04642070985811808
2017-01-31,etfs_todos__max_sharpe,-0.00961891584417196
2017-02-28,etfs_todos__max_sharpe,0.0
2017-03-31,etfs_todos__max_sharpe,0.0
2017-04-30,etfs_todos__max_sharpe,0.0
2017-05-31,etfs_todos__max_sharpe,0.0
2017-06-30,etfs_todos__max_sharpe,0.0
2017-07-31,etfs_todos__max_sharpe,0.0
2017-08-31,etfs_todos__max_sharpe,0.0
2017-09-30,etfs_todos__max_sharpe,0.0
2017-10-31,etfs_todos__max_sharpe,0.0
2017-11-30,etfs_todos__max_sharpe,-0.014703768328369615
2017-12-31,etfs_todos__max_sharpe,0.0
2018-01-31,etfs_todos__max_sharpe,0.0
2018-02-28,etfs_todos__max_sharpe,0.0
2018-03-31,etfs_todos__max_sharpe,0.0
2018-04-30,etfs_todos__max_sharpe,0.0
2018-05-31,etfs_todos__max_sharpe,0.0
2018-06-30,etfs_todos__max_sharpe,0.0
2018-07-31,etfs_todos__max_sharpe,0.0
2018-08-31,etfs_todos__max_sharpe,0.0
2018-09-30,etfs_todos__max_sharpe,-0.01044680773187645
2018-10-31,etfs_todos__max_sharpe,-0.08080129838433991
2018-11-30,etfs_todos__max_sharpe,-0.04625381403971873
2018-12-31,etfs_todos__max_sharpe,-0.09323399109712571
2019-01-31,etfs_todos__max_sharpe,-0.036028534886143326
2019-02-28,etfs_todos__max_sharpe,-0.015855202499323928
2019-03-31,etfs_todos__max_sharpe,0.0
2019-04-30,etfs_todos__max_sharpe,0.0
2019-05-31,etfs_todos__max_sharpe,-0.034240714133838224
2019-06-30,etfs_todos__max_sharpe,0.0
2019-07-31,etfs_todos__max_sharpe,0.0
2019-08-31,etfs_todos__max_sharpe,0.0
2019-09-30,etfs_todos__max_sharpe,0.0
2019-10-31,etfs_todos__max_sharpe,0.0
2019-11-30,etfs_todos__max_sharpe,0.0
2019-12-31,etfs_todos__max_sharpe,0.0
2020-01-31,etfs_todos__max_sharpe,0.0
2020-02-29,etfs_todos__max_sharpe,-0.026753535572781595
2020-03-31,etfs_todos__max_sharpe,-0.10894278312882788
2020-04-30,etfs_todos__max_sharpe,0.0
2020-05-31,etfs_todos__max_sharpe,0.0
2020-06-30,etfs_todos__max_sharpe,0.0
2020-07-31,etfs_todos__max_sharpe,0.0
2020-08-31,etfs_todos__max_sharpe,0.0
2020-09-30,etfs_todos__max_sharpe,-0.017539797430884074
2020-10-31,etfs_todos__max_sharpe,-0.014323338692735277
2020-11-30,etfs_todos__max_sharpe,0.0
2020-12-31,etfs_todos__max_sharpe,0.0
2021-01-31,etfs_todos__max_sharpe,0.0
2021-02-28,etfs_todos__max_sharpe,0.0
2021-03-31,etfs_todos__max_sharpe,0.0
2021-04-30,etfs_todos__max_sharpe,-0.004988466915977541
2021-05-31,etfs_todos__max_sharpe,-0.004331744939085169
2021-06-30,etfs_todos__max_sharpe,-0.007565872410197572
2021-07-31,etfs_todos__max_sharpe,0.0
2021-08-31,etfs_todos__max_sharpe,0.0
2021-09-30,etfs_todos__max_sharpe,-0.0334186120432447
2021-10-31,etfs_todos__max_sharpe,0.0
2021-11-30,etfs_todos__max_sharpe,-0.004328687274300358
2021-12-31,etfs_todos__max_sharpe,0.0
2022-01-31,etfs_todos__max_sharpe,-0.04036493204471181
2022-02-28,etfs_todos__max_sharpe,-0.07871969405895185
2022-03-31,etfs_todos__max_sharpe,-0.08594553714105424
2022-04-30,etfs_todos__max_sharpe,-0.17445147504683067
2022-05-31,etfs_todos__max_sharpe,-0.18850045043453767
2022-06-30,etfs_todos__max_sharpe,-0.23332406398292405
2022-07-31,etfs_todos__max_sharpe,-0.1708730325245601
2022-08-31,etfs_todos__max_sharpe,-0.17524214495110824
2022-09-30,etfs_todos__max_sharpe,-0.2049540954545156
2022-10-31,etfs_todos__max_sharpe,-0.18669439196072857
2022-11-30,etfs_todos__max_sharpe,-0.14901601519915908
2022-12-31,etfs_todos__max_sharpe,-0.1943858308033447
2023-01-31,etfs_todos__max_sharpe,-0.14148071243155658
2023-02-28,etfs_todos__max_sharpe,-0.1618931743713281
2023-03-31,etfs_todos__max_sharpe,-0.1426355598578375
2023-04-30,etfs_todos__max_sharpe,-0.14992281333151813
2023-05-31,etfs_todos__max_sharpe,-0.09471977262161302
2023-06-30,etfs_todos__max_sharpe,-0.05224501685673788
2023-07-31,etfs_todos__max_sharpe,-0.03854518392714412
2023-08-31,etfs_todos__max_sharpe,-0.045483089717609504
2023-09-30,etfs_todos__max_sharpe,-0.05795865486295548
2023-10-31,etfs_todos__max_sharpe,-0.08251520721226757
2023-11-30,etfs_todos__max_sharpe,0.0
2023-12-31,etfs_todos__max_sharpe,0.0
2024-01-31,etfs_todos__max_sharpe,0.0
2024-02-29,etfs_todos__max_sharpe,0.0
2024-03-31,etfs_todos__max_sharpe,0.0
2024-04-30,etfs_todos__max_sharpe,-0.009096533308319166
2024-05-31,etfs_todos__max_sharpe,0.0
2024-06-30,etfs_todos__max_sharpe,0.0
2024-07-31,etfs_todos__max_sharpe,0.0
2024-08-31,etfs_todos__max_sharpe,0.0
2024-09-30,etfs_todos__max_sharpe,-0.021127279124317222
2024-10-31,etfs_todos__max_sharpe,0.0
2024-11-30,etfs_todos__max_sharpe,0.0
2024-12-31,etfs_todos__max_sharpe,0.0
2025-01-31,etfs_todos__max_sharpe,-0.0037606172781434744
2025-02-28,etfs_todos__max_sharpe,-0.032400845234954456
2025-03-31,etfs_todos__max_sharpe,-0.06291062614010168
2025-04-30,etfs_todos__max_sharpe,-0.05718788382505513
2025-05-31,etfs_todos__max_sharpe,0.0
2025-06-30,etfs_todos__max_sharpe,0.0
2025-07-31,etfs_todos__max_sharpe,0.0
2025-08-31,etfs_todos__max_sharpe,0.0
2025-09-30,etfs_todos__max_sharpe,0.0
2025-10-31,etfs_todos__max_sharpe,0.0
2025-11-30,etfs_todos__max_sharpe,0.0
2025-12-31,etfs_todos__max_sharpe,0.0
2026-01-31,etfs_todos__max_sharpe,0.0
2026-02-28,etfs_todos__max_sharpe,0.0
2026-03-31,etfs_todos__max_sharpe,-0.014250782582204358
2026-04-30,etfs_todos__max_sharpe,0.0
2015-02-28,etfs_exterior__max_sharpe,0.0
2015-03-31,etfs_exterior__max_sharpe,0.0
2015-04-30,etfs_exterior__max_sharpe,-0.05157090573022183
2015-05-31,etfs_exterior__max_sharpe,0.0
2015-06-30,etfs_exterior__max_sharpe,-0.04619557224372328
2015-07-31,etfs_exterior__max_sharpe,0.0
2015-08-31,etfs_exterior__max_sharpe,-0.0029451458580300738
2015-09-30,etfs_exterior__max_sharpe,0.0
2015-10-31,etfs_exterior__max_sharpe,0.0
2015-11-30,etfs_exterior__max_sharpe,-0.01763819795093524
2015-12-31,etfs_exterior__max_sharpe,-0.017342073325565477
2016-01-31,etfs_exterior__max_sharpe,-0.043976582738082026
2016-02-29,etfs_exterior__max_sharpe,-0.04877008702356744
2016-03-31,etfs_exterior__max_sharpe,-0.0785663288760291
2016-04-30,etfs_exterior__max_sharpe,-0.11455750228253059
2016-05-31,etfs_exterior__max_sharpe,-0.06960333207656288
2016-06-30,etfs_exterior__max_sharpe,-0.1364655913754722
2016-07-31,etfs_exterior__max_sharpe,-0.07890936023283934
2016-08-31,etfs_exterior__max_sharpe,-0.08742999612287028
2016-09-30,etfs_exterior__max_sharpe,-0.04586935958771077
2016-10-31,etfs_exterior__max_sharpe,-0.06973716592126122
2016-11-30,etfs_exterior__max_sharpe,-0.00289831063601953
2016-12-31,etfs_exterior__max_sharpe,-0.060650522917342964
2017-01-31,etfs_exterior__max_sharpe,-0.037588953949478365
2017-02-28,etfs_exterior__max_sharpe,-0.014589327572901323
2017-03-31,etfs_exterior__max_sharpe,0.0
2017-04-30,etfs_exterior__max_sharpe,0.0
2017-05-31,etfs_exterior__max_sharpe,0.0
2017-06-30,etfs_exterior__max_sharpe,0.0
2017-07-31,etfs_exterior__max_sharpe,-0.009972536393458187
2017-08-31,etfs_exterior__max_sharpe,-0.003949022323129103
2017-09-30,etfs_exterior__max_sharpe,0.0
2017-10-31,etfs_exterior__max_sharpe,0.0
2017-11-30,etfs_exterior__max_sharpe,-0.008430658951972037
2017-12-31,etfs_exterior__max_sharpe,0.0
2018-01-31,etfs_exterior__max_sharpe,0.0
2018-02-28,etfs_exterior__max_sharpe,-0.012417438473276476
2018-03-31,etfs_exterior__max_sharpe,-0.0034774532574338712
2018-04-30,etfs_exterior__max_sharpe,0.0
2018-05-31,etfs_exterior__max_sharpe,0.0
2018-06-30,etfs_exterior__max_sharpe,0.0
2018-07-31,etfs_exterior__max_sharpe,0.0
2018-08-31,etfs_exterior__max_sharpe,0.0
2018-09-30,etfs_exterior__max_sharpe,-0.029866106529170322
2018-10-31,etfs_exterior__max_sharpe,-0.1859432465959081
2018-11-30,etfs_exterior__max_sharpe,-0.14923436130848844
2018-12-31,etfs_exterior__max_sharpe,-0.20253432722985787
2019-01-31,etfs_exterior__max_sharpe,-0.16308401435828768
2019-02-28,etfs_exterior__max_sharpe,-0.13935460948133782
2019-03-31,etfs_exterior__max_sharpe,-0.07738209319171019
2019-04-30,etfs_exterior__max_sharpe,-0.046778396386426224
2019-05-31,etfs_exterior__max_sharpe,-0.08201390613972526
2019-06-30,etfs_exterior__max_sharpe,-0.041110179555136406
2019-07-31,etfs_exterior__max_sharpe,-0.03572259375400655
2019-08-31,etfs_exterior__max_sharpe,-0.03114266257501641
2019-09-30,etfs_exterior__max_sharpe,-0.012594519859759568
2019-10-31,etfs_exterior__max_sharpe,-0.027831408774101285
2019-11-30,etfs_exterior__max_sharpe,0.0
2019-12-31,etfs_exterior__max_sharpe,0.0
2020-01-31,etfs_exterior__max_sharpe,0.0
2020-02-29,etfs_exterior__max_sharpe,-0.00983693288537446
2020-03-31,etfs_exterior__max_sharpe,-0.02639845994620693
2020-04-30,etfs_exterior__max_sharpe,0.0
2020-05-31,etfs_exterior__max_sharpe,0.0
2020-06-30,etfs_exterior__max_sharpe,0.0
2020-07-31,etfs_exterior__max_sharpe,0.0
2020-08-31,etfs_exterior__max_sharpe,0.0
2020-09-30,etfs_exterior__max_sharpe,-0.008069239125970906
2020-10-31,etfs_exterior__max_sharpe,0.0
2020-11-30,etfs_exterior__max_sharpe,0.0
2020-12-31,etfs_exterior__max_sharpe,0.0
2021-01-31,etfs_exterior__max_sharpe,0.0
2021-02-28,etfs_exterior__max_sharpe,0.0
2021-03-31,etfs_exterior__max_sharpe,0.0
2021-04-30,etfs_exterior__max_sharpe,-0.024349206469206353
2021-05-31,etfs_exterior__max_sharpe,-0.04678028917685795
2021-06-30,etfs_exterior__max_sharpe,-0.06278544531049701
2021-07-31,etfs_exterior__max_sharpe,-0.031369675646789275
2021-08-31,etfs_exterior__max_sharpe,0.0
2021-09-30,etfs_exterior__max_sharpe,-0.009858395468741898
2021-10-31,etfs_exterior__max_sharpe,0.0
2021-11-30,etfs_exterior__max_sharpe,-0.021198809222876647
2021-12-31,etfs_exterior__max_sharpe,0.0
2022-01-31,etfs_exterior__max_sharpe,-0.07099840176872951
2022-02-28,etfs_exterior__max_sharpe,-0.11418345085615922
2022-03-31,etfs_exterior__max_sharpe,-0.1492040385252097
2022-04-30,etfs_exterior__max_sharpe,-0.21590889736434538
2022-05-31,etfs_exterior__max_sharpe,-0.24334629405984265
2022-06-30,etfs_exterior__max_sharpe,-0.2768562150089402
2022-07-31,etfs_exterior__max_sharpe,-0.20904245181886372
2022-08-31,etfs_exterior__max_sharpe,-0.22578198494462443
2022-09-30,etfs_exterior__max_sharpe,-0.26425792938683323
2022-10-31,etfs_exterior__max_sharpe,-0.2486125988490887
2022-11-30,etfs_exterior__max_sharpe,-0.17837451249773617
2022-12-31,etfs_exterior__max_sharpe,-0.2163107515573479
2023-01-31,etfs_exterior__max_sharpe,-0.14714028729098882
2023-02-28,etfs_exterior__max_sharpe,-0.14854204984588804
2023-03-31,etfs_exterior__max_sharpe,-0.12518616195516052
2023-04-30,etfs_exterior__max_sharpe,-0.14887142885230553
2023-05-31,etfs_exterior__max_sharpe,-0.1001308973450451
2023-06-30,etfs_exterior__max_sharpe,-0.06900205893149847
2023-07-31,etfs_exterior__max_sharpe,-0.06534240630511523
2023-08-31,etfs_exterior__max_sharpe,-0.047455113342176
2023-09-30,etfs_exterior__max_sharpe,-0.0747624779478464
2023-10-31,etfs_exterior__max_sharpe,-0.10449792528172064
2023-11-30,etfs_exterior__max_sharpe,0.0
2023-12-31,etfs_exterior__max_sharpe,0.0
2024-01-31,etfs_exterior__max_sharpe,0.0
2024-02-29,etfs_exterior__max_sharpe,0.0
2024-03-31,etfs_exterior__max_sharpe,0.0
2024-04-30,etfs_exterior__max_sharpe,0.0
2024-05-31,etfs_exterior__max_sharpe,0.0
2024-06-30,etfs_exterior__max_sharpe,0.0
2024-07-31,etfs_exterior__max_sharpe,0.0
2024-08-31,etfs_exterior__max_sharpe,0.0
2024-09-30,etfs_exterior__max_sharpe,-0.021300587287785056
2024-10-31,etfs_exterior__max_sharpe,0.0
2024-11-30,etfs_exterior__max_sharpe,0.0
2024-12-31,etfs_exterior__max_sharpe,0.0
2025-01-31,etfs_exterior__max_sharpe,-0.03025250765116927
2025-02-28,etfs_exterior__max_sharpe,-0.05776263164693929
2025-03-31,etfs_exterior__max_sharpe,-0.12113014224672058
2025-04-30,etfs_exterior__max_sharpe,-0.13269573100172471
2025-05-31,etfs_exterior__max_sharpe,-0.05501191168393382
2025-06-30,etfs_exterior__max_sharpe,-0.0466532625746382
2025-07-31,etfs_exterior__max_sharpe,-0.018623994982558956
2025-08-31,etfs_exterior__max_sharpe,-0.04569852148731324
2025-09-30,etfs_exterior__max_sharpe,-0.04700021591547021
2025-10-31,etfs_exterior__max_sharpe,0.0
2025-11-30,etfs_exterior__max_sharpe,-0.02159454667928884
2025-12-31,etfs_exterior__max_sharpe,0.0
2026-01-31,etfs_exterior__max_sharpe,-0.004291792336246658
2026-02-28,etfs_exterior__max_sharpe,-0.007904364386108531
2026-03-31,etfs_exterior__max_sharpe,-0.006113621700284622
2026-04-30,etfs_exterior__max_sharpe,0.0
2015-02-28,etfs_com_petroleo__min_vol,0.0
2015-03-31,etfs_com_petroleo__min_vol,0.0
2015-04-30,etfs_com_petroleo__min_vol,0.0
2015-05-31,etfs_com_petroleo__min_vol,0.0
2015-06-30,etfs_com_petroleo__min_vol,-0.02226398975411603
2015-07-31,etfs_com_petroleo__min_vol,0.0
2015-08-31,etfs_com_petroleo__min_vol,-0.040653251615770936
2015-09-30,etfs_com_petroleo__min_vol,-0.001874676336735881
2015-10-31,etfs_com_petroleo__min_vol,0.0
2015-11-30,etfs_com_petroleo__min_vol,-0.013965726945135759
2015-12-31,etfs_com_petroleo__min_vol,-0.023426171274791296
2016-01-31,etfs_com_petroleo__min_vol,-0.07282967911920102
2016-02-29,etfs_com_petroleo__min_vol,-0.08612632338179071
2016-03-31,etfs_com_petroleo__min_vol,-0.049272270778694005
2016-04-30,etfs_com_petroleo__min_vol,-0.03474497329806514
2016-05-31,etfs_com_petroleo__min_vol,-0.04128640894078428
2016-06-30,etfs_com_petroleo__min_vol,-0.08138055737470251
2016-07-31,etfs_com_petroleo__min_vol,-0.014903914461797174
2016-08-31,etfs_com_petroleo__min_vol,-0.012060181874872233
2016-09-30,etfs_com_petroleo__min_vol,0.0
2016-10-31,etfs_com_petroleo__min_vol,0.0
2016-11-30,etfs_com_petroleo__min_vol,0.0
2016-12-31,etfs_com_petroleo__min_vol,-0.05329583027915219
2017-01-31,etfs_com_petroleo__min_vol,-0.03096045365114586
2017-02-28,etfs_com_petroleo__min_vol,-0.010494299952985897
2017-03-31,etfs_com_petroleo__min_vol,-0.007220348373227603
2017-04-30,etfs_com_petroleo__min_vol,0.0
2017-05-31,etfs_com_petroleo__min_vol,0.0
2017-06-30,etfs_com_petroleo__min_vol,0.0
2017-07-31,etfs_com_petroleo__min_vol,0.0
2017-08-31,etfs_com_petroleo__min_vol,0.0
2017-09-30,etfs_com_petroleo__min_vol,0.0
2017-10-31,etfs_com_petroleo__min_vol,0.0
2017-11-30,etfs_com_petroleo__min_vol,-0.003461520059534373
2017-12-31,etfs_com_petroleo__min_vol,0.0
2018-01-31,etfs_com_petroleo__min_vol,0.0
2018-02-28,etfs_com_petroleo__min_vol,-0.00870083630811358
2018-03-31,etfs_com_petroleo__min_vol,0.0
2018-04-30,etfs_com_petroleo__min_vol,0.0
2018-05-31,etfs_com_petroleo__min_vol,0.0
2018-06-30,etfs_com_petroleo__min_vol,-0.005014964675336908
2018-07-31,etfs_com_petroleo__min_vol,0.0
2018-08-31,etfs_com_petroleo__min_vol,0.0
2018-09-30,etfs_com_petroleo__min_vol,0.0
2018-10-31,etfs_com_petroleo__min_vol,-0.06828295762246472
2018-11-30,etfs_com_petroleo__min_vol,-0.028111762014571107
2018-12-31,etfs_com_petroleo__min_vol,-0.0707025341196087
2019-01-31,etfs_com_petroleo__min_vol,-0.014588975290366402
2019-02-28,etfs_com_petroleo__min_vol,0.0
2019-03-31,etfs_com_petroleo__min_vol,0.0
2019-04-30,etfs_com_petroleo__min_vol,0.0
2019-05-31,etfs_com_petroleo__min_vol,-0.033760646460076926
2019-06-30,etfs_com_petroleo__min_vol,-0.012291656296152587
2019-07-31,etfs_com_petroleo__min_vol,-0.02032910969123325
2019-08-31,etfs_com_petroleo__min_vol,0.0
2019-09-30,etfs_com_petroleo__min_vol,0.0
2019-10-31,etfs_com_petroleo__min_vol,0.0
2019-11-30,etfs_com_petroleo__min_vol,0.0
2019-12-31,etfs_com_petroleo__min_vol,0.0
2020-01-31,etfs_com_petroleo__min_vol,0.0
2020-02-29,etfs_com_petroleo__min_vol,-0.03613922875334541
2020-03-31,etfs_com_petroleo__min_vol,-0.14295626956356988
2020-04-30,etfs_com_petroleo__min_vol,-0.07559224009216026
2020-05-31,etfs_com_petroleo__min_vol,-0.00702337371706907
2020-06-30,etfs_com_petroleo__min_vol,0.0
2020-07-31,etfs_com_petroleo__min_vol,0.0
2020-08-31,etfs_com_petroleo__min_vol,0.0
2020-09-30,etfs_com_petroleo__min_vol,0.0
2020-10-31,etfs_com_petroleo__min_vol,-0.0013495431135699398
2020-11-30,etfs_com_petroleo__min_vol,0.0
2020-12-31,etfs_com_petroleo__min_vol,0.0
2021-01-31,etfs_com_petroleo__min_vol,0.0
2021-02-28,etfs_com_petroleo__min_vol,0.0
2021-03-31,etfs_com_petroleo__min_vol,0.0
2021-04-30,etfs_com_petroleo__min_vol,-0.0318634350854482
2021-05-31,etfs_com_petroleo__min_vol,-0.008674120773133454
2021-06-30,etfs_com_petroleo__min_vol,-0.04287649425304163
2021-07-31,etfs_com_petroleo__min_vol,-0.043945754009990456
2021-08-31,etfs_com_petroleo__min_vol,-0.035809677275666196
2021-09-30,etfs_com_petroleo__min_vol,-0.03553293498216714
2021-10-31,etfs_com_petroleo__min_vol,-0.022454127159273085
2021-11-30,etfs_com_petroleo__min_vol,-0.05842438604692024
2021-12-31,etfs_com_petroleo__min_vol,-0.033267704785493235
2022-01-31,etfs_com_petroleo__min_vol,-0.037545040140527286
2022-02-28,etfs_com_petroleo__min_vol,-0.06889756066028763
2022-03-31,etfs_com_petroleo__min_vol,-0.09278209684888705
2022-04-30,etfs_com_petroleo__min_vol,-0.1448574777344196
2022-05-31,etfs_com_petroleo__min_vol,-0.14007200133288067
2022-06-30,etfs_com_petroleo__min_vol,-0.1574360027197671
2022-07-31,etfs_com_petroleo__min_vol,-0.12600962301766616
2022-08-31,etfs_com_petroleo__min_vol,-0.13697429958016238
2022-09-30,etfs_com_petroleo__min_vol,-0.16123547074576638
2022-10-31,etfs_com_petroleo__min_vol,-0.15164523231888438
2022-11-30,etfs_com_petroleo__min_vol,-0.09356704442166652
2022-12-31,etfs_com_petroleo__min_vol,-0.10296845515176312
2023-01-31,etfs_com_petroleo__min_vol,-0.07480092688735018
2023-02-28,etfs_com_petroleo__min_vol,-0.11904146973605512
2023-03-31,etfs_com_petroleo__min_vol,-0.12272456810195909
2023-04-30,etfs_com_petroleo__min_vol,-0.12129738277165347
2023-05-31,etfs_com_petroleo__min_vol,-0.11884959094207681
2023-06-30,etfs_com_petroleo__min_vol,-0.08471007537745268
2023-07-31,etfs_com_petroleo__min_vol,-0.06781585593533523
2023-08-31,etfs_com_petroleo__min_vol,-0.08705455484246039
2023-09-30,etfs_com_petroleo__min_vol,-0.08264061696205782
2023-10-31,etfs_com_petroleo__min_vol,-0.10717881370538329
2023-11-30,etfs_com_petroleo__min_vol,-0.05786994354600261
2023-12-31,etfs_com_petroleo__min_vol,-0.02313193877375619
2024-01-31,etfs_com_petroleo__min_vol,-0.02966927812181941
2024-02-29,etfs_com_petroleo__min_vol,0.0
2024-03-31,etfs_com_petroleo__min_vol,0.0
2024-04-30,etfs_com_petroleo__min_vol,-0.004708347360301568
2024-05-31,etfs_com_petroleo__min_vol,0.0
2024-06-30,etfs_com_petroleo__min_vol,0.0
2024-07-31,etfs_com_petroleo__min_vol,0.0
2024-08-31,etfs_com_petroleo__min_vol,0.0
2024-09-30,etfs_com_petroleo__min_vol,-0.013209915375618109
2024-10-31,etfs_com_petroleo__min_vol,-0.004254348579891709
2024-11-30,etfs_com_petroleo__min_vol,0.0
2024-12-31,etfs_com_petroleo__min_vol,-0.009550450117143727
2025-01-31,etfs_com_petroleo__min_vol,-0.01259161033743128
2025-02-28,etfs_com_petroleo__min_vol,-0.014717790865155567
2025-03-31,etfs_com_petroleo__min_vol,-0.005268582077023298
2025-04-30,etfs_com_petroleo__min_vol,-0.004221893828623258
2025-05-31,etfs_com_petroleo__min_vol,0.0
2025-06-30,etfs_com_petroleo__min_vol,0.0
2025-07-31,etfs_com_petroleo__min_vol,0.0
2025-08-31,etfs_com_petroleo__min_vol,0.0
2025-09-30,etfs_com_petroleo__min_vol,0.0
2025-10-31,etfs_com_petroleo__min_vol,0.0
2025-11-30,etfs_com_petroleo__min_vol,0.0
2025-12-31,etfs_com_petroleo__min_vol,0.0
2026-01-31,etfs_com_petroleo__min_vol,0.0
2026-02-28,etfs_com_petroleo__min_vol,0.0
2026-03-31,etfs_com_petroleo__min_vol,-0.002648343752046256
2026-04-30,etfs_com_petroleo__min_vol,0.0
2015-02-28,etfs_com_btc_petroleo__min_vol,0.0
2015-03-31,etfs_com_btc_petroleo__min_vol,0.0
2015-04-30,etfs_com_btc_petroleo__min_vol,0.0
2015-05-31,etfs_com_btc_petroleo__min_vol,0.0
2015-06-30,etfs_com_btc_petroleo__min_vol,-0.022263979596283345
2015-07-31,etfs_com_btc_petroleo__min_vol,0.0
2015-08-31,etfs_com_btc_petroleo__min_vol,-0.04065324840070439
2015-09-30,etfs_com_btc_petroleo__min_vol,-0.0018746861601919296
2015-10-31,etfs_com_btc_petroleo__min_vol,0.0
2015-11-30,etfs_com_btc_petroleo__min_vol,-0.013965724082644182
2015-12-31,etfs_com_btc_petroleo__min_vol,-0.023426160116727934
2016-01-31,etfs_com_btc_petroleo__min_vol,-0.07282967769798887
2016-02-29,etfs_com_btc_petroleo__min_vol,-0.08612633627475363
2016-03-31,etfs_com_btc_petroleo__min_vol,-0.04927228323035293
2016-04-30,etfs_com_btc_petroleo__min_vol,-0.03474499650130913
2016-05-31,etfs_com_btc_petroleo__min_vol,-0.041286413341152794
2016-06-30,etfs_com_btc_petroleo__min_vol,-0.08138055961981527
2016-07-31,etfs_com_btc_petroleo__min_vol,-0.014903905473788837
2016-08-31,etfs_com_btc_petroleo__min_vol,-0.012060164160165199
2016-09-30,etfs_com_btc_petroleo__min_vol,0.0
2016-10-31,etfs_com_btc_petroleo__min_vol,0.0
2016-11-30,etfs_com_btc_petroleo__min_vol,0.0
2016-12-31,etfs_com_btc_petroleo__min_vol,-0.053295857041671946
2017-01-31,etfs_com_btc_petroleo__min_vol,-0.030960471036785897
2017-02-28,etfs_com_btc_petroleo__min_vol,-0.010494322424484448
2017-03-31,etfs_com_btc_petroleo__min_vol,-0.00722037748217208
2017-04-30,etfs_com_btc_petroleo__min_vol,0.0
2017-05-31,etfs_com_btc_petroleo__min_vol,0.0
2017-06-30,etfs_com_btc_petroleo__min_vol,0.0
2017-07-31,etfs_com_btc_petroleo__min_vol,0.0
2017-08-31,etfs_com_btc_petroleo__min_vol,0.0
2017-09-30,etfs_com_btc_petroleo__min_vol,0.0
2017-10-31,etfs_com_btc_petroleo__min_vol,0.0
2017-11-30,etfs_com_btc_petroleo__min_vol,-0.003461510680523139
2017-12-31,etfs_com_btc_petroleo__min_vol,0.0
2018-01-31,etfs_com_btc_petroleo__min_vol,0.0
2018-02-28,etfs_com_btc_petroleo__min_vol,-0.008700820129225573
2018-03-31,etfs_com_btc_petroleo__min_vol,0.0
2018-04-30,etfs_com_btc_petroleo__min_vol,0.0
2018-05-31,etfs_com_btc_petroleo__min_vol,0.0
2018-06-30,etfs_com_btc_petroleo__min_vol,-0.00501497566873077
2018-07-31,etfs_com_btc_petroleo__min_vol,0.0
2018-08-31,etfs_com_btc_petroleo__min_vol,0.0
2018-09-30,etfs_com_btc_petroleo__min_vol,0.0
2018-10-31,etfs_com_btc_petroleo__min_vol,-0.068282970321213
2018-11-30,etfs_com_btc_petroleo__min_vol,-0.028111769833275346
2018-12-31,etfs_com_btc_petroleo__min_vol,-0.07070254830063316
2019-01-31,etfs_com_btc_petroleo__min_vol,-0.014588986148812877
2019-02-28,etfs_com_btc_petroleo__min_vol,0.0
2019-03-31,etfs_com_btc_petroleo__min_vol,0.0
2019-04-30,etfs_com_btc_petroleo__min_vol,0.0
2019-05-31,etfs_com_btc_petroleo__min_vol,-0.03376064432164916
2019-06-30,etfs_com_btc_petroleo__min_vol,-0.01229165588153558
2019-07-31,etfs_com_btc_petroleo__min_vol,-0.020329107339421282
2019-08-31,etfs_com_btc_petroleo__min_vol,0.0
2019-09-30,etfs_com_btc_petroleo__min_vol,0.0
2019-10-31,etfs_com_btc_petroleo__min_vol,0.0
2019-11-30,etfs_com_btc_petroleo__min_vol,0.0
2019-12-31,etfs_com_btc_petroleo__min_vol,0.0
2020-01-31,etfs_com_btc_petroleo__min_vol,0.0
2020-02-29,etfs_com_btc_petroleo__min_vol,-0.03613921340508908
2020-03-31,etfs_com_btc_petroleo__min_vol,-0.14295621114813373
2020-04-30,etfs_com_btc_petroleo__min_vol,-0.07559221019634654
2020-05-31,etfs_com_btc_petroleo__min_vol,-0.007023315942966346
2020-06-30,etfs_com_btc_petroleo__min_vol,0.0
2020-07-31,etfs_com_btc_petroleo__min_vol,0.0
2020-08-31,etfs_com_btc_petroleo__min_vol,0.0
2020-09-30,etfs_com_btc_petroleo__min_vol,0.0
2020-10-31,etfs_com_btc_petroleo__min_vol,-0.001349528661501731
2020-11-30,etfs_com_btc_petroleo__min_vol,0.0
2020-12-31,etfs_com_btc_petroleo__min_vol,0.0
2021-01-31,etfs_com_btc_petroleo__min_vol,0.0
2021-02-28,etfs_com_btc_petroleo__min_vol,0.0
2021-03-31,etfs_com_btc_petroleo__min_vol,0.0
2021-04-30,etfs_com_btc_petroleo__min_vol,-0.03186346525778716
2021-05-31,etfs_com_btc_petroleo__min_vol,-0.008674156291471058
2021-06-30,etfs_com_btc_petroleo__min_vol,-0.042876529021631304
2021-07-31,etfs_com_btc_petroleo__min_vol,-0.043945803894722024
2021-08-31,etfs_com_btc_petroleo__min_vol,-0.03580973032784984
2021-09-30,etfs_com_btc_petroleo__min_vol,-0.03553295634735587
2021-10-31,etfs_com_btc_petroleo__min_vol,-0.022454194669754513
2021-11-30,etfs_com_btc_petroleo__min_vol,-0.05842445432125132
2021-12-31,etfs_com_btc_petroleo__min_vol,-0.033267794996771904
2022-01-31,etfs_com_btc_petroleo__min_vol,-0.03754514204494419
2022-02-28,etfs_com_btc_petroleo__min_vol,-0.06889765814096449
2022-03-31,etfs_com_btc_petroleo__min_vol,-0.0927822088086282
2022-04-30,etfs_com_btc_petroleo__min_vol,-0.14485759287606437
2022-05-31,etfs_com_btc_petroleo__min_vol,-0.1400721133639472
2022-06-30,etfs_com_btc_petroleo__min_vol,-0.15743609899991207
2022-07-31,etfs_com_btc_petroleo__min_vol,-0.12600972957298828
2022-08-31,etfs_com_btc_petroleo__min_vol,-0.13697439638401732
2022-09-30,etfs_com_btc_petroleo__min_vol,-0.16123556464051048
2022-10-31,etfs_com_btc_petroleo__min_vol,-0.1516453644765956
2022-11-30,etfs_com_btc_petroleo__min_vol,-0.09356717039850082
2022-12-31,etfs_com_btc_petroleo__min_vol,-0.10296856908642382
2023-01-31,etfs_com_btc_petroleo__min_vol,-0.07480103881543654
2023-02-28,etfs_com_btc_petroleo__min_vol,-0.11904159986994467
2023-03-31,etfs_com_btc_petroleo__min_vol,-0.1227246811709124
2023-04-30,etfs_com_btc_petroleo__min_vol,-0.12129751686503676
2023-05-31,etfs_com_btc_petroleo__min_vol,-0.11884970928921568
2023-06-30,etfs_com_btc_petroleo__min_vol,-0.08471019521277179
2023-07-31,etfs_com_btc_petroleo__min_vol,-0.06781597464410172
2023-08-31,etfs_com_btc_petroleo__min_vol,-0.08705467379707033
2023-09-30,etfs_com_btc_petroleo__min_vol,-0.0826407346664616
2023-10-31,etfs_com_btc_petroleo__min_vol,-0.10717892461107026
2023-11-30,etfs_com_btc_petroleo__min_vol,-0.057870073839126346
2023-12-31,etfs_com_btc_petroleo__min_vol,-0.023132080030730306
2024-01-31,etfs_com_btc_petroleo__min_vol,-0.029669404461638238
2024-02-29,etfs_com_btc_petroleo__min_vol,0.0
2024-03-31,etfs_com_btc_petroleo__min_vol,0.0
2024-04-30,etfs_com_btc_petroleo__min_vol,-0.004708372575168762
2024-05-31,etfs_com_btc_petroleo__min_vol,0.0
2024-06-30,etfs_com_btc_petroleo__min_vol,0.0
2024-07-31,etfs_com_btc_petroleo__min_vol,0.0
2024-08-31,etfs_com_btc_petroleo__min_vol,0.0
2024-09-30,etfs_com_btc_petroleo__min_vol,-0.013209908203874021
2024-10-31,etfs_com_btc_petroleo__min_vol,-0.004254346328091296
2024-11-30,etfs_com_btc_petroleo__min_vol,0.0
2024-12-31,etfs_com_btc_petroleo__min_vol,-0.00955044174269526
2025-01-31,etfs_com_btc_petroleo__min_vol,-0.012591617488492468
2025-02-28,etfs_com_btc_petroleo__min_vol,-0.014717805634373526
2025-03-31,etfs_com_btc_petroleo__min_vol,-0.0052685870555957415
2025-04-30,etfs_com_btc_petroleo__min_vol,-0.004221888989437428
2025-05-31,etfs_com_btc_petroleo__min_vol,0.0
2025-06-30,etfs_com_btc_petroleo__min_vol,0.0
2025-07-31,etfs_com_btc_petroleo__min_vol,0.0
2025-08-31,etfs_com_btc_petroleo__min_vol,0.0
2025-09-30,etfs_com_btc_petroleo__min_vol,0.0
2025-10-31,etfs_com_btc_petroleo__min_vol,0.0
2025-11-30,etfs_com_btc_petroleo__min_vol,0.0
2025-12-31,etfs_com_btc_petroleo__min_vol,0.0
2026-01-31,etfs_com_btc_petroleo__min_vol,0.0
2026-02-28,etfs_com_btc_petroleo__min_vol,0.0
2026-03-31,etfs_com_btc_petroleo__min_vol,-0.0026483352808578386
2026-04-30,etfs_com_btc_petroleo__min_vol,0.0
2015-02-28,etfs_todos__min_vol,0.0
2015-03-31,etfs_todos__min_vol,0.0
2015-04-30,etfs_todos__min_vol,0.0
2015-05-31,etfs_todos__min_vol,0.0
2015-06-30,etfs_todos__min_vol,-0.023788272724009407
2015-07-31,etfs_todos__min_vol,0.0
2015-08-31,etfs_todos__min_vol,-0.045187650089906994
2015-09-30,etfs_todos__min_vol,-0.0058732704911717
2015-10-31,etfs_todos__min_vol,0.0
2015-11-30,etfs_todos__min_vol,-0.00960775186209084
2015-12-31,etfs_todos__min_vol,-0.016641063806375755
2016-01-31,etfs_todos__min_vol,-0.06329160009437351
2016-02-29,etfs_todos__min_vol,-0.0749952877070248
2016-03-31,etfs_todos__min_vol,-0.03697906764313852
2016-04-30,etfs_todos__min_vol,-0.025173890833071644
2016-05-31,etfs_todos__min_vol,-0.03691069815114123
2016-06-30,etfs_todos__min_vol,-0.07636168299954915
2016-07-31,etfs_todos__min_vol,-0.004127949591764102
2016-08-31,etfs_todos__min_vol,-0.0023351276203011917
2016-09-30,etfs_todos__min_vol,0.0
2016-10-31,etfs_todos__min_vol,0.0
2016-11-30,etfs_todos__min_vol,0.0
2016-12-31,etfs_todos__min_vol,-0.051792851389910965
2017-01-31,etfs_todos__min_vol,-0.027468562735539992
2017-02-28,etfs_todos__min_vol,-0.006642278712605143
2017-03-31,etfs_todos__min_vol,0.0
2017-04-30,etfs_todos__min_vol,0.0
2017-05-31,etfs_todos__min_vol,0.0
2017-06-30,etfs_todos__min_vol,0.0
2017-07-31,etfs_todos__min_vol,0.0
2017-08-31,etfs_todos__min_vol,0.0
2017-09-30,etfs_todos__min_vol,0.0
2017-10-31,etfs_todos__min_vol,0.0
2017-11-30,etfs_todos__min_vol,-0.007663975562228531
2017-12-31,etfs_todos__min_vol,0.0
2018-01-31,etfs_todos__min_vol,0.0
2018-02-28,etfs_todos__min_vol,-0.011559777990020281
2018-03-31,etfs_todos__min_vol,-0.003581045990966647
2018-04-30,etfs_todos__min_vol,0.0
2018-05-31,etfs_todos__min_vol,0.0
2018-06-30,etfs_todos__min_vol,-0.010362139848778873
2018-07-31,etfs_todos__min_vol,0.0
2018-08-31,etfs_todos__min_vol,0.0
2018-09-30,etfs_todos__min_vol,0.0
2018-10-31,etfs_todos__min_vol,-0.06346382231696013
2018-11-30,etfs_todos__min_vol,-0.016235721307145012
2018-12-31,etfs_todos__min_vol,-0.05765795310901034
2019-01-31,etfs_todos__min_vol,-0.0037003846395061712
2019-02-28,etfs_todos__min_vol,0.0
2019-03-31,etfs_todos__min_vol,0.0
2019-04-30,etfs_todos__min_vol,0.0
2019-05-31,etfs_todos__min_vol,-0.030192101732274157
2019-06-30,etfs_todos__min_vol,-0.01004827338499581
2019-07-31,etfs_todos__min_vol,-0.018809005038837423
2019-08-31,etfs_todos__min_vol,0.0
2019-09-30,etfs_todos__min_vol,0.0
2019-10-31,etfs_todos__min_vol,0.0
2019-11-30,etfs_todos__min_vol,0.0
2019-12-31,etfs_todos__min_vol,0.0
2020-01-31,etfs_todos__min_vol,0.0
2020-02-29,etfs_todos__min_vol,-0.036826757326251514
2020-03-31,etfs_todos__min_vol,-0.1314095870869627
2020-04-30,etfs_todos__min_vol,-0.04417738223435885
2020-05-31,etfs_todos__min_vol,0.0
2020-06-30,etfs_todos__min_vol,0.0
2020-07-31,etfs_todos__min_vol,0.0
2020-08-31,etfs_todos__min_vol,0.0
2020-09-30,etfs_todos__min_vol,0.0
2020-10-31,etfs_todos__min_vol,0.0
2020-11-30,etfs_todos__min_vol,0.0
2020-12-31,etfs_todos__min_vol,0.0
2021-01-31,etfs_todos__min_vol,0.0
2021-02-28,etfs_todos__min_vol,0.0
2021-03-31,etfs_todos__min_vol,0.0
2021-04-30,etfs_todos__min_vol,-0.03132065538360562
2021-05-31,etfs_todos__min_vol,-0.00804589749006901
2021-06-30,etfs_todos__min_vol,-0.045510728594999605
2021-07-31,etfs_todos__min_vol,-0.04932221766397482
2021-08-31,etfs_todos__min_vol,-0.0392517312899775
2021-09-30,etfs_todos__min_vol,-0.04499893692555701
2021-10-31,etfs_todos__min_vol,-0.03284909492967847
2021-11-30,etfs_todos__min_vol,-0.064128318377348
2021-12-31,etfs_todos__min_vol,-0.04110654980281614
2022-01-31,etfs_todos__min_vol,-0.048205149696587735
2022-02-28,etfs_todos__min_vol,-0.08213605235067667
2022-03-31,etfs_todos__min_vol,-0.10907612321867743
2022-04-30,etfs_todos__min_vol,-0.1626368383719483
2022-05-31,etfs_todos__min_vol,-0.1604551641258527
2022-06-30,etfs_todos__min_vol,-0.1792903198184982
2022-07-31,etfs_todos__min_vol,-0.14755780619339087
2022-08-31,etfs_todos__min_vol,-0.1574984555432698
2022-09-30,etfs_todos__min_vol,-0.18088230240771896
2022-10-31,etfs_todos__min_vol,-0.16986551016826512
2022-11-30,etfs_todos__min_vol,-0.1087040949498086
2022-12-31,etfs_todos__min_vol,-0.11983730107958146
2023-01-31,etfs_todos__min_vol,-0.08826151508324809
2023-02-28,etfs_todos__min_vol,-0.13025874406632987
2023-03-31,etfs_todos__min_vol,-0.13439477358329943
2023-04-30,etfs_todos__min_vol,-0.1308838258243895
2023-05-31,etfs_todos__min_vol,-0.12781944784703447
2023-06-30,etfs_todos__min_vol,-0.09426280340506188
2023-07-31,etfs_todos__min_vol,-0.08054228115629147
2023-08-31,etfs_todos__min_vol,-0.10225239746844306
2023-09-30,etfs_todos__min_vol,-0.10018560371799268
2023-10-31,etfs_todos__min_vol,-0.1236537039736878
2023-11-30,etfs_todos__min_vol,-0.06883173909694307
2023-12-31,etfs_todos__min_vol,-0.032197455987183154
2024-01-31,etfs_todos__min_vol,-0.04319605033194285
2024-02-29,etfs_todos__min_vol,-0.014340759330444097
2024-03-31,etfs_todos__min_vol,-0.0008962029845835939
2024-04-30,etfs_todos__min_vol,-0.0027081916783547877
2024-05-31,etfs_todos__min_vol,0.0
2024-06-30,etfs_todos__min_vol,0.0
2024-07-31,etfs_todos__min_vol,0.0
2024-08-31,etfs_todos__min_vol,0.0
2024-09-30,etfs_todos__min_vol,-0.011792405839289866
2024-10-31,etfs_todos__min_vol,-0.007457598515633768
2024-11-30,etfs_todos__min_vol,0.0
2024-12-31,etfs_todos__min_vol,-0.013562354549564781
2025-01-31,etfs_todos__min_vol,-0.012831655376570272
2025-02-28,etfs_todos__min_vol,-0.01049862222949538
2025-03-31,etfs_todos__min_vol,-2.2065736694276694e-05
2025-04-30,etfs_todos__min_vol,0.0
2025-05-31,etfs_todos__min_vol,0.0
2025-06-30,etfs_todos__min_vol,0.0
2025-07-31,etfs_todos__min_vol,-0.001591408884708101
2025-08-31,etfs_todos__min_vol,0.0
2025-09-30,etfs_todos__min_vol,0.0
2025-10-31,etfs_todos__min_vol,0.0
2025-11-30,etfs_todos__min_vol,0.0
2025-12-31,etfs_todos__min_vol,0.0
2026-01-31,etfs_todos__min_vol,0.0
2026-02-28,etfs_todos__min_vol,0.0
2026-03-31,etfs_todos__min_vol,-0.02959298174089353
2026-04-30,etfs_todos__min_vol,-0.014727254479528717
2015-02-28,etfs_com_btc__min_vol,0.0
2015-03-31,etfs_com_btc__min_vol,0.0
2015-04-30,etfs_com_btc__min_vol,0.0
2015-05-31,etfs_com_btc__min_vol,0.0
2015-06-30,etfs_com_btc__min_vol,-0.02378826364774056
2015-07-31,etfs_com_btc__min_vol,0.0
2015-08-31,etfs_com_btc__min_vol,-0.04518765095281452
2015-09-30,etfs_com_btc__min_vol,-0.0058732846058504595
2015-10-31,etfs_com_btc__min_vol,0.0
2015-11-30,etfs_com_btc__min_vol,-0.009607747405022682
2015-12-31,etfs_com_btc__min_vol,-0.016641052381870747
2016-01-31,etfs_com_btc__min_vol,-0.06329159280622731
2016-02-29,etfs_com_btc__min_vol,-0.07499528430559765
2016-03-31,etfs_com_btc__min_vol,-0.03697905732090079
2016-04-30,etfs_com_btc__min_vol,-0.02517388635826634
2016-05-31,etfs_com_btc__min_vol,-0.036910687339023474
2016-06-30,etfs_com_btc__min_vol,-0.07636166522709464
2016-07-31,etfs_com_btc__min_vol,-0.004127916807836529
2016-08-31,etfs_com_btc__min_vol,-0.0023350920592570823
2016-09-30,etfs_com_btc__min_vol,0.0
2016-10-31,etfs_com_btc__min_vol,0.0
2016-11-30,etfs_com_btc__min_vol,0.0
2016-12-31,etfs_com_btc__min_vol,-0.051792866735735466
2017-01-31,etfs_com_btc__min_vol,-0.02746856938372877
2017-02-28,etfs_com_btc__min_vol,-0.006642287693508275
2017-03-31,etfs_com_btc__min_vol,0.0
2017-04-30,etfs_com_btc__min_vol,0.0
2017-05-31,etfs_com_btc__min_vol,0.0
2017-06-30,etfs_com_btc__min_vol,0.0
2017-07-31,etfs_com_btc__min_vol,0.0
2017-08-31,etfs_com_btc__min_vol,0.0
2017-09-30,etfs_com_btc__min_vol,0.0
2017-10-31,etfs_com_btc__min_vol,0.0
2017-11-30,etfs_com_btc__min_vol,-0.0076639713134828424
2017-12-31,etfs_com_btc__min_vol,0.0
2018-01-31,etfs_com_btc__min_vol,0.0
2018-02-28,etfs_com_btc__min_vol,-0.011559765156414104
2018-03-31,etfs_com_btc__min_vol,-0.0035810337427570893
2018-04-30,etfs_com_btc__min_vol,0.0
2018-05-31,etfs_com_btc__min_vol,0.0
2018-06-30,etfs_com_btc__min_vol,-0.010362150584079965
2018-07-31,etfs_com_btc__min_vol,0.0
2018-08-31,etfs_com_btc__min_vol,0.0
2018-09-30,etfs_com_btc__min_vol,0.0
2018-10-31,etfs_com_btc__min_vol,-0.06346381868810425
2018-11-30,etfs_com_btc__min_vol,-0.016235712101270394
2018-12-31,etfs_com_btc__min_vol,-0.05765794625690146
2019-01-31,etfs_com_btc__min_vol,-0.003700374881463797
2019-02-28,etfs_com_btc__min_vol,0.0
2019-03-31,etfs_com_btc__min_vol,0.0
2019-04-30,etfs_com_btc__min_vol,0.0
2019-05-31,etfs_com_btc__min_vol,-0.03019209330795003
2019-06-30,etfs_com_btc__min_vol,-0.010048266066527534
2019-07-31,etfs_com_btc__min_vol,-0.018808995097642334
2019-08-31,etfs_com_btc__min_vol,0.0
2019-09-30,etfs_com_btc__min_vol,0.0
2019-10-31,etfs_com_btc__min_vol,0.0
2019-11-30,etfs_com_btc__min_vol,0.0
2019-12-31,etfs_com_btc__min_vol,0.0
2020-01-31,etfs_com_btc__min_vol,0.0
2020-02-29,etfs_com_btc__min_vol,-0.03682675247592726
2020-03-31,etfs_com_btc__min_vol,-0.13140955811833133
2020-04-30,etfs_com_btc__min_vol,-0.04417735956995017
2020-05-31,etfs_com_btc__min_vol,0.0
2020-06-30,etfs_com_btc__min_vol,0.0
2020-07-31,etfs_com_btc__min_vol,0.0
2020-08-31,etfs_com_btc__min_vol,0.0
2020-09-30,etfs_com_btc__min_vol,0.0
2020-10-31,etfs_com_btc__min_vol,0.0
2020-11-30,etfs_com_btc__min_vol,0.0
2020-12-31,etfs_com_btc__min_vol,0.0
2021-01-31,etfs_com_btc__min_vol,0.0
2021-02-28,etfs_com_btc__min_vol,0.0
2021-03-31,etfs_com_btc__min_vol,0.0
2021-04-30,etfs_com_btc__min_vol,-0.031320671164934644
2021-05-31,etfs_com_btc__min_vol,-0.008045914457599501
2021-06-30,etfs_com_btc__min_vol,-0.04551074489860718
2021-07-31,etfs_com_btc__min_vol,-0.04932224095093274
2021-08-31,etfs_com_btc__min_vol,-0.039251756453354325
2021-09-30,etfs_com_btc__min_vol,-0.04499894765660639
2021-10-31,etfs_com_btc__min_vol,-0.03284913998515082
2021-11-30,etfs_com_btc__min_vol,-0.0641283589362146
2021-12-31,etfs_com_btc__min_vol,-0.04110660388974885
2022-01-31,etfs_com_btc__min_vol,-0.04820521067455352
2022-02-28,etfs_com_btc__min_vol,-0.08213610878741373
2022-03-31,etfs_com_btc__min_vol,-0.1090761817761442
2022-04-30,etfs_com_btc__min_vol,-0.16263690516055085
2022-05-31,etfs_com_btc__min_vol,-0.16045522892686936
2022-06-30,etfs_com_btc__min_vol,-0.17929038436202105
2022-07-31,etfs_com_btc__min_vol,-0.14755787084047356
2022-08-31,etfs_com_btc__min_vol,-0.15749851105787838
2022-09-30,etfs_com_btc__min_vol,-0.18088235271120834
2022-10-31,etfs_com_btc__min_vol,-0.1698655777794298
2022-11-30,etfs_com_btc__min_vol,-0.10870416729676935
2022-12-31,etfs_com_btc__min_vol,-0.11983736839334747
2023-01-31,etfs_com_btc__min_vol,-0.08826158177331755
2023-02-28,etfs_com_btc__min_vol,-0.130258822178572
2023-03-31,etfs_com_btc__min_vol,-0.13439484172093796
2023-04-30,etfs_com_btc__min_vol,-0.13088390439056874
2023-05-31,etfs_com_btc__min_vol,-0.12781951073393016
2023-06-30,etfs_com_btc__min_vol,-0.09426286369073156
2023-07-31,etfs_com_btc__min_vol,-0.08054234409075678
2023-08-31,etfs_com_btc__min_vol,-0.10225246116723086
2023-09-30,etfs_com_btc__min_vol,-0.10018566851608723
2023-10-31,etfs_com_btc__min_vol,-0.12365376380596471
2023-11-30,etfs_com_btc__min_vol,-0.06883180363659014
2023-12-31,etfs_com_btc__min_vol,-0.03219752189757752
2024-01-31,etfs_com_btc__min_vol,-0.043196107046956644
2024-02-29,etfs_com_btc__min_vol,-0.014340811712727941
2024-03-31,etfs_com_btc__min_vol,-0.0008962650150374785
2024-04-30,etfs_com_btc__min_vol,-0.002708273750002821
2024-05-31,etfs_com_btc__min_vol,0.0
2024-06-30,etfs_com_btc__min_vol,0.0
2024-07-31,etfs_com_btc__min_vol,0.0
2024-08-31,etfs_com_btc__min_vol,0.0
2024-09-30,etfs_com_btc__min_vol,-0.011792406723452498
2024-10-31,etfs_com_btc__min_vol,-0.007457605484551655
2024-11-30,etfs_com_btc__min_vol,0.0
2024-12-31,etfs_com_btc__min_vol,-0.013562353985866138
2025-01-31,etfs_com_btc__min_vol,-0.01283166224141341
2025-02-28,etfs_com_btc__min_vol,-0.010498637869838734
2025-03-31,etfs_com_btc__min_vol,-2.2074579587805232e-05
2025-04-30,etfs_com_btc__min_vol,0.0
2025-05-31,etfs_com_btc__min_vol,0.0
2025-06-30,etfs_com_btc__min_vol,0.0
2025-07-31,etfs_com_btc__min_vol,-0.0015914203662711346
2025-08-31,etfs_com_btc__min_vol,0.0
2025-09-30,etfs_com_btc__min_vol,0.0
2025-10-31,etfs_com_btc__min_vol,0.0
2025-11-30,etfs_com_btc__min_vol,0.0
2025-12-31,etfs_com_btc__min_vol,0.0
2026-01-31,etfs_com_btc__min_vol,0.0
2026-02-28,etfs_com_btc__min_vol,0.0
2026-03-31,etfs_com_btc__min_vol,-0.029592988923047292
2026-04-30,etfs_com_btc__min_vol,-0.014727261299076977
2015-02-28,etfs_america_norte__max_sharpe,0.0
2015-03-31,etfs_america_norte__max_sharpe,0.0
2015-04-30,etfs_america_norte__max_sharpe,-0.06059197236971503
2015-05-31,etfs_america_norte__max_sharpe,0.0
2015-06-30,etfs_america_norte__max_sharpe,-0.039752569103882696
2015-07-31,etfs_america_norte__max_sharpe,0.0
2015-08-31,etfs_america_norte__max_sharpe,-0.006587341954694681
2015-09-30,etfs_america_norte__max_sharpe,0.0
2015-10-31,etfs_america_norte__max_sharpe,0.0
2015-11-30,etfs_america_norte__max_sharpe,0.0
2015-12-31,etfs_america_norte__max_sharpe,-0.0005092229730492281
2016-01-31,etfs_america_norte__max_sharpe,-0.038263204315418076
2016-02-29,etfs_america_norte__max_sharpe,-0.07890616960272467
2016-03-31,etfs_america_norte__max_sharpe,-0.1030435135961082
2016-04-30,etfs_america_norte__max_sharpe,-0.14342380712929326
2016-05-31,etfs_america_norte__max_sharpe,-0.09060364522223541
2016-06-30,etfs_america_norte__max_sharpe,-0.18714798280817546
2016-07-31,etfs_america_norte__max_sharpe,-0.12773638829006684
2016-08-31,etfs_america_norte__max_sharpe,-0.12986209723891884
2016-09-30,etfs_america_norte__max_sharpe,-0.10243683481970256
2016-10-31,etfs_america_norte__max_sharpe,-0.13260903446644945
2016-11-30,etfs_america_norte__max_sharpe,-0.04912030251457966
2016-12-31,etfs_america_norte__max_sharpe,-0.09363573351270238
2017-01-31,etfs_america_norte__max_sharpe,-0.09536294636547038
2017-02-28,etfs_america_norte__max_sharpe,-0.07079388413085252
2017-03-31,etfs_america_norte__max_sharpe,-0.04409122940855015
2017-04-30,etfs_america_norte__max_sharpe,-0.016012552277615666
2017-05-31,etfs_america_norte__max_sharpe,0.0
2017-06-30,etfs_america_norte__max_sharpe,-0.005797309786808924
2017-07-31,etfs_america_norte__max_sharpe,-0.006693374421339993
2017-08-31,etfs_america_norte__max_sharpe,-0.003566281958188977
2017-09-30,etfs_america_norte__max_sharpe,0.0
2017-10-31,etfs_america_norte__max_sharpe,0.0
2017-11-30,etfs_america_norte__max_sharpe,0.0
2017-12-31,etfs_america_norte__max_sharpe,0.0
2018-01-31,etfs_america_norte__max_sharpe,0.0
2018-02-28,etfs_america_norte__max_sharpe,-0.006462922747875299
2018-03-31,etfs_america_norte__max_sharpe,-0.017181414052375388
2018-04-30,etfs_america_norte__max_sharpe,0.0
2018-05-31,etfs_america_norte__max_sharpe,0.0
2018-06-30,etfs_america_norte__max_sharpe,0.0
2018-07-31,etfs_america_norte__max_sharpe,-0.0088749948897483
2018-08-31,etfs_america_norte__max_sharpe,0.0
2018-09-30,etfs_america_norte__max_sharpe,-0.03160392924584399
2018-10-31,etfs_america_norte__max_sharpe,-0.18860971869115772
2018-11-30,etfs_america_norte__max_sharpe,-0.15818764361141147
2018-12-31,etfs_america_norte__max_sharpe,-0.231371089085312
2019-01-31,etfs_america_norte__max_sharpe,-0.20134324760275035
2019-02-28,etfs_america_norte__max_sharpe,-0.1680498115850676
2019-03-31,etfs_america_norte__max_sharpe,-0.09827022908672534
2019-04-30,etfs_america_norte__max_sharpe,-0.045027180191723803
2019-05-31,etfs_america_norte__max_sharpe,-0.11989662520246414
2019-06-30,etfs_america_norte__max_sharpe,-0.08977775043115777
2019-07-31,etfs_america_norte__max_sharpe,-0.08047870180235994
2019-08-31,etfs_america_norte__max_sharpe,-0.017741289099800994
2019-09-30,etfs_america_norte__max_sharpe,-0.006807947262213343
2019-10-31,etfs_america_norte__max_sharpe,-0.015383452459574287
2019-11-30,etfs_america_norte__max_sharpe,0.0
2019-12-31,etfs_america_norte__max_sharpe,-0.0007264182804480601
2020-01-31,etfs_america_norte__max_sharpe,0.0
2020-02-29,etfs_america_norte__max_sharpe,-0.021820976460571684
2020-03-31,etfs_america_norte__max_sharpe,0.0
2020-04-30,etfs_america_norte__max_sharpe,0.0
2020-05-31,etfs_america_norte__max_sharpe,0.0
2020-06-30,etfs_america_norte__max_sharpe,0.0
2020-07-31,etfs_america_norte__max_sharpe,0.0
2020-08-31,etfs_america_norte__max_sharpe,0.0
2020-09-30,etfs_america_norte__max_sharpe,-0.029891619400075786
2020-10-31,etfs_america_norte__max_sharpe,-0.03644593071817048
2020-11-30,etfs_america_norte__max_sharpe,0.0
2020-12-31,etfs_america_norte__max_sharpe,0.0
2021-01-31,etfs_america_norte__max_sharpe,0.0
2021-02-28,etfs_america_norte__max_sharpe,0.0
2021-03-31,etfs_america_norte__max_sharpe,0.0
2021-04-30,etfs_america_norte__max_sharpe,-0.02819021869162497
2021-05-31,etfs_america_norte__max_sharpe,-0.047419042372087494
2021-06-30,etfs_america_norte__max_sharpe,-0.04527708284285814
2021-07-31,etfs_america_norte__max_sharpe,-0.009914333212350135
2021-08-31,etfs_america_norte__max_sharpe,0.0
2021-09-30,etfs_america_norte__max_sharpe,0.0
2021-10-31,etfs_america_norte__max_sharpe,0.0
2021-11-30,etfs_america_norte__max_sharpe,0.0
2021-12-31,etfs_america_norte__max_sharpe,0.0
2022-01-31,etfs_america_norte__max_sharpe,-0.08083378965943644
2022-02-28,etfs_america_norte__max_sharpe,-0.1395830180593265
2022-03-31,etfs_america_norte__max_sharpe,-0.16174306686708995
2022-04-30,etfs_america_norte__max_sharpe,-0.23433151850401268
2022-05-31,etfs_america_norte__max_sharpe,-0.25485163989625925
2022-06-30,etfs_america_norte__max_sharpe,-0.270202863140942
2022-07-31,etfs_america_norte__max_sharpe,-0.1815504759504244
2022-08-31,etfs_america_norte__max_sharpe,-0.2230044371661466
2022-09-30,etfs_america_norte__max_sharpe,-0.26641086972074335
2022-10-31,etfs_america_norte__max_sharpe,-0.22917258785975636
2022-11-30,etfs_america_norte__max_sharpe,-0.19458509972589544
2022-12-31,etfs_america_norte__max_sharpe,-0.2575087738824643
2023-01-31,etfs_america_norte__max_sharpe,-0.21349903827760586
2023-02-28,etfs_america_norte__max_sharpe,-0.2114056606688065
2023-03-31,etfs_america_norte__max_sharpe,-0.16555599095348872
2023-04-30,etfs_america_norte__max_sharpe,-0.17766540116956164
2023-05-31,etfs_america_norte__max_sharpe,-0.1252536861615522
2023-06-30,etfs_america_norte__max_sharpe,-0.10241898533096461
2023-07-31,etfs_america_norte__max_sharpe,-0.08792966297263183
2023-08-31,etfs_america_norte__max_sharpe,-0.06551655306360593
2023-09-30,etfs_america_norte__max_sharpe,-0.07574101479340123
2023-10-31,etfs_america_norte__max_sharpe,-0.09768124161646197
2023-11-30,etfs_america_norte__max_sharpe,-0.043717216617837784
2023-12-31,etfs_america_norte__max_sharpe,-0.009381446480991373
2024-01-31,etfs_america_norte__max_sharpe,0.0
2024-02-29,etfs_america_norte__max_sharpe,0.0
2024-03-31,etfs_america_norte__max_sharpe,0.0
2024-04-30,etfs_america_norte__max_sharpe,-0.014062001784518663
2024-05-31,etfs_america_norte__max_sharpe,0.0
2024-06-30,etfs_america_norte__max_sharpe,0.0
2024-07-31,etfs_america_norte__max_sharpe,0.0
2024-08-31,etfs_america_norte__max_sharpe,0.0
2024-09-30,etfs_america_norte__max_sharpe,-0.017603953660489946
2024-10-31,etfs_america_norte__max_sharpe,0.0
2024-11-30,etfs_america_norte__max_sharpe,0.0
2024-12-31,etfs_america_norte__max_sharpe,0.0
2025-01-31,etfs_america_norte__max_sharpe,-0.028323064784541385
2025-02-28,etfs_america_norte__max_sharpe,-0.05061946738795464
2025-03-31,etfs_america_norte__max_sharpe,-0.11888471028861158
2025-04-30,etfs_america_norte__max_sharpe,-0.14812922059658473
2025-05-31,etfs_america_norte__max_sharpe,-0.07288348596226846
2025-06-30,etfs_america_norte__max_sharpe,-0.04827044163453709
2025-07-31,etfs_america_norte__max_sharpe,-0.007340511539619232
2025-08-31,etfs_america_norte__max_sharpe,-0.023080186861610397
2025-09-30,etfs_america_norte__max_sharpe,0.0
2025-10-31,etfs_america_norte__max_sharpe,0.0
2025-11-30,etfs_america_norte__max_sharpe,-0.014074266163284554
2025-12-31,etfs_america_norte__max_sharpe,0.0
2026-01-31,etfs_america_norte__max_sharpe,-0.021922866947218345
2026-02-28,etfs_america_norte__max_sharpe,-0.036885507951757934
2026-03-31,etfs_america_norte__max_sharpe,-0.03788343250615622
2026-04-30,etfs_america_norte__max_sharpe,-0.024774452021829374
2015-02-28,etfs_america_norte__min_vol,0.0
2015-03-31,etfs_america_norte__min_vol,0.0
2015-04-30,etfs_america_norte__min_vol,-0.0690714493890291
2015-05-31,etfs_america_norte__min_vol,0.0
2015-06-30,etfs_america_norte__min_vol,-0.035634185505475924
2015-07-31,etfs_america_norte__min_vol,0.0
2015-08-31,etfs_america_norte__min_vol,-0.0004909259879807282
2015-09-30,etfs_america_norte__min_vol,0.0
2015-10-31,etfs_america_norte__min_vol,0.0
2015-11-30,etfs_america_norte__min_vol,0.0
2015-12-31,etfs_america_norte__min_vol,0.0
2016-01-31,etfs_america_norte__min_vol,-0.021321349919864008
2016-02-29,etfs_america_norte__min_vol,-0.05009401953062298
2016-03-31,etfs_america_norte__min_vol,-0.07660264748959278
2016-04-30,etfs_america_norte__min_vol,-0.09290780590127723
2016-05-31,etfs_america_norte__min_vol,-0.05740813947494228
2016-06-30,etfs_america_norte__min_vol,-0.13893892951503062
2016-07-31,etfs_america_norte__min_vol,-0.10088677656445155
2016-08-31,etfs_america_norte__min_vol,-0.11038691809009482
2016-09-30,etfs_america_norte__min_vol,-0.0998664970732519
2016-10-31,etfs_america_norte__min_vol,-0.13197047238935788
2016-11-30,etfs_america_norte__min_vol,-0.023736935894339894
2016-12-31,etfs_america_norte__min_vol,-0.06241159955465403
2017-01-31,etfs_america_norte__min_vol,-0.08869688416200161
2017-02-28,etfs_america_norte__min_vol,-0.0660841093735467
2017-03-31,etfs_america_norte__min_vol,-0.05413011804652057
2017-04-30,etfs_america_norte__min_vol,-0.03949643549363413
2017-05-31,etfs_america_norte__min_vol,-0.009264882628815752
2017-06-30,etfs_america_norte__min_vol,0.0
2017-07-31,etfs_america_norte__min_vol,-0.017367663588060522
2017-08-31,etfs_america_norte__min_vol,-0.02768335082432416
2017-09-30,etfs_america_norte__min_vol,0.0
2017-10-31,etfs_america_norte__min_vol,0.0
2017-11-30,etfs_america_norte__min_vol,0.0
2017-12-31,etfs_america_norte__min_vol,0.0
2018-01-31,etfs_america_norte__min_vol,0.0
2018-02-28,etfs_america_norte__min_vol,-0.025001343522631947
2018-03-31,etfs_america_norte__min_vol,-0.02528289975509035
2018-04-30,etfs_america_norte__min_vol,0.0
2018-05-31,etfs_america_norte__min_vol,0.0
2018-06-30,etfs_america_norte__min_vol,0.0
2018-07-31,etfs_america_norte__min_vol,-0.0009589392129977226
2018-08-31,etfs_america_norte__min_vol,0.0
2018-09-30,etfs_america_norte__min_vol,-0.024851291964916644
2018-10-31,etfs_america_norte__min_vol,-0.16920646260705885
2018-11-30,etfs_america_norte__min_vol,-0.12181925533900995
2018-12-31,etfs_america_norte__min_vol,-0.19848719780737067
2019-01-31,etfs_america_norte__min_vol,-0.17422385159954668
2019-02-28,etfs_america_norte__min_vol,-0.1378434963441555
2019-03-31,etfs_america_norte__min_vol,-0.08173695288162353
2019-04-30,etfs_america_norte__min_vol,-0.03774578583385857
2019-05-31,etfs_america_norte__min_vol,-0.09691520290124578
2019-06-30,etfs_america_norte__min_vol,-0.07113474972869682
2019-07-31,etfs_america_norte__min_vol,-0.06739868983868014
2019-08-31,etfs_america_norte__min_vol,-0.00020853687339872362
2019-09-30,etfs_america_norte__min_vol,0.0
2019-10-31,etfs_america_norte__min_vol,-0.025276628130660783
2019-11-30,etfs_america_norte__min_vol,0.0
2019-12-31,etfs_america_norte__min_vol,-0.009392225305638546
2020-01-31,etfs_america_norte__min_vol,0.0
2020-02-29,etfs_america_norte__min_vol,-0.03662803616172583
2020-03-31,etfs_america_norte__min_vol,-0.05555586770509935
2020-04-30,etfs_america_norte__min_vol,0.0
2020-05-31,etfs_america_norte__min_vol,0.0
2020-06-30,etfs_america_norte__min_vol,0.0
2020-07-31,etfs_america_norte__min_vol,-0.0030150210985419035
2020-08-31,etfs_america_norte__min_vol,0.0
2020-09-30,etfs_america_norte__min_vol,-0.009232682582164697
2020-10-31,etfs_america_norte__min_vol,-0.01079326748630427
2020-11-30,etfs_america_norte__min_vol,0.0
2020-12-31,etfs_america_norte__min_vol,0.0
2021-01-31,etfs_america_norte__min_vol,0.0
2021-02-28,etfs_america_norte__min_vol,0.0
2021-03-31,etfs_america_norte__min_vol,0.0
2021-04-30,etfs_america_norte__min_vol,-0.03202915481765023
2021-05-31,etfs_america_norte__min_vol,-0.037366703745018603
2021-06-30,etfs_america_norte__min_vol,-0.06661487065374394
2021-07-31,etfs_america_norte__min_vol,-0.033021357613622904
2021-08-31,etfs_america_norte__min_vol,0.0
2021-09-30,etfs_america_norte__min_vol,0.0
2021-10-31,etfs_america_norte__min_vol,0.0
2021-11-30,etfs_america_norte__min_vol,-0.0212245805502429
2021-12-31,etfs_america_norte__min_vol,0.0
2022-01-31,etfs_america_norte__min_vol,-0.05797363400592437
2022-02-28,etfs_america_norte__min_vol,-0.1086247479451431
2022-03-31,etfs_america_norte__min_vol,-0.13900395875794358
2022-04-30,etfs_america_norte__min_vol,-0.17868437730632014
2022-05-31,etfs_america_norte__min_vol,-0.19150669013104293
2022-06-30,etfs_america_norte__min_vol,-0.20139448209925215
2022-07-31,etfs_america_norte__min_vol,-0.1270785452353952
2022-08-31,etfs_america_norte__min_vol,-0.16497450516130263
2022-09-30,etfs_america_norte__min_vol,-0.20194285428245407
2022-10-31,etfs_america_norte__min_vol,-0.13719807298245457
2022-11-30,etfs_america_norte__min_vol,-0.0975090269131279
2022-12-31,etfs_america_norte__min_vol,-0.14367947430425043
2023-01-31,etfs_america_norte__min_vol,-0.12279745603858039
2023-02-28,etfs_america_norte__min_vol,-0.13579997326048554
2023-03-31,etfs_america_norte__min_vol,-0.1262706107667848
2023-04-30,etfs_america_norte__min_vol,-0.13131177541257522
2023-05-31,etfs_america_norte__min_vol,-0.12900379641966064
2023-06-30,etfs_america_norte__min_vol,-0.10510012414119618
2023-07-31,etfs_america_norte__min_vol,-0.09589998489311435
2023-08-31,etfs_america_norte__min_vol,-0.07552894063881632
2023-09-30,etfs_america_norte__min_vol,-0.08453297364011747
2023-10-31,etfs_america_norte__min_vol,-0.10631023210490143
2023-11-30,etfs_america_norte__min_vol,-0.06323561180256065
2023-12-31,etfs_america_norte__min_vol,-0.03663403062064219
2024-01-31,etfs_america_norte__min_vol,-0.0037811476575113634
2024-02-29,etfs_america_norte__min_vol,0.0
2024-03-31,etfs_america_norte__min_vol,0.0
2024-04-30,etfs_america_norte__min_vol,-0.011839595306800677
2024-05-31,etfs_america_norte__min_vol,0.0
2024-06-30,etfs_america_norte__min_vol,0.0
2024-07-31,etfs_america_norte__min_vol,0.0
2024-08-31,etfs_america_norte__min_vol,0.0
2024-09-30,etfs_america_norte__min_vol,-0.020700963035548914
2024-10-31,etfs_america_norte__min_vol,0.0
2024-11-30,etfs_america_norte__min_vol,0.0
2024-12-31,etfs_america_norte__min_vol,-0.007017623844467469
2025-01-31,etfs_america_norte__min_vol,-0.03088406293572732
2025-02-28,etfs_america_norte__min_vol,-0.04258397593510255
2025-03-31,etfs_america_norte__min_vol,-0.09733977506812153
2025-04-30,etfs_america_norte__min_vol,-0.14149259733540653
2025-05-31,etfs_america_norte__min_vol,-0.0858430784633234
2025-06-30,etfs_america_norte__min_vol,-0.07085244110532452
2025-07-31,etfs_america_norte__min_vol,-0.03197562115485142
2025-08-31,etfs_america_norte__min_vol,-0.03894110267085604
2025-09-30,etfs_america_norte__min_vol,-0.026257066710571708
2025-10-31,etfs_america_norte__min_vol,0.0
2025-11-30,etfs_america_norte__min_vol,0.0
2025-12-31,etfs_america_norte__min_vol,0.0
2026-01-31,etfs_america_norte__min_vol,-0.02280440400519146
2026-02-28,etfs_america_norte__min_vol,-0.02799790152970716
2026-03-31,etfs_america_norte__min_vol,-0.03340769611913541
2026-04-30,etfs_america_norte__min_vol,-0.03546593368125983
2015-02-28,etfs_asia__max_sharpe,0.0
2015-03-31,etfs_asia__max_sharpe,0.0
2015-04-30,etfs_asia__max_sharpe,-0.04753662569580963
2015-05-31,etfs_asia__max_sharpe,0.0
2015-06-30,etfs_asia__max_sharpe,-0.043173058905092154
2015-07-31,etfs_asia__max_sharpe,-0.017844645626648892
2015-08-31,etfs_asia__max_sharpe,-0.0465165203558503
2015-09-30,etfs_asia__max_sharpe,0.0
2015-10-31,etfs_asia__max_sharpe,0.0
2015-11-30,etfs_asia__max_sharpe,-0.020775361376072277
2015-12-31,etfs_asia__max_sharpe,-0.015618342467218271
2016-01-31,etfs_asia__max_sharpe,-0.02662708782304124
2016-02-29,etfs_asia__max_sharpe,-0.0308788464936266
2016-03-31,etfs_asia__max_sharpe,-0.057062915080315135
2016-04-30,etfs_asia__max_sharpe,-0.12889919762341684
2016-05-31,etfs_asia__max_sharpe,-0.08572031596265539
2016-06-30,etfs_asia__max_sharpe,-0.13843551577680735
2016-07-31,etfs_asia__max_sharpe,-0.06963311339281752
2016-08-31,etfs_asia__max_sharpe,-0.0788649672182471
2016-09-30,etfs_asia__max_sharpe,-0.03572300160152264
2016-10-31,etfs_asia__max_sharpe,-0.04805330958030085
2016-11-30,etfs_asia__max_sharpe,0.0
2016-12-31,etfs_asia__max_sharpe,-0.07651142330882543
2017-01-31,etfs_asia__max_sharpe,-0.05474672998723251
2017-02-28,etfs_asia__max_sharpe,-0.03783484104619106
2017-03-31,etfs_asia__max_sharpe,-0.0036821299210055836
2017-04-30,etfs_asia__max_sharpe,0.0
2017-05-31,etfs_asia__max_sharpe,0.0
2017-06-30,etfs_asia__max_sharpe,0.0
2017-07-31,etfs_asia__max_sharpe,-0.015818894695993513
2017-08-31,etfs_asia__max_sharpe,-0.0033331182244127344
2017-09-30,etfs_asia__max_sharpe,-0.021574811765078028
2017-10-31,etfs_asia__max_sharpe,0.0
2017-11-30,etfs_asia__max_sharpe,-0.02883467355569347
2017-12-31,etfs_asia__max_sharpe,-0.004482175050170234
2018-01-31,etfs_asia__max_sharpe,0.0
2018-02-28,etfs_asia__max_sharpe,-0.026191108350867243
2018-03-31,etfs_asia__max_sharpe,0.0
2018-04-30,etfs_asia__max_sharpe,-0.001995239861044773
2018-05-31,etfs_asia__max_sharpe,0.0
2018-06-30,etfs_asia__max_sharpe,0.0
2018-07-31,etfs_asia__max_sharpe,0.0
2018-08-31,etfs_asia__max_sharpe,0.0
2018-09-30,etfs_asia__max_sharpe,-0.030458426773580793
2018-10-31,etfs_asia__max_sharpe,-0.20937759003208556
2018-11-30,etfs_asia__max_sharpe,-0.17098288624091185
2018-12-31,etfs_asia__max_sharpe,-0.19290455856074018
2019-01-31,etfs_asia__max_sharpe,-0.18963279297444025
2019-02-28,etfs_asia__max_sharpe,-0.18101968580035255
2019-03-31,etfs_asia__max_sharpe,-0.1143330850896419
2019-04-30,etfs_asia__max_sharpe,-0.07558598346599077
2019-05-31,etfs_asia__max_sharpe,-0.13344962460178966
2019-06-30,etfs_asia__max_sharpe,-0.12407777048527602
2019-07-31,etfs_asia__max_sharpe,-0.1249090311214539
2019-08-31,etfs_asia__max_sharpe,-0.04700097406639836
2019-09-30,etfs_asia__max_sharpe,-0.007641814251916124
2019-10-31,etfs_asia__max_sharpe,0.0
2019-11-30,etfs_asia__max_sharpe,0.0
2019-12-31,etfs_asia__max_sharpe,0.0
2020-01-31,etfs_asia__max_sharpe,-0.013375463618972572
2020-02-29,etfs_asia__max_sharpe,0.0
2020-03-31,etfs_asia__max_sharpe,0.0
2020-04-30,etfs_asia__max_sharpe,0.0
2020-05-31,etfs_asia__max_sharpe,0.0
2020-06-30,etfs_asia__max_sharpe,0.0
2020-07-31,etfs_asia__max_sharpe,0.0
2020-08-31,etfs_asia__max_sharpe,0.0
2020-09-30,etfs_asia__max_sharpe,0.0
2020-10-31,etfs_asia__max_sharpe,0.0
2020-11-30,etfs_asia__max_sharpe,0.0
2020-12-31,etfs_asia__max_sharpe,0.0
2021-01-31,etfs_asia__max_sharpe,0.0
2021-02-28,etfs_asia__max_sharpe,0.0
2021-03-31,etfs_asia__max_sharpe,0.0
2021-04-30,etfs_asia__max_sharpe,-0.022922362479177893
2021-05-31,etfs_asia__max_sharpe,-0.06291819703652357
2021-06-30,etfs_asia__max_sharpe,-0.09724647155186383
2021-07-31,etfs_asia__max_sharpe,-0.07977392317746257
2021-08-31,etfs_asia__max_sharpe,-0.04144503831152768
2021-09-30,etfs_asia__max_sharpe,-0.02871984306476172
2021-10-31,etfs_asia__max_sharpe,0.0
2021-11-30,etfs_asia__max_sharpe,0.0
2021-12-31,etfs_asia__max_sharpe,0.0
2022-01-31,etfs_asia__max_sharpe,-0.06564220391181796
2022-02-28,etfs_asia__max_sharpe,-0.11502716305690408
2022-03-31,etfs_asia__max_sharpe,-0.21044394544795764
2022-04-30,etfs_asia__max_sharpe,-0.25471854227275326
2022-05-31,etfs_asia__max_sharpe,-0.2684442174576275
2022-06-30,etfs_asia__max_sharpe,-0.28809995941814703
2022-07-31,etfs_asia__max_sharpe,-0.26867266081924057
2022-08-31,etfs_asia__max_sharpe,-0.2960132566590493
2022-09-30,etfs_asia__max_sharpe,-0.3551691080147017
2022-10-31,etfs_asia__max_sharpe,-0.3815403226141446
2022-11-30,etfs_asia__max_sharpe,-0.2620083431622505
2022-12-31,etfs_asia__max_sharpe,-0.3028888169546815
2023-01-31,etfs_asia__max_sharpe,-0.25260550081294797
2023-02-28,etfs_asia__max_sharpe,-0.2626786165883611
2023-03-31,etfs_asia__max_sharpe,-0.24896197399836972
2023-04-30,etfs_asia__max_sharpe,-0.2837256000403978
2023-05-31,etfs_asia__max_sharpe,-0.24434825472312693
2023-06-30,etfs_asia__max_sharpe,-0.2532698663847479
2023-07-31,etfs_asia__max_sharpe,-0.2593641033488002
2023-08-31,etfs_asia__max_sharpe,-0.26679528084441495
2023-09-30,etfs_asia__max_sharpe,-0.26233838228663586
2023-10-31,etfs_asia__max_sharpe,-0.27732238426335853
2023-11-30,etfs_asia__max_sharpe,-0.22257849251381912
2023-12-31,etfs_asia__max_sharpe,-0.18617258418814775
2024-01-31,etfs_asia__max_sharpe,-0.18330199695970573
2024-02-29,etfs_asia__max_sharpe,-0.14856242354787796
2024-03-31,etfs_asia__max_sharpe,-0.10458459423429134
2024-04-30,etfs_asia__max_sharpe,-0.11557876085870744
2024-05-31,etfs_asia__max_sharpe,-0.048588946175236014
2024-06-30,etfs_asia__max_sharpe,0.0
2024-07-31,etfs_asia__max_sharpe,0.0
2024-08-31,etfs_asia__max_sharpe,0.0
2024-09-30,etfs_asia__max_sharpe,-0.03479613719890773
2024-10-31,etfs_asia__max_sharpe,0.0
2024-11-30,etfs_asia__max_sharpe,0.0
2024-12-31,etfs_asia__max_sharpe,0.0
2025-01-31,etfs_asia__max_sharpe,-0.049956540902425295
2025-02-28,etfs_asia__max_sharpe,-0.06448099302076771
2025-03-31,etfs_asia__max_sharpe,-0.12481300042305599
2025-04-30,etfs_asia__max_sharpe,-0.13821245717717912
2025-05-31,etfs_asia__max_sharpe,-0.05373187276564384
2025-06-30,etfs_asia__max_sharpe,-0.012016331290916393
2025-07-31,etfs_asia__max_sharpe,0.0
2025-08-31,etfs_asia__max_sharpe,-0.010054266188844085
2025-09-30,etfs_asia__max_sharpe,0.0
2025-10-31,etfs_asia__max_sharpe,0.0
2025-11-30,etfs_asia__max_sharpe,-0.031223130691966694
2025-12-31,etfs_asia__max_sharpe,0.0
2026-01-31,etfs_asia__max_sharpe,0.0
2026-02-28,etfs_asia__max_sharpe,0.0
2026-03-31,etfs_asia__max_sharpe,-0.044547609908136554
2026-04-30,etfs_asia__max_sharpe,0.0
2015-02-28,etfs_global__max_sharpe,0.0
2015-03-31,etfs_global__max_sharpe,0.0
2015-04-30,etfs_global__max_sharpe,-0.05848849391986899
2015-05-31,etfs_global__max_sharpe,0.0
2015-06-30,etfs_global__max_sharpe,-0.039170394278772225
2015-07-31,etfs_global__max_sharpe,0.0
2015-08-31,etfs_global__max_sharpe,-0.010589667608049913
2015-09-30,etfs_global__max_sharpe,0.0
2015-10-31,etfs_global__max_sharpe,0.0
2015-11-30,etfs_global__max_sharpe,-0.006192198268859972
2015-12-31,etfs_global__max_sharpe,0.0
2016-01-31,etfs_global__max_sharpe,-0.026629482158361917
2016-02-29,etfs_global__max_sharpe,-0.06296078312995179
2016-03-31,etfs_global__max_sharpe,-0.08722913005458888
2016-04-30,etfs_global__max_sharpe,-0.10495788740725664
2016-05-31,etfs_global__max_sharpe,-0.07933094664613738
2016-06-30,etfs_global__max_sharpe,-0.16486026702036782
2016-07-31,etfs_global__max_sharpe,-0.12151570523398103
2016-08-31,etfs_global__max_sharpe,-0.13061809764457943
2016-09-30,etfs_global__max_sharpe,-0.11635131959837419
2016-10-31,etfs_global__max_sharpe,-0.14819225589233653
2016-11-30,etfs_global__max_sharpe,-0.07201657979334442
2016-12-31,etfs_global__max_sharpe,-0.10900909112129353
2017-01-31,etfs_global__max_sharpe,-0.11885677171049114
2017-02-28,etfs_global__max_sharpe,-0.10255397030088376
2017-03-31,etfs_global__max_sharpe,-0.07805800860660883
2017-04-30,etfs_global__max_sharpe,-0.05325249805549337
2017-05-31,etfs_global__max_sharpe,-0.009493147846708072
2017-06-30,etfs_global__max_sharpe,0.0
2017-07-31,etfs_global__max_sharpe,-0.011549850539428919
2017-08-31,etfs_global__max_sharpe,-0.01348586279089481
2017-09-30,etfs_global__max_sharpe,0.0
2017-10-31,etfs_global__max_sharpe,0.0
2017-11-30,etfs_global__max_sharpe,0.0
2017-12-31,etfs_global__max_sharpe,0.0
2018-01-31,etfs_global__max_sharpe,0.0
2018-02-28,etfs_global__max_sharpe,-0.024020235809908863
2018-03-31,etfs_global__max_sharpe,-0.017682588092372997
2018-04-30,etfs_global__max_sharpe,0.0
2018-05-31,etfs_global__max_sharpe,0.0
2018-06-30,etfs_global__max_sharpe,0.0
2018-07-31,etfs_global__max_sharpe,-0.004436904898300509
2018-08-31,etfs_global__max_sharpe,0.0
2018-09-30,etfs_global__max_sharpe,-0.027030518534616133
2018-10-31,etfs_global__max_sharpe,-0.17060736297582602
2018-11-30,etfs_global__max_sharpe,-0.12178906470447592
2018-12-31,etfs_global__max_sharpe,-0.18019996718587694
2019-01-31,etfs_global__max_sharpe,-0.1583470448604103
2019-02-28,etfs_global__max_sharpe,-0.1268323911393997
2019-03-31,etfs_global__max_sharpe,-0.07251635660571576
2019-04-30,etfs_global__max_sharpe,-0.02929650416815266
2019-05-31,etfs_global__max_sharpe,-0.07997309651918016
2019-06-30,etfs_global__max_sharpe,-0.060630658867032894
2019-07-31,etfs_global__max_sharpe,-0.06657041657716634
2019-08-31,etfs_global__max_sharpe,0.0
2019-09-30,etfs_global__max_sharpe,0.0
2019-10-31,etfs_global__max_sharpe,-0.014846642546460398
2019-11-30,etfs_global__max_sharpe,0.0
2019-12-31,etfs_global__max_sharpe,-0.008135292657989068
2020-01-31,etfs_global__max_sharpe,0.0
2020-02-29,etfs_global__max_sharpe,-0.02199011714538157
2020-03-31,etfs_global__max_sharpe,-0.019468352999521765
2020-04-30,etfs_global__max_sharpe,0.0
2020-05-31,etfs_global__max_sharpe,0.0
2020-06-30,etfs_global__max_sharpe,0.0
2020-07-31,etfs_global__max_sharpe,0.0
2020-08-31,etfs_global__max_sharpe,0.0
2020-09-30,etfs_global__max_sharpe,0.0
2020-10-31,etfs_global__max_sharpe,0.0
2020-11-30,etfs_global__max_sharpe,0.0
2020-12-31,etfs_global__max_sharpe,0.0
2021-01-31,etfs_global__max_sharpe,0.0
2021-02-28,etfs_global__max_sharpe,0.0
2021-03-31,etfs_global__max_sharpe,0.0
2021-04-30,etfs_global__max_sharpe,-0.03614569427720049
2021-05-31,etfs_global__max_sharpe,-0.03995637342020697
2021-06-30,etfs_global__max_sharpe,-0.08039152693658125
2021-07-31,etfs_global__max_sharpe,-0.04856491645978678
2021-08-31,etfs_global__max_sharpe,-0.00826657443581491
2021-09-30,etfs_global__max_sharpe,-0.0077807023097441474
2021-10-31,etfs_global__max_sharpe,0.0
2021-11-30,etfs_global__max_sharpe,-0.030724241884785064
2021-12-31,etfs_global__max_sharpe,0.0
2022-01-31,etfs_global__max_sharpe,-0.0810467743149732
2022-02-28,etfs_global__max_sharpe,-0.14292493651274019
2022-03-31,etfs_global__max_sharpe,-0.19228086048912707
2022-04-30,etfs_global__max_sharpe,-0.23127570789801422
2022-05-31,etfs_global__max_sharpe,-0.2568321974870492
2022-06-30,etfs_global__max_sharpe,-0.25550465864923966
2022-07-31,etfs_global__max_sharpe,-0.20260101581626544
2022-08-31,etfs_global__max_sharpe,-0.24634795549896016
2022-09-30,etfs_global__max_sharpe,-0.28058143185375894
2022-10-31,etfs_global__max_sharpe,-0.25018881164646933
2022-11-30,etfs_global__max_sharpe,-0.1907998659822686
2022-12-31,etfs_global__max_sharpe,-0.22570143414352573
2023-01-31,etfs_global__max_sharpe,-0.19432295154950097
2023-02-28,etfs_global__max_sharpe,-0.2081619998666956
2023-03-31,etfs_global__max_sharpe,-0.1986109673412918
2023-04-30,etfs_global__max_sharpe,-0.20465981632190966
2023-05-31,etfs_global__max_sharpe,-0.2037241440663088
2023-06-30,etfs_global__max_sharpe,-0.18764592047623363
2023-07-31,etfs_global__max_sharpe,-0.1813636404297262
2023-08-31,etfs_global__max_sharpe,-0.17738455640114403
2023-09-30,etfs_global__max_sharpe,-0.18933118928485182
2023-10-31,etfs_global__max_sharpe,-0.20786779696510926
2023-11-30,etfs_global__max_sharpe,-0.16174371685870415
2023-12-31,etfs_global__max_sharpe,-0.13105640047570133
2024-01-31,etfs_global__max_sharpe,-0.11068279547266602
2024-02-29,etfs_global__max_sharpe,-0.0674043030448983
2024-03-31,etfs_global__max_sharpe,-0.03251455615986354
2024-04-30,etfs_global__max_sharpe,-0.04317196763136466
2024-05-31,etfs_global__max_sharpe,0.0
2024-06-30,etfs_global__max_sharpe,0.0
2024-07-31,etfs_global__max_sharpe,0.0
2024-08-31,etfs_global__max_sharpe,0.0
2024-09-30,etfs_global__max_sharpe,-0.01335091142986422
2024-10-31,etfs_global__max_sharpe,0.0
2024-11-30,etfs_global__max_sharpe,0.0
2024-12-31,etfs_global__max_sharpe,-3.6940389450790256e-05
2025-01-31,etfs_global__max_sharpe,-0.01928478947641643
2025-02-28,etfs_global__max_sharpe,-0.028106868277216535
2025-03-31,etfs_global__max_sharpe,-0.07679082085493383
2025-04-30,etfs_global__max_sharpe,-0.09428770070905801
2025-05-31,etfs_global__max_sharpe,-0.03504521855325449
2025-06-30,etfs_global__max_sharpe,-0.021994568941073878
2025-07-31,etfs_global__max_sharpe,0.0
2025-08-31,etfs_global__max_sharpe,-0.003130412059156207
2025-09-30,etfs_global__max_sharpe,0.0
2025-10-31,etfs_global__max_sharpe,0.0
2025-11-30,etfs_global__max_sharpe,-0.0045201685868420105
2025-12-31,etfs_global__max_sharpe,0.0
2026-01-31,etfs_global__max_sharpe,-0.025552773536795415
2026-02-28,etfs_global__max_sharpe,-0.022966976771740977
2026-03-31,etfs_global__max_sharpe,-0.05994615827379912
2026-04-30,etfs_global__max_sharpe,-0.04414315009580527
2015-02-28,etfs_global__min_vol,0.0
2015-03-31,etfs_global__min_vol,0.0
2015-04-30,etfs_global__min_vol,-0.05341926548485931
2015-05-31,etfs_global__min_vol,0.0
2015-06-30,etfs_global__min_vol,-0.04098504962924643
2015-07-31,etfs_global__min_vol,0.0
2015-08-31,etfs_global__min_vol,-0.013096393384052996
2015-09-30,etfs_global__min_vol,0.0
2015-10-31,etfs_global__min_vol,0.0
2015-11-30,etfs_global__min_vol,-0.007455909408263461
2015-12-31,etfs_global__min_vol,0.0
2016-01-31,etfs_global__min_vol,-0.027912634751305787
2016-02-29,etfs_global__min_vol,-0.07382528690420176
2016-03-31,etfs_global__min_vol,-0.09875919307680903
2016-04-30,etfs_global__min_vol,-0.11155596258764866
2016-05-31,etfs_global__min_vol,-0.08931460123976931
2016-06-30,etfs_global__min_vol,-0.18311131347943654
2016-07-31,etfs_global__min_vol,-0.13894027823569988
2016-08-31,etfs_global__min_vol,-0.14755890096350088
2016-09-30,etfs_global__min_vol,-0.1302516481893763
2016-10-31,etfs_global__min_vol,-0.16392749623792058
2016-11-30,etfs_global__min_vol,-0.10184017691240765
2016-12-31,etfs_global__min_vol,-0.13536773965796012
2017-01-31,etfs_global__min_vol,-0.14142729287145617
2017-02-28,etfs_global__min_vol,-0.13241991749241744
2017-03-31,etfs_global__min_vol,-0.10040256228970246
2017-04-30,etfs_global__min_vol,-0.07317206791844266
2017-05-31,etfs_global__min_vol,-0.024024817323073933
2017-06-30,etfs_global__min_vol,-0.0031168344458292196
2017-07-31,etfs_global__min_vol,-0.013851896370547623
2017-08-31,etfs_global__min_vol,-0.01783298120434773
2017-09-30,etfs_global__min_vol,0.0
2017-10-31,etfs_global__min_vol,0.0
2017-11-30,etfs_global__min_vol,0.0
2017-12-31,etfs_global__min_vol,0.0
2018-01-31,etfs_global__min_vol,0.0
2018-02-28,etfs_global__min_vol,-0.027596299588308226
2018-03-31,etfs_global__min_vol,-0.01519097741147668
2018-04-30,etfs_global__min_vol,0.0
2018-05-31,etfs_global__min_vol,0.0
2018-06-30,etfs_global__min_vol,0.0
2018-07-31,etfs_global__min_vol,-0.008611623255421197
2018-08-31,etfs_global__min_vol,0.0
2018-09-30,etfs_global__min_vol,-0.026489335647792545
2018-10-31,etfs_global__min_vol,-0.17592075867057166
2018-11-30,etfs_global__min_vol,-0.1325498647413038
2018-12-31,etfs_global__min_vol,-0.18284277031384066
2019-01-31,etfs_global__min_vol,-0.16353608068863645
2019-02-28,etfs_global__min_vol,-0.13284501432573392
2019-03-31,etfs_global__min_vol,-0.08379707226237809
2019-04-30,etfs_global__min_vol,-0.04410555274041106
2019-05-31,etfs_global__min_vol,-0.08941661859075378
2019-06-30,etfs_global__min_vol,-0.0733223779974207
2019-07-31,etfs_global__min_vol,-0.08990665816561105
2019-08-31,etfs_global__min_vol,-0.019247897976414574
2019-09-30,etfs_global__min_vol,0.0
2019-10-31,etfs_global__min_vol,-0.012329413445522075
2019-11-30,etfs_global__min_vol,0.0
2019-12-31,etfs_global__min_vol,-0.007473203490875879
2020-01-31,etfs_global__min_vol,0.0
2020-02-29,etfs_global__min_vol,-0.022934865903902812
2020-03-31,etfs_global__min_vol,-0.0313290938260653
2020-04-30,etfs_global__min_vol,0.0
2020-05-31,etfs_global__min_vol,0.0
2020-06-30,etfs_global__min_vol,0.0
2020-07-31,etfs_global__min_vol,-0.00923409950136056
2020-08-31,etfs_global__min_vol,0.0
2020-09-30,etfs_global__min_vol,0.0
2020-10-31,etfs_global__min_vol,-0.004179732064002906
2020-11-30,etfs_global__min_vol,0.0
2020-12-31,etfs_global__min_vol,0.0
2021-01-31,etfs_global__min_vol,0.0
2021-02-28,etfs_global__min_vol,0.0
2021-03-31,etfs_global__min_vol,0.0
2021-04-30,etfs_global__min_vol,-0.04224358376364712
2021-05-31,etfs_global__min_vol,-0.035079720483543686
2021-06-30,etfs_global__min_vol,-0.08674499282437986
2021-07-31,etfs_global__min_vol,-0.05723479192977032
2021-08-31,etfs_global__min_vol,-0.021886270257474916
2021-09-30,etfs_global__min_vol,-0.016648589473141406
2021-10-31,etfs_global__min_vol,0.0
2021-11-30,etfs_global__min_vol,-0.04355048952348062
2021-12-31,etfs_global__min_vol,-0.009455696885710463
2022-01-31,etfs_global__min_vol,-0.08609974988246138
2022-02-28,etfs_global__min_vol,-0.1456320169987506
2022-03-31,etfs_global__min_vol,-0.20036540455922924
2022-04-30,etfs_global__min_vol,-0.2331035675604517
2022-05-31,etfs_global__min_vol,-0.2536727311101764
2022-06-30,etfs_global__min_vol,-0.2571270963621395
2022-07-31,etfs_global__min_vol,-0.21163816878517727
2022-08-31,etfs_global__min_vol,-0.2611641292091009
2022-09-30,etfs_global__min_vol,-0.29672964682661873
2022-10-31,etfs_global__min_vol,-0.2680456172991438
2022-11-30,etfs_global__min_vol,-0.19307156634810263
2022-12-31,etfs_global__min_vol,-0.21699935176900742
2023-01-31,etfs_global__min_vol,-0.17886911127566618
2023-02-28,etfs_global__min_vol,-0.1936856101308747
2023-03-31,etfs_global__min_vol,-0.18694996119934182
2023-04-30,etfs_global__min_vol,-0.1884002185707354
2023-05-31,etfs_global__min_vol,-0.19964438038702115
2023-06-30,etfs_global__min_vol,-0.18927378706033016
2023-07-31,etfs_global__min_vol,-0.18499507514416402
2023-08-31,etfs_global__min_vol,-0.18588601079203082
2023-09-30,etfs_global__min_vol,-0.1954128230283263
2023-10-31,etfs_global__min_vol,-0.21756565455151533
2023-11-30,etfs_global__min_vol,-0.17234340956587868
2023-12-31,etfs_global__min_vol,-0.13852954509406645
2024-01-31,etfs_global__min_vol,-0.1249531816894035
2024-02-29,etfs_global__min_vol,-0.09094113796485481
2024-03-31,etfs_global__min_vol,-0.05493313708548131
2024-04-30,etfs_global__min_vol,-0.06458234219365222
2024-05-31,etfs_global__min_vol,-0.005050260106623239
2024-06-30,etfs_global__min_vol,0.0
2024-07-31,etfs_global__min_vol,0.0
2024-08-31,etfs_global__min_vol,0.0
2024-09-30,etfs_global__min_vol,-0.019327151191061986
2024-10-31,etfs_global__min_vol,0.0
2024-11-30,etfs_global__min_vol,0.0
2024-12-31,etfs_global__min_vol,-0.0048571084851490864
2025-01-31,etfs_global__min_vol,-0.01724080841599196
2025-02-28,etfs_global__min_vol,-0.012241825446947519
2025-03-31,etfs_global__min_vol,-0.041961951780873474
2025-04-30,etfs_global__min_vol,-0.04201586669311608
2025-05-31,etfs_global__min_vol,0.0
2025-06-30,etfs_global__min_vol,0.0
2025-07-31,etfs_global__min_vol,0.0
2025-08-31,etfs_global__min_vol,0.0
2025-09-30,etfs_global__min_vol,0.0
2025-10-31,etfs_global__min_vol,0.0
2025-11-30,etfs_global__min_vol,0.0
2025-12-31,etfs_global__min_vol,0.0
2026-01-31,etfs_global__min_vol,-0.00910123341442548
2026-02-28,etfs_global__min_vol,0.0
2026-03-31,etfs_global__min_vol,-0.05203574893238738
2026-04-30,etfs_global__min_vol,-0.037200655999229504
2015-02-28,etfs_exterior__min_vol,0.0
2015-03-31,etfs_exterior__min_vol,0.0
2015-04-30,etfs_exterior__min_vol,-0.032939769608927194
2015-05-31,etfs_exterior__min_vol,0.0
2015-06-30,etfs_exterior__min_vol,-0.04706639409004598
2015-07-31,etfs_exterior__min_vol,0.0
2015-08-31,etfs_exterior__min_vol,-0.015703946761450926
2015-09-30,etfs_exterior__min_vol,0.0
2015-10-31,etfs_exterior__min_vol,0.0
2015-11-30,etfs_exterior__min_vol,-0.025679216342669453
2015-12-31,etfs_exterior__min_vol,-0.030494007093849973
2016-01-31,etfs_exterior__min_vol,-0.04504225795190464
2016-02-29,etfs_exterior__min_vol,-0.07841268496274034
2016-03-31,etfs_exterior__min_vol,-0.088681612972344
2016-04-30,etfs_exterior__min_vol,-0.0991797598127061
2016-05-31,etfs_exterior__min_vol,-0.10275845693546848
2016-06-30,etfs_exterior__min_vol,-0.1693799383284179
2016-07-31,etfs_exterior__min_vol,-0.1316452080151268
2016-08-31,etfs_exterior__min_vol,-0.13990080642115055
2016-09-30,etfs_exterior__min_vol,-0.1225213331266709
2016-10-31,etfs_exterior__min_vol,-0.14170207460218354
2016-11-30,etfs_exterior__min_vol,-0.1087321089737614
2016-12-31,etfs_exterior__min_vol,-0.15592095501865588
2017-01-31,etfs_exterior__min_vol,-0.1514027062550447
2017-02-28,etfs_exterior__min_vol,-0.13894986307865154
2017-03-31,etfs_exterior__min_vol,-0.08952390708215874
2017-04-30,etfs_exterior__min_vol,-0.06773088767165092
2017-05-31,etfs_exterior__min_vol,-0.02051134349721251
2017-06-30,etfs_exterior__min_vol,-0.0027471315604811197
2017-07-31,etfs_exterior__min_vol,0.0
2017-08-31,etfs_exterior__min_vol,0.0
2017-09-30,etfs_exterior__min_vol,0.0
2017-10-31,etfs_exterior__min_vol,0.0
2017-11-30,etfs_exterior__min_vol,-0.02219371674570303
2017-12-31,etfs_exterior__min_vol,0.0
2018-01-31,etfs_exterior__min_vol,0.0
2018-02-28,etfs_exterior__min_vol,-0.03369716908585063
2018-03-31,etfs_exterior__min_vol,-0.009998704808584336
2018-04-30,etfs_exterior__min_vol,0.0
2018-05-31,etfs_exterior__min_vol,0.0
2018-06-30,etfs_exterior__min_vol,0.0
2018-07-31,etfs_exterior__min_vol,0.0
2018-08-31,etfs_exterior__min_vol,0.0
2018-09-30,etfs_exterior__min_vol,-0.02194592157635955
2018-10-31,etfs_exterior__min_vol,-0.1803937597705224
2018-11-30,etfs_exterior__min_vol,-0.13237056275536552
2018-12-31,etfs_exterior__min_vol,-0.15702044360672274
2019-01-31,etfs_exterior__min_vol,-0.12276889194668728
2019-02-28,etfs_exterior__min_vol,-0.11087700320436578
2019-03-31,etfs_exterior__min_vol,-0.06710917273687989
2019-04-30,etfs_exterior__min_vol,-0.03892835867283595
2019-05-31,etfs_exterior__min_vol,-0.0898022362364771
2019-06-30,etfs_exterior__min_vol,-0.0765895557942482
2019-07-31,etfs_exterior__min_vol,-0.108306869069144
2019-08-31,etfs_exterior__min_vol,-0.06707902551212708
2019-09-30,etfs_exterior__min_vol,-0.04286989249149331
2019-10-31,etfs_exterior__min_vol,-0.06129650479432058
2019-11-30,etfs_exterior__min_vol,-0.02077622753652353
2019-12-31,etfs_exterior__min_vol,0.0
2020-01-31,etfs_exterior__min_vol,0.0
2020-02-29,etfs_exterior__min_vol,-0.023659482997525516
2020-03-31,etfs_exterior__min_vol,-0.08323209694239009
2020-04-30,etfs_exterior__min_vol,0.0
2020-05-31,etfs_exterior__min_vol,0.0
2020-06-30,etfs_exterior__min_vol,0.0
2020-07-31,etfs_exterior__min_vol,-0.001057812197172825
2020-08-31,etfs_exterior__min_vol,0.0
2020-09-30,etfs_exterior__min_vol,0.0
2020-10-31,etfs_exterior__min_vol,0.0
2020-11-30,etfs_exterior__min_vol,0.0
2020-12-31,etfs_exterior__min_vol,0.0
2021-01-31,etfs_exterior__min_vol,0.0
2021-02-28,etfs_exterior__min_vol,0.0
2021-03-31,etfs_exterior__min_vol,0.0
2021-04-30,etfs_exterior__min_vol,-0.06102287058292588
2021-05-31,etfs_exterior__min_vol,-0.06099195199066698
2021-06-30,etfs_exterior__min_vol,-0.11207200506297466
2021-07-31,etfs_exterior__min_vol,-0.10978845894818301
2021-08-31,etfs_exterior__min_vol,-0.06819659636084408
2021-09-30,etfs_exterior__min_vol,-0.064776233880943
2021-10-31,etfs_exterior__min_vol,-0.01612800555044802
2021-11-30,etfs_exterior__min_vol,-0.062264959769277595
2021-12-31,etfs_exterior__min_vol,-0.03124148596784526
2022-01-31,etfs_exterior__min_vol,-0.05688660957221081
2022-02-28,etfs_exterior__min_vol,-0.10574960865383931
2022-03-31,etfs_exterior__min_vol,-0.1589216911164183
2022-04-30,etfs_exterior__min_vol,-0.19003829553769258
2022-05-31,etfs_exterior__min_vol,-0.19150267330811854
2022-06-30,etfs_exterior__min_vol,-0.19392397861172406
2022-07-31,etfs_exterior__min_vol,-0.16905659985915245
2022-08-31,etfs_exterior__min_vol,-0.19889292231908784
2022-09-30,etfs_exterior__min_vol,-0.23300326679912364
2022-10-31,etfs_exterior__min_vol,-0.22080657262585768
2022-11-30,etfs_exterior__min_vol,-0.12954302996392364
2022-12-31,etfs_exterior__min_vol,-0.13956776365735513
2023-01-31,etfs_exterior__min_vol,-0.0904737278069132
2023-02-28,etfs_exterior__min_vol,-0.10972349474889864
2023-03-31,etfs_exterior__min_vol,-0.11052929451526439
2023-04-30,etfs_exterior__min_vol,-0.11780460689186589
2023-05-31,etfs_exterior__min_vol,-0.13184289863636633
2023-06-30,etfs_exterior__min_vol,-0.11965058639576798
2023-07-31,etfs_exterior__min_vol,-0.10578561191058655
2023-08-31,etfs_exterior__min_vol,-0.12157145097779476
2023-09-30,etfs_exterior__min_vol,-0.12914658123620604
2023-10-31,etfs_exterior__min_vol,-0.16365920536631362
2023-11-30,etfs_exterior__min_vol,-0.11035472766178067
2023-12-31,etfs_exterior__min_vol,-0.07824458699794634
2024-01-31,etfs_exterior__min_vol,-0.08815384960404937
2024-02-29,etfs_exterior__min_vol,-0.06666062504593095
2024-03-31,etfs_exterior__min_vol,-0.030237948811256965
2024-04-30,etfs_exterior__min_vol,-0.007451820966790534
2024-05-31,etfs_exterior__min_vol,0.0
2024-06-30,etfs_exterior__min_vol,0.0
2024-07-31,etfs_exterior__min_vol,0.0
2024-08-31,etfs_exterior__min_vol,0.0
2024-09-30,etfs_exterior__min_vol,-0.009338539345331354
2024-10-31,etfs_exterior__min_vol,0.0
2024-11-30,etfs_exterior__min_vol,0.0
2024-12-31,etfs_exterior__min_vol,0.0
2025-01-31,etfs_exterior__min_vol,-0.013422757516398542
2025-02-28,etfs_exterior__min_vol,0.0
2025-03-31,etfs_exterior__min_vol,-0.0038956412220183534
2025-04-30,etfs_exterior__min_vol,0.0
2025-05-31,etfs_exterior__min_vol,0.0
2025-06-30,etfs_exterior__min_vol,0.0
2025-07-31,etfs_exterior__min_vol,0.0
2025-08-31,etfs_exterior__min_vol,0.0
2025-09-30,etfs_exterior__min_vol,0.0
2025-10-31,etfs_exterior__min_vol,0.0
2025-11-30,etfs_exterior__min_vol,0.0
2025-12-31,etfs_exterior__min_vol,0.0
2026-01-31,etfs_exterior__min_vol,0.0
2026-02-28,etfs_exterior__min_vol,0.0
2026-03-31,etfs_exterior__min_vol,-0.049118091681379594
2026-04-30,etfs_exterior__min_vol,-0.037558934572513136
2015-02-28,etfs_latam__max_sharpe,0.0
2015-03-31,etfs_latam__max_sharpe,0.0
2015-04-30,etfs_latam__max_sharpe,-0.05231632921277107
2015-05-31,etfs_latam__max_sharpe,-0.012860708740384585
2015-06-30,etfs_latam__max_sharpe,-0.06272064945658062
2015-07-31,etfs_latam__max_sharpe,-0.042017101824807446
2015-08-31,etfs_latam__max_sharpe,-0.01696485495860467
2015-09-30,etfs_latam__max_sharpe,0.0
2015-10-31,etfs_latam__max_sharpe,0.0
2015-11-30,etfs_latam__max_sharpe,-0.04413136115271643
2015-12-31,etfs_latam__max_sharpe,-0.054691635875618094
2016-01-31,etfs_latam__max_sharpe,-0.060685330309317886
2016-02-29,etfs_latam__max_sharpe,-0.04595376868411816
2016-03-31,etfs_latam__max_sharpe,-0.06817497474930645
2016-04-30,etfs_latam__max_sharpe,-0.05970515558195599
2016-05-31,etfs_latam__max_sharpe,-0.07238290106632794
2016-06-30,etfs_latam__max_sharpe,-0.11425382511638393
2016-07-31,etfs_latam__max_sharpe,-0.09579502065949386
2016-08-31,etfs_latam__max_sharpe,-0.11083467372187084
2016-09-30,etfs_latam__max_sharpe,-0.08943913872971365
2016-10-31,etfs_latam__max_sharpe,-0.08044590664345264
2016-11-30,etfs_latam__max_sharpe,-0.08020511068528335
2016-12-31,etfs_latam__max_sharpe,-0.13295805429401497
2017-01-31,etfs_latam__max_sharpe,-0.11000087396812197
2017-02-28,etfs_latam__max_sharpe,-0.09193831688952836
2017-03-31,etfs_latam__max_sharpe,0.0
2017-04-30,etfs_latam__max_sharpe,0.0
2017-05-31,etfs_latam__max_sharpe,0.0
2017-06-30,etfs_latam__max_sharpe,0.0
2017-07-31,etfs_latam__max_sharpe,-0.0038802679785695515
2017-08-31,etfs_latam__max_sharpe,-0.0008581289785902779
2017-09-30,etfs_latam__max_sharpe,0.0
2017-10-31,etfs_latam__max_sharpe,0.0
2017-11-30,etfs_latam__max_sharpe,-0.02555570271525387
2017-12-31,etfs_latam__max_sharpe,0.0
2018-01-31,etfs_latam__max_sharpe,0.0
2018-02-28,etfs_latam__max_sharpe,-0.02194058331840998
2018-03-31,etfs_latam__max_sharpe,-0.007871666888913609
2018-04-30,etfs_latam__max_sharpe,0.0
2018-05-31,etfs_latam__max_sharpe,-0.06637607118266131
2018-06-30,etfs_latam__max_sharpe,-0.05965217207721374
2018-07-31,etfs_latam__max_sharpe,-0.006772903579390976
2018-08-31,etfs_latam__max_sharpe,0.0
2018-09-30,etfs_latam__max_sharpe,-0.01144111948943427
2018-10-31,etfs_latam__max_sharpe,-0.18293440677217077
2018-11-30,etfs_latam__max_sharpe,-0.15139553444707665
2018-12-31,etfs_latam__max_sharpe,-0.1715633434681022
2019-01-31,etfs_latam__max_sharpe,-0.0981863181708551
2019-02-28,etfs_latam__max_sharpe,-0.09838894154776112
2019-03-31,etfs_latam__max_sharpe,-0.07158466981831924
2019-04-30,etfs_latam__max_sharpe,-0.0669611113006846
2019-05-31,etfs_latam__max_sharpe,-0.05846026597797871
2019-06-30,etfs_latam__max_sharpe,-0.009298297949601242
2019-07-31,etfs_latam__max_sharpe,-0.039444796459663256
2019-08-31,etfs_latam__max_sharpe,-0.1103492048480671
2019-09-30,etfs_latam__max_sharpe,-0.0896505220318814
2019-10-31,etfs_latam__max_sharpe,-0.14112493023494843
2019-11-30,etfs_latam__max_sharpe,-0.0831721316637406
2019-12-31,etfs_latam__max_sharpe,-0.038130570850976486
2020-01-31,etfs_latam__max_sharpe,-0.00727963166174217
2020-02-29,etfs_latam__max_sharpe,-0.056284988187768725
2020-03-31,etfs_latam__max_sharpe,-0.21894696235466415
2020-04-30,etfs_latam__max_sharpe,-0.1324993168666374
2020-05-31,etfs_latam__max_sharpe,-0.006972017838052347
2020-06-30,etfs_latam__max_sharpe,0.0
2020-07-31,etfs_latam__max_sharpe,0.0
2020-08-31,etfs_latam__max_sharpe,0.0
2020-09-30,etfs_latam__max_sharpe,-0.005408902144008243
2020-10-31,etfs_latam__max_sharpe,0.0
2020-11-30,etfs_latam__max_sharpe,0.0
2020-12-31,etfs_latam__max_sharpe,0.0
2021-01-31,etfs_latam__max_sharpe,-0.005208713629887174
2021-02-28,etfs_latam__max_sharpe,0.0
2021-03-31,etfs_latam__max_sharpe,0.0
2021-04-30,etfs_latam__max_sharpe,-0.05415487555242393
2021-05-31,etfs_latam__max_sharpe,-0.048503750967741954
2021-06-30,etfs_latam__max_sharpe,-0.09316616013541068
2021-07-31,etfs_latam__max_sharpe,-0.06465340536320607
2021-08-31,etfs_latam__max_sharpe,0.0
2021-09-30,etfs_latam__max_sharpe,-0.03653566947800935
2021-10-31,etfs_latam__max_sharpe,-0.009753254998020267
2021-11-30,etfs_latam__max_sharpe,-0.09209332120717006
2021-12-31,etfs_latam__max_sharpe,-0.02156966563415763
2022-01-31,etfs_latam__max_sharpe,-0.05931363416145097
2022-02-28,etfs_latam__max_sharpe,-0.06398235805042851
2022-03-31,etfs_latam__max_sharpe,-0.04850273036054498
2022-04-30,etfs_latam__max_sharpe,-0.12165365279617035
2022-05-31,etfs_latam__max_sharpe,-0.12737351689928922
2022-06-30,etfs_latam__max_sharpe,-0.18945776810281734
2022-07-31,etfs_latam__max_sharpe,-0.12903631890419331
2022-08-31,etfs_latam__max_sharpe,-0.12033176879781149
2022-09-30,etfs_latam__max_sharpe,-0.10460223240603461
2022-10-31,etfs_latam__max_sharpe,-0.03856203634789679
2022-11-30,etfs_latam__max_sharpe,0.0
2022-12-31,etfs_latam__max_sharpe,0.0
2023-01-31,etfs_latam__max_sharpe,0.0
2023-02-28,etfs_latam__max_sharpe,0.0
2023-03-31,etfs_latam__max_sharpe,-0.010830211635299292
2023-04-30,etfs_latam__max_sharpe,-0.026547813971154577
2023-05-31,etfs_latam__max_sharpe,-0.0157883045329561
2023-06-30,etfs_latam__max_sharpe,0.0
2023-07-31,etfs_latam__max_sharpe,0.0
2023-08-31,etfs_latam__max_sharpe,0.0
2023-09-30,etfs_latam__max_sharpe,-0.06741172619205738
2023-10-31,etfs_latam__max_sharpe,-0.12656175287444882
2023-11-30,etfs_latam__max_sharpe,0.0
2023-12-31,etfs_latam__max_sharpe,0.0
2024-01-31,etfs_latam__max_sharpe,0.0
2024-02-29,etfs_latam__max_sharpe,-0.023812364560156785
2024-03-31,etfs_latam__max_sharpe,0.0
2024-04-30,etfs_latam__max_sharpe,0.0
2024-05-31,etfs_latam__max_sharpe,0.0
2024-06-30,etfs_latam__max_sharpe,-0.0466178477118071
2024-07-31,etfs_latam__max_sharpe,-0.023730169728059858
2024-08-31,etfs_latam__max_sharpe,0.0
2024-09-30,etfs_latam__max_sharpe,-0.01894240147480364
2024-10-31,etfs_latam__max_sharpe,0.0
2024-11-30,etfs_latam__max_sharpe,0.0
2024-12-31,etfs_latam__max_sharpe,0.0
2025-01-31,etfs_latam__max_sharpe,0.0
2025-02-28,etfs_latam__max_sharpe,-0.008979201286315686
2025-03-31,etfs_latam__max_sharpe,-0.025792861270620526
2025-04-30,etfs_latam__max_sharpe,0.0
2025-05-31,etfs_latam__max_sharpe,0.0
2025-06-30,etfs_latam__max_sharpe,-0.05000202871978465
2025-07-31,etfs_latam__max_sharpe,-0.05354179469799025
2025-08-31,etfs_latam__max_sharpe,-0.07268584944605172
2025-09-30,etfs_latam__max_sharpe,-0.11091295867579343
2025-10-31,etfs_latam__max_sharpe,0.0
2025-11-30,etfs_latam__max_sharpe,0.0
2025-12-31,etfs_latam__max_sharpe,0.0
2026-01-31,etfs_latam__max_sharpe,0.0
2026-02-28,etfs_latam__max_sharpe,-0.02787955328439029
2026-03-31,etfs_latam__max_sharpe,-0.02213580245837843
2026-04-30,etfs_latam__max_sharpe,-0.03872908620012505
2015-02-28,etfs_desenvolvidos_emergentes__max_sharpe,0.0
2015-03-31,etfs_desenvolvidos_emergentes__max_sharpe,0.0
2015-04-30,etfs_desenvolvidos_emergentes__max_sharpe,-0.03945380261062681
2015-05-31,etfs_desenvolvidos_emergentes__max_sharpe,0.0
2015-06-30,etfs_desenvolvidos_emergentes__max_sharpe,-0.042560448894129466
2015-07-31,etfs_desenvolvidos_emergentes__max_sharpe,0.0
2015-08-31,etfs_desenvolvidos_emergentes__max_sharpe,-0.022278971170688777
2015-09-30,etfs_desenvolvidos_emergentes__max_sharpe,0.0
2015-10-31,etfs_desenvolvidos_emergentes__max_sharpe,0.0
2015-11-30,etfs_desenvolvidos_emergentes__max_sharpe,-0.013327835849562542
2015-12-31,etfs_desenvolvidos_emergentes__max_sharpe,-0.009678195056773031
2016-01-31,etfs_desenvolvidos_emergentes__max_sharpe,-0.037298118762944865
2016-02-29,etfs_desenvolvidos_emergentes__max_sharpe,-0.08413851922243987
2016-03-31,etfs_desenvolvidos_emergentes__max_sharpe,-0.09541346087662872
2016-04-30,etfs_desenvolvidos_emergentes__max_sharpe,-0.1090076072479137
2016-05-31,etfs_desenvolvidos_emergentes__max_sharpe,-0.09832367028245681
2016-06-30,etfs_desenvolvidos_emergentes__max_sharpe,-0.1818938699379904
2016-07-31,etfs_desenvolvidos_emergentes__max_sharpe,-0.13376411617704542
2016-08-31,etfs_desenvolvidos_emergentes__max_sharpe,-0.14057771212157888
2016-09-30,etfs_desenvolvidos_emergentes__max_sharpe,-0.11750364367805854
2016-10-31,etfs_desenvolvidos_emergentes__max_sharpe,-0.14979560913422074
2016-11-30,etfs_desenvolvidos_emergentes__max_sharpe,-0.10474035039699447
2016-12-31,etfs_desenvolvidos_emergentes__max_sharpe,-0.14429920321494838
2017-01-31,etfs_desenvolvidos_emergentes__max_sharpe,-0.1399138458357354
2017-02-28,etfs_desenvolvidos_emergentes__max_sharpe,-0.13379480132521504
2017-03-31,etfs_desenvolvidos_emergentes__max_sharpe,-0.09379461330631278
2017-04-30,etfs_desenvolvidos_emergentes__max_sharpe,-0.0648057523028609
2017-05-31,etfs_desenvolvidos_emergentes__max_sharpe,-0.01333276729726629
2017-06-30,etfs_desenvolvidos_emergentes__max_sharpe,0.0
2017-07-31,etfs_desenvolvidos_emergentes__max_sharpe,-0.0021427802176577915
2017-08-31,etfs_desenvolvidos_emergentes__max_sharpe,-0.0006352615549317653
2017-09-30,etfs_desenvolvidos_emergentes__max_sharpe,0.0
2017-10-31,etfs_desenvolvidos_emergentes__max_sharpe,0.0
2017-11-30,etfs_desenvolvidos_emergentes__max_sharpe,-0.006742407700181974
2017-12-31,etfs_desenvolvidos_emergentes__max_sharpe,0.0
2018-01-31,etfs_desenvolvidos_emergentes__max_sharpe,0.0
2018-02-28,etfs_desenvolvidos_emergentes__max_sharpe,-0.03244648826598373
2018-03-31,etfs_desenvolvidos_emergentes__max_sharpe,-0.011440813605598898
2018-04-30,etfs_desenvolvidos_emergentes__max_sharpe,0.0
2018-05-31,etfs_desenvolvidos_emergentes__max_sharpe,0.0
2018-06-30,etfs_desenvolvidos_emergentes__max_sharpe,0.0
2018-07-31,etfs_desenvolvidos_emergentes__max_sharpe,-0.009697489519322366
2018-08-31,etfs_desenvolvidos_emergentes__max_sharpe,0.0
2018-09-30,etfs_desenvolvidos_emergentes__max_sharpe,-0.031349709116216484
2018-10-31,etfs_desenvolvidos_emergentes__max_sharpe,-0.18504475854124947
2018-11-30,etfs_desenvolvidos_emergentes__max_sharpe,-0.13499489882672489
2018-12-31,etfs_desenvolvidos_emergentes__max_sharpe,-0.17162750361699797
2019-01-31,etfs_desenvolvidos_emergentes__max_sharpe,-0.1487254869098512
2019-02-28,etfs_desenvolvidos_emergentes__max_sharpe,-0.12736208565068952
2019-03-31,etfs_desenvolvidos_emergentes__max_sharpe,-0.08037552531334269
2019-04-30,etfs_desenvolvidos_emergentes__max_sharpe,-0.04489792487993882
2019-05-31,etfs_desenvolvidos_emergentes__max_sharpe,-0.09207173984850792
2019-06-30,etfs_desenvolvidos_emergentes__max_sharpe,-0.07872166668963898
2019-07-31,etfs_desenvolvidos_emergentes__max_sharpe,-0.10500716005653254
2019-08-31,etfs_desenvolvidos_emergentes__max_sharpe,-0.04010147226502536
2019-09-30,etfs_desenvolvidos_emergentes__max_sharpe,-0.017317776332260282
2019-10-31,etfs_desenvolvidos_emergentes__max_sharpe,-0.0239273893464389
2019-11-30,etfs_desenvolvidos_emergentes__max_sharpe,0.0
2019-12-31,etfs_desenvolvidos_emergentes__max_sharpe,0.0
2020-01-31,etfs_desenvolvidos_emergentes__max_sharpe,0.0
2020-02-29,etfs_desenvolvidos_emergentes__max_sharpe,-0.010481042585950506
2020-03-31,etfs_desenvolvidos_emergentes__max_sharpe,-0.03431825713791481
2020-04-30,etfs_desenvolvidos_emergentes__max_sharpe,0.0
2020-05-31,etfs_desenvolvidos_emergentes__max_sharpe,0.0
2020-06-30,etfs_desenvolvidos_emergentes__max_sharpe,0.0
2020-07-31,etfs_desenvolvidos_emergentes__max_sharpe,-0.0026560364470403774
2020-08-31,etfs_desenvolvidos_emergentes__max_sharpe,0.0
2020-09-30,etfs_desenvolvidos_emergentes__max_sharpe,0.0
2020-10-31,etfs_desenvolvidos_emergentes__max_sharpe,0.0
2020-11-30,etfs_desenvolvidos_emergentes__max_sharpe,0.0
2020-12-31,etfs_desenvolvidos_emergentes__max_sharpe,0.0
2021-01-31,etfs_desenvolvidos_emergentes__max_sharpe,0.0
2021-02-28,etfs_desenvolvidos_emergentes__max_sharpe,0.0
2021-03-31,etfs_desenvolvidos_emergentes__max_sharpe,0.0
2021-04-30,etfs_desenvolvidos_emergentes__max_sharpe,-0.05106904512130306
2021-05-31,etfs_desenvolvidos_emergentes__max_sharpe,-0.040468447147380404
2021-06-30,etfs_desenvolvidos_emergentes__max_sharpe,-0.09451648795598933
2021-07-31,etfs_desenvolvidos_emergentes__max_sharpe,-0.08506616341159101
2021-08-31,etfs_desenvolvidos_emergentes__max_sharpe,-0.05411489750356446
2021-09-30,etfs_desenvolvidos_emergentes__max_sharpe,-0.046122144204464366
2021-10-31,etfs_desenvolvidos_emergentes__max_sharpe,0.0
2021-11-30,etfs_desenvolvidos_emergentes__max_sharpe,-0.050925288104053834
2021-12-31,etfs_desenvolvidos_emergentes__max_sharpe,-0.02276977625059118
2022-01-31,etfs_desenvolvidos_emergentes__max_sharpe,-0.08535523111986709
2022-02-28,etfs_desenvolvidos_emergentes__max_sharpe,-0.1469402863571626
2022-03-31,etfs_desenvolvidos_emergentes__max_sharpe,-0.2150943678331364
2022-04-30,etfs_desenvolvidos_emergentes__max_sharpe,-0.24039795724753
2022-05-31,etfs_desenvolvidos_emergentes__max_sharpe,-0.25925153662461864
2022-06-30,etfs_desenvolvidos_emergentes__max_sharpe,-0.2573460891253744
2022-07-31,etfs_desenvolvidos_emergentes__max_sharpe,-0.23025322091507539
2022-08-31,etfs_desenvolvidos_emergentes__max_sharpe,-0.2724434602731789
2022-09-30,etfs_desenvolvidos_emergentes__max_sharpe,-0.3125858003630424
2022-10-31,etfs_desenvolvidos_emergentes__max_sharpe,-0.30150475030863055
2022-11-30,etfs_desenvolvidos_emergentes__max_sharpe,-0.21219550113602847
2022-12-31,etfs_desenvolvidos_emergentes__max_sharpe,-0.2277557299487062
2023-01-31,etfs_desenvolvidos_emergentes__max_sharpe,-0.18529754545524024
2023-02-28,etfs_desenvolvidos_emergentes__max_sharpe,-0.20963267977593858
2023-03-31,etfs_desenvolvidos_emergentes__max_sharpe,-0.20442891843539357
2023-04-30,etfs_desenvolvidos_emergentes__max_sharpe,-0.2097181404214027
2023-05-31,etfs_desenvolvidos_emergentes__max_sharpe,-0.2259991638746005
2023-06-30,etfs_desenvolvidos_emergentes__max_sharpe,-0.2200526455607943
2023-07-31,etfs_desenvolvidos_emergentes__max_sharpe,-0.21067252005857195
2023-08-31,etfs_desenvolvidos_emergentes__max_sharpe,-0.22083465070625963
2023-09-30,etfs_desenvolvidos_emergentes__max_sharpe,-0.22617001628714017
2023-10-31,etfs_desenvolvidos_emergentes__max_sharpe,-0.2505917265625637
2023-11-30,etfs_desenvolvidos_emergentes__max_sharpe,-0.20923037562964286
2023-12-31,etfs_desenvolvidos_emergentes__max_sharpe,-0.17846682965737481
2024-01-31,etfs_desenvolvidos_emergentes__max_sharpe,-0.17894076463213382
2024-02-29,etfs_desenvolvidos_emergentes__max_sharpe,-0.15048687406979622
2024-03-31,etfs_desenvolvidos_emergentes__max_sharpe,-0.11846359768348336
2024-04-30,etfs_desenvolvidos_emergentes__max_sharpe,-0.11682461120306453
2024-05-31,etfs_desenvolvidos_emergentes__max_sharpe,-0.06837554007606306
2024-06-30,etfs_desenvolvidos_emergentes__max_sharpe,-0.017383768982240033
2024-07-31,etfs_desenvolvidos_emergentes__max_sharpe,0.0
2024-08-31,etfs_desenvolvidos_emergentes__max_sharpe,0.0
2024-09-30,etfs_desenvolvidos_emergentes__max_sharpe,-0.010841630351561715
2024-10-31,etfs_desenvolvidos_emergentes__max_sharpe,0.0
2024-11-30,etfs_desenvolvidos_emergentes__max_sharpe,0.0
2024-12-31,etfs_desenvolvidos_emergentes__max_sharpe,-0.0030673920261345966
2025-01-31,etfs_desenvolvidos_emergentes__max_sharpe,-0.018912088091599055
2025-02-28,etfs_desenvolvidos_emergentes__max_sharpe,-0.007155129867087218
2025-03-31,etfs_desenvolvidos_emergentes__max_sharpe,-0.01789106936252105
2025-04-30,etfs_desenvolvidos_emergentes__max_sharpe,-0.014069066054590684
2025-05-31,etfs_desenvolvidos_emergentes__max_sharpe,0.0
2025-06-30,etfs_desenvolvidos_emergentes__max_sharpe,0.0
2025-07-31,etfs_desenvolvidos_emergentes__max_sharpe,0.0
2025-08-31,etfs_desenvolvidos_emergentes__max_sharpe,0.0
2025-09-30,etfs_desenvolvidos_emergentes__max_sharpe,0.0
2025-10-31,etfs_desenvolvidos_emergentes__max_sharpe,0.0
2025-11-30,etfs_desenvolvidos_emergentes__max_sharpe,-0.0037916052803507183
2025-12-31,etfs_desenvolvidos_emergentes__max_sharpe,0.0
2026-01-31,etfs_desenvolvidos_emergentes__max_sharpe,0.0
2026-02-28,etfs_desenvolvidos_emergentes__max_sharpe,0.0
2026-03-31,etfs_desenvolvidos_emergentes__max_sharpe,-0.06516659438215533
2026-04-30,etfs_desenvolvidos_emergentes__max_sharpe,-0.045456489684098766
2015-02-28,etfs_desenvolvidos_emergentes__min_vol,0.0
2015-03-31,etfs_desenvolvidos_emergentes__min_vol,0.0
2015-04-30,etfs_desenvolvidos_emergentes__min_vol,-0.031149503419016678
2015-05-31,etfs_desenvolvidos_emergentes__min_vol,0.0
2015-06-30,etfs_desenvolvidos_emergentes__min_vol,-0.042654173097360304
2015-07-31,etfs_desenvolvidos_emergentes__min_vol,0.0
2015-08-31,etfs_desenvolvidos_emergentes__min_vol,-0.02829980068028659
2015-09-30,etfs_desenvolvidos_emergentes__min_vol,0.0
2015-10-31,etfs_desenvolvidos_emergentes__min_vol,0.0
2015-11-30,etfs_desenvolvidos_emergentes__min_vol,-0.017408067256753368
2015-12-31,etfs_desenvolvidos_emergentes__min_vol,-0.01735875197637249
2016-01-31,etfs_desenvolvidos_emergentes__min_vol,-0.04389032470336407
2016-02-29,etfs_desenvolvidos_emergentes__min_vol,-0.0851303296483722
2016-03-31,etfs_desenvolvidos_emergentes__min_vol,-0.08451892476920264
2016-04-30,etfs_desenvolvidos_emergentes__min_vol,-0.10215906952883058
2016-05-31,etfs_desenvolvidos_emergentes__min_vol,-0.09904855529192846
2016-06-30,etfs_desenvolvidos_emergentes__min_vol,-0.16856838772894567
2016-07-31,etfs_desenvolvidos_emergentes__min_vol,-0.11755261416728224
2016-08-31,etfs_desenvolvidos_emergentes__min_vol,-0.12311396767106775
2016-09-30,etfs_desenvolvidos_emergentes__min_vol,-0.09706064580642759
2016-10-31,etfs_desenvolvidos_emergentes__min_vol,-0.12684045092519813
2016-11-30,etfs_desenvolvidos_emergentes__min_vol,-0.08719940645533386
2016-12-31,etfs_desenvolvidos_emergentes__min_vol,-0.13436613094191374
2017-01-31,etfs_desenvolvidos_emergentes__min_vol,-0.12347324689324013
2017-02-28,etfs_desenvolvidos_emergentes__min_vol,-0.11496283170946253
2017-03-31,etfs_desenvolvidos_emergentes__min_vol,-0.07295992922650119
2017-04-30,etfs_desenvolvidos_emergentes__min_vol,-0.044079525362408445
2017-05-31,etfs_desenvolvidos_emergentes__min_vol,0.0
2017-06-30,etfs_desenvolvidos_emergentes__min_vol,0.0
2017-07-31,etfs_desenvolvidos_emergentes__min_vol,0.0
2017-08-31,etfs_desenvolvidos_emergentes__min_vol,0.0
2017-09-30,etfs_desenvolvidos_emergentes__min_vol,0.0
2017-10-31,etfs_desenvolvidos_emergentes__min_vol,0.0
2017-11-30,etfs_desenvolvidos_emergentes__min_vol,-0.008679653267305798
2017-12-31,etfs_desenvolvidos_emergentes__min_vol,0.0
2018-01-31,etfs_desenvolvidos_emergentes__min_vol,0.0
2018-02-28,etfs_desenvolvidos_emergentes__min_vol,-0.03409900503395635
2018-03-31,etfs_desenvolvidos_emergentes__min_vol,-0.00996203813957186
2018-04-30,etfs_desenvolvidos_emergentes__min_vol,0.0
2018-05-31,etfs_desenvolvidos_emergentes__min_vol,0.0
2018-06-30,etfs_desenvolvidos_emergentes__min_vol,0.0
2018-07-31,etfs_desenvolvidos_emergentes__min_vol,-0.007778644390153633
2018-08-31,etfs_desenvolvidos_emergentes__min_vol,0.0
2018-09-30,etfs_desenvolvidos_emergentes__min_vol,-0.035803710316361315
2018-10-31,etfs_desenvolvidos_emergentes__min_vol,-0.1891053344312218
2018-11-30,etfs_desenvolvidos_emergentes__min_vol,-0.129887649508295
2018-12-31,etfs_desenvolvidos_emergentes__min_vol,-0.16033895657176855
2019-01-31,etfs_desenvolvidos_emergentes__min_vol,-0.13256063809704222
2019-02-28,etfs_desenvolvidos_emergentes__min_vol,-0.11880669307980751
2019-03-31,etfs_desenvolvidos_emergentes__min_vol,-0.06999950501378782
2019-04-30,etfs_desenvolvidos_emergentes__min_vol,-0.03576343275322669
2019-05-31,etfs_desenvolvidos_emergentes__min_vol,-0.08814401706996555
2019-06-30,etfs_desenvolvidos_emergentes__min_vol,-0.07494238505119899
2019-07-31,etfs_desenvolvidos_emergentes__min_vol,-0.10234571655013192
2019-08-31,etfs_desenvolvidos_emergentes__min_vol,-0.04231644166501236
2019-09-30,etfs_desenvolvidos_emergentes__min_vol,-0.02366437764423901
2019-10-31,etfs_desenvolvidos_emergentes__min_vol,-0.027298340882156547
2019-11-30,etfs_desenvolvidos_emergentes__min_vol,0.0
2019-12-31,etfs_desenvolvidos_emergentes__min_vol,0.0
2020-01-31,etfs_desenvolvidos_emergentes__min_vol,0.0
2020-02-29,etfs_desenvolvidos_emergentes__min_vol,0.0
2020-03-31,etfs_desenvolvidos_emergentes__min_vol,-0.029544754513747384
2020-04-30,etfs_desenvolvidos_emergentes__min_vol,0.0
2020-05-31,etfs_desenvolvidos_emergentes__min_vol,0.0
2020-06-30,etfs_desenvolvidos_emergentes__min_vol,0.0
2020-07-31,etfs_desenvolvidos_emergentes__min_vol,0.0
2020-08-31,etfs_desenvolvidos_emergentes__min_vol,0.0
2020-09-30,etfs_desenvolvidos_emergentes__min_vol,0.0
2020-10-31,etfs_desenvolvidos_emergentes__min_vol,0.0
2020-11-30,etfs_desenvolvidos_emergentes__min_vol,0.0
2020-12-31,etfs_desenvolvidos_emergentes__min_vol,0.0
2021-01-31,etfs_desenvolvidos_emergentes__min_vol,0.0
2021-02-28,etfs_desenvolvidos_emergentes__min_vol,0.0
2021-03-31,etfs_desenvolvidos_emergentes__min_vol,0.0
2021-04-30,etfs_desenvolvidos_emergentes__min_vol,-0.05435353601248538
2021-05-31,etfs_desenvolvidos_emergentes__min_vol,-0.048188772330398755
2021-06-30,etfs_desenvolvidos_emergentes__min_vol,-0.09665307885414576
2021-07-31,etfs_desenvolvidos_emergentes__min_vol,-0.10243539161141035
2021-08-31,etfs_desenvolvidos_emergentes__min_vol,-0.0718786368472456
2021-09-30,etfs_desenvolvidos_emergentes__min_vol,-0.06468339281372237
2021-10-31,etfs_desenvolvidos_emergentes__min_vol,-0.005591078855550435
2021-11-30,etfs_desenvolvidos_emergentes__min_vol,-0.05374614243229303
2021-12-31,etfs_desenvolvidos_emergentes__min_vol,-0.03199044778513682
2022-01-31,etfs_desenvolvidos_emergentes__min_vol,-0.08554427845211188
2022-02-28,etfs_desenvolvidos_emergentes__min_vol,-0.15016293564468208
2022-03-31,etfs_desenvolvidos_emergentes__min_vol,-0.22563841610848845
2022-04-30,etfs_desenvolvidos_emergentes__min_vol,-0.24878854961771757
2022-05-31,etfs_desenvolvidos_emergentes__min_vol,-0.2694434973371296
2022-06-30,etfs_desenvolvidos_emergentes__min_vol,-0.25996184907895703
2022-07-31,etfs_desenvolvidos_emergentes__min_vol,-0.24343454487866467
2022-08-31,etfs_desenvolvidos_emergentes__min_vol,-0.27572127952128
2022-09-30,etfs_desenvolvidos_emergentes__min_vol,-0.31863507201342123
2022-10-31,etfs_desenvolvidos_emergentes__min_vol,-0.32110933747554715
2022-11-30,etfs_desenvolvidos_emergentes__min_vol,-0.23048575808954908
2022-12-31,etfs_desenvolvidos_emergentes__min_vol,-0.2463133994424248
2023-01-31,etfs_desenvolvidos_emergentes__min_vol,-0.20507221409532506
2023-02-28,etfs_desenvolvidos_emergentes__min_vol,-0.23625384119085768
2023-03-31,etfs_desenvolvidos_emergentes__min_vol,-0.23044065183689577
2023-04-30,etfs_desenvolvidos_emergentes__min_vol,-0.24171387563641333
2023-05-31,etfs_desenvolvidos_emergentes__min_vol,-0.25390631252116724
2023-06-30,etfs_desenvolvidos_emergentes__min_vol,-0.24782195494458414
2023-07-31,etfs_desenvolvidos_emergentes__min_vol,-0.23325418869708092
2023-08-31,etfs_desenvolvidos_emergentes__min_vol,-0.24762458459222192
2023-09-30,etfs_desenvolvidos_emergentes__min_vol,-0.25114492496031937
2023-10-31,etfs_desenvolvidos_emergentes__min_vol,-0.27494283493239846
2023-11-30,etfs_desenvolvidos_emergentes__min_vol,-0.2363016349428343
2023-12-31,etfs_desenvolvidos_emergentes__min_vol,-0.21004439950268294
2024-01-31,etfs_desenvolvidos_emergentes__min_vol,-0.2172323233642096
2024-02-29,etfs_desenvolvidos_emergentes__min_vol,-0.18767732459538478
2024-03-31,etfs_desenvolvidos_emergentes__min_vol,-0.15957504392164568
2024-04-30,etfs_desenvolvidos_emergentes__min_vol,-0.14994257319442916
2024-05-31,etfs_desenvolvidos_emergentes__min_vol,-0.10987550849081529
2024-06-30,etfs_desenvolvidos_emergentes__min_vol,-0.050030413101228244
2024-07-31,etfs_desenvolvidos_emergentes__min_vol,-0.014458714918835325
2024-08-31,etfs_desenvolvidos_emergentes__min_vol,0.0
2024-09-30,etfs_desenvolvidos_emergentes__min_vol,0.0
2024-10-31,etfs_desenvolvidos_emergentes__min_vol,0.0
2024-11-30,etfs_desenvolvidos_emergentes__min_vol,0.0
2024-12-31,etfs_desenvolvidos_emergentes__min_vol,0.0
2025-01-31,etfs_desenvolvidos_emergentes__min_vol,-0.02340958255101977
2025-02-28,etfs_desenvolvidos_emergentes__min_vol,-0.015371961688645963
2025-03-31,etfs_desenvolvidos_emergentes__min_vol,-0.023421159254294555
2025-04-30,etfs_desenvolvidos_emergentes__min_vol,-0.028896592112027553
2025-05-31,etfs_desenvolvidos_emergentes__min_vol,0.0
2025-06-30,etfs_desenvolvidos_emergentes__min_vol,0.0
2025-07-31,etfs_desenvolvidos_emergentes__min_vol,0.0
2025-08-31,etfs_desenvolvidos_emergentes__min_vol,0.0
2025-09-30,etfs_desenvolvidos_emergentes__min_vol,0.0
2025-10-31,etfs_desenvolvidos_emergentes__min_vol,0.0
2025-11-30,etfs_desenvolvidos_emergentes__min_vol,-0.01091930911672423
2025-12-31,etfs_desenvolvidos_emergentes__min_vol,0.0
2026-01-31,etfs_desenvolvidos_emergentes__min_vol,0.0
2026-02-28,etfs_desenvolvidos_emergentes__min_vol,0.0
2026-03-31,etfs_desenvolvidos_emergentes__min_vol,-0.06658388220799316
2026-04-30,etfs_desenvolvidos_emergentes__min_vol,-0.041902819933184454
2015-02-28,etfs_asia__min_vol,0.0
2015-03-31,etfs_asia__min_vol,0.0
2015-04-30,etfs_asia__min_vol,-0.061837329535635144
2015-05-31,etfs_asia__min_vol,0.0
2015-06-30,etfs_asia__min_vol,-0.03297289219687416
2015-07-31,etfs_asia__min_vol,0.0
2015-08-31,etfs_asia__min_vol,-0.03308952687444655
2015-09-30,etfs_asia__min_vol,0.0
2015-10-31,etfs_asia__min_vol,0.0
2015-11-30,etfs_asia__min_vol,-0.012336327927940482
2015-12-31,etfs_asia__min_vol,0.0
2016-01-31,etfs_asia__min_vol,-0.03527378904629397
2016-02-29,etfs_asia__min_vol,-0.09039108603852686
2016-03-31,etfs_asia__min_vol,-0.11207663672197066
2016-04-30,etfs_asia__min_vol,-0.14506782117677786
2016-05-31,etfs_asia__min_vol,-0.10546210202173922
2016-06-30,etfs_asia__min_vol,-0.1861624840656162
2016-07-31,etfs_asia__min_vol,-0.12790331342880235
2016-08-31,etfs_asia__min_vol,-0.13091957548498345
2016-09-30,etfs_asia__min_vol,-0.10259800572061872
2016-10-31,etfs_asia__min_vol,-0.1212509923609022
2016-11-30,etfs_asia__min_vol,-0.07652298372395527
2016-12-31,etfs_asia__min_vol,-0.1521494314065438
2017-01-31,etfs_asia__min_vol,-0.14124036557195463
2017-02-28,etfs_asia__min_vol,-0.12649633664423499
2017-03-31,etfs_asia__min_vol,-0.0941873648954279
2017-04-30,etfs_asia__min_vol,-0.0702851244162761
2017-05-31,etfs_asia__min_vol,-0.02367061332779785
2017-06-30,etfs_asia__min_vol,0.0
2017-07-31,etfs_asia__min_vol,-0.005638924559155489
2017-08-31,etfs_asia__min_vol,-0.0067197802086812475
2017-09-30,etfs_asia__min_vol,-0.0005616847461896723
2017-10-31,etfs_asia__min_vol,0.0
2017-11-30,etfs_asia__min_vol,0.0
2017-12-31,etfs_asia__min_vol,0.0
2018-01-31,etfs_asia__min_vol,0.0
2018-02-28,etfs_asia__min_vol,-0.021443175149449045
2018-03-31,etfs_asia__min_vol,-0.0027903750771696156
2018-04-30,etfs_asia__min_vol,0.0
2018-05-31,etfs_asia__min_vol,0.0
2018-06-30,etfs_asia__min_vol,0.0
2018-07-31,etfs_asia__min_vol,-0.007510015204700515
2018-08-31,etfs_asia__min_vol,0.0
2018-09-30,etfs_asia__min_vol,-0.03465680590365394
2018-10-31,etfs_asia__min_vol,-0.19416552687274014
2018-11-30,etfs_asia__min_vol,-0.1234315848931965
2018-12-31,etfs_asia__min_vol,-0.15345067889241426
2019-01-31,etfs_asia__min_vol,-0.14654025289970363
2019-02-28,etfs_asia__min_vol,-0.12563236301549774
2019-03-31,etfs_asia__min_vol,-0.0639704334770711
2019-04-30,etfs_asia__min_vol,-0.04016495797511421
2019-05-31,etfs_asia__min_vol,-0.07598191809535826
2019-06-30,etfs_asia__min_vol,-0.0761295110643061
2019-07-31,etfs_asia__min_vol,-0.10345851824579289
2019-08-31,etfs_asia__min_vol,-0.04357811333786965
2019-09-30,etfs_asia__min_vol,-0.013195491907822987
2019-10-31,etfs_asia__min_vol,-0.01560173217139127
2019-11-30,etfs_asia__min_vol,0.0
2019-12-31,etfs_asia__min_vol,-0.017170216796653537
2020-01-31,etfs_asia__min_vol,-0.0005578877964327322
2020-02-29,etfs_asia__min_vol,0.0
2020-03-31,etfs_asia__min_vol,0.0
2020-04-30,etfs_asia__min_vol,0.0
2020-05-31,etfs_asia__min_vol,0.0
2020-06-30,etfs_asia__min_vol,0.0
2020-07-31,etfs_asia__min_vol,-0.028361925648803576
2020-08-31,etfs_asia__min_vol,0.0
2020-09-30,etfs_asia__min_vol,0.0
2020-10-31,etfs_asia__min_vol,0.0
2020-11-30,etfs_asia__min_vol,0.0
2020-12-31,etfs_asia__min_vol,0.0
2021-01-31,etfs_asia__min_vol,0.0
2021-02-28,etfs_asia__min_vol,0.0
2021-03-31,etfs_asia__min_vol,0.0
2021-04-30,etfs_asia__min_vol,-0.07426907980178388
2021-05-31,etfs_asia__min_vol,-0.06701291215910588
2021-06-30,etfs_asia__min_vol,-0.1269925814615963
2021-07-31,etfs_asia__min_vol,-0.11220475850965594
2021-08-31,etfs_asia__min_vol,-0.07357935114584357
2021-09-30,etfs_asia__min_vol,-0.04090986246798434
2021-10-31,etfs_asia__min_vol,-0.004579867587213182
2021-11-30,etfs_asia__min_vol,-0.04209871541069632
2021-12-31,etfs_asia__min_vol,-0.026142242754358835
2022-01-31,etfs_asia__min_vol,-0.07828316188139806
2022-02-28,etfs_asia__min_vol,-0.13901217212224892
2022-03-31,etfs_asia__min_vol,-0.21330836979429024
2022-04-30,etfs_asia__min_vol,-0.23794151528436702
2022-05-31,etfs_asia__min_vol,-0.25824475320338336
2022-06-30,etfs_asia__min_vol,-0.23169891394268305
2022-07-31,etfs_asia__min_vol,-0.20476624542289956
2022-08-31,etfs_asia__min_vol,-0.23949362138052865
2022-09-30,etfs_asia__min_vol,-0.2725169627235452
2022-10-31,etfs_asia__min_vol,-0.29890400781096216
2022-11-30,etfs_asia__min_vol,-0.19885597574163572
2022-12-31,etfs_asia__min_vol,-0.2039677330374663
2023-01-31,etfs_asia__min_vol,-0.1852847449873236
2023-02-28,etfs_asia__min_vol,-0.21604799130357855
2023-03-31,etfs_asia__min_vol,-0.20797872292627717
2023-04-30,etfs_asia__min_vol,-0.21863966463276785
2023-05-31,etfs_asia__min_vol,-0.21939823127045888
2023-06-30,etfs_asia__min_vol,-0.21427949522103185
2023-07-31,etfs_asia__min_vol,-0.21525406045245543
2023-08-31,etfs_asia__min_vol,-0.22441413955649403
2023-09-30,etfs_asia__min_vol,-0.22228095741471843
2023-10-31,etfs_asia__min_vol,-0.23741514910990213
2023-11-30,etfs_asia__min_vol,-0.2206229009333246
2023-12-31,etfs_asia__min_vol,-0.19051372805601308
2024-01-31,etfs_asia__min_vol,-0.18121298606898228
2024-02-29,etfs_asia__min_vol,-0.14587279897708672
2024-03-31,etfs_asia__min_vol,-0.13431923533670853
2024-04-30,etfs_asia__min_vol,-0.12955412622675
2024-05-31,etfs_asia__min_vol,-0.08736619126780165
2024-06-30,etfs_asia__min_vol,-0.03785963150649152
2024-07-31,etfs_asia__min_vol,0.0
2024-08-31,etfs_asia__min_vol,0.0
2024-09-30,etfs_asia__min_vol,0.0
2024-10-31,etfs_asia__min_vol,0.0
2024-11-30,etfs_asia__min_vol,0.0
2024-12-31,etfs_asia__min_vol,0.0
2025-01-31,etfs_asia__min_vol,-0.04886348210335567
2025-02-28,etfs_asia__min_vol,-0.047318644113307884
2025-03-31,etfs_asia__min_vol,-0.05529433296833275
2025-04-30,etfs_asia__min_vol,-0.05296446434219593
2025-05-31,etfs_asia__min_vol,0.0
2025-06-30,etfs_asia__min_vol,0.0
2025-07-31,etfs_asia__min_vol,0.0
2025-08-31,etfs_asia__min_vol,0.0
2025-09-30,etfs_asia__min_vol,0.0
2025-10-31,etfs_asia__min_vol,0.0
2025-11-30,etfs_asia__min_vol,0.0
2025-12-31,etfs_asia__min_vol,0.0
2026-01-31,etfs_asia__min_vol,-0.0003834384866969742
2026-02-28,etfs_asia__min_vol,0.0
2026-03-31,etfs_asia__min_vol,-0.05357658405554666
2026-04-30,etfs_asia__min_vol,-0.05360916895376133
2015-02-28,etfs_europa__max_sharpe,0.0
2015-03-31,etfs_europa__max_sharpe,0.0
2015-04-30,etfs_europa__max_sharpe,-0.045257628952858675
2015-05-31,etfs_europa__max_sharpe,0.0
2015-06-30,etfs_europa__max_sharpe,-0.04318739742814348
2015-07-31,etfs_europa__max_sharpe,0.0
2015-08-31,etfs_europa__max_sharpe,-0.019281420551855
2015-09-30,etfs_europa__max_sharpe,0.0
2015-10-31,etfs_europa__max_sharpe,0.0
2015-11-30,etfs_europa__max_sharpe,-0.015939927365693718
2015-12-31,etfs_europa__max_sharpe,-0.029193554771287156
2016-01-31,etfs_europa__max_sharpe,-0.05681337494222327
2016-02-29,etfs_europa__max_sharpe,-0.1147889010639348
2016-03-31,etfs_europa__max_sharpe,-0.1447720577738898
2016-04-30,etfs_europa__max_sharpe,-0.14512410580662571
2016-05-31,etfs_europa__max_sharpe,-0.1313288499157198
2016-06-30,etfs_europa__max_sharpe,-0.24300978563461462
2016-07-31,etfs_europa__max_sharpe,-0.2094248950230878
2016-08-31,etfs_europa__max_sharpe,-0.2127088605388473
2016-09-30,etfs_europa__max_sharpe,-0.2049588331618215
2016-10-31,etfs_europa__max_sharpe,-0.24124479042561076
2016-11-30,etfs_europa__max_sharpe,-0.1963332517868679
2016-12-31,etfs_europa__max_sharpe,-0.20329351923838623
2017-01-31,etfs_europa__max_sharpe,-0.2185355766650432
2017-02-28,etfs_europa__max_sharpe,-0.21605053806895325
2017-03-31,etfs_europa__max_sharpe,-0.17104796929736132
2017-04-30,etfs_europa__max_sharpe,-0.13790050274231558
2017-05-31,etfs_europa__max_sharpe,-0.07747907458365833
2017-06-30,etfs_europa__max_sharpe,-0.07647396557624953
2017-07-31,etfs_europa__max_sharpe,-0.08637482904222049
2017-08-31,etfs_europa__max_sharpe,-0.09486902857163348
2017-09-30,etfs_europa__max_sharpe,-0.056242925987786574
2017-10-31,etfs_europa__max_sharpe,-0.016967662217505564
2017-11-30,etfs_europa__max_sharpe,-0.03331361267465127
2017-12-31,etfs_europa__max_sharpe,0.0
2018-01-31,etfs_europa__max_sharpe,0.0
2018-02-28,etfs_europa__max_sharpe,-0.047629402800685505
2018-03-31,etfs_europa__max_sharpe,-0.028277071722438762
2018-04-30,etfs_europa__max_sharpe,0.0
2018-05-31,etfs_europa__max_sharpe,0.0
2018-06-30,etfs_europa__max_sharpe,0.0
2018-07-31,etfs_europa__max_sharpe,-0.008058210911539576
2018-08-31,etfs_europa__max_sharpe,0.0
2018-09-30,etfs_europa__max_sharpe,-0.024712565645509943
2018-10-31,etfs_europa__max_sharpe,-0.16913987963993504
2018-11-30,etfs_europa__max_sharpe,-0.13978251104651573
2018-12-31,etfs_europa__max_sharpe,-0.17523542673858095
2019-01-31,etfs_europa__max_sharpe,-0.16450290267220846
2019-02-28,etfs_europa__max_sharpe,-0.12542898672135516
2019-03-31,etfs_europa__max_sharpe,-0.07630240732095128
2019-04-30,etfs_europa__max_sharpe,-0.029150049135064582
2019-05-31,etfs_europa__max_sharpe,-0.07908277465121827
2019-06-30,etfs_europa__max_sharpe,-0.061974973363876695
2019-07-31,etfs_europa__max_sharpe,-0.09382252451268325
2019-08-31,etfs_europa__max_sharpe,-0.028498883500196137
2019-09-30,etfs_europa__max_sharpe,0.0
2019-10-31,etfs_europa__max_sharpe,-0.006133480282813464
2019-11-30,etfs_europa__max_sharpe,0.0
2019-12-31,etfs_europa__max_sharpe,-0.0013158780674360493
2020-01-31,etfs_europa__max_sharpe,0.0
2020-02-29,etfs_europa__max_sharpe,-0.03895838525230655
2020-03-31,etfs_europa__max_sharpe,-0.08824625850195067
2020-04-30,etfs_europa__max_sharpe,-0.011713970183630962
2020-05-31,etfs_europa__max_sharpe,0.0
2020-06-30,etfs_europa__max_sharpe,0.0
2020-07-31,etfs_europa__max_sharpe,-0.028870524840933998
2020-08-31,etfs_europa__max_sharpe,0.0
2020-09-30,etfs_europa__max_sharpe,0.0
2020-10-31,etfs_europa__max_sharpe,-0.03629192642996382
2020-11-30,etfs_europa__max_sharpe,0.0
2020-12-31,etfs_europa__max_sharpe,0.0
2021-01-31,etfs_europa__max_sharpe,0.0
2021-02-28,etfs_europa__max_sharpe,0.0
2021-03-31,etfs_europa__max_sharpe,0.0
2021-04-30,etfs_europa__max_sharpe,-0.036981235834260495
2021-05-31,etfs_europa__max_sharpe,-0.014553209876566164
2021-06-30,etfs_europa__max_sharpe,-0.08697695202016043
2021-07-31,etfs_europa__max_sharpe,-0.06058638288022289
2021-08-31,etfs_europa__max_sharpe,-0.029013143531678165
2021-09-30,etfs_europa__max_sharpe,-0.025054320338800617
2021-10-31,etfs_europa__max_sharpe,0.0
2021-11-30,etfs_europa__max_sharpe,-0.06309568150112055
2021-12-31,etfs_europa__max_sharpe,-0.0132649489212594
2022-01-31,etfs_europa__max_sharpe,-0.053364012905512404
2022-02-28,etfs_europa__max_sharpe,-0.13134856871741962
2022-03-31,etfs_europa__max_sharpe,-0.20004653813715012
2022-04-30,etfs_europa__max_sharpe,-0.22079024934751956
2022-05-31,etfs_europa__max_sharpe,-0.22108908516938308
2022-06-30,etfs_europa__max_sharpe,-0.23119328289517938
2022-07-31,etfs_europa__max_sharpe,-0.1997974843319409
2022-08-31,etfs_europa__max_sharpe,-0.26355371756869117
2022-09-30,etfs_europa__max_sharpe,-0.2938441759311987
2022-10-31,etfs_europa__max_sharpe,-0.24395543779028295
2022-11-30,etfs_europa__max_sharpe,-0.1361088608544443
2022-12-31,etfs_europa__max_sharpe,-0.15196091472246243
2023-01-31,etfs_europa__max_sharpe,-0.10162498201828252
2023-02-28,etfs_europa__max_sharpe,-0.09820828170978357
2023-03-31,etfs_europa__max_sharpe,-0.09391112020039383
2023-04-30,etfs_europa__max_sharpe,-0.07791833956945737
2023-05-31,etfs_europa__max_sharpe,-0.117820579769633
2023-06-30,etfs_europa__max_sharpe,-0.10664620217648757
2023-07-31,etfs_europa__max_sharpe,-0.10836746367815508
2023-08-31,etfs_europa__max_sharpe,-0.1193823315988699
2023-09-30,etfs_europa__max_sharpe,-0.12386237945181389
2023-10-31,etfs_europa__max_sharpe,-0.1462137863873748
2023-11-30,etfs_europa__max_sharpe,-0.09790457877066017
2023-12-31,etfs_europa__max_sharpe,-0.0668207848477298
2024-01-31,etfs_europa__max_sharpe,-0.055891395391993726
2024-02-29,etfs_europa__max_sharpe,-0.01914385300813226
2024-03-31,etfs_europa__max_sharpe,0.0
2024-04-30,etfs_europa__max_sharpe,0.0
2024-05-31,etfs_europa__max_sharpe,0.0
2024-06-30,etfs_europa__max_sharpe,0.0
2024-07-31,etfs_europa__max_sharpe,0.0
2024-08-31,etfs_europa__max_sharpe,0.0
2024-09-30,etfs_europa__max_sharpe,-0.028584796370411336
2024-10-31,etfs_europa__max_sharpe,-0.024358901679699563
2024-11-30,etfs_europa__max_sharpe,0.0
2024-12-31,etfs_europa__max_sharpe,0.0
2025-01-31,etfs_europa__max_sharpe,0.0
2025-02-28,etfs_europa__max_sharpe,0.0
2025-03-31,etfs_europa__max_sharpe,-0.003668936076203555
2025-04-30,etfs_europa__max_sharpe,-0.0027651557579440045
2025-05-31,etfs_europa__max_sharpe,0.0
2025-06-30,etfs_europa__max_sharpe,-0.011892265021220871
2025-07-31,etfs_europa__max_sharpe,-0.009284428288030888
2025-08-31,etfs_europa__max_sharpe,-0.0022552796414463394
2025-09-30,etfs_europa__max_sharpe,0.0
2025-10-31,etfs_europa__max_sharpe,0.0
2025-11-30,etfs_europa__max_sharpe,0.0
2025-12-31,etfs_europa__max_sharpe,0.0
2026-01-31,etfs_europa__max_sharpe,-0.011316674542539706
2026-02-28,etfs_europa__max_sharpe,0.0
2026-03-31,etfs_europa__max_sharpe,-0.056013803075469326
2026-04-30,etfs_europa__max_sharpe,-0.05075078138965716
2015-02-28,etfs_europa__min_vol,0.0
2015-03-31,etfs_europa__min_vol,0.0
2015-04-30,etfs_europa__min_vol,-0.02373327306378714
2015-05-31,etfs_europa__min_vol,0.0
2015-06-30,etfs_europa__min_vol,-0.051868700263830614
2015-07-31,etfs_europa__min_vol,0.0
2015-08-31,etfs_europa__min_vol,-0.02307426954510261
2015-09-30,etfs_europa__min_vol,0.0
2015-10-31,etfs_europa__min_vol,0.0
2015-11-30,etfs_europa__min_vol,-0.017444014260062812
2015-12-31,etfs_europa__min_vol,-0.030109830368172386
2016-01-31,etfs_europa__min_vol,-0.05125106075944574
2016-02-29,etfs_europa__min_vol,-0.10401815874072129
2016-03-31,etfs_europa__min_vol,-0.1436255523444514
2016-04-30,etfs_europa__min_vol,-0.13805085812433615
2016-05-31,etfs_europa__min_vol,-0.12662092799700309
2016-06-30,etfs_europa__min_vol,-0.22543282065647197
2016-07-31,etfs_europa__min_vol,-0.20308485152247202
2016-08-31,etfs_europa__min_vol,-0.20547116096196683
2016-09-30,etfs_europa__min_vol,-0.1963967756110795
2016-10-31,etfs_europa__min_vol,-0.2521339470712054
2016-11-30,etfs_europa__min_vol,-0.1919870244598897
2016-12-31,etfs_europa__min_vol,-0.21242544207522696
2017-01-31,etfs_europa__min_vol,-0.2243883690073677
2017-02-28,etfs_europa__min_vol,-0.21813017007428614
2017-03-31,etfs_europa__min_vol,-0.19155866835550617
2017-04-30,etfs_europa__min_vol,-0.16917525592447957
2017-05-31,etfs_europa__min_vol,-0.11076459716617659
2017-06-30,etfs_europa__min_vol,-0.11226464912621437
2017-07-31,etfs_europa__min_vol,-0.1256185335109048
2017-08-31,etfs_europa__min_vol,-0.13795172164798786
2017-09-30,etfs_europa__min_vol,-0.10601158916974485
2017-10-31,etfs_europa__min_vol,-0.0705405757908496
2017-11-30,etfs_europa__min_vol,-0.08360400812332514
2017-12-31,etfs_europa__min_vol,-0.025478904620342968
2018-01-31,etfs_europa__min_vol,-0.02920439027103494
2018-02-28,etfs_europa__min_vol,-0.07459900140797882
2018-03-31,etfs_europa__min_vol,-0.0522482709903318
2018-04-30,etfs_europa__min_vol,0.0
2018-05-31,etfs_europa__min_vol,0.0
2018-06-30,etfs_europa__min_vol,0.0
2018-07-31,etfs_europa__min_vol,-0.024880740908379106
2018-08-31,etfs_europa__min_vol,0.0
2018-09-30,etfs_europa__min_vol,-0.01708249611224677
2018-10-31,etfs_europa__min_vol,-0.15612480502068793
2018-11-30,etfs_europa__min_vol,-0.1309095113213229
2018-12-31,etfs_europa__min_vol,-0.16573239303302778
2019-01-31,etfs_europa__min_vol,-0.14944789212632048
2019-02-28,etfs_europa__min_vol,-0.10930853517021089
2019-03-31,etfs_europa__min_vol,-0.05600620129660039
2019-04-30,etfs_europa__min_vol,-0.02301563524387351
2019-05-31,etfs_europa__min_vol,-0.07461897857501587
2019-06-30,etfs_europa__min_vol,-0.07196802378004774
2019-07-31,etfs_europa__min_vol,-0.1007014561950712
2019-08-31,etfs_europa__min_vol,-0.048438451959456286
2019-09-30,etfs_europa__min_vol,-0.01685383601061019
2019-10-31,etfs_europa__min_vol,-0.024277452305699776
2019-11-30,etfs_europa__min_vol,0.0
2019-12-31,etfs_europa__min_vol,0.0
2020-01-31,etfs_europa__min_vol,0.0
2020-02-29,etfs_europa__min_vol,-0.05099310609947583
2020-03-31,etfs_europa__min_vol,-0.1044575098994226
2020-04-30,etfs_europa__min_vol,-0.02716720016416252
2020-05-31,etfs_europa__min_vol,0.0
2020-06-30,etfs_europa__min_vol,0.0
2020-07-31,etfs_europa__min_vol,-0.039649036814511485
2020-08-31,etfs_europa__min_vol,0.0
2020-09-30,etfs_europa__min_vol,-0.00047462363506167726
2020-10-31,etfs_europa__min_vol,-0.020599912768851314
2020-11-30,etfs_europa__min_vol,0.0
2020-12-31,etfs_europa__min_vol,0.0
2021-01-31,etfs_europa__min_vol,0.0
2021-02-28,etfs_europa__min_vol,0.0
2021-03-31,etfs_europa__min_vol,0.0
2021-04-30,etfs_europa__min_vol,-0.03937660438265522
2021-05-31,etfs_europa__min_vol,-0.020530260665134525
2021-06-30,etfs_europa__min_vol,-0.0881523048437316
2021-07-31,etfs_europa__min_vol,-0.06252107248284067
2021-08-31,etfs_europa__min_vol,-0.03719014065690496
2021-09-30,etfs_europa__min_vol,-0.01736058848818367
2021-10-31,etfs_europa__min_vol,0.0
2021-11-30,etfs_europa__min_vol,-0.056142277237578586
2021-12-31,etfs_europa__min_vol,-0.0026265887716627745
2022-01-31,etfs_europa__min_vol,-0.01806790267797964
2022-02-28,etfs_europa__min_vol,-0.06642566260819704
2022-03-31,etfs_europa__min_vol,-0.13307489365443026
2022-04-30,etfs_europa__min_vol,-0.13827141601655746
2022-05-31,etfs_europa__min_vol,-0.1482876011825821
2022-06-30,etfs_europa__min_vol,-0.14628910401660522
2022-07-31,etfs_europa__min_vol,-0.1189128548573698
2022-08-31,etfs_europa__min_vol,-0.18559015934924772
2022-09-30,etfs_europa__min_vol,-0.22210885802194547
2022-10-31,etfs_europa__min_vol,-0.1844054133273867
2022-11-30,etfs_europa__min_vol,-0.08641272213530515
2022-12-31,etfs_europa__min_vol,-0.09536645740300087
2023-01-31,etfs_europa__min_vol,-0.06987068095029048
2023-02-28,etfs_europa__min_vol,-0.06286919355021725
2023-03-31,etfs_europa__min_vol,-0.08272228434181084
2023-04-30,etfs_europa__min_vol,-0.05730731560839242
2023-05-31,etfs_europa__min_vol,-0.10327082132960363
2023-06-30,etfs_europa__min_vol,-0.10596123765305099
2023-07-31,etfs_europa__min_vol,-0.10478173069866115
2023-08-31,etfs_europa__min_vol,-0.1096599009397129
2023-09-30,etfs_europa__min_vol,-0.09367206078035484
2023-10-31,etfs_europa__min_vol,-0.12401858130479115
2023-11-30,etfs_europa__min_vol,-0.09591464814063755
2023-12-31,etfs_europa__min_vol,-0.06678487955243717
2024-01-31,etfs_europa__min_vol,-0.06539266992030313
2024-02-29,etfs_europa__min_vol,-0.05292933270611466
2024-03-31,etfs_europa__min_vol,-0.00612807742746857
2024-04-30,etfs_europa__min_vol,0.0
2024-05-31,etfs_europa__min_vol,0.0
2024-06-30,etfs_europa__min_vol,0.0
2024-07-31,etfs_europa__min_vol,0.0
2024-08-31,etfs_europa__min_vol,0.0
2024-09-30,etfs_europa__min_vol,-0.03764819061291014
2024-10-31,etfs_europa__min_vol,-0.03010228744088539
2024-11-30,etfs_europa__min_vol,0.0
2024-12-31,etfs_europa__min_vol,-0.006899945666881457
2025-01-31,etfs_europa__min_vol,-0.008037424934298265
2025-02-28,etfs_europa__min_vol,0.0
2025-03-31,etfs_europa__min_vol,-0.002406937080980609
2025-04-30,etfs_europa__min_vol,-0.009962188717207332
2025-05-31,etfs_europa__min_vol,0.0
2025-06-30,etfs_europa__min_vol,-0.018099791621305483
2025-07-31,etfs_europa__min_vol,0.0
2025-08-31,etfs_europa__min_vol,0.0
2025-09-30,etfs_europa__min_vol,-0.004773190404225747
2025-10-31,etfs_europa__min_vol,0.0
2025-11-30,etfs_europa__min_vol,0.0
2025-12-31,etfs_europa__min_vol,0.0
2026-01-31,etfs_europa__min_vol,-0.005438434260813363
2026-02-28,etfs_europa__min_vol,0.0
2026-03-31,etfs_europa__min_vol,-0.040879258663744644
2026-04-30,etfs_europa__min_vol,-0.04582151153125502
2015-02-28,etfs_latam__min_vol,0.0
2015-03-31,etfs_latam__min_vol,0.0
2015-04-30,etfs_latam__min_vol,-0.05702931410763634
2015-05-31,etfs_latam__min_vol,-0.006748232509175334
2015-06-30,etfs_latam__min_vol,-0.05779193761759116
2015-07-31,etfs_latam__min_vol,-0.02261065551244512
2015-08-31,etfs_latam__min_vol,-0.003640274006929789
2015-09-30,etfs_latam__min_vol,0.0
2015-10-31,etfs_latam__min_vol,0.0
2015-11-30,etfs_latam__min_vol,-0.04462092792522965
2015-12-31,etfs_latam__min_vol,-0.05213154472309356
2016-01-31,etfs_latam__min_vol,-0.037287550597494334
2016-02-29,etfs_latam__min_vol,-0.04538085331803887
2016-03-31,etfs_latam__min_vol,-0.04625160958422603
2016-04-30,etfs_latam__min_vol,-0.05412392247304143
2016-05-31,etfs_latam__min_vol,-0.09547128236728575
2016-06-30,etfs_latam__min_vol,-0.14251447174945764
2016-07-31,etfs_latam__min_vol,-0.12021747952281137
2016-08-31,etfs_latam__min_vol,-0.14284983909586801
2016-09-30,etfs_latam__min_vol,-0.14373643070769315
2016-10-31,etfs_latam__min_vol,-0.11162796109442896
2016-11-30,etfs_latam__min_vol,-0.13086061789238346
2016-12-31,etfs_latam__min_vol,-0.1812591348409356
2017-01-31,etfs_latam__min_vol,-0.18306225426722866
2017-02-28,etfs_latam__min_vol,-0.16334515904945257
2017-03-31,etfs_latam__min_vol,-0.07149706331153527
2017-04-30,etfs_latam__min_vol,-0.059741658765493755
2017-05-31,etfs_latam__min_vol,-0.032438930387717835
2017-06-30,etfs_latam__min_vol,-0.0004056859152810066
2017-07-31,etfs_latam__min_vol,0.0
2017-08-31,etfs_latam__min_vol,0.0
2017-09-30,etfs_latam__min_vol,0.0
2017-10-31,etfs_latam__min_vol,0.0
2017-11-30,etfs_latam__min_vol,-0.05963606358890938
2017-12-31,etfs_latam__min_vol,0.0
2018-01-31,etfs_latam__min_vol,0.0
2018-02-28,etfs_latam__min_vol,-0.02817732540623219
2018-03-31,etfs_latam__min_vol,-0.0005222785024195931
2018-04-30,etfs_latam__min_vol,0.0
2018-05-31,etfs_latam__min_vol,-0.04392692378090668
2018-06-30,etfs_latam__min_vol,-0.00957054723971229
2018-07-31,etfs_latam__min_vol,0.0
2018-08-31,etfs_latam__min_vol,0.0
2018-09-30,etfs_latam__min_vol,-0.0052372095890258485
2018-10-31,etfs_latam__min_vol,-0.19950950387899413
2018-11-30,etfs_latam__min_vol,-0.16938607746720746
2018-12-31,etfs_latam__min_vol,-0.17104794182087268
2019-01-31,etfs_latam__min_vol,-0.11905096222374889
2019-02-28,etfs_latam__min_vol,-0.13302351653493205
2019-03-31,etfs_latam__min_vol,-0.11036417759947015
2019-04-30,etfs_latam__min_vol,-0.08350392918732097
2019-05-31,etfs_latam__min_vol,-0.13324773226576148
2019-06-30,etfs_latam__min_vol,-0.11474008224357235
2019-07-31,etfs_latam__min_vol,-0.16131098107555775
2019-08-31,etfs_latam__min_vol,-0.13498319440202167
2019-09-30,etfs_latam__min_vol,-0.10672423110021467
2019-10-31,etfs_latam__min_vol,-0.1577092872024859
2019-11-30,etfs_latam__min_vol,-0.15902573824606947
2019-12-31,etfs_latam__min_vol,-0.12802477237845267
2020-01-31,etfs_latam__min_vol,-0.10334125797704019
2020-02-29,etfs_latam__min_vol,-0.15122451987258279
2020-03-31,etfs_latam__min_vol,-0.27962963084759496
2020-04-30,etfs_latam__min_vol,-0.1933288375560963
2020-05-31,etfs_latam__min_vol,-0.14216861501166334
2020-06-30,etfs_latam__min_vol,-0.10595695656685788
2020-07-31,etfs_latam__min_vol,-0.09919513287425175
2020-08-31,etfs_latam__min_vol,-0.0824920857173791
2020-09-30,etfs_latam__min_vol,-0.06454391372101709
2020-10-31,etfs_latam__min_vol,-0.030461365583232536
2020-11-30,etfs_latam__min_vol,0.0
2020-12-31,etfs_latam__min_vol,0.0
2021-01-31,etfs_latam__min_vol,0.0
2021-02-28,etfs_latam__min_vol,0.0
2021-03-31,etfs_latam__min_vol,0.0
2021-04-30,etfs_latam__min_vol,-0.0788899853276207
2021-05-31,etfs_latam__min_vol,-0.09424934981024136
2021-06-30,etfs_latam__min_vol,-0.13910332684953963
2021-07-31,etfs_latam__min_vol,-0.12604035692972193
2021-08-31,etfs_latam__min_vol,-0.05559998673134292
2021-09-30,etfs_latam__min_vol,-0.08585570163994816
2021-10-31,etfs_latam__min_vol,-0.06862921459139848
2021-11-30,etfs_latam__min_vol,-0.10617551787143364
2021-12-31,etfs_latam__min_vol,-0.06419116323374419
2022-01-31,etfs_latam__min_vol,-0.06945802248980038
2022-02-28,etfs_latam__min_vol,-0.08746984636243516
2022-03-31,etfs_latam__min_vol,-0.06967846977929326
2022-04-30,etfs_latam__min_vol,-0.14454498662342075
2022-05-31,etfs_latam__min_vol,-0.0952968139771666
2022-06-30,etfs_latam__min_vol,-0.1475288462238341
2022-07-31,etfs_latam__min_vol,-0.10033565429719216
2022-08-31,etfs_latam__min_vol,-0.10954055554540587
2022-09-30,etfs_latam__min_vol,-0.1149550964479894
2022-10-31,etfs_latam__min_vol,-0.05396022556439939
2022-11-30,etfs_latam__min_vol,0.0
2022-12-31,etfs_latam__min_vol,-0.012857253014464276
2023-01-31,etfs_latam__min_vol,0.0
2023-02-28,etfs_latam__min_vol,-0.0017054752515844873
2023-03-31,etfs_latam__min_vol,0.0
2023-04-30,etfs_latam__min_vol,-0.01675884017328888
2023-05-31,etfs_latam__min_vol,-0.013925349623196692
2023-06-30,etfs_latam__min_vol,0.0
2023-07-31,etfs_latam__min_vol,0.0
2023-08-31,etfs_latam__min_vol,-0.02554683498009558
2023-09-30,etfs_latam__min_vol,-0.0675750725543619
2023-10-31,etfs_latam__min_vol,-0.12719484589832042
2023-11-30,etfs_latam__min_vol,-0.019264865822766652
2023-12-31,etfs_latam__min_vol,0.0
2024-01-31,etfs_latam__min_vol,-0.02448397893985299
2024-02-29,etfs_latam__min_vol,-0.02376240236140581
2024-03-31,etfs_latam__min_vol,0.0
2024-04-30,etfs_latam__min_vol,0.0
2024-05-31,etfs_latam__min_vol,0.0
2024-06-30,etfs_latam__min_vol,-0.04167908670986442
2024-07-31,etfs_latam__min_vol,-0.020232627942468162
2024-08-31,etfs_latam__min_vol,-0.02105193717575926
2024-09-30,etfs_latam__min_vol,-0.03856427519385952
2024-10-31,etfs_latam__min_vol,-0.009247160002380905
2024-11-30,etfs_latam__min_vol,0.0
2024-12-31,etfs_latam__min_vol,0.0
2025-01-31,etfs_latam__min_vol,0.0
2025-02-28,etfs_latam__min_vol,0.0
2025-03-31,etfs_latam__min_vol,0.0
2025-04-30,etfs_latam__min_vol,0.0
2025-05-31,etfs_latam__min_vol,0.0
2025-06-30,etfs_latam__min_vol,-0.0208405765258467
2025-07-31,etfs_latam__min_vol,-0.02961709134130197
2025-08-31,etfs_latam__min_vol,-0.01119397175886272
2025-09-30,etfs_latam__min_vol,0.0
2025-10-31,etfs_latam__min_vol,0.0
2025-11-30,etfs_latam__min_vol,0.0
2025-12-31,etfs_latam__min_vol,0.0
2026-01-31,etfs_latam__min_vol,0.0
2026-02-28,etfs_latam__min_vol,0.0
2026-03-31,etfs_latam__min_vol,-0.03987881658659698
2026-04-30,etfs_latam__min_vol,-0.027575078637065764
2015-02-28,etfs_oceania__max_sharpe,0.0
2015-03-31,etfs_oceania__max_sharpe,0.0
2015-04-30,etfs_oceania__max_sharpe,-0.0663002396731347
2015-05-31,etfs_oceania__max_sharpe,-0.0346594958864348
2015-06-30,etfs_oceania__max_sharpe,-0.09027691916313796
2015-07-31,etfs_oceania__max_sharpe,-0.020720726653656096
2015-08-31,etfs_oceania__max_sharpe,-0.07313587687287415
2015-09-30,etfs_oceania__max_sharpe,0.0
2015-10-31,etfs_oceania__max_sharpe,0.0
2015-11-30,etfs_oceania__max_sharpe,0.0
2015-12-31,etfs_oceania__max_sharpe,0.0
2016-01-31,etfs_oceania__max_sharpe,-0.04368456290459355
2016-02-29,etfs_oceania__max_sharpe,-0.08676494317590977
2016-03-31,etfs_oceania__max_sharpe,-0.07387974636172734
2016-04-30,etfs_oceania__max_sharpe,-0.07556241322674351
2016-05-31,etfs_oceania__max_sharpe,-0.07508916563566082
2016-06-30,etfs_oceania__max_sharpe,-0.14868669967531145
2016-07-31,etfs_oceania__max_sharpe,-0.07314808914203863
2016-08-31,etfs_oceania__max_sharpe,-0.11520295788358792
2016-09-30,etfs_oceania__max_sharpe,-0.07908983939543923
2016-10-31,etfs_oceania__max_sharpe,-0.1218168761137588
2016-11-30,etfs_oceania__max_sharpe,-0.04561271617979423
2016-12-31,etfs_oceania__max_sharpe,-0.08673665965056221
2017-01-31,etfs_oceania__max_sharpe,-0.07852496651339869
2017-02-28,etfs_oceania__max_sharpe,-0.05387681492463381
2017-03-31,etfs_oceania__max_sharpe,-0.01212170657601197
2017-04-30,etfs_oceania__max_sharpe,-0.008262704601610715
2017-05-31,etfs_oceania__max_sharpe,-0.028691840444700856
2017-06-30,etfs_oceania__max_sharpe,0.0
2017-07-31,etfs_oceania__max_sharpe,0.0
2017-08-31,etfs_oceania__max_sharpe,-0.008137455081970502
2017-09-30,etfs_oceania__max_sharpe,-0.010458358985788063
2017-10-31,etfs_oceania__max_sharpe,0.0
2017-11-30,etfs_oceania__max_sharpe,-0.009884850728062222
2017-12-31,etfs_oceania__max_sharpe,0.0
2018-01-31,etfs_oceania__max_sharpe,-0.01487900850910584
2018-02-28,etfs_oceania__max_sharpe,-0.03372632173134116
2018-03-31,etfs_oceania__max_sharpe,-0.047279726472399974
2018-04-30,etfs_oceania__max_sharpe,0.0
2018-05-31,etfs_oceania__max_sharpe,0.0
2018-06-30,etfs_oceania__max_sharpe,0.0
2018-07-31,etfs_oceania__max_sharpe,-0.020801988566064744
2018-08-31,etfs_oceania__max_sharpe,0.0
2018-09-30,etfs_oceania__max_sharpe,-0.0488366774389426
2018-10-31,etfs_oceania__max_sharpe,-0.18427520629604355
2018-11-30,etfs_oceania__max_sharpe,-0.1414887844097974
2018-12-31,etfs_oceania__max_sharpe,-0.16981523568316925
2019-01-31,etfs_oceania__max_sharpe,-0.1562157901963045
2019-02-28,etfs_oceania__max_sharpe,-0.11706652159927666
2019-03-31,etfs_oceania__max_sharpe,-0.06628871063911834
2019-04-30,etfs_oceania__max_sharpe,-0.044148581699010925
2019-05-31,etfs_oceania__max_sharpe,-0.03416791860994273
2019-06-30,etfs_oceania__max_sharpe,-0.023045497538293325
2019-07-31,etfs_oceania__max_sharpe,-0.03547637922651503
2019-08-31,etfs_oceania__max_sharpe,0.0
2019-09-30,etfs_oceania__max_sharpe,0.0
2019-10-31,etfs_oceania__max_sharpe,-0.029043666521698874
2019-11-30,etfs_oceania__max_sharpe,0.0
2019-12-31,etfs_oceania__max_sharpe,-0.02977362583226839
2020-01-31,etfs_oceania__max_sharpe,0.0
2020-02-29,etfs_oceania__max_sharpe,-0.044446832899107336
2020-03-31,etfs_oceania__max_sharpe,-0.14546874312343971
2020-04-30,etfs_oceania__max_sharpe,-0.0373432741677715
2020-05-31,etfs_oceania__max_sharpe,0.0
2020-06-30,etfs_oceania__max_sharpe,0.0
2020-07-31,etfs_oceania__max_sharpe,-0.014258479164843796
2020-08-31,etfs_oceania__max_sharpe,0.0
2020-09-30,etfs_oceania__max_sharpe,-0.00914382069752373
2020-10-31,etfs_oceania__max_sharpe,0.0
2020-11-30,etfs_oceania__max_sharpe,0.0
2020-12-31,etfs_oceania__max_sharpe,0.0
2021-01-31,etfs_oceania__max_sharpe,0.0
2021-02-28,etfs_oceania__max_sharpe,0.0
2021-03-31,etfs_oceania__max_sharpe,0.0
2021-04-30,etfs_oceania__max_sharpe,-0.03474982951515926
2021-05-31,etfs_oceania__max_sharpe,-0.021026907625151803
2021-06-30,etfs_oceania__max_sharpe,-0.08760175411500826
2021-07-31,etfs_oceania__max_sharpe,-0.07209147128547788
2021-08-31,etfs_oceania__max_sharpe,-0.04786042751646935
2021-09-30,etfs_oceania__max_sharpe,-0.04756140933732822
2021-10-31,etfs_oceania__max_sharpe,0.0
2021-11-30,etfs_oceania__max_sharpe,-0.08282400910508636
2021-12-31,etfs_oceania__max_sharpe,-0.0405512699500955
2022-01-31,etfs_oceania__max_sharpe,-0.15033872974915818
2022-02-28,etfs_oceania__max_sharpe,-0.13922716872011653
2022-03-31,etfs_oceania__max_sharpe,-0.1254944071083114
2022-04-30,etfs_oceania__max_sharpe,-0.15804346854801898
2022-05-31,etfs_oceania__max_sharpe,-0.18635979630849075
2022-06-30,etfs_oceania__max_sharpe,-0.21344849169184077
2022-07-31,etfs_oceania__max_sharpe,-0.15681452363912474
2022-08-31,etfs_oceania__max_sharpe,-0.19712112793992176
2022-09-30,etfs_oceania__max_sharpe,-0.2425331775402354
2022-10-31,etfs_oceania__max_sharpe,-0.21603123507598132
2022-11-30,etfs_oceania__max_sharpe,-0.10709780032895477
2022-12-31,etfs_oceania__max_sharpe,-0.14366056103973035
2023-01-31,etfs_oceania__max_sharpe,-0.07310025848410906
2023-02-28,etfs_oceania__max_sharpe,-0.13278110009281907
2023-03-31,etfs_oceania__max_sharpe,-0.14839940892446912
2023-04-30,etfs_oceania__max_sharpe,-0.16062572148275323
2023-05-31,etfs_oceania__max_sharpe,-0.19735147337228864
2023-06-30,etfs_oceania__max_sharpe,-0.186914736176776
2023-07-31,etfs_oceania__max_sharpe,-0.1806583866734035
2023-08-31,etfs_oceania__max_sharpe,-0.19376452648157616
2023-09-30,etfs_oceania__max_sharpe,-0.19610977201575563
2023-10-31,etfs_oceania__max_sharpe,-0.22283844998971714
2023-11-30,etfs_oceania__max_sharpe,-0.1824348769275892
2023-12-31,etfs_oceania__max_sharpe,-0.10554715155051819
2024-01-31,etfs_oceania__max_sharpe,-0.11409196524178111
2024-02-29,etfs_oceania__max_sharpe,-0.09975904785287215
2024-03-31,etfs_oceania__max_sharpe,-0.0676114507320823
2024-04-30,etfs_oceania__max_sharpe,-0.09511475718574258
2024-05-31,etfs_oceania__max_sharpe,-0.028432893223085842
2024-06-30,etfs_oceania__max_sharpe,0.0
2024-07-31,etfs_oceania__max_sharpe,0.0
2024-08-31,etfs_oceania__max_sharpe,0.0
2024-09-30,etfs_oceania__max_sharpe,0.0
2024-10-31,etfs_oceania__max_sharpe,-0.008281111987662126
2024-11-30,etfs_oceania__max_sharpe,0.0
2024-12-31,etfs_oceania__max_sharpe,-0.05698381735804181
2025-01-31,etfs_oceania__max_sharpe,-0.07510938689231772
2025-02-28,etfs_oceania__max_sharpe,-0.10385853097607822
2025-03-31,etfs_oceania__max_sharpe,-0.13653517992742714
2025-04-30,etfs_oceania__max_sharpe,-0.11302111266599724
2025-05-31,etfs_oceania__max_sharpe,-0.06458689671653983
2025-06-30,etfs_oceania__max_sharpe,-0.06341302833146534
2025-07-31,etfs_oceania__max_sharpe,-0.05769436592317101
2025-08-31,etfs_oceania__max_sharpe,-0.04787234663833728
2025-09-30,etfs_oceania__max_sharpe,-0.06669702775899533
2025-10-31,etfs_oceania__max_sharpe,-0.06416228786056888
2025-11-30,etfs_oceania__max_sharpe,-0.10079037561333792
2025-12-31,etfs_oceania__max_sharpe,-0.052489925019717165
2026-01-31,etfs_oceania__max_sharpe,-0.0486673311915512
2026-02-28,etfs_oceania__max_sharpe,0.0
2026-03-31,etfs_oceania__max_sharpe,-0.05455253423451023
2026-04-30,etfs_oceania__max_sharpe,-0.023440608060397383
2015-02-28,etfs_oceania__min_vol,0.0
2015-03-31,etfs_oceania__min_vol,0.0
2015-04-30,etfs_oceania__min_vol,-0.0684746493649726
2015-05-31,etfs_oceania__min_vol,-0.04485089494931149
2015-06-30,etfs_oceania__min_vol,-0.10622204502297727
2015-07-31,etfs_oceania__min_vol,-0.03485053457796894
2015-08-31,etfs_oceania__min_vol,-0.0763977600823098
2015-09-30,etfs_oceania__min_vol,0.0
2015-10-31,etfs_oceania__min_vol,0.0
2015-11-30,etfs_oceania__min_vol,0.0
2015-12-31,etfs_oceania__min_vol,0.0
2016-01-31,etfs_oceania__min_vol,-0.042038393876042024
2016-02-29,etfs_oceania__min_vol,-0.07095708941010626
2016-03-31,etfs_oceania__min_vol,-0.05269017597896031
2016-04-30,etfs_oceania__min_vol,-0.05849506863636422
2016-05-31,etfs_oceania__min_vol,-0.04997178437723171
2016-06-30,etfs_oceania__min_vol,-0.11931003696837628
2016-07-31,etfs_oceania__min_vol,-0.03926450418808125
2016-08-31,etfs_oceania__min_vol,-0.07186774994795986
2016-09-30,etfs_oceania__min_vol,-0.0432682126006958
2016-10-31,etfs_oceania__min_vol,-0.10318669221618071
2016-11-30,etfs_oceania__min_vol,-0.03207487460253522
2016-12-31,etfs_oceania__min_vol,-0.08560786949076105
2017-01-31,etfs_oceania__min_vol,-0.0656900186249848
2017-02-28,etfs_oceania__min_vol,-0.05216219897483054
2017-03-31,etfs_oceania__min_vol,-0.025197588934247173
2017-04-30,etfs_oceania__min_vol,-0.016893072393526776
2017-05-31,etfs_oceania__min_vol,-0.012888716780697473
2017-06-30,etfs_oceania__min_vol,0.0
2017-07-31,etfs_oceania__min_vol,0.0
2017-08-31,etfs_oceania__min_vol,-0.014074288677170643
2017-09-30,etfs_oceania__min_vol,-0.010209706981133548
2017-10-31,etfs_oceania__min_vol,0.0
2017-11-30,etfs_oceania__min_vol,-0.011127286886089549
2017-12-31,etfs_oceania__min_vol,0.0
2018-01-31,etfs_oceania__min_vol,-0.009271440943576015
2018-02-28,etfs_oceania__min_vol,-0.024644707101343588
2018-03-31,etfs_oceania__min_vol,-0.024197669303999136
2018-04-30,etfs_oceania__min_vol,0.0
2018-05-31,etfs_oceania__min_vol,0.0
2018-06-30,etfs_oceania__min_vol,0.0
2018-07-31,etfs_oceania__min_vol,-0.025270424161637717
2018-08-31,etfs_oceania__min_vol,0.0
2018-09-30,etfs_oceania__min_vol,-0.04671778844270802
2018-10-31,etfs_oceania__min_vol,-0.18213386439681967
2018-11-30,etfs_oceania__min_vol,-0.12490725981956186
2018-12-31,etfs_oceania__min_vol,-0.15135468389418705
2019-01-31,etfs_oceania__min_vol,-0.14074206165130043
2019-02-28,etfs_oceania__min_vol,-0.10512517965372914
2019-03-31,etfs_oceania__min_vol,-0.04059717334099722
2019-04-30,etfs_oceania__min_vol,-0.021019998852197408
2019-05-31,etfs_oceania__min_vol,-0.018198227005542633
2019-06-30,etfs_oceania__min_vol,-0.005367208799243461
2019-07-31,etfs_oceania__min_vol,-0.010793119210071644
2019-08-31,etfs_oceania__min_vol,0.0
2019-09-30,etfs_oceania__min_vol,0.0
2019-10-31,etfs_oceania__min_vol,-0.029281533939839233
2019-11-30,etfs_oceania__min_vol,0.0
2019-12-31,etfs_oceania__min_vol,-0.017195416706918154
2020-01-31,etfs_oceania__min_vol,0.0
2020-02-29,etfs_oceania__min_vol,-0.032494084976560145
2020-03-31,etfs_oceania__min_vol,-0.11095347226527097
2020-04-30,etfs_oceania__min_vol,0.0
2020-05-31,etfs_oceania__min_vol,0.0
2020-06-30,etfs_oceania__min_vol,0.0
2020-07-31,etfs_oceania__min_vol,-0.013306348402628454
2020-08-31,etfs_oceania__min_vol,0.0
2020-09-30,etfs_oceania__min_vol,-0.008887360710269632
2020-10-31,etfs_oceania__min_vol,0.0
2020-11-30,etfs_oceania__min_vol,0.0
2020-12-31,etfs_oceania__min_vol,0.0
2021-01-31,etfs_oceania__min_vol,0.0
2021-02-28,etfs_oceania__min_vol,0.0
2021-03-31,etfs_oceania__min_vol,0.0
2021-04-30,etfs_oceania__min_vol,-0.03666131507280135
2021-05-31,etfs_oceania__min_vol,-0.0453886662439722
2021-06-30,etfs_oceania__min_vol,-0.10789041666765664
2021-07-31,etfs_oceania__min_vol,-0.09176899803343253
2021-08-31,etfs_oceania__min_vol,-0.05578307967565399
2021-09-30,etfs_oceania__min_vol,-0.050840437115706405
2021-10-31,etfs_oceania__min_vol,0.0
2021-11-30,etfs_oceania__min_vol,-0.08452997351841474
2021-12-31,etfs_oceania__min_vol,-0.05125780128305102
2022-01-31,etfs_oceania__min_vol,-0.16995983047759755
2022-02-28,etfs_oceania__min_vol,-0.16069699731102804
2022-03-31,etfs_oceania__min_vol,-0.16780467106640318
2022-04-30,etfs_oceania__min_vol,-0.204434752684586
2022-05-31,etfs_oceania__min_vol,-0.23955758908270874
2022-06-30,etfs_oceania__min_vol,-0.253988732705984
2022-07-31,etfs_oceania__min_vol,-0.1980275897330891
2022-08-31,etfs_oceania__min_vol,-0.23479827899197725
2022-09-30,etfs_oceania__min_vol,-0.2812168049560164
2022-10-31,etfs_oceania__min_vol,-0.25544393985184444
2022-11-30,etfs_oceania__min_vol,-0.15757358027818424
2022-12-31,etfs_oceania__min_vol,-0.1807923894746445
2023-01-31,etfs_oceania__min_vol,-0.12393139139752252
2023-02-28,etfs_oceania__min_vol,-0.17534012909060703
2023-03-31,etfs_oceania__min_vol,-0.18596129590749988
2023-04-30,etfs_oceania__min_vol,-0.19978415110587644
2023-05-31,etfs_oceania__min_vol,-0.23235615048138836
2023-06-30,etfs_oceania__min_vol,-0.22527258965677688
2023-07-31,etfs_oceania__min_vol,-0.22273637195262286
2023-08-31,etfs_oceania__min_vol,-0.24620609243664593
2023-09-30,etfs_oceania__min_vol,-0.24604233729102454
2023-10-31,etfs_oceania__min_vol,-0.27658114386075705
2023-11-30,etfs_oceania__min_vol,-0.23176951493805642
2023-12-31,etfs_oceania__min_vol,-0.1690161988428266
2024-01-31,etfs_oceania__min_vol,-0.18230021993242196
2024-02-29,etfs_oceania__min_vol,-0.17762635519441428
2024-03-31,etfs_oceania__min_vol,-0.15346926993684662
2024-04-30,etfs_oceania__min_vol,-0.1712877029639801
2024-05-31,etfs_oceania__min_vol,-0.11100015937018737
2024-06-30,etfs_oceania__min_vol,-0.05841314367341077
2024-07-31,etfs_oceania__min_vol,-0.017605714533590056
2024-08-31,etfs_oceania__min_vol,0.0
2024-09-30,etfs_oceania__min_vol,-0.0012144708187679099
2024-10-31,etfs_oceania__min_vol,-0.0030427880496124438
2024-11-30,etfs_oceania__min_vol,0.0
2024-12-31,etfs_oceania__min_vol,-0.05076068060026351
2025-01-31,etfs_oceania__min_vol,-0.07887116123331617
2025-02-28,etfs_oceania__min_vol,-0.11643811662801373
2025-03-31,etfs_oceania__min_vol,-0.14443735381107614
2025-04-30,etfs_oceania__min_vol,-0.1311643478879424
2025-05-31,etfs_oceania__min_vol,-0.08489049748215272
2025-06-30,etfs_oceania__min_vol,-0.08318433741671627
2025-07-31,etfs_oceania__min_vol,-0.07783356243387163
2025-08-31,etfs_oceania__min_vol,-0.08033910306956793
2025-09-30,etfs_oceania__min_vol,-0.09122497341151992
2025-10-31,etfs_oceania__min_vol,-0.08664071974201648
2025-11-30,etfs_oceania__min_vol,-0.11453567729542591
2025-12-31,etfs_oceania__min_vol,-0.07398807158933018
2026-01-31,etfs_oceania__min_vol,-0.07624251527871173
2026-02-28,etfs_oceania__min_vol,-0.028547496854662624
2026-03-31,etfs_oceania__min_vol,-0.08882386242802343
2026-04-30,etfs_oceania__min_vol,-0.06695442345027525
2015-02-28,etfs_brasil__min_vol,0.0
2015-03-31,etfs_brasil__min_vol,-0.010197927187564293
2015-04-30,etfs_brasil__min_vol,0.0
2015-05-31,etfs_brasil__min_vol,-0.05986818970541552
2015-06-30,etfs_brasil__min_vol,-0.05785426417442563
2015-07-31,etfs_brasil__min_vol,-0.09611863974122625
2015-08-31,etfs_brasil__min_vol,-0.16990111608881064
2015-09-30,etfs_brasil__min_vol,-0.20486998984865867
2015-10-31,etfs_brasil__min_vol,-0.18711090453793222
2015-11-30,etfs_brasil__min_vol,-0.1999267371382295
2015-12-31,etfs_brasil__min_vol,-0.22867078191168566
2016-01-31,etfs_brasil__min_vol,-0.28249726486480053
2016-02-29,etfs_brasil__min_vol,-0.24112043988446952
2016-03-31,etfs_brasil__min_vol,-0.10948369936245927
2016-04-30,etfs_brasil__min_vol,-0.045221483967550435
2016-05-31,etfs_brasil__min_vol,-0.1391431457843646
2016-06-30,etfs_brasil__min_vol,-0.08641518671379034
2016-07-31,etfs_brasil__min_vol,0.0
2016-08-31,etfs_brasil__min_vol,0.0
2016-09-30,etfs_brasil__min_vol,0.0
2016-10-31,etfs_brasil__min_vol,0.0
2016-11-30,etfs_brasil__min_vol,-0.04610495159822481
2016-12-31,etfs_brasil__min_vol,-0.07408584633332405
2017-01-31,etfs_brasil__min_vol,-0.008108141873742869
2017-02-28,etfs_brasil__min_vol,0.0
2017-03-31,etfs_brasil__min_vol,-0.026666685592296457
2017-04-30,etfs_brasil__min_vol,-0.02031009881071355
2017-05-31,etfs_brasil__min_vol,-0.061085250026495896
2017-06-30,etfs_brasil__min_vol,-0.055348832477894905
2017-07-31,etfs_brasil__min_vol,-0.01209300433018412
2017-08-31,etfs_brasil__min_vol,0.0
2017-09-30,etfs_brasil__min_vol,0.0
2017-10-31,etfs_brasil__min_vol,0.0
2017-11-30,etfs_brasil__min_vol,-0.033022087613772566
2017-12-31,etfs_brasil__min_vol,0.0
2018-01-31,etfs_brasil__min_vol,0.0
2018-02-28,etfs_brasil__min_vol,0.0
2018-03-31,etfs_brasil__min_vol,-0.0008484811493846278
2018-04-30,etfs_brasil__min_vol,0.0
2018-05-31,etfs_brasil__min_vol,-0.1095215265319579
2018-06-30,etfs_brasil__min_vol,-0.1542438300551
2018-07-31,etfs_brasil__min_vol,-0.08090891238569553
2018-08-31,etfs_brasil__min_vol,-0.10892038381045788
2018-09-30,etfs_brasil__min_vol,-0.07898532905409728
2018-10-31,etfs_brasil__min_vol,0.0
2018-11-30,etfs_brasil__min_vol,0.0
2018-12-31,etfs_brasil__min_vol,-0.020493275630131813
2019-01-31,etfs_brasil__min_vol,0.0
2019-02-28,etfs_brasil__min_vol,-0.001702166618184786
2019-03-31,etfs_brasil__min_vol,-0.023297898312832355
2019-04-30,etfs_brasil__min_vol,-0.011914922835979058
2019-05-31,etfs_brasil__min_vol,-0.004361741086270077
2019-06-30,etfs_brasil__min_vol,0.0
2019-07-31,etfs_brasil__min_vol,0.0
2019-08-31,etfs_brasil__min_vol,-0.0037763087763339476
2019-09-30,etfs_brasil__min_vol,0.0
2019-10-31,etfs_brasil__min_vol,0.0
2019-11-30,etfs_brasil__min_vol,0.0
2019-12-31,etfs_brasil__min_vol,0.0
2020-01-31,etfs_brasil__min_vol,-0.020947601912568503
2020-02-29,etfs_brasil__min_vol,-0.0955677835296036
2020-03-31,etfs_brasil__min_vol,-0.3765171592094706
2020-04-30,etfs_brasil__min_vol,-0.3058527667511779
2020-05-31,etfs_brasil__min_vol,-0.24345950745102307
2020-06-30,etfs_brasil__min_vol,-0.17630135771392286
2020-07-31,etfs_brasil__min_vol,-0.10734515940893385
2020-08-31,etfs_brasil__min_vol,-0.13962065935443824
2020-09-30,etfs_brasil__min_vol,-0.18142587158267742
2020-10-31,etfs_brasil__min_vol,-0.1849321143038698
2020-11-30,etfs_brasil__min_vol,-0.056010097715647245
2020-12-31,etfs_brasil__min_vol,0.0
2021-01-31,etfs_brasil__min_vol,-0.04318481489722603
2021-02-28,etfs_brasil__min_vol,-0.08619650757954422
2021-03-31,etfs_brasil__min_vol,-0.030549600306892466
2021-04-30,etfs_brasil__min_vol,-0.009952414500273177
2021-05-31,etfs_brasil__min_vol,0.0
2021-06-30,etfs_brasil__min_vol,0.0
2021-07-31,etfs_brasil__min_vol,-0.03858465678058465
2021-08-31,etfs_brasil__min_vol,-0.06345945228199146
2021-09-30,etfs_brasil__min_vol,-0.1257696412599869
2021-10-31,etfs_brasil__min_vol,-0.1816763623426958
2021-11-30,etfs_brasil__min_vol,-0.19259502138309958
2021-12-31,etfs_brasil__min_vol,-0.17248169220863496
2022-01-31,etfs_brasil__min_vol,-0.11353743107176051
2022-02-28,etfs_brasil__min_vol,-0.10598469987247805
2022-03-31,etfs_brasil__min_vol,-0.05098102954550576
2022-04-30,etfs_brasil__min_vol,-0.1511369871250442
2022-05-31,etfs_brasil__min_vol,-0.12010506154374201
2022-06-30,etfs_brasil__min_vol,-0.22009685654658573
2022-07-31,etfs_brasil__min_vol,-0.18479595236842572
2022-08-31,etfs_brasil__min_vol,-0.13118788316084062
2022-09-30,etfs_brasil__min_vol,-0.1260159164418122
2022-10-31,etfs_brasil__min_vol,-0.07930380285959815
2022-11-30,etfs_brasil__min_vol,-0.1086117395345575
2022-12-31,etfs_brasil__min_vol,-0.13020278243353955
2023-01-31,etfs_brasil__min_vol,-0.09826780609650076
2023-02-28,etfs_brasil__min_vol,-0.16960837736473033
2023-03-31,etfs_brasil__min_vol,-0.1914456954455377
2023-04-30,etfs_brasil__min_vol,-0.17166075405802872
2023-05-31,etfs_brasil__min_vol,-0.13931533996247003
2023-06-30,etfs_brasil__min_vol,-0.06272062673651557
2023-07-31,etfs_brasil__min_vol,-0.031688701155213383
2023-08-31,etfs_brasil__min_vol,-0.07799031434534132
2023-09-30,etfs_brasil__min_vol,-0.07109429608640427
2023-10-31,etfs_brasil__min_vol,-0.10007384497440786
2023-11-30,etfs_brasil__min_vol,0.0
2023-12-31,etfs_brasil__min_vol,0.0
2024-01-31,etfs_brasil__min_vol,-0.049390309621533235
2024-02-29,etfs_brasil__min_vol,-0.03942019643921035
2024-03-31,etfs_brasil__min_vol,-0.04647593823882534
2024-04-30,etfs_brasil__min_vol,-0.061431108012309665
2024-05-31,etfs_brasil__min_vol,-0.08996085422537636
2024-06-30,etfs_brasil__min_vol,-0.07676970766996694
2024-07-31,etfs_brasil__min_vol,-0.04870004221063928
2024-08-31,etfs_brasil__min_vol,0.0
2024-09-30,etfs_brasil__min_vol,-0.031448063618330746
2024-10-31,etfs_brasil__min_vol,-0.047812999060767525
2024-11-30,etfs_brasil__min_vol,-0.07752643993595454
2024-12-31,etfs_brasil__min_vol,-0.11561092575276122
2025-01-31,etfs_brasil__min_vol,-0.07239823274232204
2025-02-28,etfs_brasil__min_vol,-0.09494723520190973
2025-03-31,etfs_brasil__min_vol,-0.03996985526245245
2025-04-30,etfs_brasil__min_vol,-0.007315242655010823
2025-05-31,etfs_brasil__min_vol,0.0
2025-06-30,etfs_brasil__min_vol,0.0
2025-07-31,etfs_brasil__min_vol,-0.043945535167323135
2025-08-31,etfs_brasil__min_vol,0.0
2025-09-30,etfs_brasil__min_vol,0.0
2025-10-31,etfs_brasil__min_vol,0.0
2025-11-30,etfs_brasil__min_vol,0.0
2025-12-31,etfs_brasil__min_vol,0.0
2026-01-31,etfs_brasil__min_vol,0.0
2026-02-28,etfs_brasil__min_vol,0.0
2026-03-31,etfs_brasil__min_vol,-0.004752672636680111
2026-04-30,etfs_brasil__min_vol,0.0
2015-02-28,etfs_brasil__max_sharpe,0.0
2015-03-31,etfs_brasil__max_sharpe,-0.010197927187564293
2015-04-30,etfs_brasil__max_sharpe,0.0
2015-05-31,etfs_brasil__max_sharpe,-0.05986818970541552
2015-06-30,etfs_brasil__max_sharpe,-0.05785426417442563
2015-07-31,etfs_brasil__max_sharpe,-0.09611863974122625
2015-08-31,etfs_brasil__max_sharpe,-0.16990111608881064
2015-09-30,etfs_brasil__max_sharpe,-0.20486998984865867
2015-10-31,etfs_brasil__max_sharpe,-0.18711090453793222
2015-11-30,etfs_brasil__max_sharpe,-0.1999267371382295
2015-12-31,etfs_brasil__max_sharpe,-0.22867078191168566
2016-01-31,etfs_brasil__max_sharpe,-0.28249726486480053
2016-02-29,etfs_brasil__max_sharpe,-0.24112043988446952
2016-03-31,etfs_brasil__max_sharpe,-0.10948369936245927
2016-04-30,etfs_brasil__max_sharpe,-0.045221483967550435
2016-05-31,etfs_brasil__max_sharpe,-0.1391431457843646
2016-06-30,etfs_brasil__max_sharpe,-0.08641518671379034
2016-07-31,etfs_brasil__max_sharpe,0.0
2016-08-31,etfs_brasil__max_sharpe,0.0
2016-09-30,etfs_brasil__max_sharpe,0.0
2016-10-31,etfs_brasil__max_sharpe,0.0
2016-11-30,etfs_brasil__max_sharpe,-0.04610495159822481
2016-12-31,etfs_brasil__max_sharpe,-0.07408584633332405
2017-01-31,etfs_brasil__max_sharpe,-0.008108141873742869
2017-02-28,etfs_brasil__max_sharpe,0.0
2017-03-31,etfs_brasil__max_sharpe,-0.026666685592296457
2017-04-30,etfs_brasil__max_sharpe,-0.02031009881071355
2017-05-31,etfs_brasil__max_sharpe,-0.061085250026495896
2017-06-30,etfs_brasil__max_sharpe,-0.055348832477894905
2017-07-31,etfs_brasil__max_sharpe,-0.01209300433018412
2017-08-31,etfs_brasil__max_sharpe,0.0
2017-09-30,etfs_brasil__max_sharpe,0.0
2017-10-31,etfs_brasil__max_sharpe,0.0
2017-11-30,etfs_brasil__max_sharpe,-0.033022087613772566
2017-12-31,etfs_brasil__max_sharpe,0.0
2018-01-31,etfs_brasil__max_sharpe,0.0
2018-02-28,etfs_brasil__max_sharpe,0.0
2018-03-31,etfs_brasil__max_sharpe,-0.0008484811493846278
2018-04-30,etfs_brasil__max_sharpe,0.0
2018-05-31,etfs_brasil__max_sharpe,-0.1095215265319579
2018-06-30,etfs_brasil__max_sharpe,-0.1542438300551
2018-07-31,etfs_brasil__max_sharpe,-0.08090891238569553
2018-08-31,etfs_brasil__max_sharpe,-0.10892038381045788
2018-09-30,etfs_brasil__max_sharpe,-0.07898532905409728
2018-10-31,etfs_brasil__max_sharpe,0.0
2018-11-30,etfs_brasil__max_sharpe,0.0
2018-12-31,etfs_brasil__max_sharpe,-0.020493275630131813
2019-01-31,etfs_brasil__max_sharpe,0.0
2019-02-28,etfs_brasil__max_sharpe,-0.001702166618184786
2019-03-31,etfs_brasil__max_sharpe,-0.023297898312832355
2019-04-30,etfs_brasil__max_sharpe,-0.011914922835979058
2019-05-31,etfs_brasil__max_sharpe,-0.004361741086270077
2019-06-30,etfs_brasil__max_sharpe,0.0
2019-07-31,etfs_brasil__max_sharpe,0.0
2019-08-31,etfs_brasil__max_sharpe,-0.0037763087763339476
2019-09-30,etfs_brasil__max_sharpe,0.0
2019-10-31,etfs_brasil__max_sharpe,0.0
2019-11-30,etfs_brasil__max_sharpe,0.0
2019-12-31,etfs_brasil__max_sharpe,0.0
2020-01-31,etfs_brasil__max_sharpe,-0.020947601912568503
2020-02-29,etfs_brasil__max_sharpe,-0.0955677835296036
2020-03-31,etfs_brasil__max_sharpe,-0.3765171592094706
2020-04-30,etfs_brasil__max_sharpe,-0.305852766751178
2020-05-31,etfs_brasil__max_sharpe,-0.24345950745102318
2020-06-30,etfs_brasil__max_sharpe,-0.17630135771392286
2020-07-31,etfs_brasil__max_sharpe,-0.10734515940893385
2020-08-31,etfs_brasil__max_sharpe,-0.13962065935443824
2020-09-30,etfs_brasil__max_sharpe,-0.18142587158267742
2020-10-31,etfs_brasil__max_sharpe,-0.1849321143038698
2020-11-30,etfs_brasil__max_sharpe,-0.056010097715647245
2020-12-31,etfs_brasil__max_sharpe,0.0
2021-01-31,etfs_brasil__max_sharpe,-0.04318481489722603
2021-02-28,etfs_brasil__max_sharpe,-0.08619650757954422
2021-03-31,etfs_brasil__max_sharpe,-0.030549600306892466
2021-04-30,etfs_brasil__max_sharpe,-0.009952414500273177
2021-05-31,etfs_brasil__max_sharpe,0.0
2021-06-30,etfs_brasil__max_sharpe,0.0
2021-07-31,etfs_brasil__max_sharpe,-0.03858465678058465
2021-08-31,etfs_brasil__max_sharpe,-0.06345945228199146
2021-09-30,etfs_brasil__max_sharpe,-0.1257696412599869
2021-10-31,etfs_brasil__max_sharpe,-0.1816763623426958
2021-11-30,etfs_brasil__max_sharpe,-0.19259502138309958
2021-12-31,etfs_brasil__max_sharpe,-0.17248169220863496
2022-01-31,etfs_brasil__max_sharpe,-0.11353743107176051
2022-02-28,etfs_brasil__max_sharpe,-0.10598469987247805
2022-03-31,etfs_brasil__max_sharpe,-0.05098102954550576
2022-04-30,etfs_brasil__max_sharpe,-0.1511369871250442
2022-05-31,etfs_brasil__max_sharpe,-0.12010506154374201
2022-06-30,etfs_brasil__max_sharpe,-0.22009685654658573
2022-07-31,etfs_brasil__max_sharpe,-0.18479595236842572
2022-08-31,etfs_brasil__max_sharpe,-0.13118788316084062
2022-09-30,etfs_brasil__max_sharpe,-0.1260159164418122
2022-10-31,etfs_brasil__max_sharpe,-0.07930380285959815
2022-11-30,etfs_brasil__max_sharpe,-0.1086117395345575
2022-12-31,etfs_brasil__max_sharpe,-0.13020278243353955
2023-01-31,etfs_brasil__max_sharpe,-0.09826780609650076
2023-02-28,etfs_brasil__max_sharpe,-0.16960837736473033
2023-03-31,etfs_brasil__max_sharpe,-0.1914456954455377
2023-04-30,etfs_brasil__max_sharpe,-0.17166075405802872
2023-05-31,etfs_brasil__max_sharpe,-0.13931533996247003
2023-06-30,etfs_brasil__max_sharpe,-0.06272062673651557
2023-07-31,etfs_brasil__max_sharpe,-0.031688701155213383
2023-08-31,etfs_brasil__max_sharpe,-0.07799031434534132
2023-09-30,etfs_brasil__max_sharpe,-0.07109429608640427
2023-10-31,etfs_brasil__max_sharpe,-0.10007384497440786
2023-11-30,etfs_brasil__max_sharpe,0.0
2023-12-31,etfs_brasil__max_sharpe,0.0
2024-01-31,etfs_brasil__max_sharpe,-0.049390309621533235
2024-02-29,etfs_brasil__max_sharpe,-0.03942019643921035
2024-03-31,etfs_brasil__max_sharpe,-0.04647593823882534
2024-04-30,etfs_brasil__max_sharpe,-0.061431108012309665
2024-05-31,etfs_brasil__max_sharpe,-0.08996085422537636
2024-06-30,etfs_brasil__max_sharpe,-0.07676970766996694
2024-07-31,etfs_brasil__max_sharpe,-0.04870004221063928
2024-08-31,etfs_brasil__max_sharpe,0.0
2024-09-30,etfs_brasil__max_sharpe,-0.031448063618330746
2024-10-31,etfs_brasil__max_sharpe,-0.047812999060767525
2024-11-30,etfs_brasil__max_sharpe,-0.07752643993595454
2024-12-31,etfs_brasil__max_sharpe,-0.11561092575276122
2025-01-31,etfs_brasil__max_sharpe,-0.07239823274232204
2025-02-28,etfs_brasil__max_sharpe,-0.09494723520190973
2025-03-31,etfs_brasil__max_sharpe,-0.03996985526245245
2025-04-30,etfs_brasil__max_sharpe,-0.007315242655010823
2025-05-31,etfs_brasil__max_sharpe,0.0
2025-06-30,etfs_brasil__max_sharpe,0.0
2025-07-31,etfs_brasil__max_sharpe,-0.043945535167323135
2025-08-31,etfs_brasil__max_sharpe,0.0
2025-09-30,etfs_brasil__max_sharpe,0.0
2025-10-31,etfs_brasil__max_sharpe,0.0
2025-11-30,etfs_brasil__max_sharpe,0.0
2025-12-31,etfs_brasil__max_sharpe,0.0
2026-01-31,etfs_brasil__max_sharpe,0.0
2026-02-28,etfs_brasil__max_sharpe,0.0
2026-03-31,etfs_brasil__max_sharpe,-0.004752672636680111
2026-04-30,etfs_brasil__max_sharpe,0.0
