data,carteira,base100
2015-02-28,etfs_com_tudo__max_sharpe,116.10347411576554
2015-03-31,etfs_com_tudo__max_sharpe,124.46961708882618
2015-04-30,etfs_com_tudo__max_sharpe,120.49610259860451
2015-05-31,etfs_com_tudo__max_sharpe,125.27621121271588
2015-06-30,etfs_com_tudo__max_sharpe,123.03328082518298
2015-07-31,etfs_com_tudo__max_sharpe,128.18544328537797
2015-08-31,etfs_com_tudo__max_sharpe,125.04788983936159
2015-09-30,etfs_com_tudo__max_sharpe,134.71931891079038
2015-10-31,etfs_com_tudo__max_sharpe,141.12377668410082
2015-11-30,etfs_com_tudo__max_sharpe,140.3568107170359
2015-12-31,etfs_com_tudo__max_sharpe,141.65439646156642
2016-01-31,etfs_com_tudo__max_sharpe,136.2523990635642
2016-02-29,etfs_com_tudo__max_sharpe,137.81573296604785
2016-03-31,etfs_com_tudo__max_sharpe,137.17403964578597
2016-04-30,etfs_com_tudo__max_sharpe,138.21720447579756
2016-05-31,etfs_com_tudo__max_sharpe,141.13969716688817
2016-06-30,etfs_com_tudo__max_sharpe,137.78991024702182
2016-07-31,etfs_com_tudo__max_sharpe,144.913861311494
2016-08-31,etfs_com_tudo__max_sharpe,142.36780966088043
2016-09-30,etfs_com_tudo__max_sharpe,146.56015404212175
2016-10-31,etfs_com_tudo__max_sharpe,147.4248824985215
2016-11-30,etfs_com_tudo__max_sharpe,153.59987956496158
2016-12-31,etfs_com_tudo__max_sharpe,150.52223775422925
2017-01-31,etfs_com_tudo__max_sharpe,153.16496708966324
2017-02-28,etfs_com_tudo__max_sharpe,159.49434760042084
2017-03-31,etfs_com_tudo__max_sharpe,161.47977933040244
2017-04-30,etfs_com_tudo__max_sharpe,169.2534036152902
2017-05-31,etfs_com_tudo__max_sharpe,186.2576733896536
2017-06-30,etfs_com_tudo__max_sharpe,189.683996759024
2017-07-31,etfs_com_tudo__max_sharpe,193.83082646532617
2017-08-31,etfs_com_tudo__max_sharpe,209.17536600271268
2017-09-30,etfs_com_tudo__max_sharpe,211.37647019970865
2017-10-31,etfs_com_tudo__max_sharpe,231.38189400029609
2017-11-30,etfs_com_tudo__max_sharpe,242.19697192653175
2017-12-31,etfs_com_tudo__max_sharpe,264.08110806584943
2018-01-31,etfs_com_tudo__max_sharpe,263.2212550430163
2018-02-28,etfs_com_tudo__max_sharpe,260.2618375603901
2018-03-31,etfs_com_tudo__max_sharpe,255.8592660995354
2018-04-30,etfs_com_tudo__max_sharpe,274.4959940314704
2018-05-31,etfs_com_tudo__max_sharpe,278.4054644901361
2018-06-30,etfs_com_tudo__max_sharpe,277.93178558334375
2018-07-31,etfs_com_tudo__max_sharpe,283.8140505927072
2018-08-31,etfs_com_tudo__max_sharpe,302.5789492850442
2018-09-30,etfs_com_tudo__max_sharpe,293.7614605264046
2018-10-31,etfs_com_tudo__max_sharpe,264.19089781754343
2018-11-30,etfs_com_tudo__max_sharpe,265.62698646520136
2018-12-31,etfs_com_tudo__max_sharpe,257.0045588921379
2019-01-31,etfs_com_tudo__max_sharpe,264.4257811563083
2019-02-28,etfs_com_tudo__max_sharpe,272.07822786343263
2019-03-31,etfs_com_tudo__max_sharpe,286.2666805921861
2019-04-30,etfs_com_tudo__max_sharpe,303.75426109708917
2019-05-31,etfs_com_tudo__max_sharpe,313.0238647787262
2019-06-30,etfs_com_tudo__max_sharpe,328.6121980214918
2019-07-31,etfs_com_tudo__max_sharpe,324.2930685404427
2019-08-31,etfs_com_tudo__max_sharpe,341.8967042950876
2019-09-30,etfs_com_tudo__max_sharpe,341.2861828399872
2019-10-31,etfs_com_tudo__max_sharpe,341.11312592692246
2019-11-30,etfs_com_tudo__max_sharpe,353.4083730996011
2019-12-31,etfs_com_tudo__max_sharpe,359.0218321464417
2020-01-31,etfs_com_tudo__max_sharpe,378.38739491323446
2020-02-29,etfs_com_tudo__max_sharpe,369.73818132647045
2020-03-31,etfs_com_tudo__max_sharpe,333.0446590283275
2020-04-30,etfs_com_tudo__max_sharpe,377.2533446482593
2020-05-31,etfs_com_tudo__max_sharpe,407.8861403687622
2020-06-30,etfs_com_tudo__max_sharpe,431.0273665681141
2020-07-31,etfs_com_tudo__max_sharpe,450.2409183888751
2020-08-31,etfs_com_tudo__max_sharpe,478.12446526691826
2020-09-30,etfs_com_tudo__max_sharpe,474.735902414182
2020-10-31,etfs_com_tudo__max_sharpe,490.67170444383487
2020-11-30,etfs_com_tudo__max_sharpe,531.0298787065248
2020-12-31,etfs_com_tudo__max_sharpe,575.8912598860196
2021-01-31,etfs_com_tudo__max_sharpe,603.2227231240233
2021-02-28,etfs_com_tudo__max_sharpe,640.811780489047
2021-03-31,etfs_com_tudo__max_sharpe,698.5862793478273
2021-04-30,etfs_com_tudo__max_sharpe,674.7011787528378
2021-05-31,etfs_com_tudo__max_sharpe,659.647038341092
2021-06-30,etfs_com_tudo__max_sharpe,629.6780535881154
2021-07-31,etfs_com_tudo__max_sharpe,649.1004291206234
2021-08-31,etfs_com_tudo__max_sharpe,675.5124514468907
2021-09-30,etfs_com_tudo__max_sharpe,670.3629857929858
2021-10-31,etfs_com_tudo__max_sharpe,727.2395902595931
2021-11-30,etfs_com_tudo__max_sharpe,697.4787053347669
2021-12-31,etfs_com_tudo__max_sharpe,705.9711998853057
2022-01-31,etfs_com_tudo__max_sharpe,674.4186839010223
2022-02-28,etfs_com_tudo__max_sharpe,659.5472958507179
2022-03-31,etfs_com_tudo__max_sharpe,642.4252924790179
2022-04-30,etfs_com_tudo__max_sharpe,604.6933116336184
2022-05-31,etfs_com_tudo__max_sharpe,585.8227178428635
2022-06-30,etfs_com_tudo__max_sharpe,553.1631150564987
2022-07-31,etfs_com_tudo__max_sharpe,584.1468595585711
2022-08-31,etfs_com_tudo__max_sharpe,566.8566514254164
2022-09-30,etfs_com_tudo__max_sharpe,550.419323802635
2022-10-31,etfs_com_tudo__max_sharpe,565.0529461937628
2022-11-30,etfs_com_tudo__max_sharpe,590.8299304482472
2022-12-31,etfs_com_tudo__max_sharpe,576.6564475468933
2023-01-31,etfs_com_tudo__max_sharpe,621.6474252894468
2023-02-28,etfs_com_tudo__max_sharpe,601.7021142904491
2023-03-31,etfs_com_tudo__max_sharpe,620.4011450865977
2023-04-30,etfs_com_tudo__max_sharpe,615.9242673575219
2023-05-31,etfs_com_tudo__max_sharpe,620.7033738840455
2023-06-30,etfs_com_tudo__max_sharpe,639.1608658968883
2023-07-31,etfs_com_tudo__max_sharpe,646.5677732351704
2023-08-31,etfs_com_tudo__max_sharpe,634.1844298046391
2023-09-30,etfs_com_tudo__max_sharpe,634.4776476731606
2023-10-31,etfs_com_tudo__max_sharpe,638.2600498984103
2023-11-30,etfs_com_tudo__max_sharpe,680.7788359842589
2023-12-31,etfs_com_tudo__max_sharpe,709.0258459245322
2024-01-31,etfs_com_tudo__max_sharpe,707.9424742142097
2024-02-29,etfs_com_tudo__max_sharpe,755.5342252128029
2024-03-31,etfs_com_tudo__max_sharpe,795.9360380861254
2024-04-30,etfs_com_tudo__max_sharpe,787.1851672512039
2024-05-31,etfs_com_tudo__max_sharpe,822.7060535191937
2024-06-30,etfs_com_tudo__max_sharpe,863.6013108849249
2024-07-31,etfs_com_tudo__max_sharpe,891.9168290914438
2024-08-31,etfs_com_tudo__max_sharpe,908.3672878404924
2024-09-30,etfs_com_tudo__max_sharpe,899.4476462152916
2024-10-31,etfs_com_tudo__max_sharpe,946.977547226489
2024-11-30,etfs_com_tudo__max_sharpe,1018.5881053275391
2024-12-31,etfs_com_tudo__max_sharpe,1014.6199262403836
2025-01-31,etfs_com_tudo__max_sharpe,1017.417689555843
2025-02-28,etfs_com_tudo__max_sharpe,990.1851329721621
2025-03-31,etfs_com_tudo__max_sharpe,989.3829782633283
2025-04-30,etfs_com_tudo__max_sharpe,1001.3573285944369
2025-05-31,etfs_com_tudo__max_sharpe,1063.6905061215193
2025-06-30,etfs_com_tudo__max_sharpe,1072.992028431
2025-07-31,etfs_com_tudo__max_sharpe,1092.2570665401001
2025-08-31,etfs_com_tudo__max_sharpe,1088.173352497314
2025-09-30,etfs_com_tudo__max_sharpe,1117.4099935923336
2025-10-31,etfs_com_tudo__max_sharpe,1160.566199149417
2025-11-30,etfs_com_tudo__max_sharpe,1151.8045889460298
2025-12-31,etfs_com_tudo__max_sharpe,1180.3472641301462
2026-01-31,etfs_com_tudo__max_sharpe,1201.025962480267
2026-02-28,etfs_com_tudo__max_sharpe,1215.1500476794813
2026-03-31,etfs_com_tudo__max_sharpe,1208.4601488415676
2026-04-30,etfs_com_tudo__max_sharpe,1228.084760214151
2015-02-28,etfs_com_ouro_btc__max_sharpe,116.31834736312516
2015-03-31,etfs_com_ouro_btc__max_sharpe,125.1053826884085
2015-04-30,etfs_com_ouro_btc__max_sharpe,120.25829257981195
2015-05-31,etfs_com_ouro_btc__max_sharpe,124.90963944428992
2015-06-30,etfs_com_ouro_btc__max_sharpe,122.59428299672987
2015-07-31,etfs_com_ouro_btc__max_sharpe,128.55780217191196
2015-08-31,etfs_com_ouro_btc__max_sharpe,124.86782322493471
2015-09-30,etfs_com_ouro_btc__max_sharpe,134.57942246848552
2015-10-31,etfs_com_ouro_btc__max_sharpe,141.73097413369388
2015-11-30,etfs_com_ouro_btc__max_sharpe,141.54907365912078
2015-12-31,etfs_com_ouro_btc__max_sharpe,143.62233244655104
2016-01-31,etfs_com_ouro_btc__max_sharpe,138.6384710644378
2016-02-29,etfs_com_ouro_btc__max_sharpe,141.01848805276205
2016-03-31,etfs_com_ouro_btc__max_sharpe,140.386066943416
2016-04-30,etfs_com_ouro_btc__max_sharpe,140.48134340733208
2016-05-31,etfs_com_ouro_btc__max_sharpe,143.144662070644
2016-06-30,etfs_com_ouro_btc__max_sharpe,140.3563497990915
2016-07-31,etfs_com_ouro_btc__max_sharpe,148.98772744647516
2016-08-31,etfs_com_ouro_btc__max_sharpe,145.95338335553598
2016-09-30,etfs_com_ouro_btc__max_sharpe,150.19074013287096
2016-10-31,etfs_com_ouro_btc__max_sharpe,151.3939165193784
2016-11-30,etfs_com_ouro_btc__max_sharpe,157.15833973845983
2016-12-31,etfs_com_ouro_btc__max_sharpe,153.47998770151716
2017-01-31,etfs_com_ouro_btc__max_sharpe,157.07189885266172
2017-02-28,etfs_com_ouro_btc__max_sharpe,163.69236253672773
2017-03-31,etfs_com_ouro_btc__max_sharpe,166.56430164079566
2017-04-30,etfs_com_ouro_btc__max_sharpe,174.99966638669414
2017-05-31,etfs_com_ouro_btc__max_sharpe,193.03516290274158
2017-06-30,etfs_com_ouro_btc__max_sharpe,197.05346773588556
2017-07-31,etfs_com_ouro_btc__max_sharpe,200.91513475047944
2017-08-31,etfs_com_ouro_btc__max_sharpe,217.60394260996088
2017-09-30,etfs_com_ouro_btc__max_sharpe,219.1743817929192
2017-10-31,etfs_com_ouro_btc__max_sharpe,239.68637184880416
2017-11-30,etfs_com_ouro_btc__max_sharpe,250.22716580422912
2017-12-31,etfs_com_ouro_btc__max_sharpe,272.8279054801034
2018-01-31,etfs_com_ouro_btc__max_sharpe,271.85947489134986
2018-02-28,etfs_com_ouro_btc__max_sharpe,268.8846861164124
2018-03-31,etfs_com_ouro_btc__max_sharpe,263.69347343360323
2018-04-30,etfs_com_ouro_btc__max_sharpe,281.7556243201745
2018-05-31,etfs_com_ouro_btc__max_sharpe,285.02998626279
2018-06-30,etfs_com_ouro_btc__max_sharpe,282.31456482577534
2018-07-31,etfs_com_ouro_btc__max_sharpe,289.8496455004715
2018-08-31,etfs_com_ouro_btc__max_sharpe,307.6944974259735
2018-09-30,etfs_com_ouro_btc__max_sharpe,298.06107761638236
2018-10-31,etfs_com_ouro_btc__max_sharpe,268.75008204113357
2018-11-30,etfs_com_ouro_btc__max_sharpe,273.18554866112066
2018-12-31,etfs_com_ouro_btc__max_sharpe,265.0920727643935
2019-01-31,etfs_com_ouro_btc__max_sharpe,272.075852523995
2019-02-28,etfs_com_ouro_btc__max_sharpe,279.2705903403122
2019-03-31,etfs_com_ouro_btc__max_sharpe,293.32655845784143
2019-04-30,etfs_com_ouro_btc__max_sharpe,310.34283617219705
2019-05-31,etfs_com_ouro_btc__max_sharpe,322.0793187817212
2019-06-30,etfs_com_ouro_btc__max_sharpe,338.3396944829653
2019-07-31,etfs_com_ouro_btc__max_sharpe,334.1102515241282
2019-08-31,etfs_com_ouro_btc__max_sharpe,350.8245316330631
2019-09-30,etfs_com_ouro_btc__max_sharpe,350.8381762940252
2019-10-31,etfs_com_ouro_btc__max_sharpe,351.11338438244377
2019-11-30,etfs_com_ouro_btc__max_sharpe,363.957338116992
2019-12-31,etfs_com_ouro_btc__max_sharpe,369.7428203280114
2020-01-31,etfs_com_ouro_btc__max_sharpe,391.3698166626872
2020-02-29,etfs_com_ouro_btc__max_sharpe,383.70752714606533
2020-03-31,etfs_com_ouro_btc__max_sharpe,352.4602859463114
2020-04-30,etfs_com_ouro_btc__max_sharpe,408.29293447037463
2020-05-31,etfs_com_ouro_btc__max_sharpe,436.38475626135386
2020-06-30,etfs_com_ouro_btc__max_sharpe,461.33260155050084
2020-07-31,etfs_com_ouro_btc__max_sharpe,483.472548559365
2020-08-31,etfs_com_ouro_btc__max_sharpe,511.59641061394166
2020-09-30,etfs_com_ouro_btc__max_sharpe,508.94004035359694
2020-10-31,etfs_com_ouro_btc__max_sharpe,528.6387159125035
2020-11-30,etfs_com_ouro_btc__max_sharpe,570.6239126022176
2020-12-31,etfs_com_ouro_btc__max_sharpe,619.2890862757905
2021-01-31,etfs_com_ouro_btc__max_sharpe,646.5254238244967
2021-02-28,etfs_com_ouro_btc__max_sharpe,682.462121889364
2021-03-31,etfs_com_ouro_btc__max_sharpe,744.8911921685359
2021-04-30,etfs_com_ouro_btc__max_sharpe,719.4037985125262
2021-05-31,etfs_com_ouro_btc__max_sharpe,701.809944392471
2021-06-30,etfs_com_ouro_btc__max_sharpe,667.6557349814984
2021-07-31,etfs_com_ouro_btc__max_sharpe,687.535084731588
2021-08-31,etfs_com_ouro_btc__max_sharpe,719.4596868616828
2021-09-30,etfs_com_ouro_btc__max_sharpe,708.3350063548294
2021-10-31,etfs_com_ouro_btc__max_sharpe,764.9621901432587
2021-11-30,etfs_com_ouro_btc__max_sharpe,738.1587560125262
2021-12-31,etfs_com_ouro_btc__max_sharpe,744.8559416302821
2022-01-31,etfs_com_ouro_btc__max_sharpe,706.3722950207244
2022-02-28,etfs_com_ouro_btc__max_sharpe,688.5541247810763
2022-03-31,etfs_com_ouro_btc__max_sharpe,668.9327287742342
2022-04-30,etfs_com_ouro_btc__max_sharpe,625.154739322752
2022-05-31,etfs_com_ouro_btc__max_sharpe,602.7456787427767
2022-06-30,etfs_com_ouro_btc__max_sharpe,566.2779482259647
2022-07-31,etfs_com_ouro_btc__max_sharpe,600.3156004002675
2022-08-31,etfs_com_ouro_btc__max_sharpe,585.1349336500622
2022-09-30,etfs_com_ouro_btc__max_sharpe,568.6183379545597
2022-10-31,etfs_com_ouro_btc__max_sharpe,581.860509155594
2022-11-30,etfs_com_ouro_btc__max_sharpe,612.1261126139912
2022-12-31,etfs_com_ouro_btc__max_sharpe,596.9119486429271
2023-01-31,etfs_com_ouro_btc__max_sharpe,647.5237862134767
2023-02-28,etfs_com_ouro_btc__max_sharpe,626.6150144387996
2023-03-31,etfs_com_ouro_btc__max_sharpe,646.8665905758227
2023-04-30,etfs_com_ouro_btc__max_sharpe,641.4019363885926
2023-05-31,etfs_com_ouro_btc__max_sharpe,650.7093053471934
2023-06-30,etfs_com_ouro_btc__max_sharpe,671.0867298058341
2023-07-31,etfs_com_ouro_btc__max_sharpe,675.0683171397947
2023-08-31,etfs_com_ouro_btc__max_sharpe,660.3306755736978
2023-09-30,etfs_com_ouro_btc__max_sharpe,656.1221169758321
2023-10-31,etfs_com_ouro_btc__max_sharpe,660.8117286977931
2023-11-30,etfs_com_ouro_btc__max_sharpe,712.6029754780841
2023-12-31,etfs_com_ouro_btc__max_sharpe,745.4211475975518
2024-01-31,etfs_com_ouro_btc__max_sharpe,741.4961751912123
2024-02-29,etfs_com_ouro_btc__max_sharpe,790.1747888181196
2024-03-31,etfs_com_ouro_btc__max_sharpe,831.8808261511006
2024-04-30,etfs_com_ouro_btc__max_sharpe,822.886170887376
2024-05-31,etfs_com_ouro_btc__max_sharpe,864.2244375273141
2024-06-30,etfs_com_ouro_btc__max_sharpe,904.3999162074252
2024-07-31,etfs_com_ouro_btc__max_sharpe,934.750437089479
2024-08-31,etfs_com_ouro_btc__max_sharpe,956.6338352169528
2024-09-30,etfs_com_ouro_btc__max_sharpe,950.0064707802256
2024-10-31,etfs_com_ouro_btc__max_sharpe,999.7337948718388
2024-11-30,etfs_com_ouro_btc__max_sharpe,1078.0933155810417
2024-12-31,etfs_com_ouro_btc__max_sharpe,1070.6980245352654
2025-01-31,etfs_com_ouro_btc__max_sharpe,1073.4086117677468
2025-02-28,etfs_com_ouro_btc__max_sharpe,1045.1281378328445
2025-03-31,etfs_com_ouro_btc__max_sharpe,1041.3598392129215
2025-04-30,etfs_com_ouro_btc__max_sharpe,1063.92756231872
2025-05-31,etfs_com_ouro_btc__max_sharpe,1131.2256826373075
2025-06-30,etfs_com_ouro_btc__max_sharpe,1138.188054060384
2025-07-31,etfs_com_ouro_btc__max_sharpe,1153.4111602945852
2025-08-31,etfs_com_ouro_btc__max_sharpe,1152.2270656491078
2025-09-30,etfs_com_ouro_btc__max_sharpe,1183.698620330248
2025-10-31,etfs_com_ouro_btc__max_sharpe,1239.0651058125368
2025-11-30,etfs_com_ouro_btc__max_sharpe,1230.0607367810844
2025-12-31,etfs_com_ouro_btc__max_sharpe,1262.3658060219461
2026-01-31,etfs_com_ouro_btc__max_sharpe,1280.774036188965
2026-02-28,etfs_com_ouro_btc__max_sharpe,1295.6137045452285
2026-03-31,etfs_com_ouro_btc__max_sharpe,1253.349666934311
2026-04-30,etfs_com_ouro_btc__max_sharpe,1280.214205951027
2015-02-28,etfs_com_btc_petroleo__max_sharpe,117.4206488512543
2015-03-31,etfs_com_btc_petroleo__max_sharpe,126.10920283527436
2015-04-30,etfs_com_btc_petroleo__max_sharpe,122.54967070571334
2015-05-31,etfs_com_btc_petroleo__max_sharpe,127.12947451225595
2015-06-30,etfs_com_btc_petroleo__max_sharpe,124.64738775188862
2015-07-31,etfs_com_btc_petroleo__max_sharpe,130.11722870591572
2015-08-31,etfs_com_btc_petroleo__max_sharpe,125.48781246549656
2015-09-30,etfs_com_btc_petroleo__max_sharpe,134.71885171809063
2015-10-31,etfs_com_btc_petroleo__max_sharpe,142.36125978822815
2015-11-30,etfs_com_btc_petroleo__max_sharpe,142.21481867445797
2015-12-31,etfs_com_btc_petroleo__max_sharpe,143.19583091185888
2016-01-31,etfs_com_btc_petroleo__max_sharpe,136.24756068825116
2016-02-29,etfs_com_btc_petroleo__max_sharpe,136.93323352812033
2016-03-31,etfs_com_btc_petroleo__max_sharpe,137.34073776847666
2016-04-30,etfs_com_btc_petroleo__max_sharpe,137.70521794330418
2016-05-31,etfs_com_btc_petroleo__max_sharpe,141.61258407488822
2016-06-30,etfs_com_btc_petroleo__max_sharpe,137.7990580962768
2016-07-31,etfs_com_btc_petroleo__max_sharpe,145.3754506407173
2016-08-31,etfs_com_btc_petroleo__max_sharpe,143.2744447716905
2016-09-30,etfs_com_btc_petroleo__max_sharpe,147.87843099965966
2016-10-31,etfs_com_btc_petroleo__max_sharpe,149.2033267293749
2016-11-30,etfs_com_btc_petroleo__max_sharpe,156.5316630075357
2016-12-31,etfs_com_btc_petroleo__max_sharpe,153.6593706788708
2017-01-31,etfs_com_btc_petroleo__max_sharpe,156.66759510559686
2017-02-28,etfs_com_btc_petroleo__max_sharpe,163.1444717410902
2017-03-31,etfs_com_btc_petroleo__max_sharpe,165.74079066782005
2017-04-30,etfs_com_btc_petroleo__max_sharpe,173.68545353417238
2017-05-31,etfs_com_btc_petroleo__max_sharpe,191.60100813971533
2017-06-30,etfs_com_btc_petroleo__max_sharpe,195.7234040375341
2017-07-31,etfs_com_btc_petroleo__max_sharpe,200.0461605395304
2017-08-31,etfs_com_btc_petroleo__max_sharpe,215.39033341573452
2017-09-30,etfs_com_btc_petroleo__max_sharpe,218.59575532802157
2017-10-31,etfs_com_btc_petroleo__max_sharpe,240.07734688511712
2017-11-30,etfs_com_btc_petroleo__max_sharpe,251.17803765674532
2017-12-31,etfs_com_btc_petroleo__max_sharpe,274.2013745384415
2018-01-31,etfs_com_btc_petroleo__max_sharpe,274.25903266507754
2018-02-28,etfs_com_btc_petroleo__max_sharpe,270.6313237700319
2018-03-31,etfs_com_btc_petroleo__max_sharpe,265.86837563582844
2018-04-30,etfs_com_btc_petroleo__max_sharpe,284.73731634774356
2018-05-31,etfs_com_btc_petroleo__max_sharpe,287.9779484718677
2018-06-30,etfs_com_btc_petroleo__max_sharpe,287.48296553027694
2018-07-31,etfs_com_btc_petroleo__max_sharpe,295.9368790057251
2018-08-31,etfs_com_btc_petroleo__max_sharpe,315.23123963839015
2018-09-30,etfs_com_btc_petroleo__max_sharpe,306.3843094218642
2018-10-31,etfs_com_btc_petroleo__max_sharpe,273.05150344931366
2018-11-30,etfs_com_btc_petroleo__max_sharpe,274.8681253264565
2018-12-31,etfs_com_btc_petroleo__max_sharpe,263.1733891933292
2019-01-31,etfs_com_btc_petroleo__max_sharpe,272.5791272486197
2019-02-28,etfs_com_btc_petroleo__max_sharpe,280.8543092030845
2019-03-31,etfs_com_btc_petroleo__max_sharpe,296.3600121467182
2019-04-30,etfs_com_btc_petroleo__max_sharpe,314.9873181409419
2019-05-31,etfs_com_btc_petroleo__max_sharpe,323.2307025994768
2019-06-30,etfs_com_btc_petroleo__max_sharpe,339.6010303807735
2019-07-31,etfs_com_btc_petroleo__max_sharpe,335.58999490032215
2019-08-31,etfs_com_btc_petroleo__max_sharpe,347.4167806571873
2019-09-30,etfs_com_btc_petroleo__max_sharpe,348.9491889860106
2019-10-31,etfs_com_btc_petroleo__max_sharpe,348.8293140277541
2019-11-30,etfs_com_btc_petroleo__max_sharpe,363.96155979753854
2019-12-31,etfs_com_btc_petroleo__max_sharpe,371.2190673577206
2020-01-31,etfs_com_btc_petroleo__max_sharpe,387.7897232906432
2020-02-29,etfs_com_btc_petroleo__max_sharpe,376.68835652796673
2020-03-31,etfs_com_btc_petroleo__max_sharpe,331.6267933950561
2020-04-30,etfs_com_btc_petroleo__max_sharpe,377.42525010328796
2020-05-31,etfs_com_btc_petroleo__max_sharpe,409.6569197528889
2020-06-30,etfs_com_btc_petroleo__max_sharpe,434.69000892049576
2020-07-31,etfs_com_btc_petroleo__max_sharpe,453.6919229515438
2020-08-31,etfs_com_btc_petroleo__max_sharpe,481.9768029563328
2020-09-30,etfs_com_btc_petroleo__max_sharpe,479.1017966768715
2020-10-31,etfs_com_btc_petroleo__max_sharpe,495.2760931294353
2020-11-30,etfs_com_btc_petroleo__max_sharpe,544.8499518494323
2020-12-31,etfs_com_btc_petroleo__max_sharpe,590.9466946785797
2021-01-31,etfs_com_btc_petroleo__max_sharpe,620.7106897082189
2021-02-28,etfs_com_btc_petroleo__max_sharpe,665.223441775814
2021-03-31,etfs_com_btc_petroleo__max_sharpe,727.4130817816513
2021-04-30,etfs_com_btc_petroleo__max_sharpe,704.3671478647493
2021-05-31,etfs_com_btc_petroleo__max_sharpe,683.291777275845
2021-06-30,etfs_com_btc_petroleo__max_sharpe,658.282444553215
2021-07-31,etfs_com_btc_petroleo__max_sharpe,677.0457861892459
2021-08-31,etfs_com_btc_petroleo__max_sharpe,708.7687166295616
2021-09-30,etfs_com_btc_petroleo__max_sharpe,701.0615871187523
2021-10-31,etfs_com_btc_petroleo__max_sharpe,760.2928993900496
2021-11-30,etfs_com_btc_petroleo__max_sharpe,728.1798440395795
2021-12-31,etfs_com_btc_petroleo__max_sharpe,738.9726796235719
2022-01-31,etfs_com_btc_petroleo__max_sharpe,705.3345873992682
2022-02-28,etfs_com_btc_petroleo__max_sharpe,685.3087070720445
2022-03-31,etfs_com_btc_petroleo__max_sharpe,668.6513155073878
2022-04-30,etfs_com_btc_petroleo__max_sharpe,624.0346045298402
2022-05-31,etfs_com_btc_petroleo__max_sharpe,606.6319102872587
2022-06-30,etfs_com_btc_petroleo__max_sharpe,565.0930765946049
2022-07-31,etfs_com_btc_petroleo__max_sharpe,602.0585096054658
2022-08-31,etfs_com_btc_petroleo__max_sharpe,586.4686000227456
2022-09-30,etfs_com_btc_petroleo__max_sharpe,565.3801170813017
2022-10-31,etfs_com_btc_petroleo__max_sharpe,583.2512664095731
2022-11-30,etfs_com_btc_petroleo__max_sharpe,611.5812707154681
2022-12-31,etfs_com_btc_petroleo__max_sharpe,593.0223252107198
2023-01-31,etfs_com_btc_petroleo__max_sharpe,642.9135979320569
2023-02-28,etfs_com_btc_petroleo__max_sharpe,623.8112311054331
2023-03-31,etfs_com_btc_petroleo__max_sharpe,639.818112934048
2023-04-30,etfs_com_btc_petroleo__max_sharpe,634.2806758655503
2023-05-31,etfs_com_btc_petroleo__max_sharpe,642.2675593111079
2023-06-30,etfs_com_btc_petroleo__max_sharpe,667.3335449291045
2023-07-31,etfs_com_btc_petroleo__max_sharpe,675.1545124350528
2023-08-31,etfs_com_btc_petroleo__max_sharpe,661.1994163054734
2023-09-30,etfs_com_btc_petroleo__max_sharpe,660.5786625345378
2023-10-31,etfs_com_btc_petroleo__max_sharpe,657.1682129630608
2023-11-30,etfs_com_btc_petroleo__max_sharpe,710.0346209245198
2023-12-31,etfs_com_btc_petroleo__max_sharpe,742.1958855065637
2024-01-31,etfs_com_btc_petroleo__max_sharpe,741.5287968237141
2024-02-29,etfs_com_btc_petroleo__max_sharpe,792.2852950315443
2024-03-31,etfs_com_btc_petroleo__max_sharpe,831.79818543551
2024-04-30,etfs_com_btc_petroleo__max_sharpe,819.0504363784378
2024-05-31,etfs_com_btc_petroleo__max_sharpe,859.9606100049632
2024-06-30,etfs_com_btc_petroleo__max_sharpe,904.0078765937955
2024-07-31,etfs_com_btc_petroleo__max_sharpe,928.5005662404247
2024-08-31,etfs_com_btc_petroleo__max_sharpe,948.4490194753203
2024-09-30,etfs_com_btc_petroleo__max_sharpe,935.4813503894333
2024-10-31,etfs_com_btc_petroleo__max_sharpe,982.8260108757639
2024-11-30,etfs_com_btc_petroleo__max_sharpe,1064.7043008248475
2024-12-31,etfs_com_btc_petroleo__max_sharpe,1060.8747114114333
2025-01-31,etfs_com_btc_petroleo__max_sharpe,1059.3643313036653
2025-02-28,etfs_com_btc_petroleo__max_sharpe,1026.8190326182178
2025-03-31,etfs_com_btc_petroleo__max_sharpe,1011.9274969500824
2025-04-30,etfs_com_btc_petroleo__max_sharpe,1021.0778968456938
2025-05-31,etfs_com_btc_petroleo__max_sharpe,1092.5370610968582
2025-06-30,etfs_com_btc_petroleo__max_sharpe,1105.8317797629225
2025-07-31,etfs_com_btc_petroleo__max_sharpe,1126.4811577766461
2025-08-31,etfs_com_btc_petroleo__max_sharpe,1117.5603515561659
2025-09-30,etfs_com_btc_petroleo__max_sharpe,1135.963960228023
2025-10-31,etfs_com_btc_petroleo__max_sharpe,1189.4092411858342
2025-11-30,etfs_com_btc_petroleo__max_sharpe,1172.6727462178055
2025-12-31,etfs_com_btc_petroleo__max_sharpe,1199.9072500959342
2026-01-31,etfs_com_btc_petroleo__max_sharpe,1213.8574752222985
2026-02-28,etfs_com_btc_petroleo__max_sharpe,1220.3199198756088
2026-03-31,etfs_com_btc_petroleo__max_sharpe,1222.2716861527176
2026-04-30,etfs_com_btc_petroleo__max_sharpe,1249.3577921694973
2015-02-28,etfs_com_btc__max_sharpe,117.62662075580359
2015-03-31,etfs_com_btc__max_sharpe,126.6941294362505
2015-04-30,etfs_com_btc__max_sharpe,122.15386357805136
2015-05-31,etfs_com_btc__max_sharpe,126.70868375981046
2015-06-30,etfs_com_btc__max_sharpe,124.21225157353453
2015-07-31,etfs_com_btc__max_sharpe,130.84514481649708
2015-08-31,etfs_com_btc__max_sharpe,125.72316882494363
2015-09-30,etfs_com_btc__max_sharpe,135.07378714140282
2015-10-31,etfs_com_btc__max_sharpe,143.43325820841622
2015-11-30,etfs_com_btc__max_sharpe,144.0084860819966
2015-12-31,etfs_com_btc__max_sharpe,145.80830228836527
2016-01-31,etfs_com_btc__max_sharpe,139.1759174977928
2016-02-29,etfs_com_btc__max_sharpe,140.4482618893168
2016-03-31,etfs_com_btc__max_sharpe,140.85588472120386
2016-04-30,etfs_com_btc__max_sharpe,140.41181319061084
2016-05-31,etfs_com_btc__max_sharpe,144.1048795477772
2016-06-30,etfs_com_btc__max_sharpe,140.6035975932192
2016-07-31,etfs_com_btc__max_sharpe,149.57174593318268
2016-08-31,etfs_com_btc__max_sharpe,147.01186120809228
2016-09-30,etfs_com_btc__max_sharpe,151.47838840864353
2016-10-31,etfs_com_btc__max_sharpe,153.0516331161802
2016-11-30,etfs_com_btc__max_sharpe,160.31370463369328
2016-12-31,etfs_com_btc__max_sharpe,157.00472560453608
2017-01-31,etfs_com_btc__max_sharpe,160.6851865207143
2017-02-28,etfs_com_btc__max_sharpe,167.51016803237405
2017-03-31,etfs_com_btc__max_sharpe,170.84457991244074
2017-04-30,etfs_com_btc__max_sharpe,179.418592495846
2017-05-31,etfs_com_btc__max_sharpe,198.32220083267248
2017-06-30,etfs_com_btc__max_sharpe,202.94928354080972
2017-07-31,etfs_com_btc__max_sharpe,206.96496334017633
2017-08-31,etfs_com_btc__max_sharpe,223.5140131745522
2017-09-30,etfs_com_btc__max_sharpe,226.34882725174032
2017-10-31,etfs_com_btc__max_sharpe,248.22693033841463
2017-11-30,etfs_com_btc__max_sharpe,259.39036661606326
2017-12-31,etfs_com_btc__max_sharpe,283.07073995573484
2018-01-31,etfs_com_btc__max_sharpe,282.9421061332177
2018-02-28,etfs_com_btc__max_sharpe,279.36835656953474
2018-03-31,etfs_com_btc__max_sharpe,273.344003197153
2018-04-30,etfs_com_btc__max_sharpe,292.0105726920971
2018-05-31,etfs_com_btc__max_sharpe,295.04274393036656
2018-06-30,etfs_com_btc__max_sharpe,292.6417710083903
2018-07-31,etfs_com_btc__max_sharpe,302.62676989185735
2018-08-31,etfs_com_btc__max_sharpe,321.5590605732206
2018-09-30,etfs_com_btc__max_sharpe,311.91712388744605
2018-10-31,etfs_com_btc__max_sharpe,278.92858785246847
2018-11-30,etfs_com_btc__max_sharpe,283.8733688249095
2018-12-31,etfs_com_btc__max_sharpe,272.0987046809363
2019-01-31,etfs_com_btc__max_sharpe,281.1425296572306
2019-02-28,etfs_com_btc__max_sharpe,289.271996907844
2019-03-31,etfs_com_btc__max_sharpe,304.65124238053033
2019-04-30,etfs_com_btc__max_sharpe,323.0950593238198
2019-05-31,etfs_com_btc__max_sharpe,333.65959205335935
2019-06-30,etfs_com_btc__max_sharpe,350.7145231345786
2019-07-31,etfs_com_btc__max_sharpe,346.84488028900245
2019-08-31,etfs_com_btc__max_sharpe,358.2101420933487
2019-09-30,etfs_com_btc__max_sharpe,360.2496030428647
2019-10-31,etfs_com_btc__max_sharpe,360.33084657967333
2019-11-30,etfs_com_btc__max_sharpe,376.23597744257455
2019-12-31,etfs_com_btc__max_sharpe,383.18617094037677
2020-01-31,etfs_com_btc__max_sharpe,402.78385742933597
2020-02-29,etfs_com_btc__max_sharpe,391.9815558505106
2020-03-31,etfs_com_btc__max_sharpe,352.306691113562
2020-04-30,etfs_com_btc__max_sharpe,409.8242383717047
2020-05-31,etfs_com_btc__max_sharpe,439.93690399133243
2020-06-30,etfs_com_btc__max_sharpe,466.1417152014816
2020-07-31,etfs_com_btc__max_sharpe,487.4041526321607
2020-08-31,etfs_com_btc__max_sharpe,517.3174379344965
2020-09-30,etfs_com_btc__max_sharpe,514.6556699890448
2020-10-31,etfs_com_btc__max_sharpe,534.1361430987797
2020-11-30,etfs_com_btc__max_sharpe,585.94112988522
2020-12-31,etfs_com_btc__max_sharpe,635.1273804715953
2021-01-31,etfs_com_btc__max_sharpe,664.3648927242566
2021-02-28,etfs_com_btc__max_sharpe,707.3238437450497
2021-03-31,etfs_com_btc__max_sharpe,774.9404570634786
2021-04-30,etfs_com_btc__max_sharpe,750.0141118634875
2021-05-31,etfs_com_btc__max_sharpe,726.5598081927778
2021-06-30,etfs_com_btc__max_sharpe,697.6653767300047
2021-07-31,etfs_com_btc__max_sharpe,717.4188031826088
2021-08-31,etfs_com_btc__max_sharpe,754.6397005329452
2021-09-30,etfs_com_btc__max_sharpe,740.9028459654485
2021-10-31,etfs_com_btc__max_sharpe,801.4111342511093
2021-11-30,etfs_com_btc__max_sharpe,771.9866057984716
2021-12-31,etfs_com_btc__max_sharpe,780.7511852798004
2022-01-31,etfs_com_btc__max_sharpe,739.2246768354781
2022-02-28,etfs_com_btc__max_sharpe,715.4305838590988
2022-03-31,etfs_com_btc__max_sharpe,697.117042940516
2022-04-30,etfs_com_btc__max_sharpe,646.2029207447117
2022-05-31,etfs_com_btc__max_sharpe,625.1099847238978
2022-06-30,etfs_com_btc__max_sharpe,580.3999232960564
2022-07-31,etfs_com_btc__max_sharpe,621.5754345412377
2022-08-31,etfs_com_btc__max_sharpe,607.3376960490921
2022-09-30,etfs_com_btc__max_sharpe,586.4400897513722
2022-10-31,etfs_com_btc__max_sharpe,604.5949157377632
2022-11-30,etfs_com_btc__max_sharpe,635.5522727925699
2022-12-31,etfs_com_btc__max_sharpe,615.5073102792423
2023-01-31,etfs_com_btc__max_sharpe,670.1846577275023
2023-02-28,etfs_com_btc__max_sharpe,650.1762438045719
2023-03-31,etfs_com_btc__max_sharpe,667.8165047168982
2023-04-30,etfs_com_btc__max_sharpe,661.9755144667442
2023-05-31,etfs_com_btc__max_sharpe,673.8474843797943
2023-06-30,etfs_com_btc__max_sharpe,701.5025945681782
2023-07-31,etfs_com_btc__max_sharpe,706.121091491998
2023-08-31,etfs_com_btc__max_sharpe,690.1378452571629
2023-09-30,etfs_com_btc__max_sharpe,684.8499907265347
2023-10-31,etfs_com_btc__max_sharpe,682.3291067522393
2023-11-30,etfs_com_btc__max_sharpe,743.7418324604618
2023-12-31,etfs_com_btc__max_sharpe,780.4803752860588
2024-01-31,etfs_com_btc__max_sharpe,777.8084918316081
2024-02-29,etfs_com_btc__max_sharpe,830.5778625788989
2024-03-31,etfs_com_btc__max_sharpe,870.9000188136527
2024-04-30,etfs_com_btc__max_sharpe,857.0337464138169
2024-05-31,etfs_com_btc__max_sharpe,903.6303671401116
2024-06-30,etfs_com_btc__max_sharpe,946.9290250547342
2024-07-31,etfs_com_btc__max_sharpe,974.0089493555641
2024-08-31,etfs_com_btc__max_sharpe,999.2344160099416
2024-09-30,etfs_com_btc__max_sharpe,988.8474844741091
2024-10-31,etfs_com_btc__max_sharpe,1037.4656354081706
2024-11-30,etfs_com_btc__max_sharpe,1128.2065534188184
2024-12-31,etfs_com_btc__max_sharpe,1120.0403517713164
2025-01-31,etfs_com_btc__max_sharpe,1118.8029777151187
2025-02-28,etfs_com_btc__max_sharpe,1085.084004093407
2025-03-31,etfs_com_btc__max_sharpe,1066.348668054603
2025-04-30,etfs_com_btc__max_sharpe,1085.1914506049814
2025-05-31,etfs_com_btc__max_sharpe,1161.2716779087477
2025-06-30,etfs_com_btc__max_sharpe,1172.0558110709007
2025-07-31,etfs_com_btc__max_sharpe,1189.3047049198765
2025-08-31,etfs_com_btc__max_sharpe,1183.6149697019412
2025-09-30,etfs_com_btc__max_sharpe,1203.4708184448932
2025-10-31,etfs_com_btc__max_sharpe,1266.7786490050712
2025-11-30,etfs_com_btc__max_sharpe,1250.3114966668359
2025-12-31,etfs_com_btc__max_sharpe,1280.444857570439
2026-01-31,etfs_com_btc__max_sharpe,1289.6108701510127
2026-02-28,etfs_com_btc__max_sharpe,1293.305775932786
2026-03-31,etfs_com_btc__max_sharpe,1261.1350743287717
2026-04-30,etfs_com_btc__max_sharpe,1294.2069297113862
2015-02-28,etfs_com_ouro_petroleo__max_sharpe,115.0519948778731
2015-03-31,etfs_com_ouro_petroleo__max_sharpe,124.05430100011459
2015-04-30,etfs_com_ouro_petroleo__max_sharpe,120.71054947229013
2015-05-31,etfs_com_ouro_petroleo__max_sharpe,125.52943274015158
2015-06-30,etfs_com_ouro_petroleo__max_sharpe,121.07339863455817
2015-07-31,etfs_com_ouro_petroleo__max_sharpe,124.63014591480386
2015-08-31,etfs_com_ouro_petroleo__max_sharpe,123.35334829923539
2015-09-30,etfs_com_ouro_petroleo__max_sharpe,131.5813053885253
2015-10-31,etfs_com_ouro_petroleo__max_sharpe,135.83434611263553
2015-11-30,etfs_com_ouro_petroleo__max_sharpe,132.10733417652494
2015-12-31,etfs_com_ouro_petroleo__max_sharpe,131.18396644979546
2016-01-31,etfs_com_ouro_petroleo__max_sharpe,127.54924633037783
2016-02-29,etfs_com_ouro_petroleo__max_sharpe,127.43281862691897
2016-03-31,etfs_com_ouro_petroleo__max_sharpe,128.13946729167674
2016-04-30,etfs_com_ouro_petroleo__max_sharpe,128.30252292256475
2016-05-31,etfs_com_ouro_petroleo__max_sharpe,128.62297382358707
2016-06-30,etfs_com_ouro_petroleo__max_sharpe,123.1717168153972
2016-07-31,etfs_com_ouro_petroleo__max_sharpe,131.16072525136775
2016-08-31,etfs_com_ouro_petroleo__max_sharpe,129.77179229028957
2016-09-30,etfs_com_ouro_petroleo__max_sharpe,133.28054198717135
2016-10-31,etfs_com_ouro_petroleo__max_sharpe,132.1264814641181
2016-11-30,etfs_com_ouro_petroleo__max_sharpe,136.48390413130699
2016-12-31,etfs_com_ouro_petroleo__max_sharpe,129.94343018277272
2017-01-31,etfs_com_ouro_petroleo__max_sharpe,133.27345212242093
2017-02-28,etfs_com_ouro_petroleo__max_sharpe,136.3517156030783
2017-03-31,etfs_com_ouro_petroleo__max_sharpe,140.0107887551587
2017-04-30,etfs_com_ouro_petroleo__max_sharpe,143.3843180836254
2017-05-31,etfs_com_ouro_petroleo__max_sharpe,148.140713015037
2017-06-30,etfs_com_ouro_petroleo__max_sharpe,149.57733672222201
2017-07-31,etfs_com_ouro_petroleo__max_sharpe,150.78951458514294
2017-08-31,etfs_com_ouro_petroleo__max_sharpe,153.4634774795045
2017-09-30,etfs_com_ouro_petroleo__max_sharpe,156.66400461245584
2017-10-31,etfs_com_ouro_petroleo__max_sharpe,163.81863636020597
2017-11-30,etfs_com_ouro_petroleo__max_sharpe,162.09344758927517
2017-12-31,etfs_com_ouro_petroleo__max_sharpe,171.2571227375791
2018-01-31,etfs_com_ouro_petroleo__max_sharpe,176.41639062106222
2018-02-28,etfs_com_ouro_petroleo__max_sharpe,173.48606198253606
2018-03-31,etfs_com_ouro_petroleo__max_sharpe,176.03820794554335
2018-04-30,etfs_com_ouro_petroleo__max_sharpe,182.27516155257638
2018-05-31,etfs_com_ouro_petroleo__max_sharpe,187.2203119321393
2018-06-30,etfs_com_ouro_petroleo__max_sharpe,188.46757320488427
2018-07-31,etfs_com_ouro_petroleo__max_sharpe,190.04815150015224
2018-08-31,etfs_com_ouro_petroleo__max_sharpe,203.41938239029008
2018-09-30,etfs_com_ouro_petroleo__max_sharpe,198.7418795953379
2018-10-31,etfs_com_ouro_petroleo__max_sharpe,178.59591271849155
2018-11-30,etfs_com_ouro_petroleo__max_sharpe,187.07158741918875
2018-12-31,etfs_com_ouro_petroleo__max_sharpe,181.16559879686628
2019-01-31,etfs_com_ouro_petroleo__max_sharpe,189.8038333647046
2019-02-28,etfs_com_ouro_petroleo__max_sharpe,193.22873448894148
2019-03-31,etfs_com_ouro_petroleo__max_sharpe,201.96616722457725
2019-04-30,etfs_com_ouro_petroleo__max_sharpe,207.84254658822002
2019-05-31,etfs_com_ouro_petroleo__max_sharpe,201.9450927857413
2019-06-30,etfs_com_ouro_petroleo__max_sharpe,209.03712144302014
2019-07-31,etfs_com_ouro_petroleo__max_sharpe,207.9566889753039
2019-08-31,etfs_com_ouro_petroleo__max_sharpe,216.63267826180902
2019-09-30,etfs_com_ouro_petroleo__max_sharpe,219.82338743301563
2019-10-31,etfs_com_ouro_petroleo__max_sharpe,217.54693873122747
2019-11-30,etfs_com_ouro_petroleo__max_sharpe,230.65088223095293
2019-12-31,etfs_com_ouro_petroleo__max_sharpe,237.31540634308087
2020-01-31,etfs_com_ouro_petroleo__max_sharpe,241.99163703289912
2020-02-29,etfs_com_ouro_petroleo__max_sharpe,236.67569125813674
2020-03-31,etfs_com_ouro_petroleo__max_sharpe,215.3849054968383
2020-04-30,etfs_com_ouro_petroleo__max_sharpe,240.1250037152351
2020-05-31,etfs_com_ouro_petroleo__max_sharpe,259.42352809678806
2020-06-30,etfs_com_ouro_petroleo__max_sharpe,276.86096055163836
2020-07-31,etfs_com_ouro_petroleo__max_sharpe,285.6190595973175
2020-08-31,etfs_com_ouro_petroleo__max_sharpe,302.2050558845918
2020-09-30,etfs_com_ouro_petroleo__max_sharpe,300.9020730645736
2020-10-31,etfs_com_ouro_petroleo__max_sharpe,302.66443884520424
2020-11-30,etfs_com_ouro_petroleo__max_sharpe,319.9489611609306
2020-12-31,etfs_com_ouro_petroleo__max_sharpe,334.15482716856354
2021-01-31,etfs_com_ouro_petroleo__max_sharpe,344.04358214835094
2021-02-28,etfs_com_ouro_petroleo__max_sharpe,353.1073326448185
2021-03-31,etfs_com_ouro_petroleo__max_sharpe,374.28689207617197
2021-04-30,etfs_com_ouro_petroleo__max_sharpe,363.98507926896707
2021-05-31,etfs_com_ouro_petroleo__max_sharpe,368.6946212174849
2021-06-30,etfs_com_ouro_petroleo__max_sharpe,354.46364277909737
2021-07-31,etfs_com_ouro_petroleo__max_sharpe,358.81260134414015
2021-08-31,etfs_com_ouro_petroleo__max_sharpe,372.32619232905654
2021-09-30,etfs_com_ouro_petroleo__max_sharpe,368.91701429032923
2021-10-31,etfs_com_ouro_petroleo__max_sharpe,384.918696456005
2021-11-30,etfs_com_ouro_petroleo__max_sharpe,370.45500414557193
2021-12-31,etfs_com_ouro_petroleo__max_sharpe,384.02749219531177
2022-01-31,etfs_com_ouro_petroleo__max_sharpe,371.61635450894806
2022-02-28,etfs_com_ouro_petroleo__max_sharpe,359.03521559949013
2022-03-31,etfs_com_ouro_petroleo__max_sharpe,349.5884601276754
2022-04-30,etfs_com_ouro_petroleo__max_sharpe,331.1440464881918
2022-05-31,etfs_com_ouro_petroleo__max_sharpe,325.2251921493986
2022-06-30,etfs_com_ouro_petroleo__max_sharpe,315.16147440058467
2022-07-31,etfs_com_ouro_petroleo__max_sharpe,330.2958708335787
2022-08-31,etfs_com_ouro_petroleo__max_sharpe,326.12498332752995
2022-09-30,etfs_com_ouro_petroleo__max_sharpe,315.26824709840093
2022-10-31,etfs_com_ouro_petroleo__max_sharpe,323.51409590422094
2022-11-30,etfs_com_ouro_petroleo__max_sharpe,346.6183385772476
2022-12-31,etfs_com_ouro_petroleo__max_sharpe,339.096766645516
2023-01-31,etfs_com_ouro_petroleo__max_sharpe,357.4001550915373
2023-02-28,etfs_com_ouro_petroleo__max_sharpe,344.91652718882835
2023-03-31,etfs_com_ouro_petroleo__max_sharpe,348.43864796447275
2023-04-30,etfs_com_ouro_petroleo__max_sharpe,344.90849844337714
2023-05-31,etfs_com_ouro_petroleo__max_sharpe,351.29994588672685
2023-06-30,etfs_com_ouro_petroleo__max_sharpe,361.23092675245505
2023-07-31,etfs_com_ouro_petroleo__max_sharpe,367.3077832408177
2023-08-31,etfs_com_ouro_petroleo__max_sharpe,363.8917997926664
2023-09-30,etfs_com_ouro_petroleo__max_sharpe,358.95412610481696
2023-10-31,etfs_com_ouro_petroleo__max_sharpe,349.28882895472253
2023-11-30,etfs_com_ouro_petroleo__max_sharpe,377.3379219960555
2023-12-31,etfs_com_ouro_petroleo__max_sharpe,390.43778244257726
2024-01-31,etfs_com_ouro_petroleo__max_sharpe,389.45433701631987
2024-02-29,etfs_com_ouro_petroleo__max_sharpe,398.4779677766108
2024-03-31,etfs_com_ouro_petroleo__max_sharpe,415.13783556871937
2024-04-30,etfs_com_ouro_petroleo__max_sharpe,417.514484462326
2024-05-31,etfs_com_ouro_petroleo__max_sharpe,435.0113709878236
2024-06-30,etfs_com_ouro_petroleo__max_sharpe,458.76233932268036
2024-07-31,etfs_com_ouro_petroleo__max_sharpe,472.6167329484475
2024-08-31,etfs_com_ouro_petroleo__max_sharpe,489.5656881738794
2024-09-30,etfs_com_ouro_petroleo__max_sharpe,482.27668684632096
2024-10-31,etfs_com_ouro_petroleo__max_sharpe,504.2809717718617
2024-11-30,etfs_com_ouro_petroleo__max_sharpe,527.2632880842136
2024-12-31,etfs_com_ouro_petroleo__max_sharpe,526.0155561115944
2025-01-31,etfs_com_ouro_petroleo__max_sharpe,524.2605549687154
2025-02-28,etfs_com_ouro_petroleo__max_sharpe,518.0402616565073
2025-03-31,etfs_com_ouro_petroleo__max_sharpe,516.4103936307897
2025-04-30,etfs_com_ouro_petroleo__max_sharpe,518.1466885968747
2025-05-31,etfs_com_ouro_petroleo__max_sharpe,548.1562602220345
2025-06-30,etfs_com_ouro_petroleo__max_sharpe,551.8049766262016
2025-07-31,etfs_com_ouro_petroleo__max_sharpe,556.4350867050074
2025-08-31,etfs_com_ouro_petroleo__max_sharpe,558.0437066005607
2025-09-30,etfs_com_ouro_petroleo__max_sharpe,568.4301289998507
2025-10-31,etfs_com_ouro_petroleo__max_sharpe,603.9475775839551
2025-11-30,etfs_com_ouro_petroleo__max_sharpe,609.3920749272609
2025-12-31,etfs_com_ouro_petroleo__max_sharpe,626.6157403523592
2026-01-31,etfs_com_ouro_petroleo__max_sharpe,646.594383864445
2026-02-28,etfs_com_ouro_petroleo__max_sharpe,662.3369689119124
2026-03-31,etfs_com_ouro_petroleo__max_sharpe,652.4302354395529
2026-04-30,etfs_com_ouro_petroleo__max_sharpe,661.1305426125493
2015-02-28,etfs_com_ouro__max_sharpe,115.22174132727756
2015-03-31,etfs_com_ouro__max_sharpe,124.52581690954156
2015-04-30,etfs_com_ouro__max_sharpe,120.41512758523555
2015-05-31,etfs_com_ouro__max_sharpe,125.21733458415434
2015-06-30,etfs_com_ouro__max_sharpe,120.75344174804361
2015-07-31,etfs_com_ouro__max_sharpe,125.21644042531742
2015-08-31,etfs_com_ouro__max_sharpe,123.58968811783203
2015-09-30,etfs_com_ouro__max_sharpe,131.91303893241297
2015-10-31,etfs_com_ouro__max_sharpe,136.7241297786504
2015-11-30,etfs_com_ouro__max_sharpe,133.5174796268725
2015-12-31,etfs_com_ouro__max_sharpe,133.17788825606553
2016-01-31,etfs_com_ouro__max_sharpe,129.80962777277458
2016-02-29,etfs_com_ouro__max_sharpe,130.11005321657308
2016-03-31,etfs_com_ouro__max_sharpe,130.81464783866642
2016-04-30,etfs_com_ouro__max_sharpe,130.3848505118017
2016-05-31,etfs_com_ouro__max_sharpe,130.50043062417248
2016-06-30,etfs_com_ouro__max_sharpe,125.23196660494594
2016-07-31,etfs_com_ouro__max_sharpe,134.2174846207906
2016-08-31,etfs_com_ouro__max_sharpe,132.5128919291557
2016-09-30,etfs_com_ouro__max_sharpe,135.9126531815406
2016-10-31,etfs_com_ouro__max_sharpe,134.88275547389435
2016-11-30,etfs_com_ouro__max_sharpe,139.16436718601435
2016-12-31,etfs_com_ouro__max_sharpe,132.2444013723085
2017-01-31,etfs_com_ouro__max_sharpe,136.0312605963077
2017-02-28,etfs_com_ouro__max_sharpe,139.29385097358508
2017-03-31,etfs_com_ouro__max_sharpe,143.4752692791807
2017-04-30,etfs_com_ouro__max_sharpe,147.18668135493388
2017-05-31,etfs_com_ouro__max_sharpe,152.33129055145483
2017-06-30,etfs_com_ouro__max_sharpe,154.0227151621724
2017-07-31,etfs_com_ouro__max_sharpe,154.9844651991544
2017-08-31,etfs_com_ouro__max_sharpe,158.1244503781267
2017-09-30,etfs_com_ouro__max_sharpe,161.15549892376336
2017-10-31,etfs_com_ouro__max_sharpe,168.30977441139606
2017-11-30,etfs_com_ouro__max_sharpe,166.37575790235894
2017-12-31,etfs_com_ouro__max_sharpe,175.73727033029377
2018-01-31,etfs_com_ouro__max_sharpe,180.93814848659545
2018-02-28,etfs_com_ouro__max_sharpe,178.01950773358283
2018-03-31,etfs_com_ouro__max_sharpe,180.07176241886077
2018-04-30,etfs_com_ouro__max_sharpe,186.07609856989922
2018-05-31,etfs_com_ouro__max_sharpe,190.98027757639514
2018-06-30,etfs_com_ouro__max_sharpe,191.2838628585899
2018-07-31,etfs_com_ouro__max_sharpe,193.6003077781562
2018-08-31,etfs_com_ouro__max_sharpe,206.8218609738516
2018-09-30,etfs_com_ouro__max_sharpe,201.7540510790865
2018-10-31,etfs_com_ouro__max_sharpe,181.77295916611072
2018-11-30,etfs_com_ouro__max_sharpe,191.99189639234157
2018-12-31,etfs_com_ouro__max_sharpe,186.07931265859068
2019-01-31,etfs_com_ouro__max_sharpe,194.5899428107551
2019-02-28,etfs_com_ouro__max_sharpe,197.88560223710857
2019-03-31,etfs_com_ouro__max_sharpe,206.5130929943511
2019-04-30,etfs_com_ouro__max_sharpe,212.1393839277135
2019-05-31,etfs_com_ouro__max_sharpe,207.2228342182647
2019-06-30,etfs_com_ouro__max_sharpe,214.5818032744898
2019-07-31,etfs_com_ouro__max_sharpe,213.59980044204084
2019-08-31,etfs_com_ouro__max_sharpe,222.06994641275125
2019-09-30,etfs_com_ouro__max_sharpe,225.56324063235073
2019-10-31,etfs_com_ouro__max_sharpe,223.31364461085852
2019-11-30,etfs_com_ouro__max_sharpe,236.90962455705713
2019-12-31,etfs_com_ouro__max_sharpe,243.4718461492659
2020-01-31,etfs_com_ouro__max_sharpe,249.5329921018446
2020-02-29,etfs_com_ouro__max_sharpe,244.40079856653477
2020-03-31,etfs_com_ouro__max_sharpe,225.9872023956072
2020-04-30,etfs_com_ouro__max_sharpe,256.4363779308669
2020-05-31,etfs_com_ouro__max_sharpe,274.65531596046725
2020-06-30,etfs_com_ouro__max_sharpe,292.7680609200543
2020-07-31,etfs_com_ouro__max_sharpe,302.4576885171621
2020-08-31,etfs_com_ouro__max_sharpe,319.8067361133429
2020-09-30,etfs_com_ouro__max_sharpe,318.6223591686767
2020-10-31,etfs_com_ouro__max_sharpe,321.5207779099694
2020-11-30,etfs_com_ouro__max_sharpe,339.0900906751756
2020-12-31,etfs_com_ouro__max_sharpe,353.95455391732474
2021-01-31,etfs_com_ouro__max_sharpe,363.21029830478324
2021-02-28,etfs_com_ouro__max_sharpe,370.75633084021734
2021-03-31,etfs_com_ouro__max_sharpe,393.6119753264725
2021-04-30,etfs_com_ouro__max_sharpe,382.6093997325115
2021-05-31,etfs_com_ouro__max_sharpe,387.15230061557816
2021-06-30,etfs_com_ouro__max_sharpe,371.2318226856247
2021-07-31,etfs_com_ouro__max_sharpe,375.7500236488299
2021-08-31,etfs_com_ouro__max_sharpe,391.4315030826282
2021-09-30,etfs_com_ouro__max_sharpe,385.5814842628863
2021-10-31,etfs_com_ouro__max_sharpe,401.48053789273
2021-11-30,etfs_com_ouro__max_sharpe,388.1217522030468
2021-12-31,etfs_com_ouro__max_sharpe,401.2811605911349
2022-01-31,etfs_com_ouro__max_sharpe,385.8635228662866
2022-02-28,etfs_com_ouro__max_sharpe,371.64865731618926
2022-03-31,etfs_com_ouro__max_sharpe,361.49630683974675
2022-04-30,etfs_com_ouro__max_sharpe,340.62262057584155
2022-05-31,etfs_com_ouro__max_sharpe,333.2440610171745
2022-06-30,etfs_com_ouro__max_sharpe,322.14185895929165
2022-07-31,etfs_com_ouro__max_sharpe,339.042172179782
2022-08-31,etfs_com_ouro__max_sharpe,335.5518620190355
2022-09-30,etfs_com_ouro__max_sharpe,324.8071604716265
2022-10-31,etfs_com_ouro__max_sharpe,333.1546553774581
2022-11-30,etfs_com_ouro__max_sharpe,357.6299014732165
2022-12-31,etfs_com_ouro__max_sharpe,349.5470589133064
2023-01-31,etfs_com_ouro__max_sharpe,369.7219198832494
2023-02-28,etfs_com_ouro__max_sharpe,356.7810113444268
2023-03-31,etfs_com_ouro__max_sharpe,360.8350384457676
2023-04-30,etfs_com_ouro__max_sharpe,357.15749677601514
2023-05-31,etfs_com_ouro__max_sharpe,365.25985932311517
2023-06-30,etfs_com_ouro__max_sharpe,376.1810253468311
2023-07-31,etfs_com_ouro__max_sharpe,380.980265781042
2023-08-31,etfs_com_ouro__max_sharpe,376.8710474768991
2023-09-30,etfs_com_ouro__max_sharpe,369.7368622287784
2023-10-31,etfs_com_ouro__max_sharpe,360.21484727851356
2023-11-30,etfs_com_ouro__max_sharpe,391.8799981091231
2023-12-31,etfs_com_ouro__max_sharpe,406.7433316680109
2024-01-31,etfs_com_ouro__max_sharpe,404.9340947587007
2024-02-29,etfs_com_ouro__max_sharpe,414.1175932332784
2024-03-31,etfs_com_ouro__max_sharpe,431.0036921324544
2024-04-30,etfs_com_ouro__max_sharpe,433.2959228002151
2024-05-31,etfs_com_ouro__max_sharpe,452.98901891052975
2024-06-30,etfs_com_ouro__max_sharpe,476.5192160533328
2024-07-31,etfs_com_ouro__max_sharpe,491.4861485682452
2024-08-31,etfs_com_ouro__max_sharpe,510.8499215903794
2024-09-30,etfs_com_ouro__max_sharpe,504.57828006031605
2024-10-31,etfs_com_ouro__max_sharpe,527.0553511266231
2024-11-30,etfs_com_ouro__max_sharpe,552.8803119806199
2024-12-31,etfs_com_ouro__max_sharpe,549.9945385080493
2025-01-31,etfs_com_ouro__max_sharpe,548.2939186774169
2025-02-28,etfs_com_ouro__max_sharpe,542.0389833738789
2025-03-31,etfs_com_ouro__max_sharpe,539.1318356748322
2025-04-30,etfs_com_ouro__max_sharpe,544.6087103246415
2025-05-31,etfs_com_ouro__max_sharpe,576.191403086092
2025-06-30,etfs_com_ouro__max_sharpe,578.675054815135
2025-07-31,etfs_com_ouro__max_sharpe,581.735428789805
2025-08-31,etfs_com_ouro__max_sharpe,584.8363331830584
2025-09-30,etfs_com_ouro__max_sharpe,595.8083084019472
2025-10-31,etfs_com_ouro__max_sharpe,635.734463726422
2025-11-30,etfs_com_ouro__max_sharpe,641.9975902592696
2025-12-31,etfs_com_ouro__max_sharpe,660.5873197785593
2026-01-31,etfs_com_ouro__max_sharpe,679.2770590071334
2026-02-28,etfs_com_ouro__max_sharpe,694.41725668493
2026-03-31,etfs_com_ouro__max_sharpe,669.5409396335376
2026-04-30,etfs_com_ouro__max_sharpe,680.5728961694161
2015-02-28,etfs_com_tudo__min_vol,114.25170029842621
2015-03-31,etfs_com_tudo__min_vol,122.88117327750143
2015-04-30,etfs_com_tudo__min_vol,120.75360218030444
2015-05-31,etfs_com_tudo__min_vol,125.5363572307572
2015-06-30,etfs_com_tudo__min_vol,121.76865545931379
2015-07-31,etfs_com_tudo__min_vol,124.94407949683293
2015-08-31,etfs_com_tudo__min_vol,122.72270871359154
2015-09-30,etfs_com_tudo__min_vol,131.04094097697347
2015-10-31,etfs_com_tudo__min_vol,133.98726803711065
2015-11-30,etfs_com_tudo__min_vol,130.58020679077148
2015-12-31,etfs_com_tudo__min_vol,129.73657178028807
2016-01-31,etfs_com_tudo__min_vol,125.06715565813107
2016-02-29,etfs_com_tudo__min_vol,124.01531785296702
2016-03-31,etfs_com_tudo__min_vol,124.90828868901878
2016-04-30,etfs_com_tudo__min_vol,126.34455898655128
2016-05-31,etfs_com_tudo__min_vol,126.77242667216535
2016-06-30,etfs_com_tudo__min_vol,121.5184460575087
2016-07-31,etfs_com_tudo__min_vol,128.4512112366818
2016-08-31,etfs_com_tudo__min_vol,127.34931200195922
2016-09-30,etfs_com_tudo__min_vol,130.79112586579487
2016-10-31,etfs_com_tudo__min_vol,130.1592807325231
2016-11-30,etfs_com_tudo__min_vol,134.39608668024167
2016-12-31,etfs_com_tudo__min_vol,128.29076874791514
2017-01-31,etfs_com_tudo__min_vol,130.8630703531419
2017-02-28,etfs_com_tudo__min_vol,134.0314447814669
2017-03-31,etfs_com_tudo__min_vol,136.31267302152835
2017-04-30,etfs_com_tudo__min_vol,139.94792237922638
2017-05-31,etfs_com_tudo__min_vol,145.8915294230577
2017-06-30,etfs_com_tudo__min_vol,147.69748220071045
2017-07-31,etfs_com_tudo__min_vol,149.86344165740314
2017-08-31,etfs_com_tudo__min_vol,154.02278823931016
2017-09-30,etfs_com_tudo__min_vol,157.36729606015857
2017-10-31,etfs_com_tudo__min_vol,165.69130802232348
2017-11-30,etfs_com_tudo__min_vol,166.56819161658817
2017-12-31,etfs_com_tudo__min_vol,176.94861391591738
2018-01-31,etfs_com_tudo__min_vol,180.3380379551049
2018-02-28,etfs_com_tudo__min_vol,177.2905522622894
2018-03-31,etfs_com_tudo__min_vol,179.41186224574847
2018-04-30,etfs_com_tudo__min_vol,188.34924212319254
2018-05-31,etfs_com_tudo__min_vol,192.617155484277
2018-06-30,etfs_com_tudo__min_vol,193.83088631662807
2018-07-31,etfs_com_tudo__min_vol,194.2898757365598
2018-08-31,etfs_com_tudo__min_vol,207.05173889296614
2018-09-30,etfs_com_tudo__min_vol,202.79052016607818
2018-10-31,etfs_com_tudo__min_vol,182.59137840385796
2018-11-30,etfs_com_tudo__min_vol,189.4454373096471
2018-12-31,etfs_com_tudo__min_vol,184.15533972974586
2019-01-31,etfs_com_tudo__min_vol,192.21510731068605
2019-02-28,etfs_com_tudo__min_vol,196.41481209995072
2019-03-31,etfs_com_tudo__min_vol,205.0205426580173
2019-04-30,etfs_com_tudo__min_vol,212.20653787288782
2019-05-31,etfs_com_tudo__min_vol,207.14225301127124
2019-06-30,etfs_com_tudo__min_vol,214.00730316504655
2019-07-31,etfs_com_tudo__min_vol,211.32555089835665
2019-08-31,etfs_com_tudo__min_vol,222.70620477453633
2019-09-30,etfs_com_tudo__min_vol,225.10065787149247
2019-10-31,etfs_com_tudo__min_vol,223.52978688336583
2019-11-30,etfs_com_tudo__min_vol,233.7951334205802
2019-12-31,etfs_com_tudo__min_vol,239.1164921596636
2020-01-31,etfs_com_tudo__min_vol,243.18820263308893
2020-02-29,etfs_com_tudo__min_vol,237.65711758837594
2020-03-31,etfs_com_tudo__min_vol,212.43669915051697
2020-04-30,etfs_com_tudo__min_vol,230.8706211380931
2020-05-31,etfs_com_tudo__min_vol,248.26647955735805
2020-06-30,etfs_com_tudo__min_vol,263.87375774246993
2020-07-31,etfs_com_tudo__min_vol,268.46047933326645
2020-08-31,etfs_com_tudo__min_vol,285.40278100340765
2020-09-30,etfs_com_tudo__min_vol,285.1532648874266
2020-10-31,etfs_com_tudo__min_vol,286.9128230718412
2020-11-30,etfs_com_tudo__min_vol,305.0714249403257
2020-12-31,etfs_com_tudo__min_vol,320.6266005952871
2021-01-31,etfs_com_tudo__min_vol,331.8799286632997
2021-02-28,etfs_com_tudo__min_vol,345.2044426667815
2021-03-31,etfs_com_tudo__min_vol,367.2674482834218
2021-04-30,etfs_com_tudo__min_vol,354.1165944371216
2021-05-31,etfs_com_tudo__min_vol,358.95026973205825
2021-06-30,etfs_com_tudo__min_vol,342.2703006553456
2021-07-31,etfs_com_tudo__min_vol,345.4338872413476
2021-08-31,etfs_com_tudo__min_vol,352.8072629159914
2021-09-30,etfs_com_tudo__min_vol,353.72353711445874
2021-10-31,etfs_com_tudo__min_vol,368.97543440753344
2021-11-30,etfs_com_tudo__min_vol,351.59133700180746
2021-12-31,etfs_com_tudo__min_vol,361.9122460846822
2022-01-31,etfs_com_tudo__min_vol,354.7861835415403
2022-02-28,etfs_com_tudo__min_vol,343.71881706669143
2022-03-31,etfs_com_tudo__min_vol,333.66388142517167
2022-04-30,etfs_com_tudo__min_vol,319.93690317456577
2022-05-31,etfs_com_tudo__min_vol,316.76726490030256
2022-06-30,etfs_com_tudo__min_vol,310.40575213216414
2022-07-31,etfs_com_tudo__min_vol,320.200919401351
2022-08-31,etfs_com_tudo__min_vol,313.6762704208737
2022-09-30,etfs_com_tudo__min_vol,303.34322740413893
2022-10-31,etfs_com_tudo__min_vol,308.33086028028947
2022-11-30,etfs_com_tudo__min_vol,330.46330180579304
2022-12-31,etfs_com_tudo__min_vol,327.42112437106454
2023-01-31,etfs_com_tudo__min_vol,341.5647964880182
2023-02-28,etfs_com_tudo__min_vol,326.5543857963328
2023-03-31,etfs_com_tudo__min_vol,329.47146125110083
2023-04-30,etfs_com_tudo__min_vol,327.461721398843
2023-05-31,etfs_com_tudo__min_vol,326.67452849382516
2023-06-30,etfs_com_tudo__min_vol,334.36300049955304
2023-07-31,etfs_com_tudo__min_vol,341.27341872911086
2023-08-31,etfs_com_tudo__min_vol,334.7933552476415
2023-09-30,etfs_com_tudo__min_vol,334.273748271387
2023-10-31,etfs_com_tudo__min_vol,327.3555355766317
2023-11-30,etfs_com_tudo__min_vol,343.58698794235204
2023-12-31,etfs_com_tudo__min_vol,354.965080363501
2024-01-31,etfs_com_tudo__min_vol,351.93766032098574
2024-02-29,etfs_com_tudo__min_vol,364.26310188670936
2024-03-31,etfs_com_tudo__min_vol,377.65159817450717
2024-04-30,etfs_com_tudo__min_vol,378.14949072645754
2024-05-31,etfs_com_tudo__min_vol,389.746303231572
2024-06-30,etfs_com_tudo__min_vol,406.43557024063995
2024-07-31,etfs_com_tudo__min_vol,420.6175897293204
2024-08-31,etfs_com_tudo__min_vol,432.4019691662863
2024-09-30,etfs_com_tudo__min_vol,428.91626365876493
2024-10-31,etfs_com_tudo__min_vol,443.5865596410016
2024-11-30,etfs_com_tudo__min_vol,459.7088037643533
2024-12-31,etfs_com_tudo__min_vol,456.6642120045985
2025-01-31,etfs_com_tudo__min_vol,455.5772121194702
2025-02-28,etfs_com_tudo__min_vol,453.1698201705399
2025-03-31,etfs_com_tudo__min_vol,458.61170980556506
2025-04-30,etfs_com_tudo__min_vol,458.8171914381227
2025-05-31,etfs_com_tudo__min_vol,483.30142408264135
2025-06-30,etfs_com_tudo__min_vol,487.86508092878506
2025-07-31,etfs_com_tudo__min_vol,493.4854389123024
2025-08-31,etfs_com_tudo__min_vol,497.49693564256836
2025-09-30,etfs_com_tudo__min_vol,507.92451615700213
2025-10-31,etfs_com_tudo__min_vol,525.1711885816053
2025-11-30,etfs_com_tudo__min_vol,531.6443396397358
2025-12-31,etfs_com_tudo__min_vol,545.0518813314835
2026-01-31,etfs_com_tudo__min_vol,566.9726343095589
2026-02-28,etfs_com_tudo__min_vol,585.450129758975
2026-03-31,etfs_com_tudo__min_vol,585.5945593559902
2026-04-30,etfs_com_tudo__min_vol,587.3648613051482
2015-02-28,etfs_com_ouro_btc__min_vol,114.59872743848098
2015-03-31,etfs_com_ouro_btc__min_vol,123.35003519415424
2015-04-30,etfs_com_ouro_btc__min_vol,120.02234293627288
2015-05-31,etfs_com_ouro_btc__min_vol,124.92776963888032
2015-06-30,etfs_com_ouro_btc__min_vol,121.03466935682358
2015-07-31,etfs_com_ouro_btc__min_vol,126.37185427176509
2015-08-31,etfs_com_ouro_btc__min_vol,123.14885129774302
2015-09-30,etfs_com_ouro_btc__min_vol,131.875185822119
2015-10-31,etfs_com_ouro_btc__min_vol,135.35402157747075
2015-11-30,etfs_com_ouro_btc__min_vol,133.01314302332858
2015-12-31,etfs_com_ouro_btc__min_vol,133.1698704530552
2016-01-31,etfs_com_ouro_btc__min_vol,129.05051374698658
2016-02-29,etfs_com_ouro_btc__min_vol,128.2489180351257
2016-03-31,etfs_com_ouro_btc__min_vol,128.94592717303092
2016-04-30,etfs_com_ouro_btc__min_vol,129.32285245751197
2016-05-31,etfs_com_ouro_btc__min_vol,129.2118633288999
2016-06-30,etfs_com_ouro_btc__min_vol,123.82752599965987
2016-07-31,etfs_com_ouro_btc__min_vol,132.39090029339445
2016-08-31,etfs_com_ouro_btc__min_vol,130.84301061507682
2016-09-30,etfs_com_ouro_btc__min_vol,133.89182081524712
2016-10-31,etfs_com_ouro_btc__min_vol,133.0049079858298
2016-11-30,etfs_com_ouro_btc__min_vol,137.00653044972054
2016-12-31,etfs_com_ouro_btc__min_vol,130.4743051133983
2017-01-31,etfs_com_ouro_btc__min_vol,133.60185863574142
2017-02-28,etfs_com_ouro_btc__min_vol,136.8550855171782
2017-03-31,etfs_com_ouro_btc__min_vol,140.0442481988515
2017-04-30,etfs_com_ouro_btc__min_vol,144.34669586279423
2017-05-31,etfs_com_ouro_btc__min_vol,151.2820850585081
2017-06-30,etfs_com_ouro_btc__min_vol,153.49456945679486
2017-07-31,etfs_com_ouro_btc__min_vol,155.10188924386497
2017-08-31,etfs_com_ouro_btc__min_vol,159.96893860527132
2017-09-30,etfs_com_ouro_btc__min_vol,162.8520933128758
2017-10-31,etfs_com_ouro_btc__min_vol,170.93401915627706
2017-11-30,etfs_com_ouro_btc__min_vol,171.31633197784942
2017-12-31,etfs_com_ouro_btc__min_vol,181.82521778064086
2018-01-31,etfs_com_ouro_btc__min_vol,184.77572439419288
2018-02-28,etfs_com_ouro_btc__min_vol,181.33994460656555
2018-03-31,etfs_com_ouro_btc__min_vol,182.79099355577137
2018-04-30,etfs_com_ouro_btc__min_vol,191.7524748287822
2018-05-31,etfs_com_ouro_btc__min_vol,196.3344374679537
2018-06-30,etfs_com_ouro_btc__min_vol,195.84387616159142
2018-07-31,etfs_com_ouro_btc__min_vol,197.08978793358818
2018-08-31,etfs_com_ouro_btc__min_vol,208.92817776596368
2018-09-30,etfs_com_ouro_btc__min_vol,204.0438736713802
2018-10-31,etfs_com_ouro_btc__min_vol,184.31071607604758
2018-11-30,etfs_com_ouro_btc__min_vol,194.0425016228059
2018-12-31,etfs_com_ouro_btc__min_vol,189.33693598356126
2019-01-31,etfs_com_ouro_btc__min_vol,196.2815634679367
2019-02-28,etfs_com_ouro_btc__min_vol,200.35467779278426
2019-03-31,etfs_com_ouro_btc__min_vol,208.71220057063448
2019-04-30,etfs_com_ouro_btc__min_vol,215.46246450987158
2019-05-31,etfs_com_ouro_btc__min_vol,211.9288998364043
2019-06-30,etfs_com_ouro_btc__min_vol,218.35970096241462
2019-07-31,etfs_com_ouro_btc__min_vol,215.29887451319087
2019-08-31,etfs_com_ouro_btc__min_vol,227.14221970596373
2019-09-30,etfs_com_ouro_btc__min_vol,230.32263223231388
2019-10-31,etfs_com_ouro_btc__min_vol,229.43897758491096
2019-11-30,etfs_com_ouro_btc__min_vol,239.8876387113512
2019-12-31,etfs_com_ouro_btc__min_vol,244.5126028778996
2020-01-31,etfs_com_ouro_btc__min_vol,250.77224590776828
2020-02-29,etfs_com_ouro_btc__min_vol,245.5885458014723
2020-03-31,etfs_com_ouro_btc__min_vol,227.03170095371914
2020-04-30,etfs_com_ouro_btc__min_vol,254.73468523720015
2020-05-31,etfs_com_ouro_btc__min_vol,267.94314042306115
2020-06-30,etfs_com_ouro_btc__min_vol,283.390074612322
2020-07-31,etfs_com_ouro_btc__min_vol,287.7231928913998
2020-08-31,etfs_com_ouro_btc__min_vol,305.4778794977984
2020-09-30,etfs_com_ouro_btc__min_vol,305.96181151727603
2020-10-31,etfs_com_ouro_btc__min_vol,309.24619004733995
2020-11-30,etfs_com_ouro_btc__min_vol,327.49109491431227
2020-12-31,etfs_com_ouro_btc__min_vol,343.65167111743176
2021-01-31,etfs_com_ouro_btc__min_vol,354.02027051053307
2021-02-28,etfs_com_ouro_btc__min_vol,364.7029682280595
2021-03-31,etfs_com_ouro_btc__min_vol,389.1975653183473
2021-04-30,etfs_com_ouro_btc__min_vol,374.69906199787346
2021-05-31,etfs_com_ouro_btc__min_vol,379.7130536225395
2021-06-30,etfs_com_ouro_btc__min_vol,359.1684346733003
2021-07-31,etfs_com_ouro_btc__min_vol,362.16312104887976
2021-08-31,etfs_com_ouro_btc__min_vol,371.3771232353053
2021-09-30,etfs_com_ouro_btc__min_vol,369.25997377615414
2021-10-31,etfs_com_ouro_btc__min_vol,384.1908787880457
2021-11-30,etfs_com_ouro_btc__min_vol,368.99759691162905
2021-12-31,etfs_com_ouro_btc__min_vol,378.1527006746727
2022-01-31,etfs_com_ouro_btc__min_vol,367.17805542404705
2022-02-28,etfs_com_ouro_btc__min_vol,353.41060571768895
2022-03-31,etfs_com_ouro_btc__min_vol,340.64858564640167
2022-04-30,etfs_com_ouro_btc__min_vol,324.7511844503748
2022-05-31,etfs_com_ouro_btc__min_vol,319.4711797492895
2022-06-30,etfs_com_ouro_btc__min_vol,312.7450464409103
2022-07-31,etfs_com_ouro_btc__min_vol,323.81154563566696
2022-08-31,etfs_com_ouro_btc__min_vol,317.0287014129312
2022-09-30,etfs_com_ouro_btc__min_vol,306.9699788706818
2022-10-31,etfs_com_ouro_btc__min_vol,311.5313427630473
2022-11-30,etfs_com_ouro_btc__min_vol,337.1149585182739
2022-12-31,etfs_com_ouro_btc__min_vol,333.6232087817873
2023-01-31,etfs_com_ouro_btc__min_vol,349.78181611497234
2023-02-28,etfs_com_ouro_btc__min_vol,334.99546758589514
2023-03-31,etfs_com_ouro_btc__min_vol,338.2341592200628
2023-04-30,etfs_com_ouro_btc__min_vol,337.0726544428493
2023-05-31,etfs_com_ouro_btc__min_vol,337.2004561567417
2023-06-30,etfs_com_ouro_btc__min_vol,344.74810950267465
2023-07-31,etfs_com_ouro_btc__min_vol,348.9752336637274
2023-08-31,etfs_com_ouro_btc__min_vol,340.7732804584749
2023-09-30,etfs_com_ouro_btc__min_vol,338.15222259046004
2023-10-31,etfs_com_ouro_btc__min_vol,332.07488374513326
2023-11-30,etfs_com_ouro_btc__min_vol,351.4261540649709
2023-12-31,etfs_com_ouro_btc__min_vol,365.28945272896027
2024-01-31,etfs_com_ouro_btc__min_vol,360.131717624549
2024-02-29,etfs_com_ouro_btc__min_vol,372.0784182254341
2024-03-31,etfs_com_ouro_btc__min_vol,385.1421194670475
2024-04-30,etfs_com_ouro_btc__min_vol,386.1992582599408
2024-05-31,etfs_com_ouro_btc__min_vol,400.59045514036865
2024-06-30,etfs_com_ouro_btc__min_vol,415.2873261949348
2024-07-31,etfs_com_ouro_btc__min_vol,431.73103181230744
2024-08-31,etfs_com_ouro_btc__min_vol,446.18939104896793
2024-09-30,etfs_com_ouro_btc__min_vol,444.29796628117896
2024-10-31,etfs_com_ouro_btc__min_vol,456.3528069816068
2024-11-30,etfs_com_ouro_btc__min_vol,473.87697321969017
2024-12-31,etfs_com_ouro_btc__min_vol,467.6587150688241
2025-01-31,etfs_com_ouro_btc__min_vol,467.0792162614717
2025-02-28,etfs_com_ouro_btc__min_vol,467.1472535364352
2025-03-31,etfs_com_ouro_btc__min_vol,472.1755284669743
2025-04-30,etfs_com_ouro_btc__min_vol,478.6912907674058
2025-05-31,etfs_com_ouro_btc__min_vol,503.94424390454606
2025-06-30,etfs_com_ouro_btc__min_vol,506.1111414153136
2025-07-31,etfs_com_ouro_btc__min_vol,508.8960448370042
2025-08-31,etfs_com_ouro_btc__min_vol,516.5070254038231
2025-09-30,etfs_com_ouro_btc__min_vol,528.4171010258618
2025-10-31,etfs_com_ouro_btc__min_vol,547.4118546111016
2025-11-30,etfs_com_ouro_btc__min_vol,555.1552984664315
2025-12-31,etfs_com_ouro_btc__min_vol,571.7285261703992
2026-01-31,etfs_com_ouro_btc__min_vol,590.5815686365625
2026-02-28,etfs_com_ouro_btc__min_vol,610.9783478657495
2026-03-31,etfs_com_ouro_btc__min_vol,583.6835583122397
2026-04-30,etfs_com_ouro_btc__min_vol,588.6971754910655
2015-02-28,etfs_com_petroleo__max_sharpe,116.21187070852604
2015-03-31,etfs_com_petroleo__max_sharpe,125.34346379892061
2015-04-30,etfs_com_petroleo__max_sharpe,122.471259740616
2015-05-31,etfs_com_petroleo__max_sharpe,127.09082271687453
2015-06-30,etfs_com_petroleo__max_sharpe,122.47055814787646
2015-07-31,etfs_com_petroleo__max_sharpe,126.50701301617184
2015-08-31,etfs_com_petroleo__max_sharpe,123.76683988721544
2015-09-30,etfs_com_petroleo__max_sharpe,131.48212011673849
2015-10-31,etfs_com_petroleo__max_sharpe,136.80637650855783
2015-11-30,etfs_com_petroleo__max_sharpe,133.7587036860702
2015-12-31,etfs_com_petroleo__max_sharpe,132.4461309521832
2016-01-31,etfs_com_petroleo__max_sharpe,127.24347421246398
2016-02-29,etfs_com_petroleo__max_sharpe,126.13794390418384
2016-03-31,etfs_com_petroleo__max_sharpe,127.96985043948482
2016-04-30,etfs_com_petroleo__max_sharpe,127.741670292819
2016-05-31,etfs_com_petroleo__max_sharpe,128.8869083458134
2016-06-30,etfs_com_petroleo__max_sharpe,122.99060847216208
2016-07-31,etfs_com_petroleo__max_sharpe,131.34645123752688
2016-08-31,etfs_com_petroleo__max_sharpe,130.41333845240553
2016-09-30,etfs_com_petroleo__max_sharpe,134.078777816661
2016-10-31,etfs_com_petroleo__max_sharpe,133.36074154629725
2016-11-30,etfs_com_petroleo__max_sharpe,138.79046387979446
2016-12-31,etfs_com_petroleo__max_sharpe,132.57839849659993
2017-01-31,etfs_com_petroleo__max_sharpe,136.09973376218306
2017-02-28,etfs_com_petroleo__max_sharpe,139.31688122235857
2017-03-31,etfs_com_petroleo__max_sharpe,143.28412839635092
2017-04-30,etfs_com_petroleo__max_sharpe,146.68051077488104
2017-05-31,etfs_com_petroleo__max_sharpe,151.78302078367417
2017-06-30,etfs_com_petroleo__max_sharpe,153.62230776743775
2017-07-31,etfs_com_petroleo__max_sharpe,155.0684925659046
2017-08-31,etfs_com_petroleo__max_sharpe,157.4625733718774
2017-09-30,etfs_com_petroleo__max_sharpe,161.5994192794338
2017-10-31,etfs_com_petroleo__max_sharpe,169.37541936408863
2017-11-30,etfs_com_petroleo__max_sharpe,167.7065457004554
2017-12-31,etfs_com_petroleo__max_sharpe,177.36229156927567
2018-01-31,etfs_com_petroleo__max_sharpe,183.28440353055925
2018-02-28,etfs_com_petroleo__max_sharpe,179.93515559998517
2018-03-31,etfs_com_petroleo__max_sharpe,182.21355524980848
2018-04-30,etfs_com_petroleo__max_sharpe,188.62705803612573
2018-05-31,etfs_com_petroleo__max_sharpe,193.2508822114639
2018-06-30,etfs_com_petroleo__max_sharpe,194.76954976084943
2018-07-31,etfs_com_petroleo__max_sharpe,197.86617647592823
2018-08-31,etfs_com_petroleo__max_sharpe,211.75125813486537
2018-09-30,etfs_com_petroleo__max_sharpe,207.18376015222412
2018-10-31,etfs_com_petroleo__max_sharpe,185.16858961434417
2018-11-30,etfs_com_petroleo__max_sharpe,194.11756938673875
2018-12-31,etfs_com_petroleo__max_sharpe,185.85651607783197
2019-01-31,etfs_com_petroleo__max_sharpe,196.0585281123152
2019-02-28,etfs_com_petroleo__max_sharpe,199.9947076618507
2019-03-31,etfs_com_petroleo__max_sharpe,209.50815481197816
2019-04-30,etfs_com_petroleo__max_sharpe,216.15116779198954
2019-05-31,etfs_com_petroleo__max_sharpe,208.9003797291733
2019-06-30,etfs_com_petroleo__max_sharpe,216.38514818374892
2019-07-31,etfs_com_petroleo__max_sharpe,215.7005897748831
2019-08-31,etfs_com_petroleo__max_sharpe,221.13356467504707
2019-09-30,etfs_com_petroleo__max_sharpe,225.6224193429464
2019-10-31,etfs_com_petroleo__max_sharpe,223.3124402142642
2019-11-30,etfs_com_petroleo__max_sharpe,238.30445013849499
2019-12-31,etfs_com_petroleo__max_sharpe,246.04561736298933
2020-01-31,etfs_com_petroleo__max_sharpe,248.95965834428807
2020-02-29,etfs_com_petroleo__max_sharpe,241.55776875481737
2020-03-31,etfs_com_petroleo__max_sharpe,214.17026108381503
2020-04-30,etfs_com_petroleo__max_sharpe,239.6490663760699
2020-05-31,etfs_com_petroleo__max_sharpe,259.91337983225395
2020-06-30,etfs_com_petroleo__max_sharpe,278.2424366057733
2020-07-31,etfs_com_petroleo__max_sharpe,286.52705242541685
2020-08-31,etfs_com_petroleo__max_sharpe,303.844202537392
2020-09-30,etfs_com_petroleo__max_sharpe,302.450267352677
2020-10-31,etfs_com_petroleo__max_sharpe,303.8057625045148
2020-11-30,etfs_com_petroleo__max_sharpe,326.8593383788285
2020-12-31,etfs_com_petroleo__max_sharpe,341.09306465099047
2021-01-31,etfs_com_petroleo__max_sharpe,351.72449027981196
2021-02-28,etfs_com_petroleo__max_sharpe,364.02300843993925
2021-03-31,etfs_com_petroleo__max_sharpe,387.2837905968914
2021-04-30,etfs_com_petroleo__max_sharpe,377.7155453163708
2021-05-31,etfs_com_petroleo__max_sharpe,380.31696745938893
2021-06-30,etfs_com_petroleo__max_sharpe,369.2003057690332
2021-07-31,etfs_com_petroleo__max_sharpe,372.8146042704307
2021-08-31,etfs_com_petroleo__max_sharpe,388.258938736467
2021-09-30,etfs_com_petroleo__max_sharpe,383.5634214154475
2021-10-31,etfs_com_petroleo__max_sharpe,400.0997851357094
2021-11-30,etfs_com_petroleo__max_sharpe,384.46237570840935
2021-12-31,etfs_com_petroleo__max_sharpe,399.3881964611634
2022-01-31,etfs_com_petroleo__max_sharpe,386.36787646890116
2022-02-28,etfs_com_petroleo__max_sharpe,370.57163681170323
2022-03-31,etfs_com_petroleo__max_sharpe,362.29468747219767
2022-04-30,etfs_com_petroleo__max_sharpe,340.42932906085935
2022-05-31,etfs_com_petroleo__max_sharpe,335.6008905060689
2022-06-30,etfs_com_petroleo__max_sharpe,321.16449424315243
2022-07-31,etfs_com_petroleo__max_sharpe,339.82615755465116
2022-08-31,etfs_com_petroleo__max_sharpe,336.7151592934985
2022-09-30,etfs_com_petroleo__max_sharpe,323.4344502928617
2022-10-31,etfs_com_petroleo__max_sharpe,334.4177792052606
2022-11-30,etfs_com_petroleo__max_sharpe,357.44747334319953
2022-12-31,etfs_com_petroleo__max_sharpe,347.2406660956401
2023-01-31,etfs_com_petroleo__max_sharpe,367.15445876123545
2023-02-28,etfs_com_petroleo__max_sharpe,354.8333522842976
2023-03-31,etfs_com_petroleo__max_sharpe,356.59238077722983
2023-04-30,etfs_com_petroleo__max_sharpe,352.9839962568851
2023-05-31,etfs_com_petroleo__max_sharpe,361.03474298046746
2023-06-30,etfs_com_petroleo__max_sharpe,374.8220140177389
2023-07-31,etfs_com_petroleo__max_sharpe,381.5474003258792
2023-08-31,etfs_com_petroleo__max_sharpe,377.2894627001823
2023-09-30,etfs_com_petroleo__max_sharpe,371.87199743033955
2023-10-31,etfs_com_petroleo__max_sharpe,357.6872450616795
2023-11-30,etfs_com_petroleo__max_sharpe,390.37480959452193
2023-12-31,etfs_com_petroleo__max_sharpe,405.3363103183983
2024-01-31,etfs_com_petroleo__max_sharpe,404.68202814825594
2024-02-29,etfs_com_petroleo__max_sharpe,414.903566715005
2024-03-31,etfs_com_petroleo__max_sharpe,430.3607771058523
2024-04-30,etfs_com_petroleo__max_sharpe,430.1629107749865
2024-05-31,etfs_com_petroleo__max_sharpe,449.373060277611
2024-06-30,etfs_com_petroleo__max_sharpe,474.3657536903519
2024-07-31,etfs_com_petroleo__max_sharpe,486.2925009616794
2024-08-31,etfs_com_petroleo__max_sharpe,504.72742924342765
2024-09-30,etfs_com_petroleo__max_sharpe,495.2706938782364
2024-10-31,etfs_com_petroleo__max_sharpe,515.7464805958195
2024-11-30,etfs_com_petroleo__max_sharpe,542.9160191532382
2024-12-31,etfs_com_petroleo__max_sharpe,540.9572810421005
2025-01-31,etfs_com_petroleo__max_sharpe,537.630802388548
2025-02-28,etfs_com_petroleo__max_sharpe,529.1699250559886
2025-03-31,etfs_com_petroleo__max_sharpe,521.0020351387205
2025-04-30,etfs_com_petroleo__max_sharpe,521.0350323594008
2025-05-31,etfs_com_petroleo__max_sharpe,554.7189453597339
2025-06-30,etfs_com_petroleo__max_sharpe,560.4062641790573
2025-07-31,etfs_com_petroleo__max_sharpe,565.4172867230733
2025-08-31,etfs_com_petroleo__max_sharpe,565.3781240818116
2025-09-30,etfs_com_petroleo__max_sharpe,570.333810479639
2025-10-31,etfs_com_petroleo__max_sharpe,608.1876798070143
2025-11-30,etfs_com_petroleo__max_sharpe,610.5923367813839
2025-12-31,etfs_com_petroleo__max_sharpe,626.1973708436217
2026-01-31,etfs_com_petroleo__max_sharpe,642.3142766307204
2026-02-28,etfs_com_petroleo__max_sharpe,652.8520748765136
2026-03-31,etfs_com_petroleo__max_sharpe,648.1750618754847
2026-04-30,etfs_com_petroleo__max_sharpe,660.1438323133609
2015-02-28,etfs_todos__max_sharpe,116.37179187846083
2015-03-31,etfs_todos__max_sharpe,125.77437167188333
2015-04-30,etfs_todos__max_sharpe,122.10010479180995
2015-05-31,etfs_todos__max_sharpe,126.75197156419564
2015-06-30,etfs_todos__max_sharpe,122.12306599280673
2015-07-31,etfs_todos__max_sharpe,127.22447672960058
2015-08-31,etfs_todos__max_sharpe,124.03999974682198
2015-09-30,etfs_todos__max_sharpe,131.98575205216653
2015-10-31,etfs_todos__max_sharpe,137.6385134107401
2015-11-30,etfs_todos__max_sharpe,135.180291820479
2015-12-31,etfs_todos__max_sharpe,134.5027857494134
2016-01-31,etfs_todos__max_sharpe,129.56967947379601
2016-02-29,etfs_todos__max_sharpe,128.69592249133348
2016-03-31,etfs_todos__max_sharpe,130.54871807015155
2016-04-30,etfs_todos__max_sharpe,129.61982533425942
2016-05-31,etfs_todos__max_sharpe,130.5543557194536
2016-06-30,etfs_todos__max_sharpe,124.68850494308619
2016-07-31,etfs_todos__max_sharpe,134.05183783506064
2016-08-31,etfs_todos__max_sharpe,132.8204872022782
2016-09-30,etfs_todos__max_sharpe,136.33172850068814
2016-10-31,etfs_todos__max_sharpe,135.6867567051401
2016-11-30,etfs_todos__max_sharpe,141.06417611779125
2016-12-31,etfs_todos__max_sharpe,134.49604740864467
2017-01-31,etfs_todos__max_sharpe,138.36529903286566
2017-02-28,etfs_todos__max_sharpe,141.70418938224915
2017-03-31,etfs_todos__max_sharpe,146.17912796364047
2017-04-30,etfs_todos__max_sharpe,149.93265178896712
2017-05-31,etfs_todos__max_sharpe,155.42412539487282
2017-06-30,etfs_todos__max_sharpe,157.61735169297947
2017-07-31,etfs_todos__max_sharpe,158.7991515779928
2017-08-31,etfs_todos__max_sharpe,161.63674162301695
2017-09-30,etfs_todos__max_sharpe,165.50290265307564
2017-10-31,etfs_todos__max_sharpe,173.30236135221455
2017-11-30,etfs_todos__max_sharpe,171.41315343076974
2017-12-31,etfs_todos__max_sharpe,181.0751480953524
2018-01-31,etfs_todos__max_sharpe,186.97106810646483
2018-02-28,etfs_todos__max_sharpe,183.5700425085817
2018-03-31,etfs_todos__max_sharpe,185.3954203780143
2018-04-30,etfs_todos__max_sharpe,191.5684349642864
2018-05-31,etfs_todos__max_sharpe,196.43557112220876
2018-06-30,etfs_todos__max_sharpe,197.11067286159735
2018-07-31,etfs_todos__max_sharpe,200.81523326535788
2018-08-31,etfs_todos__max_sharpe,214.71914439931533
2018-09-30,etfs_todos__max_sharpe,209.7179487790497
2018-10-31,etfs_todos__max_sharpe,187.69424434626433
2018-11-30,etfs_todos__max_sharpe,198.45640670675402
2018-12-31,etfs_todos__max_sharpe,190.2111845972128
2019-01-31,etfs_todos__max_sharpe,200.03108218602992
2019-02-28,etfs_todos__max_sharpe,203.83941398832323
2019-03-31,etfs_todos__max_sharpe,213.30126153714062
2019-04-30,etfs_todos__max_sharpe,219.83723342452254
2019-05-31,etfs_todos__max_sharpe,213.30217292700092
2019-06-30,etfs_todos__max_sharpe,220.79758031418518
2019-07-31,etfs_todos__max_sharpe,220.10447101714843
2019-08-31,etfs_todos__max_sharpe,225.8778773814473
2019-09-30,etfs_todos__max_sharpe,230.7327578863729
2019-10-31,etfs_todos__max_sharpe,228.61914972701243
2019-11-30,etfs_todos__max_sharpe,243.92412563105563
2019-12-31,etfs_todos__max_sharpe,251.26969104716073
2020-01-31,etfs_todos__max_sharpe,255.5909084009223
2020-02-29,etfs_todos__max_sharpe,248.51581412152845
2020-03-31,etfs_todos__max_sharpe,224.73735739495467
2020-04-30,etfs_todos__max_sharpe,255.92724983695015
2020-05-31,etfs_todos__max_sharpe,274.7158769169533
2020-06-30,etfs_todos__max_sharpe,293.541332345514
2020-07-31,etfs_todos__max_sharpe,302.4605352463699
2020-08-31,etfs_todos__max_sharpe,320.83625823454736
2020-09-30,etfs_todos__max_sharpe,319.91729350113195
2020-10-31,etfs_todos__max_sharpe,322.367806828574
2020-11-30,etfs_todos__max_sharpe,345.6494671838449
2020-12-31,etfs_todos__max_sharpe,360.4694916825692
2021-01-31,etfs_todos__max_sharpe,370.7599354234732
2021-02-28,etfs_todos__max_sharpe,381.6500177808309
2021-03-31,etfs_todos__max_sharpe,406.7241080381793
2021-04-30,etfs_todos__max_sharpe,396.3317835624363
2021-05-31,etfs_todos__max_sharpe,398.5668159443238
2021-06-30,etfs_todos__max_sharpe,385.7435487867859
2021-07-31,etfs_todos__max_sharpe,389.42567738469836
2021-08-31,etfs_todos__max_sharpe,406.6191780815271
2021-09-30,etfs_todos__max_sharpe,399.59578530120086
2021-10-31,etfs_todos__max_sharpe,416.3176605337835
2021-11-30,etfs_todos__max_sharpe,402.1278877627659
2021-12-31,etfs_todos__max_sharpe,416.3473002726938
2022-01-31,etfs_todos__max_sharpe,399.93463014306
2022-02-28,etfs_todos__max_sharpe,382.0361024597328
2022-03-31,etfs_todos__max_sharpe,372.488845700363
2022-04-30,etfs_todos__max_sharpe,348.30215010445846
2022-05-31,etfs_todos__max_sharpe,342.1039317514554
2022-06-30,etfs_todos__max_sharpe,327.10081462791834
2022-07-31,etfs_todos__max_sharpe,347.288880898855
2022-08-31,etfs_todos__max_sharpe,344.3547611054087
2022-09-30,etfs_todos__max_sharpe,330.94621181390175
2022-10-31,etfs_todos__max_sharpe,341.8041051484188
2022-11-30,etfs_todos__max_sharpe,366.59941265335954
2022-12-31,etfs_todos__max_sharpe,355.5377639368036
2023-01-31,etfs_todos__max_sharpe,377.00728022637367
2023-02-28,etfs_todos__max_sharpe,364.31697621682366
2023-03-31,etfs_todos__max_sharpe,366.7039705530286
2023-04-30,etfs_todos__max_sharpe,362.9897819525249
2023-05-31,etfs_todos__max_sharpe,372.48784309501343
2023-06-30,etfs_todos__max_sharpe,386.8389397706428
2023-07-31,etfs_todos__max_sharpe,392.2009257772219
2023-08-31,etfs_todos__max_sharpe,387.0137953263841
2023-09-30,etfs_todos__max_sharpe,379.71735141392355
2023-10-31,etfs_todos__max_sharpe,365.8808955749878
2023-11-30,etfs_todos__max_sharpe,401.307084670664
2023-12-31,etfs_todos__max_sharpe,418.1000568624127
2024-01-31,etfs_todos__max_sharpe,416.4739082438226
2024-02-29,etfs_todos__max_sharpe,427.1554170068059
2024-03-31,etfs_todos__max_sharpe,442.4360939380542
2024-04-30,etfs_todos__max_sharpe,441.7204076701959
2024-05-31,etfs_todos__max_sharpe,462.93524969573826
2024-06-30,etfs_todos__max_sharpe,487.9103184126893
2024-07-31,etfs_todos__max_sharpe,500.8767404306929
2024-08-31,etfs_todos__max_sharpe,521.1194198001159
2024-09-30,etfs_todos__max_sharpe,512.8449547830439
2024-10-31,etfs_todos__max_sharpe,532.7400713990712
2024-11-30,etfs_todos__max_sharpe,562.0265818093845
2024-12-31,etfs_todos__max_sharpe,558.2860050199694
2025-01-31,etfs_todos__max_sharpe,554.8280849039594
2025-02-28,etfs_todos__max_sharpe,546.7565620912242
2025-03-31,etfs_todos__max_sharpe,537.0470120576492
2025-04-30,etfs_todos__max_sharpe,540.5727066646463
2025-05-31,etfs_todos__max_sharpe,575.5285264503241
2025-06-30,etfs_todos__max_sharpe,580.6058113168091
2025-07-31,etfs_todos__max_sharpe,584.1205559154113
2025-08-31,etfs_todos__max_sharpe,585.8627077115191
2025-09-30,etfs_todos__max_sharpe,592.0562017700687
2025-10-31,etfs_todos__max_sharpe,632.2022673508623
2025-11-30,etfs_todos__max_sharpe,635.1812313196127
2025-12-31,etfs_todos__max_sharpe,652.2601512267321
2026-01-31,etfs_todos__max_sharpe,666.3185821767436
2026-02-28,etfs_todos__max_sharpe,676.8272576313374
2026-03-31,etfs_todos__max_sharpe,656.4971642416153
2026-04-30,etfs_todos__max_sharpe,671.1510117350927
2015-02-28,etfs_com_ouro_petroleo__min_vol,114.04414861415081
2015-03-31,etfs_com_ouro_petroleo__min_vol,122.61206599425314
2015-04-30,etfs_com_ouro_petroleo__min_vol,120.65608705971623
2015-05-31,etfs_com_ouro_petroleo__min_vol,125.5104569130185
2015-06-30,etfs_com_ouro_petroleo__min_vol,121.27585150122128
2015-07-31,etfs_com_ouro_petroleo__min_vol,124.31263041497095
2015-08-31,etfs_com_ouro_petroleo__min_vol,122.4130939793806
2015-09-30,etfs_com_ouro_petroleo__min_vol,130.52065568619432
2015-10-31,etfs_com_ouro_petroleo__min_vol,132.8118153103406
2015-11-30,etfs_com_ouro_petroleo__min_vol,128.8682397639608
2015-12-31,etfs_com_ouro_petroleo__min_vol,127.5891762544405
2016-01-31,etfs_com_ouro_petroleo__min_vol,123.32263868649913
2016-02-29,etfs_com_ouro_petroleo__min_vol,121.78324008836326
2016-03-31,etfs_com_ouro_petroleo__min_vol,122.89203853098489
2016-04-30,etfs_com_ouro_petroleo__min_vol,124.1910171546085
2016-05-31,etfs_com_ouro_petroleo__min_vol,124.05428017786954
2016-06-30,etfs_com_ouro_petroleo__min_vol,118.28959958339121
2016-07-31,etfs_com_ouro_petroleo__min_vol,125.2982097517399
2016-08-31,etfs_com_ouro_petroleo__min_vol,124.40101870482681
2016-09-30,etfs_com_ouro_petroleo__min_vol,127.59836571753694
2016-10-31,etfs_com_ouro_petroleo__min_vol,126.5246110569944
2016-11-30,etfs_com_ouro_petroleo__min_vol,130.43466174043598
2016-12-31,etfs_com_ouro_petroleo__min_vol,123.8806530555895
2017-01-31,etfs_com_ouro_petroleo__min_vol,126.41524549352906
2017-02-28,etfs_com_ouro_petroleo__min_vol,128.9776972631514
2017-03-31,etfs_com_ouro_petroleo__min_vol,131.5234854930166
2017-04-30,etfs_com_ouro_petroleo__min_vol,134.3894828036615
2017-05-31,etfs_com_ouro_petroleo__min_vol,138.3122692745366
2017-06-30,etfs_com_ouro_petroleo__min_vol,139.7458736786825
2017-07-31,etfs_com_ouro_petroleo__min_vol,141.44214143839397
2017-08-31,etfs_com_ouro_petroleo__min_vol,143.60475363103745
2017-09-30,etfs_com_ouro_petroleo__min_vol,147.01339575179784
2017-10-31,etfs_com_ouro_petroleo__min_vol,153.32971669839418
2017-11-30,etfs_com_ouro_petroleo__min_vol,152.2696429657358
2017-12-31,etfs_com_ouro_petroleo__min_vol,160.77847679378422
2018-01-31,etfs_com_ouro_petroleo__min_vol,164.8326674724221
2018-02-28,etfs_com_ouro_petroleo__min_vol,161.7600461565091
2018-03-31,etfs_com_ouro_petroleo__min_vol,164.77427947539337
2018-04-30,etfs_com_ouro_petroleo__min_vol,171.98045960775383
2018-05-31,etfs_com_ouro_petroleo__min_vol,176.50504118434625
2018-06-30,etfs_com_ouro_petroleo__min_vol,178.03339452962075
2018-07-31,etfs_com_ouro_petroleo__min_vol,177.7950207735296
2018-08-31,etfs_com_ouro_petroleo__min_vol,189.58641439045348
2018-09-30,etfs_com_ouro_petroleo__min_vol,185.9738756960822
2018-10-31,etfs_com_ouro_petroleo__min_vol,167.40240994659266
2018-11-30,etfs_com_ouro_petroleo__min_vol,175.00196719267564
2018-12-31,etfs_com_ouro_petroleo__min_vol,170.20966700120803
2019-01-31,etfs_com_ouro_petroleo__min_vol,178.12441679239345
2019-02-28,etfs_com_ouro_petroleo__min_vol,181.6639830129924
2019-03-31,etfs_com_ouro_petroleo__min_vol,189.3700934500228
2019-04-30,etfs_com_ouro_petroleo__min_vol,194.89337903476147
2019-05-31,etfs_com_ouro_petroleo__min_vol,187.6587982473802
2019-06-30,etfs_com_ouro_petroleo__min_vol,193.09873851564888
2019-07-31,etfs_com_ouro_petroleo__min_vol,190.8158170623312
2019-08-31,etfs_com_ouro_petroleo__min_vol,201.1216749992211
2019-09-30,etfs_com_ouro_petroleo__min_vol,204.04034636452533
2019-10-31,etfs_com_ouro_petroleo__min_vol,202.2533984274273
2019-11-30,etfs_com_ouro_petroleo__min_vol,212.23118709962782
2019-12-31,etfs_com_ouro_petroleo__min_vol,217.51185417456992
2020-01-31,etfs_com_ouro_petroleo__min_vol,219.68227559794732
2020-02-29,etfs_com_ouro_petroleo__min_vol,214.52095770474781
2020-03-31,etfs_com_ouro_petroleo__min_vol,192.27695286387782
2020-04-30,etfs_com_ouro_petroleo__min_vol,208.15221721464354
2020-05-31,etfs_com_ouro_petroleo__min_vol,223.3301816544481
2020-06-30,etfs_com_ouro_petroleo__min_vol,237.562444079803
2020-07-31,etfs_com_ouro_petroleo__min_vol,240.6995926824005
2020-08-31,etfs_com_ouro_petroleo__min_vol,255.72526103261427
2020-09-30,etfs_com_ouro_petroleo__min_vol,255.69006262345567
2020-10-31,etfs_com_ouro_petroleo__min_vol,255.63589110744388
2020-11-30,etfs_com_ouro_petroleo__min_vol,270.53090304498886
2020-12-31,etfs_com_ouro_petroleo__min_vol,282.1403949411837
2021-01-31,etfs_com_ouro_petroleo__min_vol,291.1165239078658
2021-02-28,etfs_com_ouro_petroleo__min_vol,300.7897645872842
2021-03-31,etfs_com_ouro_petroleo__min_vol,318.4200336151803
2021-04-30,etfs_com_ouro_petroleo__min_vol,307.22921485419954
2021-05-31,etfs_com_ouro_petroleo__min_vol,313.6497885595946
2021-06-30,etfs_com_ouro_petroleo__min_vol,299.2937289679047
2021-07-31,etfs_com_ouro_petroleo__min_vol,300.8635515262645
2021-08-31,etfs_com_ouro_petroleo__min_vol,306.61573231912416
2021-09-30,etfs_com_ouro_petroleo__min_vol,307.5803287577473
2021-10-31,etfs_com_ouro_petroleo__min_vol,318.4154716012249
2021-11-30,etfs_com_ouro_petroleo__min_vol,303.74211401800983
2021-12-31,etfs_com_ouro_petroleo__min_vol,314.01403039295604
2022-01-31,etfs_com_ouro_petroleo__min_vol,309.0287251366208
2022-02-28,etfs_com_ouro_petroleo__min_vol,298.5452352569369
2022-03-31,etfs_com_ouro_petroleo__min_vol,289.59783502202345
2022-04-30,etfs_com_ouro_petroleo__min_vol,278.32167801646693
2022-05-31,etfs_com_ouro_petroleo__min_vol,276.6641883725306
2022-06-30,etfs_com_ouro_petroleo__min_vol,272.6982645129018
2022-07-31,etfs_com_ouro_petroleo__min_vol,280.66111553310674
2022-08-31,etfs_com_ouro_petroleo__min_vol,275.46923322498833
2022-09-30,etfs_com_ouro_petroleo__min_vol,266.0043336186878
2022-10-31,etfs_com_ouro_petroleo__min_vol,270.51924237003436
2022-11-30,etfs_com_ouro_petroleo__min_vol,291.47494697131197
2022-12-31,etfs_com_ouro_petroleo__min_vol,288.9066705084985
2023-01-31,etfs_com_ouro_petroleo__min_vol,299.58832301715495
2023-02-28,etfs_com_ouro_petroleo__min_vol,286.39815505032567
2023-03-31,etfs_com_ouro_petroleo__min_vol,287.68915180064045
2023-04-30,etfs_com_ouro_petroleo__min_vol,286.05134541282234
2023-05-31,etfs_com_ouro_petroleo__min_vol,285.5373426919078
2023-06-30,etfs_com_ouro_petroleo__min_vol,291.81600554145655
2023-07-31,etfs_com_ouro_petroleo__min_vol,298.18808199931317
2023-08-31,etfs_com_ouro_petroleo__min_vol,292.91154865008036
2023-09-30,etfs_com_ouro_petroleo__min_vol,292.042682157452
2023-10-31,etfs_com_ouro_petroleo__min_vol,284.08730155347376
2023-11-30,etfs_com_ouro_petroleo__min_vol,298.2132067295931
2023-12-31,etfs_com_ouro_petroleo__min_vol,307.7079988177877
2024-01-31,etfs_com_ouro_petroleo__min_vol,304.81629634547636
2024-02-29,etfs_com_ouro_petroleo__min_vol,312.86442797693945
2024-03-31,etfs_com_ouro_petroleo__min_vol,323.57439441230883
2024-04-30,etfs_com_ouro_petroleo__min_vol,325.1073562257404
2024-05-31,etfs_com_ouro_petroleo__min_vol,334.73419005522095
2024-06-30,etfs_com_ouro_petroleo__min_vol,349.33162467797376
2024-07-31,etfs_com_ouro_petroleo__min_vol,361.6307308964207
2024-08-31,etfs_com_ouro_petroleo__min_vol,372.68621510525395
2024-09-30,etfs_com_ouro_petroleo__min_vol,369.0744823442739
2024-10-31,etfs_com_ouro_petroleo__min_vol,380.3358188484316
2024-11-30,etfs_com_ouro_petroleo__min_vol,391.2827931762116
2024-12-31,etfs_com_ouro_petroleo__min_vol,388.6143322192751
2025-01-31,etfs_com_ouro_petroleo__min_vol,387.4836193704593
2025-02-28,etfs_com_ouro_petroleo__min_vol,387.1623780992163
2025-03-31,etfs_com_ouro_petroleo__min_vol,392.1097893873449
2025-04-30,etfs_com_ouro_petroleo__min_vol,391.58050860546615
2025-05-31,etfs_com_ouro_petroleo__min_vol,411.88282086826024
2025-06-30,etfs_com_ouro_petroleo__min_vol,415.5805193870723
2025-07-31,etfs_com_ouro_petroleo__min_vol,419.48174706473304
2025-08-31,etfs_com_ouro_petroleo__min_vol,423.9764874810635
2025-09-30,etfs_com_ouro_petroleo__min_vol,432.52717876289336
2025-10-31,etfs_com_ouro_petroleo__min_vol,447.85395565042415
2025-11-30,etfs_com_ouro_petroleo__min_vol,455.15104233164595
2025-12-31,etfs_com_ouro_petroleo__min_vol,467.48706426674727
2026-01-31,etfs_com_ouro_petroleo__min_vol,487.5781489495375
2026-02-28,etfs_com_ouro_petroleo__min_vol,505.300556734055
2026-03-31,etfs_com_ouro_petroleo__min_vol,503.6833667936373
2026-04-30,etfs_com_ouro_petroleo__min_vol,504.96222208220996
2015-02-28,etfs_com_ouro__min_vol,114.35233707721495
2015-03-31,etfs_com_ouro__min_vol,123.11003903802388
2015-04-30,etfs_com_ouro__min_vol,119.88319560625807
2015-05-31,etfs_com_ouro__min_vol,124.8622129117385
2015-06-30,etfs_com_ouro__min_vol,120.56693155285465
2015-07-31,etfs_com_ouro__min_vol,125.68129669021421
2015-08-31,etfs_com_ouro__min_vol,122.82622640677074
2015-09-30,etfs_com_ouro__min_vol,131.37793070853743
2015-10-31,etfs_com_ouro__min_vol,134.18953370882585
2015-11-30,etfs_com_ouro__min_vol,131.27828817833273
2015-12-31,etfs_com_ouro__min_vol,130.9612768358497
2016-01-31,etfs_com_ouro__min_vol,127.21964382997095
2016-02-29,etfs_com_ouro__min_vol,125.98215940127007
2016-03-31,etfs_com_ouro__min_vol,126.98727739735962
2016-04-30,etfs_com_ouro__min_vol,127.19471502835091
2016-05-31,etfs_com_ouro__min_vol,126.48837511522268
2016-06-30,etfs_com_ouro__min_vol,120.6508486393076
2016-07-31,etfs_com_ouro__min_vol,129.20899402003323
2016-08-31,etfs_com_ouro__min_vol,127.8897381208233
2016-09-30,etfs_com_ouro__min_vol,130.67209540097988
2016-10-31,etfs_com_ouro__min_vol,129.49863737032382
2016-11-30,etfs_com_ouro__min_vol,133.03242237244967
2016-12-31,etfs_com_ouro__min_vol,125.96509674766028
2017-01-31,etfs_com_ouro__min_vol,129.0238697267053
2017-02-28,etfs_com_ouro__min_vol,131.6934426777329
2017-03-31,etfs_com_ouro__min_vol,135.1916471270634
2017-04-30,etfs_com_ouro__min_vol,138.66614586417126
2017-05-31,etfs_com_ouro__min_vol,143.357126293577
2017-06-30,etfs_com_ouro__min_vol,145.29043291147255
2017-07-31,etfs_com_ouro__min_vol,146.46465947670038
2017-08-31,etfs_com_ouro__min_vol,149.22776843611086
2017-09-30,etfs_com_ouro__min_vol,152.11503459138697
2017-10-31,etfs_com_ouro__min_vol,158.0198606908867
2017-11-30,etfs_com_ouro__min_vol,156.55545199133496
2017-12-31,etfs_com_ouro__min_vol,164.99374032110097
2018-01-31,etfs_com_ouro__min_vol,168.74004825497082
2018-02-28,etfs_com_ouro__min_vol,165.38810511656726
2018-03-31,etfs_com_ouro__min_vol,167.85554912724444
2018-04-30,etfs_com_ouro__min_vol,174.9595266630221
2018-05-31,etfs_com_ouro__min_vol,179.57817736116047
2018-06-30,etfs_com_ouro__min_vol,179.78423714345396
2018-07-31,etfs_com_ouro__min_vol,180.4480812379724
2018-08-31,etfs_com_ouro__min_vol,191.60993715933535
2018-09-30,etfs_com_ouro__min_vol,187.40932742127347
2018-10-31,etfs_com_ouro__min_vol,169.0001916108803
2018-11-30,etfs_com_ouro__min_vol,179.17327897107398
2018-12-31,etfs_com_ouro__min_vol,175.0408646444591
2019-01-31,etfs_com_ouro__min_vol,182.00925905836522
2019-02-28,etfs_com_ouro__min_vol,185.34135381680417
2019-03-31,etfs_com_ouro__min_vol,192.8210209976894
2019-04-30,etfs_com_ouro__min_vol,198.04063112266687
2019-05-31,etfs_com_ouro__min_vol,192.13083770187674
2019-06-30,etfs_com_ouro__min_vol,197.17800324815232
2019-07-31,etfs_com_ouro__min_vol,194.55692980933065
2019-08-31,etfs_com_ouro__min_vol,205.3730304083934
2019-09-30,etfs_com_ouro__min_vol,208.928566513087
2019-10-31,etfs_com_ouro__min_vol,207.77045149378006
2019-11-30,etfs_com_ouro__min_vol,217.93546603052226
2019-12-31,etfs_com_ouro__min_vol,222.5198648186625
2020-01-31,etfs_com_ouro__min_vol,226.80461609398503
2020-02-29,etfs_com_ouro__min_vol,222.0579545633599
2020-03-31,etfs_com_ouro__min_vol,205.3270117377909
2020-04-30,etfs_com_ouro__min_vol,229.2676396545392
2020-05-31,etfs_com_ouro__min_vol,240.93805903668382
2020-06-30,etfs_com_ouro__min_vol,255.095916045423
2020-07-31,etfs_com_ouro__min_vol,257.9606922663332
2020-08-31,etfs_com_ouro__min_vol,273.84666635022893
2020-09-30,etfs_com_ouro__min_vol,274.64156157092947
2020-10-31,etfs_com_ouro__min_vol,275.9928727081713
2020-11-30,etfs_com_ouro__min_vol,290.93845489742586
2020-12-31,etfs_com_ouro__min_vol,302.9836640032761
2021-01-31,etfs_com_ouro__min_vol,310.9311096819448
2021-02-28,etfs_com_ouro__min_vol,318.2025792037007
2021-03-31,etfs_com_ouro__min_vol,338.0483983624407
2021-04-30,etfs_com_ouro__min_vol,325.78625498664303
2021-05-31,etfs_com_ouro__min_vol,332.5928555763114
2021-06-30,etfs_com_ouro__min_vol,315.008575896053
2021-07-31,etfs_com_ouro__min_vol,316.5920009886773
2021-08-31,etfs_com_ouro__min_vol,324.0224261840195
2021-09-30,etfs_com_ouro__min_vol,322.25446314501824
2021-10-31,etfs_com_ouro__min_vol,332.71905349588377
2021-11-30,etfs_com_ouro__min_vol,319.80915102727477
2021-12-31,etfs_com_ouro__min_vol,329.4685907783464
2022-01-31,etfs_com_ouro__min_vol,320.854268057993
2022-02-28,etfs_com_ouro__min_vol,308.1280862707834
2022-03-31,etfs_com_ouro__min_vol,297.17965847522714
2022-04-30,etfs_com_ouro__min_vol,283.7592432791408
2022-05-31,etfs_com_ouro__min_vol,280.294646935649
2022-06-30,etfs_com_ouro__min_vol,276.0685031319815
2022-07-31,etfs_com_ouro__min_vol,285.1288842776049
2022-08-31,etfs_com_ouro__min_vol,279.7105300079203
2022-09-30,etfs_com_ouro__min_vol,270.75397653468525
2022-10-31,etfs_com_ouro__min_vol,275.0622001261496
2022-11-30,etfs_com_ouro__min_vol,298.875633744326
2022-12-31,etfs_com_ouro__min_vol,295.73640202903346
2023-01-31,etfs_com_ouro__min_vol,308.40304867968314
2023-02-28,etfs_com_ouro__min_vol,295.29436362753125
2023-03-31,etfs_com_ouro__min_vol,296.9806754038395
2023-04-30,etfs_com_ouro__min_vol,295.9353443738815
2023-05-31,etfs_com_ouro__min_vol,296.4070485743951
2023-06-30,etfs_com_ouro__min_vol,302.6688503459028
2023-07-31,etfs_com_ouro__min_vol,306.81607504435743
2023-08-31,etfs_com_ouro__min_vol,300.0382014491786
2023-09-30,etfs_com_ouro__min_vol,297.13155401613443
2023-10-31,etfs_com_ouro__min_vol,289.81774918159357
2023-11-30,etfs_com_ouro__min_vol,306.896736565393
2023-12-31,etfs_com_ouro__min_vol,318.75848253359084
2024-01-31,etfs_com_ouro__min_vol,314.09898554332517
2024-02-29,etfs_com_ouro__min_vol,321.8137425962272
2024-03-31,etfs_com_ouro__min_vol,332.2333170822208
2024-04-30,etfs_com_ouro__min_vol,333.8947951728809
2024-05-31,etfs_com_ouro__min_vol,345.70013453236714
2024-06-30,etfs_com_ouro__min_vol,358.43486627217726
2024-07-31,etfs_com_ouro__min_vol,372.4392698340519
2024-08-31,etfs_com_ouro__min_vol,385.46405725573015
2024-09-30,etfs_com_ouro__min_vol,383.3726318553465
2024-10-31,etfs_com_ouro__min_vol,392.6471755541237
2024-11-30,etfs_com_ouro__min_vol,404.69041800482
2024-12-31,etfs_com_ouro__min_vol,399.3525790580675
2025-01-31,etfs_com_ouro__min_vol,398.416091660847
2025-02-28,etfs_com_ouro__min_vol,399.98229384909916
2025-03-31,etfs_com_ouro__min_vol,404.36425342034636
2025-04-30,etfs_com_ouro__min_vol,409.38673346200625
2025-05-31,etfs_com_ouro__min_vol,430.5768663345603
2025-06-30,etfs_com_ouro__min_vol,432.5338699757378
2025-07-31,etfs_com_ouro__min_vol,434.200172697649
2025-08-31,etfs_com_ouro__min_vol,441.4841637471601
2025-09-30,etfs_com_ouro__min_vol,451.7125411703267
2025-10-31,etfs_com_ouro__min_vol,468.376570013047
2025-11-30,etfs_com_ouro__min_vol,476.92426676088814
2025-12-31,etfs_com_ouro__min_vol,491.72858388655715
2026-01-31,etfs_com_ouro__min_vol,509.568238850889
2026-02-28,etfs_com_ouro__min_vol,529.1204224836235
2026-03-31,etfs_com_ouro__min_vol,504.58557537467345
2026-04-30,etfs_com_ouro__min_vol,508.59473405661856
2015-02-28,etfs_com_btc_petroleo__min_vol,115.61315540055183
2015-03-31,etfs_com_btc_petroleo__min_vol,124.16302418903302
2015-04-30,etfs_com_btc_petroleo__min_vol,122.79526446960092
2015-05-31,etfs_com_btc_petroleo__min_vol,127.50063516593065
2015-06-30,etfs_com_btc_petroleo__min_vol,123.30352062911271
2015-07-31,etfs_com_btc_petroleo__min_vol,127.43007668475033
2015-08-31,etfs_com_btc_petroleo__min_vol,123.44203509036429
2015-09-30,etfs_com_btc_petroleo__min_vol,131.62550147032292
2015-10-31,etfs_com_btc_petroleo__min_vol,135.20188193086247
2015-11-30,etfs_com_btc_petroleo__min_vol,132.51840182764997
2015-12-31,etfs_com_btc_petroleo__min_vol,131.34547058524754
2016-01-31,etfs_com_btc_petroleo__min_vol,125.23581416845649
2016-02-29,etfs_com_btc_petroleo__min_vol,122.58965089392882
2016-03-31,etfs_com_btc_petroleo__min_vol,124.35191572227751
2016-04-30,etfs_com_btc_petroleo__min_vol,125.39588097446801
2016-05-31,etfs_com_btc_petroleo__min_vol,126.32397001703681
2016-06-30,etfs_com_btc_petroleo__min_vol,120.00371401529017
2016-07-31,etfs_com_btc_petroleo__min_vol,127.07586447789372
2016-08-31,etfs_com_btc_petroleo__min_vol,126.51876234654054
2016-09-30,etfs_com_btc_petroleo__min_vol,129.94831189182378
2016-10-31,etfs_com_btc_petroleo__min_vol,129.24644880622577
2016-11-30,etfs_com_btc_petroleo__min_vol,134.4585637279014
2016-12-31,etfs_com_btc_petroleo__min_vol,128.72978861343614
2017-01-31,etfs_com_btc_petroleo__min_vol,131.1625690329167
2017-02-28,etfs_com_btc_petroleo__min_vol,134.1972383484605
2017-03-31,etfs_com_btc_petroleo__min_vol,137.01783744936353
2017-04-30,etfs_com_btc_petroleo__min_vol,140.71136388778137
2017-05-31,etfs_com_btc_petroleo__min_vol,147.38616851531728
2017-06-30,etfs_com_btc_petroleo__min_vol,149.45802953299147
2017-07-31,etfs_com_btc_petroleo__min_vol,151.860340921726
2017-08-31,etfs_com_btc_petroleo__min_vol,155.6466735052286
2017-09-30,etfs_com_btc_petroleo__min_vol,159.8631457186019
2017-10-31,etfs_com_btc_petroleo__min_vol,168.66246918503666
2017-11-30,etfs_com_btc_petroleo__min_vol,169.26652283800797
2017-12-31,etfs_com_btc_petroleo__min_vol,180.28462120176067
2018-01-31,etfs_com_btc_petroleo__min_vol,184.1248451230772
2018-02-28,etfs_com_btc_petroleo__min_vol,180.1416548894795
2018-03-31,etfs_com_btc_petroleo__min_vol,182.07832414863768
2018-04-30,etfs_com_btc_petroleo__min_vol,191.77902167775432
2018-05-31,etfs_com_btc_petroleo__min_vol,196.25230696757959
2018-06-30,etfs_com_btc_petroleo__min_vol,197.47703791237885
2018-07-31,etfs_com_btc_petroleo__min_vol,198.66831082148514
2018-08-31,etfs_com_btc_petroleo__min_vol,210.9593463015861
2018-09-30,etfs_com_btc_petroleo__min_vol,206.9359612484075
2018-10-31,etfs_com_btc_petroleo__min_vol,184.50658605229086
2018-11-30,etfs_com_btc_petroleo__min_vol,191.93994550512676
2018-12-31,etfs_com_btc_petroleo__min_vol,184.7614227863309
2019-01-31,etfs_com_btc_petroleo__min_vol,193.74974506638307
2019-02-28,etfs_com_btc_petroleo__min_vol,198.53439750616633
2019-03-31,etfs_com_btc_petroleo__min_vol,207.73077538089265
2019-04-30,etfs_com_btc_petroleo__min_vol,215.47118442944938
2019-05-31,etfs_com_btc_petroleo__min_vol,208.45850193118687
2019-06-30,etfs_com_btc_petroleo__min_vol,214.82377187606085
2019-07-31,etfs_com_btc_petroleo__min_vol,211.53189379658252
2019-08-31,etfs_com_btc_petroleo__min_vol,220.15559361329954
2019-09-30,etfs_com_btc_petroleo__min_vol,223.98293701993651
2019-10-31,etfs_com_btc_petroleo__min_vol,222.50519296996387
2019-11-30,etfs_com_btc_petroleo__min_vol,233.43426563164448
2019-12-31,etfs_com_btc_petroleo__min_vol,239.316197089884
2020-01-31,etfs_com_btc_petroleo__min_vol,241.2143669879141
2020-02-29,etfs_com_btc_petroleo__min_vol,233.996532153748
2020-03-31,etfs_com_btc_petroleo__min_vol,205.57074422305698
2020-04-30,etfs_com_btc_petroleo__min_vol,224.15781509135587
2020-05-31,etfs_com_btc_petroleo__min_vol,240.1058821916294
2020-06-30,etfs_com_btc_petroleo__min_vol,255.25327585829794
2020-07-31,etfs_com_btc_petroleo__min_vol,257.81352123159695
2020-08-31,etfs_com_btc_petroleo__min_vol,274.7541384658903
2020-09-30,etfs_com_btc_petroleo__min_vol,274.70431665045686
2020-10-31,etfs_com_btc_petroleo__min_vol,276.0732115633145
2020-11-30,etfs_com_btc_petroleo__min_vol,298.1143903332126
2020-12-31,etfs_com_btc_petroleo__min_vol,312.75910404700915
2021-01-31,etfs_com_btc_petroleo__min_vol,325.0422159642287
2021-02-28,etfs_com_btc_petroleo__min_vol,340.80948263774
2021-03-31,etfs_com_btc_petroleo__min_vol,363.79042824470645
2021-04-30,etfs_com_btc_petroleo__min_vol,350.20634154433094
2021-05-31,etfs_com_btc_petroleo__min_vol,352.9882765129013
2021-06-30,etfs_com_btc_petroleo__min_vol,338.375782922693
2021-07-31,etfs_com_btc_petroleo__min_vol,339.5323201355919
2021-08-31,etfs_com_btc_petroleo__min_vol,347.2649167433436
2021-09-30,etfs_com_btc_petroleo__min_vol,347.7387457554179
2021-10-31,etfs_com_btc_petroleo__min_vol,363.14333941367136
2021-11-30,etfs_com_btc_petroleo__min_vol,345.1047242607357
2021-12-31,etfs_com_btc_petroleo__min_vol,355.00383689668416
2022-01-31,etfs_com_btc_petroleo__min_vol,349.160787749768
2022-02-28,etfs_com_btc_petroleo__min_vol,335.19705378340984
2022-03-31,etfs_com_btc_petroleo__min_vol,324.5966932411433
2022-04-30,etfs_com_btc_petroleo__min_vol,310.0258634688
2022-05-31,etfs_com_btc_petroleo__min_vol,308.9610418334636
2022-06-30,etfs_com_btc_petroleo__min_vol,301.235164156476
2022-07-31,etfs_com_btc_petroleo__min_vol,312.01178529253104
2022-08-31,etfs_com_btc_petroleo__min_vol,305.3333727710135
2022-09-30,etfs_com_btc_petroleo__min_vol,292.7908976839468
2022-10-31,etfs_com_btc_petroleo__min_vol,298.62598577828095
2022-11-30,etfs_com_btc_petroleo__min_vol,322.60105030210207
2022-12-31,etfs_com_btc_petroleo__min_vol,318.55033757199857
2023-01-31,etfs_com_btc_petroleo__min_vol,333.1035025930982
2023-02-28,etfs_com_btc_petroleo__min_vol,319.2501943188236
2023-03-31,etfs_com_btc_petroleo__min_vol,319.99804214181097
2023-04-30,etfs_com_btc_petroleo__min_vol,318.680056198235
2023-05-31,etfs_com_btc_petroleo__min_vol,316.56969307513316
2023-06-30,etfs_com_btc_petroleo__min_vol,325.88561256488856
2023-07-31,etfs_com_btc_petroleo__min_vol,333.11283878616564
2023-08-31,etfs_com_btc_petroleo__min_vol,325.12886871586335
2023-09-30,etfs_com_btc_petroleo__min_vol,325.22243679483955
2023-10-31,etfs_com_btc_petroleo__min_vol,314.9070650232019
2023-11-30,etfs_com_btc_petroleo__min_vol,331.9162766525166
2023-12-31,etfs_com_btc_petroleo__min_vol,343.8304806060356
2024-01-31,etfs_com_btc_petroleo__min_vol,339.6627974908677
2024-02-29,etfs_com_btc_petroleo__min_vol,352.1478104428367
2024-03-31,etfs_com_btc_petroleo__min_vol,363.20095007655897
2024-04-30,etfs_com_btc_petroleo__min_vol,363.36083496706544
2024-05-31,etfs_com_btc_petroleo__min_vol,375.8990719039532
2024-06-30,etfs_com_btc_petroleo__min_vol,390.79674859712236
2024-07-31,etfs_com_btc_petroleo__min_vol,403.4999546058191
2024-08-31,etfs_com_btc_petroleo__min_vol,415.35570900389115
2024-09-30,etfs_com_btc_petroleo__min_vol,411.81812414155115
2024-10-31,etfs_com_btc_petroleo__min_vol,421.626678536005
2024-11-30,etfs_com_btc_petroleo__min_vol,438.2380709475416
2024-12-31,etfs_com_btc_petroleo__min_vol,434.6130681875236
2025-01-31,etfs_com_btc_petroleo__min_vol,432.8725018647609
2025-02-28,etfs_com_btc_petroleo__min_vol,432.27033554524877
2025-03-31,etfs_com_btc_petroleo__min_vol,434.0139840514615
2025-04-30,etfs_com_btc_petroleo__min_vol,432.8972434585397
2025-05-31,etfs_com_btc_petroleo__min_vol,457.7304484239388
2025-06-30,etfs_com_btc_petroleo__min_vol,462.72955999708677
2025-07-31,etfs_com_btc_petroleo__min_vol,468.21546044484234
2025-08-31,etfs_com_btc_petroleo__min_vol,472.45686905368603
2025-09-30,etfs_com_btc_petroleo__min_vol,478.17361976574847
2025-10-31,etfs_com_btc_petroleo__min_vol,493.4874240715026
2025-11-30,etfs_com_btc_petroleo__min_vol,497.5361112787053
2025-12-31,etfs_com_btc_petroleo__min_vol,510.78660671517486
2026-01-31,etfs_com_btc_petroleo__min_vol,527.67731700667
2026-02-28,etfs_com_btc_petroleo__min_vol,541.8336764532215
2026-03-31,etfs_com_btc_petroleo__min_vol,541.589873114812
2026-04-30,etfs_com_btc_petroleo__min_vol,545.1530234769801
2015-02-28,etfs_com_btc__min_vol,115.82358595196976
2015-03-31,etfs_com_btc__min_vol,124.78551556062594
2015-04-30,etfs_com_btc__min_vol,122.19534804821738
2015-05-31,etfs_com_btc__min_vol,126.78753357585589
2015-06-30,etfs_com_btc__min_vol,122.64916581558364
2015-07-31,etfs_com_btc__min_vol,128.25570741460902
2015-08-31,etfs_com_btc__min_vol,123.2724155115824
2015-09-30,etfs_com_btc__min_vol,131.98281866296372
2015-10-31,etfs_com_btc__min_vol,136.00378021316408
2015-11-30,etfs_com_btc__min_vol,134.3109242120063
2015-12-31,etfs_com_btc__min_vol,134.01595659076406
2016-01-31,etfs_com_btc__min_vol,128.32262991670606
2016-02-29,etfs_com_btc__min_vol,126.04841509699793
2016-03-31,etfs_com_btc__min_vol,128.12071332908326
2016-04-30,etfs_com_btc__min_vol,127.92554928140693
2016-05-31,etfs_com_btc__min_vol,128.16253315926747
2016-06-30,etfs_com_btc__min_vol,122.10661438523078
2016-07-31,etfs_com_btc__min_vol,130.7096839660272
2016-08-31,etfs_com_btc__min_vol,129.8436103714239
2016-09-30,etfs_com_btc__min_vol,132.93000493372864
2016-10-31,etfs_com_btc__min_vol,132.4331507714127
2016-11-30,etfs_com_btc__min_vol,136.8533062587843
2016-12-31,etfs_com_btc__min_vol,130.4349950590966
2017-01-31,etfs_com_btc__min_vol,133.54686954928314
2017-02-28,etfs_com_btc__min_vol,136.71318274533397
2017-03-31,etfs_com_btc__min_vol,140.6483328916402
2017-04-30,etfs_com_btc__min_vol,144.98137459706925
2017-05-31,etfs_com_btc__min_vol,152.28531215053508
2017-06-30,etfs_com_btc__min_vol,155.2032778291133
2017-07-31,etfs_com_btc__min_vol,157.291223896827
2017-08-31,etfs_com_btc__min_vol,161.87657385336635
2017-09-30,etfs_com_btc__min_vol,165.28728098604282
2017-10-31,etfs_com_btc__min_vol,173.68905268840933
2017-11-30,etfs_com_btc__min_vol,174.10346447977315
2017-12-31,etfs_com_btc__min_vol,184.7732772994835
2018-01-31,etfs_com_btc__min_vol,188.67208834851837
2018-02-28,etfs_com_btc__min_vol,184.42732919002768
2018-03-31,etfs_com_btc__min_vol,185.94635225196646
2018-04-30,etfs_com_btc__min_vol,194.9478504824008
2018-05-31,etfs_com_btc__min_vol,199.05333308673667
2018-06-30,etfs_com_btc__min_vol,198.9515121596921
2018-07-31,etfs_com_btc__min_vol,201.43608065432096
2018-08-31,etfs_com_btc__min_vol,213.31321082001477
2018-09-30,etfs_com_btc__min_vol,208.4113693318359
2018-10-31,etfs_com_btc__min_vol,185.6906981520046
2018-11-30,etfs_com_btc__min_vol,195.98585832926597
2018-12-31,etfs_com_btc__min_vol,189.7595241559497
2019-01-31,etfs_com_btc__min_vol,197.97936653434198
2019-02-28,etfs_com_btc__min_vol,202.0952709249022
2019-03-31,etfs_com_btc__min_vol,211.11478332152265
2019-04-30,etfs_com_btc__min_vol,218.74277907569956
2019-05-31,etfs_com_btc__min_vol,213.03442267904077
2019-06-30,etfs_com_btc__min_vol,219.00775435222107
2019-07-31,etfs_com_btc__min_vol,215.3418724644102
2019-08-31,etfs_com_btc__min_vol,224.6763075386747
2019-09-30,etfs_com_btc__min_vol,228.92940278358452
2019-10-31,etfs_com_btc__min_vol,228.3793203568541
2019-11-30,etfs_com_btc__min_vol,239.56205395371074
2019-12-31,etfs_com_btc__min_vol,244.82085727669082
2020-01-31,etfs_com_btc__min_vol,248.97401617252194
2020-02-29,etfs_com_btc__min_vol,242.89584119445587
2020-03-31,etfs_com_btc__min_vol,219.346125234304
2020-04-30,etfs_com_btc__min_vol,245.9180437606983
2020-05-31,etfs_com_btc__min_vol,259.07421927545823
2020-06-30,etfs_com_btc__min_vol,274.61070500730216
2020-07-31,etfs_com_btc__min_vol,277.6970567009258
2020-08-31,etfs_com_btc__min_vol,295.9221854266369
2020-09-30,etfs_com_btc__min_vol,297.4334074328936
2020-10-31,etfs_com_btc__min_vol,301.296778820674
2020-11-30,etfs_com_btc__min_vol,323.63933806348143
2020-12-31,etfs_com_btc__min_vol,339.3154297117501
2021-01-31,etfs_com_btc__min_vol,351.0895226682043
2021-02-28,etfs_com_btc__min_vol,364.3631418756158
2021-03-31,etfs_com_btc__min_vol,389.6265221057087
2021-04-30,etfs_com_btc__min_vol,374.6337900288768
2021-05-31,etfs_com_btc__min_vol,377.73082970107794
2021-06-30,etfs_com_btc__min_vol,360.158220692895
2021-07-31,etfs_com_btc__min_vol,360.63724773154615
2021-08-31,etfs_com_btc__min_vol,370.4877680574401
2021-09-30,etfs_com_btc__min_vol,367.91484613282284
2021-10-31,etfs_com_btc__min_vol,382.80313902166523
2021-11-30,etfs_com_btc__min_vol,366.1922728539546
2021-12-31,etfs_com_btc__min_vol,375.51905341533876
2022-01-31,etfs_com_btc__min_vol,364.6592546799816
2022-02-28,etfs_com_btc__min_vol,347.9935809018007
2022-03-31,etfs_com_btc__min_vol,334.8440024765454
2022-04-30,etfs_com_btc__min_vol,317.5402415506929
2022-05-31,etfs_com_btc__min_vol,314.0369734565414
2022-06-30,etfs_com_btc__min_vol,306.488350305925
2022-07-31,etfs_com_btc__min_vol,317.79394744676557
2022-08-31,etfs_com_btc__min_vol,311.3052136037944
2022-09-30,etfs_com_btc__min_vol,299.4650999150453
2022-10-31,etfs_com_btc__min_vol,304.56180397275136
2022-11-30,etfs_com_btc__min_vol,331.59327372775056
2022-12-31,etfs_com_btc__min_vol,326.33325568525527
2023-01-31,etfs_com_btc__min_vol,343.8358049148814
2023-02-28,etfs_com_btc__min_vol,329.2437564883322
2023-03-31,etfs_com_btc__min_vol,330.9201404101459
2023-04-30,etfs_com_btc__min_vol,329.45464554216795
2023-05-31,etfs_com_btc__min_vol,328.9499580165664
2023-06-30,etfs_com_btc__min_vol,338.50094511464476
2023-07-31,etfs_com_btc__min_vol,343.9315875153823
2023-08-31,etfs_com_btc__min_vol,334.07599687861466
2023-09-30,etfs_com_btc__min_vol,331.80006362672236
2023-10-31,etfs_com_btc__min_vol,322.0779535591797
2023-11-30,etfs_com_btc__min_vol,342.79265974327654
2023-12-31,etfs_com_btc__min_vol,357.33807056562756
2024-01-31,etfs_com_btc__min_vol,351.22940189849186
2024-02-29,etfs_com_btc__min_vol,363.75642611563296
2024-03-31,etfs_com_btc__min_vol,374.5137477491077
2024-04-30,etfs_com_btc__min_vol,374.1355951267057
2024-05-31,etfs_com_btc__min_vol,388.19610129690614
2024-06-30,etfs_com_btc__min_vol,401.623325461654
2024-07-31,etfs_com_btc__min_vol,415.4167832049983
2024-08-31,etfs_com_btc__min_vol,428.2503527012538
2024-09-30,etfs_com_btc__min_vol,427.20808134030966
2024-10-31,etfs_com_btc__min_vol,435.4299229987895
2024-11-30,etfs_com_btc__min_vol,452.5587850364343
2024-12-31,etfs_com_btc__min_vol,446.3604758324964
2025-01-31,etfs_com_btc__min_vol,444.0310850684186
2025-02-28,etfs_com_btc__min_vol,444.62029565884967
2025-03-31,etfs_com_btc__min_vol,445.52183935655734
2025-04-30,etfs_com_btc__min_vol,450.31000058065064
2025-05-31,etfs_com_btc__min_vol,476.22719775193804
2025-06-30,etfs_com_btc__min_vol,480.63986172385904
2025-07-31,etfs_com_btc__min_vol,484.04931457105033
2025-08-31,etfs_com_btc__min_vol,490.58823298460965
2025-09-30,etfs_com_btc__min_vol,499.58128864143043
2025-10-31,etfs_com_btc__min_vol,516.142577347474
2025-11-30,etfs_com_btc__min_vol,520.4993731445742
2025-12-31,etfs_com_btc__min_vol,535.6322711314264
2026-01-31,etfs_com_btc__min_vol,550.6284980718141
2026-02-28,etfs_com_btc__min_vol,567.0992686582488
2026-03-31,etfs_com_btc__min_vol,543.7937041618211
2026-04-30,etfs_com_btc__min_vol,550.920361979671
2015-02-28,etfs_exterior__max_sharpe,118.35924867353643
2015-03-31,etfs_exterior__max_sharpe,130.22066508834774
2015-04-30,etfs_exterior__max_sharpe,123.40081331584291
2015-05-31,etfs_exterior__max_sharpe,130.4082720797205
2015-06-30,etfs_exterior__max_sharpe,124.72972312841553
2015-07-31,etfs_exterior__max_sharpe,132.37227183756158
2015-08-31,etfs_exterior__max_sharpe,131.2525683790003
2015-09-30,etfs_exterior__max_sharpe,142.89569034922823
2015-10-31,etfs_exterior__max_sharpe,148.75332838028268
2015-11-30,etfs_exterior__max_sharpe,146.4627070564415
2015-12-31,etfs_exterior__max_sharpe,146.41883116654967
2016-01-31,etfs_exterior__max_sharpe,142.79243390135116
2016-02-29,etfs_exterior__max_sharpe,139.11939439881306
2016-03-31,etfs_exterior__max_sharpe,136.78201452068794
2016-04-30,etfs_exterior__max_sharpe,133.9698826362508
2016-05-31,etfs_exterior__max_sharpe,137.38650262732463
2016-06-30,etfs_exterior__max_sharpe,126.80579779314573
2016-07-31,etfs_exterior__max_sharpe,134.0002363205896
2016-08-31,etfs_exterior__max_sharpe,132.5630282431288
2016-09-30,etfs_exterior__max_sharpe,136.445915675969
2016-10-31,etfs_exterior__max_sharpe,132.33972709730546
2016-11-30,etfs_exterior__max_sharpe,141.70957907221057
2016-12-31,etfs_exterior__max_sharpe,134.54430443231797
2017-01-31,etfs_exterior__max_sharpe,135.26593001912684
2017-02-28,etfs_exterior__max_sharpe,137.52300271419043
2017-03-31,etfs_exterior__max_sharpe,143.31160361161201
2017-04-30,etfs_exterior__max_sharpe,146.81488448807133
2017-05-31,etfs_exterior__max_sharpe,153.900984215799
2017-06-30,etfs_exterior__max_sharpe,156.66169296145708
2017-07-31,etfs_exterior__max_sharpe,155.48352939105098
2017-08-31,etfs_exterior__max_sharpe,155.20067324920538
2017-09-30,etfs_exterior__max_sharpe,159.00465804265173
2017-10-31,etfs_exterior__max_sharpe,168.07050823139127
2017-11-30,etfs_exterior__max_sharpe,167.36803732158157
2017-12-31,etfs_exterior__max_sharpe,175.9635692029057
2018-01-31,etfs_exterior__max_sharpe,179.37559100853125
2018-02-28,etfs_exterior__max_sharpe,174.54281824638002
2018-03-31,etfs_exterior__max_sharpe,177.10542126173928
2018-04-30,etfs_exterior__max_sharpe,184.92401087070326
2018-05-31,etfs_exterior__max_sharpe,196.4331899570137
2018-06-30,etfs_exterior__max_sharpe,200.21543917817942
2018-07-31,etfs_exterior__max_sharpe,200.95613520101972
2018-08-31,etfs_exterior__max_sharpe,220.57029799492213
2018-09-30,etfs_exterior__max_sharpe,214.05723682338783
2018-10-31,etfs_exterior__max_sharpe,179.55170116305914
2018-11-30,etfs_exterior__max_sharpe,190.1091296295675
2018-12-31,etfs_exterior__max_sharpe,179.78056311793645
2019-01-31,etfs_exterior__max_sharpe,186.66410805859968
2019-02-28,etfs_exterior__max_sharpe,191.62724992927951
2019-03-31,etfs_exterior__max_sharpe,203.18471298055948
2019-04-30,etfs_exterior__max_sharpe,210.42448848435654
2019-05-31,etfs_exterior__max_sharpe,200.76365448341446
2019-06-30,etfs_exterior__max_sharpe,206.69723698915288
2019-07-31,etfs_exterior__max_sharpe,203.71749204651292
2019-08-31,etfs_exterior__max_sharpe,211.35846152324436
2019-09-30,etfs_exterior__max_sharpe,216.06641706336998
2019-10-31,etfs_exterior__max_sharpe,212.0293210634744
2019-11-30,etfs_exterior__max_sharpe,227.8675730591976
2019-12-31,etfs_exterior__max_sharpe,230.47621112055995
2020-01-31,etfs_exterior__max_sharpe,235.4613910201207
2020-02-29,etfs_exterior__max_sharpe,230.70268168686553
2020-03-31,etfs_exterior__max_sharpe,220.64880354596534
2020-04-30,etfs_exterior__max_sharpe,253.426020483239
2020-05-31,etfs_exterior__max_sharpe,271.5596377150133
2020-06-30,etfs_exterior__max_sharpe,285.0798113398831
2020-07-31,etfs_exterior__max_sharpe,287.41015231709287
2020-08-31,etfs_exterior__max_sharpe,311.29354468166434
2020-09-30,etfs_exterior__max_sharpe,312.89805984142777
2020-10-31,etfs_exterior__max_sharpe,316.3970922569921
2020-11-30,etfs_exterior__max_sharpe,333.9127229441215
2020-12-31,etfs_exterior__max_sharpe,344.3146148967061
2021-01-31,etfs_exterior__max_sharpe,360.5978999634761
2021-02-28,etfs_exterior__max_sharpe,380.1274520979694
2021-03-31,etfs_exterior__max_sharpe,406.5816767406659
2021-04-30,etfs_exterior__max_sharpe,389.54547393578804
2021-05-31,etfs_exterior__max_sharpe,387.7574726864289
2021-06-30,etfs_exterior__max_sharpe,372.15723153534765
2021-07-31,etfs_exterior__max_sharpe,379.6509730912552
2021-08-31,etfs_exterior__max_sharpe,401.1593171418208
2021-09-30,etfs_exterior__max_sharpe,402.1420238351438
2021-10-31,etfs_exterior__max_sharpe,434.8239642342714
2021-11-30,etfs_exterior__max_sharpe,417.7446771795096
2021-12-31,etfs_exterior__max_sharpe,432.9613025029483
2022-01-31,etfs_exterior__max_sharpe,409.1598808453293
2022-02-28,etfs_exterior__max_sharpe,389.75625094423407
2022-03-31,etfs_exterior__max_sharpe,371.19659025829725
2022-04-30,etfs_exterior__max_sharpe,351.8029309644115
2022-05-31,etfs_exterior__max_sharpe,345.34087686805253
2022-06-30,etfs_exterior__max_sharpe,337.8075732047681
2022-07-31,etfs_exterior__max_sharpe,360.2653621078678
2022-08-31,etfs_exterior__max_sharpe,347.99221003189126
2022-09-30,etfs_exterior__max_sharpe,331.50307221139116
2022-10-31,etfs_exterior__max_sharpe,344.78712427892646
2022-11-30,etfs_exterior__max_sharpe,379.29882490534175
2022-12-31,etfs_exterior__max_sharpe,366.9979528270462
2023-01-31,etfs_exterior__max_sharpe,389.61129177329815
2023-02-28,etfs_exterior__max_sharpe,381.8451323472861
2023-03-31,etfs_exterior__max_sharpe,385.8002973734306
2023-04-30,etfs_exterior__max_sharpe,379.9405466051088
2023-05-31,etfs_exterior__max_sharpe,381.9958937381597
2023-06-30,etfs_exterior__max_sharpe,391.3351257291341
2023-07-31,etfs_exterior__max_sharpe,395.91718095763986
2023-08-31,etfs_exterior__max_sharpe,396.5580913890638
2023-09-30,etfs_exterior__max_sharpe,389.8361226473082
2023-10-31,etfs_exterior__max_sharpe,376.7322506767654
2023-11-30,etfs_exterior__max_sharpe,406.87070309741654
2023-12-31,etfs_exterior__max_sharpe,421.5145751350482
2024-01-31,etfs_exterior__max_sharpe,425.4916380543702
2024-02-29,etfs_exterior__max_sharpe,439.54727389643426
2024-03-31,etfs_exterior__max_sharpe,459.72503177700554
2024-04-30,etfs_exterior__max_sharpe,462.57292816413116
2024-05-31,etfs_exterior__max_sharpe,491.75827228317564
2024-06-30,etfs_exterior__max_sharpe,523.6610000763037
2024-07-31,etfs_exterior__max_sharpe,538.8034676120343
2024-08-31,etfs_exterior__max_sharpe,555.2004063869823
2024-09-30,etfs_exterior__max_sharpe,547.4095225634458
2024-10-31,etfs_exterior__max_sharpe,574.5442324899226
2024-11-30,etfs_exterior__max_sharpe,619.943228695425
2024-12-31,etfs_exterior__max_sharpe,620.1758191645592
2025-01-31,etfs_exterior__max_sharpe,607.0751928692418
2025-02-28,etfs_exterior__max_sharpe,602.8068005321358
2025-03-31,etfs_exterior__max_sharpe,581.2474295385769
2025-04-30,etfs_exterior__max_sharpe,573.009003380711
2025-05-31,etfs_exterior__max_sharpe,612.0056761972351
2025-06-30,etfs_exterior__max_sharpe,618.3176995918036
2025-07-31,etfs_exterior__max_sharpe,632.7808242991803
2025-08-31,etfs_exterior__max_sharpe,626.8131339348417
2025-09-30,etfs_exterior__max_sharpe,632.2289685423287
2025-10-31,etfs_exterior__max_sharpe,677.7864966567895
2025-11-30,etfs_exterior__max_sharpe,672.6835774168512
2025-12-31,etfs_exterior__max_sharpe,697.1276099370222
2026-01-31,etfs_exterior__max_sharpe,699.3108014256703
2026-02-28,etfs_exterior__max_sharpe,712.4961087655965
2026-03-31,etfs_exterior__max_sharpe,694.1908883072025
2026-04-30,etfs_exterior__max_sharpe,701.0643392016552
2015-02-28,etfs_com_petroleo__min_vol,115.37173985763414
2015-03-31,etfs_com_petroleo__min_vol,123.9140840227479
2015-04-30,etfs_com_petroleo__min_vol,122.52959448870232
2015-05-31,etfs_com_petroleo__min_vol,127.3316723362366
2015-06-30,etfs_com_petroleo__min_vol,122.74028833741863
2015-07-31,etfs_com_petroleo__min_vol,126.76058871756423
2015-08-31,etfs_com_petroleo__min_vol,123.20055216198136
2015-09-30,etfs_com_petroleo__min_vol,131.19140132504614
2015-10-31,etfs_com_petroleo__min_vol,134.12429956290396
2015-11-30,etfs_com_petroleo__min_vol,130.9026629423717
2015-12-31,etfs_com_petroleo__min_vol,129.34489341457018
2016-01-31,etfs_com_petroleo__min_vol,123.7281824974642
2016-02-29,etfs_com_petroleo__min_vol,120.70133142814272
2016-03-31,etfs_com_petroleo__min_vol,122.71614757861202
2016-04-30,etfs_com_petroleo__min_vol,123.580588068698
2016-05-31,etfs_com_petroleo__min_vol,123.9772092072487
2016-06-30,etfs_com_petroleo__min_vol,117.24645726406206
2016-07-31,etfs_com_petroleo__min_vol,124.46189260140098
2016-08-31,etfs_com_petroleo__min_vol,124.00520611003536
2016-09-30,etfs_com_petroleo__min_vol,127.1948275752733
2016-10-31,etfs_com_petroleo__min_vol,126.17459531909275
2016-11-30,etfs_com_petroleo__min_vol,131.10332290230446
2016-12-31,etfs_com_petroleo__min_vol,124.89194405504614
2017-01-31,etfs_com_petroleo__min_vol,127.27575863772344
2017-02-28,etfs_com_petroleo__min_vol,129.76069593707078
2017-03-31,etfs_com_petroleo__min_vol,132.79865349971936
2017-04-30,etfs_com_petroleo__min_vol,135.69713957709405
2017-05-31,etfs_com_petroleo__min_vol,140.19507983093064
2017-06-30,etfs_com_petroleo__min_vol,141.9242310926611
2017-07-31,etfs_com_petroleo__min_vol,143.80660876565372
2017-08-31,etfs_com_petroleo__min_vol,145.59647323279557
2017-09-30,etfs_com_petroleo__min_vol,149.78712177733507
2017-10-31,etfs_com_petroleo__min_vol,156.59346590985862
2017-11-30,etfs_com_petroleo__min_vol,155.32528196301175
2017-12-31,etfs_com_petroleo__min_vol,164.3848022506348
2018-01-31,etfs_com_petroleo__min_vol,168.8687260318381
2018-02-28,etfs_com_petroleo__min_vol,165.06877335865687
2018-03-31,etfs_com_petroleo__min_vol,167.8827353537122
2018-04-30,etfs_com_petroleo__min_vol,175.68997911927545
2018-05-31,etfs_com_petroleo__min_vol,180.43624699309285
2018-06-30,etfs_com_petroleo__min_vol,182.0848480039502
2018-07-31,etfs_com_petroleo__min_vol,182.66623675254877
2018-08-31,etfs_com_petroleo__min_vol,194.41935488232832
2018-09-30,etfs_com_petroleo__min_vol,190.98910389405992
2018-10-31,etfs_com_petroleo__min_vol,170.25605831969952
2018-11-30,etfs_com_petroleo__min_vol,178.47572225971692
2018-12-31,etfs_com_petroleo__min_vol,171.84044051138756
2019-01-31,etfs_com_petroleo__min_vol,180.66793772652017
2019-02-28,etfs_com_petroleo__min_vol,184.71750488292574
2019-03-31,etfs_com_petroleo__min_vol,193.00012015923883
2019-04-30,etfs_com_petroleo__min_vol,199.1306614276579
2019-05-31,etfs_com_petroleo__min_vol,190.09179109192266
2019-06-30,etfs_com_petroleo__min_vol,195.16213768663218
2019-07-31,etfs_com_petroleo__min_vol,192.4297653117994
2019-08-31,etfs_com_petroleo__min_vol,200.35208975028098
2019-09-30,etfs_com_petroleo__min_vol,204.54894961546987
2019-10-31,etfs_com_petroleo__min_vol,202.7686785236663
2019-11-30,etfs_com_petroleo__min_vol,213.44599752717608
2019-12-31,etfs_com_petroleo__min_vol,219.1675451733559
2020-01-31,etfs_com_petroleo__min_vol,219.5131507091852
2020-02-29,etfs_com_petroleo__min_vol,212.7317028413409
2020-03-31,etfs_com_petroleo__min_vol,187.36449793885893
2020-04-30,etfs_com_petroleo__min_vol,203.72201691458903
2020-05-31,etfs_com_petroleo__min_vol,217.88973630743484
2020-06-30,etfs_com_petroleo__min_vol,231.85533427901825
2020-07-31,etfs_com_petroleo__min_vol,233.38954982163293
2020-08-31,etfs_com_petroleo__min_vol,248.70899577472593
2020-09-30,etfs_com_petroleo__min_vol,248.8794907993705
2020-10-31,etfs_com_petroleo__min_vol,248.50959741950436
2020-11-30,etfs_com_petroleo__min_vol,267.05239333471974
2020-12-31,etfs_com_petroleo__min_vol,278.0975673207067
2021-01-31,etfs_com_petroleo__min_vol,287.92599562982565
2021-02-28,etfs_com_petroleo__min_vol,299.9663676345238
2021-03-31,etfs_com_petroleo__min_vol,318.87129064612947
2021-04-30,etfs_com_petroleo__min_vol,307.2859343417014
2021-05-31,etfs_com_petroleo__min_vol,311.81950325609813
2021-06-30,etfs_com_petroleo__min_vol,299.36219712413845
2021-07-31,etfs_com_petroleo__min_vol,299.57142770402544
2021-08-31,etfs_com_petroleo__min_vol,305.89196660235405
2021-09-30,etfs_com_petroleo__min_vol,306.36995025879065
2021-10-31,etfs_com_petroleo__min_vol,317.6293928628842
2021-11-30,etfs_com_petroleo__min_vol,302.4536314622735
2021-12-31,etfs_com_petroleo__min_vol,312.5239851977408
2022-01-31,etfs_com_petroleo__min_vol,308.22858978693074
2022-02-28,etfs_com_petroleo__min_vol,295.06268325825954
2022-03-31,etfs_com_petroleo__min_vol,285.9463739636565
2022-04-30,etfs_com_petroleo__min_vol,273.4462410072351
2022-05-31,etfs_com_petroleo__min_vol,273.48596357335384
2022-06-30,etfs_com_petroleo__min_vol,267.8234267472496
2022-07-31,etfs_com_petroleo__min_vol,277.3399897581905
2022-08-31,etfs_com_petroleo__min_vol,272.02504118853835
2022-09-30,etfs_com_petroleo__min_vol,260.54800977868985
2022-10-31,etfs_com_petroleo__min_vol,266.2511458080325
2022-11-30,etfs_com_petroleo__min_vol,288.33547860726355
2022-12-31,etfs_com_petroleo__min_vol,284.51003841573777
2023-01-31,etfs_com_petroleo__min_vol,295.5851174831231
2023-02-28,etfs_com_petroleo__min_vol,283.2643837368799
2023-03-31,etfs_com_petroleo__min_vol,282.82616156637687
2023-04-30,etfs_com_petroleo__min_vol,281.6826693827353
2023-05-31,etfs_com_petroleo__min_vol,280.5007185418671
2023-06-30,etfs_com_petroleo__min_vol,288.49072063285246
2023-07-31,etfs_com_petroleo__min_vol,295.1236581920143
2023-08-31,etfs_com_petroleo__min_vol,288.6655364012619
2023-09-30,etfs_com_petroleo__min_vol,288.1557125759666
2023-10-31,etfs_com_petroleo__min_vol,277.19530185765876
2023-11-30,etfs_com_petroleo__min_vol,292.43815356933254
2023-12-31,etfs_com_petroleo__min_vol,302.73811469464664
2024-01-31,etfs_com_petroleo__min_vol,299.1683214276387
2024-02-29,etfs_com_petroleo__min_vol,307.7582362524669
2024-03-31,etfs_com_petroleo__min_vol,316.53552594635215
2024-04-30,etfs_com_petroleo__min_vol,317.2605023575336
2024-05-31,etfs_com_petroleo__min_vol,327.78259008501004
2024-06-30,etfs_com_petroleo__min_vol,341.57136235796736
2024-07-31,etfs_com_petroleo__min_vol,352.63508865267073
2024-08-31,etfs_com_petroleo__min_vol,363.83207365870925
2024-09-30,etfs_com_petroleo__min_vol,359.7883564814244
2024-10-31,etfs_com_petroleo__min_vol,367.3608448296661
2024-11-30,etfs_com_petroleo__min_vol,379.4717453385519
2024-12-31,etfs_com_petroleo__min_vol,376.26165521460587
2025-01-31,etfs_com_petroleo__min_vol,374.3035617917347
2025-02-28,etfs_com_petroleo__min_vol,374.71877401151147
2025-03-31,etfs_com_petroleo__min_vol,376.0339618803066
2025-04-30,etfs_com_petroleo__min_vol,374.33465632063803
2025-05-31,etfs_com_petroleo__min_vol,395.4680726259993
2025-06-30,etfs_com_petroleo__min_vol,399.9805795280244
2025-07-31,etfs_com_petroleo__min_vol,403.937016871662
2025-08-31,etfs_com_petroleo__min_vol,408.2896032173282
2025-09-30,etfs_com_petroleo__min_vol,412.982128825536
2025-10-31,etfs_com_petroleo__min_vol,427.1447350582477
2025-11-30,etfs_com_petroleo__min_vol,432.3373489572929
2025-12-31,etfs_com_petroleo__min_vol,444.47384545984966
2026-01-31,etfs_com_petroleo__min_vol,460.4015173460433
2026-02-28,etfs_com_petroleo__min_vol,474.40089464805715
2026-03-31,etfs_com_petroleo__min_vol,472.878593409117
2026-04-30,etfs_com_petroleo__min_vol,476.17107969772644
2015-02-28,etfs_todos__min_vol,115.60993428806059
2015-03-31,etfs_todos__min_vol,124.58028176461909
2015-04-30,etfs_todos__min_vol,121.95841817125061
2015-05-31,etfs_todos__min_vol,126.72428576470199
2015-06-30,etfs_todos__min_vol,122.1716055864335
2015-07-31,etfs_todos__min_vol,127.81339076511074
2015-08-31,etfs_todos__min_vol,123.3324767687392
2015-09-30,etfs_todos__min_vol,131.78714910167065
2015-10-31,etfs_todos__min_vol,135.1931355492508
2015-11-30,etfs_todos__min_vol,132.96178170930543
2015-12-31,etfs_todos__min_vol,132.29426767912787
2016-01-31,etfs_todos__min_vol,127.03010445862549
2016-02-29,etfs_todos__min_vol,124.30295865867973
2016-03-31,etfs_todos__min_vol,126.49466531206058
2016-04-30,etfs_todos__min_vol,126.1980223297921
2016-05-31,etfs_todos__min_vol,126.0327849473251
2016-06-30,etfs_todos__min_vol,119.39472920315362
2016-07-31,etfs_todos__min_vol,128.0678933230651
2016-08-31,etfs_todos__min_vol,127.31393263255973
2016-09-30,etfs_todos__min_vol,130.16457959175222
2016-10-31,etfs_todos__min_vol,129.27899286237223
2016-11-30,etfs_todos__min_vol,133.61077876005166
2016-12-31,etfs_todos__min_vol,126.77716739913896
2017-01-31,etfs_todos__min_vol,129.7416954852263
2017-02-28,etfs_todos__min_vol,132.33362354362353
2017-03-31,etfs_todos__min_vol,136.36526215396017
2017-04-30,etfs_todos__min_vol,139.86342668796925
2017-05-31,etfs_todos__min_vol,144.93895882999362
2017-06-30,etfs_todos__min_vol,147.42504212242562
2017-07-31,etfs_todos__min_vol,148.94238224834675
2017-08-31,etfs_todos__min_vol,151.36361971249977
2017-09-30,etfs_todos__min_vol,154.91996814983779
2017-10-31,etfs_todos__min_vol,161.3234237095751
2017-11-30,etfs_todos__min_vol,159.8686806662656
2017-12-31,etfs_todos__min_vol,168.53784828201893
2018-01-31,etfs_todos__min_vol,173.0325878840372
2018-02-28,etfs_todos__min_vol,169.0142375774038
2018-03-31,etfs_todos__min_vol,171.39543576066166
2018-04-30,etfs_todos__min_vol,178.6758275768578
2018-05-31,etfs_todos__min_vol,183.25704456645855
2018-06-30,etfs_todos__min_vol,183.80604764545808
2018-07-31,etfs_todos__min_vol,185.4774884184204
2018-08-31,etfs_todos__min_vol,196.97749910022168
2018-09-30,etfs_todos__min_vol,192.817830710313
2018-10-31,etfs_todos__min_vol,171.8418768596461
2018-11-30,etfs_todos__min_vol,182.5982514309838
2018-12-31,etfs_todos__min_vol,176.6139275851161
2019-01-31,etfs_todos__min_vol,184.7208046851337
2019-02-28,etfs_todos__min_vol,188.32428600779946
2019-03-31,etfs_todos__min_vol,196.47820923466512
2019-04-30,etfs_todos__min_vol,202.51210079667618
2019-05-31,etfs_todos__min_vol,194.6194412989281
2019-06-30,etfs_todos__min_vol,199.3832353083127
2019-07-31,etfs_todos__min_vol,196.40231366521365
2019-08-31,etfs_todos__min_vol,205.01986193178107
2019-09-30,etfs_todos__min_vol,209.65531403314745
2019-10-31,etfs_todos__min_vol,208.61352148329138
2019-11-30,etfs_todos__min_vol,219.6496185229197
2019-12-31,etfs_todos__min_vol,224.67475779574997
2020-01-31,etfs_todos__min_vol,227.16361545854684
2020-02-29,etfs_todos__min_vol,221.23536705069458
2020-03-31,etfs_todos__min_vol,200.5212993000318
2020-04-30,etfs_todos__min_vol,224.0663663000722
2020-05-31,etfs_todos__min_vol,235.8446230878085
2020-06-30,etfs_todos__min_vol,250.1216496688551
2020-07-31,etfs_todos__min_vol,251.89919073055975
2020-08-31,etfs_todos__min_vol,268.5816053888389
2020-09-30,etfs_todos__min_vol,270.0194110224494
2020-10-31,etfs_todos__min_vol,271.5183924101838
2020-11-30,etfs_todos__min_vol,290.33235215554816
2020-12-31,etfs_todos__min_vol,301.99281610776796
2021-01-31,etfs_todos__min_vol,311.2255932402079
2021-02-28,etfs_todos__min_vol,321.01429146788314
2021-03-31,etfs_todos__min_vol,341.914970520938
2021-04-30,etfs_todos__min_vol,329.2020021294989
2021-05-31,etfs_todos__min_vol,334.10808507220196
2021-06-30,etfs_todos__min_vol,319.03141373544423
2021-07-31,etfs_todos__min_vol,318.9020238253165
2021-08-31,etfs_todos__min_vol,327.0229490854406
2021-09-30,etfs_todos__min_vol,324.84760904090757
2021-10-31,etfs_todos__min_vol,335.8430903260027
2021-11-30,etfs_todos__min_vol,321.903556073401
2021-12-31,etfs_todos__min_vol,331.5659285109821
2022-01-31,etfs_todos__min_vol,322.7446198279891
2022-02-28,etfs_todos__min_vol,307.13486562627486
2022-03-31,etfs_todos__min_vol,295.9201967198113
2022-04-30,etfs_todos__min_vol,280.928134575537
2022-05-31,etfs_todos__min_vol,278.89550761625503
2022-06-30,etfs_todos__min_vol,273.33408430132664
2022-07-31,etfs_todos__min_vol,283.64873447601843
2022-08-31,etfs_todos__min_vol,278.3041559994377
2022-09-30,etfs_todos__min_vol,267.40048099542616
2022-10-31,etfs_todos__min_vol,272.696177032311
2022-11-30,etfs_todos__min_vol,297.4777009265946
2022-12-31,etfs_todos__min_vol,292.56076624817564
2023-01-31,etfs_todos__min_vol,306.15709922295736
2023-02-28,etfs_todos__min_vol,293.28825389945604
2023-03-31,etfs_todos__min_vol,293.63179933143897
2023-04-30,etfs_todos__min_vol,292.44192253894954
2023-05-31,etfs_todos__min_vol,292.5980845740078
2023-06-30,etfs_todos__min_vol,300.87084666826496
2023-07-31,etfs_todos__min_vol,305.88339450165154
2023-08-31,etfs_todos__min_vol,297.9143708648826
2023-09-30,etfs_todos__min_vol,295.25306998117355
2023-10-31,etfs_todos__min_vol,284.78213368606976
2023-11-30,etfs_todos__min_vol,303.2551481694336
2023-12-31,etfs_todos__min_vol,315.8667344710847
2024-01-31,etfs_todos__min_vol,310.7978451534812
2024-02-29,etfs_todos__min_vol,319.47524760968986
2024-03-31,etfs_todos__min_vol,328.03753173605804
2024-04-30,etfs_todos__min_vol,328.1508220137536
2024-05-31,etfs_todos__min_vol,340.2875814216991
2024-06-30,etfs_todos__min_vol,352.81831535833305
2024-07-31,etfs_todos__min_vol,364.957437026231
2024-08-31,etfs_todos__min_vol,377.31369944225503
2024-09-30,etfs_todos__min_vol,375.29016432657016
2024-10-31,etfs_todos__min_vol,381.5164196272612
2024-11-30,etfs_todos__min_vol,394.5668951751801
2024-12-31,etfs_todos__min_vol,389.08382609530736
2025-01-31,etfs_todos__min_vol,386.7917088346458
2025-02-28,etfs_todos__min_vol,388.3074386459134
2025-03-31,etfs_todos__min_vol,388.60675631860073
2025-04-30,etfs_todos__min_vol,391.85394106691274
2025-05-31,etfs_todos__min_vol,414.06055041874083
2025-06-30,etfs_todos__min_vol,417.8645947412655
2025-07-31,etfs_todos__min_vol,420.05779721694773
2025-08-31,etfs_todos__min_vol,426.50246100270175
2025-09-30,etfs_todos__min_vol,433.68678622859875
2025-10-31,etfs_todos__min_vol,448.87986249592313
2025-11-30,etfs_todos__min_vol,454.5904868276891
2025-12-31,etfs_todos__min_vol,468.32749371785474
2026-01-31,etfs_todos__min_vol,482.27634154581375
2026-02-28,etfs_todos__min_vol,497.82630744755136
2026-03-31,etfs_todos__min_vol,476.7440564976612
2026-04-30,etfs_todos__min_vol,482.85877806582704
2015-02-28,etfs_america_norte__max_sharpe,118.21472015354728
2015-03-31,etfs_america_norte__max_sharpe,129.05230688886763
2015-04-30,etfs_america_norte__max_sharpe,121.8516534245169
2015-05-31,etfs_america_norte__max_sharpe,129.62159428920228
2015-06-30,etfs_america_norte__max_sharpe,124.43188970903003
2015-07-31,etfs_america_norte__max_sharpe,134.25798148784048
2015-08-31,etfs_america_norte__max_sharpe,134.37992757829363
2015-09-30,etfs_america_norte__max_sharpe,146.17696887864622
2015-10-31,etfs_america_norte__max_sharpe,152.95678028379714
2015-11-30,etfs_america_norte__max_sharpe,153.31435463553746
2015-12-31,etfs_america_norte__max_sharpe,150.6309169401654
2016-01-31,etfs_america_norte__max_sharpe,146.88876110082202
2016-02-29,etfs_america_norte__max_sharpe,141.07079427486698
2016-03-31,etfs_america_norte__max_sharpe,138.0830964918483
2016-04-30,etfs_america_norte__max_sharpe,136.40685870981974
2016-05-31,etfs_america_norte__max_sharpe,142.2397779239766
2016-06-30,etfs_america_norte__max_sharpe,129.43003726325423
2016-07-31,etfs_america_norte__max_sharpe,135.3721898807179
2016-08-31,etfs_america_norte__max_sharpe,134.77887067406374
2016-09-30,etfs_america_norte__max_sharpe,138.38824616573208
2016-10-31,etfs_america_norte__max_sharpe,133.2778235717567
2016-11-30,etfs_america_norte__max_sharpe,149.73860514255333
2016-12-31,etfs_america_norte__max_sharpe,143.30103831482856
2017-01-31,etfs_america_norte__max_sharpe,139.42016042691796
2017-02-28,etfs_america_norte__max_sharpe,141.39067695740445
2017-03-31,etfs_america_norte__max_sharpe,143.63935476697515
2017-04-30,etfs_america_norte__max_sharpe,145.5373033670541
2017-05-31,etfs_america_norte__max_sharpe,149.8525708642297
2017-06-30,etfs_america_norte__max_sharpe,151.08457044444904
2017-07-31,etfs_america_norte__max_sharpe,149.5990907875682
2017-08-31,etfs_america_norte__max_sharpe,147.16596333374508
2017-09-30,etfs_america_norte__max_sharpe,154.07505591956394
2017-10-31,etfs_america_norte__max_sharpe,162.48261011421005
2017-11-30,etfs_america_norte__max_sharpe,164.00688485456476
2017-12-31,etfs_america_norte__max_sharpe,171.3106030147026
2018-01-31,etfs_america_norte__max_sharpe,174.35950698109602
2018-02-28,etfs_america_norte__max_sharpe,168.78264033933706
2018-03-31,etfs_america_norte__max_sharpe,169.53114522570283
2018-04-30,etfs_america_norte__max_sharpe,182.81189726857093
2018-05-31,etfs_america_norte__max_sharpe,204.0473136676305
2018-06-30,etfs_america_norte__max_sharpe,213.19446114649847
2018-07-31,etfs_america_norte__max_sharpe,211.4654082294995
2018-08-31,etfs_america_norte__max_sharpe,239.6291927921897
2018-09-30,etfs_america_norte__max_sharpe,233.87018681159256
2018-10-31,etfs_america_norte__max_sharpe,196.10386034862915
2018-11-30,etfs_america_norte__max_sharpe,204.4233798657254
2018-12-31,etfs_america_norte__max_sharpe,185.15470790282558
2019-01-31,etfs_america_norte__max_sharpe,192.49599675175406
2019-02-28,etfs_america_norte__max_sharpe,200.44249562182625
2019-03-31,etfs_america_norte__max_sharpe,215.09966017831434
2019-04-30,etfs_america_norte__max_sharpe,224.61463526729872
2019-05-31,etfs_america_norte__max_sharpe,207.22768046930113
2019-06-30,etfs_america_norte__max_sharpe,214.54654627204596
2019-07-31,etfs_america_norte__max_sharpe,214.65140028253575
2019-08-31,etfs_america_norte__max_sharpe,226.74409596663966
2019-09-30,etfs_america_norte__max_sharpe,231.27013248705563
2019-10-31,etfs_america_norte__max_sharpe,225.08593010814866
2019-11-30,etfs_america_norte__max_sharpe,243.8068943512361
2019-12-31,etfs_america_norte__max_sharpe,243.76555860254624
2020-01-31,etfs_america_norte__max_sharpe,250.65174942450437
2020-02-29,etfs_america_norte__max_sharpe,239.1389202437515
2020-03-31,etfs_america_norte__max_sharpe,226.91340893190971
2020-04-30,etfs_america_norte__max_sharpe,278.53224763675917
2020-05-31,etfs_america_norte__max_sharpe,294.6933637614143
2020-06-30,etfs_america_norte__max_sharpe,301.450998970607
2020-07-31,etfs_america_norte__max_sharpe,295.67982412575213
2020-08-31,etfs_america_norte__max_sharpe,326.61334192365524
2020-09-30,etfs_america_norte__max_sharpe,313.74439150308933
2020-10-31,etfs_america_norte__max_sharpe,311.6013792292553
2020-11-30,etfs_america_norte__max_sharpe,336.2402562985492
2020-12-31,etfs_america_norte__max_sharpe,340.9470814418304
2021-01-31,etfs_america_norte__max_sharpe,360.7392914127318
2021-02-28,etfs_america_norte__max_sharpe,397.3982439628746
2021-03-31,etfs_america_norte__max_sharpe,427.6703764701007
2021-04-30,etfs_america_norte__max_sharpe,411.0726577620489
2021-05-31,etfs_america_norte__max_sharpe,410.45526586166136
2021-06-30,etfs_america_norte__max_sharpe,404.7591764726259
2021-07-31,etfs_america_norte__max_sharpe,410.8248444988913
2021-08-31,etfs_america_norte__max_sharpe,426.36447682898995
2021-09-30,etfs_america_norte__max_sharpe,443.3035815578693
2021-10-31,etfs_america_norte__max_sharpe,501.02105777458314
2021-11-30,etfs_america_norte__max_sharpe,490.7718070538815
2021-12-31,etfs_america_norte__max_sharpe,502.3524009688928
2022-01-31,etfs_america_norte__max_sharpe,491.29316575344683
2022-02-28,etfs_america_norte__max_sharpe,472.1122380431151
2022-03-31,etfs_america_norte__max_sharpe,462.29871870261013
2022-04-30,etfs_america_norte__max_sharpe,440.20813569082924
2022-05-31,etfs_america_norte__max_sharpe,444.4028316589876
2022-06-30,etfs_america_norte__max_sharpe,429.1983188539493
2022-07-31,etfs_america_norte__max_sharpe,474.3193571128542
2022-08-31,etfs_america_norte__max_sharpe,458.50487719651846
2022-09-30,etfs_america_norte__max_sharpe,435.81838738756977
2022-10-31,etfs_america_norte__max_sharpe,479.93019378379705
2022-11-30,etfs_america_norte__max_sharpe,497.8187870706509
2022-12-31,etfs_america_norte__max_sharpe,469.6970268158831
2023-01-31,etfs_america_norte__max_sharpe,484.5337889010515
2023-02-28,etfs_america_norte__max_sharpe,476.4554162585774
2023-03-31,etfs_america_norte__max_sharpe,487.19256498012084
2023-04-30,etfs_america_norte__max_sharpe,483.79473585854475
2023-05-31,etfs_america_norte__max_sharpe,486.7404848713396
2023-06-30,etfs_america_norte__max_sharpe,500.2368849835294
2023-07-31,etfs_america_norte__max_sharpe,510.78690516478736
2023-08-31,etfs_america_norte__max_sharpe,526.0646599749917
2023-09-30,etfs_america_norte__max_sharpe,528.2086010860353
2023-10-31,etfs_america_norte__max_sharpe,511.97001371450693
2023-11-30,etfs_america_norte__max_sharpe,529.4685806723093
2023-12-31,etfs_america_norte__max_sharpe,541.5051968080129
2024-01-31,etfs_america_norte__max_sharpe,558.0217004431731
2024-02-29,etfs_america_norte__max_sharpe,585.6484763142121
2024-03-31,etfs_america_norte__max_sharpe,617.8401136981154
2024-04-30,etfs_america_norte__max_sharpe,613.784943095448
2024-05-31,etfs_america_norte__max_sharpe,646.5970519695717
2024-06-30,etfs_america_norte__max_sharpe,703.24929780286
2024-07-31,etfs_america_norte__max_sharpe,721.6769532259045
2024-08-31,etfs_america_norte__max_sharpe,727.1168473401548
2024-09-30,etfs_america_norte__max_sharpe,705.9740658388729
2024-10-31,etfs_america_norte__max_sharpe,746.5969575959613
2024-11-30,etfs_america_norte__max_sharpe,828.9291559176165
2024-12-31,etfs_america_norte__max_sharpe,818.8024365050401
2025-01-31,etfs_america_norte__max_sharpe,797.1743119464426
2025-02-28,etfs_america_norte__max_sharpe,791.9896253847535
2025-03-31,etfs_america_norte__max_sharpe,755.8550693437221
2025-04-30,etfs_america_norte__max_sharpe,704.9524811555615
2025-05-31,etfs_america_norte__max_sharpe,750.2671203315213
2025-06-30,etfs_america_norte__max_sharpe,765.1889678250985
2025-07-31,etfs_america_norte__max_sharpe,798.3528732772618
2025-08-31,etfs_america_norte__max_sharpe,792.2857861506826
2025-09-30,etfs_america_norte__max_sharpe,801.3037068538708
2025-10-31,etfs_america_norte__max_sharpe,826.0769420760757
2025-11-30,etfs_america_norte__max_sharpe,825.4641871639412
2025-12-31,etfs_america_norte__max_sharpe,841.5904900216576
2026-01-31,etfs_america_norte__max_sharpe,842.3681095643938
2026-02-28,etfs_america_norte__max_sharpe,851.425895498971
2026-03-31,etfs_america_norte__max_sharpe,873.9652937851562
2026-04-30,etfs_america_norte__max_sharpe,852.6655094284422
2015-02-28,etfs_america_norte__min_vol,118.21472015354728
2015-03-31,etfs_america_norte__min_vol,129.05230688886763
2015-04-30,etfs_america_norte__min_vol,121.8516534245169
2015-05-31,etfs_america_norte__min_vol,129.62159428920228
2015-06-30,etfs_america_norte__min_vol,124.43188970903003
2015-07-31,etfs_america_norte__min_vol,134.25798148784048
2015-08-31,etfs_america_norte__min_vol,134.37992757829363
2015-09-30,etfs_america_norte__min_vol,146.17696887864622
2015-10-31,etfs_america_norte__min_vol,152.95678028379714
2015-11-30,etfs_america_norte__min_vol,153.31435463553746
2015-12-31,etfs_america_norte__min_vol,150.6309169401654
2016-01-31,etfs_america_norte__min_vol,146.88876110082202
2016-02-29,etfs_america_norte__min_vol,141.07079427486698
2016-03-31,etfs_america_norte__min_vol,138.0830964918483
2016-04-30,etfs_america_norte__min_vol,136.40685870981974
2016-05-31,etfs_america_norte__min_vol,142.2397779239766
2016-06-30,etfs_america_norte__min_vol,129.43003726325423
2016-07-31,etfs_america_norte__min_vol,135.3721898807179
2016-08-31,etfs_america_norte__min_vol,134.77887067406374
2016-09-30,etfs_america_norte__min_vol,138.38824616573208
2016-10-31,etfs_america_norte__min_vol,133.2778235717567
2016-11-30,etfs_america_norte__min_vol,149.73860514255333
2016-12-31,etfs_america_norte__min_vol,143.30103831482856
2017-01-31,etfs_america_norte__min_vol,139.42016042691796
2017-02-28,etfs_america_norte__min_vol,141.39067695740445
2017-03-31,etfs_america_norte__min_vol,143.63935476697515
2017-04-30,etfs_america_norte__min_vol,145.5373033670541
2017-05-31,etfs_america_norte__min_vol,149.8525708642297
2017-06-30,etfs_america_norte__min_vol,151.08457044444904
2017-07-31,etfs_america_norte__min_vol,149.5990907875682
2017-08-31,etfs_america_norte__min_vol,147.16596333374508
2017-09-30,etfs_america_norte__min_vol,154.07505591956394
2017-10-31,etfs_america_norte__min_vol,162.48261011421005
2017-11-30,etfs_america_norte__min_vol,164.00688485456476
2017-12-31,etfs_america_norte__min_vol,171.3106030147026
2018-01-31,etfs_america_norte__min_vol,174.35950698109602
2018-02-28,etfs_america_norte__min_vol,168.78264033933706
2018-03-31,etfs_america_norte__min_vol,169.53114522570283
2018-04-30,etfs_america_norte__min_vol,182.81189726857093
2018-05-31,etfs_america_norte__min_vol,204.0473136676305
2018-06-30,etfs_america_norte__min_vol,213.19446114649847
2018-07-31,etfs_america_norte__min_vol,211.4654082294995
2018-08-31,etfs_america_norte__min_vol,239.6291927921897
2018-09-30,etfs_america_norte__min_vol,233.87018681159256
2018-10-31,etfs_america_norte__min_vol,196.10386034862915
2018-11-30,etfs_america_norte__min_vol,204.4233798657254
2018-12-31,etfs_america_norte__min_vol,185.15470790282558
2019-01-31,etfs_america_norte__min_vol,192.49599675175406
2019-02-28,etfs_america_norte__min_vol,200.44249562182625
2019-03-31,etfs_america_norte__min_vol,215.09966017831434
2019-04-30,etfs_america_norte__min_vol,224.61463526729872
2019-05-31,etfs_america_norte__min_vol,207.22768046930113
2019-06-30,etfs_america_norte__min_vol,214.54654627204596
2019-07-31,etfs_america_norte__min_vol,214.65140028253575
2019-08-31,etfs_america_norte__min_vol,226.74409596663966
2019-09-30,etfs_america_norte__min_vol,231.27013248705563
2019-10-31,etfs_america_norte__min_vol,225.08593010814866
2019-11-30,etfs_america_norte__min_vol,243.8068943512361
2019-12-31,etfs_america_norte__min_vol,243.76555860254624
2020-01-31,etfs_america_norte__min_vol,250.65174942450437
2020-02-29,etfs_america_norte__min_vol,239.1389202437515
2020-03-31,etfs_america_norte__min_vol,226.91340893190971
2020-04-30,etfs_america_norte__min_vol,278.53224763675917
2020-05-31,etfs_america_norte__min_vol,294.6933637614143
2020-06-30,etfs_america_norte__min_vol,301.450998970607
2020-07-31,etfs_america_norte__min_vol,295.67982412575213
2020-08-31,etfs_america_norte__min_vol,326.61334192365524
2020-09-30,etfs_america_norte__min_vol,313.74439150308933
2020-10-31,etfs_america_norte__min_vol,311.6013792292553
2020-11-30,etfs_america_norte__min_vol,336.2402562985492
2020-12-31,etfs_america_norte__min_vol,340.9470814418304
2021-01-31,etfs_america_norte__min_vol,360.7392914127318
2021-02-28,etfs_america_norte__min_vol,397.3982439628746
2021-03-31,etfs_america_norte__min_vol,427.6703764701007
2021-04-30,etfs_america_norte__min_vol,411.0726577620489
2021-05-31,etfs_america_norte__min_vol,410.45526586166136
2021-06-30,etfs_america_norte__min_vol,404.7591764726259
2021-07-31,etfs_america_norte__min_vol,410.8248444988913
2021-08-31,etfs_america_norte__min_vol,426.36447682898995
2021-09-30,etfs_america_norte__min_vol,443.3035815578693
2021-10-31,etfs_america_norte__min_vol,501.02105777458314
2021-11-30,etfs_america_norte__min_vol,490.7718070538815
2021-12-31,etfs_america_norte__min_vol,502.3524009688928
2022-01-31,etfs_america_norte__min_vol,491.29316575344683
2022-02-28,etfs_america_norte__min_vol,472.1122380431151
2022-03-31,etfs_america_norte__min_vol,462.29871870261013
2022-04-30,etfs_america_norte__min_vol,440.20813569082924
2022-05-31,etfs_america_norte__min_vol,444.4028316589876
2022-06-30,etfs_america_norte__min_vol,429.1983188539493
2022-07-31,etfs_america_norte__min_vol,474.3193571128542
2022-08-31,etfs_america_norte__min_vol,458.50487719651846
2022-09-30,etfs_america_norte__min_vol,435.81838738756977
2022-10-31,etfs_america_norte__min_vol,479.93019378379705
2022-11-30,etfs_america_norte__min_vol,497.8187870706509
2022-12-31,etfs_america_norte__min_vol,469.6970268158831
2023-01-31,etfs_america_norte__min_vol,484.5337889010515
2023-02-28,etfs_america_norte__min_vol,476.4554162585774
2023-03-31,etfs_america_norte__min_vol,487.19256498012084
2023-04-30,etfs_america_norte__min_vol,483.79473585854475
2023-05-31,etfs_america_norte__min_vol,486.7404848713396
2023-06-30,etfs_america_norte__min_vol,500.2368849835294
2023-07-31,etfs_america_norte__min_vol,510.78690516478736
2023-08-31,etfs_america_norte__min_vol,526.0646599749917
2023-09-30,etfs_america_norte__min_vol,528.2086010860353
2023-10-31,etfs_america_norte__min_vol,511.97001371450693
2023-11-30,etfs_america_norte__min_vol,529.4685806723093
2023-12-31,etfs_america_norte__min_vol,541.5051968080129
2024-01-31,etfs_america_norte__min_vol,558.0217004431731
2024-02-29,etfs_america_norte__min_vol,585.6484763142121
2024-03-31,etfs_america_norte__min_vol,617.8401136981154
2024-04-30,etfs_america_norte__min_vol,613.784943095448
2024-05-31,etfs_america_norte__min_vol,646.5970519695717
2024-06-30,etfs_america_norte__min_vol,703.24929780286
2024-07-31,etfs_america_norte__min_vol,721.6769532259045
2024-08-31,etfs_america_norte__min_vol,727.1168473401548
2024-09-30,etfs_america_norte__min_vol,705.9740658388729
2024-10-31,etfs_america_norte__min_vol,746.5969575959613
2024-11-30,etfs_america_norte__min_vol,828.9291559176165
2024-12-31,etfs_america_norte__min_vol,818.8024365050401
2025-01-31,etfs_america_norte__min_vol,797.1743119464426
2025-02-28,etfs_america_norte__min_vol,791.9896253847535
2025-03-31,etfs_america_norte__min_vol,755.8550693437221
2025-04-30,etfs_america_norte__min_vol,704.9524811555615
2025-05-31,etfs_america_norte__min_vol,750.2671203315213
2025-06-30,etfs_america_norte__min_vol,765.1889678250985
2025-07-31,etfs_america_norte__min_vol,798.3528732772618
2025-08-31,etfs_america_norte__min_vol,792.2857861506826
2025-09-30,etfs_america_norte__min_vol,801.3037068538708
2025-10-31,etfs_america_norte__min_vol,826.0769420760757
2025-11-30,etfs_america_norte__min_vol,825.4641871639412
2025-12-31,etfs_america_norte__min_vol,841.5904900216576
2026-01-31,etfs_america_norte__min_vol,842.3681095643938
2026-02-28,etfs_america_norte__min_vol,851.425895498971
2026-03-31,etfs_america_norte__min_vol,873.9652937851562
2026-04-30,etfs_america_norte__min_vol,852.6655094284422
2015-02-28,etfs_global__max_sharpe,118.28410141708794
2015-03-31,etfs_global__max_sharpe,129.6497394214882
2015-04-30,etfs_global__max_sharpe,122.3373177744946
2015-05-31,etfs_global__max_sharpe,130.98387441981293
2015-06-30,etfs_global__max_sharpe,125.86424276428457
2015-07-31,etfs_global__max_sharpe,137.4671476979164
2015-08-31,etfs_global__max_sharpe,135.88937853429832
2015-09-30,etfs_global__max_sharpe,148.19039629184715
2015-10-31,etfs_global__max_sharpe,150.6795891882796
2015-11-30,etfs_global__max_sharpe,149.8575012633339
2015-12-31,etfs_global__max_sharpe,151.05050986787128
2016-01-31,etfs_global__max_sharpe,146.61991832097127
2016-02-29,etfs_global__max_sharpe,140.3404449751968
2016-03-31,etfs_global__max_sharpe,136.864547010233
2016-04-30,etfs_global__max_sharpe,134.4900574100754
2016-05-31,etfs_global__max_sharpe,138.19536017469437
2016-06-30,etfs_global__max_sharpe,124.46015342838983
2016-07-31,etfs_global__max_sharpe,131.24231056762488
2016-08-31,etfs_global__max_sharpe,129.9122163392643
2016-09-30,etfs_global__max_sharpe,132.27857419244566
2016-10-31,etfs_global__max_sharpe,127.2721296807968
2016-11-30,etfs_global__max_sharpe,137.56229279486237
2016-12-31,etfs_global__max_sharpe,132.2244205237539
2017-01-31,etfs_global__max_sharpe,131.1245290459992
2017-02-28,etfs_global__max_sharpe,132.99487394888106
2017-03-31,etfs_global__max_sharpe,137.4533781485424
2017-04-30,etfs_global__max_sharpe,141.43609201211655
2017-05-31,etfs_global__max_sharpe,148.4263203873638
2017-06-30,etfs_global__max_sharpe,151.57745432259017
2017-07-31,etfs_global__max_sharpe,149.85795484294786
2017-08-31,etfs_global__max_sharpe,149.38533860095274
2017-09-30,etfs_global__max_sharpe,153.69083582045315
2017-10-31,etfs_global__max_sharpe,162.0248781163775
2017-11-30,etfs_global__max_sharpe,162.47689685539288
2017-12-31,etfs_global__max_sharpe,168.3936927886456
2018-01-31,etfs_global__max_sharpe,170.28720566731462
2018-02-28,etfs_global__max_sharpe,165.8488743939755
2018-03-31,etfs_global__max_sharpe,167.67486787980664
2018-04-30,etfs_global__max_sharpe,175.90393638479298
2018-05-31,etfs_global__max_sharpe,189.08804616981746
2018-06-30,etfs_global__max_sharpe,194.2160185237955
2018-07-31,etfs_global__max_sharpe,192.74752715589648
2018-08-31,etfs_global__max_sharpe,214.36272661814542
2018-09-30,etfs_global__max_sharpe,208.27171349285229
2018-10-31,etfs_global__max_sharpe,176.54672332499587
2018-11-30,etfs_global__max_sharpe,186.36493021340442
2018-12-31,etfs_global__max_sharpe,174.91069911608852
2019-01-31,etfs_global__max_sharpe,179.22480416072656
2019-02-28,etfs_global__max_sharpe,186.06513678060293
2019-03-31,etfs_global__max_sharpe,196.67487222907388
2019-04-30,etfs_global__max_sharpe,205.48338394015434
2019-05-31,etfs_global__max_sharpe,195.4199628504657
2019-06-30,etfs_global__max_sharpe,199.0591144637361
2019-07-31,etfs_global__max_sharpe,196.36830296059586
2019-08-31,etfs_global__max_sharpe,211.5368924421826
2019-09-30,etfs_global__max_sharpe,216.37320358243372
2019-10-31,etfs_global__max_sharpe,213.5263844221789
2019-11-30,etfs_global__max_sharpe,229.00360688780958
2019-12-31,etfs_global__max_sharpe,227.23981735682432
2020-01-31,etfs_global__max_sharpe,235.2630745715301
2020-02-29,etfs_global__max_sharpe,230.1755096480068
2020-03-31,etfs_global__max_sharpe,228.01724232068747
2020-04-30,etfs_global__max_sharpe,255.50708056431236
2020-05-31,etfs_global__max_sharpe,272.5006352023212
2020-06-30,etfs_global__max_sharpe,281.0604777325253
2020-07-31,etfs_global__max_sharpe,280.0187242039404
2020-08-31,etfs_global__max_sharpe,309.6417473825266
2020-09-30,etfs_global__max_sharpe,315.175073836731
2020-10-31,etfs_global__max_sharpe,314.99143582031184
2020-11-30,etfs_global__max_sharpe,328.5666245686655
2020-12-31,etfs_global__max_sharpe,335.46622466098825
2021-01-31,etfs_global__max_sharpe,349.9677369297482
2021-02-28,etfs_global__max_sharpe,364.5317849517706
2021-03-31,etfs_global__max_sharpe,391.3430493367702
2021-04-30,etfs_global__max_sharpe,375.6229958172822
2021-05-31,etfs_global__max_sharpe,376.85636420188195
2021-06-30,etfs_global__max_sharpe,358.2971390043916
2021-07-31,etfs_global__max_sharpe,369.84508578803326
2021-08-31,etfs_global__max_sharpe,384.54013011011256
2021-09-30,etfs_global__max_sharpe,386.01478753376557
2021-10-31,etfs_global__max_sharpe,420.9262587709202
2021-11-30,etfs_global__max_sharpe,404.3138808050726
2021-12-31,etfs_global__max_sharpe,418.22660555268715
2022-01-31,etfs_global__max_sharpe,385.21166220925556
2022-02-28,etfs_global__max_sharpe,360.1403916781006
2022-03-31,etfs_global__max_sharpe,337.93462464832623
2022-04-30,etfs_global__max_sharpe,323.08056032274277
2022-05-31,etfs_global__max_sharpe,313.63850755309073
2022-06-30,etfs_global__max_sharpe,312.9701517143759
2022-07-31,etfs_global__max_sharpe,333.2690623782211
2022-08-31,etfs_global__max_sharpe,313.7299487121992
2022-09-30,etfs_global__max_sharpe,298.818552599874
2022-10-31,etfs_global__max_sharpe,311.20882013535345
2022-11-30,etfs_global__max_sharpe,340.15551843942586
2022-12-31,etfs_global__max_sharpe,328.4417114489893
2023-01-31,etfs_global__max_sharpe,343.51797961447096
2023-02-28,etfs_global__max_sharpe,337.6021013590937
2023-03-31,etfs_global__max_sharpe,340.3885654187258
2023-04-30,etfs_global__max_sharpe,338.83896194747666
2023-05-31,etfs_global__max_sharpe,335.98493069160844
2023-06-30,etfs_global__max_sharpe,341.3308523169483
2023-07-31,etfs_global__max_sharpe,343.60553927043674
2023-08-31,etfs_global__max_sharpe,344.12014741822475
2023-09-30,etfs_global__max_sharpe,339.7367110222592
2023-10-31,etfs_global__max_sharpe,330.5876285305403
2023-11-30,etfs_global__max_sharpe,349.88246963364287
2023-12-31,etfs_global__max_sharpe,363.98353161104836
2024-01-31,etfs_global__max_sharpe,370.491943827207
2024-02-29,etfs_global__max_sharpe,386.3151334061523
2024-03-31,etfs_global__max_sharpe,401.18374069636127
2024-04-30,etfs_global__max_sharpe,396.9133337180502
2024-05-31,etfs_global__max_sharpe,422.1274223566404
2024-06-30,etfs_global__max_sharpe,449.27177688997955
2024-07-31,etfs_global__max_sharpe,468.287395682349
2024-08-31,etfs_global__max_sharpe,481.78643804711567
2024-09-30,etfs_global__max_sharpe,473.6194151218974
2024-10-31,etfs_global__max_sharpe,486.5631632407933
2024-11-30,etfs_global__max_sharpe,522.3207848963575
2024-12-31,etfs_global__max_sharpe,520.2876900488054
2025-01-31,etfs_global__max_sharpe,512.2655075243313
2025-02-28,etfs_global__max_sharpe,511.80515535693587
2025-03-31,etfs_global__max_sharpe,492.5975159939078
2025-04-30,etfs_global__max_sharpe,488.9396918329507
2025-05-31,etfs_global__max_sharpe,520.175875056879
2025-06-30,etfs_global__max_sharpe,524.6101079699913
2025-07-31,etfs_global__max_sharpe,535.2671763097258
2025-08-31,etfs_global__max_sharpe,537.1062727698392
2025-09-30,etfs_global__max_sharpe,544.8005930483265
2025-10-31,etfs_global__max_sharpe,562.15260600186
2025-11-30,etfs_global__max_sharpe,561.6552606536978
2025-12-31,etfs_global__max_sharpe,583.8832663746579
2026-01-31,etfs_global__max_sharpe,575.2612164401887
2026-02-28,etfs_global__max_sharpe,586.5851655566358
2026-03-31,etfs_global__max_sharpe,559.1591515848031
2026-04-30,etfs_global__max_sharpe,568.6741230608671
2015-02-28,etfs_global__min_vol,118.28410141708794
2015-03-31,etfs_global__min_vol,129.6497394214882
2015-04-30,etfs_global__min_vol,122.3373177744946
2015-05-31,etfs_global__min_vol,130.98387441981293
2015-06-30,etfs_global__min_vol,125.86424276428457
2015-07-31,etfs_global__min_vol,137.4671476979164
2015-08-31,etfs_global__min_vol,135.88937853429832
2015-09-30,etfs_global__min_vol,148.19039629184715
2015-10-31,etfs_global__min_vol,150.6795891882796
2015-11-30,etfs_global__min_vol,149.8575012633339
2015-12-31,etfs_global__min_vol,151.05050986787128
2016-01-31,etfs_global__min_vol,146.61991832097127
2016-02-29,etfs_global__min_vol,140.3404449751968
2016-03-31,etfs_global__min_vol,136.864547010233
2016-04-30,etfs_global__min_vol,134.4900574100754
2016-05-31,etfs_global__min_vol,138.19536017469437
2016-06-30,etfs_global__min_vol,124.46015342838983
2016-07-31,etfs_global__min_vol,131.24231056762488
2016-08-31,etfs_global__min_vol,129.9122163392643
2016-09-30,etfs_global__min_vol,132.27857419244566
2016-10-31,etfs_global__min_vol,127.2721296807968
2016-11-30,etfs_global__min_vol,137.56229279486237
2016-12-31,etfs_global__min_vol,132.2244205237539
2017-01-31,etfs_global__min_vol,131.1245290459992
2017-02-28,etfs_global__min_vol,132.99487394888106
2017-03-31,etfs_global__min_vol,137.4533781485424
2017-04-30,etfs_global__min_vol,141.43609201211655
2017-05-31,etfs_global__min_vol,148.4263203873638
2017-06-30,etfs_global__min_vol,151.57745432259017
2017-07-31,etfs_global__min_vol,149.85795484294786
2017-08-31,etfs_global__min_vol,149.38533860095274
2017-09-30,etfs_global__min_vol,153.69083582045315
2017-10-31,etfs_global__min_vol,162.0248781163775
2017-11-30,etfs_global__min_vol,162.47689685539288
2017-12-31,etfs_global__min_vol,168.3936927886456
2018-01-31,etfs_global__min_vol,170.28720566731462
2018-02-28,etfs_global__min_vol,165.8488743939755
2018-03-31,etfs_global__min_vol,167.67486787980664
2018-04-30,etfs_global__min_vol,175.90393638479298
2018-05-31,etfs_global__min_vol,189.08804616981746
2018-06-30,etfs_global__min_vol,194.2160185237955
2018-07-31,etfs_global__min_vol,192.74752715589648
2018-08-31,etfs_global__min_vol,214.36272661814542
2018-09-30,etfs_global__min_vol,208.27171349285229
2018-10-31,etfs_global__min_vol,176.54672332499587
2018-11-30,etfs_global__min_vol,186.36493021340442
2018-12-31,etfs_global__min_vol,174.91069911608852
2019-01-31,etfs_global__min_vol,179.22480416072656
2019-02-28,etfs_global__min_vol,186.06513678060293
2019-03-31,etfs_global__min_vol,196.67487222907388
2019-04-30,etfs_global__min_vol,205.48338394015434
2019-05-31,etfs_global__min_vol,195.4199628504657
2019-06-30,etfs_global__min_vol,199.0591144637361
2019-07-31,etfs_global__min_vol,196.36830296059586
2019-08-31,etfs_global__min_vol,211.5368924421826
2019-09-30,etfs_global__min_vol,216.37320358243372
2019-10-31,etfs_global__min_vol,213.5263844221789
2019-11-30,etfs_global__min_vol,229.00360688780958
2019-12-31,etfs_global__min_vol,227.23981735682432
2020-01-31,etfs_global__min_vol,235.2630745715301
2020-02-29,etfs_global__min_vol,230.1755096480068
2020-03-31,etfs_global__min_vol,228.01724232068747
2020-04-30,etfs_global__min_vol,255.50708056431236
2020-05-31,etfs_global__min_vol,272.5006352023212
2020-06-30,etfs_global__min_vol,281.0604777325253
2020-07-31,etfs_global__min_vol,280.0187242039404
2020-08-31,etfs_global__min_vol,309.6417473825266
2020-09-30,etfs_global__min_vol,315.175073836731
2020-10-31,etfs_global__min_vol,314.99143582031184
2020-11-30,etfs_global__min_vol,328.5666245686655
2020-12-31,etfs_global__min_vol,335.46622466098825
2021-01-31,etfs_global__min_vol,349.9677369297482
2021-02-28,etfs_global__min_vol,364.5317849517706
2021-03-31,etfs_global__min_vol,391.3430493367702
2021-04-30,etfs_global__min_vol,375.6229958172822
2021-05-31,etfs_global__min_vol,376.85636420188195
2021-06-30,etfs_global__min_vol,358.2971390043916
2021-07-31,etfs_global__min_vol,369.84508578803326
2021-08-31,etfs_global__min_vol,384.54013011011256
2021-09-30,etfs_global__min_vol,386.01478753376557
2021-10-31,etfs_global__min_vol,420.9262587709202
2021-11-30,etfs_global__min_vol,404.3138808050726
2021-12-31,etfs_global__min_vol,418.22660555268715
2022-01-31,etfs_global__min_vol,385.21166220925556
2022-02-28,etfs_global__min_vol,360.1403916781006
2022-03-31,etfs_global__min_vol,337.93462464832623
2022-04-30,etfs_global__min_vol,323.08056032274277
2022-05-31,etfs_global__min_vol,313.63850755309073
2022-06-30,etfs_global__min_vol,312.9701517143759
2022-07-31,etfs_global__min_vol,333.2690623782211
2022-08-31,etfs_global__min_vol,313.7299487121992
2022-09-30,etfs_global__min_vol,298.818552599874
2022-10-31,etfs_global__min_vol,311.20882013535345
2022-11-30,etfs_global__min_vol,340.15551843942586
2022-12-31,etfs_global__min_vol,328.4417114489893
2023-01-31,etfs_global__min_vol,343.51797961447096
2023-02-28,etfs_global__min_vol,337.6021013590937
2023-03-31,etfs_global__min_vol,340.3885654187258
2023-04-30,etfs_global__min_vol,338.83896194747666
2023-05-31,etfs_global__min_vol,335.98493069160844
2023-06-30,etfs_global__min_vol,341.3308523169483
2023-07-31,etfs_global__min_vol,343.60553927043674
2023-08-31,etfs_global__min_vol,344.12014741822475
2023-09-30,etfs_global__min_vol,339.7367110222592
2023-10-31,etfs_global__min_vol,330.5876285305403
2023-11-30,etfs_global__min_vol,349.88246963364287
2023-12-31,etfs_global__min_vol,363.98353161104836
2024-01-31,etfs_global__min_vol,370.491943827207
2024-02-29,etfs_global__min_vol,386.3151334061523
2024-03-31,etfs_global__min_vol,401.18374069636127
2024-04-30,etfs_global__min_vol,396.9133337180502
2024-05-31,etfs_global__min_vol,422.1274223566404
2024-06-30,etfs_global__min_vol,449.27177688997955
2024-07-31,etfs_global__min_vol,468.287395682349
2024-08-31,etfs_global__min_vol,481.78643804711567
2024-09-30,etfs_global__min_vol,473.6194151218974
2024-10-31,etfs_global__min_vol,486.5631632407933
2024-11-30,etfs_global__min_vol,522.3207848963575
2024-12-31,etfs_global__min_vol,520.2876900488054
2025-01-31,etfs_global__min_vol,512.2655075243313
2025-02-28,etfs_global__min_vol,511.80515535693587
2025-03-31,etfs_global__min_vol,492.5975159939078
2025-04-30,etfs_global__min_vol,488.9396918329507
2025-05-31,etfs_global__min_vol,520.175875056879
2025-06-30,etfs_global__min_vol,524.6101079699913
2025-07-31,etfs_global__min_vol,535.2671763097258
2025-08-31,etfs_global__min_vol,537.1062727698392
2025-09-30,etfs_global__min_vol,544.8005930483265
2025-10-31,etfs_global__min_vol,562.15260600186
2025-11-30,etfs_global__min_vol,561.6552606536978
2025-12-31,etfs_global__min_vol,583.8832663746579
2026-01-31,etfs_global__min_vol,575.2612164401887
2026-02-28,etfs_global__min_vol,586.5851655566358
2026-03-31,etfs_global__min_vol,559.1591515848031
2026-04-30,etfs_global__min_vol,568.6741230608671
2015-02-28,etfs_exterior__min_vol,118.07350180920733
2015-03-31,etfs_exterior__min_vol,129.44720523724817
2015-04-30,etfs_exterior__min_vol,123.8012480471404
2015-05-31,etfs_exterior__min_vol,130.63207950856557
2015-06-30,etfs_exterior__min_vol,124.6973246218156
2015-07-31,etfs_exterior__min_vol,131.87063576600596
2015-08-31,etfs_exterior__min_vol,129.97705981518956
2015-09-30,etfs_exterior__min_vol,141.62753222300847
2015-10-31,etfs_exterior__min_vol,145.3124745434018
2015-11-30,etfs_exterior__min_vol,142.028907920763
2015-12-31,etfs_exterior__min_vol,142.21617518397662
2016-01-31,etfs_exterior__min_vol,139.2830524827855
2016-02-29,etfs_exterior__min_vol,134.63680740245846
2016-03-31,etfs_exterior__min_vol,133.20050959485803
2016-04-30,etfs_exterior__min_vol,131.20446116257352
2016-05-31,etfs_exterior__min_vol,132.00618995630742
2016-06-30,etfs_exterior__min_vol,121.9241446895067
2016-07-31,etfs_exterior__min_vol,128.48323567747056
2016-08-31,etfs_exterior__min_vol,126.89331166676293
2016-09-30,etfs_exterior__min_vol,130.0166765911082
2016-10-31,etfs_exterior__min_vol,127.44188605086902
2016-11-30,etfs_exterior__min_vol,133.16722041502078
2016-12-31,etfs_exterior__min_vol,125.43349251984448
2017-01-31,etfs_exterior__min_vol,126.22622948721404
2017-02-28,etfs_exterior__min_vol,128.11505935088329
2017-03-31,etfs_exterior__min_vol,135.0554215853846
2017-04-30,etfs_exterior__min_vol,138.32113306414558
2017-05-31,etfs_exterior__min_vol,144.94072344739186
2017-06-30,etfs_exterior__min_vol,147.90133861351197
2017-07-31,etfs_exterior__min_vol,148.04169353327237
2017-08-31,etfs_exterior__min_vol,148.60983642727356
2017-09-30,etfs_exterior__min_vol,151.34952992425144
2017-10-31,etfs_exterior__min_vol,158.81262273593708
2017-11-30,etfs_exterior__min_vol,156.515870338654
2017-12-31,etfs_exterior__min_vol,166.24972452258265
2018-01-31,etfs_exterior__min_vol,169.22428603584817
2018-02-28,etfs_exterior__min_vol,164.35706034280543
2018-03-31,etfs_exterior__min_vol,167.4579987302696
2018-04-30,etfs_exterior__min_vol,175.44470705170144
2018-05-31,etfs_exterior__min_vol,182.6630355795826
2018-06-30,etfs_exterior__min_vol,185.04873030876576
2018-07-31,etfs_exterior__min_vol,185.51484440659917
2018-08-31,etfs_exterior__min_vol,199.272041529114
2018-09-30,etfs_exterior__min_vol,194.3604641650129
2018-10-31,etfs_exterior__min_vol,162.00773313909394
2018-11-30,etfs_exterior__min_vol,172.54841172711565
2018-12-31,etfs_exterior__min_vol,166.55729460914853
2019-01-31,etfs_exterior__min_vol,173.12366549970113
2019-02-28,etfs_exterior__min_vol,176.2322313464636
2019-03-31,etfs_exterior__min_vol,185.20539173433167
2019-04-30,etfs_exterior__min_vol,191.01720571783457
2019-05-31,etfs_exterior__min_vol,181.4310878554645
2019-06-30,etfs_exterior__min_vol,185.07561616797153
2019-07-31,etfs_exterior__min_vol,179.15548178170266
2019-08-31,etfs_exterior__min_vol,186.76842862547437
2019-09-30,etfs_exterior__min_vol,191.26851974381083
2019-10-31,etfs_exterior__min_vol,187.11001456232225
2019-11-30,etfs_exterior__min_vol,196.15307657892242
2019-12-31,etfs_exterior__min_vol,198.80604442152887
2020-01-31,etfs_exterior__min_vol,201.5872381975116
2020-02-29,etfs_exterior__min_vol,197.42855800291053
2020-03-31,etfs_exterior__min_vol,186.68751905172783
2020-04-30,etfs_exterior__min_vol,208.921094387646
2020-05-31,etfs_exterior__min_vol,219.72840499579752
2020-06-30,etfs_exterior__min_vol,230.53361647310723
2020-07-31,etfs_exterior__min_vol,228.9431510176341
2020-08-31,etfs_exterior__min_vol,245.8690594741355
2020-09-30,etfs_exterior__min_vol,249.8697673331521
2020-10-31,etfs_exterior__min_vol,253.63240059672992
2020-11-30,etfs_exterior__min_vol,266.6968086723902
2020-12-31,etfs_exterior__min_vol,276.42960176600633
2021-01-31,etfs_exterior__min_vol,288.21803507017813
2021-02-28,etfs_exterior__min_vol,302.2886225233594
2021-03-31,etfs_exterior__min_vol,324.5803089320453
2021-04-30,etfs_exterior__min_vol,304.91181503960354
2021-05-31,etfs_exterior__min_vol,304.56638587669073
2021-06-30,etfs_exterior__min_vol,287.6283928298536
2021-07-31,etfs_exterior__min_vol,290.2119415857289
2021-08-31,etfs_exterior__min_vol,304.36781384081286
2021-09-30,etfs_exterior__min_vol,304.87683543644255
2021-10-31,etfs_exterior__min_vol,322.11910068679174
2021-11-30,etfs_exterior__min_vol,307.1258597209644
2021-12-31,etfs_exterior__min_vol,316.22448417243305
2022-01-31,etfs_exterior__min_vol,305.32906348860723
2022-02-28,etfs_exterior__min_vol,290.46429851476717
2022-03-31,etfs_exterior__min_vol,275.94041577462065
2022-04-30,etfs_exterior__min_vol,263.2582901127215
2022-05-31,etfs_exterior__min_vol,263.2913307959026
2022-06-30,etfs_exterior__min_vol,261.7279492963045
2022-07-31,etfs_exterior__min_vol,272.50967670335615
2022-08-31,etfs_exterior__min_vol,262.78270654957214
2022-09-30,etfs_exterior__min_vol,251.45980072549276
2022-10-31,etfs_exterior__min_vol,256.186371339724
2022-11-30,etfs_exterior__min_vol,287.0444890676064
2022-12-31,etfs_exterior__min_vol,283.90341412230583
2023-01-31,etfs_exterior__min_vol,300.2559159154715
2023-02-28,etfs_exterior__min_vol,292.441042676166
2023-03-31,etfs_exterior__min_vol,293.5812520263114
2023-04-30,etfs_exterior__min_vol,290.1016836127047
2023-05-31,etfs_exterior__min_vol,285.48651697545375
2023-06-30,etfs_exterior__min_vol,290.7488336196608
2023-07-31,etfs_exterior__min_vol,295.0024334427676
2023-08-31,etfs_exterior__min_vol,289.7812268537
2023-09-30,etfs_exterior__min_vol,285.35247617853656
2023-10-31,etfs_exterior__min_vol,274.6415075141374
2023-11-30,etfs_exterior__min_vol,292.1958681992622
2023-12-31,etfs_exterior__min_vol,303.5914037291581
2024-01-31,etfs_exterior__min_vol,300.55308631747704
2024-02-29,etfs_exterior__min_vol,308.7705764632441
2024-03-31,etfs_exterior__min_vol,319.5453089693744
2024-04-30,etfs_exterior__min_vol,324.25906625979917
2024-05-31,etfs_exterior__min_vol,341.690828906985
2024-06-30,etfs_exterior__min_vol,352.92650030491353
2024-07-31,etfs_exterior__min_vol,365.0772621253177
2024-08-31,etfs_exterior__min_vol,374.76315068211863
2024-09-30,etfs_exterior__min_vol,374.17311302340204
2024-10-31,etfs_exterior__min_vol,384.42377932107917
2024-11-30,etfs_exterior__min_vol,404.4539358374182
2024-12-31,etfs_exterior__min_vol,404.09707668966695
2025-01-31,etfs_exterior__min_vol,397.54172692134824
2025-02-28,etfs_exterior__min_vol,402.5986450124404
2025-03-31,etfs_exterior__min_vol,398.423940859594
2025-04-30,etfs_exterior__min_vol,399.7078851068626
2025-05-31,etfs_exterior__min_vol,422.80355923212267
2025-06-30,etfs_exterior__min_vol,424.0550936476075
2025-07-31,etfs_exterior__min_vol,430.0904379645696
2025-08-31,etfs_exterior__min_vol,432.6399658536253
2025-09-30,etfs_exterior__min_vol,437.4139023036393
2025-10-31,etfs_exterior__min_vol,460.96517273906954
2025-11-30,etfs_exterior__min_vol,463.56961630586443
2025-12-31,etfs_exterior__min_vol,484.42161172190066
2026-01-31,etfs_exterior__min_vol,492.33882989106996
2026-02-28,etfs_exterior__min_vol,505.61510435871287
2026-03-31,etfs_exterior__min_vol,483.6412717179262
2026-04-30,etfs_exterior__min_vol,486.405179155747
2015-02-28,etfs_desenvolvidos_emergentes__max_sharpe,117.51545947898494
2015-03-31,etfs_desenvolvidos_emergentes__max_sharpe,128.81364269304663
2015-04-30,etfs_desenvolvidos_emergentes__max_sharpe,124.4614301169187
2015-05-31,etfs_desenvolvidos_emergentes__max_sharpe,130.6729281381471
2015-06-30,etfs_desenvolvidos_emergentes__max_sharpe,125.10312211600203
2015-07-31,etfs_desenvolvidos_emergentes__max_sharpe,131.92824383250127
2015-08-31,etfs_desenvolvidos_emergentes__max_sharpe,128.44697827985956
2015-09-30,etfs_desenvolvidos_emergentes__max_sharpe,141.12147573107646
2015-10-31,etfs_desenvolvidos_emergentes__max_sharpe,142.4378291984192
2015-11-30,etfs_desenvolvidos_emergentes__max_sharpe,140.14289666836777
2015-12-31,etfs_desenvolvidos_emergentes__max_sharpe,140.3123364316545
2016-01-31,etfs_desenvolvidos_emergentes__max_sharpe,136.484232076712
2016-02-29,etfs_desenvolvidos_emergentes__max_sharpe,130.35783781967615
2016-03-31,etfs_desenvolvidos_emergentes__max_sharpe,129.907526626835
2016-04-30,etfs_desenvolvidos_emergentes__max_sharpe,127.57937301195817
2016-05-31,etfs_desenvolvidos_emergentes__max_sharpe,128.3669128590241
2016-06-30,etfs_desenvolvidos_emergentes__max_sharpe,117.82892153932336
2016-07-31,etfs_desenvolvidos_emergentes__max_sharpe,124.9641480383715
2016-08-31,etfs_desenvolvidos_emergentes__max_sharpe,124.1145251527969
2016-09-30,etfs_desenvolvidos_emergentes__max_sharpe,127.68929468540595
2016-10-31,etfs_desenvolvidos_emergentes__max_sharpe,123.33148806446368
2016-11-30,etfs_desenvolvidos_emergentes__max_sharpe,129.2281858405675
2016-12-31,etfs_desenvolvidos_emergentes__max_sharpe,122.85791672629354
2017-01-31,etfs_desenvolvidos_emergentes__max_sharpe,124.11282441020872
2017-02-28,etfs_desenvolvidos_emergentes__max_sharpe,125.21555383756954
2017-03-31,etfs_desenvolvidos_emergentes__max_sharpe,131.1072367524621
2017-04-30,etfs_desenvolvidos_emergentes__max_sharpe,135.2264707176384
2017-05-31,etfs_desenvolvidos_emergentes__max_sharpe,142.39941864118578
2017-06-30,etfs_desenvolvidos_emergentes__max_sharpe,145.7060496012997
2017-07-31,etfs_desenvolvidos_emergentes__max_sharpe,146.0623146711289
2017-08-31,etfs_desenvolvidos_emergentes__max_sharpe,146.88839236374687
2017-09-30,etfs_desenvolvidos_emergentes__max_sharpe,149.7893239639771
2017-10-31,etfs_desenvolvidos_emergentes__max_sharpe,158.6943118777129
2017-11-30,etfs_desenvolvidos_emergentes__max_sharpe,157.41458434837926
2017-12-31,etfs_desenvolvidos_emergentes__max_sharpe,164.90587790865285
2018-01-31,etfs_desenvolvidos_emergentes__max_sharpe,168.42839747794727
2018-02-28,etfs_desenvolvidos_emergentes__max_sharpe,162.77353930082154
2018-03-31,etfs_desenvolvidos_emergentes__max_sharpe,166.67158472653108
2018-04-30,etfs_desenvolvidos_emergentes__max_sharpe,172.4355523243284
2018-05-31,etfs_desenvolvidos_emergentes__max_sharpe,182.11954287843605
2018-06-30,etfs_desenvolvidos_emergentes__max_sharpe,182.8802606372015
2018-07-31,etfs_desenvolvidos_emergentes__max_sharpe,181.3462737445328
2018-08-31,etfs_desenvolvidos_emergentes__max_sharpe,196.71460579111042
2018-09-30,etfs_desenvolvidos_emergentes__max_sharpe,189.94978766558705
2018-10-31,etfs_desenvolvidos_emergentes__max_sharpe,159.76849048692577
2018-11-30,etfs_desenvolvidos_emergentes__max_sharpe,170.84661226153926
2018-12-31,etfs_desenvolvidos_emergentes__max_sharpe,164.46847807722725
2019-01-31,etfs_desenvolvidos_emergentes__max_sharpe,169.62560013132224
2019-02-28,etfs_desenvolvidos_emergentes__max_sharpe,172.81299514215794
2019-03-31,etfs_desenvolvidos_emergentes__max_sharpe,182.29997773312886
2019-04-30,etfs_desenvolvidos_emergentes__max_sharpe,189.1131898135591
2019-05-31,etfs_desenvolvidos_emergentes__max_sharpe,179.13621035234993
2019-06-30,etfs_desenvolvidos_emergentes__max_sharpe,181.74253927397842
2019-07-31,etfs_desenvolvidos_emergentes__max_sharpe,176.42177725794068
2019-08-31,etfs_desenvolvidos_emergentes__max_sharpe,188.53616445867414
2019-09-30,etfs_desenvolvidos_emergentes__max_sharpe,192.46326063546272
2019-10-31,etfs_desenvolvidos_emergentes__max_sharpe,191.5632183641498
2019-11-30,etfs_desenvolvidos_emergentes__max_sharpe,202.61384417587945
2019-12-31,etfs_desenvolvidos_emergentes__max_sharpe,205.0112439709805
2020-01-31,etfs_desenvolvidos_emergentes__max_sharpe,206.94464410298298
2020-02-29,etfs_desenvolvidos_emergentes__max_sharpe,206.3448766031652
2020-03-31,etfs_desenvolvidos_emergentes__max_sharpe,200.6060043534348
2020-04-30,etfs_desenvolvidos_emergentes__max_sharpe,221.45076409823054
2020-05-31,etfs_desenvolvidos_emergentes__max_sharpe,234.1068512302867
2020-06-30,etfs_desenvolvidos_emergentes__max_sharpe,245.92764824266547
2020-07-31,etfs_desenvolvidos_emergentes__max_sharpe,247.84279645855568
2020-08-31,etfs_desenvolvidos_emergentes__max_sharpe,269.88752792146647
2020-09-30,etfs_desenvolvidos_emergentes__max_sharpe,278.0704053969812
2020-10-31,etfs_desenvolvidos_emergentes__max_sharpe,282.0974650269324
2020-11-30,etfs_desenvolvidos_emergentes__max_sharpe,292.0517819133199
2020-12-31,etfs_desenvolvidos_emergentes__max_sharpe,301.82745656631613
2021-01-31,etfs_desenvolvidos_emergentes__max_sharpe,319.62120876441895
2021-02-28,etfs_desenvolvidos_emergentes__max_sharpe,331.15513750092236
2021-03-31,etfs_desenvolvidos_emergentes__max_sharpe,349.54415898586683
2021-04-30,etfs_desenvolvidos_emergentes__max_sharpe,330.9099312841187
2021-05-31,etfs_desenvolvidos_emergentes__max_sharpe,333.5561158270105
2021-06-30,etfs_desenvolvidos_emergentes__max_sharpe,315.99896565345125
2021-07-31,etfs_desenvolvidos_emergentes__max_sharpe,315.6663634705866
2021-08-31,etfs_desenvolvidos_emergentes__max_sharpe,326.3913631473183
2021-09-30,etfs_desenvolvidos_emergentes__max_sharpe,328.9940117087871
2021-10-31,etfs_desenvolvidos_emergentes__max_sharpe,350.4034296198363
2021-11-30,etfs_desenvolvidos_emergentes__max_sharpe,333.1566375032605
2021-12-31,etfs_desenvolvidos_emergentes__max_sharpe,341.52274171329077
2022-01-31,etfs_desenvolvidos_emergentes__max_sharpe,321.68251793166024
2022-02-28,etfs_desenvolvidos_emergentes__max_sharpe,299.29167295222135
2022-03-31,etfs_desenvolvidos_emergentes__max_sharpe,273.558892810339
2022-04-30,etfs_desenvolvidos_emergentes__max_sharpe,265.17716481529965
2022-05-31,etfs_desenvolvidos_emergentes__max_sharpe,258.11128731117986
2022-06-30,etfs_desenvolvidos_emergentes__max_sharpe,260.60801983748973
2022-07-31,etfs_desenvolvidos_emergentes__max_sharpe,267.59938534260544
2022-08-31,etfs_desenvolvidos_emergentes__max_sharpe,255.1479911443653
2022-09-30,etfs_desenvolvidos_emergentes__max_sharpe,240.36074300357066
2022-10-31,etfs_desenvolvidos_emergentes__max_sharpe,240.9959516385256
2022-11-30,etfs_desenvolvidos_emergentes__max_sharpe,272.73509857023987
2022-12-31,etfs_desenvolvidos_emergentes__max_sharpe,267.1961376717112
2023-01-31,etfs_desenvolvidos_emergentes__max_sharpe,281.839067166992
2023-02-28,etfs_desenvolvidos_emergentes__max_sharpe,271.6212934764971
2023-03-31,etfs_desenvolvidos_emergentes__max_sharpe,273.6000570445111
2023-04-30,etfs_desenvolvidos_emergentes__max_sharpe,270.2874674367803
2023-05-31,etfs_desenvolvidos_emergentes__max_sharpe,265.55322451089734
2023-06-30,etfs_desenvolvidos_emergentes__max_sharpe,267.678950222682
2023-07-31,etfs_desenvolvidos_emergentes__max_sharpe,272.2390204324233
2023-08-31,etfs_desenvolvidos_emergentes__max_sharpe,267.64417252540215
2023-09-30,etfs_desenvolvidos_emergentes__max_sharpe,266.2074970778624
2023-10-31,etfs_desenvolvidos_emergentes__max_sharpe,257.76622456680644
2023-11-30,etfs_desenvolvidos_emergentes__max_sharpe,271.65901513411967
2023-12-31,etfs_desenvolvidos_emergentes__max_sharpe,281.3892780769534
2024-01-31,etfs_desenvolvidos_emergentes__max_sharpe,279.59064388678934
2024-02-29,etfs_desenvolvidos_emergentes__max_sharpe,289.87166030396935
2024-03-31,etfs_desenvolvidos_emergentes__max_sharpe,300.18530145210804
2024-04-30,etfs_desenvolvidos_emergentes__max_sharpe,302.71027520962497
2024-05-31,etfs_desenvolvidos_emergentes__max_sharpe,317.721007278947
2024-06-30,etfs_desenvolvidos_emergentes__max_sharpe,337.820792638075
2024-07-31,etfs_desenvolvidos_emergentes__max_sharpe,351.12820913075586
2024-08-31,etfs_desenvolvidos_emergentes__max_sharpe,358.9833896708146
2024-09-30,etfs_desenvolvidos_emergentes__max_sharpe,357.8322086180325
2024-10-31,etfs_desenvolvidos_emergentes__max_sharpe,363.8530865291426
2024-11-30,etfs_desenvolvidos_emergentes__max_sharpe,376.026056663957
2024-12-31,etfs_desenvolvidos_emergentes__max_sharpe,376.0976929721519
2025-01-31,etfs_desenvolvidos_emergentes__max_sharpe,368.1913501777906
2025-02-28,etfs_desenvolvidos_emergentes__max_sharpe,371.6606708214502
2025-03-31,etfs_desenvolvidos_emergentes__max_sharpe,368.31089297877645
2025-04-30,etfs_desenvolvidos_emergentes__max_sharpe,367.35711612746866
2025-05-31,etfs_desenvolvidos_emergentes__max_sharpe,388.409001281748
2025-06-30,etfs_desenvolvidos_emergentes__max_sharpe,395.47185046392224
2025-07-31,etfs_desenvolvidos_emergentes__max_sharpe,400.6911410827283
2025-08-31,etfs_desenvolvidos_emergentes__max_sharpe,403.3091449172425
2025-09-30,etfs_desenvolvidos_emergentes__max_sharpe,413.7908289873574
2025-10-31,etfs_desenvolvidos_emergentes__max_sharpe,429.64022836484565
2025-11-30,etfs_desenvolvidos_emergentes__max_sharpe,425.9216064004992
2025-12-31,etfs_desenvolvidos_emergentes__max_sharpe,446.6286430535006
2026-01-31,etfs_desenvolvidos_emergentes__max_sharpe,452.6669048854381
2026-02-28,etfs_desenvolvidos_emergentes__max_sharpe,474.71909540731787
2026-03-31,etfs_desenvolvidos_emergentes__max_sharpe,443.32417377894666
2026-04-30,etfs_desenvolvidos_emergentes__max_sharpe,454.62550885488645
2015-02-28,etfs_desenvolvidos_emergentes__min_vol,117.51545947898494
2015-03-31,etfs_desenvolvidos_emergentes__min_vol,128.81364269304663
2015-04-30,etfs_desenvolvidos_emergentes__min_vol,124.4614301169187
2015-05-31,etfs_desenvolvidos_emergentes__min_vol,130.6729281381471
2015-06-30,etfs_desenvolvidos_emergentes__min_vol,125.10312211600203
2015-07-31,etfs_desenvolvidos_emergentes__min_vol,131.92824383250127
2015-08-31,etfs_desenvolvidos_emergentes__min_vol,128.44697827985956
2015-09-30,etfs_desenvolvidos_emergentes__min_vol,141.12147573107646
2015-10-31,etfs_desenvolvidos_emergentes__min_vol,142.4378291984192
2015-11-30,etfs_desenvolvidos_emergentes__min_vol,140.14289666836777
2015-12-31,etfs_desenvolvidos_emergentes__min_vol,140.3123364316545
2016-01-31,etfs_desenvolvidos_emergentes__min_vol,136.484232076712
2016-02-29,etfs_desenvolvidos_emergentes__min_vol,130.35783781967615
2016-03-31,etfs_desenvolvidos_emergentes__min_vol,129.907526626835
2016-04-30,etfs_desenvolvidos_emergentes__min_vol,127.57937301195817
2016-05-31,etfs_desenvolvidos_emergentes__min_vol,128.3669128590241
2016-06-30,etfs_desenvolvidos_emergentes__min_vol,117.82892153932336
2016-07-31,etfs_desenvolvidos_emergentes__min_vol,124.9641480383715
2016-08-31,etfs_desenvolvidos_emergentes__min_vol,124.1145251527969
2016-09-30,etfs_desenvolvidos_emergentes__min_vol,127.68929468540595
2016-10-31,etfs_desenvolvidos_emergentes__min_vol,123.33148806446368
2016-11-30,etfs_desenvolvidos_emergentes__min_vol,129.2281858405675
2016-12-31,etfs_desenvolvidos_emergentes__min_vol,122.85791672629354
2017-01-31,etfs_desenvolvidos_emergentes__min_vol,124.11282441020872
2017-02-28,etfs_desenvolvidos_emergentes__min_vol,125.21555383756954
2017-03-31,etfs_desenvolvidos_emergentes__min_vol,131.1072367524621
2017-04-30,etfs_desenvolvidos_emergentes__min_vol,135.2264707176384
2017-05-31,etfs_desenvolvidos_emergentes__min_vol,142.39941864118578
2017-06-30,etfs_desenvolvidos_emergentes__min_vol,145.7060496012997
2017-07-31,etfs_desenvolvidos_emergentes__min_vol,146.0623146711289
2017-08-31,etfs_desenvolvidos_emergentes__min_vol,146.88839236374687
2017-09-30,etfs_desenvolvidos_emergentes__min_vol,149.7893239639771
2017-10-31,etfs_desenvolvidos_emergentes__min_vol,158.6943118777129
2017-11-30,etfs_desenvolvidos_emergentes__min_vol,157.41458434837926
2017-12-31,etfs_desenvolvidos_emergentes__min_vol,164.90587790865285
2018-01-31,etfs_desenvolvidos_emergentes__min_vol,168.42839747794727
2018-02-28,etfs_desenvolvidos_emergentes__min_vol,162.77353930082154
2018-03-31,etfs_desenvolvidos_emergentes__min_vol,166.67158472653108
2018-04-30,etfs_desenvolvidos_emergentes__min_vol,172.4355523243284
2018-05-31,etfs_desenvolvidos_emergentes__min_vol,182.11954287843605
2018-06-30,etfs_desenvolvidos_emergentes__min_vol,182.8802606372015
2018-07-31,etfs_desenvolvidos_emergentes__min_vol,181.3462737445328
2018-08-31,etfs_desenvolvidos_emergentes__min_vol,196.71460579111042
2018-09-30,etfs_desenvolvidos_emergentes__min_vol,189.94978766558705
2018-10-31,etfs_desenvolvidos_emergentes__min_vol,159.76849048692577
2018-11-30,etfs_desenvolvidos_emergentes__min_vol,170.84661226153926
2018-12-31,etfs_desenvolvidos_emergentes__min_vol,164.46847807722725
2019-01-31,etfs_desenvolvidos_emergentes__min_vol,169.62560013132224
2019-02-28,etfs_desenvolvidos_emergentes__min_vol,172.81299514215794
2019-03-31,etfs_desenvolvidos_emergentes__min_vol,182.29997773312886
2019-04-30,etfs_desenvolvidos_emergentes__min_vol,189.1131898135591
2019-05-31,etfs_desenvolvidos_emergentes__min_vol,179.13621035234993
2019-06-30,etfs_desenvolvidos_emergentes__min_vol,181.74253927397842
2019-07-31,etfs_desenvolvidos_emergentes__min_vol,176.42177725794068
2019-08-31,etfs_desenvolvidos_emergentes__min_vol,188.53616445867414
2019-09-30,etfs_desenvolvidos_emergentes__min_vol,192.46326063546272
2019-10-31,etfs_desenvolvidos_emergentes__min_vol,191.5632183641498
2019-11-30,etfs_desenvolvidos_emergentes__min_vol,202.61384417587945
2019-12-31,etfs_desenvolvidos_emergentes__min_vol,205.0112439709805
2020-01-31,etfs_desenvolvidos_emergentes__min_vol,206.94464410298298
2020-02-29,etfs_desenvolvidos_emergentes__min_vol,206.3448766031652
2020-03-31,etfs_desenvolvidos_emergentes__min_vol,200.6060043534348
2020-04-30,etfs_desenvolvidos_emergentes__min_vol,221.45076409823054
2020-05-31,etfs_desenvolvidos_emergentes__min_vol,234.1068512302867
2020-06-30,etfs_desenvolvidos_emergentes__min_vol,245.92764824266547
2020-07-31,etfs_desenvolvidos_emergentes__min_vol,247.84279645855568
2020-08-31,etfs_desenvolvidos_emergentes__min_vol,269.88752792146647
2020-09-30,etfs_desenvolvidos_emergentes__min_vol,278.0704053969812
2020-10-31,etfs_desenvolvidos_emergentes__min_vol,282.0974650269324
2020-11-30,etfs_desenvolvidos_emergentes__min_vol,292.0517819133199
2020-12-31,etfs_desenvolvidos_emergentes__min_vol,301.82745656631613
2021-01-31,etfs_desenvolvidos_emergentes__min_vol,319.62120876441895
2021-02-28,etfs_desenvolvidos_emergentes__min_vol,331.15513750092236
2021-03-31,etfs_desenvolvidos_emergentes__min_vol,349.54415898586683
2021-04-30,etfs_desenvolvidos_emergentes__min_vol,330.9099312841187
2021-05-31,etfs_desenvolvidos_emergentes__min_vol,333.5561158270105
2021-06-30,etfs_desenvolvidos_emergentes__min_vol,315.99896565345125
2021-07-31,etfs_desenvolvidos_emergentes__min_vol,315.6663634705866
2021-08-31,etfs_desenvolvidos_emergentes__min_vol,326.3913631473183
2021-09-30,etfs_desenvolvidos_emergentes__min_vol,328.9940117087871
2021-10-31,etfs_desenvolvidos_emergentes__min_vol,350.4034296198363
2021-11-30,etfs_desenvolvidos_emergentes__min_vol,333.1566375032605
2021-12-31,etfs_desenvolvidos_emergentes__min_vol,341.52274171329077
2022-01-31,etfs_desenvolvidos_emergentes__min_vol,321.68251793166024
2022-02-28,etfs_desenvolvidos_emergentes__min_vol,299.29167295222135
2022-03-31,etfs_desenvolvidos_emergentes__min_vol,273.558892810339
2022-04-30,etfs_desenvolvidos_emergentes__min_vol,265.17716481529965
2022-05-31,etfs_desenvolvidos_emergentes__min_vol,258.11128731117986
2022-06-30,etfs_desenvolvidos_emergentes__min_vol,260.60801983748973
2022-07-31,etfs_desenvolvidos_emergentes__min_vol,267.59938534260544
2022-08-31,etfs_desenvolvidos_emergentes__min_vol,255.1479911443653
2022-09-30,etfs_desenvolvidos_emergentes__min_vol,240.36074300357066
2022-10-31,etfs_desenvolvidos_emergentes__min_vol,240.9959516385256
2022-11-30,etfs_desenvolvidos_emergentes__min_vol,272.73509857023987
2022-12-31,etfs_desenvolvidos_emergentes__min_vol,267.1961376717112
2023-01-31,etfs_desenvolvidos_emergentes__min_vol,281.839067166992
2023-02-28,etfs_desenvolvidos_emergentes__min_vol,271.6212934764971
2023-03-31,etfs_desenvolvidos_emergentes__min_vol,273.6000570445111
2023-04-30,etfs_desenvolvidos_emergentes__min_vol,270.2874674367803
2023-05-31,etfs_desenvolvidos_emergentes__min_vol,265.55322451089734
2023-06-30,etfs_desenvolvidos_emergentes__min_vol,267.678950222682
2023-07-31,etfs_desenvolvidos_emergentes__min_vol,272.2390204324233
2023-08-31,etfs_desenvolvidos_emergentes__min_vol,267.64417252540215
2023-09-30,etfs_desenvolvidos_emergentes__min_vol,266.2074970778624
2023-10-31,etfs_desenvolvidos_emergentes__min_vol,257.76622456680644
2023-11-30,etfs_desenvolvidos_emergentes__min_vol,271.65901513411967
2023-12-31,etfs_desenvolvidos_emergentes__min_vol,281.3892780769534
2024-01-31,etfs_desenvolvidos_emergentes__min_vol,279.59064388678934
2024-02-29,etfs_desenvolvidos_emergentes__min_vol,289.87166030396935
2024-03-31,etfs_desenvolvidos_emergentes__min_vol,300.18530145210804
2024-04-30,etfs_desenvolvidos_emergentes__min_vol,302.71027520962497
2024-05-31,etfs_desenvolvidos_emergentes__min_vol,317.721007278947
2024-06-30,etfs_desenvolvidos_emergentes__min_vol,337.820792638075
2024-07-31,etfs_desenvolvidos_emergentes__min_vol,351.12820913075586
2024-08-31,etfs_desenvolvidos_emergentes__min_vol,358.9833896708146
2024-09-30,etfs_desenvolvidos_emergentes__min_vol,357.8322086180325
2024-10-31,etfs_desenvolvidos_emergentes__min_vol,363.8530865291426
2024-11-30,etfs_desenvolvidos_emergentes__min_vol,376.026056663957
2024-12-31,etfs_desenvolvidos_emergentes__min_vol,376.0976929721519
2025-01-31,etfs_desenvolvidos_emergentes__min_vol,368.1913501777906
2025-02-28,etfs_desenvolvidos_emergentes__min_vol,371.6606708214502
2025-03-31,etfs_desenvolvidos_emergentes__min_vol,368.31089297877645
2025-04-30,etfs_desenvolvidos_emergentes__min_vol,367.35711612746866
2025-05-31,etfs_desenvolvidos_emergentes__min_vol,388.409001281748
2025-06-30,etfs_desenvolvidos_emergentes__min_vol,395.47185046392224
2025-07-31,etfs_desenvolvidos_emergentes__min_vol,400.6911410827283
2025-08-31,etfs_desenvolvidos_emergentes__min_vol,403.3091449172425
2025-09-30,etfs_desenvolvidos_emergentes__min_vol,413.7908289873574
2025-10-31,etfs_desenvolvidos_emergentes__min_vol,429.64022836484565
2025-11-30,etfs_desenvolvidos_emergentes__min_vol,425.9216064004992
2025-12-31,etfs_desenvolvidos_emergentes__min_vol,446.6286430535006
2026-01-31,etfs_desenvolvidos_emergentes__min_vol,452.6669048854381
2026-02-28,etfs_desenvolvidos_emergentes__min_vol,474.71909540731787
2026-03-31,etfs_desenvolvidos_emergentes__min_vol,443.32417377894666
2026-04-30,etfs_desenvolvidos_emergentes__min_vol,454.62550885488645
2015-02-28,etfs_latam__max_sharpe,121.11558887547747
2015-03-31,etfs_latam__max_sharpe,133.68117119255075
2015-04-30,etfs_latam__max_sharpe,126.83677294451276
2015-05-31,etfs_latam__max_sharpe,132.4853734274819
2015-06-30,etfs_latam__max_sharpe,125.18464651447418
2015-07-31,etfs_latam__max_sharpe,128.13736493223857
2015-08-31,etfs_latam__max_sharpe,131.66241235276223
2015-09-30,etfs_latam__max_sharpe,139.25152740228822
2015-10-31,etfs_latam__max_sharpe,148.39049333415545
2015-11-30,etfs_latam__max_sharpe,141.12285367141908
2015-12-31,etfs_latam__max_sharpe,140.35310492097017
2016-01-31,etfs_latam__max_sharpe,141.47207255374593
2016-02-29,etfs_latam__max_sharpe,142.43352600984167
2016-03-31,etfs_latam__max_sharpe,140.52641178288346
2016-04-30,etfs_latam__max_sharpe,141.1070602923342
2016-05-31,etfs_latam__max_sharpe,137.38542710784373
2016-06-30,etfs_latam__max_sharpe,131.28548473944178
2016-07-31,etfs_latam__max_sharpe,135.04004605915156
2016-08-31,etfs_latam__max_sharpe,131.4457243529235
2016-09-30,etfs_latam__max_sharpe,133.81448859537392
2016-10-31,etfs_latam__max_sharpe,137.14508924701448
2016-11-30,etfs_latam__max_sharpe,136.859813325229
2016-12-31,etfs_latam__max_sharpe,128.9486634704472
2017-01-31,etfs_latam__max_sharpe,131.0152013998729
2017-02-28,etfs_latam__max_sharpe,133.98551295156977
2017-03-31,etfs_latam__max_sharpe,147.88365692402573
2017-04-30,etfs_latam__max_sharpe,150.0764443892658
2017-05-31,etfs_latam__max_sharpe,156.35547006227594
2017-06-30,etfs_latam__max_sharpe,159.09218481559267
2017-07-31,etfs_latam__max_sharpe,160.65824123744164
2017-08-31,etfs_latam__max_sharpe,163.0314007581686
2017-09-30,etfs_latam__max_sharpe,166.75333819981802
2017-10-31,etfs_latam__max_sharpe,171.1677273014344
2017-11-30,etfs_latam__max_sharpe,162.42348523272642
2017-12-31,etfs_latam__max_sharpe,179.7668307775037
2018-01-31,etfs_latam__max_sharpe,185.9177381638942
2018-02-28,etfs_latam__max_sharpe,181.70000800395735
2018-03-31,etfs_latam__max_sharpe,184.62132110452487
2018-04-30,etfs_latam__max_sharpe,192.08422502438216
2018-05-31,etfs_latam__max_sharpe,182.3780462214127
2018-06-30,etfs_latam__max_sharpe,183.65189098623006
2018-07-31,etfs_latam__max_sharpe,192.10283136062824
2018-08-31,etfs_latam__max_sharpe,195.8456779983233
2018-09-30,etfs_latam__max_sharpe,194.6161024226591
2018-10-31,etfs_latam__max_sharpe,160.6351747715389
2018-11-30,etfs_latam__max_sharpe,167.9949465614564
2018-12-31,etfs_latam__max_sharpe,164.49975132782475
2019-01-31,etfs_latam__max_sharpe,177.77396506290611
2019-02-28,etfs_latam__max_sharpe,176.50957372514662
2019-03-31,etfs_latam__max_sharpe,180.73149386621708
2019-04-30,etfs_latam__max_sharpe,182.39271884126467
2019-05-31,etfs_latam__max_sharpe,178.62751138889362
2019-06-30,etfs_latam__max_sharpe,186.40021974182795
2019-07-31,etfs_latam__max_sharpe,178.79274458219305
2019-08-31,etfs_latam__max_sharpe,172.1872897577292
2019-09-30,etfs_latam__max_sharpe,177.20418647383315
2019-10-31,etfs_latam__max_sharpe,165.31574388571383
2019-11-30,etfs_latam__max_sharpe,169.75050116304843
2019-12-31,etfs_latam__max_sharpe,178.25554515959254
2020-01-31,etfs_latam__max_sharpe,181.95445982770994
2020-02-29,etfs_latam__max_sharpe,172.14538077486745
2020-03-31,etfs_latam__max_sharpe,146.3178063749396
2020-04-30,etfs_latam__max_sharpe,164.8907031104882
2020-05-31,etfs_latam__max_sharpe,180.83461472715229
2020-06-30,etfs_latam__max_sharpe,191.35297838528004
2020-07-31,etfs_latam__max_sharpe,195.71121987420136
2020-08-31,etfs_latam__max_sharpe,198.3226573763345
2020-09-30,etfs_latam__max_sharpe,198.13481990738393
2020-10-31,etfs_latam__max_sharpe,205.10734782828223
2020-11-30,etfs_latam__max_sharpe,222.91333495979498
2020-12-31,etfs_latam__max_sharpe,235.9548229598458
2021-01-31,etfs_latam__max_sharpe,236.93649213963587
2021-02-28,etfs_latam__max_sharpe,246.90894463489252
2021-03-31,etfs_latam__max_sharpe,271.0240489187632
2021-04-30,etfs_latam__max_sharpe,251.00307160278987
2021-05-31,etfs_latam__max_sharpe,246.93095814632966
2021-06-30,etfs_latam__max_sharpe,234.9994603518776
2021-07-31,etfs_latam__max_sharpe,239.0035792433355
2021-08-31,etfs_latam__max_sharpe,264.9070850290512
2021-09-30,etfs_latam__max_sharpe,254.84318784218468
2021-10-31,etfs_latam__max_sharpe,259.500616273992
2021-11-30,etfs_latam__max_sharpe,244.94033814864667
2021-12-31,etfs_latam__max_sharpe,256.4064364565573
2022-01-31,etfs_latam__max_sharpe,254.28045178233324
2022-02-28,etfs_latam__max_sharpe,250.35926211085163
2022-03-31,etfs_latam__max_sharpe,255.36280668599494
2022-04-30,etfs_latam__max_sharpe,234.70007788096066
2022-05-31,etfs_latam__max_sharpe,242.61852937718254
2022-06-30,etfs_latam__max_sharpe,224.6438654649955
2022-07-31,etfs_latam__max_sharpe,241.52672680162794
2022-08-31,etfs_latam__max_sharpe,244.1967752215192
2022-09-30,etfs_latam__max_sharpe,242.8066631069698
2022-10-31,etfs_latam__max_sharpe,257.6421637215569
2022-11-30,etfs_latam__max_sharpe,275.672163785448
2022-12-31,etfs_latam__max_sharpe,277.2812237150089
2023-01-31,etfs_latam__max_sharpe,307.9164804094279
2023-02-28,etfs_latam__max_sharpe,306.5655026602811
2023-03-31,etfs_latam__max_sharpe,304.79037513828587
2023-04-30,etfs_latam__max_sharpe,298.84360539947653
2023-05-31,etfs_latam__max_sharpe,301.4337426190582
2023-06-30,etfs_latam__max_sharpe,317.69285153309534
2023-07-31,etfs_latam__max_sharpe,322.40473271358513
2023-08-31,etfs_latam__max_sharpe,319.4315341200526
2023-09-30,etfs_latam__max_sharpe,300.7374929029245
2023-10-31,etfs_latam__max_sharpe,281.1363605888238
2023-11-30,etfs_latam__max_sharpe,325.79024657021694
2023-12-31,etfs_latam__max_sharpe,340.7342980581363
2024-01-31,etfs_latam__max_sharpe,336.68046350342564
2024-02-29,etfs_latam__max_sharpe,333.9850237207869
2024-03-31,etfs_latam__max_sharpe,352.34393898311794
2024-04-30,etfs_latam__max_sharpe,363.3512693059879
2024-05-31,etfs_latam__max_sharpe,386.81034299054073
2024-06-30,etfs_latam__max_sharpe,371.90303294950337
2024-07-31,etfs_latam__max_sharpe,380.82148785320373
2024-08-31,etfs_latam__max_sharpe,394.9735475679228
2024-09-30,etfs_latam__max_sharpe,388.04868104779143
2024-10-31,etfs_latam__max_sharpe,412.10982643137004
2024-11-30,etfs_latam__max_sharpe,445.12170922838436
2024-12-31,etfs_latam__max_sharpe,450.09125900020643
2025-01-31,etfs_latam__max_sharpe,454.19051044024917
2025-02-28,etfs_latam__max_sharpe,456.8417829349431
2025-03-31,etfs_latam__max_sharpe,454.47019377287035
2025-04-30,etfs_latam__max_sharpe,476.52815244818595
2025-05-31,etfs_latam__max_sharpe,499.71275491477473
2025-06-30,etfs_latam__max_sharpe,480.7337275179685
2025-07-31,etfs_latam__max_sharpe,475.8261525183334
2025-08-31,etfs_latam__max_sharpe,477.1924446735577
2025-09-30,etfs_latam__max_sharpe,465.4166590491329
2025-10-31,etfs_latam__max_sharpe,533.4552115248966
2025-11-30,etfs_latam__max_sharpe,546.301402120873
2025-12-31,etfs_latam__max_sharpe,575.7826119275517
2026-01-31,etfs_latam__max_sharpe,596.092750065658
2026-02-28,etfs_latam__max_sharpe,580.8196477641391
2026-03-31,etfs_latam__max_sharpe,572.0389844154578
2026-04-30,etfs_latam__max_sharpe,571.8650438158713
2015-02-28,etfs_latam__min_vol,121.11558887547747
2015-03-31,etfs_latam__min_vol,133.68117119255075
2015-04-30,etfs_latam__min_vol,126.83677294451276
2015-05-31,etfs_latam__min_vol,132.4853734274819
2015-06-30,etfs_latam__min_vol,125.18464651447418
2015-07-31,etfs_latam__min_vol,128.13736493223857
2015-08-31,etfs_latam__min_vol,131.66241235276223
2015-09-30,etfs_latam__min_vol,139.25152740228822
2015-10-31,etfs_latam__min_vol,148.39049333415545
2015-11-30,etfs_latam__min_vol,141.12285367141908
2015-12-31,etfs_latam__min_vol,140.35310492097017
2016-01-31,etfs_latam__min_vol,141.47207255374593
2016-02-29,etfs_latam__min_vol,142.43352600984167
2016-03-31,etfs_latam__min_vol,140.52641178288346
2016-04-30,etfs_latam__min_vol,141.1070602923342
2016-05-31,etfs_latam__min_vol,137.38542710784373
2016-06-30,etfs_latam__min_vol,131.28548473944178
2016-07-31,etfs_latam__min_vol,135.04004605915156
2016-08-31,etfs_latam__min_vol,131.4457243529235
2016-09-30,etfs_latam__min_vol,133.81448859537392
2016-10-31,etfs_latam__min_vol,137.14508924701448
2016-11-30,etfs_latam__min_vol,136.859813325229
2016-12-31,etfs_latam__min_vol,128.9486634704472
2017-01-31,etfs_latam__min_vol,131.0152013998729
2017-02-28,etfs_latam__min_vol,133.98551295156977
2017-03-31,etfs_latam__min_vol,147.88365692402573
2017-04-30,etfs_latam__min_vol,150.0764443892658
2017-05-31,etfs_latam__min_vol,156.35547006227594
2017-06-30,etfs_latam__min_vol,159.09218481559267
2017-07-31,etfs_latam__min_vol,160.65824123744164
2017-08-31,etfs_latam__min_vol,163.0314007581686
2017-09-30,etfs_latam__min_vol,166.75333819981802
2017-10-31,etfs_latam__min_vol,171.1677273014344
2017-11-30,etfs_latam__min_vol,162.42348523272642
2017-12-31,etfs_latam__min_vol,179.7668307775037
2018-01-31,etfs_latam__min_vol,185.9177381638942
2018-02-28,etfs_latam__min_vol,181.70000800395735
2018-03-31,etfs_latam__min_vol,184.62132110452487
2018-04-30,etfs_latam__min_vol,192.08422502438216
2018-05-31,etfs_latam__min_vol,182.3780462214127
2018-06-30,etfs_latam__min_vol,183.65189098623006
2018-07-31,etfs_latam__min_vol,192.10283136062824
2018-08-31,etfs_latam__min_vol,195.8456779983233
2018-09-30,etfs_latam__min_vol,194.6161024226591
2018-10-31,etfs_latam__min_vol,160.6351747715389
2018-11-30,etfs_latam__min_vol,167.9949465614564
2018-12-31,etfs_latam__min_vol,164.49975132782475
2019-01-31,etfs_latam__min_vol,177.77396506290611
2019-02-28,etfs_latam__min_vol,176.50957372514662
2019-03-31,etfs_latam__min_vol,180.73149386621708
2019-04-30,etfs_latam__min_vol,182.39271884126467
2019-05-31,etfs_latam__min_vol,178.62751138889362
2019-06-30,etfs_latam__min_vol,186.40021974182795
2019-07-31,etfs_latam__min_vol,178.79274458219305
2019-08-31,etfs_latam__min_vol,172.1872897577292
2019-09-30,etfs_latam__min_vol,177.20418647383315
2019-10-31,etfs_latam__min_vol,165.31574388571383
2019-11-30,etfs_latam__min_vol,169.75050116304843
2019-12-31,etfs_latam__min_vol,178.25554515959254
2020-01-31,etfs_latam__min_vol,181.95445982770994
2020-02-29,etfs_latam__min_vol,172.14538077486745
2020-03-31,etfs_latam__min_vol,146.3178063749396
2020-04-30,etfs_latam__min_vol,164.8907031104882
2020-05-31,etfs_latam__min_vol,180.83461472715229
2020-06-30,etfs_latam__min_vol,191.35297838528004
2020-07-31,etfs_latam__min_vol,195.71121987420136
2020-08-31,etfs_latam__min_vol,198.3226573763345
2020-09-30,etfs_latam__min_vol,198.13481990738393
2020-10-31,etfs_latam__min_vol,205.10734782828223
2020-11-30,etfs_latam__min_vol,222.91333495979498
2020-12-31,etfs_latam__min_vol,235.9548229598458
2021-01-31,etfs_latam__min_vol,236.93649213963587
2021-02-28,etfs_latam__min_vol,246.90894463489252
2021-03-31,etfs_latam__min_vol,271.0240489187632
2021-04-30,etfs_latam__min_vol,251.00307160278987
2021-05-31,etfs_latam__min_vol,246.93095814632966
2021-06-30,etfs_latam__min_vol,234.9994603518776
2021-07-31,etfs_latam__min_vol,239.0035792433355
2021-08-31,etfs_latam__min_vol,264.9070850290512
2021-09-30,etfs_latam__min_vol,254.84318784218468
2021-10-31,etfs_latam__min_vol,259.500616273992
2021-11-30,etfs_latam__min_vol,244.94033814864667
2021-12-31,etfs_latam__min_vol,256.4064364565573
2022-01-31,etfs_latam__min_vol,254.28045178233324
2022-02-28,etfs_latam__min_vol,250.35926211085163
2022-03-31,etfs_latam__min_vol,255.36280668599494
2022-04-30,etfs_latam__min_vol,234.70007788096066
2022-05-31,etfs_latam__min_vol,242.61852937718254
2022-06-30,etfs_latam__min_vol,224.6438654649955
2022-07-31,etfs_latam__min_vol,241.52672680162794
2022-08-31,etfs_latam__min_vol,244.1967752215192
2022-09-30,etfs_latam__min_vol,242.8066631069698
2022-10-31,etfs_latam__min_vol,257.6421637215569
2022-11-30,etfs_latam__min_vol,275.672163785448
2022-12-31,etfs_latam__min_vol,277.2812237150089
2023-01-31,etfs_latam__min_vol,307.9164804094279
2023-02-28,etfs_latam__min_vol,306.5655026602811
2023-03-31,etfs_latam__min_vol,304.79037513828587
2023-04-30,etfs_latam__min_vol,298.84360539947653
2023-05-31,etfs_latam__min_vol,301.4337426190582
2023-06-30,etfs_latam__min_vol,317.69285153309534
2023-07-31,etfs_latam__min_vol,322.40473271358513
2023-08-31,etfs_latam__min_vol,319.4315341200526
2023-09-30,etfs_latam__min_vol,300.7374929029245
2023-10-31,etfs_latam__min_vol,281.1363605888238
2023-11-30,etfs_latam__min_vol,325.79024657021694
2023-12-31,etfs_latam__min_vol,340.7342980581363
2024-01-31,etfs_latam__min_vol,336.68046350342564
2024-02-29,etfs_latam__min_vol,333.9850237207869
2024-03-31,etfs_latam__min_vol,352.34393898311794
2024-04-30,etfs_latam__min_vol,363.3512693059879
2024-05-31,etfs_latam__min_vol,386.81034299054073
2024-06-30,etfs_latam__min_vol,371.90303294950337
2024-07-31,etfs_latam__min_vol,380.82148785320373
2024-08-31,etfs_latam__min_vol,394.9735475679228
2024-09-30,etfs_latam__min_vol,388.04868104779143
2024-10-31,etfs_latam__min_vol,412.10982643137004
2024-11-30,etfs_latam__min_vol,445.12170922838436
2024-12-31,etfs_latam__min_vol,450.09125900020643
2025-01-31,etfs_latam__min_vol,454.19051044024917
2025-02-28,etfs_latam__min_vol,456.8417829349431
2025-03-31,etfs_latam__min_vol,454.47019377287035
2025-04-30,etfs_latam__min_vol,476.52815244818595
2025-05-31,etfs_latam__min_vol,499.71275491477473
2025-06-30,etfs_latam__min_vol,480.7337275179685
2025-07-31,etfs_latam__min_vol,475.8261525183334
2025-08-31,etfs_latam__min_vol,477.1924446735577
2025-09-30,etfs_latam__min_vol,465.4166590491329
2025-10-31,etfs_latam__min_vol,533.4552115248966
2025-11-30,etfs_latam__min_vol,546.301402120873
2025-12-31,etfs_latam__min_vol,575.7826119275517
2026-01-31,etfs_latam__min_vol,596.092750065658
2026-02-28,etfs_latam__min_vol,580.8196477641391
2026-03-31,etfs_latam__min_vol,572.0389844154578
2026-04-30,etfs_latam__min_vol,571.8650438158713
2015-02-28,etfs_asia__max_sharpe,116.1969985694208
2015-03-31,etfs_asia__max_sharpe,129.08292501308748
2015-04-30,etfs_asia__max_sharpe,123.91876317094255
2015-05-31,etfs_asia__max_sharpe,131.29884603896826
2015-06-30,etfs_asia__max_sharpe,125.42739836513212
2015-07-31,etfs_asia__max_sharpe,130.64486311192232
2015-08-31,etfs_asia__max_sharpe,125.59521008400654
2015-09-30,etfs_asia__max_sharpe,141.1033150794662
2015-10-31,etfs_asia__max_sharpe,142.6833999017433
2015-11-30,etfs_asia__max_sharpe,139.74876492465236
2015-12-31,etfs_asia__max_sharpe,141.46033154700328
2016-01-31,etfs_asia__max_sharpe,135.88571320518017
2016-02-29,etfs_asia__max_sharpe,129.63705560054743
2016-03-31,etfs_asia__max_sharpe,129.1728423237004
2016-04-30,etfs_asia__max_sharpe,123.42959863194127
2016-05-31,etfs_asia__max_sharpe,127.07311023099379
2016-06-30,etfs_asia__max_sharpe,117.66087159645913
2016-07-31,etfs_asia__max_sharpe,126.26091729652093
2016-08-31,etfs_asia__max_sharpe,126.58968064345504
2016-09-30,etfs_asia__max_sharpe,131.21034806501015
2016-10-31,etfs_asia__max_sharpe,126.82280103573811
2016-11-30,etfs_asia__max_sharpe,132.74360878154624
2016-12-31,etfs_asia__max_sharpe,121.98837521687393
2017-01-31,etfs_asia__max_sharpe,125.20709086055565
2017-02-28,etfs_asia__max_sharpe,127.76355883282136
2017-03-31,etfs_asia__max_sharpe,133.9055185282191
2017-04-30,etfs_asia__max_sharpe,137.56471241631604
2017-05-31,etfs_asia__max_sharpe,146.32416054202514
2017-06-30,etfs_asia__max_sharpe,150.21260336874255
2017-07-31,etfs_asia__max_sharpe,150.91163377390524
2017-08-31,etfs_asia__max_sharpe,151.48141784045364
2017-09-30,etfs_asia__max_sharpe,151.7967567721
2017-10-31,etfs_asia__max_sharpe,164.66812766673445
2017-11-30,etfs_asia__max_sharpe,163.66350913924117
2017-12-31,etfs_asia__max_sharpe,170.31432614714944
2018-01-31,etfs_asia__max_sharpe,173.49222998246867
2018-02-28,etfs_asia__max_sharpe,166.86380240557702
2018-03-31,etfs_asia__max_sharpe,172.23792113598572
2018-04-30,etfs_asia__max_sharpe,178.3296835344317
2018-05-31,etfs_asia__max_sharpe,190.40172723734958
2018-06-30,etfs_asia__max_sharpe,190.11987018995288
2018-07-31,etfs_asia__max_sharpe,187.77900462684164
2018-08-31,etfs_asia__max_sharpe,206.43547206463052
2018-09-30,etfs_asia__max_sharpe,197.2787662638344
2018-10-31,etfs_asia__max_sharpe,162.14542504856618
2018-11-30,etfs_asia__max_sharpe,177.9866889514386
2018-12-31,etfs_asia__max_sharpe,173.3590881003002
2019-01-31,etfs_asia__max_sharpe,176.53321897374613
2019-02-28,etfs_asia__max_sharpe,179.8565547780447
2019-03-31,etfs_asia__max_sharpe,192.35115353125403
2019-04-30,etfs_asia__max_sharpe,197.6699460781377
2019-05-31,etfs_asia__max_sharpe,185.9527735502389
2019-06-30,etfs_asia__max_sharpe,187.7721132082037
2019-07-31,etfs_asia__max_sharpe,180.5087827444834
2019-08-31,etfs_asia__max_sharpe,192.00701418100502
2019-09-30,etfs_asia__max_sharpe,197.34112049011608
2019-10-31,etfs_asia__max_sharpe,197.74945270260818
2019-11-30,etfs_asia__max_sharpe,208.66006924602357
2019-12-31,etfs_asia__max_sharpe,210.4871627474569
2020-01-31,etfs_asia__max_sharpe,210.70468760376522
2020-02-29,etfs_asia__max_sharpe,216.28359217132692
2020-03-31,etfs_asia__max_sharpe,217.27995261771613
2020-04-30,etfs_asia__max_sharpe,241.88782341707434
2020-05-31,etfs_asia__max_sharpe,248.41639304649408
2020-06-30,etfs_asia__max_sharpe,264.1088418593454
2020-07-31,etfs_asia__max_sharpe,266.0004525314649
2020-08-31,etfs_asia__max_sharpe,291.07337289668493
2020-09-30,etfs_asia__max_sharpe,305.90882570525343
2020-10-31,etfs_asia__max_sharpe,314.21172279991947
2020-11-30,etfs_asia__max_sharpe,319.4843628951711
2020-12-31,etfs_asia__max_sharpe,333.8257651493065
2021-01-31,etfs_asia__max_sharpe,357.24208627975185
2021-02-28,etfs_asia__max_sharpe,373.23856881882375
2021-03-31,etfs_asia__max_sharpe,391.37812298500245
2021-04-30,etfs_asia__max_sharpe,366.1973146573226
2021-05-31,etfs_asia__max_sharpe,365.92061170806454
2021-06-30,etfs_asia__max_sharpe,346.3883545687118
2021-07-31,etfs_asia__max_sharpe,342.77418634891654
2021-08-31,etfs_asia__max_sharpe,354.72686406899317
2021-09-30,etfs_asia__max_sharpe,358.1142847183794
2021-10-31,etfs_asia__max_sharpe,375.05951899776653
2021-11-30,etfs_asia__max_sharpe,360.5105243728544
2021-12-31,etfs_asia__max_sharpe,366.48777048759365
2022-01-31,etfs_asia__max_sharpe,345.8406717462212
2022-02-28,etfs_asia__max_sharpe,322.42904077410503
2022-03-31,etfs_asia__max_sharpe,290.1380214180966
2022-04-30,etfs_asia__max_sharpe,282.5636339932299
2022-05-31,etfs_asia__max_sharpe,275.2193154572271
2022-06-30,etfs_asia__max_sharpe,285.7980499137719
2022-07-31,etfs_asia__max_sharpe,288.3883953409891
2022-08-31,etfs_asia__max_sharpe,278.3545767126708
2022-09-30,etfs_asia__max_sharpe,258.27720482060164
2022-10-31,etfs_asia__max_sharpe,246.2619178517115
2022-11-30,etfs_asia__max_sharpe,291.1145183196736
2022-12-31,etfs_asia__max_sharpe,286.4042863283408
2023-01-31,etfs_asia__max_sharpe,299.2350326694369
2023-02-28,etfs_asia__max_sharpe,284.6386864644654
2023-03-31,etfs_asia__max_sharpe,287.99892878992824
2023-04-30,etfs_asia__max_sharpe,280.3465808315357
2023-05-31,etfs_asia__max_sharpe,280.10983271787
2023-06-30,etfs_asia__max_sharpe,279.5216746955987
2023-07-31,etfs_asia__max_sharpe,284.6619227572447
2023-08-31,etfs_asia__max_sharpe,276.92284892454234
2023-09-30,etfs_asia__max_sharpe,276.2355323556886
2023-10-31,etfs_asia__max_sharpe,268.15801305578486
2023-11-30,etfs_asia__max_sharpe,278.63951694634625
2023-12-31,etfs_asia__max_sharpe,287.86036534624174
2024-01-31,etfs_asia__max_sharpe,280.656440693656
2024-02-29,etfs_asia__max_sharpe,295.3989500755353
2024-03-31,etfs_asia__max_sharpe,302.1777651535523
2024-04-30,etfs_asia__max_sharpe,307.32979504746913
2024-05-31,etfs_asia__max_sharpe,321.81690542280717
2024-06-30,etfs_asia__max_sharpe,345.3908095224456
2024-07-31,etfs_asia__max_sharpe,354.5853015784759
2024-08-31,etfs_asia__max_sharpe,360.6373319412005
2024-09-30,etfs_asia__max_sharpe,368.8427423310282
2024-10-31,etfs_asia__max_sharpe,375.29848716917525
2024-11-30,etfs_asia__max_sharpe,385.0715018435003
2024-12-31,etfs_asia__max_sharpe,385.2101229653274
2025-01-31,etfs_asia__max_sharpe,370.24178010178923
2025-02-28,etfs_asia__max_sharpe,375.306355902085
2025-03-31,etfs_asia__max_sharpe,370.4320551530849
2025-04-30,etfs_asia__max_sharpe,365.91332911949667
2025-05-31,etfs_asia__max_sharpe,389.57892611210826
2025-06-30,etfs_asia__max_sharpe,404.95766652812375
2025-07-31,etfs_asia__max_sharpe,415.08493339244205
2025-08-31,etfs_asia__max_sharpe,412.4376263552929
2025-09-30,etfs_asia__max_sharpe,426.3690732094294
2025-10-31,etfs_asia__max_sharpe,452.8038746664615
2025-11-30,etfs_asia__max_sharpe,444.86490605044065
2025-12-31,etfs_asia__max_sharpe,461.3189129200388
2026-01-31,etfs_asia__max_sharpe,472.7231711724204
2026-02-28,etfs_asia__max_sharpe,500.5456088005428
2026-03-31,etfs_asia__max_sharpe,467.23095334397823
2026-04-30,etfs_asia__max_sharpe,478.8702186266436
2015-02-28,etfs_asia__min_vol,116.1969985694208
2015-03-31,etfs_asia__min_vol,129.08292501308748
2015-04-30,etfs_asia__min_vol,123.91876317094255
2015-05-31,etfs_asia__min_vol,131.29884603896826
2015-06-30,etfs_asia__min_vol,125.42739836513212
2015-07-31,etfs_asia__min_vol,130.64486311192232
2015-08-31,etfs_asia__min_vol,125.59521008400654
2015-09-30,etfs_asia__min_vol,141.1033150794662
2015-10-31,etfs_asia__min_vol,142.6833999017433
2015-11-30,etfs_asia__min_vol,139.74876492465236
2015-12-31,etfs_asia__min_vol,141.46033154700328
2016-01-31,etfs_asia__min_vol,135.88571320518017
2016-02-29,etfs_asia__min_vol,129.63705560054743
2016-03-31,etfs_asia__min_vol,129.1728423237004
2016-04-30,etfs_asia__min_vol,123.42959863194127
2016-05-31,etfs_asia__min_vol,127.07311023099379
2016-06-30,etfs_asia__min_vol,117.66087159645913
2016-07-31,etfs_asia__min_vol,126.26091729652093
2016-08-31,etfs_asia__min_vol,126.58968064345504
2016-09-30,etfs_asia__min_vol,131.21034806501015
2016-10-31,etfs_asia__min_vol,126.82280103573811
2016-11-30,etfs_asia__min_vol,132.74360878154624
2016-12-31,etfs_asia__min_vol,121.98837521687393
2017-01-31,etfs_asia__min_vol,125.20709086055565
2017-02-28,etfs_asia__min_vol,127.76355883282136
2017-03-31,etfs_asia__min_vol,133.9055185282191
2017-04-30,etfs_asia__min_vol,137.56471241631604
2017-05-31,etfs_asia__min_vol,146.32416054202514
2017-06-30,etfs_asia__min_vol,150.21260336874255
2017-07-31,etfs_asia__min_vol,150.91163377390524
2017-08-31,etfs_asia__min_vol,151.48141784045364
2017-09-30,etfs_asia__min_vol,151.7967567721
2017-10-31,etfs_asia__min_vol,164.66812766673445
2017-11-30,etfs_asia__min_vol,163.66350913924117
2017-12-31,etfs_asia__min_vol,170.31432614714944
2018-01-31,etfs_asia__min_vol,173.49222998246867
2018-02-28,etfs_asia__min_vol,166.86380240557702
2018-03-31,etfs_asia__min_vol,172.23792113598572
2018-04-30,etfs_asia__min_vol,178.3296835344317
2018-05-31,etfs_asia__min_vol,190.40172723734958
2018-06-30,etfs_asia__min_vol,190.11987018995288
2018-07-31,etfs_asia__min_vol,187.77900462684164
2018-08-31,etfs_asia__min_vol,206.43547206463052
2018-09-30,etfs_asia__min_vol,197.2787662638344
2018-10-31,etfs_asia__min_vol,162.14542504856618
2018-11-30,etfs_asia__min_vol,177.9866889514386
2018-12-31,etfs_asia__min_vol,173.3590881003002
2019-01-31,etfs_asia__min_vol,176.53321897374613
2019-02-28,etfs_asia__min_vol,179.8565547780447
2019-03-31,etfs_asia__min_vol,192.35115353125403
2019-04-30,etfs_asia__min_vol,197.6699460781377
2019-05-31,etfs_asia__min_vol,185.9527735502389
2019-06-30,etfs_asia__min_vol,187.7721132082037
2019-07-31,etfs_asia__min_vol,180.5087827444834
2019-08-31,etfs_asia__min_vol,192.00701418100502
2019-09-30,etfs_asia__min_vol,197.34112049011608
2019-10-31,etfs_asia__min_vol,197.74945270260818
2019-11-30,etfs_asia__min_vol,208.66006924602357
2019-12-31,etfs_asia__min_vol,210.4871627474569
2020-01-31,etfs_asia__min_vol,210.70468760376522
2020-02-29,etfs_asia__min_vol,216.28359217132692
2020-03-31,etfs_asia__min_vol,217.27995261771613
2020-04-30,etfs_asia__min_vol,241.88782341707434
2020-05-31,etfs_asia__min_vol,248.41639304649408
2020-06-30,etfs_asia__min_vol,264.1088418593454
2020-07-31,etfs_asia__min_vol,266.0004525314649
2020-08-31,etfs_asia__min_vol,291.07337289668493
2020-09-30,etfs_asia__min_vol,305.90882570525343
2020-10-31,etfs_asia__min_vol,314.21172279991947
2020-11-30,etfs_asia__min_vol,319.4843628951711
2020-12-31,etfs_asia__min_vol,333.8257651493065
2021-01-31,etfs_asia__min_vol,357.24208627975185
2021-02-28,etfs_asia__min_vol,373.23856881882375
2021-03-31,etfs_asia__min_vol,391.37812298500245
2021-04-30,etfs_asia__min_vol,366.1973146573226
2021-05-31,etfs_asia__min_vol,365.92061170806454
2021-06-30,etfs_asia__min_vol,346.3883545687118
2021-07-31,etfs_asia__min_vol,342.77418634891654
2021-08-31,etfs_asia__min_vol,354.72686406899317
2021-09-30,etfs_asia__min_vol,358.1142847183794
2021-10-31,etfs_asia__min_vol,375.05951899776653
2021-11-30,etfs_asia__min_vol,360.5105243728544
2021-12-31,etfs_asia__min_vol,366.48777048759365
2022-01-31,etfs_asia__min_vol,345.8406717462212
2022-02-28,etfs_asia__min_vol,322.42904077410503
2022-03-31,etfs_asia__min_vol,290.1380214180966
2022-04-30,etfs_asia__min_vol,282.5636339932299
2022-05-31,etfs_asia__min_vol,275.2193154572271
2022-06-30,etfs_asia__min_vol,285.7980499137719
2022-07-31,etfs_asia__min_vol,288.3883953409891
2022-08-31,etfs_asia__min_vol,278.3545767126708
2022-09-30,etfs_asia__min_vol,258.27720482060164
2022-10-31,etfs_asia__min_vol,246.2619178517115
2022-11-30,etfs_asia__min_vol,291.1145183196736
2022-12-31,etfs_asia__min_vol,286.4042863283408
2023-01-31,etfs_asia__min_vol,299.2350326694369
2023-02-28,etfs_asia__min_vol,284.6386864644654
2023-03-31,etfs_asia__min_vol,287.99892878992824
2023-04-30,etfs_asia__min_vol,280.3465808315357
2023-05-31,etfs_asia__min_vol,280.10983271787
2023-06-30,etfs_asia__min_vol,279.5216746955987
2023-07-31,etfs_asia__min_vol,284.6619227572447
2023-08-31,etfs_asia__min_vol,276.92284892454234
2023-09-30,etfs_asia__min_vol,276.2355323556886
2023-10-31,etfs_asia__min_vol,268.15801305578486
2023-11-30,etfs_asia__min_vol,278.63951694634625
2023-12-31,etfs_asia__min_vol,287.86036534624174
2024-01-31,etfs_asia__min_vol,280.656440693656
2024-02-29,etfs_asia__min_vol,295.3989500755353
2024-03-31,etfs_asia__min_vol,302.1777651535523
2024-04-30,etfs_asia__min_vol,307.32979504746913
2024-05-31,etfs_asia__min_vol,321.81690542280717
2024-06-30,etfs_asia__min_vol,345.3908095224456
2024-07-31,etfs_asia__min_vol,354.5853015784759
2024-08-31,etfs_asia__min_vol,360.6373319412005
2024-09-30,etfs_asia__min_vol,368.8427423310282
2024-10-31,etfs_asia__min_vol,375.29848716917525
2024-11-30,etfs_asia__min_vol,385.0715018435003
2024-12-31,etfs_asia__min_vol,385.2101229653274
2025-01-31,etfs_asia__min_vol,370.24178010178923
2025-02-28,etfs_asia__min_vol,375.306355902085
2025-03-31,etfs_asia__min_vol,370.4320551530849
2025-04-30,etfs_asia__min_vol,365.91332911949667
2025-05-31,etfs_asia__min_vol,389.57892611210826
2025-06-30,etfs_asia__min_vol,404.95766652812375
2025-07-31,etfs_asia__min_vol,415.08493339244205
2025-08-31,etfs_asia__min_vol,412.4376263552929
2025-09-30,etfs_asia__min_vol,426.3690732094294
2025-10-31,etfs_asia__min_vol,452.8038746664615
2025-11-30,etfs_asia__min_vol,444.86490605044065
2025-12-31,etfs_asia__min_vol,461.3189129200388
2026-01-31,etfs_asia__min_vol,472.7231711724204
2026-02-28,etfs_asia__min_vol,500.5456088005428
2026-03-31,etfs_asia__min_vol,467.23095334397823
2026-04-30,etfs_asia__min_vol,478.8702186266436
2015-02-28,etfs_europa__max_sharpe,118.49355999231
2015-03-31,etfs_europa__max_sharpe,128.84906277117233
2015-04-30,etfs_europa__max_sharpe,121.07280558593835
2015-05-31,etfs_europa__max_sharpe,128.39088188710912
2015-06-30,etfs_europa__max_sharpe,123.01081283310793
2015-07-31,etfs_europa__max_sharpe,135.89680574923818
2015-08-31,etfs_europa__max_sharpe,133.55826871795793
2015-09-30,etfs_europa__max_sharpe,143.6494004879831
2015-10-31,etfs_europa__max_sharpe,147.2770880357103
2015-11-30,etfs_europa__max_sharpe,145.9200462926033
2015-12-31,etfs_europa__max_sharpe,144.1221603177145
2016-01-31,etfs_europa__max_sharpe,139.23462427761712
2016-02-29,etfs_europa__max_sharpe,130.56946030164062
2016-03-31,etfs_europa__max_sharpe,127.56051029107078
2016-04-30,etfs_europa__max_sharpe,126.96139885602007
2016-05-31,etfs_europa__max_sharpe,128.89240535376172
2016-06-30,etfs_europa__max_sharpe,111.95683806436972
2016-07-31,etfs_europa__max_sharpe,118.27065757233235
2016-08-31,etfs_europa__max_sharpe,118.25222909297031
2016-09-30,etfs_europa__max_sharpe,119.39581769538117
2016-10-31,etfs_europa__max_sharpe,114.50010975970312
2016-11-30,etfs_europa__max_sharpe,120.32506531131344
2016-12-31,etfs_europa__max_sharpe,119.78529174942332
2017-01-31,etfs_europa__max_sharpe,118.20012015089712
2017-02-28,etfs_europa__max_sharpe,118.2185878462709
2017-03-31,etfs_europa__max_sharpe,125.02644398011707
2017-04-30,etfs_europa__max_sharpe,130.1420026714879
2017-05-31,etfs_europa__max_sharpe,139.252144104319
2017-06-30,etfs_europa__max_sharpe,139.75822478658554
2017-07-31,etfs_europa__max_sharpe,137.63904087512532
2017-08-31,etfs_europa__max_sharpe,136.5777936697146
2017-09-30,etfs_europa__max_sharpe,143.25985679299455
2017-10-31,etfs_europa__max_sharpe,149.80171607260843
2017-11-30,etfs_europa__max_sharpe,147.7544508394189
2017-12-31,etfs_europa__max_sharpe,152.010374096947
2018-01-31,etfs_europa__max_sharpe,154.10364170188646
2018-02-28,etfs_europa__max_sharpe,146.45947249679446
2018-03-31,etfs_europa__max_sharpe,148.9157096897707
2018-04-30,etfs_europa__max_sharpe,159.76092035043575
2018-05-31,etfs_europa__max_sharpe,167.4196219012019
2018-06-30,etfs_europa__max_sharpe,170.58040396790807
2018-07-31,etfs_europa__max_sharpe,170.12359795404626
2018-08-31,etfs_europa__max_sharpe,181.65412020517405
2018-09-30,etfs_europa__max_sharpe,175.73832672618505
2018-10-31,etfs_europa__max_sharpe,149.2544135147422
2018-11-30,etfs_europa__max_sharpe,154.08437116141928
2018-12-31,etfs_europa__max_sharpe,147.29426357517605
2019-01-31,etfs_europa__max_sharpe,148.79265669784598
2019-02-28,etfs_europa__max_sharpe,155.00698892217432
2019-03-31,etfs_europa__max_sharpe,162.42994194932672
2019-04-30,etfs_europa__max_sharpe,172.3938694681825
2019-05-31,etfs_europa__max_sharpe,163.21442093061555
2019-06-30,etfs_europa__max_sharpe,166.6350402942093
2019-07-31,etfs_europa__max_sharpe,160.06323969975486
2019-08-31,etfs_europa__max_sharpe,171.80981696569683
2019-09-30,etfs_europa__max_sharpe,176.60935856408054
2019-10-31,etfs_europa__max_sharpe,176.9036682401365
2019-11-30,etfs_europa__max_sharpe,188.3373726386034
2019-12-31,etfs_europa__max_sharpe,186.57875405739355
2020-01-31,etfs_europa__max_sharpe,189.62263739506236
2020-02-29,etfs_europa__max_sharpe,182.8692061435329
2020-03-31,etfs_europa__max_sharpe,173.46623232878366
2020-04-30,etfs_europa__max_sharpe,190.56925288094558
2020-05-31,etfs_europa__max_sharpe,205.0227925653738
2020-06-30,etfs_europa__max_sharpe,215.5232882590333
2020-07-31,etfs_europa__max_sharpe,210.92320805739345
2020-08-31,etfs_europa__max_sharpe,230.53222509508174
2020-09-30,etfs_europa__max_sharpe,231.45245967734058
2020-10-31,etfs_europa__max_sharpe,220.1788347393423
2020-11-30,etfs_europa__max_sharpe,239.18960926182245
2020-12-31,etfs_europa__max_sharpe,243.37826861158965
2021-01-31,etfs_europa__max_sharpe,251.97811376365874
2021-02-28,etfs_europa__max_sharpe,264.6062309174235
2021-03-31,etfs_europa__max_sharpe,287.6737784283394
2021-04-30,etfs_europa__max_sharpe,276.46956867969806
2021-05-31,etfs_europa__max_sharpe,282.08271391760746
2021-06-30,etfs_europa__max_sharpe,261.72597945508477
2021-07-31,etfs_europa__max_sharpe,268.7656179197688
2021-08-31,etfs_europa__max_sharpe,277.7082448968486
2021-09-30,etfs_europa__max_sharpe,277.0450525455084
2021-10-31,etfs_europa__max_sharpe,300.8295665613769
2021-11-30,etfs_europa__max_sharpe,281.6459527572876
2021-12-31,etfs_europa__max_sharpe,294.81251570352697
2022-01-31,etfs_europa__max_sharpe,281.04693359400915
2022-02-28,etfs_europa__max_sharpe,253.94530012925438
2022-03-31,etfs_europa__max_sharpe,232.33385513248172
2022-04-30,etfs_europa__max_sharpe,224.3920857818408
2022-05-31,etfs_europa__max_sharpe,225.14353088340172
2022-06-30,etfs_europa__max_sharpe,219.14856359313458
2022-07-31,etfs_europa__max_sharpe,226.92280473805835
2022-08-31,etfs_europa__max_sharpe,208.47886935987344
2022-09-30,etfs_europa__max_sharpe,199.43302681322092
2022-10-31,etfs_europa__max_sharpe,214.3007617353256
2022-11-30,etfs_europa__max_sharpe,245.97930124070174
2022-12-31,etfs_europa__max_sharpe,241.14614350000448
2023-01-31,etfs_europa__max_sharpe,258.4126460913077
2023-02-28,etfs_europa__max_sharpe,258.1675256938184
2023-03-31,etfs_europa__max_sharpe,260.7342248939947
2023-04-30,etfs_europa__max_sharpe,264.6864573234779
2023-05-31,etfs_europa__max_sharpe,253.72813769507383
2023-06-30,etfs_europa__max_sharpe,256.80128200865033
2023-07-31,etfs_europa__max_sharpe,256.3369211867123
2023-08-31,etfs_europa__max_sharpe,253.01533604708172
2023-09-30,etfs_europa__max_sharpe,249.38304909645944
2023-10-31,etfs_europa__max_sharpe,242.08799526171885
2023-11-30,etfs_europa__max_sharpe,258.9241259161478
2023-12-31,etfs_europa__max_sharpe,267.7669797533356
2024-01-31,etfs_europa__max_sharpe,269.7581603180681
2024-02-29,etfs_europa__max_sharpe,281.84081921629587
2024-03-31,etfs_europa__max_sharpe,294.38334156682726
2024-04-30,etfs_europa__max_sharpe,295.28536265695794
2024-05-31,etfs_europa__max_sharpe,314.9390831751752
2024-06-30,etfs_europa__max_sharpe,324.4391156620263
2024-07-31,etfs_europa__max_sharpe,337.71032938743997
2024-08-31,etfs_europa__max_sharpe,353.1621243805716
2024-09-30,etfs_europa__max_sharpe,346.5321248054836
2024-10-31,etfs_europa__max_sharpe,349.0484679539767
2024-11-30,etfs_europa__max_sharpe,360.8953303386752
2024-12-31,etfs_europa__max_sharpe,364.23418339602745
2025-01-31,etfs_europa__max_sharpe,371.8839705969449
2025-02-28,etfs_europa__max_sharpe,384.2941982590422
2025-03-31,etfs_europa__max_sharpe,385.12358712109653
2025-04-30,etfs_europa__max_sharpe,390.3742676960415
2025-05-31,etfs_europa__max_sharpe,414.86609329945236
2025-06-30,etfs_europa__max_sharpe,410.30780436935873
2025-07-31,etfs_europa__max_sharpe,409.73745454218556
2025-08-31,etfs_europa__max_sharpe,410.0731976509274
2025-09-30,etfs_europa__max_sharpe,409.30053643047614
2025-10-31,etfs_europa__max_sharpe,414.1211043577428
2025-11-30,etfs_europa__max_sharpe,415.57934584166435
2025-12-31,etfs_europa__max_sharpe,440.0371512830902
2026-01-31,etfs_europa__max_sharpe,431.0621149881052
2026-02-28,etfs_europa__max_sharpe,442.241647917319
2026-03-31,etfs_europa__max_sharpe,413.5683696494739
2026-04-30,etfs_europa__max_sharpe,416.5553940897853
2015-02-28,etfs_europa__min_vol,118.49355999231
2015-03-31,etfs_europa__min_vol,128.84906277117233
2015-04-30,etfs_europa__min_vol,121.07280558593835
2015-05-31,etfs_europa__min_vol,128.39088188710912
2015-06-30,etfs_europa__min_vol,123.01081283310793
2015-07-31,etfs_europa__min_vol,135.89680574923818
2015-08-31,etfs_europa__min_vol,133.55826871795793
2015-09-30,etfs_europa__min_vol,143.6494004879831
2015-10-31,etfs_europa__min_vol,147.2770880357103
2015-11-30,etfs_europa__min_vol,145.9200462926033
2015-12-31,etfs_europa__min_vol,144.1221603177145
2016-01-31,etfs_europa__min_vol,139.23462427761712
2016-02-29,etfs_europa__min_vol,130.56946030164062
2016-03-31,etfs_europa__min_vol,127.56051029107078
2016-04-30,etfs_europa__min_vol,126.96139885602007
2016-05-31,etfs_europa__min_vol,128.89240535376172
2016-06-30,etfs_europa__min_vol,111.95683806436972
2016-07-31,etfs_europa__min_vol,118.27065757233235
2016-08-31,etfs_europa__min_vol,118.25222909297031
2016-09-30,etfs_europa__min_vol,119.39581769538117
2016-10-31,etfs_europa__min_vol,114.50010975970312
2016-11-30,etfs_europa__min_vol,120.32506531131344
2016-12-31,etfs_europa__min_vol,119.78529174942332
2017-01-31,etfs_europa__min_vol,118.20012015089712
2017-02-28,etfs_europa__min_vol,118.2185878462709
2017-03-31,etfs_europa__min_vol,125.02644398011707
2017-04-30,etfs_europa__min_vol,130.1420026714879
2017-05-31,etfs_europa__min_vol,139.252144104319
2017-06-30,etfs_europa__min_vol,139.75822478658554
2017-07-31,etfs_europa__min_vol,137.63904087512532
2017-08-31,etfs_europa__min_vol,136.5777936697146
2017-09-30,etfs_europa__min_vol,143.25985679299455
2017-10-31,etfs_europa__min_vol,149.80171607260843
2017-11-30,etfs_europa__min_vol,147.7544508394189
2017-12-31,etfs_europa__min_vol,152.010374096947
2018-01-31,etfs_europa__min_vol,154.10364170188646
2018-02-28,etfs_europa__min_vol,146.45947249679446
2018-03-31,etfs_europa__min_vol,148.9157096897707
2018-04-30,etfs_europa__min_vol,159.76092035043575
2018-05-31,etfs_europa__min_vol,167.4196219012019
2018-06-30,etfs_europa__min_vol,170.58040396790807
2018-07-31,etfs_europa__min_vol,170.12359795404626
2018-08-31,etfs_europa__min_vol,181.65412020517405
2018-09-30,etfs_europa__min_vol,175.73832672618505
2018-10-31,etfs_europa__min_vol,149.2544135147422
2018-11-30,etfs_europa__min_vol,154.08437116141928
2018-12-31,etfs_europa__min_vol,147.29426357517605
2019-01-31,etfs_europa__min_vol,148.79265669784598
2019-02-28,etfs_europa__min_vol,155.00698892217432
2019-03-31,etfs_europa__min_vol,162.42994194932672
2019-04-30,etfs_europa__min_vol,172.3938694681825
2019-05-31,etfs_europa__min_vol,163.21442093061555
2019-06-30,etfs_europa__min_vol,166.6350402942093
2019-07-31,etfs_europa__min_vol,160.06323969975486
2019-08-31,etfs_europa__min_vol,171.80981696569683
2019-09-30,etfs_europa__min_vol,176.60935856408054
2019-10-31,etfs_europa__min_vol,176.9036682401365
2019-11-30,etfs_europa__min_vol,188.3373726386034
2019-12-31,etfs_europa__min_vol,186.57875405739355
2020-01-31,etfs_europa__min_vol,189.62263739506236
2020-02-29,etfs_europa__min_vol,182.8692061435329
2020-03-31,etfs_europa__min_vol,173.46623232878366
2020-04-30,etfs_europa__min_vol,190.56925288094558
2020-05-31,etfs_europa__min_vol,205.0227925653738
2020-06-30,etfs_europa__min_vol,215.5232882590333
2020-07-31,etfs_europa__min_vol,210.92320805739345
2020-08-31,etfs_europa__min_vol,230.53222509508174
2020-09-30,etfs_europa__min_vol,231.45245967734058
2020-10-31,etfs_europa__min_vol,220.1788347393423
2020-11-30,etfs_europa__min_vol,239.18960926182245
2020-12-31,etfs_europa__min_vol,243.37826861158965
2021-01-31,etfs_europa__min_vol,251.97811376365874
2021-02-28,etfs_europa__min_vol,264.6062309174235
2021-03-31,etfs_europa__min_vol,287.6737784283394
2021-04-30,etfs_europa__min_vol,276.46956867969806
2021-05-31,etfs_europa__min_vol,282.08271391760746
2021-06-30,etfs_europa__min_vol,261.72597945508477
2021-07-31,etfs_europa__min_vol,268.7656179197688
2021-08-31,etfs_europa__min_vol,277.7082448968486
2021-09-30,etfs_europa__min_vol,277.0450525455084
2021-10-31,etfs_europa__min_vol,300.8295665613769
2021-11-30,etfs_europa__min_vol,281.6459527572876
2021-12-31,etfs_europa__min_vol,294.81251570352697
2022-01-31,etfs_europa__min_vol,281.04693359400915
2022-02-28,etfs_europa__min_vol,253.94530012925438
2022-03-31,etfs_europa__min_vol,232.33385513248172
2022-04-30,etfs_europa__min_vol,224.3920857818408
2022-05-31,etfs_europa__min_vol,225.14353088340172
2022-06-30,etfs_europa__min_vol,219.14856359313458
2022-07-31,etfs_europa__min_vol,226.92280473805835
2022-08-31,etfs_europa__min_vol,208.47886935987344
2022-09-30,etfs_europa__min_vol,199.43302681322092
2022-10-31,etfs_europa__min_vol,214.3007617353256
2022-11-30,etfs_europa__min_vol,245.97930124070174
2022-12-31,etfs_europa__min_vol,241.14614350000448
2023-01-31,etfs_europa__min_vol,258.4126460913077
2023-02-28,etfs_europa__min_vol,258.1675256938184
2023-03-31,etfs_europa__min_vol,260.7342248939947
2023-04-30,etfs_europa__min_vol,264.6864573234779
2023-05-31,etfs_europa__min_vol,253.72813769507383
2023-06-30,etfs_europa__min_vol,256.80128200865033
2023-07-31,etfs_europa__min_vol,256.3369211867123
2023-08-31,etfs_europa__min_vol,253.01533604708172
2023-09-30,etfs_europa__min_vol,249.38304909645944
2023-10-31,etfs_europa__min_vol,242.08799526171885
2023-11-30,etfs_europa__min_vol,258.9241259161478
2023-12-31,etfs_europa__min_vol,267.7669797533356
2024-01-31,etfs_europa__min_vol,269.7581603180681
2024-02-29,etfs_europa__min_vol,281.84081921629587
2024-03-31,etfs_europa__min_vol,294.38334156682726
2024-04-30,etfs_europa__min_vol,295.28536265695794
2024-05-31,etfs_europa__min_vol,314.9390831751752
2024-06-30,etfs_europa__min_vol,324.4391156620263
2024-07-31,etfs_europa__min_vol,337.71032938743997
2024-08-31,etfs_europa__min_vol,353.1621243805716
2024-09-30,etfs_europa__min_vol,346.5321248054836
2024-10-31,etfs_europa__min_vol,349.0484679539767
2024-11-30,etfs_europa__min_vol,360.8953303386752
2024-12-31,etfs_europa__min_vol,364.23418339602745
2025-01-31,etfs_europa__min_vol,371.8839705969449
2025-02-28,etfs_europa__min_vol,384.2941982590422
2025-03-31,etfs_europa__min_vol,385.12358712109653
2025-04-30,etfs_europa__min_vol,390.3742676960415
2025-05-31,etfs_europa__min_vol,414.86609329945236
2025-06-30,etfs_europa__min_vol,410.30780436935873
2025-07-31,etfs_europa__min_vol,409.73745454218556
2025-08-31,etfs_europa__min_vol,410.0731976509274
2025-09-30,etfs_europa__min_vol,409.30053643047614
2025-10-31,etfs_europa__min_vol,414.1211043577428
2025-11-30,etfs_europa__min_vol,415.57934584166435
2025-12-31,etfs_europa__min_vol,440.0371512830902
2026-01-31,etfs_europa__min_vol,431.0621149881052
2026-02-28,etfs_europa__min_vol,442.241647917319
2026-03-31,etfs_europa__min_vol,413.5683696494739
2026-04-30,etfs_europa__min_vol,416.5553940897853
2015-02-28,etfs_oceania__max_sharpe,119.68511297194586
2015-03-31,etfs_oceania__max_sharpe,129.16467466495166
2015-04-30,etfs_oceania__max_sharpe,120.13456757373953
2015-05-31,etfs_oceania__max_sharpe,122.50433590901177
2015-06-30,etfs_oceania__max_sharpe,114.09569185755267
2015-07-31,etfs_oceania__max_sharpe,123.46259476454607
2015-08-31,etfs_oceania__max_sharpe,119.00253855828228
2015-09-30,etfs_oceania__max_sharpe,131.68024543815653
2015-10-31,etfs_oceania__max_sharpe,136.8657117405257
2015-11-30,etfs_oceania__max_sharpe,136.2901149073105
2015-12-31,etfs_oceania__max_sharpe,146.64365853163687
2016-01-31,etfs_oceania__max_sharpe,140.63852713455748
2016-02-29,etfs_oceania__max_sharpe,137.77392612048422
2016-03-31,etfs_oceania__max_sharpe,140.98832521461546
2016-04-30,etfs_oceania__max_sharpe,139.7228003760791
2016-05-31,etfs_oceania__max_sharpe,141.77621802479257
2016-06-30,etfs_oceania__max_sharpe,132.04567888994902
2016-07-31,etfs_oceania__max_sharpe,144.23550453550573
2016-08-31,etfs_oceania__max_sharpe,140.4308618177777
2016-09-30,etfs_oceania__max_sharpe,143.8301152554767
2016-10-31,etfs_oceania__max_sharpe,133.27968803760695
2016-11-30,etfs_oceania__max_sharpe,143.18914366927402
2016-12-31,etfs_oceania__max_sharpe,134.1138466107128
2017-01-31,etfs_oceania__max_sharpe,138.1687168471122
2017-02-28,etfs_oceania__max_sharpe,139.04904926366603
2017-03-31,etfs_oceania__max_sharpe,141.56376573616564
2017-04-30,etfs_oceania__max_sharpe,143.2012546047099
2017-05-31,etfs_oceania__max_sharpe,146.11907322976802
2017-06-30,etfs_oceania__max_sharpe,155.45971219126233
2017-07-31,etfs_oceania__max_sharpe,155.32555750395264
2017-08-31,etfs_oceania__max_sharpe,152.53014295190872
2017-09-30,etfs_oceania__max_sharpe,153.75889442742945
2017-10-31,etfs_oceania__max_sharpe,157.20911852427145
2017-11-30,etfs_oceania__max_sharpe,155.33077888825403
2017-12-31,etfs_oceania__max_sharpe,166.85982744529073
2018-01-31,etfs_oceania__max_sharpe,165.93101453882346
2018-02-28,etfs_oceania__max_sharpe,163.75260539136008
2018-03-31,etfs_oceania__max_sharpe,165.39490868719017
2018-04-30,etfs_oceania__max_sharpe,170.75173390875688
2018-05-31,etfs_oceania__max_sharpe,187.79652103778056
2018-06-30,etfs_oceania__max_sharpe,197.49800546746079
2018-07-31,etfs_oceania__max_sharpe,191.9240309577335
2018-08-31,etfs_oceania__max_sharpe,213.29368799382866
2018-09-30,etfs_oceania__max_sharpe,203.6276533883182
2018-10-31,etfs_oceania__max_sharpe,174.74759743230618
2018-11-30,etfs_oceania__max_sharpe,188.99758059736465
2018-12-31,etfs_oceania__max_sharpe,183.63185930976854
2019-01-31,etfs_oceania__max_sharpe,185.45794675363533
2019-02-28,etfs_oceania__max_sharpe,192.5391681481396
2019-03-31,etfs_oceania__max_sharpe,208.28005096801155
2019-04-30,etfs_oceania__max_sharpe,212.0751024467327
2019-05-31,etfs_oceania__max_sharpe,211.62709420952584
2019-06-30,etfs_oceania__max_sharpe,214.60995301685045
2019-07-31,etfs_oceania__max_sharpe,214.46998020890584
2019-08-31,etfs_oceania__max_sharpe,225.99274461574015
2019-09-30,etfs_oceania__max_sharpe,229.01494691344925
2019-10-31,etfs_oceania__max_sharpe,222.27304608717532
2019-11-30,etfs_oceania__max_sharpe,242.64499512179114
2019-12-31,etfs_oceania__max_sharpe,240.48923204222334
2020-01-31,etfs_oceania__max_sharpe,248.423600143546
2020-02-29,etfs_oceania__max_sharpe,242.3132657051765
2020-03-31,etfs_oceania__max_sharpe,226.60595017818653
2020-04-30,etfs_oceania__max_sharpe,254.72480312881197
2020-05-31,etfs_oceania__max_sharpe,272.91659827955897
2020-06-30,etfs_oceania__max_sharpe,299.28784597131005
2020-07-31,etfs_oceania__max_sharpe,295.4936158987356
2020-08-31,etfs_oceania__max_sharpe,320.77858392031516
2020-09-30,etfs_oceania__max_sharpe,317.9821023723576
2020-10-31,etfs_oceania__max_sharpe,331.90332796664876
2020-11-30,etfs_oceania__max_sharpe,348.04215038073283
2020-12-31,etfs_oceania__max_sharpe,354.97576724634314
2021-01-31,etfs_oceania__max_sharpe,369.3136815781925
2021-02-28,etfs_oceania__max_sharpe,367.10020849749753
2021-03-31,etfs_oceania__max_sharpe,384.6370714963443
2021-04-30,etfs_oceania__max_sharpe,370.0499658531319
2021-05-31,etfs_oceania__max_sharpe,361.0061291457469
2021-06-30,etfs_oceania__max_sharpe,337.9735771937573
2021-07-31,etfs_oceania__max_sharpe,344.32052704035357
2021-08-31,etfs_oceania__max_sharpe,361.0364963755914
2021-09-30,etfs_oceania__max_sharpe,364.10016939043544
2021-10-31,etfs_oceania__max_sharpe,398.5730746014024
2021-11-30,etfs_oceania__max_sharpe,364.4324397959598
2021-12-31,etfs_oceania__max_sharpe,375.33069502557413
2022-01-31,etfs_oceania__max_sharpe,325.7206605561657
2022-02-28,etfs_oceania__max_sharpe,328.94271519345085
2022-03-31,etfs_oceania__max_sharpe,320.8487539648854
2022-04-30,etfs_oceania__max_sharpe,305.28545369699305
2022-05-31,etfs_oceania__max_sharpe,289.686227848304
2022-06-30,etfs_oceania__max_sharpe,286.9289423698051
2022-07-31,etfs_oceania__max_sharpe,309.0234425172447
2022-08-31,etfs_oceania__max_sharpe,295.2532635058695
2022-09-30,etfs_oceania__max_sharpe,276.5427370686509
2022-10-31,etfs_oceania__max_sharpe,286.6172893927295
2022-11-30,etfs_oceania__max_sharpe,322.8714914694959
2022-12-31,etfs_oceania__max_sharpe,316.82842943706225
2023-01-31,etfs_oceania__max_sharpe,336.10045960836544
2023-02-28,etfs_oceania__max_sharpe,317.64494217980626
2023-03-31,etfs_oceania__max_sharpe,314.63061507565294
2023-04-30,etfs_oceania__max_sharpe,308.74254736820524
2023-05-31,etfs_oceania__max_sharpe,296.79766406333044
2023-06-30,etfs_oceania__max_sharpe,298.79601488181436
2023-07-31,etfs_oceania__max_sharpe,298.9013359805054
2023-08-31,etfs_oceania__max_sharpe,287.07157419137036
2023-09-30,etfs_oceania__max_sharpe,287.7269266475546
2023-10-31,etfs_oceania__max_sharpe,274.6932234609305
2023-11-30,etfs_oceania__max_sharpe,293.5158588381485
2023-12-31,etfs_oceania__max_sharpe,315.0948867374922
2024-01-31,etfs_oceania__max_sharpe,308.71851984890793
2024-02-29,etfs_oceania__max_sharpe,308.3488153468748
2024-03-31,etfs_oceania__max_sharpe,316.1157659252503
2024-04-30,etfs_oceania__max_sharpe,311.22666852383935
2024-05-31,etfs_oceania__max_sharpe,333.67412400987916
2024-06-30,etfs_oceania__max_sharpe,351.42848031590665
2024-07-31,etfs_oceania__max_sharpe,366.33292637990655
2024-08-31,etfs_oceania__max_sharpe,385.151908691936
2024-09-30,etfs_oceania__max_sharpe,381.3938944559744
2024-10-31,etfs_oceania__max_sharpe,382.3213440840688
2024-11-30,etfs_oceania__max_sharpe,414.2759470525295
2024-12-31,etfs_oceania__max_sharpe,394.9505198642353
2025-01-31,etfs_oceania__max_sharpe,380.5423913803272
2025-02-28,etfs_oceania__max_sharpe,362.583556650689
2025-03-31,etfs_oceania__max_sharpe,352.23755019714207
2025-04-30,etfs_oceania__max_sharpe,354.97470385706646
2025-05-31,etfs_oceania__max_sharpe,373.56473402420016
2025-06-30,etfs_oceania__max_sharpe,374.4116833373574
2025-07-31,etfs_oceania__max_sharpe,376.53015184187285
2025-08-31,etfs_oceania__max_sharpe,372.23786221800117
2025-09-30,etfs_oceania__max_sharpe,369.7832579032908
2025-10-31,etfs_oceania__max_sharpe,372.21755252719254
2025-11-30,etfs_oceania__max_sharpe,362.96433778975967
2025-12-31,etfs_oceania__max_sharpe,377.6854734921938
2026-01-31,etfs_oceania__max_sharpe,375.15160276213663
2026-02-28,etfs_oceania__max_sharpe,389.141794166906
2026-03-31,etfs_oceania__max_sharpe,363.06925010333487
2026-04-30,etfs_oceania__max_sharpe,368.9873318576469
2015-02-28,etfs_oceania__min_vol,119.68511297194586
2015-03-31,etfs_oceania__min_vol,129.16467466495166
2015-04-30,etfs_oceania__min_vol,120.13456757373953
2015-05-31,etfs_oceania__min_vol,122.50433590901177
2015-06-30,etfs_oceania__min_vol,114.09569185755267
2015-07-31,etfs_oceania__min_vol,123.46259476454607
2015-08-31,etfs_oceania__min_vol,119.00253855828228
2015-09-30,etfs_oceania__min_vol,131.68024543815653
2015-10-31,etfs_oceania__min_vol,136.8657117405257
2015-11-30,etfs_oceania__min_vol,136.2901149073105
2015-12-31,etfs_oceania__min_vol,146.64365853163687
2016-01-31,etfs_oceania__min_vol,140.63852713455748
2016-02-29,etfs_oceania__min_vol,137.77392612048422
2016-03-31,etfs_oceania__min_vol,140.98832521461546
2016-04-30,etfs_oceania__min_vol,139.7228003760791
2016-05-31,etfs_oceania__min_vol,141.77621802479257
2016-06-30,etfs_oceania__min_vol,132.04567888994902
2016-07-31,etfs_oceania__min_vol,144.23550453550573
2016-08-31,etfs_oceania__min_vol,140.4308618177777
2016-09-30,etfs_oceania__min_vol,143.8301152554767
2016-10-31,etfs_oceania__min_vol,133.27968803760695
2016-11-30,etfs_oceania__min_vol,143.18914366927402
2016-12-31,etfs_oceania__min_vol,134.1138466107128
2017-01-31,etfs_oceania__min_vol,138.1687168471122
2017-02-28,etfs_oceania__min_vol,139.04904926366603
2017-03-31,etfs_oceania__min_vol,141.56376573616564
2017-04-30,etfs_oceania__min_vol,143.2012546047099
2017-05-31,etfs_oceania__min_vol,146.11907322976802
2017-06-30,etfs_oceania__min_vol,155.45971219126233
2017-07-31,etfs_oceania__min_vol,155.32555750395264
2017-08-31,etfs_oceania__min_vol,152.53014295190872
2017-09-30,etfs_oceania__min_vol,153.75889442742945
2017-10-31,etfs_oceania__min_vol,157.20911852427145
2017-11-30,etfs_oceania__min_vol,155.33077888825403
2017-12-31,etfs_oceania__min_vol,166.85982744529073
2018-01-31,etfs_oceania__min_vol,165.93101453882346
2018-02-28,etfs_oceania__min_vol,163.75260539136008
2018-03-31,etfs_oceania__min_vol,165.39490868719017
2018-04-30,etfs_oceania__min_vol,170.75173390875688
2018-05-31,etfs_oceania__min_vol,187.79652103778056
2018-06-30,etfs_oceania__min_vol,197.49800546746079
2018-07-31,etfs_oceania__min_vol,191.9240309577335
2018-08-31,etfs_oceania__min_vol,213.29368799382866
2018-09-30,etfs_oceania__min_vol,203.6276533883182
2018-10-31,etfs_oceania__min_vol,174.74759743230618
2018-11-30,etfs_oceania__min_vol,188.99758059736465
2018-12-31,etfs_oceania__min_vol,183.63185930976854
2019-01-31,etfs_oceania__min_vol,185.45794675363533
2019-02-28,etfs_oceania__min_vol,192.5391681481396
2019-03-31,etfs_oceania__min_vol,208.28005096801155
2019-04-30,etfs_oceania__min_vol,212.0751024467327
2019-05-31,etfs_oceania__min_vol,211.62709420952584
2019-06-30,etfs_oceania__min_vol,214.60995301685045
2019-07-31,etfs_oceania__min_vol,214.46998020890584
2019-08-31,etfs_oceania__min_vol,225.99274461574015
2019-09-30,etfs_oceania__min_vol,229.01494691344925
2019-10-31,etfs_oceania__min_vol,222.27304608717532
2019-11-30,etfs_oceania__min_vol,242.64499512179114
2019-12-31,etfs_oceania__min_vol,240.48923204222334
2020-01-31,etfs_oceania__min_vol,248.423600143546
2020-02-29,etfs_oceania__min_vol,242.3132657051765
2020-03-31,etfs_oceania__min_vol,226.60595017818653
2020-04-30,etfs_oceania__min_vol,254.72480312881197
2020-05-31,etfs_oceania__min_vol,272.91659827955897
2020-06-30,etfs_oceania__min_vol,299.28784597131005
2020-07-31,etfs_oceania__min_vol,295.4936158987356
2020-08-31,etfs_oceania__min_vol,320.77858392031516
2020-09-30,etfs_oceania__min_vol,317.9821023723576
2020-10-31,etfs_oceania__min_vol,331.90332796664876
2020-11-30,etfs_oceania__min_vol,348.04215038073283
2020-12-31,etfs_oceania__min_vol,354.97576724634314
2021-01-31,etfs_oceania__min_vol,369.3136815781925
2021-02-28,etfs_oceania__min_vol,367.10020849749753
2021-03-31,etfs_oceania__min_vol,384.6370714963443
2021-04-30,etfs_oceania__min_vol,370.0499658531319
2021-05-31,etfs_oceania__min_vol,361.0061291457469
2021-06-30,etfs_oceania__min_vol,337.9735771937573
2021-07-31,etfs_oceania__min_vol,344.32052704035357
2021-08-31,etfs_oceania__min_vol,361.0364963755914
2021-09-30,etfs_oceania__min_vol,364.10016939043544
2021-10-31,etfs_oceania__min_vol,398.5730746014024
2021-11-30,etfs_oceania__min_vol,364.4324397959598
2021-12-31,etfs_oceania__min_vol,375.33069502557413
2022-01-31,etfs_oceania__min_vol,325.7206605561657
2022-02-28,etfs_oceania__min_vol,328.94271519345085
2022-03-31,etfs_oceania__min_vol,320.8487539648854
2022-04-30,etfs_oceania__min_vol,305.28545369699305
2022-05-31,etfs_oceania__min_vol,289.686227848304
2022-06-30,etfs_oceania__min_vol,286.9289423698051
2022-07-31,etfs_oceania__min_vol,309.0234425172447
2022-08-31,etfs_oceania__min_vol,295.2532635058695
2022-09-30,etfs_oceania__min_vol,276.5427370686509
2022-10-31,etfs_oceania__min_vol,286.6172893927295
2022-11-30,etfs_oceania__min_vol,322.8714914694959
2022-12-31,etfs_oceania__min_vol,316.82842943706225
2023-01-31,etfs_oceania__min_vol,336.10045960836544
2023-02-28,etfs_oceania__min_vol,317.64494217980626
2023-03-31,etfs_oceania__min_vol,314.63061507565294
2023-04-30,etfs_oceania__min_vol,308.74254736820524
2023-05-31,etfs_oceania__min_vol,296.79766406333044
2023-06-30,etfs_oceania__min_vol,298.79601488181436
2023-07-31,etfs_oceania__min_vol,298.9013359805054
2023-08-31,etfs_oceania__min_vol,287.07157419137036
2023-09-30,etfs_oceania__min_vol,287.7269266475546
2023-10-31,etfs_oceania__min_vol,274.6932234609305
2023-11-30,etfs_oceania__min_vol,293.5158588381485
2023-12-31,etfs_oceania__min_vol,315.0948867374922
2024-01-31,etfs_oceania__min_vol,308.71851984890793
2024-02-29,etfs_oceania__min_vol,308.3488153468748
2024-03-31,etfs_oceania__min_vol,316.1157659252503
2024-04-30,etfs_oceania__min_vol,311.22666852383935
2024-05-31,etfs_oceania__min_vol,333.67412400987916
2024-06-30,etfs_oceania__min_vol,351.42848031590665
2024-07-31,etfs_oceania__min_vol,366.33292637990655
2024-08-31,etfs_oceania__min_vol,385.151908691936
2024-09-30,etfs_oceania__min_vol,381.3938944559744
2024-10-31,etfs_oceania__min_vol,382.3213440840688
2024-11-30,etfs_oceania__min_vol,414.2759470525295
2024-12-31,etfs_oceania__min_vol,394.9505198642353
2025-01-31,etfs_oceania__min_vol,380.5423913803272
2025-02-28,etfs_oceania__min_vol,362.583556650689
2025-03-31,etfs_oceania__min_vol,352.23755019714207
2025-04-30,etfs_oceania__min_vol,354.97470385706646
2025-05-31,etfs_oceania__min_vol,373.56473402420016
2025-06-30,etfs_oceania__min_vol,374.4116833373574
2025-07-31,etfs_oceania__min_vol,376.53015184187285
2025-08-31,etfs_oceania__min_vol,372.23786221800117
2025-09-30,etfs_oceania__min_vol,369.7832579032908
2025-10-31,etfs_oceania__min_vol,372.21755252719254
2025-11-30,etfs_oceania__min_vol,362.96433778975967
2025-12-31,etfs_oceania__min_vol,377.6854734921938
2026-01-31,etfs_oceania__min_vol,375.15160276213663
2026-02-28,etfs_oceania__min_vol,389.141794166906
2026-03-31,etfs_oceania__min_vol,363.06925010333487
2026-04-30,etfs_oceania__min_vol,368.9873318576469
2015-02-28,etfs_brasil__max_sharpe,107.70873368994202
2015-03-31,etfs_brasil__max_sharpe,107.62744728559883
2015-04-30,etfs_brasil__max_sharpe,114.74595493715942
2015-05-31,etfs_brasil__max_sharpe,110.07118460284502
2015-06-30,etfs_brasil__max_sharpe,109.44431980667207
2015-07-31,etfs_brasil__max_sharpe,105.16850640488586
2015-08-31,etfs_brasil__max_sharpe,96.21397880066971
2015-09-30,etfs_brasil__max_sharpe,92.7490757165278
2015-10-31,etfs_brasil__max_sharpe,96.32455923264094
2015-11-30,etfs_brasil__max_sharpe,94.56930275092205
2015-12-31,etfs_brasil__max_sharpe,90.6565926818952
2016-01-31,etfs_brasil__max_sharpe,83.3240266734984
2016-02-29,etfs_brasil__max_sharpe,87.86989955497032
2016-03-31,etfs_brasil__max_sharpe,100.5880594522355
2016-04-30,etfs_brasil__max_sharpe,106.94523468690338
2016-05-31,etfs_brasil__max_sharpe,98.94558387025438
2016-06-30,etfs_brasil__max_sharpe,106.65930659923663
2016-07-31,etfs_brasil__max_sharpe,120.59660902068825
2016-08-31,etfs_brasil__max_sharpe,120.86734494103601
2016-09-30,etfs_brasil__max_sharpe,121.63518941268158
2016-10-31,etfs_brasil__max_sharpe,132.74183747476005
2016-11-30,etfs_brasil__max_sharpe,124.66216016257101
2016-12-31,etfs_brasil__max_sharpe,121.81381869932768
2017-01-31,etfs_brasil__max_sharpe,133.359107310998
2017-02-28,etfs_brasil__max_sharpe,139.25124436329847
2017-03-31,etfs_brasil__max_sharpe,136.27051109285966
2017-04-30,etfs_brasil__max_sharpe,139.02754727600535
2017-05-31,etfs_brasil__max_sharpe,135.57737992872626
2017-06-30,etfs_brasil__max_sharpe,136.04419397729467
2017-07-31,etfs_brasil__max_sharpe,144.77554381604088
2017-08-31,etfs_brasil__max_sharpe,156.38232194740988
2017-09-30,etfs_brasil__max_sharpe,162.6875786206248
2017-10-31,etfs_brasil__max_sharpe,161.86594114269047
2017-11-30,etfs_brasil__max_sharpe,156.92431647328883
2017-12-31,etfs_brasil__max_sharpe,167.88721726583526
2018-01-31,etfs_brasil__max_sharpe,180.5592037632158
2018-02-28,etfs_brasil__max_sharpe,180.5199816634963
2018-03-31,etfs_brasil__max_sharpe,180.55129807585467
2018-04-30,etfs_brasil__max_sharpe,183.3344935142083
2018-05-31,etfs_brasil__max_sharpe,163.04305153210092
2018-06-30,etfs_brasil__max_sharpe,155.94538605780346
2018-07-31,etfs_brasil__max_sharpe,166.75410914296347
2018-08-31,etfs_brasil__max_sharpe,160.7479793560412
2018-09-30,etfs_brasil__max_sharpe,162.0322692907658
2018-10-31,etfs_brasil__max_sharpe,179.9890741767153
2018-11-30,etfs_brasil__max_sharpe,187.39814211965572
2018-12-31,etfs_brasil__max_sharpe,186.63297674474015
2019-01-31,etfs_brasil__max_sharpe,205.8453716604219
2019-02-28,etfs_brasil__max_sharpe,204.32019738085208
2019-03-31,etfs_brasil__max_sharpe,201.7191694486545
2019-04-30,etfs_brasil__max_sharpe,204.35871156642372
2019-05-31,etfs_brasil__max_sharpe,207.02105848191997
2019-06-30,etfs_brasil__max_sharpe,218.185578645171
2019-07-31,etfs_brasil__max_sharpe,226.16551388936958
2019-08-31,etfs_brasil__max_sharpe,227.02059590754402
2019-09-30,etfs_brasil__max_sharpe,232.29788629105173
2019-10-31,etfs_brasil__max_sharpe,237.70284725015776
2019-11-30,etfs_brasil__max_sharpe,244.7821791016439
2019-12-31,etfs_brasil__max_sharpe,268.2414459377171
2020-01-31,etfs_brasil__max_sharpe,265.89395031559997
2020-02-29,etfs_brasil__max_sharpe,245.06986125975746
2020-03-31,etfs_brasil__max_sharpe,161.07737537107204
2020-04-30,etfs_brasil__max_sharpe,182.18754167912692
2020-05-31,etfs_brasil__max_sharpe,194.6370072530749
2020-06-30,etfs_brasil__max_sharpe,216.7967216063192
2020-07-31,etfs_brasil__max_sharpe,236.1279387880748
2020-08-31,etfs_brasil__max_sharpe,229.85804486612506
2020-09-30,etfs_brasil__max_sharpe,218.67588895829675
2020-10-31,etfs_brasil__max_sharpe,215.68094721762176
2020-11-30,etfs_brasil__max_sharpe,251.64552539395171
2020-12-31,etfs_brasil__max_sharpe,272.82818306252796
2021-01-31,etfs_brasil__max_sharpe,261.593521386704
2021-02-28,etfs_brasil__max_sharpe,252.85641491073116
2021-03-31,etfs_brasil__max_sharpe,267.5051406883241
2021-04-30,etfs_brasil__max_sharpe,276.67807528262983
2021-05-31,etfs_brasil__max_sharpe,293.68521522092425
2021-06-30,etfs_brasil__max_sharpe,294.99262567264867
2021-07-31,etfs_brasil__max_sharpe,281.23840229789175
2021-08-31,etfs_brasil__max_sharpe,272.17569638077487
2021-09-30,etfs_brasil__max_sharpe,254.20732140068188
2021-10-31,etfs_brasil__max_sharpe,229.91676512564237
2021-11-30,etfs_brasil__max_sharpe,225.9017982664021
2021-12-31,etfs_brasil__max_sharpe,233.38720931119892
2022-01-31,etfs_brasil__max_sharpe,245.51013395549566
2022-02-28,etfs_brasil__max_sharpe,240.30285370002048
2022-03-31,etfs_brasil__max_sharpe,258.4074363735481
2022-04-30,etfs_brasil__max_sharpe,233.7252264444241
2022-05-31,etfs_brasil__max_sharpe,236.62377219227602
2022-06-30,etfs_brasil__max_sharpe,203.72709372804258
2022-07-31,etfs_brasil__max_sharpe,213.15600963088878
2022-08-31,etfs_brasil__max_sharpe,232.58850015358647
2022-09-30,etfs_brasil__max_sharpe,231.79988902680876
2022-10-31,etfs_brasil__max_sharpe,245.75480031406488
2022-11-30,etfs_brasil__max_sharpe,228.16843649253588
2022-12-31,etfs_brasil__max_sharpe,221.45699838912284
2023-01-31,etfs_brasil__max_sharpe,228.87229614481916
2023-02-28,etfs_brasil__max_sharpe,207.0677444309136
2023-03-31,etfs_brasil__max_sharpe,203.71231655474088
2023-04-30,etfs_brasil__max_sharpe,207.5732868194585
2023-05-31,etfs_brasil__max_sharpe,225.036634397621
2023-06-30,etfs_brasil__max_sharpe,245.12621849386863
2023-07-31,etfs_brasil__max_sharpe,252.98971492631276
2023-08-31,etfs_brasil__max_sharpe,237.193511270097
2023-09-30,etfs_brasil__max_sharpe,235.1668372112924
2023-10-31,etfs_brasil__max_sharpe,222.89147325106765
2023-11-30,etfs_brasil__max_sharpe,251.4481817781185
2023-12-31,etfs_brasil__max_sharpe,266.4849516229194
2024-01-31,etfs_brasil__max_sharpe,251.8647945078075
2024-02-29,etfs_brasil__max_sharpe,253.33949413217488
2024-03-31,etfs_brasil__max_sharpe,255.3825357435296
2024-04-30,etfs_brasil__max_sharpe,243.42223678752597
2024-05-31,etfs_brasil__max_sharpe,235.32644554832828
2024-06-30,etfs_brasil__max_sharpe,236.52183029568823
2024-07-31,etfs_brasil__max_sharpe,242.63099061282745
2024-08-31,etfs_brasil__max_sharpe,256.2620309427214
2024-09-30,etfs_brasil__max_sharpe,246.23557611471315
2024-10-31,etfs_brasil__max_sharpe,243.26300324112103
2024-11-30,etfs_brasil__max_sharpe,234.55214649625898
2024-12-31,etfs_brasil__max_sharpe,220.44843487715616
2025-01-31,etfs_brasil__max_sharpe,232.82337893686042
2025-02-28,etfs_brasil__max_sharpe,225.1536587144207
2025-03-31,etfs_brasil__max_sharpe,239.47155118504017
2025-04-30,etfs_brasil__max_sharpe,253.90034555623467
2025-05-31,etfs_brasil__max_sharpe,263.8559878686963
2025-06-30,etfs_brasil__max_sharpe,267.3910045921155
2025-07-31,etfs_brasil__max_sharpe,252.7972111724324
2025-08-31,etfs_brasil__max_sharpe,268.0195149704306
2025-09-30,etfs_brasil__max_sharpe,275.4000531811732
2025-10-31,etfs_brasil__max_sharpe,278.93712533298753
2025-11-30,etfs_brasil__max_sharpe,296.07769562685814
2025-12-31,etfs_brasil__max_sharpe,292.9857827955684
2026-01-31,etfs_brasil__max_sharpe,326.50070296563285
2026-02-28,etfs_brasil__max_sharpe,336.2789573737756
2026-03-31,etfs_brasil__max_sharpe,326.99171890735903
2026-04-30,etfs_brasil__max_sharpe,342.08556201953553
2015-02-28,etfs_brasil__min_vol,107.70873368994202
2015-03-31,etfs_brasil__min_vol,107.62744728559883
2015-04-30,etfs_brasil__min_vol,114.74595493715942
2015-05-31,etfs_brasil__min_vol,110.07118460284502
2015-06-30,etfs_brasil__min_vol,109.44431980667207
2015-07-31,etfs_brasil__min_vol,105.16850640488586
2015-08-31,etfs_brasil__min_vol,96.21397880066971
2015-09-30,etfs_brasil__min_vol,92.7490757165278
2015-10-31,etfs_brasil__min_vol,96.32455923264094
2015-11-30,etfs_brasil__min_vol,94.56930275092205
2015-12-31,etfs_brasil__min_vol,90.6565926818952
2016-01-31,etfs_brasil__min_vol,83.3240266734984
2016-02-29,etfs_brasil__min_vol,87.86989955497032
2016-03-31,etfs_brasil__min_vol,100.5880594522355
2016-04-30,etfs_brasil__min_vol,106.94523468690338
2016-05-31,etfs_brasil__min_vol,98.94558387025438
2016-06-30,etfs_brasil__min_vol,106.65930659923663
2016-07-31,etfs_brasil__min_vol,120.59660902068825
2016-08-31,etfs_brasil__min_vol,120.86734494103601
2016-09-30,etfs_brasil__min_vol,121.63518941268158
2016-10-31,etfs_brasil__min_vol,132.74183747476005
2016-11-30,etfs_brasil__min_vol,124.66216016257101
2016-12-31,etfs_brasil__min_vol,121.81381869932768
2017-01-31,etfs_brasil__min_vol,133.359107310998
2017-02-28,etfs_brasil__min_vol,139.25124436329847
2017-03-31,etfs_brasil__min_vol,136.27051109285966
2017-04-30,etfs_brasil__min_vol,139.02754727600535
2017-05-31,etfs_brasil__min_vol,135.57737992872626
2017-06-30,etfs_brasil__min_vol,136.04419397729467
2017-07-31,etfs_brasil__min_vol,144.77554381604088
2017-08-31,etfs_brasil__min_vol,156.38232194740988
2017-09-30,etfs_brasil__min_vol,162.6875786206248
2017-10-31,etfs_brasil__min_vol,161.86594114269047
2017-11-30,etfs_brasil__min_vol,156.92431647328883
2017-12-31,etfs_brasil__min_vol,167.88721726583526
2018-01-31,etfs_brasil__min_vol,180.5592037632158
2018-02-28,etfs_brasil__min_vol,180.5199816634963
2018-03-31,etfs_brasil__min_vol,180.55129807585467
2018-04-30,etfs_brasil__min_vol,183.3344935142083
2018-05-31,etfs_brasil__min_vol,163.04305153210092
2018-06-30,etfs_brasil__min_vol,155.94538605780346
2018-07-31,etfs_brasil__min_vol,166.75410914296347
2018-08-31,etfs_brasil__min_vol,160.7479793560412
2018-09-30,etfs_brasil__min_vol,162.0322692907658
2018-10-31,etfs_brasil__min_vol,179.9890741767153
2018-11-30,etfs_brasil__min_vol,187.39814211965572
2018-12-31,etfs_brasil__min_vol,186.63297674474015
2019-01-31,etfs_brasil__min_vol,205.8453716604219
2019-02-28,etfs_brasil__min_vol,204.32019738085208
2019-03-31,etfs_brasil__min_vol,201.7191694486545
2019-04-30,etfs_brasil__min_vol,204.35871156642372
2019-05-31,etfs_brasil__min_vol,207.02105848191997
2019-06-30,etfs_brasil__min_vol,218.185578645171
2019-07-31,etfs_brasil__min_vol,226.16551388936958
2019-08-31,etfs_brasil__min_vol,227.02059590754402
2019-09-30,etfs_brasil__min_vol,232.29788629105173
2019-10-31,etfs_brasil__min_vol,237.70284725015776
2019-11-30,etfs_brasil__min_vol,244.7821791016439
2019-12-31,etfs_brasil__min_vol,268.2414459377171
2020-01-31,etfs_brasil__min_vol,265.89395031559997
2020-02-29,etfs_brasil__min_vol,245.06986125975746
2020-03-31,etfs_brasil__min_vol,161.07737537107204
2020-04-30,etfs_brasil__min_vol,182.18754167912692
2020-05-31,etfs_brasil__min_vol,194.6370072530749
2020-06-30,etfs_brasil__min_vol,216.7967216063192
2020-07-31,etfs_brasil__min_vol,236.1279387880748
2020-08-31,etfs_brasil__min_vol,229.85804486612506
2020-09-30,etfs_brasil__min_vol,218.67588895829675
2020-10-31,etfs_brasil__min_vol,215.68094721762176
2020-11-30,etfs_brasil__min_vol,251.64552539395171
2020-12-31,etfs_brasil__min_vol,272.82818306252796
2021-01-31,etfs_brasil__min_vol,261.593521386704
2021-02-28,etfs_brasil__min_vol,252.85641491073116
2021-03-31,etfs_brasil__min_vol,267.5051406883241
2021-04-30,etfs_brasil__min_vol,276.67807528262983
2021-05-31,etfs_brasil__min_vol,293.68521522092425
2021-06-30,etfs_brasil__min_vol,294.99262567264867
2021-07-31,etfs_brasil__min_vol,281.23840229789175
2021-08-31,etfs_brasil__min_vol,272.17569638077487
2021-09-30,etfs_brasil__min_vol,254.20732140068188
2021-10-31,etfs_brasil__min_vol,229.91676512564237
2021-11-30,etfs_brasil__min_vol,225.9017982664021
2021-12-31,etfs_brasil__min_vol,233.38720931119892
2022-01-31,etfs_brasil__min_vol,245.51013395549566
2022-02-28,etfs_brasil__min_vol,240.30285370002048
2022-03-31,etfs_brasil__min_vol,258.4074363735481
2022-04-30,etfs_brasil__min_vol,233.7252264444241
2022-05-31,etfs_brasil__min_vol,236.62377219227602
2022-06-30,etfs_brasil__min_vol,203.72709372804258
2022-07-31,etfs_brasil__min_vol,213.15600963088878
2022-08-31,etfs_brasil__min_vol,232.58850015358647
2022-09-30,etfs_brasil__min_vol,231.79988902680876
2022-10-31,etfs_brasil__min_vol,245.75480031406488
2022-11-30,etfs_brasil__min_vol,228.16843649253588
2022-12-31,etfs_brasil__min_vol,221.45699838912284
2023-01-31,etfs_brasil__min_vol,228.87229614481916
2023-02-28,etfs_brasil__min_vol,207.0677444309136
2023-03-31,etfs_brasil__min_vol,203.71231655474088
2023-04-30,etfs_brasil__min_vol,207.5732868194585
2023-05-31,etfs_brasil__min_vol,225.036634397621
2023-06-30,etfs_brasil__min_vol,245.12621849386863
2023-07-31,etfs_brasil__min_vol,252.98971492631276
2023-08-31,etfs_brasil__min_vol,237.193511270097
2023-09-30,etfs_brasil__min_vol,235.1668372112924
2023-10-31,etfs_brasil__min_vol,222.89147325106765
2023-11-30,etfs_brasil__min_vol,251.4481817781185
2023-12-31,etfs_brasil__min_vol,266.4849516229194
2024-01-31,etfs_brasil__min_vol,251.8647945078075
2024-02-29,etfs_brasil__min_vol,253.33949413217488
2024-03-31,etfs_brasil__min_vol,255.3825357435296
2024-04-30,etfs_brasil__min_vol,243.42223678752597
2024-05-31,etfs_brasil__min_vol,235.32644554832828
2024-06-30,etfs_brasil__min_vol,236.52183029568823
2024-07-31,etfs_brasil__min_vol,242.63099061282745
2024-08-31,etfs_brasil__min_vol,256.2620309427214
2024-09-30,etfs_brasil__min_vol,246.23557611471315
2024-10-31,etfs_brasil__min_vol,243.26300324112103
2024-11-30,etfs_brasil__min_vol,234.55214649625898
2024-12-31,etfs_brasil__min_vol,220.44843487715616
2025-01-31,etfs_brasil__min_vol,232.82337893686042
2025-02-28,etfs_brasil__min_vol,225.1536587144207
2025-03-31,etfs_brasil__min_vol,239.47155118504017
2025-04-30,etfs_brasil__min_vol,253.90034555623467
2025-05-31,etfs_brasil__min_vol,263.8559878686963
2025-06-30,etfs_brasil__min_vol,267.3910045921155
2025-07-31,etfs_brasil__min_vol,252.7972111724324
2025-08-31,etfs_brasil__min_vol,268.0195149704306
2025-09-30,etfs_brasil__min_vol,275.4000531811732
2025-10-31,etfs_brasil__min_vol,278.93712533298753
2025-11-30,etfs_brasil__min_vol,296.07769562685814
2025-12-31,etfs_brasil__min_vol,292.9857827955684
2026-01-31,etfs_brasil__min_vol,326.50070296563285
2026-02-28,etfs_brasil__min_vol,336.2789573737756
2026-03-31,etfs_brasil__min_vol,326.99171890735903
2026-04-30,etfs_brasil__min_vol,342.08556201953553
