data,carteira,base100
2015-02-28,etfs_com_tudo,114.64476883781568
2015-03-31,etfs_com_tudo,124.13726568539592
2015-04-30,etfs_com_tudo,119.22302296908668
2015-05-31,etfs_com_tudo,124.71471415956013
2015-06-30,etfs_com_tudo,120.27221764684184
2015-07-31,etfs_com_tudo,124.20699648929099
2015-08-31,etfs_com_tudo,124.71694091720326
2015-09-30,etfs_com_tudo,134.68056030942864
2015-10-31,etfs_com_tudo,137.52330816667754
2015-11-30,etfs_com_tudo,133.08410761623267
2015-12-31,etfs_com_tudo,132.99119810206236
2016-01-31,etfs_com_tudo,131.35160985458697
2016-02-29,etfs_com_tudo,131.0387374964058
2016-03-31,etfs_com_tudo,129.71554739336034
2016-04-30,etfs_com_tudo,130.44362884428062
2016-05-31,etfs_com_tudo,129.98802605670147
2016-06-30,etfs_com_tudo,123.9477044798443
2016-07-31,etfs_com_tudo,130.4832532139897
2016-08-31,etfs_com_tudo,128.18058029411225
2016-09-30,etfs_com_tudo,131.32783765030416
2016-10-31,etfs_com_tudo,129.1078863712964
2016-11-30,etfs_com_tudo,133.01392685207688
2016-12-31,etfs_com_tudo,126.55932040928035
2017-01-31,etfs_com_tudo,128.47989928856015
2017-02-28,etfs_com_tudo,131.2253226904627
2017-03-31,etfs_com_tudo,135.3001680810589
2017-04-30,etfs_com_tudo,138.80730983226485
2017-05-31,etfs_com_tudo,144.5583261618059
2017-06-30,etfs_com_tudo,146.0364200341158
2017-07-31,etfs_com_tudo,146.97441147725675
2017-08-31,etfs_com_tudo,149.8715301494296
2017-09-30,etfs_com_tudo,152.04809292795304
2017-10-31,etfs_com_tudo,159.4858836141181
2017-11-30,etfs_com_tudo,158.6275534280363
2017-12-31,etfs_com_tudo,168.74532019512986
2018-01-31,etfs_com_tudo,171.47221840396224
2018-02-28,etfs_com_tudo,168.17421213654538
2018-03-31,etfs_com_tudo,170.70179746493739
2018-04-30,etfs_com_tudo,178.42047954225197
2018-05-31,etfs_com_tudo,183.9229896295775
2018-06-30,etfs_com_tudo,185.4438187481147
2018-07-31,etfs_com_tudo,185.10925379592348
2018-08-31,etfs_com_tudo,198.15021476183463
2018-09-30,etfs_com_tudo,192.78253273543334
2018-10-31,etfs_com_tudo,170.480554255657
2018-11-30,etfs_com_tudo,178.58713105166294
2018-12-31,etfs_com_tudo,174.94371694978926
2019-01-31,etfs_com_tudo,181.0797407611349
2019-02-28,etfs_com_tudo,184.0757615257479
2019-03-31,etfs_com_tudo,192.22995833389348
2019-04-30,etfs_com_tudo,197.97425205532602
2019-05-31,etfs_com_tudo,193.72186442156988
2019-06-30,etfs_com_tudo,199.83138087094662
2019-07-31,etfs_com_tudo,196.1718881684471
2019-08-31,etfs_com_tudo,208.15661561949304
2019-09-30,etfs_com_tudo,210.0018514516662
2019-10-31,etfs_com_tudo,206.5351378657354
2019-11-30,etfs_com_tudo,216.130328146823
2019-12-31,etfs_com_tudo,220.25607906525659
2020-01-31,etfs_com_tudo,226.60344901882831
2020-02-29,etfs_com_tudo,222.85789291066544
2020-03-31,etfs_com_tudo,208.12507333317228
2020-04-30,etfs_com_tudo,230.48105177868595
2020-05-31,etfs_com_tudo,247.26218380338418
2020-06-30,etfs_com_tudo,261.1938898042488
2020-07-31,etfs_com_tudo,267.37786883100347
2020-08-31,etfs_com_tudo,283.28584346602474
2020-09-30,etfs_com_tudo,283.66609513956524
2020-10-31,etfs_com_tudo,287.0563232797919
2020-11-30,etfs_com_tudo,297.9063411184739
2020-12-31,etfs_com_tudo,312.06771325211986
2021-01-31,etfs_com_tudo,322.26531976613273
2021-02-28,etfs_com_tudo,331.9106043905151
2021-03-31,etfs_com_tudo,353.3197912562253
2021-04-30,etfs_com_tudo,338.02377968135136
2021-05-31,etfs_com_tudo,342.9929435798152
2021-06-30,etfs_com_tudo,323.42011329736016
2021-07-31,etfs_com_tudo,328.95876765234664
2021-08-31,etfs_com_tudo,341.38348565203256
2021-09-30,etfs_com_tudo,341.229375873832
2021-10-31,etfs_com_tudo,359.5107282878533
2021-11-30,etfs_com_tudo,343.7403787139685
2021-12-31,etfs_com_tudo,354.76989516112985
2022-01-31,etfs_com_tudo,343.56052864675803
2022-02-28,etfs_com_tudo,334.57478162844586
2022-03-31,etfs_com_tudo,323.0504942350438
2022-04-30,etfs_com_tudo,310.5468171210902
2022-05-31,etfs_com_tudo,304.99517499621345
2022-06-30,etfs_com_tudo,300.8933553251694
2022-07-31,etfs_com_tudo,311.7603704868564
2022-08-31,etfs_com_tudo,303.8917538560222
2022-09-30,etfs_com_tudo,295.4166337897109
2022-10-31,etfs_com_tudo,302.11694276554516
2022-11-30,etfs_com_tudo,326.70308250018525
2022-12-31,etfs_com_tudo,323.5562614920759
2023-01-31,etfs_com_tudo,339.7679122930618
2023-02-28,etfs_com_tudo,327.7654510868083
2023-03-31,etfs_com_tudo,332.248105899552
2023-04-30,etfs_com_tudo,329.2094209496926
2023-05-31,etfs_com_tudo,327.95358921361475
2023-06-30,etfs_com_tudo,332.86194465909654
2023-07-31,etfs_com_tudo,338.3931381475208
2023-08-31,etfs_com_tudo,335.07162173305926
2023-09-30,etfs_com_tudo,331.3418726460521
2023-10-31,etfs_com_tudo,326.3606661082356
2023-11-30,etfs_com_tudo,346.012890195808
2023-12-31,etfs_com_tudo,356.82394061841995
2024-01-31,etfs_com_tudo,355.2458989774736
2024-02-29,etfs_com_tudo,364.2519776419153
2024-03-31,etfs_com_tudo,382.0255955212415
2024-04-30,etfs_com_tudo,387.5109017168458
2024-05-31,etfs_com_tudo,403.3961168192622
2024-06-30,etfs_com_tudo,422.39131936856086
2024-07-31,etfs_com_tudo,439.10264920109404
2024-08-31,etfs_com_tudo,451.68914405904627
2024-09-30,etfs_com_tudo,448.1436104524139
2024-10-31,etfs_com_tudo,468.95514985991076
2024-11-30,etfs_com_tudo,489.6274085166119
2024-12-31,etfs_com_tudo,488.0899150872692
2025-01-31,etfs_com_tudo,487.0974946080662
2025-02-28,etfs_com_tudo,485.5300436929798
2025-03-31,etfs_com_tudo,491.73331727376717
2025-04-30,etfs_com_tudo,494.66857136061685
2025-05-31,etfs_com_tudo,518.3986534406117
2025-06-30,etfs_com_tudo,518.7850443170242
2025-07-31,etfs_com_tudo,523.8760390460415
2025-08-31,etfs_com_tudo,526.4727322216886
2025-09-30,etfs_com_tudo,540.1131159089423
2025-10-31,etfs_com_tudo,569.1020021507809
2025-11-30,etfs_com_tudo,576.3498202668021
2025-12-31,etfs_com_tudo,597.8137333061304
2026-01-31,etfs_com_tudo,617.3185195002409
2026-02-28,etfs_com_tudo,637.3686423326366
2026-03-31,etfs_com_tudo,620.511191794702
2026-04-30,etfs_com_tudo,622.3581838929458
2015-02-28,etfs_com_ouro_btc,115.66880300967308
2015-03-31,etfs_com_ouro_btc,125.55945914899063
2015-04-30,etfs_com_ouro_btc,120.08056550688211
2015-05-31,etfs_com_ouro_btc,125.26179550359208
2015-06-30,etfs_com_ouro_btc,120.4909408921109
2015-07-31,etfs_com_ouro_btc,125.70944218323834
2015-08-31,etfs_com_ouro_btc,125.03952058990133
2015-09-30,etfs_com_ouro_btc,134.95800362709284
2015-10-31,etfs_com_ouro_btc,138.5420950760782
2015-11-30,etfs_com_ouro_btc,134.94109757517384
2015-12-31,etfs_com_ouro_btc,135.33850391166288
2016-01-31,etfs_com_ouro_btc,133.37854592954807
2016-02-29,etfs_com_ouro_btc,132.35638036801524
2016-03-31,etfs_com_ouro_btc,132.06523641464844
2016-04-30,etfs_com_ouro_btc,131.95579154096967
2016-05-31,etfs_com_ouro_btc,131.34042289238727
2016-06-30,etfs_com_ouro_btc,124.88894562586943
2016-07-31,etfs_com_ouro_btc,132.70822161372985
2016-08-31,etfs_com_ouro_btc,130.1883213580315
2016-09-30,etfs_com_ouro_btc,133.23552875153138
2016-10-31,etfs_com_ouro_btc,131.45716290843288
2016-11-30,etfs_com_ouro_btc,135.62901392308012
2016-12-31,etfs_com_ouro_btc,128.9583094286269
2017-01-31,etfs_com_ouro_btc,131.07753083031122
2017-02-28,etfs_com_ouro_btc,133.70647456820203
2017-03-31,etfs_com_ouro_btc,138.65586503847445
2017-04-30,etfs_com_ouro_btc,142.39979060867438
2017-05-31,etfs_com_ouro_btc,148.64202457625925
2017-06-30,etfs_com_ouro_btc,150.72472575898496
2017-07-31,etfs_com_ouro_btc,151.77119871748656
2017-08-31,etfs_com_ouro_btc,154.94709965489457
2017-09-30,etfs_com_ouro_btc,157.3939023086243
2017-10-31,etfs_com_ouro_btc,165.1492423268129
2017-11-30,etfs_com_ouro_btc,163.44710306123292
2017-12-31,etfs_com_ouro_btc,174.54539228570195
2018-01-31,etfs_com_ouro_btc,177.50068721290936
2018-02-28,etfs_com_ouro_btc,173.69064461320886
2018-03-31,etfs_com_ouro_btc,175.7446184508841
2018-04-30,etfs_com_ouro_btc,183.67450400023176
2018-05-31,etfs_com_ouro_btc,189.4167794893557
2018-06-30,etfs_com_ouro_btc,190.10745766103113
2018-07-31,etfs_com_ouro_btc,190.88776822777746
2018-08-31,etfs_com_ouro_btc,203.44147294831626
2018-09-30,etfs_com_ouro_btc,197.8238911034649
2018-10-31,etfs_com_ouro_btc,173.77624345205635
2018-11-30,etfs_com_ouro_btc,184.05104520768322
2018-12-31,etfs_com_ouro_btc,179.44193374441673
2019-01-31,etfs_com_ouro_btc,185.84863876741807
2019-02-28,etfs_com_ouro_btc,188.61339419669193
2019-03-31,etfs_com_ouro_btc,196.82758179622888
2019-04-30,etfs_com_ouro_btc,202.82142761476837
2019-05-31,etfs_com_ouro_btc,197.69298202050012
2019-06-30,etfs_com_ouro_btc,203.66017740612455
2019-07-31,etfs_com_ouro_btc,199.29121096120045
2019-08-31,etfs_com_ouro_btc,209.94700173909732
2019-09-30,etfs_com_ouro_btc,212.88855530593628
2019-10-31,etfs_com_ouro_btc,209.0336004078939
2019-11-30,etfs_com_ouro_btc,218.30316998705484
2019-12-31,etfs_com_ouro_btc,222.47230815658514
2020-01-31,etfs_com_ouro_btc,228.17652632196211
2020-02-29,etfs_com_ouro_btc,223.49040800463538
2020-03-31,etfs_com_ouro_btc,209.31557408594358
2020-04-30,etfs_com_ouro_btc,237.27352839390124
2020-05-31,etfs_com_ouro_btc,251.15799461729034
2020-06-30,etfs_com_ouro_btc,265.5859389423449
2020-07-31,etfs_com_ouro_btc,270.7563291610742
2020-08-31,etfs_com_ouro_btc,286.56945685895784
2020-09-30,etfs_com_ouro_btc,287.10495979043833
2020-10-31,etfs_com_ouro_btc,291.0955907920866
2020-11-30,etfs_com_ouro_btc,304.35623636246515
2020-12-31,etfs_com_ouro_btc,318.8787977691981
2021-01-31,etfs_com_ouro_btc,329.34617431173166
2021-02-28,etfs_com_ouro_btc,339.81366151853945
2021-03-31,etfs_com_ouro_btc,363.9201789374484
2021-04-30,etfs_com_ouro_btc,346.3172826679314
2021-05-31,etfs_com_ouro_btc,348.687487707732
2021-06-30,etfs_com_ouro_btc,328.8695127119234
2021-07-31,etfs_com_ouro_btc,332.5729514198462
2021-08-31,etfs_com_ouro_btc,346.39146627076326
2021-09-30,etfs_com_ouro_btc,344.36466889507886
2021-10-31,etfs_com_ouro_btc,361.7932903906371
2021-11-30,etfs_com_ouro_btc,347.45066649406056
2021-12-31,etfs_com_ouro_btc,355.982766922942
2022-01-31,etfs_com_ouro_btc,344.95843271648357
2022-02-28,etfs_com_ouro_btc,333.14693033848175
2022-03-31,etfs_com_ouro_btc,321.47403982676195
2022-04-30,etfs_com_ouro_btc,305.9498937056284
2022-05-31,etfs_com_ouro_btc,302.7421233928867
2022-06-30,etfs_com_ouro_btc,296.08240162673
2022-07-31,etfs_com_ouro_btc,309.1527344318488
2022-08-31,etfs_com_ouro_btc,302.13090689566786
2022-09-30,etfs_com_ouro_btc,291.8845082378763
2022-10-31,etfs_com_ouro_btc,299.47944236989395
2022-11-30,etfs_com_ouro_btc,326.3308696712652
2022-12-31,etfs_com_ouro_btc,322.4998194748868
2023-01-31,etfs_com_ouro_btc,339.99978998197025
2023-02-28,etfs_com_ouro_btc,327.85912667693
2023-03-31,etfs_com_ouro_btc,331.81397980294787
2023-04-30,etfs_com_ouro_btc,328.65267737979326
2023-05-31,etfs_com_ouro_btc,327.1921176798292
2023-06-30,etfs_com_ouro_btc,333.6736529648682
2023-07-31,etfs_com_ouro_btc,338.63233638247436
2023-08-31,etfs_com_ouro_btc,332.77460700002115
2023-09-30,etfs_com_ouro_btc,327.817327294244
2023-10-31,etfs_com_ouro_btc,320.670530865441
2023-11-30,etfs_com_ouro_btc,342.4400327145245
2023-12-31,etfs_com_ouro_btc,354.97746671479047
2024-01-31,etfs_com_ouro_btc,350.88278609528777
2024-02-29,etfs_com_ouro_btc,360.24090332726024
2024-03-31,etfs_com_ouro_btc,375.7753081587667
2024-04-30,etfs_com_ouro_btc,380.0743334012437
2024-05-31,etfs_com_ouro_btc,397.60026144991804
2024-06-30,etfs_com_ouro_btc,414.34681957477295
2024-07-31,etfs_com_ouro_btc,430.33452838693165
2024-08-31,etfs_com_ouro_btc,443.89302316487135
2024-09-30,etfs_com_ouro_btc,441.512123100499
2024-10-31,etfs_com_ouro_btc,457.75982425174504
2024-11-30,etfs_com_ouro_btc,479.31679955821176
2024-12-31,etfs_com_ouro_btc,475.73953822180516
2025-01-31,etfs_com_ouro_btc,474.62906515169215
2025-02-28,etfs_com_ouro_btc,474.7574521636424
2025-03-31,etfs_com_ouro_btc,478.83757719562396
2025-04-30,etfs_com_ouro_btc,483.60189466684494
2025-05-31,etfs_com_ouro_btc,507.4717705147085
2025-06-30,etfs_com_ouro_btc,507.70879600268574
2025-07-31,etfs_com_ouro_btc,510.35501932276503
2025-08-31,etfs_com_ouro_btc,515.2914158204964
2025-09-30,etfs_com_ouro_btc,526.4418620059047
2025-10-31,etfs_com_ouro_btc,553.2176915262105
2025-11-30,etfs_com_ouro_btc,560.7384548250903
2025-12-31,etfs_com_ouro_btc,583.4312710600346
2026-01-31,etfs_com_ouro_btc,598.7750625387993
2026-02-28,etfs_com_ouro_btc,615.1743723161342
2026-03-31,etfs_com_ouro_btc,585.6056708742314
2026-04-30,etfs_com_ouro_btc,590.0822749407473
2015-02-28,etfs_com_ouro_petroleo,115.2187448410632
2015-03-31,etfs_com_ouro_petroleo,124.75064248925656
2015-04-30,etfs_com_ouro_petroleo,119.78018530713672
2015-05-31,etfs_com_ouro_petroleo,125.25162030270569
2015-06-30,etfs_com_ouro_petroleo,120.2663347195111
2015-07-31,etfs_com_ouro_petroleo,124.71883924484273
2015-08-31,etfs_com_ouro_petroleo,124.92787501100462
2015-09-30,etfs_com_ouro_petroleo,135.03833823036913
2015-10-31,etfs_com_ouro_petroleo,137.17629785152343
2015-11-30,etfs_com_ouro_petroleo,132.72226430865703
2015-12-31,etfs_com_ouro_petroleo,132.59824630646312
2016-01-31,etfs_com_ouro_petroleo,131.09497634615462
2016-02-29,etfs_com_ouro_petroleo,129.57005170172226
2016-03-31,etfs_com_ouro_petroleo,129.11934013405525
2016-04-30,etfs_com_ouro_petroleo,129.32583789695494
2016-05-31,etfs_com_ouro_petroleo,128.48729175405853
2016-06-30,etfs_com_ouro_petroleo,121.57518820416465
2016-07-31,etfs_com_ouro_petroleo,128.50188961806685
2016-08-31,etfs_com_ouro_petroleo,126.19385144845168
2016-09-30,etfs_com_ouro_petroleo,129.0620430391052
2016-10-31,etfs_com_ouro_petroleo,127.03230998278356
2016-11-30,etfs_com_ouro_petroleo,131.15487639705512
2016-12-31,etfs_com_ouro_petroleo,124.48602911456427
2017-01-31,etfs_com_ouro_petroleo,125.91471653288211
2017-02-28,etfs_com_ouro_petroleo,128.16280343762583
2017-03-31,etfs_com_ouro_petroleo,132.61022197787574
2017-04-30,etfs_com_ouro_petroleo,135.56648167503158
2017-05-31,etfs_com_ouro_petroleo,140.18213799413795
2017-06-30,etfs_com_ouro_petroleo,141.85984415844246
2017-07-31,etfs_com_ouro_petroleo,142.89567195322348
2017-08-31,etfs_com_ouro_petroleo,144.81242513133157
2017-09-30,etfs_com_ouro_petroleo,147.16019227901631
2017-10-31,etfs_com_ouro_petroleo,154.00045755348344
2017-11-30,etfs_com_ouro_petroleo,151.37577942453478
2017-12-31,etfs_com_ouro_petroleo,161.16996039994987
2018-01-31,etfs_com_ouro_petroleo,164.34857941956616
2018-02-28,etfs_com_ouro_petroleo,160.73640374333488
2018-03-31,etfs_com_ouro_petroleo,163.67190546597556
2018-04-30,etfs_com_ouro_petroleo,170.88328170098842
2018-05-31,etfs_com_ouro_petroleo,177.39535954699036
2018-06-30,etfs_com_ouro_petroleo,179.30150008729402
2018-07-31,etfs_com_ouro_petroleo,178.66780752495123
2018-08-31,etfs_com_ouro_petroleo,191.41837048424753
2018-09-30,etfs_com_ouro_petroleo,186.56008125432035
2018-10-31,etfs_com_ouro_petroleo,163.36132073750304
2018-11-30,etfs_com_ouro_petroleo,172.41166450560334
2018-12-31,etfs_com_ouro_petroleo,168.23536073890406
2019-01-31,etfs_com_ouro_petroleo,174.27766979072533
2019-02-28,etfs_com_ouro_petroleo,176.81930764966302
2019-03-31,etfs_com_ouro_petroleo,184.6112411426587
2019-04-30,etfs_com_ouro_petroleo,190.13641598516543
2019-05-31,etfs_com_ouro_petroleo,182.73096252276306
2019-06-30,etfs_com_ouro_petroleo,187.60611550240475
2019-07-31,etfs_com_ouro_petroleo,183.46131569242687
2019-08-31,etfs_com_ouro_petroleo,195.2170997477666
2019-09-30,etfs_com_ouro_petroleo,197.9785778136263
2019-10-31,etfs_com_ouro_petroleo,193.94779005733253
2019-11-30,etfs_com_ouro_petroleo,201.99615917162572
2019-12-31,etfs_com_ouro_petroleo,205.83703659887195
2020-01-31,etfs_com_ouro_petroleo,209.88928918673705
2020-02-29,etfs_com_ouro_petroleo,205.64523001623053
2020-03-31,etfs_com_ouro_petroleo,192.42388474104504
2020-04-30,etfs_com_ouro_petroleo,214.48146292753353
2020-05-31,etfs_com_ouro_petroleo,227.56980983311945
2020-06-30,etfs_com_ouro_petroleo,240.5483551450831
2020-07-31,etfs_com_ouro_petroleo,244.51738677540843
2020-08-31,etfs_com_ouro_petroleo,259.00583729127214
2020-09-30,etfs_com_ouro_petroleo,259.7321493640827
2020-10-31,etfs_com_ouro_petroleo,261.76987723736835
2020-11-30,etfs_com_ouro_petroleo,271.73591658084877
2020-12-31,etfs_com_ouro_petroleo,283.7961064324782
2021-01-31,etfs_com_ouro_petroleo,293.71672667726295
2021-02-28,etfs_com_ouro_petroleo,303.1760936667061
2021-03-31,etfs_com_ouro_petroleo,323.86728058718467
2021-04-30,etfs_com_ouro_petroleo,307.8742890921563
2021-05-31,etfs_com_ouro_petroleo,310.86954218299286
2021-06-30,etfs_com_ouro_petroleo,293.56183104521756
2021-07-31,etfs_com_ouro_petroleo,296.5939642750179
2021-08-31,etfs_com_ouro_petroleo,306.9055913942296
2021-09-30,etfs_com_ouro_petroleo,306.929506425764
2021-10-31,etfs_com_ouro_petroleo,322.3395876080108
2021-11-30,etfs_com_ouro_petroleo,309.6946876250385
2021-12-31,etfs_com_ouro_petroleo,317.91700603131005
2022-01-31,etfs_com_ouro_petroleo,310.4260778310139
2022-02-28,etfs_com_ouro_petroleo,300.18349125180276
2022-03-31,etfs_com_ouro_petroleo,289.5374657155191
2022-04-30,etfs_com_ouro_petroleo,277.3913866113014
2022-05-31,etfs_com_ouro_petroleo,276.4948808384825
2022-06-30,etfs_com_ouro_petroleo,272.7746119442992
2022-07-31,etfs_com_ouro_petroleo,283.1750318284436
2022-08-31,etfs_com_ouro_petroleo,275.88334924759585
2022-09-30,etfs_com_ouro_petroleo,265.79701412955285
2022-10-31,etfs_com_ouro_petroleo,272.264763985253
2022-11-30,etfs_com_ouro_petroleo,297.10597787037506
2022-12-31,etfs_com_ouro_petroleo,293.9305665606423
2023-01-31,etfs_com_ouro_petroleo,307.1525105858727
2023-02-28,etfs_com_ouro_petroleo,296.2938735440316
2023-03-31,etfs_com_ouro_petroleo,299.5828866260529
2023-04-30,etfs_com_ouro_petroleo,296.5623096459492
2023-05-31,etfs_com_ouro_petroleo,294.18499330696824
2023-06-30,etfs_com_ouro_petroleo,298.36976493168885
2023-07-31,etfs_com_ouro_petroleo,304.0217322484326
2023-08-31,etfs_com_ouro_petroleo,299.39610381052535
2023-09-30,etfs_com_ouro_petroleo,296.33721816106487
2023-10-31,etfs_com_ouro_petroleo,289.4529157758412
2023-11-30,etfs_com_ouro_petroleo,305.5750333733795
2023-12-31,etfs_com_ouro_petroleo,315.537059009348
2024-01-31,etfs_com_ouro_petroleo,312.16251122041587
2024-02-29,etfs_com_ouro_petroleo,319.93888680720147
2024-03-31,etfs_com_ouro_petroleo,333.5454278210298
2024-04-30,etfs_com_ouro_petroleo,337.9101148698877
2024-05-31,etfs_com_ouro_petroleo,352.2302130366213
2024-06-30,etfs_com_ouro_petroleo,368.8663318090555
2024-07-31,etfs_com_ouro_petroleo,382.97618415820114
2024-08-31,etfs_com_ouro_petroleo,393.4485270822324
2024-09-30,etfs_com_ouro_petroleo,390.48023119903155
2024-10-31,etfs_com_ouro_petroleo,404.3162330203038
2024-11-30,etfs_com_ouro_petroleo,419.8353927652306
2024-12-31,etfs_com_ouro_petroleo,418.21053788925536
2025-01-31,etfs_com_ouro_petroleo,417.2000740248458
2025-02-28,etfs_com_ouro_petroleo,418.61369169896204
2025-03-31,etfs_com_ouro_petroleo,423.56871066175995
2025-04-30,etfs_com_ouro_petroleo,424.39643250159673
2025-05-31,etfs_com_ouro_petroleo,444.39186538297105
2025-06-30,etfs_com_ouro_petroleo,445.89243650866035
2025-07-31,etfs_com_ouro_petroleo,449.2971414579838
2025-08-31,etfs_com_ouro_petroleo,454.0439641753194
2025-09-30,etfs_com_ouro_petroleo,465.5592471947352
2025-10-31,etfs_com_ouro_petroleo,485.3794221019753
2025-11-30,etfs_com_ouro_petroleo,493.43664318104584
2025-12-31,etfs_com_ouro_petroleo,514.2666125719796
2026-01-31,etfs_com_ouro_petroleo,530.2080681943488
2026-02-28,etfs_com_ouro_petroleo,547.0477553799625
2026-03-31,etfs_com_ouro_petroleo,528.6091938521246
2026-04-30,etfs_com_ouro_petroleo,531.8370023872852
2015-02-28,etfs_com_ouro,115.11758629306863
2015-03-31,etfs_com_ouro,124.8391005386077
2015-04-30,etfs_com_ouro,119.30149869097619
2015-05-31,etfs_com_ouro,124.74673838569225
2015-06-30,etfs_com_ouro,119.90666569859336
2015-07-31,etfs_com_ouro,125.21473814886876
2015-08-31,etfs_com_ouro,124.69349424760246
2015-09-30,etfs_com_ouro,135.05008145718423
2015-10-31,etfs_com_ouro,137.53246324766315
2015-11-30,etfs_com_ouro,133.76298360824845
2015-12-31,etfs_com_ouro,134.01471756807996
2016-01-31,etfs_com_ouro,132.3856971637187
2016-02-29,etfs_com_ouro,131.05316693025966
2016-03-31,etfs_com_ouro,130.7293790080221
2016-04-30,etfs_com_ouro,130.3750592802184
2016-05-31,etfs_com_ouro,129.42226167315803
2016-06-30,etfs_com_ouro,122.54088857889012
2016-07-31,etfs_com_ouro,130.19726528553687
2016-08-31,etfs_com_ouro,127.93641269088893
2016-09-30,etfs_com_ouro,130.66175381356788
2016-10-31,etfs_com_ouro,128.49797652236384
2016-11-30,etfs_com_ouro,132.39617123008676
2016-12-31,etfs_com_ouro,125.28248011796374
2017-01-31,etfs_com_ouro,127.05964946235817
2017-02-28,etfs_com_ouro,129.32722811928443
2017-03-31,etfs_com_ouro,134.10387095861708
2017-04-30,etfs_com_ouro,137.3855494229529
2017-05-31,etfs_com_ouro,142.2219210490172
2017-06-30,etfs_com_ouro,144.33570493610864
2017-07-31,etfs_com_ouro,145.02601447271937
2017-08-31,etfs_com_ouro,147.02239207959653
2017-09-30,etfs_com_ouro,149.10892172207667
2017-10-31,etfs_com_ouro,155.40802212705583
2017-11-30,etfs_com_ouro,153.18900022936015
2017-12-31,etfs_com_ouro,162.28952385908696
2018-01-31,etfs_com_ouro,165.36029049708657
2018-02-28,etfs_com_ouro,161.56807722809876
2018-03-31,etfs_com_ouro,164.34806699389108
2018-04-30,etfs_com_ouro,171.44185170099203
2018-05-31,etfs_com_ouro,177.93222291344708
2018-06-30,etfs_com_ouro,179.47204185755476
2018-07-31,etfs_com_ouro,179.44445670291586
2018-08-31,etfs_com_ouro,192.28118143630886
2018-09-30,etfs_com_ouro,186.87693758825944
2018-10-31,etfs_com_ouro,163.73032968406415
2018-11-30,etfs_com_ouro,173.94526405642415
2018-12-31,etfs_com_ouro,170.22324813174805
2019-01-31,etfs_com_ouro,175.75335901642762
2019-02-28,etfs_com_ouro,178.3443906106503
2019-03-31,etfs_com_ouro,186.30948517263545
2019-04-30,etfs_com_ouro,191.78808025044904
2019-05-31,etfs_com_ouro,185.20489077167198
2019-06-30,etfs_com_ouro,189.90536574212348
2019-07-31,etfs_com_ouro,185.7295970296204
2019-08-31,etfs_com_ouro,197.71693107151768
2019-09-30,etfs_com_ouro,200.54631454407595
2019-10-31,etfs_com_ouro,197.3162721746752
2019-11-30,etfs_com_ouro,206.123980236257
2019-12-31,etfs_com_ouro,209.3787348848311
2020-01-31,etfs_com_ouro,214.5694527482027
2020-02-29,etfs_com_ouro,210.97514598201488
2020-03-31,etfs_com_ouro,199.27672463219673
2020-04-30,etfs_com_ouro,225.09486321781833
2020-05-31,etfs_com_ouro,237.06949893796167
2020-06-30,etfs_com_ouro,250.15473811671245
2020-07-31,etfs_com_ouro,253.7396900103035
2020-08-31,etfs_com_ouro,269.37019511304237
2020-09-30,etfs_com_ouro,270.4800412864168
2020-10-31,etfs_com_ouro,273.3753278980975
2020-11-30,etfs_com_ouro,283.731023916718
2020-12-31,etfs_com_ouro,295.7450915626756
2021-01-31,etfs_com_ouro,305.2137546890329
2021-02-28,etfs_com_ouro,313.87598742171616
2021-03-31,etfs_com_ouro,335.1817966500858
2021-04-30,etfs_com_ouro,319.2681353898656
2021-05-31,etfs_com_ouro,323.554450503217
2021-06-30,etfs_com_ouro,304.73658017725404
2021-07-31,etfs_com_ouro,307.8760043110627
2021-08-31,etfs_com_ouro,318.8823245484661
2021-09-30,etfs_com_ouro,318.1265145002174
2021-10-31,etfs_com_ouro,334.0992244778108
2021-11-30,etfs_com_ouro,321.33003511204805
2021-12-31,etfs_com_ouro,330.13551795869785
2022-01-31,etfs_com_ouro,320.0177642964845
2022-02-28,etfs_com_ouro,308.86929291942124
2022-03-31,etfs_com_ouro,296.9779281297078
2022-04-30,etfs_com_ouro,284.0988473090619
2022-05-31,etfs_com_ouro,281.48268915763157
2022-06-30,etfs_com_ouro,278.41895871826307
2022-07-31,etfs_com_ouro,288.83573645509665
2022-08-31,etfs_com_ouro,281.2963940184393
2022-09-30,etfs_com_ouro,272.0185016484799
2022-10-31,etfs_com_ouro,278.5658121579301
2022-11-30,etfs_com_ouro,304.9975900350135
2022-12-31,etfs_com_ouro,301.2892038721886
2023-01-31,etfs_com_ouro,315.6898757287318
2023-02-28,etfs_com_ouro,304.2310071362738
2023-03-31,etfs_com_ouro,307.78028832520056
2023-04-30,etfs_com_ouro,305.0678542252071
2023-05-31,etfs_com_ouro,302.96408856837525
2023-06-30,etfs_com_ouro,307.1795834511204
2023-07-31,etfs_com_ouro,311.83853616948596
2023-08-31,etfs_com_ouro,306.7563147223825
2023-09-30,etfs_com_ouro,302.8638371176124
2023-10-31,etfs_com_ouro,296.40581880522103
2023-11-30,etfs_com_ouro,313.8805242851176
2023-12-31,etfs_com_ouro,325.1442767270096
2024-01-31,etfs_com_ouro,321.2345727797257
2024-02-29,etfs_com_ouro,328.94028786224976
2024-03-31,etfs_com_ouro,342.56590902802844
2024-04-30,etfs_com_ouro,346.73425016207915
2024-05-31,etfs_com_ouro,361.57571452974344
2024-06-30,etfs_com_ouro,377.2636430170901
2024-07-31,etfs_com_ouro,392.02430171778275
2024-08-31,etfs_com_ouro,403.2051229993189
2024-09-30,etfs_com_ouro,401.6812273841429
2024-10-31,etfs_com_ouro,415.2859480709708
2024-11-30,etfs_com_ouro,431.4984622602163
2024-12-31,etfs_com_ouro,428.0211477143941
2025-01-31,etfs_com_ouro,426.0538030781615
2025-02-28,etfs_com_ouro,428.01080503593647
2025-03-31,etfs_com_ouro,432.5425129999836
2025-04-30,etfs_com_ouro,435.7311389158726
2025-05-31,etfs_com_ouro,456.69101132240513
2025-06-30,etfs_com_ouro,457.98244516056894
2025-07-31,etfs_com_ouro,461.0653844346094
2025-08-31,etfs_com_ouro,466.1178852599829
2025-09-30,etfs_com_ouro,479.01901035700376
2025-10-31,etfs_com_ouro,498.8066747365135
2025-11-30,etfs_com_ouro,507.06872080500176
2025-12-31,etfs_com_ouro,527.7383830826395
2026-01-31,etfs_com_ouro,542.838663499727
2026-02-28,etfs_com_ouro,561.8420444779077
2026-03-31,etfs_com_ouro,533.5786170125838
2026-04-30,etfs_com_ouro,536.5977542439665
2015-02-28,etfs_com_btc_petroleo,116.97756682085252
2015-03-31,etfs_com_btc_petroleo,126.82058805335059
2015-04-30,etfs_com_btc_petroleo,122.46175728253255
2015-05-31,etfs_com_btc_petroleo,127.32680825821325
2015-06-30,etfs_com_btc_petroleo,122.3597528340254
2015-07-31,etfs_com_btc_petroleo,127.71399475696907
2015-08-31,etfs_com_btc_petroleo,125.30187803155182
2015-09-30,etfs_com_btc_petroleo,134.91070852704016
2015-10-31,etfs_com_btc_petroleo,138.9595606510394
2015-11-30,etfs_com_btc_petroleo,135.83257852776228
2015-12-31,etfs_com_btc_petroleo,135.24217335392953
2016-01-31,etfs_com_btc_petroleo,131.13978778278178
2016-02-29,etfs_com_btc_petroleo,127.88135628862389
2016-03-31,etfs_com_btc_petroleo,129.34584931458028
2016-04-30,etfs_com_btc_petroleo,129.1796311573485
2016-05-31,etfs_com_btc_petroleo,129.4240303252657
2016-06-30,etfs_com_btc_petroleo,121.94735252545357
2016-07-31,etfs_com_btc_petroleo,129.38499963022448
2016-08-31,etfs_com_btc_petroleo,127.66653281334189
2016-09-30,etfs_com_btc_petroleo,130.93375970971584
2016-10-31,etfs_com_btc_petroleo,129.42659645071288
2016-11-30,etfs_com_btc_petroleo,134.64913863634897
2016-12-31,etfs_com_btc_petroleo,128.62497535303993
2017-01-31,etfs_com_btc_petroleo,130.3109512848276
2017-02-28,etfs_com_btc_petroleo,132.7015273455253
2017-03-31,etfs_com_btc_petroleo,137.82239596432856
2017-04-30,etfs_com_btc_petroleo,141.34966497398693
2017-05-31,etfs_com_btc_petroleo,147.7335017368987
2017-06-30,etfs_com_btc_petroleo,150.16877301124595
2017-07-31,etfs_com_btc_petroleo,151.79192702443208
2017-08-31,etfs_com_btc_petroleo,154.06960703500997
2017-09-30,etfs_com_btc_petroleo,157.4942865886905
2017-10-31,etfs_com_btc_petroleo,165.85443863624562
2017-11-30,etfs_com_btc_petroleo,164.5081945506842
2017-12-31,etfs_com_btc_petroleo,175.96613490105867
2018-01-31,etfs_com_btc_petroleo,179.53049912489197
2018-02-28,etfs_com_btc_petroleo,174.8959279767449
2018-03-31,etfs_com_btc_petroleo,177.09315143944704
2018-04-30,etfs_com_btc_petroleo,185.7514534936324
2018-05-31,etfs_com_btc_petroleo,191.3664583241927
2018-06-30,etfs_com_btc_petroleo,193.25891826938692
2018-07-31,etfs_com_btc_petroleo,194.99642325968424
2018-08-31,etfs_com_btc_petroleo,208.03002403148318
2018-09-30,etfs_com_btc_petroleo,202.61607598654675
2018-10-31,etfs_com_btc_petroleo,175.13634593643303
2018-11-30,etfs_com_btc_petroleo,184.9690648606369
2018-12-31,etfs_com_btc_petroleo,178.07772266349085
2019-01-31,etfs_com_btc_petroleo,185.9621890174791
2019-02-28,etfs_com_btc_petroleo,189.14142165213045
2019-03-31,etfs_com_btc_petroleo,198.25722683147012
2019-04-30,etfs_com_btc_petroleo,205.49861414439476
2019-05-31,etfs_com_btc_petroleo,197.46719425493177
2019-06-30,etfs_com_btc_petroleo,202.95405425250848
2019-07-31,etfs_com_btc_petroleo,197.94181782603562
2019-08-31,etfs_com_btc_petroleo,205.58033401311974
2019-09-30,etfs_com_btc_petroleo,209.73991938683446
2019-10-31,etfs_com_btc_petroleo,206.02426003589804
2019-11-30,etfs_com_btc_petroleo,216.1212770210636
2019-12-31,etfs_com_btc_petroleo,220.8940822633921
2020-01-31,etfs_com_btc_petroleo,223.27371962440964
2020-02-29,etfs_com_btc_petroleo,216.46600621167872
2020-03-31,etfs_com_btc_petroleo,193.9931100885041
2020-04-30,etfs_com_btc_petroleo,218.00658710832025
2020-05-31,etfs_com_btc_petroleo,232.6098378889417
2020-06-30,etfs_com_btc_petroleo,246.81895380124485
2020-07-31,etfs_com_btc_petroleo,249.5544405213001
2020-08-31,etfs_com_btc_petroleo,265.4826138337109
2020-09-30,etfs_com_btc_petroleo,266.2580036619499
2020-10-31,etfs_com_btc_petroleo,269.0841092389514
2020-11-30,etfs_com_btc_petroleo,287.95099257177833
2020-12-31,etfs_com_btc_petroleo,301.73403617764285
2021-01-31,etfs_com_btc_petroleo,313.5471892683815
2021-02-28,etfs_com_btc_petroleo,328.83236276863823
2021-03-31,etfs_com_btc_petroleo,353.6047062498511
2021-04-30,etfs_com_btc_petroleo,336.2287871133348
2021-05-31,etfs_com_btc_petroleo,336.92252027294603
2021-06-30,etfs_com_btc_petroleo,321.3643032170086
2021-07-31,etfs_com_btc_petroleo,323.25209684742794
2021-08-31,etfs_com_btc_petroleo,336.4564359282321
2021-09-30,etfs_com_btc_petroleo,335.710153526573
2021-10-31,etfs_com_btc_petroleo,353.680917336675
2021-11-30,etfs_com_btc_petroleo,337.1977222689511
2021-12-31,etfs_com_btc_petroleo,346.4043953172011
2022-01-31,etfs_com_btc_petroleo,338.0710458905326
2022-02-28,etfs_com_btc_petroleo,324.4092430809135
2022-03-31,etfs_com_btc_petroleo,314.0526106120314
2022-04-30,etfs_com_btc_petroleo,297.7427862998557
2022-05-31,etfs_com_btc_petroleo,297.6536665401959
2022-06-30,etfs_com_btc_petroleo,288.71971504691356
2022-07-31,etfs_com_btc_petroleo,302.92396941985845
2022-08-31,etfs_com_btc_petroleo,295.6607018009212
2022-09-30,etfs_com_btc_petroleo,282.9064582328485
2022-10-31,etfs_com_btc_petroleo,293.02414148062803
2022-11-30,etfs_com_btc_petroleo,319.77335051366117
2022-12-31,etfs_com_btc_petroleo,313.81924422284885
2023-01-31,etfs_com_btc_petroleo,330.81449224791083
2023-02-28,etfs_com_btc_petroleo,319.04874264684867
2023-03-31,etfs_com_btc_petroleo,320.63397456869774
2023-04-30,etfs_com_btc_petroleo,317.8579918356274
2023-05-31,etfs_com_btc_petroleo,314.7428791908441
2023-06-30,etfs_com_btc_petroleo,323.63722041312394
2023-07-31,etfs_com_btc_petroleo,330.5744747103547
2023-08-31,etfs_com_btc_petroleo,323.4970562479795
2023-09-30,etfs_com_btc_petroleo,320.46542800870526
2023-10-31,etfs_com_btc_petroleo,308.8296417962614
2023-11-30,etfs_com_btc_petroleo,330.25315878554136
2023-12-31,etfs_com_btc_petroleo,343.07946681215975
2024-01-31,etfs_com_btc_petroleo,338.9068830710607
2024-02-29,etfs_com_btc_petroleo,349.04225546870646
2024-03-31,etfs_com_btc_petroleo,362.00460475777356
2024-04-30,etfs_com_btc_petroleo,363.9880205958275
2024-05-31,etfs_com_btc_petroleo,380.2274435502734
2024-06-30,etfs_com_btc_petroleo,396.9659616186661
2024-07-31,etfs_com_btc_petroleo,409.91489192717853
2024-08-31,etfs_com_btc_petroleo,421.41883074217105
2024-09-30,etfs_com_btc_petroleo,417.6635191522472
2024-10-31,etfs_com_btc_petroleo,429.1751674898406
2024-11-30,etfs_com_btc_petroleo,450.3112744366378
2024-12-31,etfs_com_btc_petroleo,446.2881431108632
2025-01-31,etfs_com_btc_petroleo,443.2568967824084
2025-02-28,etfs_com_btc_petroleo,442.8954973997361
2025-03-31,etfs_com_btc_petroleo,442.7120331232813
2025-04-30,etfs_com_btc_petroleo,442.81672431127157
2025-05-31,etfs_com_btc_petroleo,467.50322936436294
2025-06-30,etfs_com_btc_petroleo,471.2144118236867
2025-07-31,etfs_com_btc_petroleo,475.1820491260051
2025-08-31,etfs_com_btc_petroleo,477.9556001789392
2025-09-30,etfs_com_btc_petroleo,483.9883428666023
2025-10-31,etfs_com_btc_petroleo,505.91639478795105
2025-11-30,etfs_com_btc_petroleo,509.75804095443635
2025-12-31,etfs_com_btc_petroleo,529.8100629298135
2026-01-31,etfs_com_btc_petroleo,541.7490936414183
2026-02-28,etfs_com_btc_petroleo,554.7571242490876
2026-03-31,etfs_com_btc_petroleo,539.5089369083486
2026-04-30,etfs_com_btc_petroleo,544.6280876301742
2015-02-28,etfs_com_btc,116.92929629283842
2015-03-31,etfs_com_btc,126.94413068686691
2015-04-30,etfs_com_btc,122.02731867150285
2015-05-31,etfs_com_btc,126.99800332365609
2015-06-30,etfs_com_btc,122.14082438283118
2015-07-31,etfs_com_btc,128.36537017837847
2015-08-31,etfs_com_btc,125.24183361547398
2015-09-30,etfs_com_btc,135.17262910820824
2015-10-31,etfs_com_btc,139.47920136988063
2015-11-30,etfs_com_btc,136.88975574001375
2015-12-31,etfs_com_btc,136.84497696555474
2016-01-31,etfs_com_btc,132.57106860373239
2016-02-29,etfs_com_btc,129.5436089643188
2016-03-31,etfs_com_btc,131.07588931773583
2016-04-30,etfs_com_btc,130.27595392114966
2016-05-31,etfs_com_btc,130.42164374807126
2016-06-30,etfs_com_btc,122.94242785248859
2016-07-31,etfs_com_btc,131.0621372299032
2016-08-31,etfs_com_btc,129.36705825407722
2016-09-30,etfs_com_btc,132.45342995892736
2016-10-31,etfs_com_btc,130.95727353813004
2016-11-30,etfs_com_btc,135.71189538615914
2016-12-31,etfs_com_btc,129.22345058477592
2017-01-31,etfs_com_btc,131.36300937185098
2017-02-28,etfs_com_btc,133.89115749353903
2017-03-31,etfs_com_btc,139.51044836804292
2017-04-30,etfs_com_btc,143.42448119722536
2017-05-31,etfs_com_btc,150.19641745720844
2017-06-30,etfs_com_btc,153.10162142935343
2017-07-31,etfs_com_btc,154.47723938009935
2017-08-31,etfs_com_btc,157.03436885340628
2017-09-30,etfs_com_btc,160.02838152572915
2017-10-31,etfs_com_btc,167.96219794378035
2017-11-30,etfs_com_btc,166.91961151115063
2017-12-31,etfs_com_btc,177.79631342307974
2018-01-31,etfs_com_btc,181.32253879936889
2018-02-28,etfs_com_btc,176.65699724451827
2018-03-31,etfs_com_btc,178.65908443813385
2018-04-30,etfs_com_btc,187.08354230723256
2018-05-31,etfs_com_btc,192.39837074199667
2018-06-30,etfs_com_btc,193.91926448997043
2018-07-31,etfs_com_btc,196.36418131797254
2018-08-31,etfs_com_btc,209.5055119473465
2018-09-30,etfs_com_btc,203.530847315728
2018-10-31,etfs_com_btc,175.96769907371058
2018-11-30,etfs_com_btc,186.93711965209016
2018-12-31,etfs_com_btc,180.74697267936642
2019-01-31,etfs_com_btc,188.16564931943944
2019-02-28,etfs_com_btc,191.39684063139134
2019-03-31,etfs_com_btc,200.679486131263
2019-04-30,etfs_com_btc,207.95500144672272
2019-05-31,etfs_com_btc,200.8810950843368
2019-06-30,etfs_com_btc,206.16964511275765
2019-07-31,etfs_com_btc,201.0156545438202
2019-08-31,etfs_com_btc,208.88364385282165
2019-09-30,etfs_com_btc,213.08235344250411
2019-10-31,etfs_com_btc,210.13550610967724
2019-11-30,etfs_com_btc,220.8105656568141
2019-12-31,etfs_com_btc,225.05746149168354
2020-01-31,etfs_com_btc,228.79868795456687
2020-02-29,etfs_com_btc,222.81422491661237
2020-03-31,etfs_com_btc,201.86125655205296
2020-04-30,etfs_com_btc,228.7024544252271
2020-05-31,etfs_com_btc,242.4565496578571
2020-06-30,etfs_com_btc,257.1374934928648
2020-07-31,etfs_com_btc,259.78519793587805
2020-08-31,etfs_com_btc,277.0109971896903
2020-09-30,etfs_com_btc,278.6118249135305
2020-10-31,etfs_com_btc,282.43358742704146
2020-11-30,etfs_com_btc,301.7265313957366
2020-12-31,etfs_com_btc,315.78544220975687
2021-01-31,etfs_com_btc,327.06037998681234
2021-02-28,etfs_com_btc,341.0867378668111
2021-03-31,etfs_com_btc,366.82014052026125
2021-04-30,etfs_com_btc,349.38118034188557
2021-05-31,etfs_com_btc,350.86217546170843
2021-06-30,etfs_com_btc,333.7025272077872
2021-07-31,etfs_com_btc,336.0984785510398
2021-08-31,etfs_com_btc,350.4817769319436
2021-09-30,etfs_com_btc,348.111067474779
2021-10-31,etfs_com_btc,366.2566823145547
2021-11-30,etfs_com_btc,349.53750418542467
2021-12-31,etfs_com_btc,359.35381847302415
2022-01-31,etfs_com_btc,347.6167727623944
2022-02-28,etfs_com_btc,332.62217891238663
2022-03-31,etfs_com_btc,321.03540150402665
2022-04-30,etfs_com_btc,303.66312998591764
2022-05-31,etfs_com_btc,301.6555239592783
2022-06-30,etfs_com_btc,293.679114743652
2022-07-31,etfs_com_btc,307.7021988681123
2022-08-31,etfs_com_btc,300.0658609614341
2022-09-30,etfs_com_btc,288.1941710714818
2022-10-31,etfs_com_btc,297.4516586176711
2022-11-30,etfs_com_btc,325.9587979054691
2022-12-31,etfs_com_btc,319.72726424883865
2023-01-31,etfs_com_btc,338.203386702765
2023-02-28,etfs_com_btc,326.1605131813897
2023-03-31,etfs_com_btc,328.0280360516662
2023-04-30,etfs_com_btc,325.468304183934
2023-05-31,etfs_com_btc,322.9803175754344
2023-06-30,etfs_com_btc,331.9608683388461
2023-07-31,etfs_com_btc,337.7301529152284
2023-08-31,etfs_com_btc,329.829155449165
2023-09-30,etfs_com_btc,325.5910787781614
2023-10-31,etfs_com_btc,314.34001322816886
2023-11-30,etfs_com_btc,337.52011480637753
2023-12-31,etfs_com_btc,351.92942792102093
2024-01-31,etfs_com_btc,347.0299913984387
2024-02-29,etfs_com_btc,357.1385927963161
2024-03-31,etfs_com_btc,369.54358539339023
2024-04-30,etfs_com_btc,371.3021803824702
2024-05-31,etfs_com_btc,388.28519616952633
2024-06-30,etfs_com_btc,403.4940914414192
2024-07-31,etfs_com_btc,416.77373204889204
2024-08-31,etfs_com_btc,429.1263192776113
2024-09-30,etfs_com_btc,427.22327595497285
2024-10-31,etfs_com_btc,438.1932413158376
2024-11-30,etfs_com_btc,459.62257194218205
2024-12-31,etfs_com_btc,454.48720377487933
2025-01-31,etfs_com_btc,450.58724004956383
2025-02-28,etfs_com_btc,450.63164599307254
2025-03-31,etfs_com_btc,449.6772525201153
2025-04-30,etfs_com_btc,453.15503974944266
2025-05-31,etfs_com_btc,479.10384904097975
2025-06-30,etfs_com_btc,482.49157483893947
2025-07-31,etfs_com_btc,485.98665306442126
2025-08-31,etfs_com_btc,488.8525213881094
2025-09-30,etfs_com_btc,495.9951792344441
2025-10-31,etfs_com_btc,518.3708269470187
2025-11-30,etfs_com_btc,522.3187221358666
2025-12-31,etfs_com_btc,542.2636071853278
2026-01-31,etfs_com_btc,552.8802577045159
2026-02-28,etfs_com_btc,566.7833363650481
2026-03-31,etfs_com_btc,542.1507697198936
2026-04-30,etfs_com_btc,548.0239442269495
2015-02-28,etfs_america_norte,118.13634587279121
2015-03-31,etfs_america_norte,129.01349380699864
2015-04-30,etfs_america_norte,121.68168279931709
2015-05-31,etfs_america_norte,129.47408810029359
2015-06-30,etfs_america_norte,124.34145501155862
2015-07-31,etfs_america_norte,134.15679552084197
2015-08-31,etfs_america_norte,134.30155089507926
2015-09-30,etfs_america_norte,146.1466095914664
2015-10-31,etfs_america_norte,152.678914585139
2015-11-30,etfs_america_norte,153.02348780865665
2015-12-31,etfs_america_norte,150.4948003922133
2016-01-31,etfs_america_norte,146.88269350467755
2016-02-29,etfs_america_norte,141.21895127310555
2016-03-31,etfs_america_norte,138.1688104333295
2016-04-30,etfs_america_norte,136.60282685427282
2016-05-31,etfs_america_norte,142.29518216536698
2016-06-30,etfs_america_norte,129.61880594882345
2016-07-31,etfs_america_norte,135.40825823164388
2016-08-31,etfs_america_norte,134.72698464467413
2016-09-30,etfs_america_norte,138.12350246405467
2016-10-31,etfs_america_norte,133.02062184068734
2016-11-30,etfs_america_norte,149.60913800961012
2016-12-31,etfs_america_norte,143.24663830396042
2017-01-31,etfs_america_norte,139.2104021491314
2017-02-28,etfs_america_norte,141.24267437877737
2017-03-31,etfs_america_norte,143.37603986557102
2017-04-30,etfs_america_norte,145.2077679610745
2017-05-31,etfs_america_norte,149.40896343015297
2017-06-30,etfs_america_norte,150.8801356267639
2017-07-31,etfs_america_norte,149.23786551715813
2017-08-31,etfs_america_norte,146.77420580894102
2017-09-30,etfs_america_norte,153.700170078049
2017-10-31,etfs_america_norte,161.96265313539553
2017-11-30,etfs_america_norte,163.59518559933394
2017-12-31,etfs_america_norte,170.85433189745027
2018-01-31,etfs_america_norte,173.6715076793886
2018-02-28,etfs_america_norte,168.05133346362277
2018-03-31,etfs_america_norte,168.82564248151132
2018-04-30,etfs_america_norte,181.86923098865887
2018-05-31,etfs_america_norte,202.6569263580361
2018-06-30,etfs_america_norte,211.6804430304231
2018-07-31,etfs_america_norte,210.10985795959107
2018-08-31,etfs_america_norte,237.96327935834597
2018-09-30,etfs_america_norte,232.2983205342179
2018-10-31,etfs_america_norte,195.0801610257752
2018-11-30,etfs_america_norte,203.6578089243953
2018-12-31,etfs_america_norte,184.53243156313326
2019-01-31,etfs_america_norte,191.6936324969047
2019-02-28,etfs_america_norte,199.6529757334271
2019-03-31,etfs_america_norte,214.01833099556765
2019-04-30,etfs_america_norte,223.43121846500736
2019-05-31,etfs_america_norte,206.47298113297498
2019-06-30,etfs_america_norte,213.64520944509547
2019-07-31,etfs_america_norte,213.73616783839736
2019-08-31,etfs_america_norte,225.98551922033482
2019-09-30,etfs_america_norte,230.56340198632398
2019-10-31,etfs_america_norte,224.26234420232512
2019-11-30,etfs_america_norte,242.91542121205322
2019-12-31,etfs_america_norte,242.67290199725085
2020-01-31,etfs_america_norte,249.44858863687097
2020-02-29,etfs_america_norte,237.9647949063686
2020-03-31,etfs_america_norte,225.76263527208113
2020-04-30,etfs_america_norte,276.3637484243705
2020-05-31,etfs_america_norte,292.2250875766153
2020-06-30,etfs_america_norte,298.3470736078038
2020-07-31,etfs_america_norte,292.7751938453304
2020-08-31,etfs_america_norte,323.0671062908715
2020-09-30,etfs_america_norte,311.1144909482535
2020-10-31,etfs_america_norte,309.1394340782965
2020-11-30,etfs_america_norte,332.96592266247654
2020-12-31,etfs_america_norte,337.3991820691737
2021-01-31,etfs_america_norte,356.55820961983864
2021-02-28,etfs_america_norte,392.50798735125903
2021-03-31,etfs_america_norte,423.07553644404135
2021-04-30,etfs_america_norte,406.74114977917253
2021-05-31,etfs_america_norte,406.27703011688726
2021-06-30,etfs_america_norte,399.75815128034384
2021-07-31,etfs_america_norte,406.17127368828625
2021-08-31,etfs_america_norte,421.50975625012575
2021-09-30,etfs_america_norte,437.7938066762148
2021-10-31,etfs_america_norte,494.4205009747669
2021-11-30,etfs_america_norte,483.8406941355746
2021-12-31,etfs_america_norte,496.2062963577289
2022-01-31,etfs_america_norte,484.8026786146014
2022-02-28,etfs_america_norte,465.69846610816575
2022-03-31,etfs_america_norte,455.53936827864663
2022-04-30,etfs_america_norte,434.55003137984517
2022-05-31,etfs_america_norte,438.31387002422736
2022-06-30,etfs_america_norte,423.9682912181078
2022-07-31,etfs_america_norte,467.7901437263615
2022-08-31,etfs_america_norte,452.08222240960066
2022-09-30,etfs_america_norte,430.0462493730985
2022-10-31,etfs_america_norte,473.6441338955725
2022-11-30,etfs_america_norte,491.5360542017871
2022-12-31,etfs_america_norte,464.43610637332694
2023-01-31,etfs_america_norte,478.2839980770615
2023-02-28,etfs_america_norte,470.02165107453936
2023-03-31,etfs_america_norte,479.445506064758
2023-04-30,etfs_america_norte,476.2995440263667
2023-05-31,etfs_america_norte,477.95096689912924
2023-06-30,etfs_america_norte,491.22219352344484
2023-07-31,etfs_america_norte,501.18923147999095
2023-08-31,etfs_america_norte,515.9456239343929
2023-09-30,etfs_america_norte,517.7002551233217
2023-10-31,etfs_america_norte,501.97208407338707
2023-11-30,etfs_america_norte,519.2639775368574
2023-12-31,etfs_america_norte,531.0665769175746
2024-01-31,etfs_america_norte,547.333811404462
2024-02-29,etfs_america_norte,574.537027232633
2024-03-31,etfs_america_norte,606.2261083550272
2024-04-30,etfs_america_norte,602.1337766754765
2024-05-31,etfs_america_norte,634.3624205719581
2024-06-30,etfs_america_norte,689.3146510595673
2024-07-31,etfs_america_norte,708.3334613776143
2024-08-31,etfs_america_norte,714.4845671288873
2024-09-30,etfs_america_norte,693.9335705127786
2024-10-31,etfs_america_norte,733.7004130652768
2024-11-30,etfs_america_norte,814.6851519705178
2024-12-31,etfs_america_norte,804.2002593046504
2025-01-31,etfs_america_norte,783.1957525436889
2025-02-28,etfs_america_norte,778.2143568488901
2025-03-31,etfs_america_norte,742.6953504832427
2025-04-30,etfs_america_norte,692.9279798718046
2025-05-31,etfs_america_norte,736.8379362385808
2025-06-30,etfs_america_norte,751.0592123605003
2025-07-31,etfs_america_norte,783.5168288025578
2025-08-31,etfs_america_norte,777.8503510099424
2025-09-30,etfs_america_norte,786.3361333588966
2025-10-31,etfs_america_norte,810.0134932141569
2025-11-30,etfs_america_norte,809.9109710586166
2025-12-31,etfs_america_norte,826.0878666572861
2026-01-31,etfs_america_norte,825.7968556546256
2026-02-28,etfs_america_norte,834.312125112902
2026-03-31,etfs_america_norte,854.8493892074367
2026-04-30,etfs_america_norte,834.1700683728851
2015-02-28,etfs_com_petroleo,116.65377992954964
2015-03-31,etfs_com_petroleo,126.33015856158087
2015-04-30,etfs_com_petroleo,122.17426325742686
2015-05-31,etfs_com_petroleo,127.24005796934657
2015-06-30,etfs_com_petroleo,122.15909996399151
2015-07-31,etfs_com_petroleo,127.54844517549057
2015-08-31,etfs_com_petroleo,124.99341536262567
2015-09-30,etfs_com_petroleo,134.8361830448845
2015-10-31,etfs_com_petroleo,138.03528048516395
2015-11-30,etfs_com_petroleo,134.72756670479671
2015-12-31,etfs_com_petroleo,133.9100539984071
2016-01-31,etfs_com_petroleo,129.73409173213847
2016-02-29,etfs_com_petroleo,126.04087154663772
2016-03-31,etfs_com_petroleo,127.75579595830966
2016-04-30,etfs_com_petroleo,127.37709083633328
2016-05-31,etfs_com_petroleo,127.37497006798093
2016-06-30,etfs_com_petroleo,119.44475637550589
2016-07-31,etfs_com_petroleo,126.71553066136842
2016-08-31,etfs_com_petroleo,125.37486929572002
2016-09-30,etfs_com_petroleo,128.36541759532392
2016-10-31,etfs_com_petroleo,126.65935104625301
2016-11-30,etfs_com_petroleo,131.52962354411383
2016-12-31,etfs_com_petroleo,125.09109754502406
2017-01-31,etfs_com_petroleo,126.6065293768001
2017-02-28,etfs_com_petroleo,128.68759376533728
2017-03-31,etfs_com_petroleo,133.78992186699008
2017-04-30,etfs_com_petroleo,136.86459630304967
2017-05-31,etfs_com_petroleo,141.9070908317163
2017-06-30,etfs_com_petroleo,144.38695972908488
2017-07-31,etfs_com_petroleo,145.74359983467008
2017-08-31,etfs_com_petroleo,146.83141016276818
2017-09-30,etfs_com_petroleo,150.0166197674064
2017-10-31,etfs_com_petroleo,156.908747763799
2017-11-30,etfs_com_petroleo,154.9788858958058
2017-12-31,etfs_com_petroleo,164.53703497986797
2018-01-31,etfs_com_petroleo,168.45804709947708
2018-02-28,etfs_com_petroleo,163.89229904625134
2018-03-31,etfs_com_petroleo,166.79240987081766
2018-04-30,etfs_com_petroleo,174.50983424975402
2018-05-31,etfs_com_petroleo,180.37678943570498
2018-06-30,etfs_com_petroleo,183.06155538382288
2018-07-31,etfs_com_petroleo,184.3197532048916
2018-08-31,etfs_com_petroleo,197.4618607190923
2018-09-30,etfs_com_petroleo,192.35644912028658
2018-10-31,etfs_com_petroleo,165.72478788129635
2018-11-30,etfs_com_petroleo,175.4802461199849
2018-12-31,etfs_com_petroleo,169.37509059343193
2019-01-31,etfs_com_petroleo,176.78713454689583
2019-02-28,etfs_com_petroleo,179.8326730909788
2019-03-31,etfs_com_petroleo,188.69651245422247
2019-04-30,etfs_com_petroleo,195.39523512403147
2019-05-31,etfs_com_petroleo,185.93853206500614
2019-06-30,etfs_com_petroleo,190.258279614706
2019-07-31,etfs_com_petroleo,185.45134764647037
2019-08-31,etfs_com_petroleo,193.6437584305379
2019-09-30,etfs_com_petroleo,197.79774299600479
2019-10-31,etfs_com_petroleo,194.67353659958482
2019-11-30,etfs_com_petroleo,204.5086305232671
2019-12-31,etfs_com_petroleo,208.66154317222544
2020-01-31,etfs_com_petroleo,210.33201405173992
2020-02-29,etfs_com_petroleo,204.42001838660602
2020-03-31,etfs_com_petroleo,183.19353152041322
2020-04-30,etfs_com_petroleo,204.33535504891816
2020-05-31,etfs_com_petroleo,217.61609563733398
2020-06-30,etfs_com_petroleo,230.85342414177538
2020-07-31,etfs_com_petroleo,232.2712002704071
2020-08-31,etfs_com_petroleo,247.8614654318883
2020-09-30,etfs_com_petroleo,249.2029271056056
2020-10-31,etfs_com_petroleo,250.97673055677805
2020-11-30,etfs_com_petroleo,267.7317976606136
2020-12-31,etfs_com_petroleo,279.16838037314164
2021-01-31,etfs_com_petroleo,289.700844344787
2021-02-28,etfs_com_petroleo,302.92335751431773
2021-03-31,etfs_com_petroleo,324.8616566743257
2021-04-30,etfs_com_petroleo,309.41567270565326
2021-05-31,etfs_com_petroleo,311.8897270696872
2021-06-30,etfs_com_petroleo,297.68114815957205
2021-07-31,etfs_com_petroleo,299.0956365066784
2021-08-31,etfs_com_petroleo,310.0222825103384
2021-09-30,etfs_com_petroleo,309.87920776409317
2021-10-31,etfs_com_petroleo,325.80033406769996
2021-11-30,etfs_com_petroleo,310.50290871758517
2021-12-31,etfs_com_petroleo,320.2695806856836
2022-01-31,etfs_com_petroleo,312.6605961028185
2022-02-28,etfs_com_petroleo,299.498542152738
2022-03-31,etfs_com_petroleo,289.37030795587896
2022-04-30,etfs_com_petroleo,275.28497141546876
2022-05-31,etfs_com_petroleo,275.6789190125622
2022-06-30,etfs_com_petroleo,269.9550001020053
2022-07-31,etfs_com_petroleo,281.6764243802625
2022-08-31,etfs_com_petroleo,274.27346526403267
2022-09-30,etfs_com_petroleo,262.62226579204605
2022-10-31,etfs_com_petroleo,271.49850093215684
2022-11-30,etfs_com_petroleo,297.606553945603
2022-12-31,etfs_com_petroleo,291.9129149171478
2023-01-31,etfs_com_petroleo,306.25984807393706
2023-02-28,etfs_com_petroleo,295.31061178521026
2023-03-31,etfs_com_petroleo,296.15705304054944
2023-04-30,etfs_com_petroleo,293.8377850625532
2023-05-31,etfs_com_petroleo,290.47102286335524
2023-06-30,etfs_com_petroleo,297.7292867653037
2023-07-31,etfs_com_petroleo,304.3384778673078
2023-08-31,etfs_com_petroleo,297.9032028344054
2023-09-30,etfs_com_petroleo,295.53920126967677
2023-10-31,etfs_com_petroleo,284.09464156168315
2023-11-30,etfs_com_petroleo,302.3203426456859
2023-12-31,etfs_com_petroleo,314.092673106488
2024-01-31,etfs_com_petroleo,310.09232738238086
2024-02-29,etfs_com_petroleo,318.35416543650575
2024-03-31,etfs_com_petroleo,329.09035245071897
2024-04-30,etfs_com_petroleo,331.0175627179829
2024-05-31,etfs_com_petroleo,344.76965801243654
2024-06-30,etfs_com_petroleo,359.8189512493153
2024-07-31,etfs_com_petroleo,371.2460985415705
2024-08-31,etfs_com_petroleo,381.01560757051044
2024-09-30,etfs_com_petroleo,378.1276808175031
2024-10-31,etfs_com_petroleo,387.15140184633714
2024-11-30,etfs_com_petroleo,403.3052290349122
2024-12-31,etfs_com_petroleo,399.73729841262707
2025-01-31,etfs_com_petroleo,395.9985827137363
2025-02-28,etfs_com_petroleo,397.00306190784613
2025-03-31,etfs_com_petroleo,396.88439806587525
2025-04-30,etfs_com_petroleo,396.22297186182647
2025-05-31,etfs_com_petroleo,418.3633704671089
2025-06-30,etfs_com_petroleo,422.7026430931362
2025-07-31,etfs_com_petroleo,426.79631690128366
2025-08-31,etfs_com_petroleo,429.34992064917213
2025-09-30,etfs_com_petroleo,436.0478448667271
2025-10-31,etfs_com_petroleo,452.80001491729
2025-11-30,etfs_com_petroleo,457.2098745888525
2025-12-31,etfs_com_petroleo,474.95338094124946
2026-01-31,etfs_com_petroleo,486.5334461183533
2026-02-28,etfs_com_petroleo,500.64631886152495
2026-03-31,etfs_com_petroleo,487.67556458658873
2026-04-30,etfs_com_petroleo,491.8040807595392
2015-02-28,etfs_todos,116.97547335349367
2015-03-31,etfs_todos,126.9035488241826
2015-04-30,etfs_todos,122.22020401620728
2015-05-31,etfs_todos,127.10164258080098
2015-06-30,etfs_todos,121.96002550648915
2015-07-31,etfs_todos,128.1233697019638
2015-08-31,etfs_todos,125.1761728600157
2015-09-30,etfs_todos,135.16560813525928
2015-10-31,etfs_todos,138.39401050891564
2015-11-30,etfs_todos,135.4982554033751
2015-12-31,etfs_todos,135.23153841064507
2016-01-31,etfs_todos,131.35899472601469
2016-02-29,etfs_todos,127.64760050892201
2016-03-31,etfs_todos,129.41494196997522
2016-04-30,etfs_todos,128.57320739744156
2016-05-31,etfs_todos,128.18323945726712
2016-06-30,etfs_todos,120.23027972002573
2016-07-31,etfs_todos,128.32415318283728
2016-08-31,etfs_todos,126.48983715640298
2016-09-30,etfs_todos,129.4487617281003
2016-10-31,etfs_todos,127.60563255538872
2016-11-30,etfs_todos,132.42052152224474
2016-12-31,etfs_todos,125.94798790653428
2017-01-31,etfs_todos,127.64523807951325
2017-02-28,etfs_todos,129.74341907181847
2017-03-31,etfs_todos,135.26814595508162
2017-04-30,etfs_todos,138.69433609456547
2017-05-31,etfs_todos,144.01341997987794
2017-06-30,etfs_todos,146.78484826898156
2017-07-31,etfs_todos,148.09308885099364
2017-08-31,etfs_todos,149.6028095507298
2017-09-30,etfs_todos,152.38523359445642
2017-10-31,etfs_todos,159.38591476906538
2017-11-30,etfs_todos,157.19014818209104
2017-12-31,etfs_todos,166.99846252497298
2018-01-31,etfs_todos,170.7724100491561
2018-02-28,etfs_todos,166.1774488740886
2018-03-31,etfs_todos,168.64809218543806
2018-04-30,etfs_todos,175.96110537748095
2018-05-31,etfs_todos,182.02822788814703
2018-06-30,etfs_todos,183.9752303375223
2018-07-31,etfs_todos,185.37572664978592
2018-08-31,etfs_todos,197.91996462508703
2018-09-30,etfs_todos,192.44072288261597
2018-10-31,etfs_todos,165.9293997446018
2018-11-30,etfs_todos,177.18245576489264
2018-12-31,etfs_todos,171.1161094985467
2019-01-31,etfs_todos,178.19274476112255
2019-02-28,etfs_todos,181.03149355203155
2019-03-31,etfs_todos,189.6571829097174
2019-04-30,etfs_todos,196.25684579410319
2019-05-31,etfs_todos,187.49399974689425
2019-06-30,etfs_todos,191.7164477566026
2019-07-31,etfs_todos,186.81522381949028
2019-08-31,etfs_todos,195.49016183531506
2019-09-30,etfs_todos,199.8804861745423
2019-10-31,etfs_todos,196.72519709324015
2019-11-30,etfs_todos,206.6403690557033
2019-12-31,etfs_todos,210.5325000949942
2020-01-31,etfs_todos,212.8308461961073
2020-02-29,etfs_todos,207.21781018891804
2020-03-31,etfs_todos,188.9202933802103
2020-04-30,etfs_todos,213.1564599793215
2020-05-31,etfs_todos,225.31263649988608
2020-06-30,etfs_todos,238.8473531215809
2020-07-31,etfs_todos,240.6784339453205
2020-08-31,etfs_todos,256.4890232063504
2020-09-30,etfs_todos,258.5954477540333
2020-10-31,etfs_todos,261.5953448082869
2020-11-30,etfs_todos,277.83359179478106
2020-12-31,etfs_todos,289.56586823568534
2021-01-31,etfs_todos,300.19453367302094
2021-02-28,etfs_todos,312.2217621056047
2021-03-31,etfs_todos,335.1041414369207
2021-04-30,etfs_todos,318.61746371275143
2021-05-31,etfs_todos,320.864086616607
2021-06-30,etfs_todos,304.6073452457969
2021-07-31,etfs_todos,305.5671157333417
2021-08-31,etfs_todos,317.3522312675121
2021-09-30,etfs_todos,315.7596552917603
2021-10-31,etfs_todos,331.8168363627672
2021-11-30,etfs_todos,316.9810604670692
2021-12-31,etfs_todos,325.9844998548371
2022-01-31,etfs_todos,315.92535549759464
2022-02-28,etfs_todos,301.9378386876554
2022-03-31,etfs_todos,290.5858991717856
2022-04-30,etfs_todos,275.3751203954239
2022-05-31,etfs_todos,274.66518507607816
2022-06-30,etfs_todos,269.13312621696986
2022-07-31,etfs_todos,281.1527532288678
2022-08-31,etfs_todos,273.5708700168031
2022-09-30,etfs_todos,261.5389826215636
2022-10-31,etfs_todos,269.6687311674792
2022-11-30,etfs_todos,298.0438488842758
2022-12-31,etfs_todos,292.063179189225
2023-01-31,etfs_todos,307.65788821178455
2023-02-28,etfs_todos,296.16915622332294
2023-03-31,etfs_todos,297.2384883771294
2023-04-30,etfs_todos,294.6256428935216
2023-05-31,etfs_todos,290.80184987260435
2023-06-30,etfs_todos,298.1775934931985
2023-07-31,etfs_todos,304.25856480279407
2023-08-31,etfs_todos,296.6062935921533
2023-09-30,etfs_todos,293.22504853338563
2023-10-31,etfs_todos,282.42623686594095
2023-11-30,etfs_todos,301.77368119870414
2023-12-31,etfs_todos,314.4017657314934
2024-01-31,etfs_todos,309.47308592414
2024-02-29,etfs_todos,317.48282979498936
2024-03-31,etfs_todos,328.2581369953279
2024-04-30,etfs_todos,330.07170858518464
2024-05-31,etfs_todos,345.14266207284624
2024-06-30,etfs_todos,360.15937363568673
2024-07-31,etfs_todos,372.56636844317495
2024-08-31,etfs_todos,383.37179435437656
2024-09-30,etfs_todos,381.88641675183925
2024-10-31,etfs_todos,389.47391622125383
2024-11-30,etfs_todos,405.74741267737517
2024-12-31,etfs_todos,400.86516541354644
2025-01-31,etfs_todos,397.68890224430413
2025-02-28,etfs_todos,399.44910148562457
2025-03-31,etfs_todos,399.05146667431393
2025-04-30,etfs_todos,400.7093751309948
2025-05-31,etfs_todos,422.49795654299345
2025-06-30,etfs_todos,425.87587873976355
2025-07-31,etfs_todos,428.42091725349485
2025-08-31,etfs_todos,433.31177528204205
2025-09-30,etfs_todos,441.36716790986077
2025-10-31,etfs_todos,458.2684220129211
2025-11-30,etfs_todos,462.58465048666676
2025-12-31,etfs_todos,482.268623332986
2026-01-31,etfs_todos,491.9139881938322
2026-02-28,etfs_todos,506.50743598092174
2026-03-31,etfs_todos,481.58655554718496
2026-04-30,etfs_todos,488.00975764129413
2015-02-28,etfs_global,118.36525451821782
2015-03-31,etfs_global,129.7647439442361
2015-04-30,etfs_global,122.68303651125537
2015-05-31,etfs_global,131.30464000716339
2015-06-30,etfs_global,126.05761872527536
2015-07-31,etfs_global,137.86646275035787
2015-08-31,etfs_global,136.15421168424072
2015-09-30,etfs_global,148.34619680470928
2015-10-31,etfs_global,150.66127016832596
2015-11-30,etfs_global,149.72044554285955
2015-12-31,etfs_global,150.91566530490297
2016-01-31,etfs_global,146.50611708354413
2016-02-29,etfs_global,139.76348225376088
2016-03-31,etfs_global,136.19283405826326
2016-04-30,etfs_global,134.0893557193309
2016-05-31,etfs_global,137.59542329584806
2016-06-30,etfs_global,123.50395753446736
2016-07-31,etfs_global,130.27514909851666
2016-08-31,etfs_global,128.96856848376498
2016-09-30,etfs_global,131.4918731571187
2016-10-31,etfs_global,126.41256336247895
2016-11-30,etfs_global,136.01990867384518
2016-12-31,etfs_global,130.8655787765369
2017-01-31,etfs_global,129.93078123305034
2017-02-28,etfs_global,131.44110344987791
2017-03-31,etfs_global,136.2238394064734
2017-04-30,etfs_global,140.3114862241195
2017-05-31,etfs_global,147.57566231386167
2017-06-30,etfs_global,150.69083250666776
2017-07-31,etfs_global,149.0284613705496
2017-08-31,etfs_global,148.46016001141072
2017-09-30,etfs_global,152.87168380475873
2017-10-31,etfs_global,161.06525496544046
2017-11-30,etfs_global,161.2153234286441
2017-12-31,etfs_global,167.12276623088874
2018-01-31,etfs_global,168.77067117331222
2018-02-28,etfs_global,164.17976853613442
2018-03-31,etfs_global,166.27395585496933
2018-04-30,etfs_global,174.6877684016304
2018-05-31,etfs_global,187.15147045883955
2018-06-30,etfs_global,191.87285428954954
2018-07-31,etfs_global,190.20468730840864
2018-08-31,etfs_global,210.6217448619179
2018-09-30,etfs_global,204.76780780987238
2018-10-31,etfs_global,173.26421948820848
2018-11-30,etfs_global,182.54193605358947
2018-12-31,etfs_global,171.81005612094856
2019-01-31,etfs_global,175.89386607119891
2019-02-28,etfs_global,182.51124590904678
2019-03-31,etfs_global,192.68520930586016
2019-04-30,etfs_global,201.11092157408655
2019-05-31,etfs_global,191.54328890239054
2019-06-30,etfs_global,194.9307758119044
2019-07-31,etfs_global,191.607701401661
2019-08-31,etfs_global,206.50628313624213
2019-09-30,etfs_global,211.54316882577078
2019-10-31,etfs_global,208.91533862631465
2019-11-30,etfs_global,223.64097275896543
2019-12-31,etfs_global,221.96233734160361
2020-01-31,etfs_global,229.1966890866569
2020-02-29,etfs_global,224.11640330411248
2020-03-31,etfs_global,221.54908393032224
2020-04-30,etfs_global,247.05308002828926
2020-05-31,etfs_global,263.66687091806074
2020-06-30,etfs_global,272.17097191397227
2020-07-31,etfs_global,269.9606205266235
2020-08-31,etfs_global,298.1121727955149
2020-09-30,etfs_global,304.0495181691482
2020-10-31,etfs_global,303.1165752771734
2020-11-30,etfs_global,317.2494927600087
2020-12-31,etfs_global,324.3437327142659
2021-01-31,etfs_global,338.0998958379447
2021-02-28,etfs_global,352.1376662166654
2021-03-31,etfs_global,377.9844838315933
2021-04-30,etfs_global,362.121433541908
2021-05-31,etfs_global,364.5607967834672
2021-06-30,etfs_global,345.33927017214984
2021-07-31,etfs_global,356.31490563169893
2021-08-31,etfs_global,369.9063764800362
2021-09-30,etfs_global,371.84239490125765
2021-10-31,etfs_global,404.11575954383704
2021-11-30,etfs_global,386.6682801578048
2021-12-31,etfs_global,400.2925543106719
2022-01-31,etfs_global,369.160124230842
2022-02-28,etfs_global,345.2939205616295
2022-03-31,etfs_global,323.32573737419807
2022-04-30,etfs_global,309.8576757575124
2022-05-31,etfs_global,301.40695937256237
2022-06-30,etfs_global,300.1693669951979
2022-07-31,etfs_global,318.745850377935
2022-08-31,etfs_global,299.184661266637
2022-09-30,etfs_global,284.75016102623545
2022-10-31,etfs_global,296.4208366138043
2022-11-30,etfs_global,326.14113351005665
2022-12-31,etfs_global,316.2233320396725
2023-01-31,etfs_global,331.50207817539246
2023-02-28,etfs_global,325.6620352794985
2023-03-31,etfs_global,328.1113236382602
2023-04-30,etfs_global,327.2455340821993
2023-05-31,etfs_global,323.01116157609727
2023-06-30,etfs_global,327.4193992714261
2023-07-31,etfs_global,329.316501078565
2023-08-31,etfs_global,329.1821788822999
2023-09-30,etfs_global,325.26948141776654
2023-10-31,etfs_global,316.1472055795849
2023-11-30,etfs_global,334.52373196793644
2023-12-31,etfs_global,348.3456144429633
2024-01-31,etfs_global,353.83034104351196
2024-02-29,etfs_global,367.87230408148775
2024-03-31,etfs_global,382.30602126179826
2024-04-30,etfs_global,378.34362062874436
2024-05-31,etfs_global,402.42822583254787
2024-06-30,etfs_global,425.77898082394717
2024-07-31,etfs_global,444.7315175578608
2024-08-31,etfs_global,457.92993756121814
2024-09-30,etfs_global,449.3187748178675
2024-10-31,etfs_global,459.14891056839247
2024-11-30,etfs_global,489.8568723817625
2024-12-31,etfs_global,487.3415262580079
2025-01-31,etfs_global,480.89036475625903
2025-02-28,etfs_global,482.60733814743
2025-03-31,etfs_global,467.4234824882041
2025-04-30,etfs_global,466.67364299977254
2025-05-31,etfs_global,495.9823613225045
2025-06-30,etfs_global,499.09953851759275
2025-07-31,etfs_global,507.09037852232484
2025-08-31,etfs_global,510.1918901970229
2025-09-30,etfs_global,516.6989340937848
2025-10-31,etfs_global,532.8097050944626
2025-11-30,etfs_global,533.1001696411664
2025-12-31,etfs_global,556.3227119906112
2026-01-31,etfs_global,550.816633477624
2026-02-28,etfs_global,565.9926679400083
2026-03-31,etfs_global,537.0935257839221
2026-04-30,etfs_global,545.4843873185135
2015-02-28,etfs_exterior,118.02696253113876
2015-03-31,etfs_exterior,129.3530706777565
2015-04-30,etfs_exterior,122.2732929290676
2015-05-31,etfs_exterior,128.72959382974733
2015-06-30,etfs_exterior,123.17265888726556
2015-07-31,etfs_exterior,131.1081644172524
2015-08-31,etfs_exterior,129.2903267285865
2015-09-30,etfs_exterior,141.11781354593717
2015-10-31,etfs_exterior,144.52361960282053
2015-11-30,etfs_exterior,141.65327153287845
2015-12-31,etfs_exterior,141.94832674261306
2016-01-31,etfs_exterior,138.73466328822687
2016-02-29,etfs_exterior,133.09111306891137
2016-03-31,etfs_exterior,132.46526673770688
2016-04-30,etfs_exterior,130.53341351071614
2016-05-31,etfs_exterior,131.8524401782384
2016-06-30,etfs_exterior,121.27002233585615
2016-07-31,etfs_exterior,128.61415387668134
2016-08-31,etfs_exterior,126.73171619736463
2016-09-30,etfs_exterior,129.86042828826376
2016-10-31,etfs_exterior,126.32939256639342
2016-11-30,etfs_exterior,132.6770080584182
2016-12-31,etfs_exterior,126.24236842966607
2017-01-31,etfs_exterior,126.77894769679598
2017-02-28,etfs_exterior,128.40355698810075
2017-03-31,etfs_exterior,134.80066780076106
2017-04-30,etfs_exterior,138.27854768491085
2017-05-31,etfs_exterior,144.87991834105142
2017-06-30,etfs_exterior,147.59041795469068
2017-07-31,etfs_exterior,147.6262358307912
2017-08-31,etfs_exterior,147.56081887483467
2017-09-30,etfs_exterior,150.4289558121527
2017-10-31,etfs_exterior,158.81302483561
2017-11-30,etfs_exterior,157.00511012008315
2017-12-31,etfs_exterior,166.2727324683889
2018-01-31,etfs_exterior,168.57948693936572
2018-02-28,etfs_exterior,163.25558883439842
2018-03-31,etfs_exterior,166.03620833670803
2018-04-30,etfs_exterior,174.18987527641198
2018-05-31,etfs_exterior,182.83211175526486
2018-06-30,etfs_exterior,185.7543697279648
2018-07-31,etfs_exterior,185.87809828678786
2018-08-31,etfs_exterior,201.09185687373454
2018-09-30,etfs_exterior,194.50216869261453
2018-10-31,etfs_exterior,162.7153777976201
2018-11-30,etfs_exterior,173.87146621445183
2018-12-31,etfs_exterior,167.04371562192165
2019-01-31,etfs_exterior,172.1595159880549
2019-02-28,etfs_exterior,175.45315926686885
2019-03-31,etfs_exterior,185.0723433433273
2019-04-30,etfs_exterior,191.79605341912506
2019-05-31,etfs_exterior,182.7349804873253
2019-06-30,etfs_exterior,186.20034368796524
2019-07-31,etfs_exterior,180.23097942487144
2019-08-31,etfs_exterior,189.37649740880676
2019-09-30,etfs_exterior,194.12119140161005
2019-10-31,etfs_exterior,190.39646602635014
2019-11-30,etfs_exterior,200.9458574124018
2019-12-31,etfs_exterior,202.5933140268782
2020-01-31,etfs_exterior,205.5163790718712
2020-02-29,etfs_exterior,200.6328207589236
2020-03-31,etfs_exterior,188.80449434028702
2020-04-30,etfs_exterior,213.51348659434026
2020-05-31,etfs_exterior,226.22191801197
2020-06-30,etfs_exterior,237.97601813566857
2020-07-31,etfs_exterior,237.42311124864634
2020-08-31,etfs_exterior,256.12138041841115
2020-09-30,etfs_exterior,260.1197595913962
2020-10-31,etfs_exterior,262.4835919192896
2020-11-30,etfs_exterior,276.7106205976066
2020-12-31,etfs_exterior,287.2014039877358
2021-01-31,etfs_exterior,299.70353979492137
2021-02-28,etfs_exterior,314.90446334117075
2021-03-31,etfs_exterior,338.5179256456683
2021-04-30,etfs_exterior,318.6903398675054
2021-05-31,etfs_exterior,319.7887331742876
2021-06-30,etfs_exterior,302.00207594578563
2021-07-31,etfs_exterior,305.5705894287961
2021-08-31,etfs_exterior,320.2995100076875
2021-09-30,etfs_exterior,322.05613437689215
2021-10-31,etfs_exterior,343.1268429817292
2021-11-30,etfs_exterior,326.7921194944022
2021-12-31,etfs_exterior,336.52442324496064
2022-01-31,etfs_exterior,322.1793485359794
2022-02-28,etfs_exterior,305.93181929039986
2022-03-31,etfs_exterior,290.18373489580205
2022-04-30,etfs_exterior,277.07755834745467
2022-05-31,etfs_exterior,275.06421260192553
2022-06-30,etfs_exterior,271.13716836296396
2022-07-31,etfs_exterior,285.0098814261774
2022-08-31,etfs_exterior,273.67385910396433
2022-09-30,etfs_exterior,260.6589126760964
2022-10-31,etfs_exterior,270.03275346108063
2022-11-30,etfs_exterior,301.5009063508345
2022-12-31,etfs_exterior,294.9258259417444
2023-01-31,etfs_exterior,310.83507549258593
2023-02-28,etfs_exterior,301.8249138360716
2023-03-31,etfs_exterior,303.82517202449606
2023-04-30,etfs_exterior,300.8264922286008
2023-05-31,etfs_exterior,295.90769455303104
2023-06-30,etfs_exterior,301.3628770678012
2023-07-31,etfs_exterior,306.0035840226914
2023-08-31,etfs_exterior,301.32072136565324
2023-09-30,etfs_exterior,297.8259320358055
2023-10-31,etfs_exterior,287.2699600427868
2023-11-30,etfs_exterior,305.93618069720253
2023-12-31,etfs_exterior,318.08770032762277
2024-01-31,etfs_exterior,316.6680089574692
2024-02-29,etfs_exterior,326.3350255774507
2024-03-31,etfs_exterior,339.0604978820384
2024-04-30,etfs_exterior,341.6154298992515
2024-05-31,etfs_exterior,360.0145316349196
2024-06-30,etfs_exterior,378.4095677972696
2024-07-31,etfs_exterior,392.3511119973924
2024-08-31,etfs_exterior,402.7888381963928
2024-09-30,etfs_exterior,399.39930242334776
2024-10-31,etfs_exterior,409.08530949701907
2024-11-30,etfs_exterior,431.23679431349836
2024-12-31,etfs_exterior,428.1695109953762
2025-01-31,etfs_exterior,421.77732098565076
2025-02-28,etfs_exterior,423.7152937844376
2025-03-31,etfs_exterior,420.19463624370024
2025-04-30,etfs_exterior,420.18834815226035
2025-05-31,etfs_exterior,444.1156116256107
2025-06-30,etfs_exterior,447.19996594297663
2025-07-31,etfs_exterior,451.69018062093943
2025-08-31,etfs_exterior,452.7895860020981
2025-09-30,etfs_exterior,458.47166743857326
2025-10-31,etfs_exterior,480.8953334231704
2025-11-30,etfs_exterior,481.63519012806006
2025-12-31,etfs_exterior,504.47636261607147
2026-01-31,etfs_exterior,508.7056361353692
2026-02-28,etfs_exterior,525.3007466086433
2026-03-31,etfs_exterior,497.93469883398586
2026-04-30,etfs_exterior,502.9906708836172
2015-02-28,etfs_desenvolvidos_emergentes,117.51547361110919
2015-03-31,etfs_desenvolvidos_emergentes,128.8136472448872
2015-04-30,etfs_desenvolvidos_emergentes,124.46137450241197
2015-05-31,etfs_desenvolvidos_emergentes,130.67294054591446
2015-06-30,etfs_desenvolvidos_emergentes,125.10308463952242
2015-07-31,etfs_desenvolvidos_emergentes,131.92820857893707
2015-08-31,etfs_desenvolvidos_emergentes,128.44698081389117
2015-09-30,etfs_desenvolvidos_emergentes,141.12145977579618
2015-10-31,etfs_desenvolvidos_emergentes,142.4378564288598
2015-11-30,etfs_desenvolvidos_emergentes,140.1428998223477
2015-12-31,etfs_desenvolvidos_emergentes,140.31236225913636
2016-01-31,etfs_desenvolvidos_emergentes,136.4842426573213
2016-02-29,etfs_desenvolvidos_emergentes,130.35784779008281
2016-03-31,etfs_desenvolvidos_emergentes,129.90752833280666
2016-04-30,etfs_desenvolvidos_emergentes,127.57936940765669
2016-05-31,etfs_desenvolvidos_emergentes,128.36690542964703
2016-06-30,etfs_desenvolvidos_emergentes,117.82891350565268
2016-07-31,etfs_desenvolvidos_emergentes,124.96414407627807
2016-08-31,etfs_desenvolvidos_emergentes,124.11453087605908
2016-09-30,etfs_desenvolvidos_emergentes,127.68925352135855
2016-10-31,etfs_desenvolvidos_emergentes,123.33149000657278
2016-11-30,etfs_desenvolvidos_emergentes,129.22818308719454
2016-12-31,etfs_desenvolvidos_emergentes,122.85790966991306
2017-01-31,etfs_desenvolvidos_emergentes,124.11283134186158
2017-02-28,etfs_desenvolvidos_emergentes,125.2155755646084
2017-03-31,etfs_desenvolvidos_emergentes,131.10724879730608
2017-04-30,etfs_desenvolvidos_emergentes,135.2264921940143
2017-05-31,etfs_desenvolvidos_emergentes,142.39944484255219
2017-06-30,etfs_desenvolvidos_emergentes,145.70604734244057
2017-07-31,etfs_desenvolvidos_emergentes,146.06226798874243
2017-08-31,etfs_desenvolvidos_emergentes,146.8883760401273
2017-09-30,etfs_desenvolvidos_emergentes,149.78928852381785
2017-10-31,etfs_desenvolvidos_emergentes,158.69431195942428
2017-11-30,etfs_desenvolvidos_emergentes,157.41455520371522
2017-12-31,etfs_desenvolvidos_emergentes,164.9059029547499
2018-01-31,etfs_desenvolvidos_emergentes,168.42839580654703
2018-02-28,etfs_desenvolvidos_emergentes,162.77356663044523
2018-03-31,etfs_desenvolvidos_emergentes,166.67158733525474
2018-04-30,etfs_desenvolvidos_emergentes,172.43553312603618
2018-05-31,etfs_desenvolvidos_emergentes,182.1195938674845
2018-06-30,etfs_desenvolvidos_emergentes,182.88029515931882
2018-07-31,etfs_desenvolvidos_emergentes,181.3462652481975
2018-08-31,etfs_desenvolvidos_emergentes,196.71459628246055
2018-09-30,etfs_desenvolvidos_emergentes,189.94979762665628
2018-10-31,etfs_desenvolvidos_emergentes,159.76848515815107
2018-11-30,etfs_desenvolvidos_emergentes,170.84661163716282
2018-12-31,etfs_desenvolvidos_emergentes,164.46847533596826
2019-01-31,etfs_desenvolvidos_emergentes,169.62556647602506
2019-02-28,etfs_desenvolvidos_emergentes,172.81297904191734
2019-03-31,etfs_desenvolvidos_emergentes,182.29995710440653
2019-04-30,etfs_desenvolvidos_emergentes,189.11318785894954
2019-05-31,etfs_desenvolvidos_emergentes,179.1361940317745
2019-06-30,etfs_desenvolvidos_emergentes,181.74255194670747
2019-07-31,etfs_desenvolvidos_emergentes,176.42175560256842
2019-08-31,etfs_desenvolvidos_emergentes,188.53617638248335
2019-09-30,etfs_desenvolvidos_emergentes,192.46323239741952
2019-10-31,etfs_desenvolvidos_emergentes,191.5632209226294
2019-11-30,etfs_desenvolvidos_emergentes,202.61382455029823
2019-12-31,etfs_desenvolvidos_emergentes,205.01125164792322
2020-01-31,etfs_desenvolvidos_emergentes,206.94462518585738
2020-02-29,etfs_desenvolvidos_emergentes,206.34485295748118
2020-03-31,etfs_desenvolvidos_emergentes,200.60599801509258
2020-04-30,etfs_desenvolvidos_emergentes,221.45077173990782
2020-05-31,etfs_desenvolvidos_emergentes,234.10684452507726
2020-06-30,etfs_desenvolvidos_emergentes,245.9276485544701
2020-07-31,etfs_desenvolvidos_emergentes,247.84278300476043
2020-08-31,etfs_desenvolvidos_emergentes,269.88752885785357
2020-09-30,etfs_desenvolvidos_emergentes,278.070445280881
2020-10-31,etfs_desenvolvidos_emergentes,282.0974454817494
2020-11-30,etfs_desenvolvidos_emergentes,292.0518211697574
2020-12-31,etfs_desenvolvidos_emergentes,301.8274053825865
2021-01-31,etfs_desenvolvidos_emergentes,319.6211850583753
2021-02-28,etfs_desenvolvidos_emergentes,331.15510457438756
2021-03-31,etfs_desenvolvidos_emergentes,349.544173613573
2021-04-30,etfs_desenvolvidos_emergentes,330.9098967840671
2021-05-31,etfs_desenvolvidos_emergentes,333.5561178462952
2021-06-30,etfs_desenvolvidos_emergentes,315.99895135732345
2021-07-31,etfs_desenvolvidos_emergentes,315.666366547229
2021-08-31,etfs_desenvolvidos_emergentes,326.39136630270986
2021-09-30,etfs_desenvolvidos_emergentes,328.9940293563424
2021-10-31,etfs_desenvolvidos_emergentes,350.403444736
2021-11-30,etfs_desenvolvidos_emergentes,333.15666728381575
2021-12-31,etfs_desenvolvidos_emergentes,341.5227856845551
2022-01-31,etfs_desenvolvidos_emergentes,321.6825049772568
2022-02-28,etfs_desenvolvidos_emergentes,299.2916879464108
2022-03-31,etfs_desenvolvidos_emergentes,273.5589167760636
2022-04-30,etfs_desenvolvidos_emergentes,265.17715494884766
2022-05-31,etfs_desenvolvidos_emergentes,258.11131104781873
2022-06-30,etfs_desenvolvidos_emergentes,260.6080476383282
2022-07-31,etfs_desenvolvidos_emergentes,267.59942612605477
2022-08-31,etfs_desenvolvidos_emergentes,255.14799277613602
2022-09-30,etfs_desenvolvidos_emergentes,240.36074204492684
2022-10-31,etfs_desenvolvidos_emergentes,240.9959262595414
2022-11-30,etfs_desenvolvidos_emergentes,272.7350731845751
2022-12-31,etfs_desenvolvidos_emergentes,267.1961391298896
2023-01-31,etfs_desenvolvidos_emergentes,281.83906870508173
2023-02-28,etfs_desenvolvidos_emergentes,271.62130817372525
2023-03-31,etfs_desenvolvidos_emergentes,273.6000832338786
2023-04-30,etfs_desenvolvidos_emergentes,270.287456708704
2023-05-31,etfs_desenvolvidos_emergentes,265.55322591137485
2023-06-30,etfs_desenvolvidos_emergentes,267.67897493001743
2023-07-31,etfs_desenvolvidos_emergentes,272.2390562883382
2023-08-31,etfs_desenvolvidos_emergentes,267.644148981844
2023-09-30,etfs_desenvolvidos_emergentes,266.20748525934647
2023-10-31,etfs_desenvolvidos_emergentes,257.7662253286404
2023-11-30,etfs_desenvolvidos_emergentes,271.65902720299783
2023-12-31,etfs_desenvolvidos_emergentes,281.3893022415232
2024-01-31,etfs_desenvolvidos_emergentes,279.59064476326876
2024-02-29,etfs_desenvolvidos_emergentes,289.8716733070641
2024-03-31,etfs_desenvolvidos_emergentes,300.1853139731368
2024-04-30,etfs_desenvolvidos_emergentes,302.71026290584786
2024-05-31,etfs_desenvolvidos_emergentes,317.7210082444561
2024-06-30,etfs_desenvolvidos_emergentes,337.82076668981847
2024-07-31,etfs_desenvolvidos_emergentes,351.1282110660618
2024-08-31,etfs_desenvolvidos_emergentes,358.9833777316572
2024-09-30,etfs_desenvolvidos_emergentes,357.83221017060606
2024-10-31,etfs_desenvolvidos_emergentes,363.85307368881206
2024-11-30,etfs_desenvolvidos_emergentes,376.0260586630751
2024-12-31,etfs_desenvolvidos_emergentes,376.0977257891337
2025-01-31,etfs_desenvolvidos_emergentes,368.191366209945
2025-02-28,etfs_desenvolvidos_emergentes,371.6606577036868
2025-03-31,etfs_desenvolvidos_emergentes,368.3108941650135
2025-04-30,etfs_desenvolvidos_emergentes,367.3571173106338
2025-05-31,etfs_desenvolvidos_emergentes,388.4089887504482
2025-06-30,etfs_desenvolvidos_emergentes,395.4718514534011
2025-07-31,etfs_desenvolvidos_emergentes,400.6911420852659
2025-08-31,etfs_desenvolvidos_emergentes,403.3091459263305
2025-09-30,etfs_desenvolvidos_emergentes,413.7908300226706
2025-10-31,etfs_desenvolvidos_emergentes,429.64022943981445
2025-11-30,etfs_desenvolvidos_emergentes,425.921607466164
2025-12-31,etfs_desenvolvidos_emergentes,446.6286441709748
2026-01-31,etfs_desenvolvidos_emergentes,452.66690601802014
2026-02-28,etfs_desenvolvidos_emergentes,474.71909659507486
2026-03-31,etfs_desenvolvidos_emergentes,443.3241748881529
2026-04-30,etfs_desenvolvidos_emergentes,454.2919364881932
2015-02-28,etfs_asia,116.50842411808809
2015-03-31,etfs_asia,129.5610927061206
2015-04-30,etfs_asia,123.56102806360374
2015-05-31,etfs_asia,132.05904648019907
2015-06-30,etfs_asia,126.74243834369918
2015-07-31,etfs_asia,134.03843391208176
2015-08-31,etfs_asia,128.94851618189415
2015-09-30,etfs_asia,143.62852523941896
2015-10-31,etfs_asia,144.97484824583893
2015-11-30,etfs_asia,142.53607719422084
2015-12-31,etfs_asia,144.86044112552239
2016-01-31,etfs_asia,139.11612987481448
2016-02-29,etfs_asia,132.17508261380317
2016-03-31,etfs_asia,130.53493151301942
2016-04-30,etfs_asia,125.19191261670134
2016-05-31,etfs_asia,129.77719513594351
2016-06-30,etfs_asia,119.20935718119341
2016-07-31,etfs_asia,127.81912919474847
2016-08-31,etfs_asia,127.91209801857835
2016-09-30,etfs_asia,132.4582104990159
2016-10-31,etfs_asia,128.71510818137602
2016-11-30,etfs_asia,135.07366054804223
2016-12-31,etfs_asia,123.82633479313148
2017-01-31,etfs_asia,126.42504672829602
2017-02-28,etfs_asia,128.85676298286677
2017-03-31,etfs_asia,134.37919194963573
2017-04-30,etfs_asia,138.07073775980646
2017-05-31,etfs_asia,146.05378389638634
2017-06-30,etfs_asia,149.83510142632147
2017-07-31,etfs_asia,149.96527603013146
2017-08-31,etfs_asia,150.3756252135956
2017-09-30,etfs_asia,151.04602515119043
2017-10-31,etfs_asia,163.09068637804847
2017-11-30,etfs_asia,162.90132252670992
2017-12-31,etfs_asia,169.23888449652392
2018-01-31,etfs_asia,171.6642842038264
2018-02-28,etfs_asia,166.39432878816106
2018-03-31,etfs_asia,170.64502483272642
2018-04-30,etfs_asia,177.4002685418357
2018-05-31,etfs_asia,189.55624708528137
2018-06-30,etfs_asia,189.84411115797303
2018-07-31,etfs_asia,187.76571682741073
2018-08-31,etfs_asia,206.503390804188
2018-09-30,etfs_asia,198.22808122050847
2018-10-31,etfs_asia,164.01421557910086
2018-11-30,etfs_asia,179.533425974011
2018-12-31,etfs_asia,174.13835242586777
2019-01-31,etfs_asia,176.88549559078666
2019-02-28,etfs_asia,180.91966399219768
2019-03-31,etfs_asia,193.55909414452722
2019-04-30,etfs_asia,198.72098034030913
2019-05-31,etfs_asia,188.5247128417436
2019-06-30,etfs_asia,189.7614816311038
2019-07-31,etfs_asia,183.23500214591414
2019-08-31,etfs_asia,194.89173733919392
2019-09-30,etfs_asia,200.27996467750177
2019-10-31,etfs_asia,200.3201306304723
2019-11-30,etfs_asia,211.34934778753575
2019-12-31,etfs_asia,210.93287311016587
2020-01-31,etfs_asia,212.49722939952625
2020-02-29,etfs_asia,216.4699481283601
2020-03-31,etfs_asia,219.1613585036167
2020-04-30,etfs_asia,242.39056250104568
2020-05-31,etfs_asia,249.1460984012003
2020-06-30,etfs_asia,262.93667205193105
2020-07-31,etfs_asia,260.54946528986596
2020-08-31,etfs_asia,286.80147357751
2020-09-30,etfs_asia,300.6483581847187
2020-10-31,etfs_asia,307.1752792129378
2020-11-30,etfs_asia,312.11646885063
2020-12-31,etfs_asia,323.8910940072759
2021-01-31,etfs_asia,343.8616006295705
2021-02-28,etfs_asia,360.34455339752094
2021-03-31,etfs_asia,378.56400862190924
2021-04-30,etfs_asia,352.720534745026
2021-05-31,etfs_asia,353.65387335201046
2021-06-30,etfs_asia,332.86042524229214
2021-07-31,etfs_asia,332.6515346714027
2021-08-31,etfs_asia,345.08103208945727
2021-09-30,etfs_asia,351.7553885119021
2021-10-31,etfs_asia,367.3477704984315
2021-11-30,etfs_asia,352.9111511300832
2021-12-31,etfs_asia,358.21722830992564
2022-01-31,etfs_asia,339.0123104578405
2022-02-28,etfs_asia,315.97588953785083
2022-03-31,etfs_asia,285.8901306218177
2022-04-30,etfs_asia,277.886773926565
2022-05-31,etfs_asia,270.8822192155437
2022-06-30,etfs_asia,282.3799863378019
2022-07-31,etfs_asia,286.9157885535665
2022-08-31,etfs_asia,275.8691124927991
2022-09-30,etfs_asia,259.3138927214754
2022-10-31,etfs_asia,246.9064278812088
2022-11-30,etfs_asia,288.8702023823386
2022-12-31,etfs_asia,286.3696907082606
2023-01-31,etfs_asia,296.68214929862984
2023-02-28,etfs_asia,283.2685765836592
2023-03-31,etfs_asia,286.305385538917
2023-04-30,etfs_asia,280.16375332320945
2023-05-31,etfs_asia,278.79864643459536
2023-06-30,etfs_asia,279.3233017478959
2023-07-31,etfs_asia,282.3954392712267
2023-08-31,etfs_asia,276.09661768782115
2023-09-30,etfs_asia,275.8223582067878
2023-10-31,etfs_asia,269.00364539772585
2023-11-30,etfs_asia,276.7661328341888
2023-12-31,etfs_asia,286.27844383367
2024-01-31,etfs_asia,282.83605165937286
2024-02-29,etfs_asia,296.59553907519546
2024-03-31,etfs_asia,301.68013475954024
2024-04-30,etfs_asia,306.0880519405961
2024-05-31,etfs_asia,320.9725623678795
2024-06-30,etfs_asia,340.7399747640171
2024-07-31,etfs_asia,351.7978764588504
2024-08-31,etfs_asia,359.84465684390506
2024-09-30,etfs_asia,367.25668677695097
2024-10-31,etfs_asia,373.14812425538577
2024-11-30,etfs_asia,385.97996528295585
2024-12-31,etfs_asia,387.22822616677234
2025-01-31,etfs_asia,370.467108947885
2025-02-28,etfs_asia,374.81128657859654
2025-03-31,etfs_asia,370.6725582966433
2025-04-30,etfs_asia,367.83039841328326
2025-05-31,etfs_asia,390.76735521580724
2025-06-30,etfs_asia,400.3928058612363
2025-07-31,etfs_asia,408.95696024070605
2025-08-31,etfs_asia,408.70017621813224
2025-09-30,etfs_asia,417.61697039590297
2025-10-31,etfs_asia,438.2762970527049
2025-11-30,etfs_asia,434.4554323254961
2025-12-31,etfs_asia,447.3338150199253
2026-01-31,etfs_asia,453.2750402799218
2026-02-28,etfs_asia,475.986277551236
2026-03-31,etfs_asia,448.1153394892609
2026-04-30,etfs_asia,452.90018174019104
2015-02-28,etfs_latam,120.62229116266442
2015-03-31,etfs_latam,131.4270222328223
2015-04-30,etfs_latam,123.91852019666689
2015-05-31,etfs_latam,130.37330833071573
2015-06-30,etfs_latam,123.83485905226243
2015-07-31,etfs_latam,128.33363614911147
2015-08-31,etfs_latam,130.8139296460864
2015-09-30,etfs_latam,140.51641128730262
2015-10-31,etfs_latam,145.8015558248221
2015-11-30,etfs_latam,139.48356189184375
2015-12-31,etfs_latam,138.16478906122666
2016-01-31,etfs_latam,139.68767217058343
2016-02-29,etfs_latam,138.97470390975326
2016-03-31,etfs_latam,138.36165724420232
2016-04-30,etfs_latam,137.49643674743425
2016-05-31,etfs_latam,132.11847565104617
2016-06-30,etfs_latam,125.25847211671406
2016-07-31,etfs_latam,128.23495014763205
2016-08-31,etfs_latam,125.3184769430976
2016-09-30,etfs_latam,125.51452512323942
2016-10-31,etfs_latam,129.58735501569615
2016-11-30,etfs_latam,126.97642259418957
2016-12-31,etfs_latam,119.63175390568767
2017-01-31,etfs_latam,119.83464533965764
2017-02-28,etfs_latam,122.63370704161294
2017-03-31,etfs_latam,136.07910154364103
2017-04-30,etfs_latam,138.05524175272282
2017-05-31,etfs_latam,142.51958145639884
2017-06-30,etfs_latam,147.14270076749466
2017-07-31,etfs_latam,149.17598489828222
2017-08-31,etfs_latam,151.3536505338654
2017-09-30,etfs_latam,152.29174369858458
2017-10-31,etfs_latam,154.03465730279765
2017-11-30,etfs_latam,146.0907534574775
2017-12-31,etfs_latam,158.92837270822824
2018-01-31,etfs_latam,164.29744375460064
2018-02-28,etfs_latam,159.74156533264483
2018-03-31,etfs_latam,164.12540419222597
2018-04-30,etfs_latam,171.3073591215312
2018-05-31,etfs_latam,162.91597655573318
2018-06-30,etfs_latam,168.58984516964097
2018-07-31,etfs_latam,176.54507903005458
2018-08-31,etfs_latam,182.79529360958753
2018-09-30,etfs_latam,181.5449673034664
2018-10-31,etfs_latam,146.30424744920396
2018-11-30,etfs_latam,151.53925186252386
2018-12-31,etfs_latam,150.98491626932056
2019-01-31,etfs_latam,160.92518055891065
2019-02-28,etfs_latam,158.76490410514978
2019-03-31,etfs_latam,163.17896946773436
2019-04-30,etfs_latam,167.75905826498686
2019-05-31,etfs_latam,160.3913467619664
2019-06-30,etfs_latam,164.38210911033698
2019-07-31,etfs_latam,156.32898440473886
2019-08-31,etfs_latam,159.06095038876342
2019-09-30,etfs_latam,163.95223520375887
2019-10-31,etfs_latam,155.05049374959844
2019-11-30,etfs_latam,156.8917832410789
2019-12-31,etfs_latam,162.71325823947208
2020-01-31,etfs_latam,167.82636131488954
2020-02-29,etfs_latam,159.09123069343144
2020-03-31,etfs_latam,133.95766809091756
2020-04-30,etfs_latam,149.38644187165718
2020-05-31,etfs_latam,161.2300383278521
2020-06-30,etfs_latam,168.14819039322555
2020-07-31,etfs_latam,169.5947027951854
2020-08-31,etfs_latam,173.2388973248031
2020-09-30,etfs_latam,176.25008642688175
2020-10-31,etfs_latam,182.89797076354978
2020-11-30,etfs_latam,198.211312900248
2020-12-31,etfs_latam,209.8374027507639
2021-01-31,etfs_latam,210.06468829268812
2021-02-28,etfs_latam,218.73774388935274
2021-03-31,etfs_latam,243.3507872555908
2021-04-30,etfs_latam,225.65272394669444
2021-05-31,etfs_latam,223.40826988437254
2021-06-30,etfs_latam,212.4488739009903
2021-07-31,etfs_latam,216.61353533643663
2021-08-31,etfs_latam,235.64582066316962
2021-09-30,etfs_latam,228.14317809303134
2021-10-31,etfs_latam,233.09383139407248
2021-11-30,etfs_latam,221.64247304858281
2021-12-31,etfs_latam,234.1198683998435
2022-01-31,etfs_latam,230.6336943868579
2022-02-28,etfs_latam,226.93534986796772
2022-03-31,etfs_latam,231.12784001679455
2022-04-30,etfs_latam,212.8059034246979
2022-05-31,etfs_latam,222.26223416579583
2022-06-30,etfs_latam,209.48033551470792
2022-07-31,etfs_latam,221.20677418792525
2022-08-31,etfs_latam,219.06346482371458
2022-09-30,etfs_latam,219.295896024305
2022-10-31,etfs_latam,235.17855592539075
2022-11-30,etfs_latam,251.85714049438218
2022-12-31,etfs_latam,248.75726976130562
2023-01-31,etfs_latam,275.3263524968924
2023-02-28,etfs_latam,275.20135415750576
2023-03-31,etfs_latam,275.483069814277
2023-04-30,etfs_latam,271.1371219268396
2023-05-31,etfs_latam,272.1776084273937
2023-06-30,etfs_latam,282.24675445806673
2023-07-31,etfs_latam,287.3669937554982
2023-08-31,etfs_latam,281.82494644409115
2023-09-30,etfs_latam,268.73669875811663
2023-10-31,etfs_latam,251.68230987014638
2023-11-30,etfs_latam,285.69581848743275
2023-12-31,etfs_latam,301.6355175864541
2024-01-31,etfs_latam,296.490378305245
2024-02-29,etfs_latam,295.18794683288667
2024-03-31,etfs_latam,310.822517579485
2024-04-30,etfs_latam,314.24549593215465
2024-05-31,etfs_latam,329.2496953863939
2024-06-30,etfs_latam,314.7647326736385
2024-07-31,etfs_latam,321.83184330997386
2024-08-31,etfs_latam,323.4323012192573
2024-09-30,etfs_latam,317.5132742587543
2024-10-31,etfs_latam,330.3356404690593
2024-11-30,etfs_latam,347.20596539402544
2024-12-31,etfs_latam,348.74160952109776
2025-01-31,etfs_latam,351.76185782025965
2025-02-28,etfs_latam,357.7940440144304
2025-03-31,etfs_latam,357.6237788551957
2025-04-30,etfs_latam,378.34273613821006
2025-05-31,etfs_latam,397.12470587509483
2025-06-30,etfs_latam,387.12928531460784
2025-07-31,etfs_latam,384.3983658730676
2025-08-31,etfs_latam,388.7612596417178
2025-09-30,etfs_latam,393.2821516943527
2025-10-31,etfs_latam,427.0044054680513
2025-11-30,etfs_latam,439.81720141006804
2025-12-31,etfs_latam,466.4660206309149
2026-01-31,etfs_latam,483.38592842159426
2026-02-28,etfs_latam,483.74865596953026
2026-03-31,etfs_latam,468.01754546147663
2026-04-30,etfs_latam,471.3665468406079
2015-02-28,etfs_europa,118.42368599309468
2015-03-31,etfs_europa,127.03899411118726
2015-04-30,etfs_europa,121.07416114203767
2015-05-31,etfs_europa,129.08877339966583
2015-06-30,etfs_europa,123.21982518203198
2015-07-31,etfs_europa,135.90113385702685
2015-08-31,etfs_europa,133.27222224185786
2015-09-30,etfs_europa,143.9706754829027
2015-10-31,etfs_europa,146.83973632097846
2015-11-30,etfs_europa,145.0296815766736
2015-12-31,etfs_europa,143.20851666152518
2016-01-31,etfs_europa,138.98884437639722
2016-02-29,etfs_europa,130.66720549653974
2016-03-31,etfs_europa,126.63593488939728
2016-04-30,etfs_europa,126.55914127129793
2016-05-31,etfs_europa,128.400427172207
2016-06-30,etfs_europa,112.36888828035933
2016-07-31,etfs_europa,117.57120139356003
2016-08-31,etfs_europa,117.42068103527856
2016-09-30,etfs_europa,118.62947126239159
2016-10-31,etfs_europa,112.5597505652046
2016-11-30,etfs_europa,119.48993022616527
2016-12-31,etfs_europa,118.06005911485722
2017-01-31,etfs_europa,116.39499368170027
2017-02-28,etfs_europa,116.7493207888358
2017-03-31,etfs_europa,122.49810205752408
2017-04-30,etfs_europa,126.93405603250412
2017-05-31,etfs_europa,135.83354592827243
2017-06-30,etfs_europa,136.06128585675134
2017-07-31,etfs_europa,134.02229228809531
2017-08-31,etfs_europa,132.6796151306284
2017-09-30,etfs_europa,138.589063091698
2017-10-31,etfs_europa,144.60738366600526
2017-11-30,etfs_europa,142.59826846218385
2017-12-31,etfs_europa,148.47505659339646
2018-01-31,etfs_europa,149.5882023554656
2018-02-28,etfs_europa,142.32730847907206
2018-03-31,etfs_europa,145.1008556938259
2018-04-30,etfs_europa,156.42170908529783
2018-05-31,etfs_europa,165.12418430838835
2018-06-30,etfs_europa,168.6075783963674
2018-07-31,etfs_europa,166.80556214424428
2018-08-31,etfs_europa,177.87080681787447
2018-09-30,etfs_europa,173.09389308794724
2018-10-31,etfs_europa,147.58755077094003
2018-11-30,etfs_europa,152.24752950591056
2018-12-31,etfs_europa,145.7667112222272
2019-01-31,etfs_europa,147.74361571817875
2019-02-28,etfs_europa,154.21991215871356
2019-03-31,etfs_europa,162.29554157876197
2019-04-30,etfs_europa,170.6866440000032
2019-05-31,etfs_europa,161.63330649352747
2019-06-30,etfs_europa,163.9756185904707
2019-07-31,etfs_europa,158.02719309758248
2019-08-31,etfs_europa,168.76522969971495
2019-09-30,etfs_europa,173.80704514508489
2019-10-31,etfs_europa,173.48942783508673
2019-11-30,etfs_europa,184.63490228712644
2019-12-31,etfs_europa,184.26212188033725
2020-01-31,etfs_europa,186.9087190032327
2020-02-29,etfs_europa,179.21722175429247
2020-03-31,etfs_europa,169.69125016510029
2020-04-30,etfs_europa,185.60961104223682
2020-05-31,etfs_europa,196.73439090485135
2020-06-30,etfs_europa,204.34657081751246
2020-07-31,etfs_europa,198.61646169887467
2020-08-31,etfs_europa,215.71807127591137
2020-09-30,etfs_europa,216.2160168043001
2020-10-31,etfs_europa,207.94929222246222
2020-11-30,etfs_europa,225.0035806063675
2020-12-31,etfs_europa,229.00656375228712
2021-01-31,etfs_europa,237.88080828153318
2021-02-28,etfs_europa,250.4017504838909
2021-03-31,etfs_europa,271.2633975124102
2021-04-30,etfs_europa,260.6733897663925
2021-05-31,etfs_europa,265.9264177810962
2021-06-30,etfs_europa,247.0186942474508
2021-07-31,etfs_europa,253.78364017542273
2021-08-31,etfs_europa,261.66957693062307
2021-09-30,etfs_europa,263.2214017583817
2021-10-31,etfs_europa,286.161547263665
2021-11-30,etfs_europa,268.6904280951496
2021-12-31,etfs_europa,282.24861736886584
2022-01-31,etfs_europa,272.2347018651511
2022-02-28,etfs_europa,250.63829618124564
2022-03-31,etfs_europa,230.56854141556093
2022-04-30,etfs_europa,225.04170243182568
2022-05-31,etfs_europa,224.57909411507214
2022-06-30,etfs_europa,220.99171737779403
2022-07-31,etfs_europa,228.60118330086996
2022-08-31,etfs_europa,210.4845627545156
2022-09-30,etfs_europa,201.258161811241
2022-10-31,etfs_europa,214.38312710790092
2022-11-30,etfs_europa,243.94348418079562
2022-12-31,etfs_europa,240.00894012893244
2023-01-31,etfs_europa,253.4221324604337
2023-02-28,etfs_europa,253.97739977611883
2023-03-31,etfs_europa,253.66872210278345
2023-04-30,etfs_europa,258.6579983737746
2023-05-31,etfs_europa,247.26209406303616
2023-06-30,etfs_europa,248.94053807508806
2023-07-31,etfs_europa,248.76465472303173
2023-08-31,etfs_europa,246.2058750793539
2023-09-30,etfs_europa,245.55210445715346
2023-10-31,etfs_europa,238.0298574475569
2023-11-30,etfs_europa,251.33878988897314
2023-12-31,etfs_europa,259.75329226184687
2024-01-31,etfs_europa,261.1728984379159
2024-02-29,etfs_europa,269.9212233496865
2024-03-31,etfs_europa,282.41577057768296
2024-04-30,etfs_europa,287.05284963613906
2024-05-31,etfs_europa,305.89353917837843
2024-06-30,etfs_europa,315.62892042006257
2024-07-31,etfs_europa,330.73949710730284
2024-08-31,etfs_europa,344.9460007798139
2024-09-30,etfs_europa,336.0666302613626
2024-10-31,etfs_europa,338.54615970708403
2024-11-30,etfs_europa,352.0315314587105
2024-12-31,etfs_europa,353.2626159780577
2025-01-31,etfs_europa,357.8463109512841
2025-02-28,etfs_europa,369.8406275855509
2025-03-31,etfs_europa,369.97676965698935
2025-04-30,etfs_europa,372.105280936991
2025-05-31,etfs_europa,394.5400682716405
2025-06-30,etfs_europa,389.20259145213765
2025-07-31,etfs_europa,391.6528672008195
2025-08-31,etfs_europa,393.47289681804324
2025-09-30,etfs_europa,392.4605720244532
2025-10-31,etfs_europa,399.48881883604196
2025-11-30,etfs_europa,401.3038934499663
2025-12-31,etfs_europa,425.3976673729121
2026-01-31,etfs_europa,419.0870476420236
2026-02-28,etfs_europa,432.6630242856333
2026-03-31,etfs_europa,408.3896819056955
2026-04-30,etfs_europa,409.59550267278735
2015-02-28,etfs_oceania,119.68513320090652
2015-03-31,etfs_oceania,129.16465804337918
2015-04-30,etfs_oceania,120.13457607720608
2015-05-31,etfs_oceania,122.50433986413299
2015-06-30,etfs_oceania,114.09570759502006
2015-07-31,etfs_oceania,123.46262973439346
2015-08-31,etfs_oceania,119.00255549272735
2015-09-30,etfs_oceania,131.6802805782093
2015-10-31,etfs_oceania,136.86572081779818
2015-11-30,etfs_oceania,136.29011412373723
2015-12-31,etfs_oceania,146.64370628762
2016-01-31,etfs_oceania,140.63854662373774
2016-02-29,etfs_oceania,137.7739407271892
2016-03-31,etfs_oceania,140.98834894422018
2016-04-30,etfs_oceania,139.72281101861887
2016-05-31,etfs_oceania,141.77621427314088
2016-06-30,etfs_oceania,132.0456858559783
2016-07-31,etfs_oceania,144.2355214263127
2016-08-31,etfs_oceania,140.43089113210664
2016-09-30,etfs_oceania,143.83013745509865
2016-10-31,etfs_oceania,133.27969410804127
2016-11-30,etfs_oceania,143.18915349453715
2016-12-31,etfs_oceania,134.11385631279668
2017-01-31,etfs_oceania,138.16869905228384
2017-02-28,etfs_oceania,139.04907234019416
2017-03-31,etfs_oceania,141.56378704293837
2017-04-30,etfs_oceania,143.20127265445424
2017-05-31,etfs_oceania,146.11908732762495
2017-06-30,etfs_oceania,155.45972859030837
2017-07-31,etfs_oceania,155.32556295312367
2017-08-31,etfs_oceania,152.53015715672822
2017-09-30,etfs_oceania,153.7589198542963
2017-10-31,etfs_oceania,157.20914019669277
2017-11-30,etfs_oceania,155.33076899760977
2017-12-31,etfs_oceania,166.85982655500953
2018-01-31,etfs_oceania,165.93104829948368
2018-02-28,etfs_oceania,163.75260449257095
2018-03-31,etfs_oceania,165.39491564369285
2018-04-30,etfs_oceania,170.75174535869314
2018-05-31,etfs_oceania,187.79656293286743
2018-06-30,etfs_oceania,197.49801899412162
2018-07-31,etfs_oceania,191.9240401772407
2018-08-31,etfs_oceania,213.29366750943927
2018-09-30,etfs_oceania,203.62768391929347
2018-10-31,etfs_oceania,174.74762547783968
2018-11-30,etfs_oceania,188.9976137377297
2018-12-31,etfs_oceania,183.63187110632816
2019-01-31,etfs_oceania,185.4579760357559
2019-02-28,etfs_oceania,192.53919211186846
2019-03-31,etfs_oceania,208.2800698224052
2019-04-30,etfs_oceania,212.07511581232475
2019-05-31,etfs_oceania,211.62711341432248
2019-06-30,etfs_oceania,214.60999076103667
2019-07-31,etfs_oceania,214.47001822653831
2019-08-31,etfs_oceania,225.9927592586556
2019-09-30,etfs_oceania,229.0149842467112
2019-10-31,etfs_oceania,222.27307950706668
2019-11-30,etfs_oceania,242.64499849451323
2019-12-31,etfs_oceania,240.48926381817913
2020-01-31,etfs_oceania,248.42359108062672
2020-02-29,etfs_oceania,242.3132999568658
2020-03-31,etfs_oceania,226.60594758548552
2020-04-30,etfs_oceania,254.7248209559371
2020-05-31,etfs_oceania,272.9166369641601
2020-06-30,etfs_oceania,299.28784055054336
2020-07-31,etfs_oceania,295.49370148404006
2020-08-31,etfs_oceania,320.7786263498961
2020-09-30,etfs_oceania,317.9821091570795
2020-10-31,etfs_oceania,331.90337173112795
2020-11-30,etfs_oceania,348.0422060423574
2020-12-31,etfs_oceania,354.97581633039096
2021-01-31,etfs_oceania,369.31375606635913
2021-02-28,etfs_oceania,367.10026820743826
2021-03-31,etfs_oceania,384.637123420115
2021-04-30,etfs_oceania,370.05001564050445
2021-05-31,etfs_oceania,361.006183773259
2021-06-30,etfs_oceania,337.9736433656791
2021-07-31,etfs_oceania,344.32052423062163
2021-08-31,etfs_oceania,361.0364942259737
2021-09-30,etfs_oceania,364.1002326931569
2021-10-31,etfs_oceania,398.57311969254425
2021-11-30,etfs_oceania,364.4324637603094
2021-12-31,etfs_oceania,375.3307508038365
2022-01-31,etfs_oceania,325.7206686235468
2022-02-28,etfs_oceania,328.94272473407796
2022-03-31,etfs_oceania,320.8488163203401
2022-04-30,etfs_oceania,305.285449342957
2022-05-31,etfs_oceania,289.68620859856645
2022-06-30,etfs_oceania,286.92897393538635
2022-07-31,etfs_oceania,309.02344857650564
2022-08-31,etfs_oceania,295.253294569161
2022-09-30,etfs_oceania,276.54276776911655
2022-10-31,etfs_oceania,286.6172777695802
2022-11-30,etfs_oceania,322.8715261527111
2022-12-31,etfs_oceania,316.82843433796927
2023-01-31,etfs_oceania,336.1004716100442
2023-02-28,etfs_oceania,317.64497879008735
2023-03-31,etfs_oceania,314.63063829165463
2023-04-30,etfs_oceania,308.74257014720564
2023-05-31,etfs_oceania,296.79765673925476
2023-06-30,etfs_oceania,298.79604946413275
2023-07-31,etfs_oceania,298.9013960619184
2023-08-31,etfs_oceania,287.07159360517477
2023-09-30,etfs_oceania,287.7269323946997
2023-10-31,etfs_oceania,274.69325486437293
2023-11-30,etfs_oceania,293.5159057993775
2023-12-31,etfs_oceania,315.09493572103776
2024-01-31,etfs_oceania,308.7185547531127
2024-02-29,etfs_oceania,308.34885020928016
2024-03-31,etfs_oceania,316.1158016657994
2024-04-30,etfs_oceania,311.22671712895294
2024-05-31,etfs_oceania,333.67416150631806
2024-06-30,etfs_oceania,351.4285344175909
2024-07-31,etfs_oceania,366.33296772578115
2024-08-31,etfs_oceania,385.15195216180007
2024-09-30,etfs_oceania,381.39395189573924
2024-10-31,etfs_oceania,382.32138769161656
2024-11-30,etfs_oceania,414.27601006761915
2024-12-31,etfs_oceania,394.95056513728167
2025-01-31,etfs_oceania,380.542450502913
2025-02-28,etfs_oceania,362.58359822812656
2025-03-31,etfs_oceania,352.23757590976396
2025-04-30,etfs_oceania,354.9747305274505
2025-05-31,etfs_oceania,373.56479132011555
2025-06-30,etfs_oceania,374.41172649120614
2025-07-31,etfs_oceania,376.53019523989155
2025-08-31,etfs_oceania,372.23790512130023
2025-09-30,etfs_oceania,369.7833005236777
2025-10-31,etfs_oceania,372.2175954281508
2025-11-30,etfs_oceania,362.9643796242132
2025-12-31,etfs_oceania,377.6855170233723
2026-01-31,etfs_oceania,375.15164600126684
2026-02-28,etfs_oceania,389.14183901851425
2026-03-31,etfs_oceania,363.0692919498803
2026-04-30,etfs_oceania,369.64695027704795
2015-02-28,etfs_brasil,107.70873368994202
2015-03-31,etfs_brasil,107.62744728559883
2015-04-30,etfs_brasil,114.74595493715942
2015-05-31,etfs_brasil,110.07118460284502
2015-06-30,etfs_brasil,109.44431980667207
2015-07-31,etfs_brasil,105.16850640488586
2015-08-31,etfs_brasil,96.21397880066971
2015-09-30,etfs_brasil,92.7490757165278
2015-10-31,etfs_brasil,96.32455923264094
2015-11-30,etfs_brasil,94.56930275092205
2015-12-31,etfs_brasil,90.6565926818952
2016-01-31,etfs_brasil,83.3240266734984
2016-02-29,etfs_brasil,87.86989955497032
2016-03-31,etfs_brasil,100.5880594522355
2016-04-30,etfs_brasil,106.94523468690338
2016-05-31,etfs_brasil,98.94558387025438
2016-06-30,etfs_brasil,106.65930659923663
2016-07-31,etfs_brasil,120.59660902068825
2016-08-31,etfs_brasil,120.86734494103601
2016-09-30,etfs_brasil,121.63518941268158
2016-10-31,etfs_brasil,132.74183747476005
2016-11-30,etfs_brasil,124.66216016257101
2016-12-31,etfs_brasil,121.81381869932768
2017-01-31,etfs_brasil,133.359107310998
2017-02-28,etfs_brasil,139.25124436329847
2017-03-31,etfs_brasil,136.27051109285966
2017-04-30,etfs_brasil,139.02754727600535
2017-05-31,etfs_brasil,135.57737992872626
2017-06-30,etfs_brasil,136.04419397729467
2017-07-31,etfs_brasil,144.77554381604088
2017-08-31,etfs_brasil,156.38232194740988
2017-09-30,etfs_brasil,162.6875786206248
2017-10-31,etfs_brasil,161.86594114269047
2017-11-30,etfs_brasil,156.92431647328883
2017-12-31,etfs_brasil,167.88721726583526
2018-01-31,etfs_brasil,180.5592037632158
2018-02-28,etfs_brasil,180.5199816634963
2018-03-31,etfs_brasil,180.55129807585467
2018-04-30,etfs_brasil,183.3344935142083
2018-05-31,etfs_brasil,163.04305153210092
2018-06-30,etfs_brasil,155.94538605780346
2018-07-31,etfs_brasil,166.75410914296347
2018-08-31,etfs_brasil,160.7479793560412
2018-09-30,etfs_brasil,162.0322692907658
2018-10-31,etfs_brasil,179.9890741767153
2018-11-30,etfs_brasil,187.39814211965572
2018-12-31,etfs_brasil,186.63297674474015
2019-01-31,etfs_brasil,205.8453716604219
2019-02-28,etfs_brasil,204.32019738085208
2019-03-31,etfs_brasil,201.7191694486545
2019-04-30,etfs_brasil,204.35871156642372
2019-05-31,etfs_brasil,207.02105848191997
2019-06-30,etfs_brasil,218.185578645171
2019-07-31,etfs_brasil,226.16551388936958
2019-08-31,etfs_brasil,227.02059590754402
2019-09-30,etfs_brasil,232.29788629105173
2019-10-31,etfs_brasil,237.70284725015776
2019-11-30,etfs_brasil,244.7821791016439
2019-12-31,etfs_brasil,268.2414459377171
2020-01-31,etfs_brasil,265.89395031559997
2020-02-29,etfs_brasil,245.06986125975746
2020-03-31,etfs_brasil,161.07737537107204
2020-04-30,etfs_brasil,182.18754167912692
2020-05-31,etfs_brasil,194.6370072530749
2020-06-30,etfs_brasil,216.7967216063192
2020-07-31,etfs_brasil,236.1279387880748
2020-08-31,etfs_brasil,229.85804486612506
2020-09-30,etfs_brasil,218.67588895829675
2020-10-31,etfs_brasil,215.68094721762176
2020-11-30,etfs_brasil,251.64552539395171
2020-12-31,etfs_brasil,272.82818306252796
2021-01-31,etfs_brasil,261.593521386704
2021-02-28,etfs_brasil,252.85641491073116
2021-03-31,etfs_brasil,267.5051406883241
2021-04-30,etfs_brasil,276.67807528262983
2021-05-31,etfs_brasil,293.68521522092425
2021-06-30,etfs_brasil,294.99262567264867
2021-07-31,etfs_brasil,281.23840229789175
2021-08-31,etfs_brasil,272.17569638077487
2021-09-30,etfs_brasil,254.20732140068188
2021-10-31,etfs_brasil,229.91676512564237
2021-11-30,etfs_brasil,225.9017982664021
2021-12-31,etfs_brasil,233.38720931119892
2022-01-31,etfs_brasil,245.51013395549566
2022-02-28,etfs_brasil,240.30285370002048
2022-03-31,etfs_brasil,258.4074363735481
2022-04-30,etfs_brasil,233.7252264444241
2022-05-31,etfs_brasil,236.62377219227602
2022-06-30,etfs_brasil,203.72709372804258
2022-07-31,etfs_brasil,213.15600963088878
2022-08-31,etfs_brasil,232.58850015358647
2022-09-30,etfs_brasil,231.79988902680876
2022-10-31,etfs_brasil,245.75480031406488
2022-11-30,etfs_brasil,228.16843649253588
2022-12-31,etfs_brasil,221.45699838912284
2023-01-31,etfs_brasil,228.87229614481916
2023-02-28,etfs_brasil,207.0677444309136
2023-03-31,etfs_brasil,203.71231655474088
2023-04-30,etfs_brasil,207.5732868194585
2023-05-31,etfs_brasil,225.036634397621
2023-06-30,etfs_brasil,245.12621849386863
2023-07-31,etfs_brasil,252.98971492631276
2023-08-31,etfs_brasil,237.193511270097
2023-09-30,etfs_brasil,235.1668372112924
2023-10-31,etfs_brasil,222.89147325106765
2023-11-30,etfs_brasil,251.4481817781185
2023-12-31,etfs_brasil,266.4849516229194
2024-01-31,etfs_brasil,251.8647945078075
2024-02-29,etfs_brasil,253.33949413217488
2024-03-31,etfs_brasil,255.3825357435296
2024-04-30,etfs_brasil,243.42223678752597
2024-05-31,etfs_brasil,235.32644554832828
2024-06-30,etfs_brasil,236.52183029568823
2024-07-31,etfs_brasil,242.63099061282745
2024-08-31,etfs_brasil,256.2620309427214
2024-09-30,etfs_brasil,246.23557611471315
2024-10-31,etfs_brasil,243.26300324112103
2024-11-30,etfs_brasil,234.55214649625898
2024-12-31,etfs_brasil,220.44843487715616
2025-01-31,etfs_brasil,232.82337893686042
2025-02-28,etfs_brasil,225.1536587144207
2025-03-31,etfs_brasil,239.47155118504017
2025-04-30,etfs_brasil,253.90034555623467
2025-05-31,etfs_brasil,263.8559878686963
2025-06-30,etfs_brasil,267.3910045921155
2025-07-31,etfs_brasil,252.7972111724324
2025-08-31,etfs_brasil,268.0195149704306
2025-09-30,etfs_brasil,275.4000531811732
2025-10-31,etfs_brasil,278.93712533298753
2025-11-30,etfs_brasil,296.07769562685814
2025-12-31,etfs_brasil,292.9857827955684
2026-01-31,etfs_brasil,326.50070296563285
2026-02-28,etfs_brasil,336.2789573737756
2026-03-31,etfs_brasil,326.99171890735903
2026-04-30,etfs_brasil,340.83778879818215
