data,carteira,base100
2015-02-28,etfs_com_tudo__max_sharpe,111.1780067891353
2015-03-31,etfs_com_tudo__max_sharpe,116.96413244042935
2015-04-30,etfs_com_tudo__max_sharpe,115.31493936731461
2015-05-31,etfs_com_tudo__max_sharpe,119.22631715281373
2015-06-30,etfs_com_tudo__max_sharpe,117.93873570258009
2015-07-31,etfs_com_tudo__max_sharpe,119.67836993672749
2015-08-31,etfs_com_tudo__max_sharpe,120.82235904483724
2015-09-30,etfs_com_tudo__max_sharpe,128.50159958987263
2015-10-31,etfs_com_tudo__max_sharpe,130.95141277171766
2015-11-30,etfs_com_tudo__max_sharpe,127.5259232023789
2015-12-31,etfs_com_tudo__max_sharpe,128.17530958324406
2016-01-31,etfs_com_tudo__max_sharpe,126.95718368795296
2016-02-29,etfs_com_tudo__max_sharpe,133.07276319081404
2016-03-31,etfs_com_tudo__max_sharpe,132.66684440254596
2016-04-30,etfs_com_tudo__max_sharpe,136.60114350857617
2016-05-31,etfs_com_tudo__max_sharpe,134.68283998701042
2016-06-30,etfs_com_tudo__max_sharpe,134.46464287261927
2016-07-31,etfs_com_tudo__max_sharpe,141.09278880581567
2016-08-31,etfs_com_tudo__max_sharpe,138.18807376948007
2016-09-30,etfs_com_tudo__max_sharpe,141.28642551319592
2016-10-31,etfs_com_tudo__max_sharpe,143.52140807732695
2016-11-30,etfs_com_tudo__max_sharpe,145.3163788632879
2016-12-31,etfs_com_tudo__max_sharpe,140.67159121022553
2017-01-31,etfs_com_tudo__max_sharpe,143.74524522197106
2017-02-28,etfs_com_tudo__max_sharpe,149.59783104679062
2017-03-31,etfs_com_tudo__max_sharpe,148.42609255573794
2017-04-30,etfs_com_tudo__max_sharpe,153.75168601446512
2017-05-31,etfs_com_tudo__max_sharpe,162.36228994406477
2017-06-30,etfs_com_tudo__max_sharpe,162.6782977658664
2017-07-31,etfs_com_tudo__max_sharpe,165.66050414480696
2017-08-31,etfs_com_tudo__max_sharpe,178.3699783175232
2017-09-30,etfs_com_tudo__max_sharpe,179.3148875730279
2017-10-31,etfs_com_tudo__max_sharpe,191.17597754521114
2017-11-30,etfs_com_tudo__max_sharpe,196.41916220352576
2017-12-31,etfs_com_tudo__max_sharpe,210.7250165779255
2018-01-31,etfs_com_tudo__max_sharpe,214.8042009098798
2018-02-28,etfs_com_tudo__max_sharpe,215.73816063891923
2018-03-31,etfs_com_tudo__max_sharpe,213.93532573418463
2018-04-30,etfs_com_tudo__max_sharpe,225.8449751771954
2018-05-31,etfs_com_tudo__max_sharpe,227.9435844462852
2018-06-30,etfs_com_tudo__max_sharpe,226.71258077187625
2018-07-31,etfs_com_tudo__max_sharpe,228.83250066623847
2018-08-31,etfs_com_tudo__max_sharpe,243.69422901151802
2018-09-30,etfs_com_tudo__max_sharpe,239.8042683633114
2018-10-31,etfs_com_tudo__max_sharpe,230.18993003530986
2018-11-30,etfs_com_tudo__max_sharpe,229.73579746800405
2018-12-31,etfs_com_tudo__max_sharpe,227.96568004073941
2019-01-31,etfs_com_tudo__max_sharpe,234.88862243216695
2019-02-28,etfs_com_tudo__max_sharpe,240.04678128155575
2019-03-31,etfs_com_tudo__max_sharpe,247.9475485241516
2019-04-30,etfs_com_tudo__max_sharpe,258.6065170134502
2019-05-31,etfs_com_tudo__max_sharpe,266.9921928915277
2019-06-30,etfs_com_tudo__max_sharpe,279.7151452038086
2019-07-31,etfs_com_tudo__max_sharpe,278.9155983871203
2019-08-31,etfs_com_tudo__max_sharpe,304.6574845230367
2019-09-30,etfs_com_tudo__max_sharpe,300.6301006890703
2019-10-31,etfs_com_tudo__max_sharpe,301.0761905769425
2019-11-30,etfs_com_tudo__max_sharpe,307.5720551408564
2019-12-31,etfs_com_tudo__max_sharpe,312.15767659899
2020-01-31,etfs_com_tudo__max_sharpe,333.27622405927264
2020-02-29,etfs_com_tudo__max_sharpe,329.51608832164203
2020-03-31,etfs_com_tudo__max_sharpe,309.1953627811617
2020-04-30,etfs_com_tudo__max_sharpe,341.11936957043315
2020-05-31,etfs_com_tudo__max_sharpe,371.0552025268742
2020-06-30,etfs_com_tudo__max_sharpe,390.10022471005766
2020-07-31,etfs_com_tudo__max_sharpe,414.9699268240247
2020-08-31,etfs_com_tudo__max_sharpe,433.1525094020312
2020-09-30,etfs_com_tudo__max_sharpe,423.78777352931036
2020-10-31,etfs_com_tudo__max_sharpe,432.9859076139508
2020-11-30,etfs_com_tudo__max_sharpe,447.3332888294417
2020-12-31,etfs_com_tudo__max_sharpe,483.70754934481636
2021-01-31,etfs_com_tudo__max_sharpe,494.04587013749193
2021-02-28,etfs_com_tudo__max_sharpe,498.3584766867814
2021-03-31,etfs_com_tudo__max_sharpe,531.9967424887823
2021-04-30,etfs_com_tudo__max_sharpe,520.7937836923236
2021-05-31,etfs_com_tudo__max_sharpe,527.7801986955897
2021-06-30,etfs_com_tudo__max_sharpe,500.6880632126158
2021-07-31,etfs_com_tudo__max_sharpe,518.2083510063499
2021-08-31,etfs_com_tudo__max_sharpe,527.9675080980102
2021-09-30,etfs_com_tudo__max_sharpe,522.1383913231839
2021-10-31,etfs_com_tudo__max_sharpe,555.37867063928
2021-11-30,etfs_com_tudo__max_sharpe,541.8230259434337
2021-12-31,etfs_com_tudo__max_sharpe,549.9850504366137
2022-01-31,etfs_com_tudo__max_sharpe,535.7275941129191
2022-02-28,etfs_com_tudo__max_sharpe,538.8146004390359
2022-03-31,etfs_com_tudo__max_sharpe,532.0178187492405
2022-04-30,etfs_com_tudo__max_sharpe,506.25627948090204
2022-05-31,etfs_com_tudo__max_sharpe,489.3337102842204
2022-06-30,etfs_com_tudo__max_sharpe,476.2121779553439
2022-07-31,etfs_com_tudo__max_sharpe,492.6566087732791
2022-08-31,etfs_com_tudo__max_sharpe,482.15473574407906
2022-09-30,etfs_com_tudo__max_sharpe,481.8055747708228
2022-10-31,etfs_com_tudo__max_sharpe,487.42711418948204
2022-11-30,etfs_com_tudo__max_sharpe,496.37208098556914
2022-12-31,etfs_com_tudo__max_sharpe,491.0835157959149
2023-01-31,etfs_com_tudo__max_sharpe,517.2982235125369
2023-02-28,etfs_com_tudo__max_sharpe,498.1893766735298
2023-03-31,etfs_com_tudo__max_sharpe,517.1862095834072
2023-04-30,etfs_com_tudo__max_sharpe,516.4366981842571
2023-05-31,etfs_com_tudo__max_sharpe,524.7716964249636
2023-06-30,etfs_com_tudo__max_sharpe,532.5107478285692
2023-07-31,etfs_com_tudo__max_sharpe,539.4816095891139
2023-08-31,etfs_com_tudo__max_sharpe,537.2665556459941
2023-09-30,etfs_com_tudo__max_sharpe,538.6289726256729
2023-10-31,etfs_com_tudo__max_sharpe,556.3344438347451
2023-11-30,etfs_com_tudo__max_sharpe,583.1472310746242
2023-12-31,etfs_com_tudo__max_sharpe,599.5092246873431
2024-01-31,etfs_com_tudo__max_sharpe,600.3331119709148
2024-02-29,etfs_com_tudo__max_sharpe,628.9953325267826
2024-03-31,etfs_com_tudo__max_sharpe,663.1553312131313
2024-04-30,etfs_com_tudo__max_sharpe,667.7991700024199
2024-05-31,etfs_com_tudo__max_sharpe,683.7706611359251
2024-06-30,etfs_com_tudo__max_sharpe,720.7076120911788
2024-07-31,etfs_com_tudo__max_sharpe,751.609235814869
2024-08-31,etfs_com_tudo__max_sharpe,770.1699146816878
2024-09-30,etfs_com_tudo__max_sharpe,763.3646700048448
2024-10-31,etfs_com_tudo__max_sharpe,812.7984601457251
2024-11-30,etfs_com_tudo__max_sharpe,847.0156269187445
2024-12-31,etfs_com_tudo__max_sharpe,849.4878838853853
2025-01-31,etfs_com_tudo__max_sharpe,864.814256850592
2025-02-28,etfs_com_tudo__max_sharpe,844.9688549315896
2025-03-31,etfs_com_tudo__max_sharpe,873.8426253323796
2025-04-30,etfs_com_tudo__max_sharpe,886.9619360365798
2025-05-31,etfs_com_tudo__max_sharpe,919.9373744815839
2025-06-30,etfs_com_tudo__max_sharpe,919.9055527890922
2025-07-31,etfs_com_tudo__max_sharpe,930.787952301511
2025-08-31,etfs_com_tudo__max_sharpe,942.5736524271886
2025-09-30,etfs_com_tudo__max_sharpe,995.1319241524844
2025-10-31,etfs_com_tudo__max_sharpe,1028.6440847266836
2025-11-30,etfs_com_tudo__max_sharpe,1051.1493351007682
2025-12-31,etfs_com_tudo__max_sharpe,1075.9763950572737
2026-01-31,etfs_com_tudo__max_sharpe,1133.699287914543
2026-02-28,etfs_com_tudo__max_sharpe,1164.8211422246802
2026-03-31,etfs_com_tudo__max_sharpe,1165.9876354072217
2026-04-30,etfs_com_tudo__max_sharpe,1175.0169075841713
2015-02-28,etfs_com_ouro_btc__max_sharpe,111.47756567162119
2015-03-31,etfs_com_ouro_btc__max_sharpe,117.65019198529004
2015-04-30,etfs_com_ouro_btc__max_sharpe,115.00768933533794
2015-05-31,etfs_com_ouro_btc__max_sharpe,118.5935281133849
2015-06-30,etfs_com_ouro_btc__max_sharpe,117.32746213102862
2015-07-31,etfs_com_ouro_btc__max_sharpe,120.40818893250938
2015-08-31,etfs_com_ouro_btc__max_sharpe,120.81791714089063
2015-09-30,etfs_com_ouro_btc__max_sharpe,128.44134062618636
2015-10-31,etfs_com_ouro_btc__max_sharpe,131.93822445125298
2015-11-30,etfs_com_ouro_btc__max_sharpe,129.57696797512943
2015-12-31,etfs_com_ouro_btc__max_sharpe,131.0060837695837
2016-01-31,etfs_com_ouro_btc__max_sharpe,130.2804411587764
2016-02-29,etfs_com_ouro_btc__max_sharpe,137.25110549227105
2016-03-31,etfs_com_ouro_btc__max_sharpe,137.1726834135575
2016-04-30,etfs_com_ouro_btc__max_sharpe,140.37636239194487
2016-05-31,etfs_com_ouro_btc__max_sharpe,137.8595583935092
2016-06-30,etfs_com_ouro_btc__max_sharpe,138.30818454353363
2016-07-31,etfs_com_ouro_btc__max_sharpe,146.8148563571741
2016-08-31,etfs_com_ouro_btc__max_sharpe,143.3097695581148
2016-09-30,etfs_com_ouro_btc__max_sharpe,146.3223503731977
2016-10-31,etfs_com_ouro_btc__max_sharpe,149.1260600090848
2016-11-30,etfs_com_ouro_btc__max_sharpe,150.76513736008093
2016-12-31,etfs_com_ouro_btc__max_sharpe,145.52917397530118
2017-01-31,etfs_com_ouro_btc__max_sharpe,149.34960071004437
2017-02-28,etfs_com_ouro_btc__max_sharpe,155.50034350629255
2017-03-31,etfs_com_ouro_btc__max_sharpe,155.0098764187018
2017-04-30,etfs_com_ouro_btc__max_sharpe,160.99554586874723
2017-05-31,etfs_com_ouro_btc__max_sharpe,170.48182058232635
2017-06-30,etfs_com_ouro_btc__max_sharpe,171.23770518185188
2017-07-31,etfs_com_ouro_btc__max_sharpe,173.96246458076624
2017-08-31,etfs_com_ouro_btc__max_sharpe,188.22329584276858
2017-09-30,etfs_com_ouro_btc__max_sharpe,188.94275895088518
2017-10-31,etfs_com_ouro_btc__max_sharpe,201.08552712581093
2017-11-30,etfs_com_ouro_btc__max_sharpe,206.35605298200073
2017-12-31,etfs_com_ouro_btc__max_sharpe,221.5873160408446
2018-01-31,etfs_com_ouro_btc__max_sharpe,225.66935509411744
2018-02-28,etfs_com_ouro_btc__max_sharpe,226.5166702460157
2018-03-31,etfs_com_ouro_btc__max_sharpe,223.37899838845158
2018-04-30,etfs_com_ouro_btc__max_sharpe,235.67799192313777
2018-05-31,etfs_com_ouro_btc__max_sharpe,237.53588228604895
2018-06-30,etfs_com_ouro_btc__max_sharpe,233.96502485900604
2018-07-31,etfs_com_ouro_btc__max_sharpe,237.82467723197178
2018-08-31,etfs_com_ouro_btc__max_sharpe,251.90167164681964
2018-09-30,etfs_com_ouro_btc__max_sharpe,247.38845843308007
2018-10-31,etfs_com_ouro_btc__max_sharpe,238.5029547243212
2018-11-30,etfs_com_ouro_btc__max_sharpe,241.29940598222146
2018-12-31,etfs_com_ouro_btc__max_sharpe,239.5299659002899
2019-01-31,etfs_com_ouro_btc__max_sharpe,246.0968769089345
2019-02-28,etfs_com_ouro_btc__max_sharpe,250.95913034626182
2019-03-31,etfs_com_ouro_btc__max_sharpe,258.5191296297884
2019-04-30,etfs_com_ouro_btc__max_sharpe,268.7870093495851
2019-05-31,etfs_com_ouro_btc__max_sharpe,279.8718499634883
2019-06-30,etfs_com_ouro_btc__max_sharpe,293.5523412212464
2019-07-31,etfs_com_ouro_btc__max_sharpe,292.7057528433802
2019-08-31,etfs_com_ouro_btc__max_sharpe,318.3474847264239
2019-09-30,etfs_com_ouro_btc__max_sharpe,314.87761844503996
2019-10-31,etfs_com_ouro_btc__max_sharpe,315.5934978581895
2019-11-30,etfs_com_ouro_btc__max_sharpe,322.1555680293899
2019-12-31,etfs_com_ouro_btc__max_sharpe,326.3692041028736
2020-01-31,etfs_com_ouro_btc__max_sharpe,350.7481933269455
2020-02-29,etfs_com_ouro_btc__max_sharpe,346.93527685620586
2020-03-31,etfs_com_ouro_btc__max_sharpe,332.3360137283824
2020-04-30,etfs_com_ouro_btc__max_sharpe,380.9197897772353
2020-05-31,etfs_com_ouro_btc__max_sharpe,407.3047628153108
2020-06-30,etfs_com_ouro_btc__max_sharpe,427.01677883414106
2020-07-31,etfs_com_ouro_btc__max_sharpe,454.45075476736474
2020-08-31,etfs_com_ouro_btc__max_sharpe,472.76073538876517
2020-09-30,etfs_com_ouro_btc__max_sharpe,461.4324798503059
2020-10-31,etfs_com_ouro_btc__max_sharpe,474.22482627091955
2020-11-30,etfs_com_ouro_btc__max_sharpe,490.4778174901873
2020-12-31,etfs_com_ouro_btc__max_sharpe,530.82417690974
2021-01-31,etfs_com_ouro_btc__max_sharpe,539.7261355374267
2021-02-28,etfs_com_ouro_btc__max_sharpe,541.8848611663261
2021-03-31,etfs_com_ouro_btc__max_sharpe,580.2242558155721
2021-04-30,etfs_com_ouro_btc__max_sharpe,567.0122920321893
2021-05-31,etfs_com_ouro_btc__max_sharpe,573.7363516537091
2021-06-30,etfs_com_ouro_btc__max_sharpe,542.4219904342772
2021-07-31,etfs_com_ouro_btc__max_sharpe,559.611898578225
2021-08-31,etfs_com_ouro_btc__max_sharpe,573.0354406192599
2021-09-30,etfs_com_ouro_btc__max_sharpe,562.6178703667622
2021-10-31,etfs_com_ouro_btc__max_sharpe,597.1545548255797
2021-11-30,etfs_com_ouro_btc__max_sharpe,587.3088490594142
2021-12-31,etfs_com_ouro_btc__max_sharpe,592.0400758915258
2022-01-31,etfs_com_ouro_btc__max_sharpe,573.9567189945543
2022-02-28,etfs_com_ouro_btc__max_sharpe,575.7912819171838
2022-03-31,etfs_com_ouro_btc__max_sharpe,568.4584218327935
2022-04-30,etfs_com_ouro_btc__max_sharpe,536.0452710289247
2022-05-31,etfs_com_ouro_btc__max_sharpe,516.8859974437922
2022-06-30,etfs_com_ouro_btc__max_sharpe,498.9060267436448
2022-07-31,etfs_com_ouro_btc__max_sharpe,520.4972718437081
2022-08-31,etfs_com_ouro_btc__max_sharpe,512.3096867435958
2022-09-30,etfs_com_ouro_btc__max_sharpe,512.9676543444692
2022-10-31,etfs_com_ouro_btc__max_sharpe,520.5957182327661
2022-11-30,etfs_com_ouro_btc__max_sharpe,531.195620243004
2022-12-31,etfs_com_ouro_btc__max_sharpe,524.4616034284007
2023-01-31,etfs_com_ouro_btc__max_sharpe,555.9377022318234
2023-02-28,etfs_com_ouro_btc__max_sharpe,534.6797283517767
2023-03-31,etfs_com_ouro_btc__max_sharpe,556.2506917648527
2023-04-30,etfs_com_ouro_btc__max_sharpe,555.6919422506161
2023-05-31,etfs_com_ouro_btc__max_sharpe,567.6343164204486
2023-06-30,etfs_com_ouro_btc__max_sharpe,577.8303383663354
2023-07-31,etfs_com_ouro_btc__max_sharpe,581.8489135737278
2023-08-31,etfs_com_ouro_btc__max_sharpe,577.9478254773825
2023-09-30,etfs_com_ouro_btc__max_sharpe,575.5093363371636
2023-10-31,etfs_com_ouro_btc__max_sharpe,595.6659807072886
2023-11-30,etfs_com_ouro_btc__max_sharpe,630.8055888118511
2023-12-31,etfs_com_ouro_btc__max_sharpe,651.8982959263226
2024-01-31,etfs_com_ouro_btc__max_sharpe,649.7060861044513
2024-02-29,etfs_com_ouro_btc__max_sharpe,680.7373435745926
2024-03-31,etfs_com_ouro_btc__max_sharpe,717.1952923626262
2024-04-30,etfs_com_ouro_btc__max_sharpe,721.6317434136557
2024-05-31,etfs_com_ouro_btc__max_sharpe,742.1356212362338
2024-06-30,etfs_com_ouro_btc__max_sharpe,778.0609788908836
2024-07-31,etfs_com_ouro_btc__max_sharpe,813.0602733763978
2024-08-31,etfs_com_ouro_btc__max_sharpe,836.800278047371
2024-09-30,etfs_com_ouro_btc__max_sharpe,832.3839109435843
2024-10-31,etfs_com_ouro_btc__max_sharpe,884.094533745291
2024-11-30,etfs_com_ouro_btc__max_sharpe,926.8105006720752
2024-12-31,etfs_com_ouro_btc__max_sharpe,922.7760842491028
2025-01-31,etfs_com_ouro_btc__max_sharpe,939.9903510010935
2025-02-28,etfs_com_ouro_btc__max_sharpe,920.1815639756736
2025-03-31,etfs_com_ouro_btc__max_sharpe,950.215773620983
2025-04-30,etfs_com_ouro_btc__max_sharpe,973.3261061587459
2025-05-31,etfs_com_ouro_btc__max_sharpe,1008.4646948982197
2025-06-30,etfs_com_ouro_btc__max_sharpe,1004.9774979918981
2025-07-31,etfs_com_ouro_btc__max_sharpe,1011.2926669208495
2025-08-31,etfs_com_ouro_btc__max_sharpe,1029.6501226781893
2025-09-30,etfs_com_ouro_btc__max_sharpe,1087.7613885927437
2025-10-31,etfs_com_ouro_btc__max_sharpe,1130.0480043281973
2025-11-30,etfs_com_ouro_btc__max_sharpe,1157.0498038015035
2025-12-31,etfs_com_ouro_btc__max_sharpe,1185.8197647059055
2026-01-31,etfs_com_ouro_btc__max_sharpe,1246.0208764411977
2026-02-28,etfs_com_ouro_btc__max_sharpe,1279.5575575594548
2026-03-31,etfs_com_ouro_btc__max_sharpe,1236.8411567457988
2026-04-30,etfs_com_ouro_btc__max_sharpe,1249.3105548416322
2015-02-28,etfs_com_ouro_petroleo__max_sharpe,110.80081907619757
2015-03-31,etfs_com_ouro_petroleo__max_sharpe,116.9995944953947
2015-04-30,etfs_com_ouro_petroleo__max_sharpe,115.61050570377995
2015-05-31,etfs_com_ouro_petroleo__max_sharpe,119.82232762656749
2015-06-30,etfs_com_ouro_petroleo__max_sharpe,117.09047172527043
2015-07-31,etfs_com_ouro_petroleo__max_sharpe,118.57286493022394
2015-08-31,etfs_com_ouro_petroleo__max_sharpe,120.70351943532064
2015-09-30,etfs_com_ouro_petroleo__max_sharpe,127.70035426103257
2015-10-31,etfs_com_ouro_petroleo__max_sharpe,129.06956773280604
2015-11-30,etfs_com_ouro_petroleo__max_sharpe,124.060343558336
2015-12-31,etfs_com_ouro_petroleo__max_sharpe,123.41242000572079
2016-01-31,etfs_com_ouro_petroleo__max_sharpe,122.79686284959699
2016-02-29,etfs_com_ouro_petroleo__max_sharpe,127.19577078493658
2016-03-31,etfs_com_ouro_petroleo__max_sharpe,127.65266265485752
2016-04-30,etfs_com_ouro_petroleo__max_sharpe,130.50826478571364
2016-05-31,etfs_com_ouro_petroleo__max_sharpe,127.50523775871531
2016-06-30,etfs_com_ouro_petroleo__max_sharpe,125.08928388208385
2016-07-31,etfs_com_ouro_petroleo__max_sharpe,132.58263404151032
2016-08-31,etfs_com_ouro_petroleo__max_sharpe,130.6029946258409
2016-09-30,etfs_com_ouro_petroleo__max_sharpe,133.3423091836158
2016-10-31,etfs_com_ouro_petroleo__max_sharpe,134.02294387540584
2016-11-30,etfs_com_ouro_petroleo__max_sharpe,135.17867105877005
2016-12-31,etfs_com_ouro_petroleo__max_sharpe,128.39519342580098
2017-01-31,etfs_com_ouro_petroleo__max_sharpe,131.8277891681609
2017-02-28,etfs_com_ouro_petroleo__max_sharpe,135.6588468233614
2017-03-31,etfs_com_ouro_petroleo__max_sharpe,136.00627713011474
2017-04-30,etfs_com_ouro_petroleo__max_sharpe,138.8117390627225
2017-05-31,etfs_com_ouro_petroleo__max_sharpe,140.56143753372453
2017-06-30,etfs_com_ouro_petroleo__max_sharpe,139.77071996413477
2017-07-31,etfs_com_ouro_petroleo__max_sharpe,141.12934435143026
2017-08-31,etfs_com_ouro_petroleo__max_sharpe,146.09197894988003
2017-09-30,etfs_com_ouro_petroleo__max_sharpe,147.83329234256985
2017-10-31,etfs_com_ouro_petroleo__max_sharpe,153.0156433577944
2017-11-30,etfs_com_ouro_petroleo__max_sharpe,151.46239242275044
2017-12-31,etfs_com_ouro_petroleo__max_sharpe,158.85497502647334
2018-01-31,etfs_com_ouro_petroleo__max_sharpe,165.7394183045652
2018-02-28,etfs_com_ouro_petroleo__max_sharpe,166.10193811473982
2018-03-31,etfs_com_ouro_petroleo__max_sharpe,167.8235150758162
2018-04-30,etfs_com_ouro_petroleo__max_sharpe,173.19300742203546
2018-05-31,etfs_com_ouro_petroleo__max_sharpe,177.28899445084798
2018-06-30,etfs_com_ouro_petroleo__max_sharpe,177.77842864677976
2018-07-31,etfs_com_ouro_petroleo__max_sharpe,177.76618280567908
2018-08-31,etfs_com_ouro_petroleo__max_sharpe,190.7900729088394
2018-09-30,etfs_com_ouro_petroleo__max_sharpe,188.4276144907635
2018-10-31,etfs_com_ouro_petroleo__max_sharpe,180.20939877551524
2018-11-30,etfs_com_ouro_petroleo__max_sharpe,184.83229825338336
2018-12-31,etfs_com_ouro_petroleo__max_sharpe,182.89158548094025
2019-01-31,etfs_com_ouro_petroleo__max_sharpe,190.8380169883306
2019-02-28,etfs_com_ouro_petroleo__max_sharpe,193.89660431738943
2019-03-31,etfs_com_ouro_petroleo__max_sharpe,199.81047567977376
2019-04-30,etfs_com_ouro_petroleo__max_sharpe,204.59954272437932
2019-05-31,etfs_com_ouro_petroleo__max_sharpe,202.41985252383608
2019-06-30,etfs_com_ouro_petroleo__max_sharpe,210.01180462339312
2019-07-31,etfs_com_ouro_petroleo__max_sharpe,210.69311972583802
2019-08-31,etfs_com_ouro_petroleo__max_sharpe,228.56912886240468
2019-09-30,etfs_com_ouro_petroleo__max_sharpe,228.01113708449935
2019-10-31,etfs_com_ouro_petroleo__max_sharpe,227.00503758584358
2019-11-30,etfs_com_ouro_petroleo__max_sharpe,235.97837264276663
2019-12-31,etfs_com_ouro_petroleo__max_sharpe,241.21963867918882
2020-01-31,etfs_com_ouro_petroleo__max_sharpe,252.84313334874687
2020-02-29,etfs_com_ouro_petroleo__max_sharpe,250.063246137267
2020-03-31,etfs_com_ouro_petroleo__max_sharpe,237.6458226499282
2020-04-30,etfs_com_ouro_petroleo__max_sharpe,260.0449137784048
2020-05-31,etfs_com_ouro_petroleo__max_sharpe,282.9445513340782
2020-06-30,etfs_com_ouro_petroleo__max_sharpe,299.6307338045295
2020-07-31,etfs_com_ouro_petroleo__max_sharpe,315.7284084062968
2020-08-31,etfs_com_ouro_petroleo__max_sharpe,330.8823182990418
2020-09-30,etfs_com_ouro_petroleo__max_sharpe,323.8372939750433
2020-10-31,etfs_com_ouro_petroleo__max_sharpe,324.4188959081197
2020-11-30,etfs_com_ouro_petroleo__max_sharpe,329.9174531077354
2020-12-31,etfs_com_ouro_petroleo__max_sharpe,347.4187849824779
2021-01-31,etfs_com_ouro_petroleo__max_sharpe,351.0148075796422
2021-02-28,etfs_com_ouro_petroleo__max_sharpe,345.3359906864284
2021-03-31,etfs_com_ouro_petroleo__max_sharpe,361.5790258145339
2021-04-30,etfs_com_ouro_petroleo__max_sharpe,355.565342704364
2021-05-31,etfs_com_ouro_petroleo__max_sharpe,368.0423871214117
2021-06-30,etfs_com_ouro_petroleo__max_sharpe,352.0824496128778
2021-07-31,etfs_com_ouro_petroleo__max_sharpe,360.52053317672585
2021-08-31,etfs_com_ouro_petroleo__max_sharpe,366.9273742218178
2021-09-30,etfs_com_ouro_petroleo__max_sharpe,362.39209756415994
2021-10-31,etfs_com_ouro_petroleo__max_sharpe,376.84889928705473
2021-11-30,etfs_com_ouro_petroleo__max_sharpe,369.2696232878206
2021-12-31,etfs_com_ouro_petroleo__max_sharpe,379.9939933164074
2022-01-31,etfs_com_ouro_petroleo__max_sharpe,371.6561415510322
2022-02-28,etfs_com_ouro_petroleo__max_sharpe,369.668019174106
2022-03-31,etfs_com_ouro_petroleo__max_sharpe,365.2184372016885
2022-04-30,etfs_com_ouro_petroleo__max_sharpe,347.62660283448804
2022-05-31,etfs_com_ouro_petroleo__max_sharpe,338.72243068024727
2022-06-30,etfs_com_ouro_petroleo__max_sharpe,335.5672784565901
2022-07-31,etfs_com_ouro_petroleo__max_sharpe,347.05763240745034
2022-08-31,etfs_com_ouro_petroleo__max_sharpe,342.65738071332845
2022-09-30,etfs_com_ouro_petroleo__max_sharpe,340.873525100785
2022-10-31,etfs_com_ouro_petroleo__max_sharpe,344.91522898890156
2022-11-30,etfs_com_ouro_petroleo__max_sharpe,356.47106374172466
2022-12-31,etfs_com_ouro_petroleo__max_sharpe,351.8044053347366
2023-01-31,etfs_com_ouro_petroleo__max_sharpe,365.2811754438046
2023-02-28,etfs_com_ouro_petroleo__max_sharpe,351.93879243477073
2023-03-31,etfs_com_ouro_petroleo__max_sharpe,361.7092448044741
2023-04-30,etfs_com_ouro_petroleo__max_sharpe,360.5020142287968
2023-05-31,etfs_com_ouro_petroleo__max_sharpe,370.3519682497426
2023-06-30,etfs_com_ouro_petroleo__max_sharpe,375.71623218344644
2023-07-31,etfs_com_ouro_petroleo__max_sharpe,382.1606363638761
2023-08-31,etfs_com_ouro_petroleo__max_sharpe,383.45487728237777
2023-09-30,etfs_com_ouro_petroleo__max_sharpe,380.7195397573214
2023-10-31,etfs_com_ouro_petroleo__max_sharpe,384.56920476495225
2023-11-30,etfs_com_ouro_petroleo__max_sharpe,406.52532193319774
2023-12-31,etfs_com_ouro_petroleo__max_sharpe,416.4044964483038
2024-01-31,etfs_com_ouro_petroleo__max_sharpe,417.4637305399365
2024-02-29,etfs_com_ouro_petroleo__max_sharpe,425.80143950840386
2024-03-31,etfs_com_ouro_petroleo__max_sharpe,444.5432296706507
2024-04-30,etfs_com_ouro_petroleo__max_sharpe,451.8214447985528
2024-05-31,etfs_com_ouro_petroleo__max_sharpe,462.2504174832006
2024-06-30,etfs_com_ouro_petroleo__max_sharpe,490.25076354910544
2024-07-31,etfs_com_ouro_petroleo__max_sharpe,509.50941379501256
2024-08-31,etfs_com_ouro_petroleo__max_sharpe,527.2937135206955
2024-09-30,etfs_com_ouro_petroleo__max_sharpe,521.0911635420216
2024-10-31,etfs_com_ouro_petroleo__max_sharpe,551.5953560858648
2024-11-30,etfs_com_ouro_petroleo__max_sharpe,565.0456847888131
2024-12-31,etfs_com_ouro_petroleo__max_sharpe,568.0976983761612
2025-01-31,etfs_com_ouro_petroleo__max_sharpe,575.4684776252312
2025-02-28,etfs_com_ouro_petroleo__max_sharpe,567.4488403402752
2025-03-31,etfs_com_ouro_petroleo__max_sharpe,583.5782268098541
2025-04-30,etfs_com_ouro_petroleo__max_sharpe,588.6452119044847
2025-05-31,etfs_com_ouro_petroleo__max_sharpe,610.1991412464118
2025-06-30,etfs_com_ouro_petroleo__max_sharpe,610.1759562716469
2025-07-31,etfs_com_ouro_petroleo__max_sharpe,614.3545207194188
2025-08-31,etfs_com_ouro_petroleo__max_sharpe,624.303412288589
2025-09-30,etfs_com_ouro_petroleo__max_sharpe,655.9096484529272
2025-10-31,etfs_com_ouro_petroleo__max_sharpe,687.8658759728166
2025-11-30,etfs_com_ouro_petroleo__max_sharpe,709.5163798430274
2025-12-31,etfs_com_ouro_petroleo__max_sharpe,727.264093915195
2026-01-31,etfs_com_ouro_petroleo__max_sharpe,770.5536942660283
2026-02-28,etfs_com_ouro_petroleo__max_sharpe,795.2008637600696
2026-03-31,etfs_com_ouro_petroleo__max_sharpe,791.0244421350925
2026-04-30,etfs_com_ouro_petroleo__max_sharpe,797.270287207004
2015-02-28,etfs_com_ouro__max_sharpe,111.05008171775201
2015-03-31,etfs_com_ouro__max_sharpe,117.61419097758201
2015-04-30,etfs_com_ouro__max_sharpe,115.35667887688933
2015-05-31,etfs_com_ouro__max_sharpe,119.28145014798004
2015-06-30,etfs_com_ouro__max_sharpe,116.52091366399932
2015-07-31,etfs_com_ouro__max_sharpe,119.13610099375053
2015-08-31,etfs_com_ouro__max_sharpe,120.68546799356167
2015-09-30,etfs_com_ouro__max_sharpe,127.61538644857704
2015-10-31,etfs_com_ouro__max_sharpe,129.8560623728833
2015-11-30,etfs_com_ouro__max_sharpe,125.7108394876032
2015-12-31,etfs_com_ouro__max_sharpe,125.62937572670847
2016-01-31,etfs_com_ouro__max_sharpe,125.47864740481731
2016-02-29,etfs_com_ouro__max_sharpe,130.48215980471954
2016-03-31,etfs_com_ouro__max_sharpe,131.2451442546886
2016-04-30,etfs_com_ouro__max_sharpe,133.45980200147196
2016-05-31,etfs_com_ouro__max_sharpe,129.89916138686058
2016-06-30,etfs_com_ouro__max_sharpe,127.91073709498897
2016-07-31,etfs_com_ouro__max_sharpe,136.93901715483491
2016-08-31,etfs_com_ouro__max_sharpe,134.5273624801036
2016-09-30,etfs_com_ouro__max_sharpe,137.18553932272982
2016-10-31,etfs_com_ouro__max_sharpe,138.20763181808996
2016-11-30,etfs_com_ouro__max_sharpe,139.27560874255008
2016-12-31,etfs_com_ouro__max_sharpe,131.87064916360717
2017-01-31,etfs_com_ouro__max_sharpe,135.86474688115658
2017-02-28,etfs_com_ouro__max_sharpe,139.78545325539034
2017-03-31,etfs_com_ouro__max_sharpe,140.74655510535533
2017-04-30,etfs_com_ouro__max_sharpe,143.89333121185516
2017-05-31,etfs_com_ouro__max_sharpe,145.85248205711682
2017-06-30,etfs_com_ouro__max_sharpe,145.32752570536164
2017-07-31,etfs_com_ouro__max_sharpe,146.37863560273706
2017-08-31,etfs_com_ouro__max_sharpe,151.9557593323837
2017-09-30,etfs_com_ouro__max_sharpe,153.65286976700918
2017-10-31,etfs_com_ouro__max_sharpe,158.62083385515518
2017-11-30,etfs_com_ouro__max_sharpe,156.66394340095235
2017-12-31,etfs_com_ouro__max_sharpe,164.34086182583076
2018-01-31,etfs_com_ouro__max_sharpe,171.40303413061048
2018-02-28,etfs_com_ouro__max_sharpe,171.60968723616617
2018-03-31,etfs_com_ouro__max_sharpe,172.6998944853687
2018-04-30,etfs_com_ouro__max_sharpe,178.08513389576672
2018-05-31,etfs_com_ouro__max_sharpe,182.2187663613034
2018-06-30,etfs_com_ouro__max_sharpe,181.26219579625115
2018-07-31,etfs_com_ouro__max_sharpe,182.29196854300108
2018-08-31,etfs_com_ouro__max_sharpe,194.76973940960508
2018-09-30,etfs_com_ouro__max_sharpe,192.0472627326752
2018-10-31,etfs_com_ouro__max_sharpe,184.2650144200933
2018-11-30,etfs_com_ouro__max_sharpe,191.35300223925339
2018-12-31,etfs_com_ouro__max_sharpe,189.3430444012545
2019-01-31,etfs_com_ouro__max_sharpe,197.14214323110602
2019-02-28,etfs_com_ouro__max_sharpe,199.89316854233715
2019-03-31,etfs_com_ouro__max_sharpe,205.50688070166373
2019-04-30,etfs_com_ouro__max_sharpe,209.7041691373533
2019-05-31,etfs_com_ouro__max_sharpe,208.73782752757046
2019-06-30,etfs_com_ouro__max_sharpe,216.72838445840466
2019-07-31,etfs_com_ouro__max_sharpe,217.43705876818842
2019-08-31,etfs_com_ouro__max_sharpe,234.9482560042197
2019-09-30,etfs_com_ouro__max_sharpe,234.9507319489227
2019-10-31,etfs_com_ouro__max_sharpe,233.9790274657472
2019-11-30,etfs_com_ouro__max_sharpe,243.19043628051747
2019-12-31,etfs_com_ouro__max_sharpe,248.24180028210966
2020-01-31,etfs_com_ouro__max_sharpe,261.479593573082
2020-02-29,etfs_com_ouro__max_sharpe,258.6260998149256
2020-03-31,etfs_com_ouro__max_sharpe,250.15312161056298
2020-04-30,etfs_com_ouro__max_sharpe,283.2776825512683
2020-05-31,etfs_com_ouro__max_sharpe,303.5463148318319
2020-06-30,etfs_com_ouro__max_sharpe,320.62825141716615
2020-07-31,etfs_com_ouro__max_sharpe,337.7039784386102
2020-08-31,etfs_com_ouro__max_sharpe,352.8546736540806
2020-09-30,etfs_com_ouro__max_sharpe,344.5091340472787
2020-10-31,etfs_com_ouro__max_sharpe,346.7058551446839
2020-11-30,etfs_com_ouro__max_sharpe,352.8964545526674
2020-12-31,etfs_com_ouro__max_sharpe,371.5514467375631
2021-01-31,etfs_com_ouro__max_sharpe,373.8865038453164
2021-02-28,etfs_com_ouro__max_sharpe,366.3825897202026
2021-03-31,etfs_com_ouro__max_sharpe,384.4558762384211
2021-04-30,etfs_com_ouro__max_sharpe,377.44408032669554
2021-05-31,etfs_com_ouro__max_sharpe,390.4831408436383
2021-06-30,etfs_com_ouro__max_sharpe,372.5163799825348
2021-07-31,etfs_com_ouro__max_sharpe,380.10877978802245
2021-08-31,etfs_com_ouro__max_sharpe,388.4757085803003
2021-09-30,etfs_com_ouro__max_sharpe,381.51223837489005
2021-10-31,etfs_com_ouro__max_sharpe,395.8479192916547
2021-11-30,etfs_com_ouro__max_sharpe,390.62155604865256
2021-12-31,etfs_com_ouro__max_sharpe,399.737379874602
2022-01-31,etfs_com_ouro__max_sharpe,389.7213059242185
2022-02-28,etfs_com_ouro__max_sharpe,386.7395576770207
2022-03-31,etfs_com_ouro__max_sharpe,382.0597648870852
2022-04-30,etfs_com_ouro__max_sharpe,360.9722074327129
2022-05-31,etfs_com_ouro__max_sharpe,351.2994916836237
2022-06-30,etfs_com_ouro__max_sharpe,345.70756673712555
2022-07-31,etfs_com_ouro__max_sharpe,360.185928835783
2022-08-31,etfs_com_ouro__max_sharpe,357.5056986056468
2022-09-30,etfs_com_ouro__max_sharpe,356.19178486204606
2022-10-31,etfs_com_ouro__max_sharpe,361.69917794288426
2022-11-30,etfs_com_ouro__max_sharpe,374.59929026249324
2022-12-31,etfs_com_ouro__max_sharpe,369.0316395675357
2023-01-31,etfs_com_ouro__max_sharpe,385.0174385005809
2023-02-28,etfs_com_ouro__max_sharpe,370.4633346673794
2023-03-31,etfs_com_ouro__max_sharpe,381.2762536019325
2023-04-30,etfs_com_ouro__max_sharpe,380.14571905363795
2023-05-31,etfs_com_ouro__max_sharpe,392.201257697076
2023-06-30,etfs_com_ouro__max_sharpe,398.93551176904487
2023-07-31,etfs_com_ouro__max_sharpe,403.73904860049146
2023-08-31,etfs_com_ouro__max_sharpe,404.36283709544523
2023-09-30,etfs_com_ouro__max_sharpe,399.10033144971726
2023-10-31,etfs_com_ouro__max_sharpe,403.56533046327866
2023-11-30,etfs_com_ouro__max_sharpe,430.2638533249591
2023-12-31,etfs_com_ouro__max_sharpe,442.6021070555782
2024-01-31,etfs_com_ouro__max_sharpe,441.9117413433783
2024-02-29,etfs_com_ouro__max_sharpe,450.38221972313187
2024-03-31,etfs_com_ouro__max_sharpe,469.93406783449944
2024-04-30,etfs_com_ouro__max_sharpe,477.45930048834737
2024-05-31,etfs_com_ouro__max_sharpe,490.27369659416956
2024-06-30,etfs_com_ouro__max_sharpe,517.6146212022126
2024-07-31,etfs_com_ouro__max_sharpe,538.9067085531428
2024-08-31,etfs_com_ouro__max_sharpe,559.8574929674506
2024-09-30,etfs_com_ouro__max_sharpe,554.8590075425933
2024-10-31,etfs_com_ouro__max_sharpe,586.0003204770774
2024-11-30,etfs_com_ouro__max_sharpe,603.282720192848
2024-12-31,etfs_com_ouro__max_sharpe,602.5398893791084
2025-01-31,etfs_com_ouro__max_sharpe,610.5203385102703
2025-02-28,etfs_com_ouro__max_sharpe,603.3535867870554
2025-03-31,etfs_com_ouro__max_sharpe,619.7266699106635
2025-04-30,etfs_com_ouro__max_sharpe,629.5993614731894
2025-05-31,etfs_com_ouro__max_sharpe,651.9204082144192
2025-06-30,etfs_com_ouro__max_sharpe,649.965320502551
2025-07-31,etfs_com_ouro__max_sharpe,651.2614004471336
2025-08-31,etfs_com_ouro__max_sharpe,665.031086309581
2025-09-30,etfs_com_ouro__max_sharpe,698.9176666451546
2025-10-31,etfs_com_ouro__max_sharpe,736.1829525242293
2025-11-30,etfs_com_ouro__max_sharpe,760.9228762006396
2025-12-31,etfs_com_ouro__max_sharpe,780.8378004130582
2026-01-31,etfs_com_ouro__max_sharpe,825.6903737901947
2026-02-28,etfs_com_ouro__max_sharpe,852.1976879016519
2026-03-31,etfs_com_ouro__max_sharpe,822.3474408595258
2026-04-30,etfs_com_ouro__max_sharpe,829.9763357511716
2015-02-28,etfs_com_tudo__min_vol,110.15622999012496
2015-03-31,etfs_com_tudo__min_vol,116.53949647517123
2015-04-30,etfs_com_tudo__min_vol,116.2934053368279
2015-05-31,etfs_com_tudo__min_vol,119.93699925943957
2015-06-30,etfs_com_tudo__min_vol,117.49870097008012
2015-07-31,etfs_com_tudo__min_vol,117.74066315222578
2015-08-31,etfs_com_tudo__min_vol,118.90674015654903
2015-09-30,etfs_com_tudo__min_vol,125.24028313216937
2015-10-31,etfs_com_tudo__min_vol,125.1416998497612
2015-11-30,etfs_com_tudo__min_vol,120.22638589664342
2015-12-31,etfs_com_tudo__min_vol,119.432735803827
2016-01-31,etfs_com_tudo__min_vol,118.497011535147
2016-02-29,etfs_com_tudo__min_vol,122.18092084450862
2016-03-31,etfs_com_tudo__min_vol,123.36711628945008
2016-04-30,etfs_com_tudo__min_vol,127.23870381537073
2016-05-31,etfs_com_tudo__min_vol,123.49934036424726
2016-06-30,etfs_com_tudo__min_vol,121.6528867666168
2016-07-31,etfs_com_tudo__min_vol,128.34102719975974
2016-08-31,etfs_com_tudo__min_vol,126.66433943686172
2016-09-30,etfs_com_tudo__min_vol,129.1957173794729
2016-10-31,etfs_com_tudo__min_vol,130.4838720738045
2016-11-30,etfs_com_tudo__min_vol,131.55494697364324
2016-12-31,etfs_com_tudo__min_vol,124.49007690299693
2017-01-31,etfs_com_tudo__min_vol,127.35668437750319
2017-02-28,etfs_com_tudo__min_vol,130.55744710146487
2017-03-31,etfs_com_tudo__min_vol,130.09841174567518
2017-04-30,etfs_com_tudo__min_vol,132.29308387331957
2017-05-31,etfs_com_tudo__min_vol,133.31400901289177
2017-06-30,etfs_com_tudo__min_vol,133.6845282876125
2017-07-31,etfs_com_tudo__min_vol,134.87294779192035
2017-08-31,etfs_com_tudo__min_vol,139.32393585415667
2017-09-30,etfs_com_tudo__min_vol,141.6305510431967
2017-10-31,etfs_com_tudo__min_vol,146.21470628319776
2017-11-30,etfs_com_tudo__min_vol,145.19171011296814
2017-12-31,etfs_com_tudo__min_vol,152.3690902312389
2018-01-31,etfs_com_tudo__min_vol,158.00017366674484
2018-02-28,etfs_com_tudo__min_vol,157.53510750699857
2018-03-31,etfs_com_tudo__min_vol,160.21680533754744
2018-04-30,etfs_com_tudo__min_vol,165.63146104690648
2018-05-31,etfs_com_tudo__min_vol,167.360073257388
2018-06-30,etfs_com_tudo__min_vol,166.8752161669441
2018-07-31,etfs_com_tudo__min_vol,166.72949017780107
2018-08-31,etfs_com_tudo__min_vol,176.6594320576201
2018-09-30,etfs_com_tudo__min_vol,175.47352473493692
2018-10-31,etfs_com_tudo__min_vol,168.22858514499023
2018-11-30,etfs_com_tudo__min_vol,173.16608984379158
2018-12-31,etfs_com_tudo__min_vol,172.02479464708733
2019-01-31,etfs_com_tudo__min_vol,179.26137000704102
2019-02-28,etfs_com_tudo__min_vol,181.96323446797987
2019-03-31,etfs_com_tudo__min_vol,186.37466194300632
2019-04-30,etfs_com_tudo__min_vol,189.99176569576107
2019-05-31,etfs_com_tudo__min_vol,188.18428238264698
2019-06-30,etfs_com_tudo__min_vol,194.16457429994875
2019-07-31,etfs_com_tudo__min_vol,193.39817630649853
2019-08-31,etfs_com_tudo__min_vol,210.07392441627562
2019-09-30,etfs_com_tudo__min_vol,210.65789871872505
2019-10-31,etfs_com_tudo__min_vol,209.84982672898263
2019-11-30,etfs_com_tudo__min_vol,216.26565891031197
2019-12-31,etfs_com_tudo__min_vol,220.31432819100743
2020-01-31,etfs_com_tudo__min_vol,227.1512270328102
2020-02-29,etfs_com_tudo__min_vol,224.09948035493795
2020-03-31,etfs_com_tudo__min_vol,208.62318297386383
2020-04-30,etfs_com_tudo__min_vol,223.34374342284525
2020-05-31,etfs_com_tudo__min_vol,241.06081108520007
2020-06-30,etfs_com_tudo__min_vol,253.51240010875662
2020-07-31,etfs_com_tudo__min_vol,263.2730037341498
2020-08-31,etfs_com_tudo__min_vol,273.60017221287563
2020-09-30,etfs_com_tudo__min_vol,270.77800637989446
2020-10-31,etfs_com_tudo__min_vol,271.4482895771949
2020-11-30,etfs_com_tudo__min_vol,277.3101237277837
2020-12-31,etfs_com_tudo__min_vol,292.3969069734688
2021-01-31,etfs_com_tudo__min_vol,295.4325053370668
2021-02-28,etfs_com_tudo__min_vol,293.5830247246959
2021-03-31,etfs_com_tudo__min_vol,307.97696233441513
2021-04-30,etfs_com_tudo__min_vol,300.52058366245626
2021-05-31,etfs_com_tudo__min_vol,312.969693468436
2021-06-30,etfs_com_tudo__min_vol,295.81968636865037
2021-07-31,etfs_com_tudo__min_vol,300.26088835921956
2021-08-31,etfs_com_tudo__min_vol,301.74571473914955
2021-09-30,etfs_com_tudo__min_vol,301.1143409365721
2021-10-31,etfs_com_tudo__min_vol,308.56733370802385
2021-11-30,etfs_com_tudo__min_vol,299.16196011321586
2021-12-31,etfs_com_tudo__min_vol,308.6101894415116
2022-01-31,etfs_com_tudo__min_vol,307.2087446107597
2022-02-28,etfs_com_tudo__min_vol,306.5256579318739
2022-03-31,etfs_com_tudo__min_vol,300.31275839918413
2022-04-30,etfs_com_tudo__min_vol,290.0442804910273
2022-05-31,etfs_com_tudo__min_vol,286.05788843934266
2022-06-30,etfs_com_tudo__min_vol,285.6474693020997
2022-07-31,etfs_com_tudo__min_vol,289.7033222500309
2022-08-31,etfs_com_tudo__min_vol,286.23919455616374
2022-09-30,etfs_com_tudo__min_vol,284.8548166277476
2022-10-31,etfs_com_tudo__min_vol,286.34298514804215
2022-11-30,etfs_com_tudo__min_vol,300.0580048332702
2022-12-31,etfs_com_tudo__min_vol,300.78155721022017
2023-01-31,etfs_com_tudo__min_vol,308.53958477963664
2023-02-28,etfs_com_tudo__min_vol,293.7477623868055
2023-03-31,etfs_com_tudo__min_vol,297.67903413871386
2023-04-30,etfs_com_tudo__min_vol,297.4345647142898
2023-05-31,etfs_com_tudo__min_vol,298.48323006008604
2023-06-30,etfs_com_tudo__min_vol,302.1129039525788
2023-07-31,etfs_com_tudo__min_vol,307.40955995228404
2023-08-31,etfs_com_tudo__min_vol,305.72330837958737
2023-09-30,etfs_com_tudo__min_vol,305.99161893699187
2023-10-31,etfs_com_tudo__min_vol,308.6616014750008
2023-11-30,etfs_com_tudo__min_vol,320.946405745747
2023-12-31,etfs_com_tudo__min_vol,328.30081317176933
2024-01-31,etfs_com_tudo__min_vol,326.78707753104516
2024-02-29,etfs_com_tudo__min_vol,333.7847995594877
2024-03-31,etfs_com_tudo__min_vol,347.3918276869123
2024-04-30,etfs_com_tudo__min_vol,352.88971091622454
2024-05-31,etfs_com_tudo__min_vol,357.67012458814895
2024-06-30,etfs_com_tudo__min_vol,373.8455499424687
2024-07-31,etfs_com_tudo__min_vol,391.3798511877954
2024-08-31,etfs_com_tudo__min_vol,405.4352553547144
2024-09-30,etfs_com_tudo__min_vol,401.5639191668206
2024-10-31,etfs_com_tudo__min_vol,420.22441979186647
2024-11-30,etfs_com_tudo__min_vol,425.3146197196159
2024-12-31,etfs_com_tudo__min_vol,424.35997202071957
2025-01-31,etfs_com_tudo__min_vol,429.34755250496625
2025-02-28,etfs_com_tudo__min_vol,427.43088316404635
2025-03-31,etfs_com_tudo__min_vol,445.5073859134502
2025-04-30,etfs_com_tudo__min_vol,448.2201958207275
2025-05-31,etfs_com_tudo__min_vol,461.1516398047655
2025-06-30,etfs_com_tudo__min_vol,460.8793112641764
2025-07-31,etfs_com_tudo__min_vol,462.8379971498256
2025-08-31,etfs_com_tudo__min_vol,474.24550416025915
2025-09-30,etfs_com_tudo__min_vol,496.52392888904575
2025-10-31,etfs_com_tudo__min_vol,512.7435946409641
2025-11-30,etfs_com_tudo__min_vol,531.6825363091484
2025-12-31,etfs_com_tudo__min_vol,545.6280558984932
2026-01-31,etfs_com_tudo__min_vol,584.5047369810128
2026-02-28,etfs_com_tudo__min_vol,613.1036703408893
2026-03-31,etfs_com_tudo__min_vol,611.5143770410743
2026-04-30,etfs_com_tudo__min_vol,611.6080740463052
2015-02-28,etfs_com_btc_petroleo__max_sharpe,116.74833841271426
2015-03-31,etfs_com_btc_petroleo__max_sharpe,122.62161807438525
2015-04-30,etfs_com_btc_petroleo__max_sharpe,122.57642039203616
2015-05-31,etfs_com_btc_petroleo__max_sharpe,125.9137659473838
2015-06-30,etfs_com_btc_petroleo__max_sharpe,124.82850079415701
2015-07-31,etfs_com_btc_petroleo__max_sharpe,129.4624829542217
2015-08-31,etfs_com_btc_petroleo__max_sharpe,123.13304561447968
2015-09-30,etfs_com_btc_petroleo__max_sharpe,130.53087261127408
2015-10-31,etfs_com_btc_petroleo__max_sharpe,137.40389162624865
2015-11-30,etfs_com_btc_petroleo__max_sharpe,138.14410635991607
2015-12-31,etfs_com_btc_petroleo__max_sharpe,138.84200401109433
2016-01-31,etfs_com_btc_petroleo__max_sharpe,131.08873892350348
2016-02-29,etfs_com_btc_petroleo__max_sharpe,134.23801230127214
2016-03-31,etfs_com_btc_petroleo__max_sharpe,138.19883380833028
2016-04-30,etfs_com_btc_petroleo__max_sharpe,138.14105471343277
2016-05-31,etfs_com_btc_petroleo__max_sharpe,141.39515160373028
2016-06-30,etfs_com_btc_petroleo__max_sharpe,139.88457766521776
2016-07-31,etfs_com_btc_petroleo__max_sharpe,149.43889044964388
2016-08-31,etfs_com_btc_petroleo__max_sharpe,147.9482886928659
2016-09-30,etfs_com_btc_petroleo__max_sharpe,152.9463097622617
2016-10-31,etfs_com_btc_petroleo__max_sharpe,158.6710385060984
2016-11-30,etfs_com_btc_petroleo__max_sharpe,165.17177826117512
2016-12-31,etfs_com_btc_petroleo__max_sharpe,162.4390335613478
2017-01-31,etfs_com_btc_petroleo__max_sharpe,166.89956802105738
2017-02-28,etfs_com_btc_petroleo__max_sharpe,175.13716882100945
2017-03-31,etfs_com_btc_petroleo__max_sharpe,174.89117182633228
2017-04-30,etfs_com_btc_petroleo__max_sharpe,183.0895844487469
2017-05-31,etfs_com_btc_petroleo__max_sharpe,200.10553812940734
2017-06-30,etfs_com_btc_petroleo__max_sharpe,203.9889948218383
2017-07-31,etfs_com_btc_petroleo__max_sharpe,209.50580077986888
2017-08-31,etfs_com_btc_petroleo__max_sharpe,229.82875171506484
2017-09-30,etfs_com_btc_petroleo__max_sharpe,231.8111886209909
2017-10-31,etfs_com_btc_petroleo__max_sharpe,256.2453867487348
2017-11-30,etfs_com_btc_petroleo__max_sharpe,267.8037094397217
2017-12-31,etfs_com_btc_petroleo__max_sharpe,290.1526958939578
2018-01-31,etfs_com_btc_petroleo__max_sharpe,297.3665320047372
2018-02-28,etfs_com_btc_petroleo__max_sharpe,297.7262687829643
2018-03-31,etfs_com_btc_petroleo__max_sharpe,290.92746570604993
2018-04-30,etfs_com_btc_petroleo__max_sharpe,308.6225260443633
2018-05-31,etfs_com_btc_petroleo__max_sharpe,311.10082956294553
2018-06-30,etfs_com_btc_petroleo__max_sharpe,309.6236860557651
2018-07-31,etfs_com_btc_petroleo__max_sharpe,323.76277287412177
2018-08-31,etfs_com_btc_petroleo__max_sharpe,347.0889536516505
2018-09-30,etfs_com_btc_petroleo__max_sharpe,341.6941019621704
2018-10-31,etfs_com_btc_petroleo__max_sharpe,316.2488516868049
2018-11-30,etfs_com_btc_petroleo__max_sharpe,311.6981984296273
2018-12-31,etfs_com_btc_petroleo__max_sharpe,297.4704681495017
2019-01-31,etfs_com_btc_petroleo__max_sharpe,310.10280269277695
2019-02-28,etfs_com_btc_petroleo__max_sharpe,319.7607312646383
2019-03-31,etfs_com_btc_petroleo__max_sharpe,336.6511935748386
2019-04-30,etfs_com_btc_petroleo__max_sharpe,360.522844857584
2019-05-31,etfs_com_btc_petroleo__max_sharpe,370.3491406760016
2019-06-30,etfs_com_btc_petroleo__max_sharpe,389.03428579422877
2019-07-31,etfs_com_btc_petroleo__max_sharpe,388.9397279400605
2019-08-31,etfs_com_btc_petroleo__max_sharpe,406.15602751541724
2019-09-30,etfs_com_btc_petroleo__max_sharpe,408.5497085735117
2019-10-31,etfs_com_btc_petroleo__max_sharpe,415.17799436550416
2019-11-30,etfs_com_btc_petroleo__max_sharpe,429.8545805034307
2019-12-31,etfs_com_btc_petroleo__max_sharpe,438.6605448707955
2020-01-31,etfs_com_btc_petroleo__max_sharpe,460.1051675514875
2020-02-29,etfs_com_btc_petroleo__max_sharpe,447.74411312071993
2020-03-31,etfs_com_btc_petroleo__max_sharpe,393.9579133415619
2020-04-30,etfs_com_btc_petroleo__max_sharpe,450.9207346356645
2020-05-31,etfs_com_btc_petroleo__max_sharpe,491.2319401288981
2020-06-30,etfs_com_btc_petroleo__max_sharpe,523.7811299847921
2020-07-31,etfs_com_btc_petroleo__max_sharpe,558.8375768056321
2020-08-31,etfs_com_btc_petroleo__max_sharpe,589.0122487165909
2020-09-30,etfs_com_btc_petroleo__max_sharpe,580.8739255184757
2020-10-31,etfs_com_btc_petroleo__max_sharpe,600.2916543176642
2020-11-30,etfs_com_btc_petroleo__max_sharpe,664.3700083390949
2020-12-31,etfs_com_btc_petroleo__max_sharpe,731.7444433765647
2021-01-31,etfs_com_btc_petroleo__max_sharpe,764.784953122627
2021-02-28,etfs_com_btc_petroleo__max_sharpe,806.9423891680866
2021-03-31,etfs_com_btc_petroleo__max_sharpe,882.4465260720401
2021-04-30,etfs_com_btc_petroleo__max_sharpe,872.7080422865322
2021-05-31,etfs_com_btc_petroleo__max_sharpe,840.8363073601539
2021-06-30,etfs_com_btc_petroleo__max_sharpe,829.3652077495169
2021-07-31,etfs_com_btc_petroleo__max_sharpe,856.3237011197091
2021-08-31,etfs_com_btc_petroleo__max_sharpe,886.7982847767903
2021-09-30,etfs_com_btc_petroleo__max_sharpe,865.1220199122985
2021-10-31,etfs_com_btc_petroleo__max_sharpe,936.7255349876393
2021-11-30,etfs_com_btc_petroleo__max_sharpe,922.3247062533316
2021-12-31,etfs_com_btc_petroleo__max_sharpe,928.7683116543071
2022-01-31,etfs_com_btc_petroleo__max_sharpe,891.18024375668
2022-02-28,etfs_com_btc_petroleo__max_sharpe,872.8126841665535
2022-03-31,etfs_com_btc_petroleo__max_sharpe,861.8581615680157
2022-04-30,etfs_com_btc_petroleo__max_sharpe,783.6009265463753
2022-05-31,etfs_com_btc_petroleo__max_sharpe,764.494117620519
2022-06-30,etfs_com_btc_petroleo__max_sharpe,701.2725958386242
2022-07-31,etfs_com_btc_petroleo__max_sharpe,753.8686260702241
2022-08-31,etfs_com_btc_petroleo__max_sharpe,737.7807507311599
2022-09-30,etfs_com_btc_petroleo__max_sharpe,712.4913649062986
2022-10-31,etfs_com_btc_petroleo__max_sharpe,727.4839885843368
2022-11-30,etfs_com_btc_petroleo__max_sharpe,748.5821826867757
2022-12-31,etfs_com_btc_petroleo__max_sharpe,711.4806302604501
2023-01-31,etfs_com_btc_petroleo__max_sharpe,773.4186363937641
2023-02-28,etfs_com_btc_petroleo__max_sharpe,754.8988253749542
2023-03-31,etfs_com_btc_petroleo__max_sharpe,781.7261171749085
2023-04-30,etfs_com_btc_petroleo__max_sharpe,775.6937611508775
2023-05-31,etfs_com_btc_petroleo__max_sharpe,808.4674223124861
2023-06-30,etfs_com_btc_petroleo__max_sharpe,844.4340964451502
2023-07-31,etfs_com_btc_petroleo__max_sharpe,853.6909331085303
2023-08-31,etfs_com_btc_petroleo__max_sharpe,837.7030867215284
2023-09-30,etfs_com_btc_petroleo__max_sharpe,845.0089645744315
2023-10-31,etfs_com_btc_petroleo__max_sharpe,850.8887266588459
2023-11-30,etfs_com_btc_petroleo__max_sharpe,926.0094056575291
2023-12-31,etfs_com_btc_petroleo__max_sharpe,973.2413929619124
2024-01-31,etfs_com_btc_petroleo__max_sharpe,973.4977536281115
2024-02-29,etfs_com_btc_petroleo__max_sharpe,1048.6573249117291
2024-03-31,etfs_com_btc_petroleo__max_sharpe,1087.9799429548286
2024-04-30,etfs_com_btc_petroleo__max_sharpe,1061.4184468700025
2024-05-31,etfs_com_btc_petroleo__max_sharpe,1107.8355745963097
2024-06-30,etfs_com_btc_petroleo__max_sharpe,1188.5531369489245
2024-07-31,etfs_com_btc_petroleo__max_sharpe,1208.7885107088155
2024-08-31,etfs_com_btc_petroleo__max_sharpe,1234.4958715046953
2024-09-30,etfs_com_btc_petroleo__max_sharpe,1209.0220728310644
2024-10-31,etfs_com_btc_petroleo__max_sharpe,1268.1260749572862
2024-11-30,etfs_com_btc_petroleo__max_sharpe,1360.845420552148
2024-12-31,etfs_com_btc_petroleo__max_sharpe,1368.616574590608
2025-01-31,etfs_com_btc_petroleo__max_sharpe,1369.986165242769
2025-02-28,etfs_com_btc_petroleo__max_sharpe,1310.2805124519025
2025-03-31,etfs_com_btc_petroleo__max_sharpe,1278.3564443109192
2025-04-30,etfs_com_btc_petroleo__max_sharpe,1287.1338813912396
2025-05-31,etfs_com_btc_petroleo__max_sharpe,1383.0594203030676
2025-06-30,etfs_com_btc_petroleo__max_sharpe,1418.2442776665096
2025-07-31,etfs_com_btc_petroleo__max_sharpe,1446.913526169812
2025-08-31,etfs_com_btc_petroleo__max_sharpe,1443.5829202711363
2025-09-30,etfs_com_btc_petroleo__max_sharpe,1494.7570914886603
2025-10-31,etfs_com_btc_petroleo__max_sharpe,1551.3608273918207
2025-11-30,etfs_com_btc_petroleo__max_sharpe,1532.5772182739452
2025-12-31,etfs_com_btc_petroleo__max_sharpe,1561.2476399928194
2026-01-31,etfs_com_btc_petroleo__max_sharpe,1597.4966099614064
2026-02-28,etfs_com_btc_petroleo__max_sharpe,1608.0053439839692
2026-03-31,etfs_com_btc_petroleo__max_sharpe,1635.9266086882283
2026-04-30,etfs_com_btc_petroleo__max_sharpe,1706.2644741178037
2015-02-28,etfs_com_ouro_petroleo__min_vol,110.137539409235
2015-03-31,etfs_com_ouro_petroleo__min_vol,116.51833318468836
2015-04-30,etfs_com_ouro_petroleo__min_vol,116.27264245394613
2015-05-31,etfs_com_ouro_petroleo__min_vol,119.92382154471224
2015-06-30,etfs_com_ouro_petroleo__min_vol,117.44927671962775
2015-07-31,etfs_com_ouro_petroleo__min_vol,117.68986835428376
2015-08-31,etfs_com_ouro_petroleo__min_vol,118.88545041271495
2015-09-30,etfs_com_ouro_petroleo__min_vol,125.20495087632565
2015-10-31,etfs_com_ouro_petroleo__min_vol,125.05599793760152
2015-11-30,etfs_com_ouro_petroleo__min_vol,120.1046452707258
2015-12-31,etfs_com_ouro_petroleo__min_vol,119.27471027562488
2016-01-31,etfs_com_ouro_petroleo__min_vol,118.36444688252483
2016-02-29,etfs_com_ouro_petroleo__min_vol,122.0076597903983
2016-03-31,etfs_com_ouro_petroleo__min_vol,123.2233608216011
2016-04-30,etfs_com_ouro_petroleo__min_vol,127.07073407607635
2016-05-31,etfs_com_ouro_petroleo__min_vol,123.29132546458735
2016-06-30,etfs_com_ouro_petroleo__min_vol,121.3938696377159
2016-07-31,etfs_com_ouro_petroleo__min_vol,128.0975554957744
2016-08-31,etfs_com_ouro_petroleo__min_vol,126.44063033804846
2016-09-30,etfs_com_ouro_petroleo__min_vol,128.943880433813
2016-10-31,etfs_com_ouro_petroleo__min_vol,130.1897328775185
2016-11-30,etfs_com_ouro_petroleo__min_vol,131.2634489899075
2016-12-31,etfs_com_ouro_petroleo__min_vol,124.16122872556036
2017-01-31,etfs_com_ouro_petroleo__min_vol,127.01821774806787
2017-02-28,etfs_com_ouro_petroleo__min_vol,130.17254323700163
2017-03-31,etfs_com_ouro_petroleo__min_vol,129.7375139228992
2017-04-30,etfs_com_ouro_petroleo__min_vol,131.86319489198064
2017-05-31,etfs_com_ouro_petroleo__min_vol,132.70021017594527
2017-06-30,etfs_com_ouro_petroleo__min_vol,133.04969618418568
2017-07-31,etfs_com_ouro_petroleo__min_vol,134.19613777921225
2017-08-31,etfs_com_ouro_petroleo__min_vol,138.46362361048645
2017-09-30,etfs_com_ouro_petroleo__min_vol,140.78499188134637
2017-10-31,etfs_com_ouro_petroleo__min_vol,145.2071684945566
2017-11-30,etfs_com_ouro_petroleo__min_vol,144.03705797428466
2017-12-31,etfs_com_ouro_petroleo__min_vol,151.05184307072992
2018-01-31,etfs_com_ouro_petroleo__min_vol,156.7321140861414
2018-02-28,etfs_com_ouro_petroleo__min_vol,156.25293938430852
2018-03-31,etfs_com_ouro_petroleo__min_vol,158.99721935664675
2018-04-30,etfs_com_ouro_petroleo__min_vol,164.2643026284307
2018-05-31,etfs_com_ouro_petroleo__min_vol,166.05644806950704
2018-06-30,etfs_com_ouro_petroleo__min_vol,165.6316178553949
2018-07-31,etfs_com_ouro_petroleo__min_vol,165.44643122818007
2018-08-31,etfs_com_ouro_petroleo__min_vol,175.35453115106364
2018-09-30,etfs_com_ouro_petroleo__min_vol,174.19619592018796
2018-10-31,etfs_com_ouro_petroleo__min_vol,167.01053116755523
2018-11-30,etfs_com_ouro_petroleo__min_vol,172.04510973533846
2018-12-31,etfs_com_ouro_petroleo__min_vol,170.8900734029048
2019-01-31,etfs_com_ouro_petroleo__min_vol,178.12807998968256
2019-02-28,etfs_com_ouro_petroleo__min_vol,180.7873356115131
2019-03-31,etfs_com_ouro_petroleo__min_vol,185.15312716331093
2019-04-30,etfs_com_ouro_petroleo__min_vol,188.66025263745888
2019-05-31,etfs_com_ouro_petroleo__min_vol,186.62175516580953
2019-06-30,etfs_com_ouro_petroleo__min_vol,192.48903114418766
2019-07-31,etfs_com_ouro_petroleo__min_vol,191.77153776845796
2019-08-31,etfs_com_ouro_petroleo__min_vol,208.31902609115912
2019-09-30,etfs_com_ouro_petroleo__min_vol,208.96485178712402
2019-10-31,etfs_com_ouro_petroleo__min_vol,208.12675264028599
2019-11-30,etfs_com_ouro_petroleo__min_vol,214.593199266411
2019-12-31,etfs_com_ouro_petroleo__min_vol,218.64345132266357
2020-01-31,etfs_com_ouro_petroleo__min_vol,225.31222106260586
2020-02-29,etfs_com_ouro_petroleo__min_vol,222.26765623422926
2020-03-31,etfs_com_ouro_petroleo__min_vol,206.9730523098838
2020-04-30,etfs_com_ouro_petroleo__min_vol,221.5469821821497
2020-05-31,etfs_com_ouro_petroleo__min_vol,239.09725332611873
2020-06-30,etfs_com_ouro_petroleo__min_vol,251.45984498786538
2020-07-31,etfs_com_ouro_petroleo__min_vol,261.0867061732308
2020-08-31,etfs_com_ouro_petroleo__min_vol,271.34490091087304
2020-09-30,etfs_com_ouro_petroleo__min_vol,268.55140725762544
2020-10-31,etfs_com_ouro_petroleo__min_vol,269.0545275080436
2020-11-30,etfs_com_ouro_petroleo__min_vol,274.7264799687417
2020-12-31,etfs_com_ouro_petroleo__min_vol,289.44038137914345
2021-01-31,etfs_com_ouro_petroleo__min_vol,292.3411127424196
2021-02-28,etfs_com_ouro_petroleo__min_vol,290.3074602074908
2021-03-31,etfs_com_ouro_petroleo__min_vol,304.41667592802355
2021-04-30,etfs_com_ouro_petroleo__min_vol,297.11323313461236
2021-05-31,etfs_com_ouro_petroleo__min_vol,309.61227389400455
2021-06-30,etfs_com_ouro_petroleo__min_vol,292.7167023516707
2021-07-31,etfs_com_ouro_petroleo__min_vol,297.0310252383294
2021-08-31,etfs_com_ouro_petroleo__min_vol,298.45581950849726
2021-09-30,etfs_com_ouro_petroleo__min_vol,297.81294228546005
2021-10-31,etfs_com_ouro_petroleo__min_vol,305.0185771903426
2021-11-30,etfs_com_ouro_petroleo__min_vol,295.7849512348206
2021-12-31,etfs_com_ouro_petroleo__min_vol,305.2686085854589
2022-01-31,etfs_com_ouro_petroleo__min_vol,303.92272164764523
2022-02-28,etfs_com_ouro_petroleo__min_vol,303.1496352331375
2022-03-31,etfs_com_ouro_petroleo__min_vol,297.02273431447077
2022-04-30,etfs_com_ouro_petroleo__min_vol,286.88968306125344
2022-05-31,etfs_com_ouro_petroleo__min_vol,283.0199375231681
2022-06-30,etfs_com_ouro_petroleo__min_vol,282.75103046473134
2022-07-31,etfs_com_ouro_petroleo__min_vol,286.7676104294269
2022-08-31,etfs_com_ouro_petroleo__min_vol,283.40027446934454
2022-09-30,etfs_com_ouro_petroleo__min_vol,281.9948229077591
2022-10-31,etfs_com_ouro_petroleo__min_vol,283.54412216956155
2022-11-30,etfs_com_ouro_petroleo__min_vol,297.190374255539
2022-12-31,etfs_com_ouro_petroleo__min_vol,297.84962110829025
2023-01-31,etfs_com_ouro_petroleo__min_vol,305.35067028801234
2023-02-28,etfs_com_ouro_petroleo__min_vol,290.714328049064
2023-03-31,etfs_com_ouro_petroleo__min_vol,294.497705581912
2023-04-30,etfs_com_ouro_petroleo__min_vol,294.25778666325675
2023-05-31,etfs_com_ouro_petroleo__min_vol,295.3660700731988
2023-06-30,etfs_com_ouro_petroleo__min_vol,298.9478899030726
2023-07-31,etfs_com_ouro_petroleo__min_vol,304.2248745519541
2023-08-31,etfs_com_ouro_petroleo__min_vol,302.6272350085093
2023-09-30,etfs_com_ouro_petroleo__min_vol,302.82671199025117
2023-10-31,etfs_com_ouro_petroleo__min_vol,305.2838124001414
2023-11-30,etfs_com_ouro_petroleo__min_vol,317.4851938776622
2023-12-31,etfs_com_ouro_petroleo__min_vol,324.7261038269677
2024-01-31,etfs_com_ouro_petroleo__min_vol,323.24744309759427
2024-02-29,etfs_com_ouro_petroleo__min_vol,329.93421276173314
2024-03-31,etfs_com_ouro_petroleo__min_vol,343.30453767072623
2024-04-30,etfs_com_ouro_petroleo__min_vol,348.79526476579036
2024-05-31,etfs_com_ouro_petroleo__min_vol,353.49465159101743
2024-06-30,etfs_com_ouro_petroleo__min_vol,369.5919555668671
2024-07-31,etfs_com_ouro_petroleo__min_vol,386.9078103930371
2024-08-31,etfs_com_ouro_petroleo__min_vol,400.88993583424985
2024-09-30,etfs_com_ouro_petroleo__min_vol,396.99778235862146
2024-10-31,etfs_com_ouro_petroleo__min_vol,415.3568666798666
2024-11-30,etfs_com_ouro_petroleo__min_vol,420.17327468954164
2024-12-31,etfs_com_ouro_petroleo__min_vol,419.22077388505954
2025-01-31,etfs_com_ouro_petroleo__min_vol,424.11105905793863
2025-02-28,etfs_com_ouro_petroleo__min_vol,422.322537742855
2025-03-31,etfs_com_ouro_petroleo__min_vol,440.10434273565966
2025-04-30,etfs_com_ouro_petroleo__min_vol,442.65562072839117
2025-05-31,etfs_com_ouro_petroleo__min_vol,455.39349662604167
2025-06-30,etfs_com_ouro_petroleo__min_vol,455.1536670532902
2025-07-31,etfs_com_ouro_petroleo__min_vol,457.0352629264895
2025-08-31,etfs_com_ouro_petroleo__min_vol,468.3680179217109
2025-09-30,etfs_com_ouro_petroleo__min_vol,490.36060680209215
2025-10-31,etfs_com_ouro_petroleo__min_vol,506.44229408924207
2025-11-30,etfs_com_ouro_petroleo__min_vol,525.3161230127415
2025-12-31,etfs_com_ouro_petroleo__min_vol,539.1335549018024
2026-01-31,etfs_com_ouro_petroleo__min_vol,577.5917200365881
2026-02-28,etfs_com_ouro_petroleo__min_vol,605.9295200197172
2026-03-31,etfs_com_ouro_petroleo__min_vol,604.2055730332552
2026-04-30,etfs_com_ouro_petroleo__min_vol,604.3424270073575
2015-02-28,etfs_com_btc__max_sharpe,116.94428808440578
2015-03-31,etfs_com_btc__max_sharpe,123.10717546862686
2015-04-30,etfs_com_btc__max_sharpe,122.42529258939993
2015-05-31,etfs_com_btc__max_sharpe,125.50832743276179
2015-06-30,etfs_com_btc__max_sharpe,124.46032572958326
2015-07-31,etfs_com_btc__max_sharpe,130.11017173493508
2015-08-31,etfs_com_btc__max_sharpe,123.01809276307559
2015-09-30,etfs_com_btc__max_sharpe,130.40130611297212
2015-10-31,etfs_com_btc__max_sharpe,138.03443958037727
2015-11-30,etfs_com_btc__max_sharpe,139.56539163317203
2015-12-31,etfs_com_btc__max_sharpe,141.09768441589065
2016-01-31,etfs_com_btc__max_sharpe,133.4935060617292
2016-02-29,etfs_com_btc__max_sharpe,137.404081947033
2016-03-31,etfs_com_btc__max_sharpe,141.77668222978076
2016-04-30,etfs_com_btc__max_sharpe,140.89841083085668
2016-05-31,etfs_com_btc__max_sharpe,143.75747811075118
2016-06-30,etfs_com_btc__max_sharpe,142.8562832540807
2016-07-31,etfs_com_btc__max_sharpe,154.09341308712382
2016-08-31,etfs_com_btc__max_sharpe,152.20612719274564
2016-09-30,etfs_com_btc__max_sharpe,157.16852823899566
2016-10-31,etfs_com_btc__max_sharpe,163.5928314359505
2016-11-30,etfs_com_btc__max_sharpe,169.64079141918077
2016-12-31,etfs_com_btc__max_sharpe,166.39525182413604
2017-01-31,etfs_com_btc__max_sharpe,171.89881462830255
2017-02-28,etfs_com_btc__max_sharpe,180.65205869690018
2017-03-31,etfs_com_btc__max_sharpe,181.1244361502676
2017-04-30,etfs_com_btc__max_sharpe,190.16700227147697
2017-05-31,etfs_com_btc__max_sharpe,208.5064119634163
2017-06-30,etfs_com_btc__max_sharpe,212.94926366134334
2017-07-31,etfs_com_btc__max_sharpe,218.49433388193006
2017-08-31,etfs_com_btc__max_sharpe,241.0291428474175
2017-09-30,etfs_com_btc__max_sharpe,242.43073715487705
2017-10-31,etfs_com_btc__max_sharpe,267.79964711484234
2017-11-30,etfs_com_btc__max_sharpe,279.60588902418306
2017-12-31,etfs_com_btc__max_sharpe,303.0687579083222
2018-01-31,etfs_com_btc__max_sharpe,310.81610543592797
2018-02-28,etfs_com_btc__max_sharpe,311.4908904908454
2018-03-31,etfs_com_btc__max_sharpe,302.872331636924
2018-04-30,etfs_com_btc__max_sharpe,320.4123744737957
2018-05-31,etfs_com_btc__max_sharpe,322.06187100780636
2018-06-30,etfs_com_btc__max_sharpe,317.764247634073
2018-07-31,etfs_com_btc__max_sharpe,334.1501604102307
2018-08-31,etfs_com_btc__max_sharpe,356.551362667284
2018-09-30,etfs_com_btc__max_sharpe,350.4047455619219
2018-10-31,etfs_com_btc__max_sharpe,326.05643843971757
2018-11-30,etfs_com_btc__max_sharpe,324.94764169347417
2018-12-31,etfs_com_btc__max_sharpe,310.7137921153869
2019-01-31,etfs_com_btc__max_sharpe,323.32699371829045
2019-02-28,etfs_com_btc__max_sharpe,332.7808776770213
2019-03-31,etfs_com_btc__max_sharpe,349.495682373201
2019-04-30,etfs_com_btc__max_sharpe,373.4965151907963
2019-05-31,etfs_com_btc__max_sharpe,386.6948508644601
2019-06-30,etfs_com_btc__max_sharpe,406.5485223291862
2019-07-31,etfs_com_btc__max_sharpe,406.5666089902079
2019-08-31,etfs_com_btc__max_sharpe,423.2183029277212
2019-09-30,etfs_com_btc__max_sharpe,426.15375397300045
2019-10-31,etfs_com_btc__max_sharpe,433.81353148720734
2019-11-30,etfs_com_btc__max_sharpe,448.82044086092077
2019-12-31,etfs_com_btc__max_sharpe,457.6476489016206
2020-01-31,etfs_com_btc__max_sharpe,483.0942900979881
2020-02-29,etfs_com_btc__max_sharpe,471.4786406777839
2020-03-31,etfs_com_btc__max_sharpe,423.47008577413555
2020-04-30,etfs_com_btc__max_sharpe,496.09666249380615
2020-05-31,etfs_com_btc__max_sharpe,534.1144462775424
2020-06-30,etfs_com_btc__max_sharpe,569.3138890732121
2020-07-31,etfs_com_btc__max_sharpe,609.4091671120301
2020-08-31,etfs_com_btc__max_sharpe,640.9259412712486
2020-09-30,etfs_com_btc__max_sharpe,632.2986051790299
2020-10-31,etfs_com_btc__max_sharpe,657.0170781415353
2020-11-30,etfs_com_btc__max_sharpe,725.6433968008319
2020-12-31,etfs_com_btc__max_sharpe,800.1576905434966
2021-01-31,etfs_com_btc__max_sharpe,833.0034712448644
2021-02-28,etfs_com_btc__max_sharpe,871.8570112092617
2021-03-31,etfs_com_btc__max_sharpe,954.6726122070646
2021-04-30,etfs_com_btc__max_sharpe,943.5916976447885
2021-05-31,etfs_com_btc__max_sharpe,907.3431981340011
2021-06-30,etfs_com_btc__max_sharpe,892.3527563148891
2021-07-31,etfs_com_btc__max_sharpe,919.627326931335
2021-08-31,etfs_com_btc__max_sharpe,956.5843692499758
2021-09-30,etfs_com_btc__max_sharpe,924.8963885725598
2021-10-31,etfs_com_btc__max_sharpe,997.7435421181673
2021-11-30,etfs_com_btc__max_sharpe,988.4667141816142
2021-12-31,etfs_com_btc__max_sharpe,989.8725444450904
2022-01-31,etfs_com_btc__max_sharpe,942.982746705592
2022-02-28,etfs_com_btc__max_sharpe,920.3701818377333
2022-03-31,etfs_com_btc__max_sharpe,907.3484744894861
2022-04-30,etfs_com_btc__max_sharpe,817.8636054529571
2022-05-31,etfs_com_btc__max_sharpe,794.2159833459115
2022-06-30,etfs_com_btc__max_sharpe,725.8674858003301
2022-07-31,etfs_com_btc__max_sharpe,783.4620873958266
2022-08-31,etfs_com_btc__max_sharpe,769.8814304349767
2022-09-30,etfs_com_btc__max_sharpe,744.7433500610127
2022-10-31,etfs_com_btc__max_sharpe,757.8522743124605
2022-11-30,etfs_com_btc__max_sharpe,783.0775605052526
2022-12-31,etfs_com_btc__max_sharpe,743.6379518084655
2023-01-31,etfs_com_btc__max_sharpe,813.4058249468966
2023-02-28,etfs_com_btc__max_sharpe,793.0647269480286
2023-03-31,etfs_com_btc__max_sharpe,823.0652944270727
2023-04-30,etfs_com_btc__max_sharpe,816.4294889447812
2023-05-31,etfs_com_btc__max_sharpe,855.488632252823
2023-06-30,etfs_com_btc__max_sharpe,895.7033349249155
2023-07-31,etfs_com_btc__max_sharpe,901.2655029832034
2023-08-31,etfs_com_btc__max_sharpe,881.1191154778719
2023-09-30,etfs_com_btc__max_sharpe,883.0811252377664
2023-10-31,etfs_com_btc__max_sharpe,891.2752115365878
2023-11-30,etfs_com_btc__max_sharpe,979.1781990840146
2023-12-31,etfs_com_btc__max_sharpe,1033.442371391668
2024-01-31,etfs_com_btc__max_sharpe,1028.980971544768
2024-02-29,etfs_com_btc__max_sharpe,1108.4652298596234
2024-03-31,etfs_com_btc__max_sharpe,1147.680003062494
2024-04-30,etfs_com_btc__max_sharpe,1119.6053540678308
2024-05-31,etfs_com_btc__max_sharpe,1173.1097966562875
2024-06-30,etfs_com_btc__max_sharpe,1253.329156037887
2024-07-31,etfs_com_btc__max_sharpe,1276.0361776581838
2024-08-31,etfs_com_btc__max_sharpe,1309.0603694424647
2024-09-30,etfs_com_btc__max_sharpe,1288.794051316098
2024-10-31,etfs_com_btc__max_sharpe,1348.7274093375138
2024-11-30,etfs_com_btc__max_sharpe,1451.0600462041768
2024-12-31,etfs_com_btc__max_sharpe,1454.091630082944
2025-01-31,etfs_com_btc__max_sharpe,1457.0717362627197
2025-02-28,etfs_com_btc__max_sharpe,1395.258058948327
2025-03-31,etfs_com_btc__max_sharpe,1359.2724834767332
2025-04-30,etfs_com_btc__max_sharpe,1382.1140111598693
2025-05-31,etfs_com_btc__max_sharpe,1484.5753093552435
2025-06-30,etfs_com_btc__max_sharpe,1518.1483483741983
2025-07-31,etfs_com_btc__max_sharpe,1541.7479662037758
2025-08-31,etfs_com_btc__max_sharpe,1544.8876241648243
2025-09-30,etfs_com_btc__max_sharpe,1601.8620991433402
2025-10-31,etfs_com_btc__max_sharpe,1670.7556546654434
2025-11-30,etfs_com_btc__max_sharpe,1652.3051602715307
2025-12-31,etfs_com_btc__max_sharpe,1684.4999140353266
2026-01-31,etfs_com_btc__max_sharpe,1718.1747565927253
2026-02-28,etfs_com_btc__max_sharpe,1725.0374293808413
2026-03-31,etfs_com_btc__max_sharpe,1706.002967924706
2026-04-30,etfs_com_btc__max_sharpe,1787.022092990275
2015-02-28,etfs_com_ouro__min_vol,110.66895989501775
2015-03-31,etfs_com_ouro__min_vol,116.68022831887998
2015-04-30,etfs_com_ouro__min_vol,115.80718965787264
2015-05-31,etfs_com_ouro__min_vol,119.29297946834743
2015-06-30,etfs_com_ouro__min_vol,116.62488719930305
2015-07-31,etfs_com_ouro__min_vol,118.81793294494496
2015-08-31,etfs_com_ouro__min_vol,118.84735528240311
2015-09-30,etfs_com_ouro__min_vol,125.19526769846496
2015-10-31,etfs_com_ouro__min_vol,125.6031691993134
2015-11-30,etfs_com_ouro__min_vol,121.65115799785843
2015-12-31,etfs_com_ouro__min_vol,121.37363842598565
2016-01-31,etfs_com_ouro__min_vol,120.85559185601682
2016-02-29,etfs_com_ouro__min_vol,124.69919881219982
2016-03-31,etfs_com_ouro__min_vol,126.24023251374878
2016-04-30,etfs_com_ouro__min_vol,129.4733513039511
2016-05-31,etfs_com_ouro__min_vol,124.79212640057682
2016-06-30,etfs_com_ouro__min_vol,122.88357641781404
2016-07-31,etfs_com_ouro__min_vol,131.02693706495697
2016-08-31,etfs_com_ouro__min_vol,129.02763347767223
2016-09-30,etfs_com_ouro__min_vol,131.01079309111438
2016-10-31,etfs_com_ouro__min_vol,132.12854457197687
2016-11-30,etfs_com_ouro__min_vol,132.99780145529638
2016-12-31,etfs_com_ouro__min_vol,125.94423682768678
2017-01-31,etfs_com_ouro__min_vol,129.25065825098946
2017-02-28,etfs_com_ouro__min_vol,132.4259139159509
2017-03-31,etfs_com_ouro__min_vol,132.79481240068534
2017-04-30,etfs_com_ouro__min_vol,135.41175341733828
2017-05-31,etfs_com_ouro__min_vol,136.94845605253965
2017-06-30,etfs_com_ouro__min_vol,137.48113519109936
2017-07-31,etfs_com_ouro__min_vol,138.26259207075424
2017-08-31,etfs_com_ouro__min_vol,143.1054558687882
2017-09-30,etfs_com_ouro__min_vol,145.3537544991952
2017-10-31,etfs_com_ouro__min_vol,149.28039502931892
2017-11-30,etfs_com_ouro__min_vol,147.30719139121598
2017-12-31,etfs_com_ouro__min_vol,154.71409162791144
2018-01-31,etfs_com_ouro__min_vol,160.2997849487633
2018-02-28,etfs_com_ouro__min_vol,159.23804785996046
2018-03-31,etfs_com_ouro__min_vol,161.45549328218394
2018-04-30,etfs_com_ouro__min_vol,166.9932733013411
2018-05-31,etfs_com_ouro__min_vol,168.57374654224034
2018-06-30,etfs_com_ouro__min_vol,166.71232223623375
2018-07-31,etfs_com_ouro__min_vol,167.47879326375144
2018-08-31,etfs_com_ouro__min_vol,175.9192885627856
2018-09-30,etfs_com_ouro__min_vol,174.51039428860636
2018-10-31,etfs_com_ouro__min_vol,168.2354374940193
2018-11-30,etfs_com_ouro__min_vol,175.41621203818494
2018-12-31,etfs_com_ouro__min_vol,174.5929726644333
2019-01-31,etfs_com_ouro__min_vol,181.17884751436586
2019-02-28,etfs_com_ouro__min_vol,183.75868347913234
2019-03-31,etfs_com_ouro__min_vol,187.71103599763657
2019-04-30,etfs_com_ouro__min_vol,190.81762151062128
2019-05-31,etfs_com_ouro__min_vol,189.86859483407096
2019-06-30,etfs_com_ouro__min_vol,195.29390471704286
2019-07-31,etfs_com_ouro__min_vol,194.1820802584351
2019-08-31,etfs_com_ouro__min_vol,210.36875255868605
2019-09-30,etfs_com_ouro__min_vol,212.05798896556905
2019-10-31,etfs_com_ouro__min_vol,211.7862833249308
2019-11-30,etfs_com_ouro__min_vol,218.21797960875955
2019-12-31,etfs_com_ouro__min_vol,222.21871828496188
2020-01-31,etfs_com_ouro__min_vol,230.0886069886186
2020-02-29,etfs_com_ouro__min_vol,226.30248342426646
2020-03-31,etfs_com_ouro__min_vol,214.44044860723892
2020-04-30,etfs_com_ouro__min_vol,237.24486466460718
2020-05-31,etfs_com_ouro__min_vol,250.654943490833
2020-06-30,etfs_com_ouro__min_vol,262.3785447209292
2020-07-31,etfs_com_ouro__min_vol,271.97143717898643
2020-08-31,etfs_com_ouro__min_vol,281.27129161176464
2020-09-30,etfs_com_ouro__min_vol,278.1750561682862
2020-10-31,etfs_com_ouro__min_vol,279.47449994789145
2020-11-30,etfs_com_ouro__min_vol,286.3530406689253
2020-12-31,etfs_com_ouro__min_vol,301.5326924859021
2021-01-31,etfs_com_ouro__min_vol,302.99949153195985
2021-02-28,etfs_com_ouro__min_vol,298.6046901580556
2021-03-31,etfs_com_ouro__min_vol,314.56096464604644
2021-04-30,etfs_com_ouro__min_vol,307.05834877063097
2021-05-31,etfs_com_ouro__min_vol,319.9624792740598
2021-06-30,etfs_com_ouro__min_vol,300.8644919612188
2021-07-31,etfs_com_ouro__min_vol,304.4786391210345
2021-08-31,etfs_com_ouro__min_vol,306.9121583970202
2021-09-30,etfs_com_ouro__min_vol,303.47170124497137
2021-10-31,etfs_com_ouro__min_vol,310.10808166843657
2021-11-30,etfs_com_ouro__min_vol,302.82858204999525
2021-12-31,etfs_com_ouro__min_vol,311.5563303244254
2022-01-31,etfs_com_ouro__min_vol,309.06315533736785
2022-02-28,etfs_com_ouro__min_vol,306.5663501541205
2022-03-31,etfs_com_ouro__min_vol,299.24871753555135
2022-04-30,etfs_com_ouro__min_vol,287.31563090390335
2022-05-31,etfs_com_ouro__min_vol,282.67908013636264
2022-06-30,etfs_com_ouro__min_vol,280.55269810173075
2022-07-31,etfs_com_ouro__min_vol,286.0848101790222
2022-08-31,etfs_com_ouro__min_vol,282.96067247726853
2022-09-30,etfs_com_ouro__min_vol,281.6532512188988
2022-10-31,etfs_com_ouro__min_vol,284.4987295102231
2022-11-30,etfs_com_ouro__min_vol,300.1914408489667
2022-12-31,etfs_com_ouro__min_vol,300.06728797881914
2023-01-31,etfs_com_ouro__min_vol,309.13203586255963
2023-02-28,etfs_com_ouro__min_vol,295.176777552475
2023-03-31,etfs_com_ouro__min_vol,298.33995312477083
2023-04-30,etfs_com_ouro__min_vol,299.5373374708124
2023-05-31,etfs_com_ouro__min_vol,301.05410285354014
2023-06-30,etfs_com_ouro__min_vol,304.9849696699014
2023-07-31,etfs_com_ouro__min_vol,308.20755678176863
2023-08-31,etfs_com_ouro__min_vol,305.0367604528921
2023-09-30,etfs_com_ouro__min_vol,303.9505535784074
2023-10-31,etfs_com_ouro__min_vol,306.29357541746685
2023-11-30,etfs_com_ouro__min_vol,321.86495381871987
2023-12-31,etfs_com_ouro__min_vol,331.3344200206178
2024-01-31,etfs_com_ouro__min_vol,327.54321388208734
2024-02-29,etfs_com_ouro__min_vol,333.32576715440973
2024-03-31,etfs_com_ouro__min_vol,346.4339438583799
2024-04-30,etfs_com_ouro__min_vol,352.7099750413664
2024-05-31,etfs_com_ouro__min_vol,359.5928771040476
2024-06-30,etfs_com_ouro__min_vol,373.48320503571495
2024-07-31,etfs_com_ouro__min_vol,392.64039616845537
2024-08-31,etfs_com_ouro__min_vol,409.12200765682246
2024-09-30,etfs_com_ouro__min_vol,405.36507416813504
2024-10-31,etfs_com_ouro__min_vol,420.3635658513442
2024-11-30,etfs_com_ouro__min_vol,425.92073881964615
2024-12-31,etfs_com_ouro__min_vol,421.6167569771442
2025-01-31,etfs_com_ouro__min_vol,427.9296789567997
2025-02-28,etfs_com_ouro__min_vol,428.6423766519057
2025-03-31,etfs_com_ouro__min_vol,446.41853216753935
2025-04-30,etfs_com_ouro__min_vol,454.2635282024446
2025-05-31,etfs_com_ouro__min_vol,466.88576219199973
2025-06-30,etfs_com_ouro__min_vol,464.1666006396657
2025-07-31,etfs_com_ouro__min_vol,462.88102530114753
2025-08-31,etfs_com_ouro__min_vol,477.79960126691964
2025-09-30,etfs_com_ouro__min_vol,500.20388114146783
2025-10-31,etfs_com_ouro__min_vol,517.1907589171211
2025-11-30,etfs_com_ouro__min_vol,537.6141651414297
2025-12-31,etfs_com_ouro__min_vol,554.9126240009423
2026-01-31,etfs_com_ouro__min_vol,590.8845289643288
2026-02-28,etfs_com_ouro__min_vol,620.5046317542905
2026-03-31,etfs_com_ouro__min_vol,593.2287349128344
2026-04-30,etfs_com_ouro__min_vol,596.7996392299258
2015-02-28,etfs_com_ouro_btc__min_vol,110.66896005587101
2015-03-31,etfs_com_ouro_btc__min_vol,116.6802267336848
2015-04-30,etfs_com_ouro_btc__min_vol,115.80718876530236
2015-05-31,etfs_com_ouro_btc__min_vol,119.29297866536443
2015-06-30,etfs_com_ouro_btc__min_vol,116.62488593320262
2015-07-31,etfs_com_ouro_btc__min_vol,118.81793201393909
2015-08-31,etfs_com_ouro_btc__min_vol,118.84735440226812
2015-09-30,etfs_com_ouro_btc__min_vol,125.19526700042756
2015-10-31,etfs_com_ouro_btc__min_vol,125.60316792544145
2015-11-30,etfs_com_ouro_btc__min_vol,121.6511562393278
2015-12-31,etfs_com_ouro_btc__min_vol,121.37363622976302
2016-01-31,etfs_com_ouro_btc__min_vol,120.85559003053241
2016-02-29,etfs_com_ouro_btc__min_vol,124.69919697613803
2016-03-31,etfs_com_ouro_btc__min_vol,126.24023015003318
2016-04-30,etfs_com_ouro_btc__min_vol,129.47334956978955
2016-05-31,etfs_com_ouro_btc__min_vol,124.79212375742557
2016-06-30,etfs_com_ouro_btc__min_vol,122.8835733447304
2016-07-31,etfs_com_ouro_btc__min_vol,131.02693293776468
2016-08-31,etfs_com_ouro_btc__min_vol,129.0276294474636
2016-09-30,etfs_com_ouro_btc__min_vol,131.01078827624076
2016-10-31,etfs_com_ouro_btc__min_vol,132.12853830510014
2016-11-30,etfs_com_ouro_btc__min_vol,132.99779471311396
2016-12-31,etfs_com_ouro_btc__min_vol,125.94423188806107
2017-01-31,etfs_com_ouro_btc__min_vol,129.2506530567546
2017-02-28,etfs_com_ouro_btc__min_vol,132.42590867041775
2017-03-31,etfs_com_ouro_btc__min_vol,132.7948075406763
2017-04-30,etfs_com_ouro_btc__min_vol,135.4117488200507
2017-05-31,etfs_com_ouro_btc__min_vol,136.94845240902094
2017-06-30,etfs_com_ouro_btc__min_vol,137.48113073874384
2017-07-31,etfs_com_ouro_btc__min_vol,138.2625877091961
2017-08-31,etfs_com_ouro_btc__min_vol,143.10545146251187
2017-09-30,etfs_com_ouro_btc__min_vol,145.35374997327602
2017-10-31,etfs_com_ouro_btc__min_vol,149.28038972931944
2017-11-30,etfs_com_ouro_btc__min_vol,147.3071850970867
2017-12-31,etfs_com_ouro_btc__min_vol,154.71408585163815
2018-01-31,etfs_com_ouro_btc__min_vol,160.2997788485368
2018-02-28,etfs_com_ouro_btc__min_vol,159.23804092499324
2018-03-31,etfs_com_ouro_btc__min_vol,161.4554866062898
2018-04-30,etfs_com_ouro_btc__min_vol,166.9932670489666
2018-05-31,etfs_com_ouro_btc__min_vol,168.573739848491
2018-06-30,etfs_com_ouro_btc__min_vol,166.71231591099502
2018-07-31,etfs_com_ouro_btc__min_vol,167.47878636228805
2018-08-31,etfs_com_ouro_btc__min_vol,175.91927967369338
2018-09-30,etfs_com_ouro_btc__min_vol,174.51038527723466
2018-10-31,etfs_com_ouro_btc__min_vol,168.23543002422983
2018-11-30,etfs_com_ouro_btc__min_vol,175.41620285581186
2018-12-31,etfs_com_ouro_btc__min_vol,174.5929646523663
2019-01-31,etfs_com_ouro_btc__min_vol,181.17883873843306
2019-02-28,etfs_com_ouro_btc__min_vol,183.75867506610922
2019-03-31,etfs_com_ouro_btc__min_vol,187.71102745470668
2019-04-30,etfs_com_ouro_btc__min_vol,190.8176131890619
2019-05-31,etfs_com_ouro_btc__min_vol,189.86858670686559
2019-06-30,etfs_com_ouro_btc__min_vol,195.29389576698802
2019-07-31,etfs_com_ouro_btc__min_vol,194.18207089973362
2019-08-31,etfs_com_ouro_btc__min_vol,210.36874299432156
2019-09-30,etfs_com_ouro_btc__min_vol,212.05797928693104
2019-10-31,etfs_com_ouro_btc__min_vol,211.78627408412046
2019-11-30,etfs_com_ouro_btc__min_vol,218.2179701393378
2019-12-31,etfs_com_ouro_btc__min_vol,222.218710144484
2020-01-31,etfs_com_ouro_btc__min_vol,230.08859886194827
2020-02-29,etfs_com_ouro_btc__min_vol,226.30247439464583
2020-03-31,etfs_com_ouro_btc__min_vol,214.44043804865075
2020-04-30,etfs_com_ouro_btc__min_vol,237.24485019263545
2020-05-31,etfs_com_ouro_btc__min_vol,250.65492801368038
2020-06-30,etfs_com_ouro_btc__min_vol,262.37852815114564
2020-07-31,etfs_com_ouro_btc__min_vol,271.9714218347913
2020-08-31,etfs_com_ouro_btc__min_vol,281.27127351967414
2020-09-30,etfs_com_ouro_btc__min_vol,278.17503745474113
2020-10-31,etfs_com_ouro_btc__min_vol,279.4744801019864
2020-11-30,etfs_com_ouro_btc__min_vol,286.3530206011192
2020-12-31,etfs_com_ouro_btc__min_vol,301.53267131508403
2021-01-31,etfs_com_ouro_btc__min_vol,302.99947006518767
2021-02-28,etfs_com_ouro_btc__min_vol,298.6046663910142
2021-03-31,etfs_com_ouro_btc__min_vol,314.56094002401665
2021-04-30,etfs_com_ouro_btc__min_vol,307.0583268498207
2021-05-31,etfs_com_ouro_btc__min_vol,319.9624573309118
2021-06-30,etfs_com_ouro_btc__min_vol,300.86447027157664
2021-07-31,etfs_com_ouro_btc__min_vol,304.478618105604
2021-08-31,etfs_com_ouro_btc__min_vol,306.9121371855028
2021-09-30,etfs_com_ouro_btc__min_vol,303.4716780591261
2021-10-31,etfs_com_ouro_btc__min_vol,310.10805967405514
2021-11-30,etfs_com_ouro_btc__min_vol,302.8285596401469
2021-12-31,etfs_com_ouro_btc__min_vol,311.5563097314998
2022-01-31,etfs_com_ouro_btc__min_vol,309.06313547154974
2022-02-28,etfs_com_ouro_btc__min_vol,306.56633040308327
2022-03-31,etfs_com_ouro_btc__min_vol,299.24869716756166
2022-04-30,etfs_com_ouro_btc__min_vol,287.3156133931462
2022-05-31,etfs_com_ouro_btc__min_vol,282.67906139696663
2022-06-30,etfs_com_ouro_btc__min_vol,280.5526797297898
2022-07-31,etfs_com_ouro_btc__min_vol,286.08478945085005
2022-08-31,etfs_com_ouro_btc__min_vol,282.960649976846
2022-09-30,etfs_com_ouro_btc__min_vol,281.6532288895587
2022-10-31,etfs_com_ouro_btc__min_vol,284.4987081923087
2022-11-30,etfs_com_ouro_btc__min_vol,300.1914193644566
2022-12-31,etfs_com_ouro_btc__min_vol,300.0672662296743
2023-01-31,etfs_com_ouro_btc__min_vol,309.1320140969409
2023-02-28,etfs_com_ouro_btc__min_vol,295.17675981422246
2023-03-31,etfs_com_ouro_btc__min_vol,298.33993356081106
2023-04-30,etfs_com_ouro_btc__min_vol,299.5373201607893
2023-05-31,etfs_com_ouro_btc__min_vol,301.05408354922974
2023-06-30,etfs_com_ouro_btc__min_vol,304.9849485800475
2023-07-31,etfs_com_ouro_btc__min_vol,308.2075354096165
2023-08-31,etfs_com_ouro_btc__min_vol,305.0367388354775
2023-09-30,etfs_com_ouro_btc__min_vol,303.95053305657746
2023-10-31,etfs_com_ouro_btc__min_vol,306.2935545069293
2023-11-30,etfs_com_ouro_btc__min_vol,321.86493334255346
2023-12-31,etfs_com_ouro_btc__min_vol,331.33439866899226
2024-01-31,etfs_com_ouro_btc__min_vol,327.5431915342651
2024-02-29,etfs_com_ouro_btc__min_vol,333.3257419376169
2024-03-31,etfs_com_ouro_btc__min_vol,346.4339197305759
2024-04-30,etfs_com_ouro_btc__min_vol,352.70995441022825
2024-05-31,etfs_com_ouro_btc__min_vol,359.59285766271546
2024-06-30,etfs_com_ouro_btc__min_vol,373.48318444366095
2024-07-31,etfs_com_ouro_btc__min_vol,392.6403759755486
2024-08-31,etfs_com_ouro_btc__min_vol,409.1219875645022
2024-09-30,etfs_com_ouro_btc__min_vol,405.3650521844796
2024-10-31,etfs_com_ouro_btc__min_vol,420.3635417335993
2024-11-30,etfs_com_ouro_btc__min_vol,425.9207116730672
2024-12-31,etfs_com_ouro_btc__min_vol,421.6167308887302
2025-01-31,etfs_com_ouro_btc__min_vol,427.92965654052495
2025-02-28,etfs_com_ouro_btc__min_vol,428.6423566144063
2025-03-31,etfs_com_ouro_btc__min_vol,446.41851341946375
2025-04-30,etfs_com_ouro_btc__min_vol,454.2635112809246
2025-05-31,etfs_com_ouro_btc__min_vol,466.8857440446489
2025-06-30,etfs_com_ouro_btc__min_vol,464.1665795470514
2025-07-31,etfs_com_ouro_btc__min_vol,462.88100344213694
2025-08-31,etfs_com_ouro_btc__min_vol,477.7995790030676
2025-09-30,etfs_com_ouro_btc__min_vol,500.20385823347925
2025-10-31,etfs_com_ouro_btc__min_vol,517.1907345581454
2025-11-30,etfs_com_ouro_btc__min_vol,537.6141396717592
2025-12-31,etfs_com_ouro_btc__min_vol,554.9126026323362
2026-01-31,etfs_com_ouro_btc__min_vol,590.8845023541484
2026-02-28,etfs_com_ouro_btc__min_vol,620.5046021485557
2026-03-31,etfs_com_ouro_btc__min_vol,593.228702188541
2026-04-30,etfs_com_ouro_btc__min_vol,596.7996095811712
2015-02-28,etfs_com_petroleo__max_sharpe,115.91283960185463
2015-03-31,etfs_com_petroleo__max_sharpe,122.33301453471155
2015-04-30,etfs_com_petroleo__max_sharpe,122.6426178550715
2015-05-31,etfs_com_petroleo__max_sharpe,126.56150458391775
2015-06-30,etfs_com_petroleo__max_sharpe,123.1685417002566
2015-07-31,etfs_com_petroleo__max_sharpe,127.76557697720928
2015-08-31,etfs_com_petroleo__max_sharpe,123.68761236271126
2015-09-30,etfs_com_petroleo__max_sharpe,129.8781304237192
2015-10-31,etfs_com_petroleo__max_sharpe,135.08994800649833
2015-11-30,etfs_com_petroleo__max_sharpe,133.10098892645772
2015-12-31,etfs_com_petroleo__max_sharpe,131.63541084930318
2016-01-31,etfs_com_petroleo__max_sharpe,125.28092761810427
2016-02-29,etfs_com_petroleo__max_sharpe,125.76444533751598
2016-03-31,etfs_com_petroleo__max_sharpe,130.69214306814249
2016-04-30,etfs_com_petroleo__max_sharpe,129.6334440308057
2016-05-31,etfs_com_petroleo__max_sharpe,130.61000034041413
2016-06-30,etfs_com_petroleo__max_sharpe,125.4459428450935
2016-07-31,etfs_com_petroleo__max_sharpe,136.00229173887448
2016-08-31,etfs_com_petroleo__max_sharpe,135.8538712858113
2016-09-30,etfs_com_petroleo__max_sharpe,139.89256046395494
2016-10-31,etfs_com_petroleo__max_sharpe,142.63876907731893
2016-11-30,etfs_com_petroleo__max_sharpe,147.4983693872913
2016-12-31,etfs_com_petroleo__max_sharpe,140.97647771538414
2017-01-31,etfs_com_petroleo__max_sharpe,145.79369804535642
2017-02-28,etfs_com_petroleo__max_sharpe,150.36628253624733
2017-03-31,etfs_com_petroleo__max_sharpe,152.44128546104272
2017-04-30,etfs_com_petroleo__max_sharpe,155.89774494768267
2017-05-31,etfs_com_petroleo__max_sharpe,159.51197603373265
2017-06-30,etfs_com_petroleo__max_sharpe,160.09179656402088
2017-07-31,etfs_com_petroleo__max_sharpe,162.3630393323795
2017-08-31,etfs_com_petroleo__max_sharpe,167.38902769781535
2017-09-30,etfs_com_petroleo__max_sharpe,170.868151737515
2017-10-31,etfs_com_petroleo__max_sharpe,180.03253094901345
2017-11-30,etfs_com_petroleo__max_sharpe,177.72177867626363
2017-12-31,etfs_com_petroleo__max_sharpe,185.82020408546614
2018-01-31,etfs_com_petroleo__max_sharpe,197.63326537122347
2018-02-28,etfs_com_petroleo__max_sharpe,197.60672669571622
2018-03-31,etfs_com_petroleo__max_sharpe,198.24240548243503
2018-04-30,etfs_com_petroleo__max_sharpe,203.41877578571462
2018-05-31,etfs_com_petroleo__max_sharpe,209.8049760050512
2018-06-30,etfs_com_petroleo__max_sharpe,211.67227443163333
2018-07-31,etfs_com_petroleo__max_sharpe,217.72800902483164
2018-08-31,etfs_com_petroleo__max_sharpe,236.5175787887261
2018-09-30,etfs_com_petroleo__max_sharpe,234.321585493844
2018-10-31,etfs_com_petroleo__max_sharpe,216.76364506899506
2018-11-30,etfs_com_petroleo__max_sharpe,223.03030997422982
2018-12-31,etfs_com_petroleo__max_sharpe,211.68442325350009
2019-01-31,etfs_com_petroleo__max_sharpe,225.35482680782513
2019-02-28,etfs_com_petroleo__max_sharpe,230.46139163921612
2019-03-31,etfs_com_petroleo__max_sharpe,241.3350694811947
2019-04-30,etfs_com_petroleo__max_sharpe,251.038719885954
2019-05-31,etfs_com_petroleo__max_sharpe,241.04028071447732
2019-06-30,etfs_com_petroleo__max_sharpe,249.54540565011501
2019-07-31,etfs_com_petroleo__max_sharpe,252.00279482780985
2019-08-31,etfs_com_petroleo__max_sharpe,260.5976034677122
2019-09-30,etfs_com_petroleo__max_sharpe,265.92888960581814
2019-10-31,etfs_com_petroleo__max_sharpe,267.3292773240452
2019-11-30,etfs_com_petroleo__max_sharpe,284.2941366562994
2019-12-31,etfs_com_petroleo__max_sharpe,293.0363785725639
2020-01-31,etfs_com_petroleo__max_sharpe,300.0471862436525
2020-02-29,etfs_com_petroleo__max_sharpe,291.48830629798647
2020-03-31,etfs_com_petroleo__max_sharpe,262.7257824010833
2020-04-30,etfs_com_petroleo__max_sharpe,296.5876380810764
2020-05-31,etfs_com_petroleo__max_sharpe,324.1791215679923
2020-06-30,etfs_com_petroleo__max_sharpe,349.06491770986594
2020-07-31,etfs_com_petroleo__max_sharpe,366.4442192291126
2020-08-31,etfs_com_petroleo__max_sharpe,390.2276198978634
2020-09-30,etfs_com_petroleo__max_sharpe,383.2385196444891
2020-10-31,etfs_com_petroleo__max_sharpe,383.12830549931704
2020-11-30,etfs_com_petroleo__max_sharpe,413.5143853238456
2020-12-31,etfs_com_petroleo__max_sharpe,436.0722298875758
2021-01-31,etfs_com_petroleo__max_sharpe,446.54155909641713
2021-02-28,etfs_com_petroleo__max_sharpe,451.264491029758
2021-03-31,etfs_com_petroleo__max_sharpe,478.21608018688255
2021-04-30,etfs_com_petroleo__max_sharpe,475.80790327976877
2021-05-31,etfs_com_petroleo__max_sharpe,476.6208298852564
2021-06-30,etfs_com_petroleo__max_sharpe,475.9837053398999
2021-07-31,etfs_com_petroleo__max_sharpe,483.82131118611954
2021-08-31,etfs_com_petroleo__max_sharpe,499.9733100932848
2021-09-30,etfs_com_petroleo__max_sharpe,486.6510238024358
2021-10-31,etfs_com_petroleo__max_sharpe,509.21606299269706
2021-11-30,etfs_com_petroleo__max_sharpe,504.3212094407229
2021-12-31,etfs_com_petroleo__max_sharpe,518.1205356187002
2022-01-31,etfs_com_petroleo__max_sharpe,500.03477727494277
2022-02-28,etfs_com_petroleo__max_sharpe,481.3444465404195
2022-03-31,etfs_com_petroleo__max_sharpe,477.90769146475157
2022-04-30,etfs_com_petroleo__max_sharpe,434.68741079692063
2022-05-31,etfs_com_petroleo__max_sharpe,428.77925226506807
2022-06-30,etfs_com_petroleo__max_sharpe,406.5874263845414
2022-07-31,etfs_com_petroleo__max_sharpe,437.9459320205751
2022-08-31,etfs_com_petroleo__max_sharpe,434.2567436871369
2022-09-30,etfs_com_petroleo__max_sharpe,418.0541719470938
2022-10-31,etfs_com_petroleo__max_sharpe,428.3690990035236
2022-11-30,etfs_com_petroleo__max_sharpe,447.0582655542761
2022-12-31,etfs_com_petroleo__max_sharpe,423.7824020848814
2023-01-31,etfs_com_petroleo__max_sharpe,449.5908285545323
2023-02-28,etfs_com_petroleo__max_sharpe,439.0219513604579
2023-03-31,etfs_com_petroleo__max_sharpe,448.4158663594754
2023-04-30,etfs_com_petroleo__max_sharpe,444.67522910663195
2023-05-31,etfs_com_petroleo__max_sharpe,471.0898104799279
2023-06-30,etfs_com_petroleo__max_sharpe,492.3113817005846
2023-07-31,etfs_com_petroleo__max_sharpe,501.4560310456945
2023-08-31,etfs_com_petroleo__max_sharpe,498.9501627341224
2023-09-30,etfs_com_petroleo__max_sharpe,495.04771846826435
2023-10-31,etfs_com_petroleo__max_sharpe,481.4816679052053
2023-11-30,etfs_com_petroleo__max_sharpe,529.5892695240357
2023-12-31,etfs_com_petroleo__max_sharpe,552.693059569841
2024-01-31,etfs_com_petroleo__max_sharpe,554.9015408889125
2024-02-29,etfs_com_petroleo__max_sharpe,572.9610422282459
2024-03-31,etfs_com_petroleo__max_sharpe,584.5559601746688
2024-04-30,etfs_com_petroleo__max_sharpe,579.437165115668
2024-05-31,etfs_com_petroleo__max_sharpe,602.7967143307528
2024-06-30,etfs_com_petroleo__max_sharpe,651.5662060184156
2024-07-31,etfs_com_petroleo__max_sharpe,660.0470683970619
2024-08-31,etfs_com_petroleo__max_sharpe,684.9328691463578
2024-09-30,etfs_com_petroleo__max_sharpe,668.6379088531198
2024-10-31,etfs_com_petroleo__max_sharpe,694.531723687696
2024-11-30,etfs_com_petroleo__max_sharpe,726.8014091638745
2024-12-31,etfs_com_petroleo__max_sharpe,733.2984285243816
2025-01-31,etfs_com_petroleo__max_sharpe,730.1485236664017
2025-02-28,etfs_com_petroleo__max_sharpe,708.9011560976431
2025-03-31,etfs_com_petroleo__max_sharpe,687.7489652471442
2025-04-30,etfs_com_petroleo__max_sharpe,686.518715103038
2025-05-31,etfs_com_petroleo__max_sharpe,735.0159592292973
2025-06-30,etfs_com_petroleo__max_sharpe,751.6319682091186
2025-07-31,etfs_com_petroleo__max_sharpe,760.4897076421577
2025-08-31,etfs_com_petroleo__max_sharpe,763.9962122637702
2025-09-30,etfs_com_petroleo__max_sharpe,784.7117852091163
2025-10-31,etfs_com_petroleo__max_sharpe,832.5203481691309
2025-11-30,etfs_com_petroleo__max_sharpe,837.5640502291052
2025-12-31,etfs_com_petroleo__max_sharpe,853.7618222157764
2026-01-31,etfs_com_petroleo__max_sharpe,881.5473945152588
2026-02-28,etfs_com_petroleo__max_sharpe,889.4325060498641
2026-03-31,etfs_com_petroleo__max_sharpe,896.4858658327958
2026-04-30,etfs_com_petroleo__max_sharpe,932.055154571621
2015-02-28,etfs_todos__max_sharpe,116.05405240058585
2015-03-31,etfs_todos__max_sharpe,122.67157932486208
2015-04-30,etfs_todos__max_sharpe,122.41883055546931
2015-05-31,etfs_todos__max_sharpe,126.18106332794244
2015-06-30,etfs_todos__max_sharpe,122.80595965076743
2015-07-31,etfs_todos__max_sharpe,128.22494054670582
2015-08-31,etfs_todos__max_sharpe,123.63648584862051
2015-09-30,etfs_todos__max_sharpe,129.78855346019301
2015-10-31,etfs_todos__max_sharpe,135.55729524780392
2015-11-30,etfs_todos__max_sharpe,134.10978002784532
2015-12-31,etfs_todos__max_sharpe,133.22170261532526
2016-01-31,etfs_todos__max_sharpe,127.07478561074828
2016-02-29,etfs_todos__max_sharpe,128.08835726978867
2016-03-31,etfs_todos__max_sharpe,133.33196985210398
2016-04-30,etfs_todos__max_sharpe,131.60456992501423
2016-05-31,etfs_todos__max_sharpe,132.25285238810415
2016-06-30,etfs_todos__max_sharpe,127.44004031161617
2016-07-31,etfs_todos__max_sharpe,139.24101391350848
2016-08-31,etfs_todos__max_sharpe,138.810655821499
2016-09-30,etfs_todos__max_sharpe,142.80561272842843
2016-10-31,etfs_todos__max_sharpe,145.9772206995498
2016-11-30,etfs_todos__max_sharpe,150.47321770677559
2016-12-31,etfs_todos__max_sharpe,143.4881441261919
2017-01-31,etfs_todos__max_sharpe,149.02582848885234
2017-02-28,etfs_todos__max_sharpe,153.8338664478679
2017-03-31,etfs_todos__max_sharpe,156.47263850916428
2017-04-30,etfs_todos__max_sharpe,160.32526912075167
2017-05-31,etfs_todos__max_sharpe,164.27770623133543
2017-06-30,etfs_todos__max_sharpe,165.08365250553481
2017-07-31,etfs_todos__max_sharpe,167.20478892654145
2017-08-31,etfs_todos__max_sharpe,172.98420430071394
2017-09-30,etfs_todos__max_sharpe,176.18579058522351
2017-10-31,etfs_todos__max_sharpe,185.41235839598568
2017-11-30,etfs_todos__max_sharpe,182.68609803291446
2017-12-31,etfs_todos__max_sharpe,190.95846037939327
2018-01-31,etfs_todos__max_sharpe,203.25295291559576
2018-02-28,etfs_todos__max_sharpe,203.41283685721297
2018-03-31,etfs_todos__max_sharpe,203.4361005441547
2018-04-30,etfs_todos__max_sharpe,208.15944632752675
2018-05-31,etfs_todos__max_sharpe,214.2804636252575
2018-06-30,etfs_todos__max_sharpe,214.86566151411517
2018-07-31,etfs_todos__max_sharpe,222.01607506269573
2018-08-31,etfs_todos__max_sharpe,240.4523997714986
2018-09-30,etfs_todos__max_sharpe,237.94043978241746
2018-10-31,etfs_todos__max_sharpe,221.02353367033115
2018-11-30,etfs_todos__max_sharpe,229.33055918706359
2018-12-31,etfs_todos__max_sharpe,218.03406287192018
2019-01-31,etfs_todos__max_sharpe,231.78925209787428
2019-02-28,etfs_todos__max_sharpe,236.63997828167308
2019-03-31,etfs_todos__max_sharpe,247.3268073748825
2019-04-30,etfs_todos__max_sharpe,256.75777804454
2019-05-31,etfs_todos__max_sharpe,247.9662083648774
2019-06-30,etfs_todos__max_sharpe,256.80194238668764
2019-07-31,etfs_todos__max_sharpe,259.4717908521952
2019-08-31,etfs_todos__max_sharpe,267.64144753761826
2019-09-30,etfs_todos__max_sharpe,273.46164387621803
2019-10-31,etfs_todos__max_sharpe,275.25524138986935
2019-11-30,etfs_todos__max_sharpe,292.68391869854725
2019-12-31,etfs_todos__max_sharpe,301.5113890012477
2020-01-31,etfs_todos__max_sharpe,310.1875528871512
2020-02-29,etfs_todos__max_sharpe,301.8889391567507
2020-03-31,etfs_todos__max_sharpe,276.39485758370444
2020-04-30,etfs_todos__max_sharpe,317.8519424547038
2020-05-31,etfs_todos__max_sharpe,344.30707500538193
2020-06-30,etfs_todos__max_sharpe,370.7020611177431
2020-07-31,etfs_todos__max_sharpe,390.0881868669573
2020-08-31,etfs_todos__max_sharpe,414.651300856778
2020-09-30,etfs_todos__max_sharpe,407.37840103529754
2020-10-31,etfs_todos__max_sharpe,408.7121098352231
2020-11-30,etfs_todos__max_sharpe,440.40762445247015
2020-12-31,etfs_todos__max_sharpe,464.72124399244467
2021-01-31,etfs_todos__max_sharpe,474.10596102651715
2021-02-28,etfs_todos__max_sharpe,475.8368840571502
2021-03-31,etfs_todos__max_sharpe,504.7989938573223
2021-04-30,etfs_todos__max_sharpe,502.2808207772463
2021-05-31,etfs_todos__max_sharpe,502.6123333704255
2021-06-30,etfs_todos__max_sharpe,500.97974907700166
2021-07-31,etfs_todos__max_sharpe,508.7938372418279
2021-08-31,etfs_todos__max_sharpe,527.6939481324139
2021-09-30,etfs_todos__max_sharpe,510.05914880220865
2021-10-31,etfs_todos__max_sharpe,531.8489475632887
2021-11-30,etfs_todos__max_sharpe,529.5467397921215
2021-12-31,etfs_todos__max_sharpe,542.1870845636538
2022-01-31,etfs_todos__max_sharpe,520.3017397397215
2022-02-28,etfs_todos__max_sharpe,499.5062831440879
2022-03-31,etfs_todos__max_sharpe,495.58852434988836
2022-04-30,etfs_todos__max_sharpe,447.6017479101837
2022-05-31,etfs_todos__max_sharpe,439.9845749036163
2022-06-30,etfs_todos__max_sharpe,415.68179055420876
2022-07-31,etfs_todos__max_sharpe,449.54193322861215
2022-08-31,etfs_todos__max_sharpe,447.1730568999312
2022-09-30,etfs_todos__max_sharpe,431.0636210797892
2022-10-31,etfs_todos__max_sharpe,440.96379648208233
2022-11-30,etfs_todos__max_sharpe,461.39252572952864
2022-12-31,etfs_todos__max_sharpe,436.7935976799046
2023-01-31,etfs_todos__max_sharpe,465.47806956839946
2023-02-28,etfs_todos__max_sharpe,454.4106963405082
2023-03-31,etfs_todos__max_sharpe,464.85192620922834
2023-04-30,etfs_todos__max_sharpe,460.9008714938571
2023-05-31,etfs_todos__max_sharpe,490.8312471954092
2023-06-30,etfs_todos__max_sharpe,513.8605111911202
2023-07-31,etfs_todos__max_sharpe,521.2883836662257
2023-08-31,etfs_todos__max_sharpe,517.526740752716
2023-09-30,etfs_todos__max_sharpe,510.76265045827694
2023-10-31,etfs_todos__max_sharpe,497.4484049330687
2023-11-30,etfs_todos__max_sharpe,551.532651120986
2023-12-31,etfs_todos__max_sharpe,577.7000727570684
2024-01-31,etfs_todos__max_sharpe,578.3006021338929
2024-02-29,etfs_todos__max_sharpe,596.6385814761243
2024-03-31,etfs_todos__max_sharpe,607.6749557470552
2024-04-30,etfs_todos__max_sharpe,602.1472202714707
2024-05-31,etfs_todos__max_sharpe,628.3614105141288
2024-06-30,etfs_todos__max_sharpe,677.5276429825955
2024-07-31,etfs_todos__max_sharpe,686.8660410453201
2024-08-31,etfs_todos__max_sharpe,715.4253511746649
2024-09-30,etfs_todos__max_sharpe,700.310360087785
2024-10-31,etfs_todos__max_sharpe,726.2156612804083
2024-11-30,etfs_todos__max_sharpe,761.3917492398906
2024-12-31,etfs_todos__max_sharpe,766.0824131152884
2025-01-31,etfs_todos__max_sharpe,763.2014703560452
2025-02-28,etfs_todos__max_sharpe,741.2606954107196
2025-03-31,etfs_todos__max_sharpe,717.8876888312856
2025-04-30,etfs_todos__max_sharpe,722.2717810736334
2025-05-31,etfs_todos__max_sharpe,773.3859278147497
2025-06-30,etfs_todos__max_sharpe,789.2943407932518
2025-07-31,etfs_todos__max_sharpe,795.513456056387
2025-08-31,etfs_todos__max_sharpe,801.6419245210076
2025-09-30,etfs_todos__max_sharpe,824.144190556712
2025-10-31,etfs_todos__max_sharpe,878.4062693834736
2025-11-30,etfs_todos__max_sharpe,884.6548429283267
2025-12-31,etfs_todos__max_sharpe,902.5590856819665
2026-01-31,etfs_todos__max_sharpe,929.9250284863957
2026-02-28,etfs_todos__max_sharpe,937.2002156594729
2026-03-31,etfs_todos__max_sharpe,923.8443791501147
2026-04-30,etfs_todos__max_sharpe,964.1896719311897
2015-02-28,etfs_exterior__max_sharpe,119.59939928348007
2015-03-31,etfs_exterior__max_sharpe,132.09261583266215
2015-04-30,etfs_exterior__max_sharpe,125.28047999389752
2015-05-31,etfs_exterior__max_sharpe,133.2512761725298
2015-06-30,etfs_exterior__max_sharpe,127.09565721753337
2015-07-31,etfs_exterior__max_sharpe,134.36748122830312
2015-08-31,etfs_exterior__max_sharpe,133.97174939750965
2015-09-30,etfs_exterior__max_sharpe,144.9846317342239
2015-10-31,etfs_exterior__max_sharpe,155.28148012806903
2015-11-30,etfs_exterior__max_sharpe,152.54259464345594
2015-12-31,etfs_exterior__max_sharpe,152.58857731358572
2016-01-31,etfs_exterior__max_sharpe,148.45273126952517
2016-02-29,etfs_exterior__max_sharpe,147.70838882907475
2016-03-31,etfs_exterior__max_sharpe,143.0815842919706
2016-04-30,etfs_exterior__max_sharpe,137.49282161386304
2016-05-31,etfs_exterior__max_sharpe,144.47337170137484
2016-06-30,etfs_exterior__max_sharpe,134.09090111273346
2016-07-31,etfs_exterior__max_sharpe,143.02831787515476
2016-08-31,etfs_exterior__max_sharpe,141.7052209225184
2016-09-30,etfs_exterior__max_sharpe,148.15881807876266
2016-10-31,etfs_exterior__max_sharpe,144.45258978387886
2016-11-30,etfs_exterior__max_sharpe,154.831426162637
2016-12-31,etfs_exterior__max_sharpe,145.86357715892265
2017-01-31,etfs_exterior__max_sharpe,149.4446117223282
2017-02-28,etfs_exterior__max_sharpe,153.01602774847566
2017-03-31,etfs_exterior__max_sharpe,160.0717973939262
2017-04-30,etfs_exterior__max_sharpe,164.64901440055618
2017-05-31,etfs_exterior__max_sharpe,174.04290200333034
2017-06-30,etfs_exterior__max_sharpe,175.29197254467812
2017-07-31,etfs_exterior__max_sharpe,173.54386696899525
2017-08-31,etfs_exterior__max_sharpe,174.59974063203384
2017-09-30,etfs_exterior__max_sharpe,177.81982219111697
2017-10-31,etfs_exterior__max_sharpe,190.3845012390855
2017-11-30,etfs_exterior__max_sharpe,188.77943443939748
2017-12-31,etfs_exterior__max_sharpe,198.38014029826948
2018-01-31,etfs_exterior__max_sharpe,205.18827659257664
2018-02-28,etfs_exterior__max_sharpe,202.6403637925507
2018-03-31,etfs_exterior__max_sharpe,204.47474395175254
2018-04-30,etfs_exterior__max_sharpe,210.76375534056064
2018-05-31,etfs_exterior__max_sharpe,225.827894661696
2018-06-30,etfs_exterior__max_sharpe,229.23842531639832
2018-07-31,etfs_exterior__max_sharpe,232.341060838
2018-08-31,etfs_exterior__max_sharpe,257.72193044113436
2018-09-30,etfs_exterior__max_sharpe,250.024779811676
2018-10-31,etfs_exterior__max_sharpe,209.80027797594505
2018-11-30,etfs_exterior__max_sharpe,219.26096275656099
2018-12-31,etfs_exterior__max_sharpe,205.52439264685898
2019-01-31,etfs_exterior__max_sharpe,215.6916034366268
2019-02-28,etfs_exterior__max_sharpe,221.80719146973357
2019-03-31,etfs_exterior__max_sharpe,237.77886800219105
2019-04-30,etfs_exterior__max_sharpe,245.666111821484
2019-05-31,etfs_exterior__max_sharpe,236.58514822778636
2019-06-30,etfs_exterior__max_sharpe,247.12693560540296
2019-07-31,etfs_exterior__max_sharpe,248.51543461848738
2019-08-31,etfs_exterior__max_sharpe,249.69578332322428
2019-09-30,etfs_exterior__max_sharpe,254.4760464698979
2019-10-31,etfs_exterior__max_sharpe,250.54916604497666
2019-11-30,etfs_exterior__max_sharpe,274.2258655064641
2019-12-31,etfs_exterior__max_sharpe,280.95792431173277
2020-01-31,etfs_exterior__max_sharpe,289.74223430038074
2020-02-29,etfs_exterior__max_sharpe,286.89205938750945
2020-03-31,etfs_exterior__max_sharpe,282.09348553347763
2020-04-30,etfs_exterior__max_sharpe,330.6068896431919
2020-05-31,etfs_exterior__max_sharpe,361.33379515587734
2020-06-30,etfs_exterior__max_sharpe,386.8607113580175
2020-07-31,etfs_exterior__max_sharpe,400.0590267789473
2020-08-31,etfs_exterior__max_sharpe,433.315182718753
2020-09-30,etfs_exterior__max_sharpe,429.8186588924816
2020-10-31,etfs_exterior__max_sharpe,435.7613254277063
2020-11-30,etfs_exterior__max_sharpe,459.95910003841544
2020-12-31,etfs_exterior__max_sharpe,475.9197876204154
2021-01-31,etfs_exterior__max_sharpe,500.4071489599588
2021-02-28,etfs_exterior__max_sharpe,525.153791306527
2021-03-31,etfs_exterior__max_sharpe,555.4919472045041
2021-04-30,etfs_exterior__max_sharpe,541.9661590900402
2021-05-31,etfs_exterior__max_sharpe,529.5058732788615
2021-06-30,etfs_exterior__max_sharpe,520.6151379328742
2021-07-31,etfs_exterior__max_sharpe,538.0663449962954
2021-08-31,etfs_exterior__max_sharpe,583.0439875508697
2021-09-30,etfs_exterior__max_sharpe,577.296109345921
2021-10-31,etfs_exterior__max_sharpe,627.1078871656737
2021-11-30,etfs_exterior__max_sharpe,613.8139467034873
2021-12-31,etfs_exterior__max_sharpe,635.9084569125704
2022-01-31,etfs_exterior__max_sharpe,590.7599728005589
2022-02-28,etfs_exterior__max_sharpe,563.2982348736779
2022-03-31,etfs_exterior__max_sharpe,541.0283470088806
2022-04-30,etfs_exterior__max_sharpe,498.610163155915
2022-05-31,etfs_exterior__max_sharpe,481.16249056158324
2022-06-30,etfs_exterior__max_sharpe,459.8532484395804
2022-07-31,etfs_exterior__max_sharpe,502.97659394721643
2022-08-31,etfs_exterior__max_sharpe,492.33178326777704
2022-09-30,etfs_exterior__max_sharpe,467.86460480927826
2022-10-31,etfs_exterior__max_sharpe,477.81360280942255
2022-11-30,etfs_exterior__max_sharpe,522.478595917603
2022-12-31,etfs_exterior__max_sharpe,498.3546206761389
2023-01-31,etfs_exterior__max_sharpe,542.3407038716854
2023-02-28,etfs_exterior__max_sharpe,541.4493112084416
2023-03-31,etfs_exterior__max_sharpe,556.3015178368571
2023-04-30,etfs_exterior__max_sharpe,541.2398563127313
2023-05-31,etfs_exterior__max_sharpe,572.2343724926118
2023-06-30,etfs_exterior__max_sharpe,592.029464093651
2023-07-31,etfs_exterior__max_sharpe,594.3566681481303
2023-08-31,etfs_exterior__max_sharpe,605.7313490145361
2023-09-30,etfs_exterior__max_sharpe,588.3663649257953
2023-10-31,etfs_exterior__max_sharpe,569.4573424961063
2023-11-30,etfs_exterior__max_sharpe,636.7776557845466
2023-12-31,etfs_exterior__max_sharpe,659.9024725389578
2024-01-31,etfs_exterior__max_sharpe,676.3244951707766
2024-02-29,etfs_exterior__max_sharpe,695.164141043505
2024-03-31,etfs_exterior__max_sharpe,729.1486313858833
2024-04-30,etfs_exterior__max_sharpe,738.127799470557
2024-05-31,etfs_exterior__max_sharpe,799.9303911863639
2024-06-30,etfs_exterior__max_sharpe,868.8954266273113
2024-07-31,etfs_exterior__max_sharpe,878.0474057630162
2024-08-31,etfs_exterior__max_sharpe,914.5903817408854
2024-09-30,etfs_exterior__max_sharpe,895.109069482045
2024-10-31,etfs_exterior__max_sharpe,969.5681167684436
2024-11-30,etfs_exterior__max_sharpe,1068.8538604100804
2024-12-31,etfs_exterior__max_sharpe,1095.31056641573
2025-01-31,etfs_exterior__max_sharpe,1062.1746751248315
2025-02-28,etfs_exterior__max_sharpe,1032.0425456288576
2025-03-31,etfs_exterior__max_sharpe,962.6354417014564
2025-04-30,etfs_exterior__max_sharpe,949.9675301312815
2025-05-31,etfs_exterior__max_sharpe,1035.0554382695882
2025-06-30,etfs_exterior__max_sharpe,1044.2107549599612
2025-07-31,etfs_exterior__max_sharpe,1074.9115079224596
2025-08-31,etfs_exterior__max_sharpe,1045.2564929610994
2025-09-30,etfs_exterior__max_sharpe,1043.8307332996947
2025-10-31,etfs_exterior__max_sharpe,1175.4472637306412
2025-11-30,etfs_exterior__max_sharpe,1150.0640129249675
2025-12-31,etfs_exterior__max_sharpe,1178.8254759622844
2026-01-31,etfs_exterior__max_sharpe,1173.766201818777
2026-02-28,etfs_exterior__max_sharpe,1169.5076098526506
2026-03-31,etfs_exterior__max_sharpe,1171.618582951593
2026-04-30,etfs_exterior__max_sharpe,1193.98165034734
2015-02-28,etfs_com_petroleo__min_vol,114.55716546203827
2015-03-31,etfs_com_petroleo__min_vol,121.96181894121175
2015-04-30,etfs_com_petroleo__min_vol,123.8576705551887
2015-05-31,etfs_com_petroleo__min_vol,127.27902171061176
2015-06-30,etfs_com_petroleo__min_vol,124.44528287533278
2015-07-31,etfs_com_petroleo__min_vol,128.26396352440378
2015-08-31,etfs_com_petroleo__min_vol,123.04961634201013
2015-09-30,etfs_com_petroleo__min_vol,128.02351010712863
2015-10-31,etfs_com_petroleo__min_vol,130.41082836439273
2015-11-30,etfs_com_petroleo__min_vol,128.58954634476666
2015-12-31,etfs_com_petroleo__min_vol,127.35580196304106
2016-01-31,etfs_com_petroleo__min_vol,120.9130495809448
2016-02-29,etfs_com_petroleo__min_vol,119.17902318819384
2016-03-31,etfs_com_petroleo__min_vol,123.98519071674858
2016-04-30,etfs_com_petroleo__min_vol,125.87970761509335
2016-05-31,etfs_com_petroleo__min_vol,125.02663357423398
2016-06-30,etfs_com_petroleo__min_vol,119.79792246440178
2016-07-31,etfs_com_petroleo__min_vol,128.4671965335577
2016-08-31,etfs_com_petroleo__min_vol,128.8380500558654
2016-09-30,etfs_com_petroleo__min_vol,131.968628780382
2016-10-31,etfs_com_petroleo__min_vol,134.89104866339002
2016-11-30,etfs_com_petroleo__min_vol,139.2468590620624
2016-12-31,etfs_com_petroleo__min_vol,131.8255820945857
2017-01-31,etfs_com_petroleo__min_vol,134.93571313600378
2017-02-28,etfs_com_petroleo__min_vol,137.78556075555397
2017-03-31,etfs_com_petroleo__min_vol,138.2414482297566
2017-04-30,etfs_com_petroleo__min_vol,140.43744547860038
2017-05-31,etfs_com_petroleo__min_vol,142.74132429117194
2017-06-30,etfs_com_petroleo__min_vol,144.7529610867649
2017-07-31,etfs_com_petroleo__min_vol,146.26992665498796
2017-08-31,etfs_com_petroleo__min_vol,149.53249676511743
2017-09-30,etfs_com_petroleo__min_vol,154.63128080936957
2017-10-31,etfs_com_petroleo__min_vol,161.32826784174307
2017-11-30,etfs_com_petroleo__min_vol,160.76982680643894
2017-12-31,etfs_com_petroleo__min_vol,168.2974842410994
2018-01-31,etfs_com_petroleo__min_vol,176.15131358098063
2018-02-28,etfs_com_petroleo__min_vol,174.61864983605332
2018-03-31,etfs_com_petroleo__min_vol,176.39599305431383
2018-04-30,etfs_com_petroleo__min_vol,183.01955385603824
2018-05-31,etfs_com_petroleo__min_vol,184.44899872047404
2018-06-30,etfs_com_petroleo__min_vol,183.5239935074896
2018-07-31,etfs_com_petroleo__min_vol,186.70126908083202
2018-08-31,etfs_com_petroleo__min_vol,197.335382185109
2018-09-30,etfs_com_petroleo__min_vol,197.96461160439407
2018-10-31,etfs_com_petroleo__min_vol,184.44700241946353
2018-11-30,etfs_com_petroleo__min_vol,192.39947755566433
2018-12-31,etfs_com_petroleo__min_vol,183.96801189795931
2019-01-31,etfs_com_petroleo__min_vol,195.07651077733058
2019-02-28,etfs_com_petroleo__min_vol,199.37667423716178
2019-03-31,etfs_com_petroleo__min_vol,205.4432963073929
2019-04-30,etfs_com_petroleo__min_vol,210.65223349793106
2019-05-31,etfs_com_petroleo__min_vol,203.54047791678184
2019-06-30,etfs_com_petroleo__min_vol,208.06296864575762
2019-07-31,etfs_com_petroleo__min_vol,206.36986113644835
2019-08-31,etfs_com_petroleo__min_vol,214.74725054904323
2019-09-30,etfs_com_petroleo__min_vol,220.90666398505587
2019-10-31,etfs_com_petroleo__min_vol,221.31462983220027
2019-11-30,etfs_com_petroleo__min_vol,231.18390960172826
2019-12-31,etfs_com_petroleo__min_vol,234.98493367569523
2020-01-31,etfs_com_petroleo__min_vol,235.3837477383288
2020-02-29,etfs_com_petroleo__min_vol,226.87716063399358
2020-03-31,etfs_com_petroleo__min_vol,201.73416524576493
2020-04-30,etfs_com_petroleo__min_vol,217.59056296550057
2020-05-31,etfs_com_petroleo__min_vol,233.7305597110382
2020-06-30,etfs_com_petroleo__min_vol,245.96496557651238
2020-07-31,etfs_com_petroleo__min_vol,247.02956970966423
2020-08-31,etfs_com_petroleo__min_vol,261.7303598461986
2020-09-30,etfs_com_petroleo__min_vol,262.0934235595109
2020-10-31,etfs_com_petroleo__min_vol,261.7397171846342
2020-11-30,etfs_com_petroleo__min_vol,282.42452480275443
2020-12-31,etfs_com_petroleo__min_vol,296.1450501389967
2021-01-31,etfs_com_petroleo__min_vol,301.29068001621783
2021-02-28,etfs_com_petroleo__min_vol,307.2111932555267
2021-03-31,etfs_com_petroleo__min_vol,325.0291878367336
2021-04-30,etfs_com_petroleo__min_vol,314.6726414092219
2021-05-31,etfs_com_petroleo__min_vol,322.2098454066443
2021-06-30,etfs_com_petroleo__min_vol,311.0930757323811
2021-07-31,etfs_com_petroleo__min_vol,310.74553510199354
2021-08-31,etfs_com_petroleo__min_vol,313.3899975151283
2021-09-30,etfs_com_petroleo__min_vol,313.4799468380244
2021-10-31,etfs_com_petroleo__min_vol,317.73094112257235
2021-11-30,etfs_com_petroleo__min_vol,306.03955709004333
2021-12-31,etfs_com_petroleo__min_vol,314.21621276911253
2022-01-31,etfs_com_petroleo__min_vol,312.8259539325605
2022-02-28,etfs_com_petroleo__min_vol,302.63546965138823
2022-03-31,etfs_com_petroleo__min_vol,294.8722982521507
2022-04-30,etfs_com_petroleo__min_vol,277.9462794966375
2022-05-31,etfs_com_petroleo__min_vol,279.50169900484156
2022-06-30,etfs_com_petroleo__min_vol,273.85789173646594
2022-07-31,etfs_com_petroleo__min_vol,284.0723824076886
2022-08-31,etfs_com_petroleo__min_vol,280.508542489688
2022-09-30,etfs_com_petroleo__min_vol,272.62295372976376
2022-10-31,etfs_com_petroleo__min_vol,275.74006113681384
2022-11-30,etfs_com_petroleo__min_vol,294.6171673800758
2022-12-31,etfs_com_petroleo__min_vol,291.56143448595293
2023-01-31,etfs_com_petroleo__min_vol,300.7167033211033
2023-02-28,etfs_com_petroleo__min_vol,286.3372356095325
2023-03-31,etfs_com_petroleo__min_vol,285.14012113893995
2023-04-30,etfs_com_petroleo__min_vol,285.6039980277417
2023-05-31,etfs_com_petroleo__min_vol,286.3996018181024
2023-06-30,etfs_com_petroleo__min_vol,297.4959408352117
2023-07-31,etfs_com_petroleo__min_vol,302.98705525961867
2023-08-31,etfs_com_petroleo__min_vol,296.73391657880035
2023-09-30,etfs_com_petroleo__min_vol,298.16857522322937
2023-10-31,etfs_com_petroleo__min_vol,290.1929450647683
2023-11-30,etfs_com_petroleo__min_vol,306.2197670858188
2023-12-31,etfs_com_petroleo__min_vol,317.5106325640106
2024-01-31,etfs_com_petroleo__min_vol,315.3858064650965
2024-02-29,etfs_com_petroleo__min_vol,325.5866476321106
2024-03-31,etfs_com_petroleo__min_vol,329.56512109755033
2024-04-30,etfs_com_petroleo__min_vol,328.0134140295832
2024-05-31,etfs_com_petroleo__min_vol,334.3616495189677
2024-06-30,etfs_com_petroleo__min_vol,346.4266549939836
2024-07-31,etfs_com_petroleo__min_vol,359.46648709282016
2024-08-31,etfs_com_petroleo__min_vol,374.5579919621887
2024-09-30,etfs_com_petroleo__min_vol,369.6101125851067
2024-10-31,etfs_com_petroleo__min_vol,372.96449170099726
2024-11-30,etfs_com_petroleo__min_vol,382.455410189687
2024-12-31,etfs_com_petroleo__min_vol,378.80278887263864
2025-01-31,etfs_com_petroleo__min_vol,377.639680693136
2025-02-28,etfs_com_petroleo__min_vol,376.8265114472679
2025-03-31,etfs_com_petroleo__min_vol,380.440412470301
2025-04-30,etfs_com_petroleo__min_vol,380.8407240536836
2025-05-31,etfs_com_petroleo__min_vol,398.2489594813769
2025-06-30,etfs_com_petroleo__min_vol,401.82866326816213
2025-07-31,etfs_com_petroleo__min_vol,402.97855239447625
2025-08-31,etfs_com_petroleo__min_vol,414.51168625768605
2025-09-30,etfs_com_petroleo__min_vol,420.84554308576
2025-10-31,etfs_com_petroleo__min_vol,433.1834553365894
2025-11-30,etfs_com_petroleo__min_vol,443.0993791908582
2025-12-31,etfs_com_petroleo__min_vol,452.4767528080585
2026-01-31,etfs_com_petroleo__min_vol,476.73251694077675
2026-02-28,etfs_com_petroleo__min_vol,494.89482380924403
2026-03-31,etfs_com_petroleo__min_vol,493.5841721946888
2026-04-30,etfs_com_petroleo__min_vol,499.1085203859141
2015-02-28,etfs_com_btc_petroleo__min_vol,114.55716577481823
2015-03-31,etfs_com_btc_petroleo__min_vol,121.96182365568346
2015-04-30,etfs_com_btc_petroleo__min_vol,123.85767552726028
2015-05-31,etfs_com_btc_petroleo__min_vol,127.27902669519628
2015-06-30,etfs_com_btc_petroleo__min_vol,124.44528904181962
2015-07-31,etfs_com_btc_petroleo__min_vol,128.26396723989234
2015-08-31,etfs_com_btc_petroleo__min_vol,123.04962031882918
2015-09-30,etfs_com_btc_petroleo__min_vol,128.0235125556564
2015-10-31,etfs_com_btc_petroleo__min_vol,130.41083097488888
2015-11-30,etfs_com_btc_petroleo__min_vol,128.58954929210523
2015-12-31,etfs_com_btc_petroleo__min_vol,127.3558059675156
2016-01-31,etfs_com_btc_petroleo__min_vol,120.91305218666082
2016-02-29,etfs_com_btc_petroleo__min_vol,119.17902389247554
2016-03-31,etfs_com_btc_petroleo__min_vol,123.98519157478847
2016-04-30,etfs_com_btc_petroleo__min_vol,125.87970710893354
2016-05-31,etfs_com_btc_petroleo__min_vol,125.0266355030964
2016-06-30,etfs_com_btc_petroleo__min_vol,119.79792456966729
2016-07-31,etfs_com_btc_petroleo__min_vol,128.46720027728088
2016-08-31,etfs_com_btc_petroleo__min_vol,128.83805494506817
2016-09-30,etfs_com_btc_petroleo__min_vol,131.96863578487097
2016-10-31,etfs_com_btc_petroleo__min_vol,134.89105962112885
2016-11-30,etfs_com_btc_petroleo__min_vol,139.2468678380946
2016-12-31,etfs_com_btc_petroleo__min_vol,131.82558667629493
2017-01-31,etfs_com_btc_petroleo__min_vol,134.93571921943013
2017-02-28,etfs_com_btc_petroleo__min_vol,137.78556631040206
2017-03-31,etfs_com_btc_petroleo__min_vol,138.24145288909344
2017-04-30,etfs_com_btc_petroleo__min_vol,140.43744955013747
2017-05-31,etfs_com_btc_petroleo__min_vol,142.74132745158866
2017-06-30,etfs_com_btc_petroleo__min_vol,144.75296601586462
2017-07-31,etfs_com_btc_petroleo__min_vol,146.2699322296185
2017-08-31,etfs_com_btc_petroleo__min_vol,149.53250296107424
2017-09-30,etfs_com_btc_petroleo__min_vol,154.63128655982555
2017-10-31,etfs_com_btc_petroleo__min_vol,161.32827739549614
2017-11-30,etfs_com_btc_petroleo__min_vol,160.76983784022124
2017-12-31,etfs_com_btc_petroleo__min_vol,168.2974935109396
2018-01-31,etfs_com_btc_petroleo__min_vol,176.15132458890784
2018-02-28,etfs_com_btc_petroleo__min_vol,174.61866359813493
2018-03-31,etfs_com_btc_petroleo__min_vol,176.39600743600553
2018-04-30,etfs_com_btc_petroleo__min_vol,183.01956534975022
2018-05-31,etfs_com_btc_petroleo__min_vol,184.44900798383554
2018-06-30,etfs_com_btc_petroleo__min_vol,183.52400069667507
2018-07-31,etfs_com_btc_petroleo__min_vol,186.70127529476437
2018-08-31,etfs_com_btc_petroleo__min_vol,197.3353899964023
2018-09-30,etfs_com_btc_petroleo__min_vol,197.96462161761065
2018-10-31,etfs_com_btc_petroleo__min_vol,184.4470092350452
2018-11-30,etfs_com_btc_petroleo__min_vol,192.39948573956494
2018-12-31,etfs_com_btc_petroleo__min_vol,183.96801839587496
2019-01-31,etfs_com_btc_petroleo__min_vol,195.07651849487635
2019-02-28,etfs_com_btc_petroleo__min_vol,199.37667888041918
2019-03-31,etfs_com_btc_petroleo__min_vol,205.44330024601712
2019-04-30,etfs_com_btc_petroleo__min_vol,210.6522356043961
2019-05-31,etfs_com_btc_petroleo__min_vol,203.54048040259585
2019-06-30,etfs_com_btc_petroleo__min_vol,208.06297081367072
2019-07-31,etfs_com_btc_petroleo__min_vol,206.36986369550527
2019-08-31,etfs_com_btc_petroleo__min_vol,214.74725488150366
2019-09-30,etfs_com_btc_petroleo__min_vol,220.90666993603958
2019-10-31,etfs_com_btc_petroleo__min_vol,221.3146363428957
2019-11-30,etfs_com_btc_petroleo__min_vol,231.18391488068028
2019-12-31,etfs_com_btc_petroleo__min_vol,234.9849354588954
2020-01-31,etfs_com_btc_petroleo__min_vol,235.38374802575706
2020-02-29,etfs_com_btc_petroleo__min_vol,226.87716452376452
2020-03-31,etfs_com_btc_petroleo__min_vol,201.73417924214783
2020-04-30,etfs_com_btc_petroleo__min_vol,217.59057026819016
2020-05-31,etfs_com_btc_petroleo__min_vol,233.73057359553258
2020-06-30,etfs_com_btc_petroleo__min_vol,245.96498033840746
2020-07-31,etfs_com_btc_petroleo__min_vol,247.0295803222155
2020-08-31,etfs_com_btc_petroleo__min_vol,261.7303751293501
2020-09-30,etfs_com_btc_petroleo__min_vol,262.0934473265197
2020-10-31,etfs_com_btc_petroleo__min_vol,261.7397447073608
2020-11-30,etfs_com_btc_petroleo__min_vol,282.4245493057285
2020-12-31,etfs_com_btc_petroleo__min_vol,296.14507745340546
2021-01-31,etfs_com_btc_petroleo__min_vol,301.29070888255507
2021-02-28,etfs_com_btc_petroleo__min_vol,307.2112210485656
2021-03-31,etfs_com_btc_petroleo__min_vol,325.0292098208166
2021-04-30,etfs_com_btc_petroleo__min_vol,314.672652885925
2021-05-31,etfs_com_btc_petroleo__min_vol,322.2098556555375
2021-06-30,etfs_com_btc_petroleo__min_vol,311.0930854730565
2021-07-31,etfs_com_btc_petroleo__min_vol,310.74553990597457
2021-08-31,etfs_com_btc_petroleo__min_vol,313.39000146845905
2021-09-30,etfs_com_btc_petroleo__min_vol,313.47996109663796
2021-10-31,etfs_com_btc_petroleo__min_vol,317.7309406701435
2021-11-30,etfs_com_btc_petroleo__min_vol,306.0395555985679
2021-12-31,etfs_com_btc_petroleo__min_vol,314.21620470053495
2022-01-31,etfs_com_btc_petroleo__min_vol,312.8259419693381
2022-02-28,etfs_com_btc_petroleo__min_vol,302.63545843675416
2022-03-31,etfs_com_btc_petroleo__min_vol,294.8722818063182
2022-04-30,etfs_com_btc_petroleo__min_vol,277.94626087176385
2022-05-31,etfs_com_btc_petroleo__min_vol,279.501681496201
2022-06-30,etfs_com_btc_petroleo__min_vol,273.85787896560333
2022-07-31,etfs_com_btc_petroleo__min_vol,284.07236698797345
2022-08-31,etfs_com_btc_petroleo__min_vol,280.50852999843613
2022-09-30,etfs_com_btc_petroleo__min_vol,272.6229416506983
2022-10-31,etfs_com_btc_petroleo__min_vol,275.740036831999
2022-11-30,etfs_com_btc_petroleo__min_vol,294.6171463610222
2022-12-31,etfs_com_btc_petroleo__min_vol,291.56141717427613
2023-01-31,etfs_com_btc_petroleo__min_vol,300.71668728085905
2023-02-28,etfs_com_btc_petroleo__min_vol,286.3372126792827
2023-03-31,etfs_com_btc_petroleo__min_vol,285.1401036743233
2023-04-30,etfs_com_btc_petroleo__min_vol,285.60397376094653
2023-05-31,etfs_com_btc_petroleo__min_vol,286.39958272310906
2023-06-30,etfs_com_btc_petroleo__min_vol,297.4959220070423
2023-07-31,etfs_com_btc_petroleo__min_vol,302.9870371690157
2023-08-31,etfs_com_btc_petroleo__min_vol,296.7338979853459
2023-09-30,etfs_com_btc_petroleo__min_vol,298.1685571331648
2023-10-31,etfs_com_btc_petroleo__min_vol,290.1929286450356
2023-11-30,etfs_com_btc_petroleo__min_vol,306.2197454486131
2023-12-31,etfs_com_btc_petroleo__min_vol,317.51060812691645
2024-01-31,etfs_com_btc_petroleo__min_vol,315.38578673279613
2024-02-29,etfs_com_btc_petroleo__min_vol,325.58663133662003
2024-03-31,etfs_com_btc_petroleo__min_vol,329.5651011906965
2024-04-30,etfs_com_btc_petroleo__min_vol,328.0133859065175
2024-05-31,etfs_com_btc_petroleo__min_vol,334.3616152596203
2024-06-30,etfs_com_btc_petroleo__min_vol,346.42661805746746
2024-07-31,etfs_com_btc_petroleo__min_vol,359.4664486699119
2024-08-31,etfs_com_btc_petroleo__min_vol,374.55794839834755
2024-09-30,etfs_com_btc_petroleo__min_vol,369.610072282974
2024-10-31,etfs_com_btc_petroleo__min_vol,372.9644491659216
2024-11-30,etfs_com_btc_petroleo__min_vol,382.45536336565425
2024-12-31,etfs_com_btc_petroleo__min_vol,378.80274569864923
2025-01-31,etfs_com_btc_petroleo__min_vol,377.63963172373155
2025-02-28,etfs_com_btc_petroleo__min_vol,376.82645966381483
2025-03-31,etfs_com_btc_petroleo__min_vol,380.4403639888828
2025-04-30,etfs_com_btc_petroleo__min_vol,380.8406792781095
2025-05-31,etfs_com_btc_petroleo__min_vol,398.24890984819336
2025-06-30,etfs_com_btc_petroleo__min_vol,401.82861384241176
2025-07-31,etfs_com_btc_petroleo__min_vol,402.97849893942816
2025-08-31,etfs_com_btc_petroleo__min_vol,414.51163632984986
2025-09-30,etfs_com_btc_petroleo__min_vol,420.84549350285556
2025-10-31,etfs_com_btc_petroleo__min_vol,433.183407413389
2025-11-30,etfs_com_btc_petroleo__min_vol,443.0993273610782
2025-12-31,etfs_com_btc_petroleo__min_vol,452.47669303349164
2026-01-31,etfs_com_btc_petroleo__min_vol,476.732463655933
2026-02-28,etfs_com_btc_petroleo__min_vol,494.8947787967266
2026-03-31,etfs_com_btc_petroleo__min_vol,493.5841314937269
2026-04-30,etfs_com_btc_petroleo__min_vol,499.1084758429373
2015-02-28,etfs_todos__min_vol,114.85322168677794
2015-03-31,etfs_todos__min_vol,121.9238665338447
2015-04-30,etfs_todos__min_vol,123.48690668074428
2015-05-31,etfs_todos__min_vol,126.72379130132339
2015-06-30,etfs_todos__min_vol,123.70925119322706
2015-07-31,etfs_todos__min_vol,128.53902181806714
2015-08-31,etfs_todos__min_vol,122.7306454772534
2015-09-30,etfs_todos__min_vol,127.78407737425901
2015-10-31,etfs_todos__min_vol,130.4349662312009
2015-11-30,etfs_todos__min_vol,129.1817794415113
2015-12-31,etfs_todos__min_vol,128.264389635565
2016-01-31,etfs_todos__min_vol,122.1795285101726
2016-02-29,etfs_todos__min_vol,120.65295841163591
2016-03-31,etfs_todos__min_vol,125.61160279190682
2016-04-30,etfs_todos__min_vol,127.15141063048125
2016-05-31,etfs_todos__min_vol,125.62052056428674
2016-06-30,etfs_todos__min_vol,120.47473268779703
2016-07-31,etfs_todos__min_vol,129.89653726559504
2016-08-31,etfs_todos__min_vol,130.13038393890136
2016-09-30,etfs_todos__min_vol,132.83472055717692
2016-10-31,etfs_todos__min_vol,135.5532453078152
2016-11-30,etfs_todos__min_vol,139.6708567333814
2016-12-31,etfs_todos__min_vol,132.43690480708784
2017-01-31,etfs_todos__min_vol,135.8342990428739
2017-02-28,etfs_todos__min_vol,138.74312397492994
2017-03-31,etfs_todos__min_vol,139.72325228793898
2017-04-30,etfs_todos__min_vol,142.25758753347014
2017-05-31,etfs_todos__min_vol,145.09362412965535
2017-06-30,etfs_todos__min_vol,147.19703792913054
2017-07-31,etfs_todos__min_vol,148.58754908260323
2017-08-31,etfs_todos__min_vol,152.35429338294676
2017-09-30,etfs_todos__min_vol,157.38587252696712
2017-10-31,etfs_todos__min_vol,163.7588721273049
2017-11-30,etfs_todos__min_vol,162.50382813322312
2017-12-31,etfs_todos__min_vol,170.31737520890678
2018-01-31,etfs_todos__min_vol,178.28859830208222
2018-02-28,etfs_todos__min_vol,176.22762168755824
2018-03-31,etfs_todos__min_vol,177.65013863189748
2018-04-30,etfs_todos__min_vol,184.2956093388015
2018-05-31,etfs_todos__min_vol,185.61366356525443
2018-06-30,etfs_todos__min_vol,183.69030882554708
2018-07-31,etfs_todos__min_vol,187.33272580599953
2018-08-31,etfs_todos__min_vol,196.73204548673934
2018-09-30,etfs_todos__min_vol,197.086661387948
2018-10-31,etfs_todos__min_vol,184.5787885285804
2018-11-30,etfs_todos__min_vol,193.8868172802976
2018-12-31,etfs_todos__min_vol,185.7230479072303
2019-01-31,etfs_todos__min_vol,196.35736493349648
2019-02-28,etfs_todos__min_vol,200.51066504891728
2019-03-31,etfs_todos__min_vol,206.27827295085726
2019-04-30,etfs_todos__min_vol,211.21556430255143
2019-05-31,etfs_todos__min_vol,204.8385224976891
2019-06-30,etfs_todos__min_vol,209.09321256927322
2019-07-31,etfs_todos__min_vol,207.24280968930384
2019-08-31,etfs_todos__min_vol,215.78999576677745
2019-09-30,etfs_todos__min_vol,222.46288642555191
2019-10-31,etfs_todos__min_vol,223.240315123132
2019-11-30,etfs_todos__min_vol,233.13305628742773
2019-12-31,etfs_todos__min_vol,237.1474017192611
2020-01-31,etfs_todos__min_vol,238.5683967926483
2020-02-29,etfs_todos__min_vol,229.78269633825255
2020-03-31,etfs_todos__min_vol,207.21822227812768
2020-04-30,etfs_todos__min_vol,228.02906953850126
2020-05-31,etfs_todos__min_vol,241.9741539935685
2020-06-30,etfs_todos__min_vol,253.7994141705694
2020-07-31,etfs_todos__min_vol,255.51576850969565
2020-08-31,etfs_todos__min_vol,269.55610529601574
2020-09-30,etfs_todos__min_vol,269.7514461597725
2020-10-31,etfs_todos__min_vol,270.1776246109787
2020-11-30,etfs_todos__min_vol,291.2555851621398
2020-12-31,etfs_todos__min_vol,305.24168624617556
2021-01-31,etfs_todos__min_vol,309.7579485278815
2021-02-28,etfs_todos__min_vol,313.53362530978995
2021-03-31,etfs_todos__min_vol,332.2394054779183
2021-04-30,etfs_todos__min_vol,321.8334495540904
2021-05-31,etfs_todos__min_vol,329.5662412792815
2021-06-30,etfs_todos__min_vol,317.1189480666487
2021-07-31,etfs_todos__min_vol,315.8526212043868
2021-08-31,etfs_todos__min_vol,319.19843361015717
2021-09-30,etfs_todos__min_vol,317.2889854266329
2021-10-31,etfs_todos__min_vol,321.32564170799424
2021-11-30,etfs_todos__min_vol,310.9334511059295
2021-12-31,etfs_todos__min_vol,318.58218981018223
2022-01-31,etfs_todos__min_vol,316.22375520174995
2022-02-28,etfs_todos__min_vol,304.9505722766263
2022-03-31,etfs_todos__min_vol,296.00001914790874
2022-04-30,etfs_todos__min_vol,278.2050389884139
2022-05-31,etfs_todos__min_vol,278.9298771428832
2022-06-30,etfs_todos__min_vol,272.6720962134746
2022-07-31,etfs_todos__min_vol,283.2148876746002
2022-08-31,etfs_todos__min_vol,279.912212244532
2022-09-30,etfs_todos__min_vol,272.14317686450073
2022-10-31,etfs_todos__min_vol,275.8033893684106
2022-11-30,etfs_todos__min_vol,296.1236215987787
2022-12-31,etfs_todos__min_vol,292.42473181315984
2023-01-31,etfs_todos__min_vol,302.9154521800796
2023-02-28,etfs_todos__min_vol,288.96231779102055
2023-03-31,etfs_todos__min_vol,287.58816580326345
2023-04-30,etfs_todos__min_vol,288.7546409993477
2023-05-31,etfs_todos__min_vol,289.7727481167038
2023-06-30,etfs_todos__min_vol,300.92158771593864
2023-07-31,etfs_todos__min_vol,305.48008587071666
2023-08-31,etfs_todos__min_vol,298.26712973431097
2023-09-30,etfs_todos__min_vol,298.9538000612061
2023-10-31,etfs_todos__min_vol,291.15677238455777
2023-11-30,etfs_todos__min_vol,309.37078940233874
2023-12-31,etfs_todos__min_vol,321.5421418428351
2024-01-31,etfs_todos__min_vol,317.8879753966394
2024-02-29,etfs_todos__min_vol,327.4748401238696
2024-03-31,etfs_todos__min_vol,331.9416515311327
2024-04-30,etfs_todos__min_vol,331.33963748478146
2024-05-31,etfs_todos__min_vol,339.092134205872
2024-06-30,etfs_todos__min_vol,350.15510548528204
2024-07-31,etfs_todos__min_vol,364.392469818608
2024-08-31,etfs_todos__min_vol,380.7352408633041
2024-09-30,etfs_todos__min_vol,376.24545638572425
2024-10-31,etfs_todos__min_vol,377.89587029619247
2024-11-30,etfs_todos__min_vol,387.51055196227276
2024-12-31,etfs_todos__min_vol,382.25499646486287
2025-01-31,etfs_todos__min_vol,382.53815010470834
2025-02-28,etfs_todos__min_vol,383.4422250672776
2025-03-31,etfs_todos__min_vol,387.5020012564669
2025-04-30,etfs_todos__min_vol,390.7126635370861
2025-05-31,etfs_todos__min_vol,407.723620011265
2025-06-30,etfs_todos__min_vol,409.6673333830234
2025-07-31,etfs_todos__min_vol,409.01538514890296
2025-08-31,etfs_todos__min_vol,422.9205914249955
2025-09-30,etfs_todos__min_vol,430.2599035221737
2025-10-31,etfs_todos__min_vol,442.97073652971477
2025-11-30,etfs_todos__min_vol,453.5385279341417
2025-12-31,etfs_todos__min_vol,465.02610873946776
2026-01-31,etfs_todos__min_vol,487.5714667036893
2026-02-28,etfs_todos__min_vol,505.67871087334646
2026-03-31,etfs_todos__min_vol,490.71417001571297
2026-04-30,etfs_todos__min_vol,498.23145181343466
2015-02-28,etfs_com_btc__min_vol,114.85322164491723
2015-03-31,etfs_com_btc__min_vol,121.92386876857529
2015-04-30,etfs_com_btc__min_vol,123.48690885129416
2015-05-31,etfs_com_btc__min_vol,126.72379309148425
2015-06-30,etfs_com_btc__min_vol,123.7092540909823
2015-07-31,etfs_com_btc__min_vol,128.53902376952297
2015-08-31,etfs_com_btc__min_vol,122.73064722961024
2015-09-30,etfs_com_btc__min_vol,127.78407749996639
2015-10-31,etfs_com_btc__min_vol,130.43496662742012
2015-11-30,etfs_com_btc__min_vol,129.1817804152813
2015-12-31,etfs_com_btc__min_vol,128.26439151534566
2016-01-31,etfs_com_btc__min_vol,122.1795298319436
2016-02-29,etfs_com_btc__min_vol,120.65295922180562
2016-03-31,etfs_com_btc__min_vol,125.61160451985498
2016-04-30,etfs_com_btc__min_vol,127.15141160039718
2016-05-31,etfs_com_btc__min_vol,125.62052235615946
2016-06-30,etfs_com_btc__min_vol,120.4747353719098
2016-07-31,etfs_com_btc__min_vol,129.8965419363492
2016-08-31,etfs_com_btc__min_vol,130.13038897259898
2016-09-30,etfs_com_btc__min_vol,132.83472667153544
2016-10-31,etfs_com_btc__min_vol,135.55325485339614
2016-11-30,etfs_com_btc__min_vol,139.67086432099453
2016-12-31,etfs_com_btc__min_vol,132.43690985835227
2017-01-31,etfs_com_btc__min_vol,135.8343054935079
2017-02-28,etfs_com_btc__min_vol,138.74313025777352
2017-03-31,etfs_com_btc__min_vol,139.72325790797535
2017-04-30,etfs_com_btc__min_vol,142.25759283106163
2017-05-31,etfs_com_btc__min_vol,145.09362838720116
2017-06-30,etfs_com_btc__min_vol,147.19704337235876
2017-07-31,etfs_com_btc__min_vol,148.58755480547444
2017-08-31,etfs_com_btc__min_vol,152.35430002459796
2017-09-30,etfs_com_btc__min_vol,157.3858788702327
2017-10-31,etfs_com_btc__min_vol,163.75888050744587
2017-11-30,etfs_com_btc__min_vol,162.50383714490874
2017-12-31,etfs_com_btc__min_vol,170.31738322634283
2018-01-31,etfs_com_btc__min_vol,178.2886076900851
2018-02-28,etfs_com_btc__min_vol,176.22763325512366
2018-03-31,etfs_com_btc__min_vol,177.65015016999772
2018-04-30,etfs_com_btc__min_vol,184.29561885331287
2018-05-31,etfs_com_btc__min_vol,185.61367028932295
2018-06-30,etfs_com_btc__min_vol,183.69031348732122
2018-07-31,etfs_com_btc__min_vol,187.3327311541066
2018-08-31,etfs_com_btc__min_vol,196.73205120477533
2018-09-30,etfs_com_btc__min_vol,197.08666887502525
2018-10-31,etfs_com_btc__min_vol,184.57879625569822
2018-11-30,etfs_com_btc__min_vol,193.88682646017193
2018-12-31,etfs_com_btc__min_vol,185.7230563130773
2019-01-31,etfs_com_btc__min_vol,196.35737431604875
2019-02-28,etfs_com_btc__min_vol,200.51067219057865
2019-03-31,etfs_com_btc__min_vol,206.27827887317017
2019-04-30,etfs_com_btc__min_vol,211.21556887524798
2019-05-31,etfs_com_btc__min_vol,204.83852871167474
2019-06-30,etfs_com_btc__min_vol,209.0932186417965
2019-07-31,etfs_com_btc__min_vol,207.2428162757277
2019-08-31,etfs_com_btc__min_vol,215.79000326071457
2019-09-30,etfs_com_btc__min_vol,222.4628955603404
2019-10-31,etfs_com_btc__min_vol,223.24032497268354
2019-11-30,etfs_com_btc__min_vol,233.1330650808922
2019-12-31,etfs_com_btc__min_vol,237.14740829974562
2020-01-31,etfs_com_btc__min_vol,238.56840312950496
2020-02-29,etfs_com_btc__min_vol,229.78270359887745
2020-03-31,etfs_com_btc__min_vol,207.21823469326077
2020-04-30,etfs_com_btc__min_vol,228.029081002424
2020-05-31,etfs_com_btc__min_vol,241.97416907253003
2020-06-30,etfs_com_btc__min_vol,253.7994299587428
2020-07-31,etfs_com_btc__min_vol,255.51578221566825
2020-08-31,etfs_com_btc__min_vol,269.5561210894292
2020-09-30,etfs_com_btc__min_vol,269.75146693367924
2020-10-31,etfs_com_btc__min_vol,270.1776476080049
2020-11-30,etfs_com_btc__min_vol,291.25560805229645
2020-12-31,etfs_com_btc__min_vol,305.241712329043
2021-01-31,etfs_com_btc__min_vol,309.75797315770626
2021-02-28,etfs_com_btc__min_vol,313.5336474599694
2021-03-31,etfs_com_btc__min_vol,332.239425521338
2021-04-30,etfs_com_btc__min_vol,321.83346372655734
2021-05-31,etfs_com_btc__min_vol,329.5662555241513
2021-06-30,etfs_com_btc__min_vol,317.11896178117655
2021-07-31,etfs_com_btc__min_vol,315.8526325223751
2021-08-31,etfs_com_btc__min_vol,319.19844450657206
2021-09-30,etfs_com_btc__min_vol,317.2890010028423
2021-10-31,etfs_com_btc__min_vol,321.32564612380145
2021-11-30,etfs_com_btc__min_vol,310.9334563887439
2021-12-31,etfs_com_btc__min_vol,318.5821910598746
2022-01-31,etfs_com_btc__min_vol,316.22375401968924
2022-02-28,etfs_com_btc__min_vol,304.9505719232495
2022-03-31,etfs_com_btc__min_vol,296.0000175499708
2022-04-30,etfs_com_btc__min_vol,278.2050335822282
2022-05-31,etfs_com_btc__min_vol,278.9298724407801
2022-06-30,etfs_com_btc__min_vol,272.6720912194002
2022-07-31,etfs_com_btc__min_vol,283.21488328214724
2022-08-31,etfs_com_btc__min_vol,279.91221068700236
2022-09-30,etfs_com_btc__min_vol,272.1431765696181
2022-10-31,etfs_com_btc__min_vol,275.80338354405006
2022-11-30,etfs_com_btc__min_vol,296.12361542688393
2022-12-31,etfs_com_btc__min_vol,292.42472709034325
2023-01-31,etfs_com_btc__min_vol,302.91544829736637
2023-02-28,etfs_com_btc__min_vol,288.9623092716431
2023-03-31,etfs_com_btc__min_vol,287.5881605149424
2023-04-30,etfs_com_btc__min_vol,288.7546323166257
2023-05-31,etfs_com_btc__min_vol,289.77274470467853
2023-06-30,etfs_com_btc__min_vol,300.92158584073314
2023-07-31,etfs_com_btc__min_vol,305.480083390483
2023-08-31,etfs_com_btc__min_vol,298.26712656499427
2023-09-30,etfs_com_btc__min_vol,298.95379656808194
2023-10-31,etfs_com_btc__min_vol,291.15677007089306
2023-11-30,etfs_com_btc__min_vol,309.37078662351973
2023-12-31,etfs_com_btc__min_vol,321.5421393428761
2024-01-31,etfs_com_btc__min_vol,317.88797573129887
2024-02-29,etfs_com_btc__min_vol,327.4748424763916
2024-03-31,etfs_com_btc__min_vol,331.94165094762707
2024-04-30,etfs_com_btc__min_vol,331.3396302064825
2024-05-31,etfs_com_btc__min_vol,339.0921226560242
2024-06-30,etfs_com_btc__min_vol,350.15509219982556
2024-07-31,etfs_com_btc__min_vol,364.3924564820513
2024-08-31,etfs_com_btc__min_vol,380.73522606279624
2024-09-30,etfs_com_btc__min_vol,376.2454414231181
2024-10-31,etfs_com_btc__min_vol,377.8958529527483
2024-11-30,etfs_com_btc__min_vol,387.5105321588283
2024-12-31,etfs_com_btc__min_vol,382.2549771484389
2025-01-31,etfs_com_btc__min_vol,382.5381278951759
2025-02-28,etfs_com_btc__min_vol,383.4421994109443
2025-03-31,etfs_com_btc__min_vol,387.50197802674506
2025-04-30,etfs_com_btc__min_vol,390.7126454861669
2025-05-31,etfs_com_btc__min_vol,407.723599213295
2025-06-30,etfs_com_btc__min_vol,409.66731259025295
2025-07-31,etfs_com_btc__min_vol,409.01535968560125
2025-08-31,etfs_com_btc__min_vol,422.9205695318999
2025-09-30,etfs_com_btc__min_vol,430.2598821119676
2025-10-31,etfs_com_btc__min_vol,442.97071755023
2025-11-30,etfs_com_btc__min_vol,453.5385084953368
2025-12-31,etfs_com_btc__min_vol,465.0260848043744
2026-01-31,etfs_com_btc__min_vol,487.571449328792
2026-02-28,etfs_com_btc__min_vol,505.678700941412
2026-03-31,etfs_com_btc__min_vol,490.7141567458318
2026-04-30,etfs_com_btc__min_vol,498.23143857927
2015-02-28,etfs_america_norte__max_sharpe,119.33885982443333
2015-03-31,etfs_america_norte__max_sharpe,129.64415001960273
2015-04-30,etfs_america_norte__max_sharpe,121.78875526371978
2015-05-31,etfs_america_norte__max_sharpe,131.71602862936663
2015-06-30,etfs_america_norte__max_sharpe,126.47997809918874
2015-07-31,etfs_america_norte__max_sharpe,140.53281035913025
2015-08-31,etfs_america_norte__max_sharpe,139.6070726814404
2015-09-30,etfs_america_norte__max_sharpe,153.4634147534994
2015-10-31,etfs_america_norte__max_sharpe,162.02537819007696
2015-11-30,etfs_america_norte__max_sharpe,162.71707696043808
2015-12-31,etfs_america_norte__max_sharpe,162.6342176867424
2016-01-31,etfs_america_norte__max_sharpe,156.49100019909324
2016-02-29,etfs_america_norte__max_sharpe,149.87769568853815
2016-03-31,etfs_america_norte__max_sharpe,145.9501376283462
2016-04-30,etfs_america_norte__max_sharpe,139.37957429782185
2016-05-31,etfs_america_norte__max_sharpe,147.97431664791537
2016-06-30,etfs_america_norte__max_sharpe,132.26490423884945
2016-07-31,etfs_america_norte__max_sharpe,141.93218523639487
2016-08-31,etfs_america_norte__max_sharpe,141.58629608976904
2016-09-30,etfs_america_norte__max_sharpe,146.04885462549686
2016-10-31,etfs_america_norte__max_sharpe,141.13932249351143
2016-11-30,etfs_america_norte__max_sharpe,154.72436491585322
2016-12-31,etfs_america_norte__max_sharpe,147.4809441042046
2017-01-31,etfs_america_norte__max_sharpe,147.1998970775137
2017-02-28,etfs_america_norte__max_sharpe,151.1977030679898
2017-03-31,etfs_america_norte__max_sharpe,155.5426809914867
2017-04-30,etfs_america_norte__max_sharpe,160.11156125914826
2017-05-31,etfs_america_norte__max_sharpe,168.40956868243623
2017-06-30,etfs_america_norte__max_sharpe,167.43324624172126
2017-07-31,etfs_america_norte__max_sharpe,167.2823403831083
2017-08-31,etfs_america_norte__max_sharpe,167.80897267605766
2017-09-30,etfs_america_norte__max_sharpe,171.2001798073017
2017-10-31,etfs_america_norte__max_sharpe,183.60057298156306
2017-11-30,etfs_america_norte__max_sharpe,184.73917683500557
2017-12-31,etfs_america_norte__max_sharpe,191.00029140214718
2018-01-31,etfs_america_norte__max_sharpe,198.014859217639
2018-02-28,etfs_america_norte__max_sharpe,196.735104479584
2018-03-31,etfs_america_norte__max_sharpe,194.61268393289794
2018-04-30,etfs_america_norte__max_sharpe,206.57184963944087
2018-05-31,etfs_america_norte__max_sharpe,234.04159936048222
2018-06-30,etfs_america_norte__max_sharpe,245.2457376448833
2018-07-31,etfs_america_norte__max_sharpe,243.0691829765524
2018-08-31,etfs_america_norte__max_sharpe,282.28074129927927
2018-09-30,etfs_america_norte__max_sharpe,273.35956072379247
2018-10-31,etfs_america_norte__max_sharpe,229.03985009089075
2018-11-30,etfs_america_norte__max_sharpe,237.62741599626384
2018-12-31,etfs_america_norte__max_sharpe,216.96913875705582
2019-01-31,etfs_america_norte__max_sharpe,225.44542011037058
2019-02-28,etfs_america_norte__max_sharpe,234.84351590984218
2019-03-31,etfs_america_norte__max_sharpe,254.54094818502844
2019-04-30,etfs_america_norte__max_sharpe,269.57043549614326
2019-05-31,etfs_america_norte__max_sharpe,248.43623305784584
2019-06-30,etfs_america_norte__max_sharpe,256.93821135539037
2019-07-31,etfs_america_norte__max_sharpe,259.56315369570547
2019-08-31,etfs_america_norte__max_sharpe,277.27271706058264
2019-09-30,etfs_america_norte__max_sharpe,280.3589888993753
2019-10-31,etfs_america_norte__max_sharpe,277.9382889352484
2019-11-30,etfs_america_norte__max_sharpe,302.787646537942
2019-12-31,etfs_america_norte__max_sharpe,302.567696056403
2020-01-31,etfs_america_norte__max_sharpe,322.46467990947866
2020-02-29,etfs_america_norte__max_sharpe,315.42818571980814
2020-03-31,etfs_america_norte__max_sharpe,323.4328474793619
2020-04-30,etfs_america_norte__max_sharpe,390.08786313543095
2020-05-31,etfs_america_norte__max_sharpe,418.411251222002
2020-06-30,etfs_america_norte__max_sharpe,439.85487148108626
2020-07-31,etfs_america_norte__max_sharpe,442.65025845503584
2020-08-31,etfs_america_norte__max_sharpe,505.0726675364182
2020-09-30,etfs_america_norte__max_sharpe,489.9752275890386
2020-10-31,etfs_america_norte__max_sharpe,486.6648240877443
2020-11-30,etfs_america_norte__max_sharpe,512.0912123541613
2020-12-31,etfs_america_norte__max_sharpe,521.6238835234727
2021-01-31,etfs_america_norte__max_sharpe,550.8098703915215
2021-02-28,etfs_america_norte__max_sharpe,578.5861160047093
2021-03-31,etfs_america_norte__max_sharpe,615.6127541756252
2021-04-30,etfs_america_norte__max_sharpe,598.2584960060608
2021-05-31,etfs_america_norte__max_sharpe,586.4209869005738
2021-06-30,etfs_america_norte__max_sharpe,587.7396045056954
2021-07-31,etfs_america_norte__max_sharpe,609.5093642009555
2021-08-31,etfs_america_norte__max_sharpe,642.1024092558108
2021-09-30,etfs_america_norte__max_sharpe,647.6876823839821
2021-10-31,etfs_america_norte__max_sharpe,730.9296253412824
2021-11-30,etfs_america_norte__max_sharpe,731.8909696941342
2021-12-31,etfs_america_norte__max_sharpe,738.3379581266535
2022-01-31,etfs_america_norte__max_sharpe,678.6553029218658
2022-02-28,etfs_america_norte__max_sharpe,635.2785175835745
2022-03-31,etfs_america_norte__max_sharpe,618.9169123948635
2022-04-30,etfs_america_norte__max_sharpe,565.3221032296826
2022-05-31,etfs_america_norte__max_sharpe,550.1713187004202
2022-06-30,etfs_america_norte__max_sharpe,538.8369278751948
2022-07-31,etfs_america_norte__max_sharpe,604.292350416495
2022-08-31,etfs_america_norte__max_sharpe,573.6853173362172
2022-09-30,etfs_america_norte__max_sharpe,541.636700554294
2022-10-31,etfs_america_norte__max_sharpe,569.1311375476798
2022-11-30,etfs_america_norte__max_sharpe,594.6683929131646
2022-12-31,etfs_america_norte__max_sharpe,548.2094558185767
2023-01-31,etfs_america_norte__max_sharpe,580.7035141427617
2023-02-28,etfs_america_norte__max_sharpe,582.2491342920307
2023-03-31,etfs_america_norte__max_sharpe,616.1016858104199
2023-04-30,etfs_america_norte__max_sharpe,607.1608485973666
2023-05-31,etfs_america_norte__max_sharpe,645.8584072382963
2023-06-30,etfs_america_norte__max_sharpe,662.7181336239854
2023-07-31,etfs_america_norte__max_sharpe,673.4161503086757
2023-08-31,etfs_america_norte__max_sharpe,689.9646001141741
2023-09-30,etfs_america_norte__max_sharpe,682.415491917653
2023-10-31,etfs_america_norte__max_sharpe,666.2161896442786
2023-11-30,etfs_america_norte__max_sharpe,706.0598776740585
2023-12-31,etfs_america_norte__max_sharpe,731.4112800876038
2024-01-31,etfs_america_norte__max_sharpe,757.4162958515716
2024-02-29,etfs_america_norte__max_sharpe,797.8278261527491
2024-03-31,etfs_america_norte__max_sharpe,823.0673030349622
2024-04-30,etfs_america_norte__max_sharpe,811.4933291509055
2024-05-31,etfs_america_norte__max_sharpe,867.5223684353524
2024-06-30,etfs_america_norte__max_sharpe,965.539672461993
2024-07-31,etfs_america_norte__max_sharpe,974.3758518011102
2024-08-31,etfs_america_norte__max_sharpe,983.287106006367
2024-09-30,etfs_america_norte__max_sharpe,965.9773653572737
2024-10-31,etfs_america_norte__max_sharpe,1018.4035700395121
2024-11-30,etfs_america_norte__max_sharpe,1123.7910702142535
2024-12-31,etfs_america_norte__max_sharpe,1141.9094706185087
2025-01-31,etfs_america_norte__max_sharpe,1109.5670947040994
2025-02-28,etfs_america_norte__max_sharpe,1084.1066214105385
2025-03-31,etfs_america_norte__max_sharpe,1006.1538940282055
2025-04-30,etfs_america_norte__max_sharpe,972.7593107439304
2025-05-31,etfs_america_norte__max_sharpe,1058.6831277465033
2025-06-30,etfs_america_norte__max_sharpe,1086.7889961650928
2025-07-31,etfs_america_norte__max_sharpe,1133.527270972233
2025-08-31,etfs_america_norte__max_sharpe,1115.553986657591
2025-09-30,etfs_america_norte__max_sharpe,1146.120713032696
2025-10-31,etfs_america_norte__max_sharpe,1203.608687102069
2025-11-30,etfs_america_norte__max_sharpe,1186.6687780833531
2025-12-31,etfs_america_norte__max_sharpe,1206.0029066564348
2026-01-31,etfs_america_norte__max_sharpe,1179.5638653958472
2026-02-28,etfs_america_norte__max_sharpe,1161.5188768531157
2026-03-31,etfs_america_norte__max_sharpe,1160.3153769398875
2026-04-30,etfs_america_norte__max_sharpe,1176.1248455072882
2015-02-28,etfs_america_norte__min_vol,117.8523498027336
2015-03-31,etfs_america_norte__min_vol,128.89012597678558
2015-04-30,etfs_america_norte__min_vol,119.98749816363446
2015-05-31,etfs_america_norte__min_vol,128.9171894239505
2015-06-30,etfs_america_norte__min_vol,124.32333038117287
2015-07-31,etfs_america_norte__min_vol,135.83304731887088
2015-08-31,etfs_america_norte__min_vol,135.76636334591544
2015-09-30,etfs_america_norte__min_vol,148.9611416500757
2015-10-31,etfs_america_norte__min_vol,153.7588726502076
2015-11-30,etfs_america_norte__min_vol,154.1125239386038
2015-12-31,etfs_america_norte__min_vol,154.18284124325297
2016-01-31,etfs_america_norte__min_vol,150.89545493346674
2016-02-29,etfs_america_norte__min_vol,146.4592029827265
2016-03-31,etfs_america_norte__min_vol,142.3720274065522
2016-04-30,etfs_america_norte__min_vol,139.85805175571738
2016-05-31,etfs_america_norte__min_vol,145.33149118851742
2016-06-30,etfs_america_norte__min_vol,132.76084233132948
2016-07-31,etfs_america_norte__min_vol,138.6278313886726
2016-08-31,etfs_america_norte__min_vol,137.16307257603592
2016-09-30,etfs_america_norte__min_vol,138.78514097948798
2016-10-31,etfs_america_norte__min_vol,133.8352588500475
2016-11-30,etfs_america_norte__min_vol,150.5230130246547
2016-12-31,etfs_america_norte__min_vol,144.56004349738026
2017-01-31,etfs_america_norte__min_vol,140.50730363373188
2017-02-28,etfs_america_norte__min_vol,143.99380549900965
2017-03-31,etfs_america_norte__min_vol,145.83690584600774
2017-04-30,etfs_america_norte__min_vol,148.0931685998636
2017-05-31,etfs_america_norte__min_vol,152.7543553157569
2017-06-30,etfs_america_norte__min_vol,155.7726869099231
2017-07-31,etfs_america_norte__min_vol,153.06727928746326
2017-08-31,etfs_america_norte__min_vol,151.4603769693481
2017-09-30,etfs_america_norte__min_vol,157.21120093577255
2017-10-31,etfs_america_norte__min_vol,165.62538438481914
2017-11-30,etfs_america_norte__min_vol,168.20420434247464
2017-12-31,etfs_america_norte__min_vol,174.62708672435514
2018-01-31,etfs_america_norte__min_vol,176.69036061131206
2018-02-28,etfs_america_norte__min_vol,172.27286420853093
2018-03-31,etfs_america_norte__min_vol,172.2231159362855
2018-04-30,etfs_america_norte__min_vol,182.44424035896577
2018-05-31,etfs_america_norte__min_vol,201.28978544968007
2018-06-30,etfs_america_norte__min_vol,209.91911298906166
2018-07-31,etfs_america_norte__min_vol,209.71781332005875
2018-08-31,etfs_america_norte__min_vol,238.80059306389208
2018-09-30,etfs_america_norte__min_vol,232.86608980426604
2018-10-31,etfs_america_norte__min_vol,198.39398944308314
2018-11-30,etfs_america_norte__min_vol,209.7100826423348
2018-12-31,etfs_america_norte__min_vol,191.4017325119019
2019-01-31,etfs_america_norte__min_vol,197.1958339760448
2019-02-28,etfs_america_norte__min_vol,205.8834843869073
2019-03-31,etfs_america_norte__min_vol,219.281760240525
2019-04-30,etfs_america_norte__min_vol,229.786877021104
2019-05-31,etfs_america_norte__min_vol,215.65718513416715
2019-06-30,etfs_america_norte__min_vol,221.81357264122775
2019-07-31,etfs_america_norte__min_vol,222.70574595868595
2019-08-31,etfs_america_norte__min_vol,238.75079433484876
2019-09-30,etfs_america_norte__min_vol,243.36918406571263
2019-10-31,etfs_america_norte__min_vol,237.2176317016213
2019-11-30,etfs_america_norte__min_vol,257.5959441984816
2019-12-31,etfs_america_norte__min_vol,255.17654505275078
2020-01-31,etfs_america_norte__min_vol,265.62518708340906
2020-02-29,etfs_america_norte__min_vol,255.89585812545278
2020-03-31,etfs_america_norte__min_vol,250.8681493306609
2020-04-30,etfs_america_norte__min_vol,296.50862729104307
2020-05-31,etfs_america_norte__min_vol,313.5636353997579
2020-06-30,etfs_america_norte__min_vol,317.86781304872966
2020-07-31,etfs_america_norte__min_vol,316.90943488584037
2020-08-31,etfs_america_norte__min_vol,351.10096294374597
2020-09-30,etfs_america_norte__min_vol,347.859359198594
2020-10-31,etfs_america_norte__min_vol,347.3114363359951
2020-11-30,etfs_america_norte__min_vol,363.21777108499435
2020-12-31,etfs_america_norte__min_vol,366.3367950082273
2021-01-31,etfs_america_norte__min_vol,382.24380486487655
2021-02-28,etfs_america_norte__min_vol,409.30756797473794
2021-03-31,etfs_america_norte__min_vol,445.8726325835671
2021-04-30,etfs_america_norte__min_vol,431.59170900559474
2021-05-31,etfs_america_norte__min_vol,429.21184201380544
2021-06-30,etfs_america_norte__min_vol,416.1708848359685
2021-07-31,etfs_america_norte__min_vol,431.14931293289766
2021-08-31,etfs_america_norte__min_vol,450.092491499511
2021-09-30,etfs_america_norte__min_vol,456.57504416171025
2021-10-31,etfs_america_norte__min_vol,511.46803809570673
2021-11-30,etfs_america_norte__min_vol,500.6123435222697
2021-12-31,etfs_america_norte__min_vol,519.8508752420547
2022-01-31,etfs_america_norte__min_vol,489.71323086311236
2022-02-28,etfs_america_norte__min_vol,463.3822049498245
2022-03-31,etfs_america_norte__min_vol,447.58954561962724
2022-04-30,etfs_america_norte__min_vol,426.96164530728265
2022-05-31,etfs_america_norte__min_vol,420.29595476272306
2022-06-30,etfs_america_norte__min_vol,415.15577745383814
2022-07-31,etfs_america_norte__min_vol,453.7889822769475
2022-08-31,etfs_america_norte__min_vol,434.08873434132664
2022-09-30,etfs_america_norte__min_vol,414.8707056944422
2022-10-31,etfs_america_norte__min_vol,448.5283369206024
2022-11-30,etfs_america_norte__min_vol,469.1607222572641
2022-12-31,etfs_america_norte__min_vol,445.1589747706718
2023-01-31,etfs_america_norte__min_vol,456.01451024290094
2023-02-28,etfs_america_norte__min_vol,449.2551402847437
2023-03-31,etfs_america_norte__min_vol,454.20898771759283
2023-04-30,etfs_america_norte__min_vol,451.58833386423936
2023-05-31,etfs_america_norte__min_vol,452.7881387637463
2023-06-30,etfs_america_norte__min_vol,465.21448371920525
2023-07-31,etfs_america_norte__min_vol,469.9971841596694
2023-08-31,etfs_america_norte__min_vol,480.58708934486083
2023-09-30,etfs_america_norte__min_vol,475.9063349084261
2023-10-31,etfs_america_norte__min_vol,464.58540803513574
2023-11-30,etfs_america_norte__min_vol,486.9777871000268
2023-12-31,etfs_america_norte__min_vol,500.8066423602696
2024-01-31,etfs_america_norte__min_vol,517.885242322878
2024-02-29,etfs_america_norte__min_vol,545.4700005777522
2024-03-31,etfs_america_norte__min_vol,571.0524497090108
2024-04-30,etfs_america_norte__min_vol,564.291419805499
2024-05-31,etfs_america_norte__min_vol,598.6685223805897
2024-06-30,etfs_america_norte__min_vol,651.2784493820883
2024-07-31,etfs_america_norte__min_vol,673.3241067668412
2024-08-31,etfs_america_norte__min_vol,687.2295090100496
2024-09-30,etfs_america_norte__min_vol,673.0031963470941
2024-10-31,etfs_america_norte__min_vol,709.0604702061328
2024-11-30,etfs_america_norte__min_vol,785.9481662180511
2024-12-31,etfs_america_norte__min_vol,780.4326776262839
2025-01-31,etfs_america_norte__min_vol,761.6748935883534
2025-02-28,etfs_america_norte__min_vol,752.4793684215837
2025-03-31,etfs_america_norte__min_vol,709.4441485031834
2025-04-30,etfs_america_norte__min_vol,674.7423188088593
2025-05-31,etfs_america_norte__min_vol,718.4799561172898
2025-06-30,etfs_america_norte__min_vol,730.2618200592489
2025-07-31,etfs_america_norte__min_vol,760.8169854077125
2025-08-31,etfs_america_norte__min_vol,755.342477983383
2025-09-30,etfs_america_norte__min_vol,765.3114727866123
2025-10-31,etfs_america_norte__min_vol,788.6750353771945
2025-11-30,etfs_america_norte__min_vol,788.7919216042014
2025-12-31,etfs_america_norte__min_vol,806.8340409153668
2026-01-31,etfs_america_norte__min_vol,788.4346714811916
2026-02-28,etfs_america_norte__min_vol,784.2443808870026
2026-03-31,etfs_america_norte__min_vol,779.8795744578922
2026-04-30,etfs_america_norte__min_vol,778.2189183284795
2015-02-28,etfs_asia__max_sharpe,117.94670531902574
2015-03-31,etfs_asia__max_sharpe,129.70837350287556
2015-04-30,etfs_asia__max_sharpe,123.5424751020571
2015-05-31,etfs_asia__max_sharpe,131.93034157796583
2015-06-30,etfs_asia__max_sharpe,126.23450516965138
2015-07-31,etfs_asia__max_sharpe,129.5760913851043
2015-08-31,etfs_asia__max_sharpe,125.7934011584001
2015-09-30,etfs_asia__max_sharpe,139.11162094914184
2015-10-31,etfs_asia__max_sharpe,139.94018824536403
2015-11-30,etfs_asia__max_sharpe,137.032880263531
2015-12-31,etfs_asia__max_sharpe,137.75455446042093
2016-01-31,etfs_asia__max_sharpe,136.2139885629818
2016-02-29,etfs_asia__max_sharpe,135.61899665424622
2016-03-31,etfs_asia__max_sharpe,131.9547931671955
2016-04-30,etfs_asia__max_sharpe,121.9020102652667
2016-05-31,etfs_asia__max_sharpe,127.94447109309795
2016-06-30,etfs_asia__max_sharpe,120.56749610771354
2016-07-31,etfs_asia__max_sharpe,130.19571724906237
2016-08-31,etfs_asia__max_sharpe,128.90380988687807
2016-09-30,etfs_asia__max_sharpe,134.9411046765575
2016-10-31,etfs_asia__max_sharpe,133.21559905688397
2016-11-30,etfs_asia__max_sharpe,140.46182840152886
2016-12-31,etfs_asia__max_sharpe,129.7148939899679
2017-01-31,etfs_asia__max_sharpe,132.77200260851737
2017-02-28,etfs_asia__max_sharpe,135.14747745089966
2017-03-31,etfs_asia__max_sharpe,139.94462970041243
2017-04-30,etfs_asia__max_sharpe,143.41629800432975
2017-05-31,etfs_asia__max_sharpe,149.78512316253537
2017-06-30,etfs_asia__max_sharpe,157.1547135928189
2017-07-31,etfs_asia__max_sharpe,154.66869972751508
2017-08-31,etfs_asia__max_sharpe,156.6308983528903
2017-09-30,etfs_asia__max_sharpe,153.76413022905908
2017-10-31,etfs_asia__max_sharpe,167.62255666899395
2017-11-30,etfs_asia__max_sharpe,162.78921496687278
2017-12-31,etfs_asia__max_sharpe,166.87124302764644
2018-01-31,etfs_asia__max_sharpe,170.41806158044955
2018-02-28,etfs_asia__max_sharpe,165.95462366465122
2018-03-31,etfs_asia__max_sharpe,175.50099975464423
2018-04-30,etfs_asia__max_sharpe,175.15083316428056
2018-05-31,etfs_asia__max_sharpe,189.2783641615442
2018-06-30,etfs_asia__max_sharpe,192.6428437293924
2018-07-31,etfs_asia__max_sharpe,193.83619278500575
2018-08-31,etfs_asia__max_sharpe,216.0411885639473
2018-09-30,etfs_asia__max_sharpe,209.46091384199494
2018-10-31,etfs_asia__max_sharpe,170.80700515476065
2018-11-30,etfs_asia__max_sharpe,179.1018425963665
2018-12-31,etfs_asia__max_sharpe,174.36585845308142
2019-01-31,etfs_asia__max_sharpe,175.07269457904826
2019-02-28,etfs_asia__max_sharpe,176.93348049016683
2019-03-31,etfs_asia__max_sharpe,191.34053296899813
2019-04-30,etfs_asia__max_sharpe,199.71150285717977
2019-05-31,etfs_asia__max_sharpe,187.21057305156407
2019-06-30,etfs_asia__max_sharpe,189.2352795539436
2019-07-31,etfs_asia__max_sharpe,189.05569301809732
2019-08-31,etfs_asia__max_sharpe,205.88704226297932
2019-09-30,etfs_asia__max_sharpe,214.3902419301784
2019-10-31,etfs_asia__max_sharpe,218.02476085440765
2019-11-30,etfs_asia__max_sharpe,232.61194673257836
2019-12-31,etfs_asia__max_sharpe,235.5590291631124
2020-01-31,etfs_asia__max_sharpe,232.40831793842068
2020-02-29,etfs_asia__max_sharpe,238.6197587239594
2020-03-31,etfs_asia__max_sharpe,246.44982166650203
2020-04-30,etfs_asia__max_sharpe,280.3332848217907
2020-05-31,etfs_asia__max_sharpe,289.1052665803076
2020-06-30,etfs_asia__max_sharpe,307.58034821314703
2020-07-31,etfs_asia__max_sharpe,317.95227397940283
2020-08-31,etfs_asia__max_sharpe,333.4944885223884
2020-09-30,etfs_asia__max_sharpe,355.645003895415
2020-10-31,etfs_asia__max_sharpe,365.5251381773409
2020-11-30,etfs_asia__max_sharpe,370.913331295411
2020-12-31,etfs_asia__max_sharpe,391.0261704118401
2021-01-31,etfs_asia__max_sharpe,422.6493132821392
2021-02-28,etfs_asia__max_sharpe,450.34140310436317
2021-03-31,etfs_asia__max_sharpe,480.1913975639874
2021-04-30,etfs_asia__max_sharpe,469.18427628964264
2021-05-31,etfs_asia__max_sharpe,449.9786205968128
2021-06-30,etfs_asia__max_sharpe,433.4944784813313
2021-07-31,etfs_asia__max_sharpe,441.88464590423945
2021-08-31,etfs_asia__max_sharpe,460.2898466950819
2021-09-30,etfs_asia__max_sharpe,466.4003759849011
2021-10-31,etfs_asia__max_sharpe,489.78521417815324
2021-11-30,etfs_asia__max_sharpe,492.9720869718575
2021-12-31,etfs_asia__max_sharpe,514.8695427098662
2022-01-31,etfs_asia__max_sharpe,481.0723711993207
2022-02-28,etfs_asia__max_sharpe,455.64555986754476
2022-03-31,etfs_asia__max_sharpe,406.51836475101624
2022-04-30,etfs_asia__max_sharpe,383.72272333017
2022-05-31,etfs_asia__max_sharpe,376.6557912243497
2022-06-30,etfs_asia__max_sharpe,366.53564834951385
2022-07-31,etfs_asia__max_sharpe,376.53817269522085
2022-08-31,etfs_asia__max_sharpe,362.4613326177632
2022-09-30,etfs_asia__max_sharpe,332.00378648166566
2022-10-31,etfs_asia__max_sharpe,318.42605128014674
2022-11-30,etfs_asia__max_sharpe,379.9694268797486
2022-12-31,etfs_asia__max_sharpe,358.92131603247697
2023-01-31,etfs_asia__max_sharpe,384.81066402030694
2023-02-28,etfs_asia__max_sharpe,379.62432350735645
2023-03-31,etfs_asia__max_sharpe,386.68660500518
2023-04-30,etfs_asia__max_sharpe,368.7878727619842
2023-05-31,etfs_asia__max_sharpe,389.06206853861596
2023-06-30,etfs_asia__max_sharpe,384.4686024221621
2023-07-31,etfs_asia__max_sharpe,381.33086542331495
2023-08-31,etfs_asia__max_sharpe,377.50477846435194
2023-09-30,etfs_asia__max_sharpe,379.7994997866999
2023-10-31,etfs_asia__max_sharpe,372.084693540981
2023-11-30,etfs_asia__max_sharpe,400.2706560522248
2023-12-31,etfs_asia__max_sharpe,419.0149494238005
2024-01-31,etfs_asia__max_sharpe,420.4929273574172
2024-02-29,etfs_asia__max_sharpe,438.3792756339008
2024-03-31,etfs_asia__max_sharpe,461.0221205019597
2024-04-30,etfs_asia__max_sharpe,455.3615589595705
2024-05-31,etfs_asia__max_sharpe,489.85257421186816
2024-06-30,etfs_asia__max_sharpe,548.9703088524567
2024-07-31,etfs_asia__max_sharpe,556.2170699563129
2024-08-31,etfs_asia__max_sharpe,564.988997744983
2024-09-30,etfs_asia__max_sharpe,545.3295630635752
2024-10-31,etfs_asia__max_sharpe,575.3661512705071
2024-11-30,etfs_asia__max_sharpe,594.1875021689985
2024-12-31,etfs_asia__max_sharpe,610.2020827168172
2025-01-31,etfs_asia__max_sharpe,579.7184974128295
2025-02-28,etfs_asia__max_sharpe,570.8556464798962
2025-03-31,etfs_asia__max_sharpe,534.0409299085335
2025-04-30,etfs_asia__max_sharpe,525.8645534898936
2025-05-31,etfs_asia__max_sharpe,577.4147820469464
2025-06-30,etfs_asia__max_sharpe,602.8696923364848
2025-07-31,etfs_asia__max_sharpe,619.28171687603
2025-08-31,etfs_asia__max_sharpe,613.055293648674
2025-09-30,etfs_asia__max_sharpe,644.6130439215843
2025-10-31,etfs_asia__max_sharpe,681.9647342483817
2025-11-30,etfs_asia__max_sharpe,660.6716602236321
2025-12-31,etfs_asia__max_sharpe,692.8647736858203
2026-01-31,etfs_asia__max_sharpe,702.0265533879414
2026-02-28,etfs_asia__max_sharpe,767.5603899597929
2026-03-31,etfs_asia__max_sharpe,733.3674091269269
2026-04-30,etfs_asia__max_sharpe,778.2647091816688
2015-02-28,etfs_global__max_sharpe,117.87624533442805
2015-03-31,etfs_global__max_sharpe,128.98877782948654
2015-04-30,etfs_global__max_sharpe,121.44441848167529
2015-05-31,etfs_global__max_sharpe,129.90485707990743
2015-06-30,etfs_global__max_sharpe,124.81643260935991
2015-07-31,etfs_global__max_sharpe,136.17947395202427
2015-08-31,etfs_global__max_sharpe,134.73737858783323
2015-09-30,etfs_global__max_sharpe,147.40064925026613
2015-10-31,etfs_global__max_sharpe,150.4790827217391
2015-11-30,etfs_global__max_sharpe,149.5472864062099
2015-12-31,etfs_global__max_sharpe,150.7923985080359
2016-01-31,etfs_global__max_sharpe,146.77687502234954
2016-02-29,etfs_global__max_sharpe,141.29839100792617
2016-03-31,etfs_global__max_sharpe,137.63890876733504
2016-04-30,etfs_global__max_sharpe,134.9655469235593
2016-05-31,etfs_global__max_sharpe,138.8298947873518
2016-06-30,etfs_global__max_sharpe,125.93272342535937
2016-07-31,etfs_global__max_sharpe,132.4687538594084
2016-08-31,etfs_global__max_sharpe,131.09618227565292
2016-09-30,etfs_global__max_sharpe,133.247503956222
2016-10-31,etfs_global__max_sharpe,128.44613280171384
2016-11-30,etfs_global__max_sharpe,139.93284570865214
2016-12-31,etfs_global__max_sharpe,134.354656198675
2017-01-31,etfs_global__max_sharpe,132.86970082288886
2017-02-28,etfs_global__max_sharpe,135.32803934984375
2017-03-31,etfs_global__max_sharpe,139.02184416748443
2017-04-30,etfs_global__max_sharpe,142.76232659970353
2017-05-31,etfs_global__max_sharpe,149.36090397483937
2017-06-30,etfs_global__max_sharpe,152.6862966235867
2017-07-31,etfs_global__max_sharpe,150.92279271816537
2017-08-31,etfs_global__max_sharpe,150.62719017727116
2017-09-30,etfs_global__max_sharpe,154.53276384758317
2017-10-31,etfs_global__max_sharpe,163.13630065877794
2017-11-30,etfs_global__max_sharpe,164.279803455387
2017-12-31,etfs_global__max_sharpe,170.06777706421812
2018-01-31,etfs_global__max_sharpe,172.61895967183483
2018-02-28,etfs_global__max_sharpe,168.4726115552562
2018-03-31,etfs_global__max_sharpe,169.56660971102383
2018-04-30,etfs_global__max_sharpe,177.37175509869206
2018-05-31,etfs_global__max_sharpe,191.8144644028498
2018-06-30,etfs_global__max_sharpe,197.73104158642212
2018-07-31,etfs_global__max_sharpe,196.85372775946126
2018-08-31,etfs_global__max_sharpe,220.58136405023302
2018-09-30,etfs_global__max_sharpe,214.6189354008823
2018-10-31,etfs_global__max_sharpe,182.94855920801209
2018-11-30,etfs_global__max_sharpe,193.71696603131764
2018-12-31,etfs_global__max_sharpe,180.83260948656505
2019-01-31,etfs_global__max_sharpe,185.65295690160028
2019-02-28,etfs_global__max_sharpe,192.60450220695154
2019-03-31,etfs_global__max_sharpe,204.5856071941911
2019-04-30,etfs_global__max_sharpe,214.11910119891857
2019-05-31,etfs_global__max_sharpe,202.94078933271132
2019-06-30,etfs_global__max_sharpe,207.20737061407854
2019-07-31,etfs_global__max_sharpe,205.89717075624944
2019-08-31,etfs_global__max_sharpe,221.47494918142723
2019-09-30,etfs_global__max_sharpe,225.85152143664396
2019-10-31,etfs_global__max_sharpe,222.49838462929986
2019-11-30,etfs_global__max_sharpe,239.22303444926865
2019-12-31,etfs_global__max_sharpe,237.27688505349164
2020-01-31,etfs_global__max_sharpe,247.05377874651327
2020-02-29,etfs_global__max_sharpe,241.62103721066828
2020-03-31,etfs_global__max_sharpe,242.2440485720104
2020-04-30,etfs_global__max_sharpe,273.33482734065126
2020-05-31,etfs_global__max_sharpe,290.9607182807904
2020-06-30,etfs_global__max_sharpe,299.4335336582721
2020-07-31,etfs_global__max_sharpe,300.9828716084017
2020-08-31,etfs_global__max_sharpe,333.73732903822184
2020-09-30,etfs_global__max_sharpe,338.34122227033777
2020-10-31,etfs_global__max_sharpe,339.4597785902085
2020-11-30,etfs_global__max_sharpe,350.80070831002115
2020-12-31,etfs_global__max_sharpe,356.8185373391568
2021-01-31,etfs_global__max_sharpe,372.65398007701697
2021-02-28,etfs_global__max_sharpe,387.49442818642547
2021-03-31,etfs_global__max_sharpe,416.1134570740701
2021-04-30,etfs_global__max_sharpe,401.07274727004176
2021-05-31,etfs_global__max_sharpe,399.48707239804526
2021-06-30,etfs_global__max_sharpe,382.661460881026
2021-07-31,etfs_global__max_sharpe,395.9049417934748
2021-08-31,etfs_global__max_sharpe,412.673624207423
2021-09-30,etfs_global__max_sharpe,412.8758021374982
2021-10-31,etfs_global__max_sharpe,453.6809357894095
2021-11-30,etfs_global__max_sharpe,439.74193297970004
2021-12-31,etfs_global__max_sharpe,454.3506727914162
2022-01-31,etfs_global__max_sharpe,417.52701635383403
2022-02-28,etfs_global__max_sharpe,389.41263172818225
2022-03-31,etfs_global__max_sharpe,366.98773446326885
2022-04-30,etfs_global__max_sharpe,349.2703993076424
2022-05-31,etfs_global__max_sharpe,337.6587910686775
2022-06-30,etfs_global__max_sharpe,338.261959232793
2022-07-31,etfs_global__max_sharpe,362.2987649470716
2022-08-31,etfs_global__max_sharpe,342.4223134696738
2022-09-30,etfs_global__max_sharpe,326.8683104558819
2022-10-31,etfs_global__max_sharpe,340.67721789495795
2022-11-30,etfs_global__max_sharpe,367.6606253138604
2022-12-31,etfs_global__max_sharpe,351.80307433831774
2023-01-31,etfs_global__max_sharpe,366.05990901608664
2023-02-28,etfs_global__max_sharpe,359.77212810237637
2023-03-31,etfs_global__max_sharpe,364.11164615614626
2023-04-30,etfs_global__max_sharpe,361.3633475521889
2023-05-31,etfs_global__max_sharpe,361.7884708710334
2023-06-30,etfs_global__max_sharpe,369.09362257647484
2023-07-31,etfs_global__max_sharpe,371.9479807422696
2023-08-31,etfs_global__max_sharpe,373.7558802477495
2023-09-30,etfs_global__max_sharpe,368.3279195594448
2023-10-31,etfs_global__max_sharpe,359.90579938864926
2023-11-30,etfs_global__max_sharpe,380.86230621687963
2023-12-31,etfs_global__max_sharpe,394.80510906166
2024-01-31,etfs_global__max_sharpe,404.06187020197564
2024-02-29,etfs_global__max_sharpe,423.72548235393015
2024-03-31,etfs_global__max_sharpe,439.57766232466787
2024-04-30,etfs_global__max_sharpe,434.7354602523764
2024-05-31,etfs_global__max_sharpe,462.18715526392646
2024-06-30,etfs_global__max_sharpe,498.6577393684988
2024-07-31,etfs_global__max_sharpe,516.5137448422864
2024-08-31,etfs_global__max_sharpe,530.9780687726518
2024-09-30,etfs_global__max_sharpe,523.8890276052678
2024-10-31,etfs_global__max_sharpe,544.0030816862422
2024-11-30,etfs_global__max_sharpe,590.650435080442
2024-12-31,etfs_global__max_sharpe,590.6286162233408
2025-01-31,etfs_global__max_sharpe,579.2598657857619
2025-02-28,etfs_global__max_sharpe,574.0491011037553
2025-03-31,etfs_global__max_sharpe,545.293903332291
2025-04-30,etfs_global__max_sharpe,534.9593636339024
2025-05-31,etfs_global__max_sharpe,569.9509614944731
2025-06-30,etfs_global__max_sharpe,577.6593333659899
2025-07-31,etfs_global__max_sharpe,594.1044188249132
2025-08-31,etfs_global__max_sharpe,592.2446271878257
2025-09-30,etfs_global__max_sharpe,603.1997865715881
2025-10-31,etfs_global__max_sharpe,624.0234108468895
2025-11-30,etfs_global__max_sharpe,621.2027198277254
2025-12-31,etfs_global__max_sharpe,640.8865363950868
2026-01-31,etfs_global__max_sharpe,624.5101078678019
2026-02-28,etfs_global__max_sharpe,626.1673102003792
2026-03-31,etfs_global__max_sharpe,602.4678506488
2026-04-30,etfs_global__max_sharpe,612.5957858246177
2015-02-28,etfs_global__min_vol,118.27913221692992
2015-03-31,etfs_global__min_vol,129.60618441282952
2015-04-30,etfs_global__min_vol,122.68271723920094
2015-05-31,etfs_global__min_vol,131.19432278084227
2015-06-30,etfs_global__min_vol,125.81731695059408
2015-07-31,etfs_global__min_vol,137.75267365342955
2015-08-31,etfs_global__min_vol,135.94861044955917
2015-09-30,etfs_global__min_vol,148.17745417237208
2015-10-31,etfs_global__min_vol,150.55455007331997
2015-11-30,etfs_global__min_vol,149.43202898697143
2015-12-31,etfs_global__min_vol,150.65239237170297
2016-01-31,etfs_global__min_vol,146.44728716902122
2016-02-29,etfs_global__min_vol,139.53043628205762
2016-03-31,etfs_global__min_vol,135.77408366598277
2016-04-30,etfs_global__min_vol,133.8462197245455
2016-05-31,etfs_global__min_vol,137.19693402120706
2016-06-30,etfs_global__min_vol,123.066234925701
2016-07-31,etfs_global__min_vol,129.72070705870473
2016-08-31,etfs_global__min_vol,128.42229092581238
2016-09-30,etfs_global__min_vol,131.02966996161604
2016-10-31,etfs_global__min_vol,125.9563228879569
2016-11-30,etfs_global__min_vol,135.3099260802913
2016-12-31,etfs_global__min_vol,130.25891854228144
2017-01-31,etfs_global__min_vol,129.3460323539646
2017-02-28,etfs_global__min_vol,130.70301500380677
2017-03-31,etfs_global__min_vol,135.52650616251037
2017-04-30,etfs_global__min_vol,139.62884528500484
2017-05-31,etfs_global__min_vol,147.03299616568876
2017-06-30,etfs_global__min_vol,150.18283380581227
2017-07-31,etfs_global__min_vol,148.56557104459506
2017-08-31,etfs_global__min_vol,147.96581109014838
2017-09-30,etfs_global__min_vol,152.32540722080822
2017-10-31,etfs_global__min_vol,160.4777788450514
2017-11-30,etfs_global__min_vol,160.58580868504941
2017-12-31,etfs_global__min_vol,166.42848619270472
2018-01-31,etfs_global__min_vol,168.08199921691556
2018-02-28,etfs_global__min_vol,163.44355801112377
2018-03-31,etfs_global__min_vol,165.52866936353556
2018-04-30,etfs_global__min_vol,173.96978375737245
2018-05-31,etfs_global__min_vol,186.1657457370613
2018-06-30,etfs_global__min_vol,190.76704120306061
2018-07-31,etfs_global__min_vol,189.12422731466845
2018-08-31,etfs_global__min_vol,209.0922211587913
2018-09-30,etfs_global__min_vol,203.5535071311736
2018-10-31,etfs_global__min_vol,172.30855898042176
2018-11-30,etfs_global__min_vol,181.3770755257347
2018-12-31,etfs_global__min_vol,170.86122019104363
2019-01-31,etfs_global__min_vol,174.89809880800098
2019-02-28,etfs_global__min_vol,181.31536204355214
2019-03-31,etfs_global__min_vol,191.5709051928469
2019-04-30,etfs_global__min_vol,199.87009317086253
2019-05-31,etfs_global__min_vol,190.3959017691421
2019-06-30,etfs_global__min_vol,193.7610822826661
2019-07-31,etfs_global__min_vol,190.2934383059795
2019-08-31,etfs_global__min_vol,205.06763541826496
2019-09-30,etfs_global__min_vol,210.14603070346763
2019-10-31,etfs_global__min_vol,207.5550534069892
2019-11-30,etfs_global__min_vol,221.9594957216974
2019-12-31,etfs_global__min_vol,220.30074724343697
2020-01-31,etfs_global__min_vol,227.37201061689504
2020-02-29,etfs_global__min_vol,222.15726404309578
2020-03-31,etfs_global__min_vol,220.24865156285722
2020-04-30,etfs_global__min_vol,244.99669178953232
2020-05-31,etfs_global__min_vol,261.4603078514556
2020-06-30,etfs_global__min_vol,269.8802496837086
2020-07-31,etfs_global__min_vol,267.3881486046772
2020-08-31,etfs_global__min_vol,295.1696716892037
2020-09-30,etfs_global__min_vol,301.2059795786675
2020-10-31,etfs_global__min_vol,299.94701928795314
2020-11-30,etfs_global__min_vol,313.8602910060898
2020-12-31,etfs_global__min_vol,320.8356489038341
2021-01-31,etfs_global__min_vol,334.30855652475236
2021-02-28,etfs_global__min_vol,347.89180904777066
2021-03-31,etfs_global__min_vol,373.41450048304574
2021-04-30,etfs_global__min_vol,357.64013375332974
2021-05-31,etfs_global__min_vol,360.3152241815984
2021-06-30,etfs_global__min_vol,341.02266231812456
2021-07-31,etfs_global__min_vol,352.0421992443395
2021-08-31,etfs_global__min_vol,365.2418498074138
2021-09-30,etfs_global__min_vol,367.19767576118534
2021-10-31,etfs_global__min_vol,398.89881244693635
2021-11-30,etfs_global__min_vol,381.5265738945372
2021-12-31,etfs_global__min_vol,395.12694618836827
2022-01-31,etfs_global__min_vol,364.55372446684424
2022-02-28,etfs_global__min_vol,340.8063738118827
2022-03-31,etfs_global__min_vol,318.97329051280985
2022-04-30,etfs_global__min_vol,305.91407616992797
2022-05-31,etfs_global__min_vol,297.70906125691596
2022-06-30,etfs_global__min_vol,296.33111906014994
2022-07-31,etfs_global__min_vol,314.47659825008486
2022-08-31,etfs_global__min_vol,294.72075145168776
2022-09-30,etfs_global__min_vol,280.5337087099993
2022-10-31,etfs_global__min_vol,291.9757340247019
2022-11-30,etfs_global__min_vol,321.8827939134083
2022-12-31,etfs_global__min_vol,312.3380287245243
2023-01-31,etfs_global__min_vol,327.5481363756342
2023-02-28,etfs_global__min_vol,321.6378525776701
2023-03-31,etfs_global__min_vol,324.3246949375181
2023-04-30,etfs_global__min_vol,323.74618899432676
2023-05-31,etfs_global__min_vol,319.26090619884917
2023-06-30,etfs_global__min_vol,323.3977235612363
2023-07-31,etfs_global__min_vol,325.1044966633976
2023-08-31,etfs_global__min_vol,324.74910349149684
2023-09-30,etfs_global__min_vol,320.94886940403364
2023-10-31,etfs_global__min_vol,312.1121312170965
2023-11-30,etfs_global__min_vol,330.1512310380514
2023-12-31,etfs_global__min_vol,343.6395414200989
2024-01-31,etfs_global__min_vol,349.05513665956704
2024-02-29,etfs_global__min_vol,362.62250051018276
2024-03-31,etfs_global__min_vol,376.9860492995531
2024-04-30,etfs_global__min_vol,373.1369928408468
2024-05-31,etfs_global__min_vol,396.8842696878562
2024-06-30,etfs_global__min_vol,419.6264521956768
2024-07-31,etfs_global__min_vol,438.1492116508451
2024-08-31,etfs_global__min_vol,451.41610116737223
2024-09-30,etfs_global__min_vol,442.6915139300307
2024-10-31,etfs_global__min_vol,451.7870273130568
2024-11-30,etfs_global__min_vol,481.04510954843994
2024-12-31,etfs_global__min_vol,478.70862126511275
2025-01-31,etfs_global__min_vol,472.7515029752654
2025-02-28,etfs_global__min_vol,475.1562392852402
2025-03-31,etfs_global__min_vol,460.8595178571433
2025-04-30,etfs_global__min_vol,460.8335823522773
2025-05-31,etfs_global__min_vol,489.5187387969453
2025-06-30,etfs_global__min_vol,492.42441105988206
2025-07-31,etfs_global__min_vol,499.6659926647551
2025-08-31,etfs_global__min_vol,502.8040519902103
2025-09-30,etfs_global__min_vol,509.2392560699984
2025-10-31,etfs_global__min_vol,525.32526880448
2025-11-30,etfs_global__min_vol,525.6272310521747
2025-12-31,etfs_global__min_vol,549.0817449527032
2026-01-31,etfs_global__min_vol,544.0844238282885
2026-02-28,etfs_global__min_vol,559.8682417882986
2026-03-31,etfs_global__min_vol,530.7350785233856
2026-04-30,etfs_global__min_vol,539.0407759206387
2015-02-28,etfs_exterior__min_vol,118.27254730307367
2015-03-31,etfs_exterior__min_vol,128.1999461881626
2015-04-30,etfs_exterior__min_vol,123.97706949684768
2015-05-31,etfs_exterior__min_vol,130.72521807259426
2015-06-30,etfs_exterior__min_vol,124.57245344128233
2015-07-31,etfs_exterior__min_vol,130.83692303455612
2015-08-31,etfs_exterior__min_vol,128.7822669607894
2015-09-30,etfs_exterior__min_vol,140.46281420896113
2015-10-31,etfs_exterior__min_vol,143.0136909147158
2015-11-30,etfs_exterior__min_vol,139.34121140575314
2015-12-31,etfs_exterior__min_vol,138.65263040944478
2016-01-31,etfs_exterior__min_vol,136.5720313578812
2016-02-29,etfs_exterior__min_vol,131.79960342366147
2016-03-31,etfs_exterior__min_vol,130.33100612727054
2016-04-30,etfs_exterior__min_vol,128.8296273998657
2016-05-31,etfs_exterior__min_vol,128.31782471567357
2016-06-30,etfs_exterior__min_vol,118.79004076746182
2016-07-31,etfs_exterior__min_vol,124.18662382523698
2016-08-31,etfs_exterior__min_vol,123.00596022648189
2016-09-30,etfs_exterior__min_vol,125.49146284847916
2016-10-31,etfs_exterior__min_vol,122.74835421558512
2016-11-30,etfs_exterior__min_vol,127.46351068943709
2016-12-31,etfs_exterior__min_vol,120.71485964655044
2017-01-31,etfs_exterior__min_vol,121.36103107870532
2017-02-28,etfs_exterior__min_vol,123.14195814374345
2017-03-31,etfs_exterior__min_vol,130.2105465377902
2017-04-30,etfs_exterior__min_vol,133.32724667986298
2017-05-31,etfs_exterior__min_vol,140.08028797555988
2017-06-30,etfs_exterior__min_vol,142.62081349082308
2017-07-31,etfs_exterior__min_vol,143.13491259050002
2017-08-31,etfs_exterior__min_vol,144.0573204879805
2017-09-30,etfs_exterior__min_vol,146.664277531114
2017-10-31,etfs_exterior__min_vol,153.72079083058438
2017-11-30,etfs_exterior__min_vol,150.30915514096492
2017-12-31,etfs_exterior__min_vol,160.5142150703606
2018-01-31,etfs_exterior__min_vol,163.91100068864895
2018-02-28,etfs_exterior__min_vol,158.38766398341258
2018-03-31,etfs_exterior__min_vol,162.2721029778835
2018-04-30,etfs_exterior__min_vol,169.78946971867794
2018-05-31,etfs_exterior__min_vol,175.49433758107654
2018-06-30,etfs_exterior__min_vol,177.2748927911482
2018-07-31,etfs_exterior__min_vol,177.38700658091466
2018-08-31,etfs_exterior__min_vol,188.66485186689482
2018-09-30,etfs_exterior__min_vol,184.52442782360845
2018-10-31,etfs_exterior__min_vol,154.630889902077
2018-11-30,etfs_exterior__min_vol,163.69117925311627
2018-12-31,etfs_exterior__min_vol,159.04061313375837
2019-01-31,etfs_exterior__min_vol,165.50267705391025
2019-02-28,etfs_exterior__min_vol,167.74625848189794
2019-03-31,etfs_exterior__min_vol,176.00370973358153
2019-04-30,etfs_exterior__min_vol,181.32043884446287
2019-05-31,etfs_exterior__min_vol,171.72232627002398
2019-06-30,etfs_exterior__min_vol,174.2150946684217
2019-07-31,etfs_exterior__min_vol,168.2311524577976
2019-08-31,etfs_exterior__min_vol,176.0093974552737
2019-09-30,etfs_exterior__min_vol,180.57680995043754
2019-10-31,etfs_exterior__min_vol,177.10035586991592
2019-11-30,etfs_exterior__min_vol,184.7451079763637
2019-12-31,etfs_exterior__min_vol,188.79623021414346
2020-01-31,etfs_exterior__min_vol,190.6969207639057
2020-02-29,etfs_exterior__min_vol,186.1851302094116
2020-03-31,etfs_exterior__min_vol,174.82481616826902
2020-04-30,etfs_exterior__min_vol,193.05280623523083
2020-05-31,etfs_exterior__min_vol,202.42827665689856
2020-06-30,etfs_exterior__min_vol,211.08270888191703
2020-07-31,etfs_exterior__min_vol,210.85942301784945
2020-08-31,etfs_exterior__min_vol,224.5686163981051
2020-09-30,etfs_exterior__min_vol,229.0254110897564
2020-10-31,etfs_exterior__min_vol,233.13431898461988
2020-11-30,etfs_exterior__min_vol,244.57304593942405
2020-12-31,etfs_exterior__min_vol,253.82548152537208
2021-01-31,etfs_exterior__min_vol,265.4208394864311
2021-02-28,etfs_exterior__min_vol,276.8694255838034
2021-03-31,etfs_exterior__min_vol,296.3606402925357
2021-04-30,etfs_exterior__min_vol,278.27586329409127
2021-05-31,etfs_exterior__min_vol,278.28502634789004
2021-06-30,etfs_exterior__min_vol,263.14690911320423
2021-07-31,etfs_exterior__min_vol,263.82366230192144
2021-08-31,etfs_exterior__min_vol,276.1498533292644
2021-09-30,etfs_exterior__min_vol,277.1635141438404
2021-10-31,etfs_exterior__min_vol,291.58093424096336
2021-11-30,etfs_exterior__min_vol,277.90775694752364
2021-12-31,etfs_exterior__min_vol,287.10189350741484
2022-01-31,etfs_exterior__min_vol,279.50168825564384
2022-02-28,etfs_exterior__min_vol,265.02061856119883
2022-03-31,etfs_exterior__min_vol,249.26250615690142
2022-04-30,etfs_exterior__min_vol,240.04076934688302
2022-05-31,etfs_exterior__min_vol,239.60678541320942
2022-06-30,etfs_exterior__min_vol,238.88920582308918
2022-07-31,etfs_exterior__min_vol,246.2589181125983
2022-08-31,etfs_exterior__min_vol,237.41660648439728
2022-09-30,etfs_exterior__min_vol,227.3076429536949
2022-10-31,etfs_exterior__min_vol,230.92226304833625
2022-11-30,etfs_exterior__min_vol,257.96918498699216
2022-12-31,etfs_exterior__min_vol,254.99824849084467
2023-01-31,etfs_exterior__min_vol,269.5477883900263
2023-02-28,etfs_exterior__min_vol,263.84291513361745
2023-03-31,etfs_exterior__min_vol,263.6041077989097
2023-04-30,etfs_exterior__min_vol,261.4479915646519
2023-05-31,etfs_exterior__min_vol,257.2875944346383
2023-06-30,etfs_exterior__min_vol,260.90091589690854
2023-07-31,etfs_exterior__min_vol,265.0099486129766
2023-08-31,etfs_exterior__min_vol,260.33164723946385
2023-09-30,etfs_exterior__min_vol,258.0866767857817
2023-10-31,etfs_exterior__min_vol,247.8584934004074
2023-11-30,etfs_exterior__min_vol,263.655842543382
2023-12-31,etfs_exterior__min_vol,273.1720243903993
2024-01-31,etfs_exterior__min_vol,270.23530897962775
2024-02-29,etfs_exterior__min_vol,276.605054771623
2024-03-31,etfs_exterior__min_vol,287.3993024216987
2024-04-30,etfs_exterior__min_vol,294.15221385947234
2024-05-31,etfs_exterior__min_vol,308.8120441481458
2024-06-30,etfs_exterior__min_vol,319.22279824337926
2024-07-31,etfs_exterior__min_vol,331.38671092827855
2024-08-31,etfs_exterior__min_vol,338.6713938885848
2024-09-30,etfs_exterior__min_vol,335.50869775161806
2024-10-31,etfs_exterior__min_vol,343.4525490096851
2024-11-30,etfs_exterior__min_vol,357.9835092293194
2024-12-31,etfs_exterior__min_vol,359.21856274315826
2025-01-31,etfs_exterior__min_vol,354.39685908006766
2025-02-28,etfs_exterior__min_vol,360.1197618477611
2025-03-31,etfs_exterior__min_vol,358.7168644586435
2025-04-30,etfs_exterior__min_vol,360.525352812522
2025-05-31,etfs_exterior__min_vol,379.8029072024397
2025-06-30,etfs_exterior__min_vol,379.9448751448162
2025-07-31,etfs_exterior__min_vol,384.74867445865283
2025-08-31,etfs_exterior__min_vol,388.29210693906526
2025-09-30,etfs_exterior__min_vol,394.04146463905334
2025-10-31,etfs_exterior__min_vol,415.4432965819792
2025-11-30,etfs_exterior__min_vol,416.66589542484206
2025-12-31,etfs_exterior__min_vol,438.07364097729334
2026-01-31,etfs_exterior__min_vol,445.80626131547996
2026-02-28,etfs_exterior__min_vol,459.8259265250546
2026-03-31,etfs_exterior__min_vol,437.2401545085217
2026-04-30,etfs_exterior__min_vol,442.55535463595487
2015-02-28,etfs_latam__max_sharpe,121.29249346778867
2015-03-31,etfs_latam__max_sharpe,135.25582743676753
2015-04-30,etfs_latam__max_sharpe,128.17973904063984
2015-05-31,etfs_latam__max_sharpe,133.51634163466355
2015-06-30,etfs_latam__max_sharpe,126.77249409714628
2015-07-31,etfs_latam__max_sharpe,129.57276956295829
2015-08-31,etfs_latam__max_sharpe,132.96123194199672
2015-09-30,etfs_latam__max_sharpe,139.51099215825607
2015-10-31,etfs_latam__max_sharpe,152.70889100926982
2015-11-30,etfs_latam__max_sharpe,145.96963978890892
2015-12-31,etfs_latam__max_sharpe,144.3569919472214
2016-01-31,etfs_latam__max_sharpe,143.44170151720266
2016-02-29,etfs_latam__max_sharpe,145.69134195582163
2016-03-31,etfs_latam__max_sharpe,142.29796622071825
2016-04-30,etfs_latam__max_sharpe,143.5913829128134
2016-05-31,etfs_latam__max_sharpe,141.65537845939718
2016-06-30,etfs_latam__max_sharpe,135.26131608217977
2016-07-31,etfs_latam__max_sharpe,138.08013964014842
2016-08-31,etfs_latam__max_sharpe,135.78345089982867
2016-09-30,etfs_latam__max_sharpe,139.05073932103102
2016-10-31,etfs_latam__max_sharpe,140.42408581951292
2016-11-30,etfs_latam__max_sharpe,140.46085750324445
2016-12-31,etfs_latam__max_sharpe,132.4050139872805
2017-01-31,etfs_latam__max_sharpe,135.91077953554745
2017-02-28,etfs_latam__max_sharpe,138.66909259581112
2017-03-31,etfs_latam__max_sharpe,153.10067448362275
2017-04-30,etfs_latam__max_sharpe,156.26909798710847
2017-05-31,etfs_latam__max_sharpe,164.24486326044143
2017-06-30,etfs_latam__max_sharpe,167.10002263510944
2017-07-31,etfs_latam__max_sharpe,166.45162976806017
2017-08-31,etfs_latam__max_sharpe,166.95662926336317
2017-09-30,etfs_latam__max_sharpe,172.0526496838322
2017-10-31,etfs_latam__max_sharpe,174.28893143409232
2017-11-30,etfs_latam__max_sharpe,169.8348553158034
2017-12-31,etfs_latam__max_sharpe,184.92898656157152
2018-01-31,etfs_latam__max_sharpe,191.51386969812478
2018-02-28,etfs_latam__max_sharpe,187.31194368338197
2018-03-31,etfs_latam__max_sharpe,190.00633631125433
2018-04-30,etfs_latam__max_sharpe,196.50398905930498
2018-05-31,etfs_latam__max_sharpe,183.46082629382767
2018-06-30,etfs_latam__max_sharpe,184.7820992900804
2018-07-31,etfs_latam__max_sharpe,195.17308648844062
2018-08-31,etfs_latam__max_sharpe,199.05285625725907
2018-09-30,etfs_latam__max_sharpe,196.77546874410658
2018-10-31,etfs_latam__max_sharpe,162.6392400815312
2018-11-30,etfs_latam__max_sharpe,168.9171427009742
2018-12-31,etfs_latam__max_sharpe,164.90268271088814
2019-01-31,etfs_latam__max_sharpe,179.50858917996635
2019-02-28,etfs_latam__max_sharpe,179.4682564180487
2019-03-31,etfs_latam__max_sharpe,184.80372326568983
2019-04-30,etfs_latam__max_sharpe,185.72405579469756
2019-05-31,etfs_latam__max_sharpe,187.41617333678334
2019-06-30,etfs_latam__max_sharpe,197.20200349205993
2019-07-31,etfs_latam__max_sharpe,191.20125685747686
2019-08-31,etfs_latam__max_sharpe,177.08753184653392
2019-09-30,etfs_latam__max_sharpe,181.20766378185874
2019-10-31,etfs_latam__max_sharpe,170.96153580488615
2019-11-30,etfs_latam__max_sharpe,182.49720588858668
2019-12-31,etfs_latam__max_sharpe,191.4628572186524
2020-01-31,etfs_latam__max_sharpe,197.60382478248852
2020-02-29,etfs_latam__max_sharpe,187.8491685940776
2020-03-31,etfs_latam__max_sharpe,155.4708380317126
2020-04-30,etfs_latam__max_sharpe,172.67848878281927
2020-05-31,etfs_latam__max_sharpe,197.6650561927182
2020-06-30,etfs_latam__max_sharpe,209.19432743484325
2020-07-31,etfs_latam__max_sharpe,214.25142506192222
2020-08-31,etfs_latam__max_sharpe,219.3472168234886
2020-09-30,etfs_latam__max_sharpe,218.16078919212978
2020-10-31,etfs_latam__max_sharpe,226.80135711961736
2020-11-30,etfs_latam__max_sharpe,250.0000698084813
2020-12-31,etfs_latam__max_sharpe,261.6175216060331
2021-01-31,etfs_latam__max_sharpe,260.25483085542646
2021-02-28,etfs_latam__max_sharpe,269.2885968548778
2021-03-31,etfs_latam__max_sharpe,290.78451485241266
2021-04-30,etfs_latam__max_sharpe,275.0371156380083
2021-05-31,etfs_latam__max_sharpe,276.68037515873556
2021-06-30,etfs_latam__max_sharpe,263.6932381767751
2021-07-31,etfs_latam__max_sharpe,271.9843057403164
2021-08-31,etfs_latam__max_sharpe,306.98459993470675
2021-09-30,etfs_latam__max_sharpe,295.7687120566534
2021-10-31,etfs_latam__max_sharpe,303.9905008510783
2021-11-30,etfs_latam__max_sharpe,278.7133685672652
2021-12-31,etfs_latam__max_sharpe,300.3630447592795
2022-01-31,etfs_latam__max_sharpe,288.7762276809802
2022-02-28,etfs_latam__max_sharpe,287.3430013457168
2022-03-31,etfs_latam__max_sharpe,292.0950086592339
2022-04-30,etfs_latam__max_sharpe,269.6388020004787
2022-05-31,etfs_latam__max_sharpe,267.8828918071018
2022-06-30,etfs_latam__max_sharpe,248.82398278914093
2022-07-31,etfs_latam__max_sharpe,267.3724371988557
2022-08-31,etfs_latam__max_sharpe,270.04460003087496
2022-09-30,etfs_latam__max_sharpe,274.873325467263
2022-10-31,etfs_latam__max_sharpe,295.14664863378005
2022-11-30,etfs_latam__max_sharpe,313.44612165097885
2022-12-31,etfs_latam__max_sharpe,315.0592562971095
2023-01-31,etfs_latam__max_sharpe,356.6224765494962
2023-02-28,etfs_latam__max_sharpe,356.6625444488295
2023-03-31,etfs_latam__max_sharpe,352.79981361006435
2023-04-30,etfs_latam__max_sharpe,347.19393356832336
2023-05-31,etfs_latam__max_sharpe,351.0314475815724
2023-06-30,etfs_latam__max_sharpe,374.00630117545154
2023-07-31,etfs_latam__max_sharpe,377.12030075925054
2023-08-31,etfs_latam__max_sharpe,380.6282190091342
2023-09-30,etfs_latam__max_sharpe,354.96941372832003
2023-10-31,etfs_latam__max_sharpe,332.4552444178586
2023-11-30,etfs_latam__max_sharpe,396.32437754330863
2023-12-31,etfs_latam__max_sharpe,413.24957088997525
2024-01-31,etfs_latam__max_sharpe,417.78823962160175
2024-02-29,etfs_latam__max_sharpe,407.839713750786
2024-03-31,etfs_latam__max_sharpe,435.74587709318496
2024-04-30,etfs_latam__max_sharpe,452.56319015270464
2024-05-31,etfs_latam__max_sharpe,483.0049912924917
2024-06-30,etfs_latam__max_sharpe,460.4883381643756
2024-07-31,etfs_latam__max_sharpe,471.5432008696208
2024-08-31,etfs_latam__max_sharpe,495.7256851769079
2024-09-30,etfs_latam__max_sharpe,486.3354502269148
2024-10-31,etfs_latam__max_sharpe,530.3484535368661
2024-11-30,etfs_latam__max_sharpe,585.7589999291855
2024-12-31,etfs_latam__max_sharpe,592.4351398175738
2025-01-31,etfs_latam__max_sharpe,592.6506764365389
2025-02-28,etfs_latam__max_sharpe,587.329146720344
2025-03-31,etfs_latam__max_sharpe,577.3645197572719
2025-04-30,etfs_latam__max_sharpe,608.7830119426588
2025-05-31,etfs_latam__max_sharpe,643.5911695130795
2025-06-30,etfs_latam__max_sharpe,611.4103053712868
2025-07-31,etfs_latam__max_sharpe,609.1321432455708
2025-08-31,etfs_latam__max_sharpe,596.8111986610435
2025-09-30,etfs_latam__max_sharpe,572.2085687247697
2025-10-31,etfs_latam__max_sharpe,679.0555395171933
2025-11-30,etfs_latam__max_sharpe,685.0527444031244
2025-12-31,etfs_latam__max_sharpe,711.7137839256493
2026-01-31,etfs_latam__max_sharpe,730.8746154983088
2026-02-28,etfs_latam__max_sharpe,710.4981577113155
2026-03-31,etfs_latam__max_sharpe,714.696119387795
2026-04-30,etfs_latam__max_sharpe,702.5685095131915
2015-02-28,etfs_desenvolvidos_emergentes__max_sharpe,117.9123839439544
2015-03-31,etfs_desenvolvidos_emergentes__max_sharpe,129.2842909025395
2015-04-30,etfs_desenvolvidos_emergentes__max_sharpe,124.18353400861587
2015-05-31,etfs_desenvolvidos_emergentes__max_sharpe,131.25234886064794
2015-06-30,etfs_desenvolvidos_emergentes__max_sharpe,125.66618997472989
2015-07-31,etfs_desenvolvidos_emergentes__max_sharpe,134.51005264285732
2015-08-31,etfs_desenvolvidos_emergentes__max_sharpe,131.51330705785927
2015-09-30,etfs_desenvolvidos_emergentes__max_sharpe,143.91612774329198
2015-10-31,etfs_desenvolvidos_emergentes__max_sharpe,145.4058976230954
2015-11-30,etfs_desenvolvidos_emergentes__max_sharpe,143.46795168801648
2015-12-31,etfs_desenvolvidos_emergentes__max_sharpe,143.9986309834939
2016-01-31,etfs_desenvolvidos_emergentes__max_sharpe,139.98253118471658
2016-02-29,etfs_desenvolvidos_emergentes__max_sharpe,133.17166071087846
2016-03-31,etfs_desenvolvidos_emergentes__max_sharpe,131.5322176990031
2016-04-30,etfs_desenvolvidos_emergentes__max_sharpe,129.55554864346666
2016-05-31,etfs_desenvolvidos_emergentes__max_sharpe,131.1090560880775
2016-06-30,etfs_desenvolvidos_emergentes__max_sharpe,118.95745619262334
2016-07-31,etfs_desenvolvidos_emergentes__max_sharpe,125.95580624061209
2016-08-31,etfs_desenvolvidos_emergentes__max_sharpe,124.96506920625612
2016-09-30,etfs_desenvolvidos_emergentes__max_sharpe,128.32017484010294
2016-10-31,etfs_desenvolvidos_emergentes__max_sharpe,123.62473261693569
2016-11-30,etfs_desenvolvidos_emergentes__max_sharpe,130.17603295626287
2016-12-31,etfs_desenvolvidos_emergentes__max_sharpe,124.42394245332838
2017-01-31,etfs_desenvolvidos_emergentes__max_sharpe,125.0615992794509
2017-02-28,etfs_desenvolvidos_emergentes__max_sharpe,125.95134443909879
2017-03-31,etfs_desenvolvidos_emergentes__max_sharpe,131.76760768307986
2017-04-30,etfs_desenvolvidos_emergentes__max_sharpe,135.98275903835793
2017-05-31,etfs_desenvolvidos_emergentes__max_sharpe,143.46723462643655
2017-06-30,etfs_desenvolvidos_emergentes__max_sharpe,146.66908191569587
2017-07-31,etfs_desenvolvidos_emergentes__max_sharpe,146.3548023084249
2017-08-31,etfs_desenvolvidos_emergentes__max_sharpe,146.5759086866577
2017-09-30,etfs_desenvolvidos_emergentes__max_sharpe,150.14216301228888
2017-10-31,etfs_desenvolvidos_emergentes__max_sharpe,158.64834892017507
2017-11-30,etfs_desenvolvidos_emergentes__max_sharpe,157.57867707079453
2017-12-31,etfs_desenvolvidos_emergentes__max_sharpe,164.48737776294908
2018-01-31,etfs_desenvolvidos_emergentes__max_sharpe,167.0706956686932
2018-02-28,etfs_desenvolvidos_emergentes__max_sharpe,161.6498383020892
2018-03-31,etfs_desenvolvidos_emergentes__max_sharpe,165.15927098058992
2018-04-30,etfs_desenvolvidos_emergentes__max_sharpe,172.1003341510191
2018-05-31,etfs_desenvolvidos_emergentes__max_sharpe,182.06733233276609
2018-06-30,etfs_desenvolvidos_emergentes__max_sharpe,183.86295345661586
2018-07-31,etfs_desenvolvidos_emergentes__max_sharpe,182.07994439247867
2018-08-31,etfs_desenvolvidos_emergentes__max_sharpe,198.09279716860487
2018-09-30,etfs_desenvolvidos_emergentes__max_sharpe,191.88264559935143
2018-10-31,etfs_desenvolvidos_emergentes__max_sharpe,161.43676334777967
2018-11-30,etfs_desenvolvidos_emergentes__max_sharpe,171.35128005652612
2018-12-31,etfs_desenvolvidos_emergentes__max_sharpe,164.0946249060489
2019-01-31,etfs_desenvolvidos_emergentes__max_sharpe,168.63134945636972
2019-02-28,etfs_desenvolvidos_emergentes__max_sharpe,172.86328536883235
2019-03-31,etfs_desenvolvidos_emergentes__max_sharpe,182.1709845353888
2019-04-30,etfs_desenvolvidos_emergentes__max_sharpe,189.1988416420719
2019-05-31,etfs_desenvolvidos_emergentes__max_sharpe,179.85404868183383
2019-06-30,etfs_desenvolvidos_emergentes__max_sharpe,182.4986020162797
2019-07-31,etfs_desenvolvidos_emergentes__max_sharpe,177.29163511027494
2019-08-31,etfs_desenvolvidos_emergentes__max_sharpe,190.14898435704677
2019-09-30,etfs_desenvolvidos_emergentes__max_sharpe,194.66227041420717
2019-10-31,etfs_desenvolvidos_emergentes__max_sharpe,193.35295368402652
2019-11-30,etfs_desenvolvidos_emergentes__max_sharpe,205.0046032265957
2019-12-31,etfs_desenvolvidos_emergentes__max_sharpe,206.02732269578232
2020-01-31,etfs_desenvolvidos_emergentes__max_sharpe,209.12111174478642
2020-02-29,etfs_desenvolvidos_emergentes__max_sharpe,206.929304466968
2020-03-31,etfs_desenvolvidos_emergentes__max_sharpe,201.9444396589622
2020-04-30,etfs_desenvolvidos_emergentes__max_sharpe,222.60160922422875
2020-05-31,etfs_desenvolvidos_emergentes__max_sharpe,236.31669419062945
2020-06-30,etfs_desenvolvidos_emergentes__max_sharpe,246.88762027933853
2020-07-31,etfs_desenvolvidos_emergentes__max_sharpe,246.23187776155353
2020-08-31,etfs_desenvolvidos_emergentes__max_sharpe,269.1189955913765
2020-09-30,etfs_desenvolvidos_emergentes__max_sharpe,276.8370553260105
2020-10-31,etfs_desenvolvidos_emergentes__max_sharpe,278.3531793588589
2020-11-30,etfs_desenvolvidos_emergentes__max_sharpe,290.3641612523215
2020-12-31,etfs_desenvolvidos_emergentes__max_sharpe,299.3255376636144
2021-01-31,etfs_desenvolvidos_emergentes__max_sharpe,314.9108903353505
2021-02-28,etfs_desenvolvidos_emergentes__max_sharpe,326.8713719148346
2021-03-31,etfs_desenvolvidos_emergentes__max_sharpe,347.1004579921714
2021-04-30,etfs_desenvolvidos_emergentes__max_sharpe,329.37436904134427
2021-05-31,etfs_desenvolvidos_emergentes__max_sharpe,333.0538414530837
2021-06-30,etfs_desenvolvidos_emergentes__max_sharpe,314.293741734836
2021-07-31,etfs_desenvolvidos_emergentes__max_sharpe,317.5739537123713
2021-08-31,etfs_desenvolvidos_emergentes__max_sharpe,328.3171522844848
2021-09-30,etfs_desenvolvidos_emergentes__max_sharpe,331.09144061522085
2021-10-31,etfs_desenvolvidos_emergentes__max_sharpe,353.9861509019055
2021-11-30,etfs_desenvolvidos_emergentes__max_sharpe,335.9593041823809
2021-12-31,etfs_desenvolvidos_emergentes__max_sharpe,345.9259654500611
2022-01-31,etfs_desenvolvidos_emergentes__max_sharpe,323.7715811784412
2022-02-28,etfs_desenvolvidos_emergentes__max_sharpe,301.9713245219097
2022-03-31,etfs_desenvolvidos_emergentes__max_sharpe,277.8457235519749
2022-04-30,etfs_desenvolvidos_emergentes__max_sharpe,268.8886033311715
2022-05-31,etfs_desenvolvidos_emergentes__max_sharpe,262.21469733675235
2022-06-30,etfs_desenvolvidos_emergentes__max_sharpe,262.8891993627555
2022-07-31,etfs_desenvolvidos_emergentes__max_sharpe,272.47969949741184
2022-08-31,etfs_desenvolvidos_emergentes__max_sharpe,257.5449390614067
2022-09-30,etfs_desenvolvidos_emergentes__max_sharpe,243.33510660480067
2022-10-31,etfs_desenvolvidos_emergentes__max_sharpe,247.25764486151326
2022-11-30,etfs_desenvolvidos_emergentes__max_sharpe,278.87188221606186
2022-12-31,etfs_desenvolvidos_emergentes__max_sharpe,273.36377671150916
2023-01-31,etfs_desenvolvidos_emergentes__max_sharpe,288.39338601463413
2023-02-28,etfs_desenvolvidos_emergentes__max_sharpe,279.77908548476927
2023-03-31,etfs_desenvolvidos_emergentes__max_sharpe,281.6211449319209
2023-04-30,etfs_desenvolvidos_emergentes__max_sharpe,279.74883359982783
2023-05-31,etfs_desenvolvidos_emergentes__max_sharpe,273.9855767748867
2023-06-30,etfs_desenvolvidos_emergentes__max_sharpe,276.09056190405863
2023-07-31,etfs_desenvolvidos_emergentes__max_sharpe,279.41099642556713
2023-08-31,etfs_desenvolvidos_emergentes__max_sharpe,275.8137429126299
2023-09-30,etfs_desenvolvidos_emergentes__max_sharpe,273.9250973869995
2023-10-31,etfs_desenvolvidos_emergentes__max_sharpe,265.2801501681608
2023-11-30,etfs_desenvolvidos_emergentes__max_sharpe,279.92149558100834
2023-12-31,etfs_desenvolvidos_emergentes__max_sharpe,290.8113648078253
2024-01-31,etfs_desenvolvidos_emergentes__max_sharpe,290.6435983903326
2024-02-29,etfs_desenvolvidos_emergentes__max_sharpe,300.71588158867854
2024-03-31,etfs_desenvolvidos_emergentes__max_sharpe,312.05167793593733
2024-04-30,etfs_desenvolvidos_emergentes__max_sharpe,312.63185645152106
2024-05-31,etfs_desenvolvidos_emergentes__max_sharpe,329.7821566545409
2024-06-30,etfs_desenvolvidos_emergentes__max_sharpe,347.8325374317144
2024-07-31,etfs_desenvolvidos_emergentes__max_sharpe,362.9890925019049
2024-08-31,etfs_desenvolvidos_emergentes__max_sharpe,372.39910540665915
2024-09-30,etfs_desenvolvidos_emergentes__max_sharpe,368.3616919625879
2024-10-31,etfs_desenvolvidos_emergentes__max_sharpe,373.1256521891011
2024-11-30,etfs_desenvolvidos_emergentes__max_sharpe,387.5641749790432
2024-12-31,etfs_desenvolvidos_emergentes__max_sharpe,386.37536371909704
2025-01-31,etfs_desenvolvidos_emergentes__max_sharpe,380.2345271606916
2025-02-28,etfs_desenvolvidos_emergentes__max_sharpe,384.7911029752376
2025-03-31,etfs_desenvolvidos_emergentes__max_sharpe,380.63023744206487
2025-04-30,etfs_desenvolvidos_emergentes__max_sharpe,382.11150900087006
2025-05-31,etfs_desenvolvidos_emergentes__max_sharpe,404.34154327980474
2025-06-30,etfs_desenvolvidos_emergentes__max_sharpe,408.98604872601567
2025-07-31,etfs_desenvolvidos_emergentes__max_sharpe,412.9531110998278
2025-08-31,etfs_desenvolvidos_emergentes__max_sharpe,416.7560750552413
2025-09-30,etfs_desenvolvidos_emergentes__max_sharpe,424.8844851657471
2025-10-31,etfs_desenvolvidos_emergentes__max_sharpe,439.7520815866441
2025-11-30,etfs_desenvolvidos_emergentes__max_sharpe,438.084715272055
2025-12-31,etfs_desenvolvidos_emergentes__max_sharpe,460.4117030820239
2026-01-31,etfs_desenvolvidos_emergentes__max_sharpe,465.0670263969215
2026-02-28,etfs_desenvolvidos_emergentes__max_sharpe,487.987146927773
2026-03-31,etfs_desenvolvidos_emergentes__max_sharpe,456.1866864602256
2026-04-30,etfs_desenvolvidos_emergentes__max_sharpe,465.8049642174779
2015-02-28,etfs_desenvolvidos_emergentes__min_vol,117.33070318003358
2015-03-31,etfs_desenvolvidos_emergentes__min_vol,128.59463403478492
2015-04-30,etfs_desenvolvidos_emergentes__min_vol,124.58897504225119
2015-05-31,etfs_desenvolvidos_emergentes__min_vol,130.4000622106744
2015-06-30,etfs_desenvolvidos_emergentes__min_vol,124.83795538523374
2015-07-31,etfs_desenvolvidos_emergentes__min_vol,130.72924865877224
2015-08-31,etfs_desenvolvidos_emergentes__min_vol,127.02963697864536
2015-09-30,etfs_desenvolvidos_emergentes__min_vol,139.8224616661414
2015-10-31,etfs_desenvolvidos_emergentes__min_vol,141.0601183279037
2015-11-30,etfs_desenvolvidos_emergentes__min_vol,138.60453430080597
2015-12-31,etfs_desenvolvidos_emergentes__min_vol,138.61149072009187
2016-01-31,etfs_desenvolvidos_emergentes__min_vol,134.86894393179705
2016-02-29,etfs_desenvolvidos_emergentes__min_vol,129.05162395441087
2016-03-31,etfs_desenvolvidos_emergentes__min_vol,129.13786879901278
2016-04-30,etfs_desenvolvidos_emergentes__min_vol,126.64954789189831
2016-05-31,etfs_desenvolvidos_emergentes__min_vol,127.08831739821636
2016-06-30,etfs_desenvolvidos_emergentes__min_vol,117.28184160851467
2016-07-31,etfs_desenvolvidos_emergentes__min_vol,124.47813266371246
2016-08-31,etfs_desenvolvidos_emergentes__min_vol,123.69364748040516
2016-09-30,etfs_desenvolvidos_emergentes__min_vol,127.36873214546627
2016-10-31,etfs_desenvolvidos_emergentes__min_vol,123.16798931163058
2016-11-30,etfs_desenvolvidos_emergentes__min_vol,128.75975973519132
2016-12-31,etfs_desenvolvidos_emergentes__min_vol,122.10641599797474
2017-01-31,etfs_desenvolvidos_emergentes__min_vol,123.64296751081278
2017-02-28,etfs_desenvolvidos_emergentes__min_vol,124.84344768365602
2017-03-31,etfs_desenvolvidos_emergentes__min_vol,130.76838207801796
2017-04-30,etfs_desenvolvidos_emergentes__min_vol,134.84225526444453
2017-05-31,etfs_desenvolvidos_emergentes__min_vol,141.8695399994873
2017-06-30,etfs_desenvolvidos_emergentes__min_vol,145.22347450136152
2017-07-31,etfs_desenvolvidos_emergentes__min_vol,145.88865664781147
2017-08-31,etfs_desenvolvidos_emergentes__min_vol,146.99529500292599
2017-09-30,etfs_desenvolvidos_emergentes__min_vol,149.58482073635184
2017-10-31,etfs_desenvolvidos_emergentes__min_vol,158.67239656073895
2017-11-30,etfs_desenvolvidos_emergentes__min_vol,157.29517517549928
2017-12-31,etfs_desenvolvidos_emergentes__min_vol,165.0552180309644
2018-01-31,etfs_desenvolvidos_emergentes__min_vol,169.01544000370802
2018-02-28,etfs_desenvolvidos_emergentes__min_vol,163.25218166420524
2018-03-31,etfs_desenvolvidos_emergentes__min_vol,167.33170174421457
2018-04-30,etfs_desenvolvidos_emergentes__min_vol,172.53862738694914
2018-05-31,etfs_desenvolvidos_emergentes__min_vol,182.0876432166673
2018-06-30,etfs_desenvolvidos_emergentes__min_vol,182.36627788437474
2018-07-31,etfs_desenvolvidos_emergentes__min_vol,180.94771545995624
2018-08-31,etfs_desenvolvidos_emergentes__min_vol,196.01286226387327
2018-09-30,etfs_desenvolvidos_emergentes__min_vol,188.99487452509672
2018-10-31,etfs_desenvolvidos_emergentes__min_vol,158.9457843926425
2018-11-30,etfs_desenvolvidos_emergentes__min_vol,170.5532123110256
2018-12-31,etfs_desenvolvidos_emergentes__min_vol,164.58436445383805
2019-01-31,etfs_desenvolvidos_emergentes__min_vol,170.02927216694658
2019-02-28,etfs_desenvolvidos_emergentes__min_vol,172.7252222971947
2019-03-31,etfs_desenvolvidos_emergentes__min_vol,182.29205892906637
2019-04-30,etfs_desenvolvidos_emergentes__min_vol,189.00276944553175
2019-05-31,etfs_desenvolvidos_emergentes__min_vol,178.73550118655362
2019-06-30,etfs_desenvolvidos_emergentes__min_vol,181.32319086510645
2019-07-31,etfs_desenvolvidos_emergentes__min_vol,175.95178542243485
2019-08-31,etfs_desenvolvidos_emergentes__min_vol,187.71829541229198
2019-09-30,etfs_desenvolvidos_emergentes__min_vol,191.37433986813278
2019-10-31,etfs_desenvolvidos_emergentes__min_vol,190.66203633250686
2019-11-30,etfs_desenvolvidos_emergentes__min_vol,201.4321409675255
2019-12-31,etfs_desenvolvidos_emergentes__min_vol,204.45732979271133
2020-01-31,etfs_desenvolvidos_emergentes__min_vol,205.85382394293708
2020-02-29,etfs_desenvolvidos_emergentes__min_vol,205.98387029272982
2020-03-31,etfs_desenvolvidos_emergentes__min_vol,199.89812741113954
2020-04-30,etfs_desenvolvidos_emergentes__min_vol,220.81988281868354
2020-05-31,etfs_desenvolvidos_emergentes__min_vol,232.98122536760468
2020-06-30,etfs_desenvolvidos_emergentes__min_vol,245.3700372465591
2020-07-31,etfs_desenvolvidos_emergentes__min_vol,248.4737308963404
2020-08-31,etfs_desenvolvidos_emergentes__min_vol,270.11157517282516
2020-09-30,etfs_desenvolvidos_emergentes__min_vol,278.50759623738975
2020-10-31,etfs_desenvolvidos_emergentes__min_vol,283.70848306642483
2020-11-30,etfs_desenvolvidos_emergentes__min_vol,292.6812028523358
2020-12-31,etfs_desenvolvidos_emergentes__min_vol,302.8334029490367
2021-01-31,etfs_desenvolvidos_emergentes__min_vol,321.65714264818536
2021-02-28,etfs_desenvolvidos_emergentes__min_vol,332.98088120404935
2021-03-31,etfs_desenvolvidos_emergentes__min_vol,350.4859513919115
2021-04-30,etfs_desenvolvidos_emergentes__min_vol,331.43580061106104
2021-05-31,etfs_desenvolvidos_emergentes__min_vol,333.5964636752835
2021-06-30,etfs_desenvolvidos_emergentes__min_vol,316.6104050947588
2021-07-31,etfs_desenvolvidos_emergentes__min_vol,314.5837857067833
2021-08-31,etfs_desenvolvidos_emergentes__min_vol,325.2934989717509
2021-09-30,etfs_desenvolvidos_emergentes__min_vol,327.8153309223373
2021-10-31,etfs_desenvolvidos_emergentes__min_vol,348.5263567999167
2021-11-30,etfs_desenvolvidos_emergentes__min_vol,331.6486835278841
2021-12-31,etfs_desenvolvidos_emergentes__min_vol,339.27374886448456
2022-01-31,etfs_desenvolvidos_emergentes__min_vol,320.50388357248846
2022-02-28,etfs_desenvolvidos_emergentes__min_vol,297.85595202868274
2022-03-31,etfs_desenvolvidos_emergentes__min_vol,271.40285645156393
2022-04-30,etfs_desenvolvidos_emergentes__min_vol,263.28905988373197
2022-05-31,etfs_desenvolvidos_emergentes__min_vol,256.04979088134365
2022-06-30,etfs_desenvolvidos_emergentes__min_vol,259.3729753918727
2022-07-31,etfs_desenvolvidos_emergentes__min_vol,265.16556332845573
2022-08-31,etfs_desenvolvidos_emergentes__min_vol,253.8495164199005
2022-09-30,etfs_desenvolvidos_emergentes__min_vol,238.80883503045732
2022-10-31,etfs_desenvolvidos_emergentes__min_vol,237.941639745968
2022-11-30,etfs_desenvolvidos_emergentes__min_vol,269.7039311856099
2022-12-31,etfs_desenvolvidos_emergentes__min_vol,264.1565652477573
2023-01-31,etfs_desenvolvidos_emergentes__min_vol,278.6110213306657
2023-02-28,etfs_desenvolvidos_emergentes__min_vol,267.68229909214017
2023-03-31,etfs_desenvolvidos_emergentes__min_vol,269.71974029348485
2023-04-30,etfs_desenvolvidos_emergentes__min_vol,265.768633724857
2023-05-31,etfs_desenvolvidos_emergentes__min_vol,261.4953558835182
2023-06-30,etfs_desenvolvidos_emergentes__min_vol,263.6278377373555
2023-07-31,etfs_desenvolvidos_emergentes__min_vol,268.73363515026665
2023-08-31,etfs_desenvolvidos_emergentes__min_vol,263.69701327307973
2023-09-30,etfs_desenvolvidos_emergentes__min_vol,262.46318342994374
2023-10-31,etfs_desenvolvidos_emergentes__min_vol,254.12235031224054
2023-11-30,etfs_desenvolvidos_emergentes__min_vol,267.6655480535081
2023-12-31,etfs_desenvolvidos_emergentes__min_vol,276.86834019767093
2024-01-31,etfs_desenvolvidos_emergentes__min_vol,274.34907386453114
2024-02-29,etfs_desenvolvidos_emergentes__min_vol,284.70768572640947
2024-03-31,etfs_desenvolvidos_emergentes__min_vol,294.55714030462747
2024-04-30,etfs_desenvolvidos_emergentes__min_vol,297.93318597171066
2024-05-31,etfs_desenvolvidos_emergentes__min_vol,311.97612926383806
2024-06-30,etfs_desenvolvidos_emergentes__min_vol,332.9509944575972
2024-07-31,etfs_desenvolvidos_emergentes__min_vol,345.41837493767906
2024-08-31,etfs_desenvolvidos_emergentes__min_vol,352.5745709147132
2024-09-30,etfs_desenvolvidos_emergentes__min_vol,352.69707765212587
2024-10-31,etfs_desenvolvidos_emergentes__min_vol,359.2707400557439
2024-11-30,etfs_desenvolvidos_emergentes__min_vol,370.4139761057806
2024-12-31,etfs_desenvolvidos_emergentes__min_vol,371.0463664978497
2025-01-31,etfs_desenvolvidos_emergentes__min_vol,362.36032595106235
2025-02-28,etfs_desenvolvidos_emergentes__min_vol,365.3426559673335
2025-03-31,etfs_desenvolvidos_emergentes__min_vol,362.3560304573762
2025-04-30,etfs_desenvolvidos_emergentes__min_vol,360.32439099051146
2025-05-31,etfs_desenvolvidos_emergentes__min_vol,380.8272195621676
2025-06-30,etfs_desenvolvidos_emergentes__min_vol,388.93956966498206
2025-07-31,etfs_desenvolvidos_emergentes__min_vol,394.70597513049313
2025-08-31,etfs_desenvolvidos_emergentes__min_vol,396.79327124506625
2025-09-30,etfs_desenvolvidos_emergentes__min_vol,408.30353383059304
2025-10-31,etfs_desenvolvidos_emergentes__min_vol,424.5720581223062
2025-11-30,etfs_desenvolvidos_emergentes__min_vol,419.93602457734494
2025-12-31,etfs_desenvolvidos_emergentes__min_vol,439.89305360208607
2026-01-31,etfs_desenvolvidos_emergentes__min_vol,446.53823015162527
2026-02-28,etfs_desenvolvidos_emergentes__min_vol,468.1739236565696
2026-03-31,etfs_desenvolvidos_emergentes__min_vol,437.0010862709666
2026-04-30,etfs_desenvolvidos_emergentes__min_vol,448.5561160361759
2015-02-28,etfs_asia__min_vol,117.09333746274007
2015-03-31,etfs_asia__min_vol,130.12073343116663
2015-04-30,etfs_asia__min_vol,122.07441475856504
2015-05-31,etfs_asia__min_vol,132.14975802352902
2015-06-30,etfs_asia__min_vol,127.79239829837618
2015-07-31,etfs_asia__min_vol,138.17309605004436
2015-08-31,etfs_asia__min_vol,133.60101367497094
2015-09-30,etfs_asia__min_vol,147.14147662613496
2015-10-31,etfs_asia__min_vol,148.01759102615733
2015-11-30,etfs_asia__min_vol,146.19159748415487
2015-12-31,etfs_asia__min_vol,149.34490928009006
2016-01-31,etfs_asia__min_vol,144.07694845500626
2016-02-29,etfs_asia__min_vol,135.84546073593745
2016-03-31,etfs_asia__min_vol,132.60683413642974
2016-04-30,etfs_asia__min_vol,127.67976868698385
2016-05-31,etfs_asia__min_vol,133.5946812211658
2016-06-30,etfs_asia__min_vol,121.5424899859544
2016-07-31,etfs_asia__min_vol,130.24320053944265
2016-08-31,etfs_asia__min_vol,129.7927371562973
2016-09-30,etfs_asia__min_vol,134.0224194234261
2016-10-31,etfs_asia__min_vol,131.23669082583024
2016-11-30,etfs_asia__min_vol,137.91659121799415
2016-12-31,etfs_asia__min_vol,126.6221662496625
2017-01-31,etfs_asia__min_vol,128.25137969705975
2017-02-28,etfs_asia__min_vol,130.45332535969305
2017-03-31,etfs_asia__min_vol,135.27850581445165
2017-04-30,etfs_asia__min_vol,138.84818375040146
2017-05-31,etfs_asia__min_vol,145.809823680046
2017-06-30,etfs_asia__min_vol,149.3909146489748
2017-07-31,etfs_asia__min_vol,148.54851055144601
2017-08-31,etfs_asia__min_vol,148.38704053735984
2017-09-30,etfs_asia__min_vol,149.30700405099716
2017-10-31,etfs_asia__min_vol,160.8518844099342
2017-11-30,etfs_asia__min_vol,161.3376797859122
2017-12-31,etfs_asia__min_vol,167.3097499413692
2018-01-31,etfs_asia__min_vol,168.3315429147511
2018-02-28,etfs_asia__min_vol,164.7219801568531
2018-03-31,etfs_asia__min_vol,167.8618347727003
2018-04-30,etfs_asia__min_vol,175.4388827198054
2018-05-31,etfs_asia__min_vol,186.98814726109626
2018-06-30,etfs_asia__min_vol,188.39713602417817
2018-07-31,etfs_asia__min_vol,186.98227066811455
2018-08-31,etfs_asia__min_vol,206.31304592505128
2018-09-30,etfs_asia__min_vol,199.16289473703515
2018-10-31,etfs_asia__min_vol,166.25416466229387
2018-11-30,etfs_asia__min_vol,180.84749968237938
2018-12-31,etfs_asia__min_vol,174.65416896349032
2019-01-31,etfs_asia__min_vol,176.0798799986861
2019-02-28,etfs_asia__min_vol,180.39345044456218
2019-03-31,etfs_asia__min_vol,193.11511094525088
2019-04-30,etfs_asia__min_vol,198.0264911057538
2019-05-31,etfs_asia__min_vol,190.63698496757016
2019-06-30,etfs_asia__min_vol,190.6065346125894
2019-07-31,etfs_asia__min_vol,184.96820389886926
2019-08-31,etfs_asia__min_vol,197.32231262664828
2019-09-30,etfs_asia__min_vol,203.59064379706896
2019-10-31,etfs_asia__min_vol,203.0942050390647
2019-11-30,etfs_asia__min_vol,214.22573230841758
2019-12-31,etfs_asia__min_vol,210.54743004126018
2020-01-31,etfs_asia__min_vol,214.10621838668084
2020-02-29,etfs_asia__min_vol,214.6622881056862
2020-03-31,etfs_asia__min_vol,218.69463907222172
2020-04-30,etfs_asia__min_vol,240.53166617005058
2020-05-31,etfs_asia__min_vol,248.66567870050324
2020-06-30,etfs_asia__min_vol,259.1396522418012
2020-07-31,etfs_asia__min_vol,251.7899526922624
2020-08-31,etfs_asia__min_vol,278.7560354863372
2020-09-30,etfs_asia__min_vol,292.3790079734577
2020-10-31,etfs_asia__min_vol,296.2484553791363
2020-11-30,etfs_asia__min_vol,301.7580111801866
2020-12-31,etfs_asia__min_vol,311.74749701828404
2021-01-31,etfs_asia__min_vol,326.4751734748078
2021-02-28,etfs_asia__min_vol,343.52077616024286
2021-03-31,etfs_asia__min_vol,362.9086280405887
2021-04-30,etfs_asia__min_vol,335.95573818388635
2021-05-31,etfs_asia__min_vol,338.58906402792314
2021-06-30,etfs_asia__min_vol,316.8219245310281
2021-07-31,etfs_asia__min_vol,322.1885530702239
2021-08-31,etfs_asia__min_vol,336.2060466641339
2021-09-30,etfs_asia__min_vol,348.06208597900337
2021-10-31,etfs_asia__min_vol,361.2465545779056
2021-11-30,etfs_asia__min_vol,347.63064098862174
2021-12-31,etfs_asia__min_vol,353.42138258870034
2022-01-31,etfs_asia__min_vol,334.4989931635312
2022-02-28,etfs_asia__min_vol,312.4599113747612
2022-03-31,etfs_asia__min_vol,285.4971802089683
2022-04-30,etfs_asia__min_vol,276.55759917484033
2022-05-31,etfs_asia__min_vol,269.18937895686844
2022-06-30,etfs_asia__min_vol,278.82309306315517
2022-07-31,etfs_asia__min_vol,288.59719084514177
2022-08-31,etfs_asia__min_vol,275.99432648090885
2022-09-30,etfs_asia__min_vol,264.00987098079867
2022-10-31,etfs_asia__min_vol,254.43378465007905
2022-11-30,etfs_asia__min_vol,290.7420787065191
2022-12-31,etfs_asia__min_vol,288.88697787941277
2023-01-31,etfs_asia__min_vol,295.66719544038875
2023-02-28,etfs_asia__min_vol,284.502947925682
2023-03-31,etfs_asia__min_vol,287.43135504177974
2023-04-30,etfs_asia__min_vol,283.5624073134565
2023-05-31,etfs_asia__min_vol,283.2871169356947
2023-06-30,etfs_asia__min_vol,285.1447504126942
2023-07-31,etfs_asia__min_vol,284.7910722816222
2023-08-31,etfs_asia__min_vol,281.46680054123226
2023-09-30,etfs_asia__min_vol,282.24095074566475
2023-10-31,etfs_asia__min_vol,276.74862200106236
2023-11-30,etfs_asia__min_vol,282.8426737485412
2023-12-31,etfs_asia__min_vol,293.7695523688832
2024-01-31,etfs_asia__min_vol,297.14487188315604
2024-02-29,etfs_asia__min_vol,309.9701306953736
2024-03-31,etfs_asia__min_vol,314.1630186250829
2024-04-30,etfs_asia__min_vol,315.89231783464163
2024-05-31,etfs_asia__min_vol,331.20268343045916
2024-06-30,etfs_asia__min_vol,349.16904111244565
2024-07-31,etfs_asia__min_vol,363.8769115306344
2024-08-31,etfs_asia__min_vol,373.980802528851
2024-09-30,etfs_asia__min_vol,375.44128748443495
2024-10-31,etfs_asia__min_vol,380.4502922753445
2024-11-30,etfs_asia__min_vol,398.3371904772661
2024-12-31,etfs_asia__min_vol,400.14589835822693
2025-01-31,etfs_asia__min_vol,380.5933764150685
2025-02-28,etfs_asia__min_vol,381.2115370004141
2025-03-31,etfs_asia__min_vol,378.0200978184945
2025-04-30,etfs_asia__min_vol,378.9523851929567
2025-05-31,etfs_asia__min_vol,401.40140742289975
2025-06-30,etfs_asia__min_vol,404.05375497287883
2025-07-31,etfs_asia__min_vol,409.01846299240765
2025-08-31,etfs_asia__min_vol,410.89074613938993
2025-09-30,etfs_asia__min_vol,413.7158571267078
2025-10-31,etfs_asia__min_vol,430.8256531980061
2025-11-30,etfs_asia__min_vol,431.0450134085297
2025-12-31,etfs_asia__min_vol,441.3505465960289
2026-01-31,etfs_asia__min_vol,441.18131581033924
2026-02-28,etfs_asia__min_vol,462.0983946056732
2026-03-31,etfs_asia__min_vol,437.3407411251492
2026-04-30,etfs_asia__min_vol,437.3256836959958
2015-02-28,etfs_europa__max_sharpe,118.60000107064437
2015-03-31,etfs_europa__max_sharpe,127.35226232808354
2015-04-30,etfs_europa__max_sharpe,121.58860089333201
2015-05-31,etfs_europa__max_sharpe,129.46669869845283
2015-06-30,etfs_europa__max_sharpe,123.87536892805304
2015-07-31,etfs_europa__max_sharpe,137.19405792504816
2015-08-31,etfs_europa__max_sharpe,134.54876159697974
2015-09-30,etfs_europa__max_sharpe,145.46384027282915
2015-10-31,etfs_europa__max_sharpe,148.15306096524475
2015-11-30,etfs_europa__max_sharpe,145.79151193445355
2015-12-31,etfs_europa__max_sharpe,143.82794646542203
2016-01-31,etfs_europa__max_sharpe,139.73598556378823
2016-02-29,etfs_europa__max_sharpe,131.14673390778617
2016-03-31,etfs_europa__max_sharpe,126.70463746380571
2016-04-30,etfs_europa__max_sharpe,126.6524804701491
2016-05-31,etfs_europa__max_sharpe,128.69628985718563
2016-06-30,etfs_europa__max_sharpe,112.15041737896863
2016-07-31,etfs_europa__max_sharpe,117.12612172524923
2016-08-31,etfs_europa__max_sharpe,116.63959218198517
2016-09-30,etfs_europa__max_sharpe,117.78778246045599
2016-10-31,etfs_europa__max_sharpe,112.41190682177155
2016-11-30,etfs_europa__max_sharpe,119.06568874376016
2016-12-31,etfs_europa__max_sharpe,118.03450381568096
2017-01-31,etfs_europa__max_sharpe,115.77634635251368
2017-02-28,etfs_europa__max_sharpe,116.1445124271412
2017-03-31,etfs_europa__max_sharpe,122.81178074195147
2017-04-30,etfs_europa__max_sharpe,127.72267937532456
2017-05-31,etfs_europa__max_sharpe,136.67429890492127
2017-06-30,etfs_europa__max_sharpe,136.82320888097263
2017-07-31,etfs_europa__max_sharpe,135.35636565229007
2017-08-31,etfs_europa__max_sharpe,134.097923991558
2017-09-30,etfs_europa__max_sharpe,139.82049932251246
2017-10-31,etfs_europa__max_sharpe,145.63924987029696
2017-11-30,etfs_europa__max_sharpe,143.21754727568458
2017-12-31,etfs_europa__max_sharpe,148.1544352802231
2018-01-31,etfs_europa__max_sharpe,149.92217303353317
2018-02-28,etfs_europa__max_sharpe,142.78146946536495
2018-03-31,etfs_europa__max_sharpe,145.68281299388008
2018-04-30,etfs_europa__max_sharpe,157.53983008081008
2018-05-31,etfs_europa__max_sharpe,164.91864601526336
2018-06-30,etfs_europa__max_sharpe,169.10149073343575
2018-07-31,etfs_europa__max_sharpe,167.73883525564997
2018-08-31,etfs_europa__max_sharpe,178.55345091665168
2018-09-30,etfs_europa__max_sharpe,174.14093703964159
2018-10-31,etfs_europa__max_sharpe,148.35294171931417
2018-11-30,etfs_europa__max_sharpe,153.59480119150132
2018-12-31,etfs_europa__max_sharpe,147.26456074962596
2019-01-31,etfs_europa__max_sharpe,149.1808899587228
2019-02-28,etfs_europa__max_sharpe,156.15767249257485
2019-03-31,etfs_europa__max_sharpe,164.92939277624785
2019-04-30,etfs_europa__max_sharpe,173.34860904919594
2019-05-31,etfs_europa__max_sharpe,164.43294859461275
2019-06-30,etfs_europa__max_sharpe,167.48760555206394
2019-07-31,etfs_europa__max_sharpe,161.80111539119994
2019-08-31,etfs_europa__max_sharpe,173.46487692042004
2019-09-30,etfs_europa__max_sharpe,178.777889985455
2019-10-31,etfs_europa__max_sharpe,177.68135932222623
2019-11-30,etfs_europa__max_sharpe,189.13832693050043
2019-12-31,etfs_europa__max_sharpe,188.88944395438102
2020-01-31,etfs_europa__max_sharpe,191.14054634698567
2020-02-29,etfs_europa__max_sharpe,183.69401930506345
2020-03-31,etfs_europa__max_sharpe,174.2731082838455
2020-04-30,etfs_europa__max_sharpe,188.90153168619415
2020-05-31,etfs_europa__max_sharpe,200.32266556091608
2020-06-30,etfs_europa__max_sharpe,209.6351521203475
2020-07-31,etfs_europa__max_sharpe,203.58287525352404
2020-08-31,etfs_europa__max_sharpe,220.37356654167283
2020-09-30,etfs_europa__max_sharpe,220.4906316583291
2020-10-31,etfs_europa__max_sharpe,212.48860187568877
2020-11-30,etfs_europa__max_sharpe,232.09927078022133
2020-12-31,etfs_europa__max_sharpe,235.52031913475608
2021-01-31,etfs_europa__max_sharpe,243.54454404736913
2021-02-28,etfs_europa__max_sharpe,257.68012570937543
2021-03-31,etfs_europa__max_sharpe,279.74067397428223
2021-04-30,etfs_europa__max_sharpe,269.3955181376043
2021-05-31,etfs_europa__max_sharpe,275.66954923492244
2021-06-30,etfs_europa__max_sharpe,255.40968279593375
2021-07-31,etfs_europa__max_sharpe,262.7921983937048
2021-08-31,etfs_europa__max_sharpe,271.624517648618
2021-09-30,etfs_europa__max_sharpe,272.7319615167386
2021-10-31,etfs_europa__max_sharpe,298.4056199094302
2021-11-30,etfs_europa__max_sharpe,279.57751395748033
2021-12-31,etfs_europa__max_sharpe,294.44728460351485
2022-01-31,etfs_europa__max_sharpe,282.4814985575059
2022-02-28,etfs_europa__max_sharpe,259.2104688370922
2022-03-31,etfs_europa__max_sharpe,238.71060868587844
2022-04-30,etfs_europa__max_sharpe,232.52056868292595
2022-05-31,etfs_europa__max_sharpe,232.4313943942516
2022-06-30,etfs_europa__max_sharpe,229.41624500819793
2022-07-31,etfs_europa__max_sharpe,238.7849277410127
2022-08-31,etfs_europa__max_sharpe,219.75970943891002
2022-09-30,etfs_europa__max_sharpe,210.72086643390517
2022-10-31,etfs_europa__max_sharpe,225.60794626534437
2022-11-30,etfs_europa__max_sharpe,257.78997091099336
2022-12-31,etfs_europa__max_sharpe,253.05962894966973
2023-01-31,etfs_europa__max_sharpe,268.0801541519799
2023-02-28,etfs_europa__max_sharpe,269.09971672558225
2023-03-31,etfs_europa__max_sharpe,270.38201386964266
2023-04-30,etfs_europa__max_sharpe,275.1543494878928
2023-05-31,etfs_europa__max_sharpe,263.2472967651844
2023-06-30,etfs_europa__max_sharpe,266.581793837969
2023-07-31,etfs_europa__max_sharpe,266.06815973253765
2023-08-31,etfs_europa__max_sharpe,262.78126124243624
2023-09-30,etfs_europa__max_sharpe,261.4443897856546
2023-10-31,etfs_europa__max_sharpe,254.7746043432006
2023-11-30,etfs_europa__max_sharpe,269.1903433893997
2023-12-31,etfs_europa__max_sharpe,278.4659221841087
2024-01-31,etfs_europa__max_sharpe,281.72731341987924
2024-02-29,etfs_europa__max_sharpe,292.6929865850835
2024-03-31,etfs_europa__max_sharpe,306.20682266760826
2024-04-30,etfs_europa__max_sharpe,309.92143068376186
2024-05-31,etfs_europa__max_sharpe,330.0159600818397
2024-06-30,etfs_europa__max_sharpe,339.19922890217475
2024-07-31,etfs_europa__max_sharpe,353.70362750627544
2024-08-31,etfs_europa__max_sharpe,368.82495884948605
2024-09-30,etfs_europa__max_sharpe,358.28217250444817
2024-10-31,etfs_europa__max_sharpe,359.8407879398522
2024-11-30,etfs_europa__max_sharpe,370.4280568193339
2024-12-31,etfs_europa__max_sharpe,373.28751935018204
2025-01-31,etfs_europa__max_sharpe,378.6656371631171
2025-02-28,etfs_europa__max_sharpe,390.9271030479517
2025-03-31,etfs_europa__max_sharpe,389.4928164964133
2025-04-30,etfs_europa__max_sharpe,389.84612871802227
2025-05-31,etfs_europa__max_sharpe,412.64977810388723
2025-06-30,etfs_europa__max_sharpe,407.7424375817278
2025-07-31,etfs_europa__max_sharpe,408.81856083100985
2025-08-31,etfs_europa__max_sharpe,411.7191374602822
2025-09-30,etfs_europa__max_sharpe,415.4551758553666
2025-10-31,etfs_europa__max_sharpe,424.83367929829524
2025-11-30,etfs_europa__max_sharpe,427.13383890885564
2025-12-31,etfs_europa__max_sharpe,451.5430579491615
2026-01-31,etfs_europa__max_sharpe,446.4330921204077
2026-02-28,etfs_europa__max_sharpe,459.62081465940565
2026-03-31,etfs_europa__max_sharpe,433.8757048576869
2026-04-30,etfs_europa__max_sharpe,436.29469917249
2015-02-28,etfs_europa__min_vol,118.2867599627325
2015-03-31,etfs_europa__min_vol,123.86106413685924
2015-04-30,etfs_europa__min_vol,120.9214356797279
2015-05-31,etfs_europa__min_vol,130.1534407748648
2015-06-30,etfs_europa__min_vol,123.40255096700712
2015-07-31,etfs_europa__min_vol,135.65818538647244
2015-08-31,etfs_europa__min_vol,132.52797185086547
2015-09-30,etfs_europa__min_vol,144.24763519170577
2015-10-31,etfs_europa__min_vol,145.8003743118433
2015-11-30,etfs_europa__min_vol,143.25703050322502
2015-12-31,etfs_europa__min_vol,141.41034977369767
2016-01-31,etfs_europa__min_vol,138.3279504692371
2016-02-29,etfs_europa__min_vol,130.63448783221742
2016-03-31,etfs_europa__min_vol,124.85971501927706
2016-04-30,etfs_europa__min_vol,125.67250752324392
2016-05-31,etfs_europa__min_vol,127.3389956141673
2016-06-30,etfs_europa__min_vol,112.93218467795505
2016-07-31,etfs_europa__min_vol,116.19052694280177
2016-08-31,etfs_europa__min_vol,115.84260213329954
2016-09-30,etfs_europa__min_vol,117.16565091410882
2016-10-31,etfs_europa__min_vol,109.03915045213908
2016-11-30,etfs_europa__min_vol,117.80859428257438
2016-12-31,etfs_europa__min_vol,114.82866534391643
2017-01-31,etfs_europa__min_vol,113.08446611934508
2017-02-28,etfs_europa__min_vol,113.99691386630634
2017-03-31,etfs_europa__min_vol,117.87104876293226
2017-04-30,etfs_europa__min_vol,121.13455867375231
2017-05-31,etfs_europa__min_vol,129.65085458451424
2017-06-30,etfs_europa__min_vol,129.4321464472535
2017-07-31,etfs_europa__min_vol,127.48514510544857
2017-08-31,etfs_europa__min_vol,125.68696165860347
2017-09-30,etfs_europa__min_vol,130.34384492950116
2017-10-31,etfs_europa__min_vol,135.5155319573645
2017-11-30,etfs_europa__min_vol,133.61087863349212
2017-12-31,etfs_europa__min_vol,142.08554048114155
2018-01-31,etfs_europa__min_vol,141.54236327877726
2018-02-28,etfs_europa__min_vol,134.92381198327027
2018-03-31,etfs_europa__min_vol,138.1825568443063
2018-04-30,etfs_europa__min_vol,150.17495842741835
2018-05-31,etfs_europa__min_vol,160.65867475798413
2018-06-30,etfs_europa__min_vol,164.60993514466642
2018-07-31,etfs_europa__min_vol,160.51431799738688
2018-08-31,etfs_europa__min_vol,170.784453286883
2018-09-30,etfs_europa__min_vol,167.86702852757765
2018-10-31,etfs_europa__min_vol,144.1207638169036
2018-11-30,etfs_europa__min_vol,148.42714396581786
2018-12-31,etfs_europa__min_vol,142.47993715081054
2019-01-31,etfs_europa__min_vol,145.2610767352123
2019-02-28,etfs_europa__min_vol,152.11625486824852
2019-03-31,etfs_europa__min_vol,161.219464817768
2019-04-30,etfs_europa__min_vol,166.85374060470775
2019-05-31,etfs_europa__min_vol,158.0406918261233
2019-06-30,etfs_europa__min_vol,158.49343369147016
2019-07-31,etfs_europa__min_vol,153.58621014541478
2019-08-31,etfs_europa__min_vol,162.5119187509243
2019-09-30,etfs_europa__min_vol,167.90608011802416
2019-10-31,etfs_europa__min_vol,166.6382418676557
2019-11-30,etfs_europa__min_vol,177.22703453327574
2019-12-31,etfs_europa__min_vol,179.12036304743935
2020-01-31,etfs_europa__min_vol,181.12127060552746
2020-02-29,etfs_europa__min_vol,171.88533443666793
2020-03-31,etfs_europa__min_vol,162.20179368825458
2020-04-30,etfs_europa__min_vol,176.20071279299964
2020-05-31,etfs_europa__min_vol,181.86582990142583
2020-06-30,etfs_europa__min_vol,184.80934896819957
2020-07-31,etfs_europa__min_vol,177.48183628729353
2020-08-31,etfs_europa__min_vol,190.6945938125605
2020-09-30,etfs_europa__min_vol,190.60408565125857
2020-10-31,etfs_europa__min_vol,186.7663018145302
2020-11-30,etfs_europa__min_vol,200.50818672348038
2020-12-31,etfs_europa__min_vol,204.225328276813
2021-01-31,etfs_europa__min_vol,213.4377396110799
2021-02-28,etfs_europa__min_vol,225.51085720003172
2021-03-31,etfs_europa__min_vol,242.7347223149936
2021-04-30,etfs_europa__min_vol,233.17665318446242
2021-05-31,etfs_europa__min_vol,237.75131519338774
2021-06-30,etfs_europa__min_vol,221.33709707732376
2021-07-31,etfs_europa__min_vol,227.5586871470357
2021-08-31,etfs_europa__min_vol,233.70738384978424
2021-09-30,etfs_europa__min_vol,238.52070468908946
2021-10-31,etfs_europa__min_vol,259.70623278015535
2021-11-30,etfs_europa__min_vol,245.12573345908476
2021-12-31,etfs_europa__min_vol,259.02409130520414
2022-01-31,etfs_europa__min_vol,255.01388584141878
2022-02-28,etfs_europa__min_vol,242.45507418425487
2022-03-31,etfs_europa__min_vol,225.14585347154346
2022-04-30,etfs_europa__min_vol,223.79628422531758
2022-05-31,etfs_europa__min_vol,221.19501850902083
2022-06-30,etfs_europa__min_vol,221.7140406792185
2022-07-31,etfs_europa__min_vol,228.82382321601443
2022-08-31,etfs_europa__min_vol,211.5073116544935
2022-09-30,etfs_europa__min_vol,202.0231779961735
2022-10-31,etfs_europa__min_vol,211.8149975806323
2022-11-30,etfs_europa__min_vol,237.2643102501169
2022-12-31,etfs_europa__min_vol,234.93896939443283
2023-01-31,etfs_europa__min_vol,241.56038144877124
2023-02-28,etfs_europa__min_vol,243.378711365302
2023-03-31,etfs_europa__min_vol,238.22273994677482
2023-04-30,etfs_europa__min_vol,244.82316573275637
2023-05-31,etfs_europa__min_vol,232.88615681653147
2023-06-30,etfs_europa__min_vol,232.18743892855872
2023-07-31,etfs_europa__min_vol,232.4937642362213
2023-08-31,etfs_europa__min_vol,231.2268730200575
2023-09-30,etfs_europa__min_vol,235.37901475813564
2023-10-31,etfs_europa__min_vol,227.49783423474864
2023-11-30,etfs_europa__min_vol,234.79660084311624
2023-12-31,etfs_europa__min_vol,242.36178330491546
2024-01-31,etfs_europa__min_vol,242.72334882371723
2024-02-29,etfs_europa__min_vol,245.96015517948285
2024-03-31,etfs_europa__min_vol,258.1147328772824
2024-04-30,etfs_europa__min_vol,268.45901479143157
2024-05-31,etfs_europa__min_vol,285.6653349200992
2024-06-30,etfs_europa__min_vol,295.68260418176715
2024-07-31,etfs_europa__min_vol,313.56159235972643
2024-08-31,etfs_europa__min_vol,325.50419393943963
2024-09-30,etfs_europa__min_vol,313.24955000070594
2024-10-31,etfs_europa__min_vol,315.7057731302609
2024-11-30,etfs_europa__min_vol,331.807547497978
2024-12-31,etfs_europa__min_vol,329.5180934483808
2025-01-31,etfs_europa__min_vol,329.1406692423294
2025-02-28,etfs_europa__min_vol,340.2892316569634
2025-03-31,etfs_europa__min_vol,339.4701768870299
2025-04-30,etfs_europa__min_vol,336.89920611276324
2025-05-31,etfs_europa__min_vol,355.8252894472716
2025-06-30,etfs_europa__min_vol,349.38492585468526
2025-07-31,etfs_europa__min_vol,356.3767551924216
2025-08-31,etfs_europa__min_vol,360.33668355556614
2025-09-30,etfs_europa__min_vol,358.6167279553282
2025-10-31,etfs_europa__min_vol,368.72912536248276
2025-11-30,etfs_europa__min_vol,371.0341435992291
2025-12-31,etfs_europa__min_vol,394.1702962605279
2026-01-31,etfs_europa__min_vol,392.02662701674967
2026-02-28,etfs_europa__min_vol,409.2377472551493
2026-03-31,etfs_europa__min_vol,392.5084115301379
2026-04-30,etfs_europa__min_vol,390.48585510027266
2015-02-28,etfs_latam__min_vol,120.54571910410581
2015-03-31,etfs_latam__min_vol,130.8394918525541
2015-04-30,etfs_latam__min_vol,123.37780537401126
2015-05-31,etfs_latam__min_vol,129.9565565401507
2015-06-30,etfs_latam__min_vol,123.27802410149395
2015-07-31,etfs_latam__min_vol,127.88112517485261
2015-08-31,etfs_latam__min_vol,130.36320025128333
2015-09-30,etfs_latam__min_vol,140.46748449439198
2015-10-31,etfs_latam__min_vol,144.30235943243414
2015-11-30,etfs_latam__min_vol,137.8634542527589
2015-12-31,etfs_latam__min_vol,136.77965452803429
2016-01-31,etfs_latam__min_vol,138.92167790375944
2016-02-29,etfs_latam__min_vol,137.75379522558393
2016-03-31,etfs_latam__min_vol,137.62814304188254
2016-04-30,etfs_latam__min_vol,136.49214971783613
2016-05-31,etfs_latam__min_vol,130.52562812879466
2016-06-30,etfs_latam__min_vol,123.73718490572043
2016-07-31,etfs_latam__min_vol,126.95469349227213
2016-08-31,etfs_latam__min_vol,123.68879060635682
2016-09-30,etfs_latam__min_vol,123.56085334491745
2016-10-31,etfs_latam__min_vol,128.19418126787608
2016-11-30,etfs_latam__min_vol,125.418863513777
2016-12-31,etfs_latam__min_vol,118.14623860620542
2017-01-31,etfs_latam__min_vol,117.88604421865286
2017-02-28,etfs_latam__min_vol,120.73126757973192
2017-03-31,etfs_latam__min_vol,133.98516450408948
2017-04-30,etfs_latam__min_vol,135.68149711616604
2017-05-31,etfs_latam__min_vol,139.62134524002198
2017-06-30,etfs_latam__min_vol,144.2438179976706
2017-07-31,etfs_latam__min_vol,146.88495457768656
2017-08-31,etfs_latam__min_vol,149.57126649575216
2017-09-30,etfs_latam__min_vol,150.0306686843792
2017-10-31,etfs_latam__min_vol,152.2893637734586
2017-11-30,etfs_latam__min_vol,143.20742559155008
2017-12-31,etfs_latam__min_vol,156.485040696554
2018-01-31,etfs_latam__min_vol,161.70009237322483
2018-02-28,etfs_latam__min_vol,157.14381625220668
2018-03-31,etfs_latam__min_vol,161.61563989113904
2018-04-30,etfs_latam__min_vol,169.02755710703727
2018-05-31,etfs_latam__min_vol,161.6026964891236
2018-06-30,etfs_latam__min_vol,167.4098708869312
2018-07-31,etfs_latam__min_vol,174.77879521589745
2018-08-31,etfs_latam__min_vol,181.06230314444883
2018-09-30,etfs_latam__min_vol,180.11404191420962
2018-10-31,etfs_latam__min_vol,144.9386528729118
2018-11-30,etfs_latam__min_vol,150.39286983763222
2018-12-31,etfs_latam__min_vol,150.09196885024394
2019-01-31,etfs_latam__min_vol,159.5066617326541
2019-02-28,etfs_latam__min_vol,156.97675886826036
2019-03-31,etfs_latam__min_vol,161.0795109636458
2019-04-30,etfs_latam__min_vol,165.94288940418153
2019-05-31,etfs_latam__min_vol,156.93616185163518
2019-06-30,etfs_latam__min_vol,160.28719959044415
2019-07-31,etfs_latam__min_vol,151.85496538841775
2019-08-31,etfs_latam__min_vol,156.62193508022392
2019-09-30,etfs_latam__min_vol,161.73856806012355
2019-10-31,etfs_latam__min_vol,152.5070963762974
2019-11-30,etfs_latam__min_vol,152.26873671836924
2019-12-31,etfs_latam__min_vol,157.88184299806238
2020-01-31,etfs_latam__min_vol,162.3510969652813
2020-02-29,etfs_latam__min_vol,153.68124328440553
2020-03-31,etfs_latam__min_vol,130.43191815575128
2020-04-30,etfs_latam__min_vol,146.05773855230302
2020-05-31,etfs_latam__min_vol,155.3209262755806
2020-06-30,etfs_latam__min_vol,161.8774925542772
2020-07-31,etfs_latam__min_vol,163.10180392551717
2020-08-31,etfs_latam__min_vol,166.12609611327088
2020-09-30,etfs_latam__min_vol,169.37583347216489
2020-10-31,etfs_latam__min_vol,175.5468981350237
2020-11-30,etfs_latam__min_vol,189.36607992026728
2020-12-31,etfs_latam__min_vol,201.19256550620443
2021-01-31,etfs_latam__min_vol,201.97819699150836
2021-02-28,etfs_latam__min_vol,210.78002779527415
2021-03-31,etfs_latam__min_vol,235.8148553901972
2021-04-30,etfs_latam__min_vol,217.21142490842956
2021-05-31,etfs_latam__min_vol,213.58945859407504
2021-06-30,etfs_latam__min_vol,203.0122244848777
2021-07-31,etfs_latam__min_vol,206.092666847486
2021-08-31,etfs_latam__min_vol,222.7035525594487
2021-09-30,etfs_latam__min_vol,215.56880552354892
2021-10-31,etfs_latam__min_vol,219.63106707578376
2021-11-30,etfs_latam__min_vol,210.77709099736578
2021-12-31,etfs_latam__min_vol,220.67762551490327
2022-01-31,etfs_latam__min_vol,219.43562186107587
2022-02-28,etfs_latam__min_vol,215.1881662192368
2022-03-31,etfs_latam__min_vol,219.38363711538295
2022-04-30,etfs_latam__min_vol,201.72900027221726
2022-05-31,etfs_latam__min_vol,213.34245098302515
2022-06-30,etfs_latam__min_vol,201.02536185204113
2022-07-31,etfs_latam__min_vol,212.154217581624
2022-08-31,etfs_latam__min_vol,209.98356512489545
2022-09-30,etfs_latam__min_vol,208.7067359449484
2022-10-31,etfs_latam__min_vol,223.09023260190594
2022-11-30,etfs_latam__min_vol,239.48121034969722
2022-12-31,etfs_latam__min_vol,236.40213983602104
2023-01-31,etfs_latam__min_vol,260.0182300732225
2023-02-28,etfs_latam__min_vol,259.57477541687183
2023-03-31,etfs_latam__min_vol,260.3273917700717
2023-04-30,etfs_latam__min_vol,255.96460661866791
2023-05-31,etfs_latam__min_vol,256.70224182317855
2023-06-30,etfs_latam__min_vol,265.08419949748225
2023-07-31,etfs_latam__min_vol,270.47347296578914
2023-08-31,etfs_latam__min_vol,263.5637317854388
2023-09-30,etfs_latam__min_vol,252.1962084060957
2023-10-31,etfs_latam__min_vol,236.07064125232205
2023-11-30,etfs_latam__min_vol,265.2628378004855
2023-12-31,etfs_latam__min_vol,280.43822407788264
2024-01-31,etfs_latam__min_vol,273.57198050563
2024-02-29,etfs_latam__min_vol,273.7743381598259
2024-03-31,etfs_latam__min_vol,287.09100858553813
2024-04-30,etfs_latam__min_vol,289.34210476735063
2024-05-31,etfs_latam__min_vol,302.7053247422474
2024-06-30,etfs_latam__min_vol,290.0888432647776
2024-07-31,etfs_latam__min_vol,296.5808005305335
2024-08-31,etfs_latam__min_vol,296.3327912630058
2024-09-30,etfs_latam__min_vol,291.03171329624075
2024-10-31,etfs_latam__min_vol,299.90616017078315
2024-11-30,etfs_latam__min_vol,312.5514209869961
2024-12-31,etfs_latam__min_vol,313.82182487317795
2025-01-31,etfs_latam__min_vol,317.3982237416836
2025-02-28,etfs_latam__min_vol,324.47443610442434
2025-03-31,etfs_latam__min_vol,325.5883648780903
2025-04-30,etfs_latam__min_vol,343.9773478622986
2025-05-31,etfs_latam__min_vol,360.1440116583652
2025-06-30,etfs_latam__min_vol,352.6384028230736
2025-07-31,etfs_latam__min_vol,349.47759356905647
2025-08-31,etfs_latam__min_vol,356.1125697627379
2025-09-30,etfs_latam__min_vol,362.6564884717419
2025-10-31,etfs_latam__min_vol,388.1947193908175
2025-11-30,etfs_latam__min_vol,401.8052067547892
2025-12-31,etfs_latam__min_vol,428.16811860473945
2026-01-31,etfs_latam__min_vol,444.8435602984746
2026-02-28,etfs_latam__min_vol,445.98945757960087
2026-03-31,etfs_latam__min_vol,428.2039258012281
2026-04-30,etfs_latam__min_vol,433.6912632155411
2015-02-28,etfs_oceania__max_sharpe,120.69260277290354
2015-03-31,etfs_oceania__max_sharpe,129.38780406707195
2015-04-30,etfs_oceania__max_sharpe,120.80936164664449
2015-05-31,etfs_oceania__max_sharpe,124.90328800425445
2015-06-30,etfs_oceania__max_sharpe,117.70707173861297
2015-07-31,etfs_oceania__max_sharpe,126.70679474668134
2015-08-31,etfs_oceania__max_sharpe,119.92491355997102
2015-09-30,etfs_oceania__max_sharpe,130.54787563892253
2015-10-31,etfs_oceania__max_sharpe,130.70399698844417
2015-11-30,etfs_oceania__max_sharpe,131.76517104833053
2015-12-31,etfs_oceania__max_sharpe,138.60320499695354
2016-01-31,etfs_oceania__max_sharpe,132.54838456948585
2016-02-29,etfs_oceania__max_sharpe,126.5773057913939
2016-03-31,etfs_oceania__max_sharpe,128.36323536685612
2016-04-30,etfs_oceania__max_sharpe,128.1300123464227
2016-05-31,etfs_oceania__max_sharpe,128.19560597930385
2016-06-30,etfs_oceania__max_sharpe,117.99475188153588
2016-07-31,etfs_oceania__max_sharpe,128.46464540246413
2016-08-31,etfs_oceania__max_sharpe,122.63570580915919
2016-09-30,etfs_oceania__max_sharpe,127.64109977405134
2016-10-31,etfs_oceania__max_sharpe,121.71899554486973
2016-11-30,etfs_oceania__max_sharpe,132.28113634581766
2016-12-31,etfs_oceania__max_sharpe,126.58122597865568
2017-01-31,etfs_oceania__max_sharpe,127.71939296591803
2017-02-28,etfs_oceania__max_sharpe,131.1357057733716
2017-03-31,etfs_oceania__max_sharpe,136.92309761548563
2017-04-30,etfs_oceania__max_sharpe,137.45796765722721
2017-05-31,etfs_oceania__max_sharpe,134.62642395405678
2017-06-30,etfs_oceania__max_sharpe,140.73032265668522
2017-07-31,etfs_oceania__max_sharpe,141.77446737928395
2017-08-31,etfs_oceania__max_sharpe,140.62078401921474
2017-09-30,etfs_oceania__max_sharpe,140.2917391044125
2017-10-31,etfs_oceania__max_sharpe,146.66432197046683
2017-11-30,etfs_oceania__max_sharpe,145.2145670406563
2017-12-31,etfs_oceania__max_sharpe,154.4912716941
2018-01-31,etfs_oceania__max_sharpe,152.1925947479809
2018-02-28,etfs_oceania__max_sharpe,149.28084936026073
2018-03-31,etfs_oceania__max_sharpe,147.18696662602972
2018-04-30,etfs_oceania__max_sharpe,154.52561202996134
2018-05-31,etfs_oceania__max_sharpe,169.1707361144758
2018-06-30,etfs_oceania__max_sharpe,179.13865872617671
2018-07-31,etfs_oceania__max_sharpe,175.41221839561462
2018-08-31,etfs_oceania__max_sharpe,191.53519282676217
2018-09-30,etfs_oceania__max_sharpe,182.18125039647592
2018-10-31,etfs_oceania__max_sharpe,156.24000565565808
2018-11-30,etfs_oceania__max_sharpe,164.43511122200744
2018-12-31,etfs_oceania__max_sharpe,159.0095989152643
2019-01-31,etfs_oceania__max_sharpe,161.61437132892797
2019-02-28,etfs_oceania__max_sharpe,169.1128340386864
2019-03-31,etfs_oceania__max_sharpe,178.8385718522612
2019-04-30,etfs_oceania__max_sharpe,183.07918571801406
2019-05-31,etfs_oceania__max_sharpe,184.99083394731767
2019-06-30,etfs_oceania__max_sharpe,187.1211690119765
2019-07-31,etfs_oceania__max_sharpe,184.74021769081628
2019-08-31,etfs_oceania__max_sharpe,196.5884545405752
2019-09-30,etfs_oceania__max_sharpe,201.22464473063664
2019-10-31,etfs_oceania__max_sharpe,195.3803432531327
2019-11-30,etfs_oceania__max_sharpe,208.0046976869307
2019-12-31,etfs_oceania__max_sharpe,201.81164364664593
2020-01-31,etfs_oceania__max_sharpe,209.61561022146435
2020-02-29,etfs_oceania__max_sharpe,200.2988602209065
2020-03-31,etfs_oceania__max_sharpe,179.1230908634951
2020-04-30,etfs_oceania__max_sharpe,201.7878770191195
2020-05-31,etfs_oceania__max_sharpe,216.62486480941135
2020-06-30,etfs_oceania__max_sharpe,234.5435859865861
2020-07-31,etfs_oceania__max_sharpe,231.19935115254862
2020-08-31,etfs_oceania__max_sharpe,252.4773904777863
2020-09-30,etfs_oceania__max_sharpe,250.16878248907872
2020-10-31,etfs_oceania__max_sharpe,257.3643962686062
2020-11-30,etfs_oceania__max_sharpe,273.4841742494698
2020-12-31,etfs_oceania__max_sharpe,282.48479083667127
2021-01-31,etfs_oceania__max_sharpe,293.46336769582285
2021-02-28,etfs_oceania__max_sharpe,307.8685569974196
2021-03-31,etfs_oceania__max_sharpe,325.10579473440754
2021-04-30,etfs_oceania__max_sharpe,313.8084237929965
2021-05-31,etfs_oceania__max_sharpe,318.2698252201256
2021-06-30,etfs_oceania__max_sharpe,296.62595684271963
2021-07-31,etfs_oceania__max_sharpe,301.66843966856953
2021-08-31,etfs_oceania__max_sharpe,309.5460924103373
2021-09-30,etfs_oceania__max_sharpe,309.64330495310696
2021-10-31,etfs_oceania__max_sharpe,344.16256188170166
2021-11-30,etfs_oceania__max_sharpe,315.65763872278177
2021-12-31,etfs_oceania__max_sharpe,330.20633292812033
2022-01-31,etfs_oceania__max_sharpe,292.4215995011906
2022-02-28,etfs_oceania__max_sharpe,296.24578281145045
2022-03-31,etfs_oceania__max_sharpe,300.97208522948
2022-04-30,etfs_oceania__max_sharpe,289.7699168575453
2022-05-31,etfs_oceania__max_sharpe,280.0244969524194
2022-06-30,etfs_oceania__max_sharpe,270.70158215125264
2022-07-31,etfs_oceania__max_sharpe,290.1928736858018
2022-08-31,etfs_oceania__max_sharpe,276.3208494888875
2022-09-30,etfs_oceania__max_sharpe,260.69172215814467
2022-10-31,etfs_oceania__max_sharpe,269.8126985714838
2022-11-30,etfs_oceania__max_sharpe,307.30350854859364
2022-12-31,etfs_oceania__max_sharpe,294.7199751529055
2023-01-31,etfs_oceania__max_sharpe,319.0041896475961
2023-02-28,etfs_oceania__max_sharpe,298.4642783042864
2023-03-31,etfs_oceania__max_sharpe,293.0890411245261
2023-04-30,etfs_oceania__max_sharpe,288.8812020721006
2023-05-31,etfs_oceania__max_sharpe,276.2415732147664
2023-06-30,etfs_oceania__max_sharpe,279.83350742566006
2023-07-31,etfs_oceania__max_sharpe,281.98670869876804
2023-08-31,etfs_oceania__max_sharpe,277.4760660460076
2023-09-30,etfs_oceania__max_sharpe,276.66892033472277
2023-10-31,etfs_oceania__max_sharpe,267.46991004749316
2023-11-30,etfs_oceania__max_sharpe,281.37530726172963
2023-12-31,etfs_oceania__max_sharpe,307.8371838047591
2024-01-31,etfs_oceania__max_sharpe,304.8963788339722
2024-02-29,etfs_oceania__max_sharpe,309.8292324017779
2024-03-31,etfs_oceania__max_sharpe,320.89323178520976
2024-04-30,etfs_oceania__max_sharpe,311.4276233759005
2024-05-31,etfs_oceania__max_sharpe,334.3770245083356
2024-06-30,etfs_oceania__max_sharpe,357.16456480119956
2024-07-31,etfs_oceania__max_sharpe,373.1453418970831
2024-08-31,etfs_oceania__max_sharpe,386.96353367094815
2024-09-30,etfs_oceania__max_sharpe,391.49652972455783
2024-10-31,etfs_oceania__max_sharpe,388.25450311912766
2024-11-30,etfs_oceania__max_sharpe,422.47015784842193
2024-12-31,etfs_oceania__max_sharpe,398.3961955343644
2025-01-31,etfs_oceania__max_sharpe,390.7386833121263
2025-02-28,etfs_oceania__max_sharpe,378.59302787305296
2025-03-31,etfs_oceania__max_sharpe,364.7881188326191
2025-04-30,etfs_oceania__max_sharpe,374.7221105402138
2025-05-31,etfs_oceania__max_sharpe,395.18412139764564
2025-06-30,etfs_oceania__max_sharpe,395.68004575958133
2025-07-31,etfs_oceania__max_sharpe,398.09600996989525
2025-08-31,etfs_oceania__max_sharpe,402.2455200075492
2025-09-30,etfs_oceania__max_sharpe,394.2926540030586
2025-10-31,etfs_oceania__max_sharpe,395.3635059680515
2025-11-30,etfs_oceania__max_sharpe,379.8892319534533
2025-12-31,etfs_oceania__max_sharpe,400.2947309398902
2026-01-31,etfs_oceania__max_sharpe,401.9096627578659
2026-02-28,etfs_oceania__max_sharpe,431.3829698180509
2026-03-31,etfs_oceania__max_sharpe,407.849935588867
2026-04-30,etfs_oceania__max_sharpe,421.27109069861575
2015-02-28,etfs_oceania__min_vol,120.08596891805313
2015-03-31,etfs_oceania__min_vol,129.2551678192233
2015-04-30,etfs_oceania__min_vol,120.40446552419128
2015-05-31,etfs_oceania__min_vol,123.45795786570768
2015-06-30,etfs_oceania__min_vol,115.52541956367727
2015-07-31,etfs_oceania__min_vol,124.75055612375827
2015-08-31,etfs_oceania__min_vol,119.38036251877158
2015-09-30,etfs_oceania__min_vol,131.24561555569315
2015-10-31,etfs_oceania__min_vol,134.4200970598299
2015-11-30,etfs_oceania__min_vol,134.51390327910607
2015-12-31,etfs_oceania__min_vol,143.44428746736395
2016-01-31,etfs_oceania__min_vol,137.4141200115427
2016-02-29,etfs_oceania__min_vol,133.26589833617322
2016-03-31,etfs_oceania__min_vol,135.88618271753197
2016-04-30,etfs_oceania__min_vol,135.05350402646613
2016-05-31,etfs_oceania__min_vol,136.2761204638992
2016-06-30,etfs_oceania__min_vol,126.32994422673036
2016-07-31,etfs_oceania__min_vol,137.8120186413453
2016-08-31,etfs_oceania__min_vol,133.13526928419617
2016-09-30,etfs_oceania__min_vol,137.23770954087072
2016-10-31,etfs_oceania__min_vol,128.6427459262997
2016-11-30,etfs_oceania__min_vol,138.84332993439824
2016-12-31,etfs_oceania__min_vol,131.16432762666264
2017-01-31,etfs_oceania__min_vol,134.02142955198514
2017-02-28,etfs_oceania__min_vol,135.96191800268852
2017-03-31,etfs_oceania__min_vol,139.82983727679533
2017-04-30,etfs_oceania__min_vol,141.0210727347399
2017-05-31,etfs_oceania__min_vol,141.59547467238815
2017-06-30,etfs_oceania__min_vol,149.59992703903427
2017-07-31,etfs_oceania__min_vol,149.9637961254948
2017-08-31,etfs_oceania__min_vol,147.85316236770024
2017-09-30,etfs_oceania__min_vol,148.43270970927506
2017-10-31,etfs_oceania__min_vol,153.12079530842382
2017-11-30,etfs_oceania__min_vol,151.4169762908008
2017-12-31,etfs_oceania__min_vol,162.03263270399142
2018-01-31,etfs_oceania__min_vol,160.53035671894423
2018-02-28,etfs_oceania__min_vol,158.03938593014198
2018-03-31,etfs_oceania__min_vol,158.1118206413639
2018-04-30,etfs_oceania__min_vol,164.33182668054067
2018-05-31,etfs_oceania__min_vol,180.40578097495194
2018-06-30,etfs_oceania__min_vol,190.24674045921955
2018-07-31,etfs_oceania__min_vol,185.43912463244607
2018-08-31,etfs_oceania__min_vol,204.65320103445274
2018-09-30,etfs_oceania__min_vol,195.09225608440218
2018-10-31,etfs_oceania__min_vol,167.37892266886865
2018-11-30,etfs_oceania__min_vol,179.0905304799373
2018-12-31,etfs_oceania__min_vol,173.67798048394963
2019-01-31,etfs_oceania__min_vol,175.84988759732582
2019-02-28,etfs_oceania__min_vol,183.13899650899515
2019-03-31,etfs_oceania__min_vol,196.3448595572671
2019-04-30,etfs_oceania__min_vol,200.35139098361
2019-05-31,etfs_oceania__min_vol,200.9288756246168
2019-06-30,etfs_oceania__min_vol,203.55478457306728
2019-07-31,etfs_oceania__min_vol,202.44435463896514
2019-08-31,etfs_oceania__min_vol,214.1593133271004
2019-09-30,etfs_oceania__min_vol,217.89325456424854
2019-10-31,etfs_oceania__min_vol,211.51300583546347
2019-11-30,etfs_oceania__min_vol,228.6233619577282
2019-12-31,etfs_oceania__min_vol,224.6920879799285
2020-01-31,etfs_oceania__min_vol,232.6127443140833
2020-02-29,etfs_oceania__min_vol,225.0542060337106
2020-03-31,etfs_oceania__min_vol,206.8035526392821
2020-04-30,etfs_oceania__min_vol,232.66636275272072
2020-05-31,etfs_oceania__min_vol,249.47815139729087
2020-06-30,etfs_oceania__min_vol,272.20391588480146
2020-07-31,etfs_oceania__min_vol,268.5818757434785
2020-08-31,etfs_oceania__min_vol,292.2548309069103
2020-09-30,etfs_oceania__min_vol,289.6574568053217
2020-10-31,etfs_oceania__min_vol,300.6080450594837
2020-11-30,etfs_oceania__min_vol,316.90062821047155
2020-12-31,etfs_oceania__min_vol,324.85156137757974
2021-01-31,etfs_oceania__min_vol,337.77538279708546
2021-02-28,etfs_oceania__min_vol,343.1530932401223
2021-03-31,etfs_oceania__min_vol,360.6679028278618
2021-04-30,etfs_oceania__min_vol,347.44534320564304
2021-05-31,etfs_oceania__min_vol,344.29766776149455
2021-06-30,etfs_oceania__min_vol,321.7552925131139
2021-07-31,etfs_oceania__min_vol,327.5697707625295
2021-08-31,etfs_oceania__min_vol,340.54873646796415
2021-09-30,etfs_oceania__min_vol,342.3313889944882
2021-10-31,etfs_oceania__min_vol,377.0315341368974
2021-11-30,etfs_oceania__min_vol,345.1610685406982
2021-12-31,etfs_oceania__min_vol,357.7057266826644
2022-01-31,etfs_oceania__min_vol,312.9513185102818
2022-02-28,etfs_oceania__min_vol,316.4436987095276
2022-03-31,etfs_oceania__min_vol,313.76388156939396
2022-04-30,etfs_oceania__min_vol,299.9531857013307
2022-05-31,etfs_oceania__min_vol,286.71076881090727
2022-06-30,etfs_oceania__min_vol,281.26977259127386
2022-07-31,etfs_oceania__min_vol,302.3688881783987
2022-08-31,etfs_oceania__min_vol,288.50517879584896
2022-09-30,etfs_oceania__min_vol,271.00393073925386
2022-10-31,etfs_oceania__min_vol,280.72111360858315
2022-11-30,etfs_oceania__min_vol,317.62132542517
2022-12-31,etfs_oceania__min_vol,308.86710217299674
2023-01-31,etfs_oceania__min_vol,330.3054915105692
2023-02-28,etfs_oceania__min_vol,310.9227762701042
2023-03-31,etfs_oceania__min_vol,306.91826145080717
2023-04-30,etfs_oceania__min_vol,301.7066091492111
2023-05-31,etfs_oceania__min_vol,289.42593825475575
2023-06-30,etfs_oceania__min_vol,292.09666405961104
2023-07-31,etfs_oceania__min_vol,293.0528981115134
2023-08-31,etfs_oceania__min_vol,284.204073391658
2023-09-30,etfs_oceania__min_vol,284.26581424543446
2023-10-31,etfs_oceania__min_vol,272.75172115373823
2023-11-30,etfs_oceania__min_vol,289.64711835363744
2023-12-31,etfs_oceania__min_vol,313.30709739319957
2024-01-31,etfs_oceania__min_vol,308.29860254228254
2024-02-29,etfs_oceania__min_vol,310.06079693480194
2024-03-31,etfs_oceania__min_vol,319.1687798497385
2024-04-30,etfs_oceania__min_vol,312.4506687096028
2024-05-31,etfs_oceania__min_vol,335.18097376011553
2024-06-30,etfs_oceania__min_vol,355.0079369639523
2024-07-31,etfs_oceania__min_vol,370.39362457672166
2024-08-31,etfs_oceania__min_vol,387.30803805740993
2024-09-30,etfs_oceania__min_vol,386.83766374731493
2024-10-31,etfs_oceania__min_vol,386.12954178769
2024-11-30,etfs_oceania__min_vol,419.1008931635742
2024-12-31,etfs_oceania__min_vol,397.82704658641285
2025-01-31,etfs_oceania__min_vol,386.0459190458431
2025-02-28,etfs_oceania__min_vol,370.30157448648924
2025-03-31,etfs_oceania__min_vol,358.567069175169
2025-04-30,etfs_oceania__min_vol,364.12979781251977
2025-05-31,etfs_oceania__min_vol,383.52320984770387
2025-06-30,etfs_oceania__min_vol,384.2382630550083
2025-07-31,etfs_oceania__min_vol,386.4807776294358
2025-08-31,etfs_oceania__min_vol,385.43070331115786
2025-09-30,etfs_oceania__min_vol,380.8684253279829
2025-10-31,etfs_oceania__min_vol,382.78969013536016
2025-11-30,etfs_oceania__min_vol,371.0988885099663
2025-12-31,etfs_oceania__min_vol,388.09242627703543
2026-01-31,etfs_oceania__min_vol,387.1475869132287
2026-02-28,etfs_oceania__min_vol,407.13661173420076
2026-03-31,etfs_oceania__min_vol,381.87473308575113
2026-04-30,etfs_oceania__min_vol,391.0402344943117
2015-02-28,etfs_brasil__min_vol,109.64700208792154
2015-03-31,etfs_brasil__min_vol,108.5288299442942
2015-04-30,etfs_brasil__min_vol,119.75443587143542
2015-05-31,etfs_brasil__min_vol,112.5849545866193
2015-06-30,etfs_brasil__min_vol,112.82613110247009
2015-07-31,etfs_brasil__min_vol,108.24380239249514
2015-08-31,etfs_brasil__min_vol,99.40802356029263
2015-09-30,etfs_brasil__min_vol,95.2203458101226
2015-10-31,etfs_brasil__min_vol,97.34707505310134
2015-11-30,etfs_brasil__min_vol,95.81232224982999
2015-12-31,etfs_brasil__min_vol,92.37009538332147
2016-01-31,etfs_brasil__min_vol,85.92413528232775
2016-02-29,etfs_brasil__min_vol,90.87919361599842
2016-03-31,etfs_brasil__min_vol,106.64327721716627
2016-04-30,etfs_brasil__min_vol,114.33896256963226
2016-05-31,etfs_brasil__min_vol,103.09142694265194
2016-06-30,etfs_brasil__min_vol,109.4058339358007
2016-07-31,etfs_brasil__min_vol,122.07849059431663
2016-08-31,etfs_brasil__min_vol,122.62661599807569
2016-09-30,etfs_brasil__min_vol,124.0078943573929
2016-10-31,etfs_brasil__min_vol,137.9083549312719
2016-11-30,etfs_brasil__min_vol,131.5500969021748
2016-12-31,etfs_brasil__min_vol,127.69129773975219
2017-01-31,etfs_brasil__min_vol,136.79017442391466
2017-02-28,etfs_brasil__min_vol,141.41635416983792
2017-03-31,etfs_brasil__min_vol,137.645248715582
2017-04-30,etfs_brasil__min_vol,138.54417404319764
2017-05-31,etfs_brasil__min_vol,132.77790081753787
2017-06-30,etfs_brasil__min_vol,133.5891240732569
2017-07-31,etfs_brasil__min_vol,139.70620558650322
2017-08-31,etfs_brasil__min_vol,149.98904351381034
2017-09-30,etfs_brasil__min_vol,156.93926961888488
2017-10-31,etfs_brasil__min_vol,157.3558335510691
2017-11-30,etfs_brasil__min_vol,152.1596154290075
2017-12-31,etfs_brasil__min_vol,161.85046855287732
2018-01-31,etfs_brasil__min_vol,179.78513243297223
2018-02-28,etfs_brasil__min_vol,180.88138324049035
2018-03-31,etfs_brasil__min_vol,180.72790879653618
2018-04-30,etfs_brasil__min_vol,182.3722850078134
2018-05-31,etfs_brasil__min_vol,162.39859395663638
2018-06-30,etfs_brasil__min_vol,154.24248527230796
2018-07-31,etfs_brasil__min_vol,167.61674177853712
2018-08-31,etfs_brasil__min_vol,162.50822572837214
2018-09-30,etfs_brasil__min_vol,167.96755006612364
2018-10-31,etfs_brasil__min_vol,184.34553980683796
2018-11-30,etfs_brasil__min_vol,189.36637051256616
2018-12-31,etfs_brasil__min_vol,185.48563328657448
2019-01-31,etfs_brasil__min_vol,206.0951518134072
2019-02-28,etfs_brasil__min_vol,205.74434352582068
2019-03-31,etfs_brasil__min_vol,201.2935679236907
2019-04-30,etfs_brasil__min_vol,203.63954398268106
2019-05-31,etfs_brasil__min_vol,205.1962181220616
2019-06-30,etfs_brasil__min_vol,212.9138331743667
2019-07-31,etfs_brasil__min_vol,214.8213156013338
2019-08-31,etfs_brasil__min_vol,214.01008398188486
2019-09-30,etfs_brasil__min_vol,221.46459281850008
2019-10-31,etfs_brasil__min_vol,226.33194908027411
2019-11-30,etfs_brasil__min_vol,228.78754018354041
2019-12-31,etfs_brasil__min_vol,243.87196200056408
2020-01-31,etfs_brasil__min_vol,238.76342922293924
2020-02-29,etfs_brasil__min_vol,220.56565912715445
2020-03-31,etfs_brasil__min_vol,152.04998365727172
2020-04-30,etfs_brasil__min_vol,169.28304768965344
2020-05-31,etfs_brasil__min_vol,184.49901425079213
2020-06-30,etfs_brasil__min_vol,200.87700399150643
2020-07-31,etfs_brasil__min_vol,217.69348736424408
2020-08-31,etfs_brasil__min_vol,209.82239786798482
2020-09-30,etfs_brasil__min_vol,199.62727874003414
2020-10-31,etfs_brasil__min_vol,198.77220444836678
2020-11-30,etfs_brasil__min_vol,230.21266957880587
2020-12-31,etfs_brasil__min_vol,253.3435683084222
2021-01-31,etfs_brasil__min_vol,242.40297320562024
2021-02-28,etfs_brasil__min_vol,231.5062375024965
2021-03-31,etfs_brasil__min_vol,245.60402355627798
2021-04-30,etfs_brasil__min_vol,250.8221881056385
2021-05-31,etfs_brasil__min_vol,265.8408208231448
2021-06-30,etfs_brasil__min_vol,267.06861637477795
2021-07-31,etfs_brasil__min_vol,256.7638654750915
2021-08-31,etfs_brasil__min_vol,250.12058825792525
2021-09-30,etfs_brasil__min_vol,233.47949230152105
2021-10-31,etfs_brasil__min_vol,218.54856165591136
2021-11-30,etfs_brasil__min_vol,215.63253049332278
2021-12-31,etfs_brasil__min_vol,221.0041694866375
2022-01-31,etfs_brasil__min_vol,236.74633175169615
2022-02-28,etfs_brasil__min_vol,238.76342922293912
2022-03-31,etfs_brasil__min_vol,253.45318335269803
2022-04-30,etfs_brasil__min_vol,226.70467034023977
2022-05-31,etfs_brasil__min_vol,234.9923237686832
2022-06-30,etfs_brasil__min_vol,208.28765342844332
2022-07-31,etfs_brasil__min_vol,217.7154170640831
2022-08-31,etfs_brasil__min_vol,232.03244993387622
2022-09-30,etfs_brasil__min_vol,233.41371992946353
2022-10-31,etfs_brasil__min_vol,245.88905947180692
2022-11-30,etfs_brasil__min_vol,238.0618293752259
2022-12-31,etfs_brasil__min_vol,232.2955394221063
2023-01-31,etfs_brasil__min_vol,240.8243693664005
2023-02-28,etfs_brasil__min_vol,221.77154170640821
2023-03-31,etfs_brasil__min_vol,215.93947938123108
2023-04-30,etfs_brasil__min_vol,221.22341630264916
2023-05-31,etfs_brasil__min_vol,229.86186129121927
2023-06-30,etfs_brasil__min_vol,250.31790537409782
2023-07-31,etfs_brasil__min_vol,258.6055588025413
2023-08-31,etfs_brasil__min_vol,246.23985103193365
2023-09-30,etfs_brasil__min_vol,248.08156108684315
2023-10-31,etfs_brasil__min_vol,240.3420330621588
2023-11-30,etfs_brasil__min_vol,270.9274239009305
2023-12-31,etfs_brasil__min_vol,285.88028424637935
2024-01-31,etfs_brasil__min_vol,271.76056849275875
2024-02-29,etfs_brasil__min_vol,274.6108272832898
2024-03-31,etfs_brasil__min_vol,272.5937298120468
2024-04-30,etfs_brasil__min_vol,268.31834162625023
2024-05-31,etfs_brasil__min_vol,260.16224966938165
2024-06-30,etfs_brasil__min_vol,263.93333839617776
2024-07-31,etfs_brasil__min_vol,271.9579023363911
2024-08-31,etfs_brasil__min_vol,290.7257275357741
2024-09-30,etfs_brasil__min_vol,281.5829663607436
2024-10-31,etfs_brasil__min_vol,276.8252585981652
2024-11-30,etfs_brasil__min_vol,268.18679688213524
2024-12-31,etfs_brasil__min_vol,257.1146570352183
2025-01-31,etfs_brasil__min_vol,269.67769864945825
2025-02-28,etfs_brasil__min_vol,263.12212350418866
2025-03-31,etfs_brasil__min_vol,279.10546228509804
2025-04-30,etfs_brasil__min_vol,288.5989982927954
2025-05-31,etfs_brasil__min_vol,293.7733034424777
2025-06-30,etfs_brasil__min_vol,297.8513577846419
2025-07-31,etfs_brasil__min_vol,284.762120466482
2025-08-31,etfs_brasil__min_vol,303.6614736825201
2025-09-30,etfs_brasil__min_vol,314.053943381563
2025-10-31,etfs_brasil__min_vol,321.0041694866375
2025-11-30,etfs_brasil__min_vol,341.7013900853668
2025-12-31,etfs_brasil__min_vol,346.4152551757269
2026-01-31,etfs_brasil__min_vol,390.70378110847514
2026-02-28,etfs_brasil__min_vol,405.96360706929204
2026-03-31,etfs_brasil__min_vol,404.03419494248584
2026-04-30,etfs_brasil__min_vol,424.4463796256862
2015-02-28,etfs_brasil__max_sharpe,109.64700208792154
2015-03-31,etfs_brasil__max_sharpe,108.5288299442942
2015-04-30,etfs_brasil__max_sharpe,119.75443587143542
2015-05-31,etfs_brasil__max_sharpe,112.5849545866193
2015-06-30,etfs_brasil__max_sharpe,112.82613110247009
2015-07-31,etfs_brasil__max_sharpe,108.24380239249514
2015-08-31,etfs_brasil__max_sharpe,99.40802356029263
2015-09-30,etfs_brasil__max_sharpe,95.2203458101226
2015-10-31,etfs_brasil__max_sharpe,97.34707505310134
2015-11-30,etfs_brasil__max_sharpe,95.81232224982999
2015-12-31,etfs_brasil__max_sharpe,92.37009538332147
2016-01-31,etfs_brasil__max_sharpe,85.92413528232775
2016-02-29,etfs_brasil__max_sharpe,90.87919361599842
2016-03-31,etfs_brasil__max_sharpe,106.64327721716627
2016-04-30,etfs_brasil__max_sharpe,114.33896256963226
2016-05-31,etfs_brasil__max_sharpe,103.09142694265194
2016-06-30,etfs_brasil__max_sharpe,109.4058339358007
2016-07-31,etfs_brasil__max_sharpe,122.07849059431663
2016-08-31,etfs_brasil__max_sharpe,122.62661599807569
2016-09-30,etfs_brasil__max_sharpe,124.0078943573929
2016-10-31,etfs_brasil__max_sharpe,137.9083549312719
2016-11-30,etfs_brasil__max_sharpe,131.5500969021748
2016-12-31,etfs_brasil__max_sharpe,127.69129773975219
2017-01-31,etfs_brasil__max_sharpe,136.79017442391466
2017-02-28,etfs_brasil__max_sharpe,141.41635416983792
2017-03-31,etfs_brasil__max_sharpe,137.645248715582
2017-04-30,etfs_brasil__max_sharpe,138.54417404319764
2017-05-31,etfs_brasil__max_sharpe,132.77790081753787
2017-06-30,etfs_brasil__max_sharpe,133.5891240732569
2017-07-31,etfs_brasil__max_sharpe,139.70620558650322
2017-08-31,etfs_brasil__max_sharpe,149.98904351381034
2017-09-30,etfs_brasil__max_sharpe,156.93926961888488
2017-10-31,etfs_brasil__max_sharpe,157.3558335510691
2017-11-30,etfs_brasil__max_sharpe,152.1596154290075
2017-12-31,etfs_brasil__max_sharpe,161.85046855287732
2018-01-31,etfs_brasil__max_sharpe,179.78513243297223
2018-02-28,etfs_brasil__max_sharpe,180.88138324049035
2018-03-31,etfs_brasil__max_sharpe,180.72790879653618
2018-04-30,etfs_brasil__max_sharpe,182.3722850078134
2018-05-31,etfs_brasil__max_sharpe,162.39859395663638
2018-06-30,etfs_brasil__max_sharpe,154.24248527230796
2018-07-31,etfs_brasil__max_sharpe,167.61674177853712
2018-08-31,etfs_brasil__max_sharpe,162.50822572837214
2018-09-30,etfs_brasil__max_sharpe,167.96755006612364
2018-10-31,etfs_brasil__max_sharpe,184.34553980683796
2018-11-30,etfs_brasil__max_sharpe,189.36637051256616
2018-12-31,etfs_brasil__max_sharpe,185.48563328657448
2019-01-31,etfs_brasil__max_sharpe,206.0951518134072
2019-02-28,etfs_brasil__max_sharpe,205.74434352582068
2019-03-31,etfs_brasil__max_sharpe,201.2935679236907
2019-04-30,etfs_brasil__max_sharpe,203.63954398268106
2019-05-31,etfs_brasil__max_sharpe,205.1962181220616
2019-06-30,etfs_brasil__max_sharpe,212.9138331743667
2019-07-31,etfs_brasil__max_sharpe,214.8213156013338
2019-08-31,etfs_brasil__max_sharpe,214.01008398188486
2019-09-30,etfs_brasil__max_sharpe,221.46459281850008
2019-10-31,etfs_brasil__max_sharpe,226.33194908027411
2019-11-30,etfs_brasil__max_sharpe,228.78754018354041
2019-12-31,etfs_brasil__max_sharpe,243.87196200056408
2020-01-31,etfs_brasil__max_sharpe,238.76342922293924
2020-02-29,etfs_brasil__max_sharpe,220.56565912715445
2020-03-31,etfs_brasil__max_sharpe,152.04998365727172
2020-04-30,etfs_brasil__max_sharpe,169.28304768965342
2020-05-31,etfs_brasil__max_sharpe,184.4990142507921
2020-06-30,etfs_brasil__max_sharpe,200.87700399150643
2020-07-31,etfs_brasil__max_sharpe,217.69348736424408
2020-08-31,etfs_brasil__max_sharpe,209.82239786798482
2020-09-30,etfs_brasil__max_sharpe,199.62727874003414
2020-10-31,etfs_brasil__max_sharpe,198.77220444836678
2020-11-30,etfs_brasil__max_sharpe,230.21266957880587
2020-12-31,etfs_brasil__max_sharpe,253.3435683084222
2021-01-31,etfs_brasil__max_sharpe,242.40297320562024
2021-02-28,etfs_brasil__max_sharpe,231.5062375024965
2021-03-31,etfs_brasil__max_sharpe,245.60402355627798
2021-04-30,etfs_brasil__max_sharpe,250.8221881056385
2021-05-31,etfs_brasil__max_sharpe,265.8408208231448
2021-06-30,etfs_brasil__max_sharpe,267.06861637477795
2021-07-31,etfs_brasil__max_sharpe,256.7638654750915
2021-08-31,etfs_brasil__max_sharpe,250.12058825792525
2021-09-30,etfs_brasil__max_sharpe,233.47949230152105
2021-10-31,etfs_brasil__max_sharpe,218.54856165591136
2021-11-30,etfs_brasil__max_sharpe,215.63253049332278
2021-12-31,etfs_brasil__max_sharpe,221.0041694866375
2022-01-31,etfs_brasil__max_sharpe,236.74633175169615
2022-02-28,etfs_brasil__max_sharpe,238.76342922293912
2022-03-31,etfs_brasil__max_sharpe,253.45318335269803
2022-04-30,etfs_brasil__max_sharpe,226.70467034023977
2022-05-31,etfs_brasil__max_sharpe,234.9923237686832
2022-06-30,etfs_brasil__max_sharpe,208.28765342844332
2022-07-31,etfs_brasil__max_sharpe,217.7154170640831
2022-08-31,etfs_brasil__max_sharpe,232.03244993387622
2022-09-30,etfs_brasil__max_sharpe,233.41371992946353
2022-10-31,etfs_brasil__max_sharpe,245.88905947180692
2022-11-30,etfs_brasil__max_sharpe,238.0618293752259
2022-12-31,etfs_brasil__max_sharpe,232.2955394221063
2023-01-31,etfs_brasil__max_sharpe,240.8243693664005
2023-02-28,etfs_brasil__max_sharpe,221.77154170640821
2023-03-31,etfs_brasil__max_sharpe,215.93947938123108
2023-04-30,etfs_brasil__max_sharpe,221.22341630264916
2023-05-31,etfs_brasil__max_sharpe,229.86186129121927
2023-06-30,etfs_brasil__max_sharpe,250.31790537409782
2023-07-31,etfs_brasil__max_sharpe,258.6055588025413
2023-08-31,etfs_brasil__max_sharpe,246.23985103193365
2023-09-30,etfs_brasil__max_sharpe,248.08156108684315
2023-10-31,etfs_brasil__max_sharpe,240.3420330621588
2023-11-30,etfs_brasil__max_sharpe,270.9274239009305
2023-12-31,etfs_brasil__max_sharpe,285.88028424637935
2024-01-31,etfs_brasil__max_sharpe,271.76056849275875
2024-02-29,etfs_brasil__max_sharpe,274.6108272832898
2024-03-31,etfs_brasil__max_sharpe,272.5937298120468
2024-04-30,etfs_brasil__max_sharpe,268.31834162625023
2024-05-31,etfs_brasil__max_sharpe,260.16224966938165
2024-06-30,etfs_brasil__max_sharpe,263.93333839617776
2024-07-31,etfs_brasil__max_sharpe,271.9579023363911
2024-08-31,etfs_brasil__max_sharpe,290.7257275357741
2024-09-30,etfs_brasil__max_sharpe,281.5829663607436
2024-10-31,etfs_brasil__max_sharpe,276.8252585981652
2024-11-30,etfs_brasil__max_sharpe,268.18679688213524
2024-12-31,etfs_brasil__max_sharpe,257.1146570352183
2025-01-31,etfs_brasil__max_sharpe,269.67769864945825
2025-02-28,etfs_brasil__max_sharpe,263.12212350418866
2025-03-31,etfs_brasil__max_sharpe,279.10546228509804
2025-04-30,etfs_brasil__max_sharpe,288.5989982927954
2025-05-31,etfs_brasil__max_sharpe,293.7733034424777
2025-06-30,etfs_brasil__max_sharpe,297.8513577846419
2025-07-31,etfs_brasil__max_sharpe,284.762120466482
2025-08-31,etfs_brasil__max_sharpe,303.6614736825201
2025-09-30,etfs_brasil__max_sharpe,314.053943381563
2025-10-31,etfs_brasil__max_sharpe,321.0041694866375
2025-11-30,etfs_brasil__max_sharpe,341.7013900853668
2025-12-31,etfs_brasil__max_sharpe,346.4152551757269
2026-01-31,etfs_brasil__max_sharpe,390.70378110847514
2026-02-28,etfs_brasil__max_sharpe,405.96360706929204
2026-03-31,etfs_brasil__max_sharpe,404.03419494248584
2026-04-30,etfs_brasil__max_sharpe,424.4463796256862
