data,carteira,base100
2015-02-28,etfs_com_tudo__max_sharpe,111.1933635390612
2015-03-31,etfs_com_tudo__max_sharpe,116.97721470947029
2015-04-30,etfs_com_tudo__max_sharpe,115.32664051373975
2015-05-31,etfs_com_tudo__max_sharpe,119.23844626767695
2015-06-30,etfs_com_tudo__max_sharpe,117.95326475753909
2015-07-31,etfs_com_tudo__max_sharpe,119.71866118068704
2015-08-31,etfs_com_tudo__max_sharpe,120.83963167413611
2015-09-30,etfs_com_tudo__max_sharpe,128.52059606491352
2015-10-31,etfs_com_tudo__max_sharpe,130.9848762485034
2015-11-30,etfs_com_tudo__max_sharpe,127.57843462075063
2015-12-31,etfs_com_tudo__max_sharpe,128.2337517869516
2016-01-31,etfs_com_tudo__max_sharpe,126.99816163593256
2016-02-29,etfs_com_tudo__max_sharpe,133.10522391392124
2016-03-31,etfs_com_tudo__max_sharpe,132.71512408523924
2016-04-30,etfs_com_tudo__max_sharpe,136.63397365297038
2016-05-31,etfs_com_tudo__max_sharpe,134.72731974404073
2016-06-30,etfs_com_tudo__max_sharpe,134.5022716959711
2016-07-31,etfs_com_tudo__max_sharpe,141.15161890401268
2016-08-31,etfs_com_tudo__max_sharpe,138.2489100157684
2016-09-30,etfs_com_tudo__max_sharpe,141.34785124468888
2016-10-31,etfs_com_tudo__max_sharpe,143.59459327800738
2016-11-30,etfs_com_tudo__max_sharpe,145.3999009111326
2016-12-31,etfs_com_tudo__max_sharpe,140.75878081234725
2017-01-31,etfs_com_tudo__max_sharpe,143.83800589462558
2017-02-28,etfs_com_tudo__max_sharpe,149.7008427260564
2017-03-31,etfs_com_tudo__max_sharpe,148.5311471739922
2017-04-30,etfs_com_tudo__max_sharpe,153.86825167932417
2017-05-31,etfs_com_tudo__max_sharpe,162.50143351405387
2017-06-30,etfs_com_tudo__max_sharpe,162.8216890885192
2017-07-31,etfs_com_tudo__max_sharpe,165.81184430222063
2017-08-31,etfs_com_tudo__max_sharpe,178.5480368672531
2017-09-30,etfs_com_tudo__max_sharpe,179.49194768293148
2017-10-31,etfs_com_tudo__max_sharpe,191.38129102255547
2017-11-30,etfs_com_tudo__max_sharpe,196.64062193875046
2017-12-31,etfs_com_tudo__max_sharpe,210.96219596750254
2018-01-31,etfs_com_tudo__max_sharpe,215.05465595238897
2018-02-28,etfs_com_tudo__max_sharpe,215.99555730908318
2018-03-31,etfs_com_tudo__max_sharpe,214.16608488095537
2018-04-30,etfs_com_tudo__max_sharpe,226.0945481780277
2018-05-31,etfs_com_tudo__max_sharpe,228.2090038602012
2018-06-30,etfs_com_tudo__max_sharpe,226.97535910341566
2018-07-31,etfs_com_tudo__max_sharpe,229.12223096318917
2018-08-31,etfs_com_tudo__max_sharpe,244.0192772804838
2018-09-30,etfs_com_tudo__max_sharpe,240.12226146261116
2018-10-31,etfs_com_tudo__max_sharpe,230.48818597323182
2018-11-30,etfs_com_tudo__max_sharpe,230.0402523945368
2018-12-31,etfs_com_tudo__max_sharpe,228.23950063907716
2019-01-31,etfs_com_tudo__max_sharpe,235.17428572797127
2019-02-28,etfs_com_tudo__max_sharpe,240.3460884817911
2019-03-31,etfs_com_tudo__max_sharpe,248.26746149666815
2019-04-30,etfs_com_tudo__max_sharpe,258.96438188307394
2019-05-31,etfs_com_tudo__max_sharpe,267.3570594722523
2019-06-30,etfs_com_tudo__max_sharpe,280.09652816514847
2019-07-31,etfs_com_tudo__max_sharpe,279.3029694445162
2019-08-31,etfs_com_tudo__max_sharpe,305.0643269709604
2019-09-30,etfs_com_tudo__max_sharpe,301.0446185478836
2019-10-31,etfs_com_tudo__max_sharpe,301.5106797015706
2019-11-30,etfs_com_tudo__max_sharpe,308.0248538830459
2019-12-31,etfs_com_tudo__max_sharpe,312.6086932489474
2020-01-31,etfs_com_tudo__max_sharpe,333.77946189827696
2020-02-29,etfs_com_tudo__max_sharpe,329.9983190221701
2020-03-31,etfs_com_tudo__max_sharpe,309.66176846739256
2020-04-30,etfs_com_tudo__max_sharpe,341.7305160645477
2020-05-31,etfs_com_tudo__max_sharpe,371.68985804800997
2020-06-30,etfs_com_tudo__max_sharpe,390.7746142720844
2020-07-31,etfs_com_tudo__max_sharpe,415.68849170143176
2020-08-31,etfs_com_tudo__max_sharpe,433.95061637113986
2020-09-30,etfs_com_tudo__max_sharpe,424.5626591161443
2020-10-31,etfs_com_tudo__max_sharpe,433.7882057714111
2020-11-30,etfs_com_tudo__max_sharpe,448.2349469779906
2020-12-31,etfs_com_tudo__max_sharpe,484.69767057298793
2021-01-31,etfs_com_tudo__max_sharpe,495.0649244200313
2021-02-28,etfs_com_tudo__max_sharpe,499.39602087126343
2021-03-31,etfs_com_tudo__max_sharpe,533.1455271726849
2021-04-30,etfs_com_tudo__max_sharpe,521.933515900154
2021-05-31,etfs_com_tudo__max_sharpe,528.8667092992862
2021-06-30,etfs_com_tudo__max_sharpe,501.7818365920342
2021-07-31,etfs_com_tudo__max_sharpe,519.3423039868294
2021-08-31,etfs_com_tudo__max_sharpe,529.1420790283007
2021-09-30,etfs_com_tudo__max_sharpe,523.251586559789
2021-10-31,etfs_com_tudo__max_sharpe,556.5998593122387
2021-11-30,etfs_com_tudo__max_sharpe,543.0732011348175
2021-12-31,etfs_com_tudo__max_sharpe,551.2012023165518
2022-01-31,etfs_com_tudo__max_sharpe,536.8430590368835
2022-02-28,etfs_com_tudo__max_sharpe,539.8679403596947
2022-03-31,etfs_com_tudo__max_sharpe,533.0746547273278
2022-04-30,etfs_com_tudo__max_sharpe,507.1549600480092
2022-05-31,etfs_com_tudo__max_sharpe,490.1956812812318
2022-06-30,etfs_com_tudo__max_sharpe,476.9852083486553
2022-07-31,etfs_com_tudo__max_sharpe,493.5510967660262
2022-08-31,etfs_com_tudo__max_sharpe,483.0205987263484
2022-09-30,etfs_com_tudo__max_sharpe,482.63453989693863
2022-10-31,etfs_com_tudo__max_sharpe,488.2863399003507
2022-11-30,etfs_com_tudo__max_sharpe,497.22276330306335
2022-12-31,etfs_com_tudo__max_sharpe,491.8434059953406
2023-01-31,etfs_com_tudo__max_sharpe,518.143643745955
2023-02-28,etfs_com_tudo__max_sharpe,499.0256997283738
2023-03-31,etfs_com_tudo__max_sharpe,518.0858984623842
2023-04-30,etfs_com_tudo__max_sharpe,517.3388469630789
2023-05-31,etfs_com_tudo__max_sharpe,525.765102006402
2023-06-30,etfs_com_tudo__max_sharpe,533.5684447457098
2023-07-31,etfs_com_tudo__max_sharpe,540.5414757748338
2023-08-31,etfs_com_tudo__max_sharpe,538.293736894425
2023-09-30,etfs_com_tudo__max_sharpe,539.6504925743374
2023-10-31,etfs_com_tudo__max_sharpe,557.366844208312
2023-11-30,etfs_com_tudo__max_sharpe,584.2925216655146
2023-12-31,etfs_com_tudo__max_sharpe,600.7439043970028
2024-01-31,etfs_com_tudo__max_sharpe,601.5647383674177
2024-02-29,etfs_com_tudo__max_sharpe,630.3498857489091
2024-03-31,etfs_com_tudo__max_sharpe,664.5176443862387
2024-04-30,etfs_com_tudo__max_sharpe,669.0853546644524
2024-05-31,etfs_com_tudo__max_sharpe,685.1251221036964
2024-06-30,etfs_com_tudo__max_sharpe,722.1792844664709
2024-07-31,etfs_com_tudo__max_sharpe,753.0964693561534
2024-08-31,etfs_com_tudo__max_sharpe,771.6835698954532
2024-09-30,etfs_com_tudo__max_sharpe,764.8691608007124
2024-10-31,etfs_com_tudo__max_sharpe,814.3173339622164
2024-11-30,etfs_com_tudo__max_sharpe,848.67854087451
2024-12-31,etfs_com_tudo__max_sharpe,851.1373889939598
2025-01-31,etfs_com_tudo__max_sharpe,866.470928873858
2025-02-28,etfs_com_tudo__max_sharpe,846.5411838178806
2025-03-31,etfs_com_tudo__max_sharpe,875.3182049421879
2025-04-30,etfs_com_tudo__max_sharpe,888.4956608206624
2025-05-31,etfs_com_tudo__max_sharpe,921.6154827311298
2025-06-30,etfs_com_tudo__max_sharpe,921.6480397378975
2025-07-31,etfs_com_tudo__max_sharpe,932.5527795291634
2025-08-31,etfs_com_tudo__max_sharpe,944.3679486357379
2025-09-30,etfs_com_tudo__max_sharpe,997.023480838717
2025-10-31,etfs_com_tudo__max_sharpe,1030.5494827152681
2025-11-30,etfs_com_tudo__max_sharpe,1053.0301570900115
2025-12-31,etfs_com_tudo__max_sharpe,1077.8751614354662
2026-01-31,etfs_com_tudo__max_sharpe,1135.5549263558846
2026-02-28,etfs_com_tudo__max_sharpe,1166.5987742364168
2026-03-31,etfs_com_tudo__max_sharpe,1167.5780805208472
2026-04-30,etfs_com_tudo__max_sharpe,1177.1228652103905
2015-02-28,etfs_com_ouro_btc__max_sharpe,111.49183625721584
2015-03-31,etfs_com_ouro_btc__max_sharpe,117.65874919310326
2015-04-30,etfs_com_ouro_btc__max_sharpe,115.02042174368047
2015-05-31,etfs_com_ouro_btc__max_sharpe,118.61010724967203
2015-06-30,etfs_com_ouro_btc__max_sharpe,117.34796405250071
2015-07-31,etfs_com_ouro_btc__max_sharpe,120.45128398767575
2015-08-31,etfs_com_ouro_btc__max_sharpe,120.83928536856578
2015-09-30,etfs_com_ouro_btc__max_sharpe,128.464857181335
2015-10-31,etfs_com_ouro_btc__max_sharpe,131.97304364893793
2015-11-30,etfs_com_ouro_btc__max_sharpe,129.62452946220392
2015-12-31,etfs_com_ouro_btc__max_sharpe,131.0625855298409
2016-01-31,etfs_com_ouro_btc__max_sharpe,130.31362200338296
2016-02-29,etfs_com_ouro_btc__max_sharpe,137.2774295443272
2016-03-31,etfs_com_ouro_btc__max_sharpe,137.21406813560205
2016-04-30,etfs_com_ouro_btc__max_sharpe,140.40123245420924
2016-05-31,etfs_com_ouro_btc__max_sharpe,137.89985811930262
2016-06-30,etfs_com_ouro_btc__max_sharpe,138.34083593633096
2016-07-31,etfs_com_ouro_btc__max_sharpe,146.86635656845118
2016-08-31,etfs_com_ouro_btc__max_sharpe,143.36477002125187
2016-09-30,etfs_com_ouro_btc__max_sharpe,146.37797613341306
2016-10-31,etfs_com_ouro_btc__max_sharpe,149.19652545258924
2016-11-30,etfs_com_ouro_btc__max_sharpe,150.83512554533803
2016-12-31,etfs_com_ouro_btc__max_sharpe,145.6061731295262
2017-01-31,etfs_com_ouro_btc__max_sharpe,149.43892166651816
2017-02-28,etfs_com_ouro_btc__max_sharpe,155.60593460846667
2017-03-31,etfs_com_ouro_btc__max_sharpe,155.1168984310742
2017-04-30,etfs_com_ouro_btc__max_sharpe,161.1180202371181
2017-05-31,etfs_com_ouro_btc__max_sharpe,170.6340497514263
2017-06-30,etfs_com_ouro_btc__max_sharpe,171.39062616623696
2017-07-31,etfs_com_ouro_btc__max_sharpe,174.12817066571625
2017-08-31,etfs_com_ouro_btc__max_sharpe,188.4257677399194
2017-09-30,etfs_com_ouro_btc__max_sharpe,189.13545306117916
2017-10-31,etfs_com_ouro_btc__max_sharpe,201.31530617458435
2017-11-30,etfs_com_ouro_btc__max_sharpe,206.60578188746786
2017-12-31,etfs_com_ouro_btc__max_sharpe,221.85390740643362
2018-01-31,etfs_com_ouro_btc__max_sharpe,225.95787076349194
2018-02-28,etfs_com_ouro_btc__max_sharpe,226.8267775738736
2018-03-31,etfs_com_ouro_btc__max_sharpe,223.65672010913454
2018-04-30,etfs_com_ouro_btc__max_sharpe,235.96421551483596
2018-05-31,etfs_com_ouro_btc__max_sharpe,237.82577140202085
2018-06-30,etfs_com_ouro_btc__max_sharpe,234.25387022917553
2018-07-31,etfs_com_ouro_btc__max_sharpe,238.14268034874294
2018-08-31,etfs_com_ouro_btc__max_sharpe,252.26261596282993
2018-09-30,etfs_com_ouro_btc__max_sharpe,247.7425675959549
2018-10-31,etfs_com_ouro_btc__max_sharpe,238.84751259243643
2018-11-30,etfs_com_ouro_btc__max_sharpe,241.6370271763882
2018-12-31,etfs_com_ouro_btc__max_sharpe,239.84468654611368
2019-01-31,etfs_com_ouro_btc__max_sharpe,246.42937854917855
2019-02-28,etfs_com_ouro_btc__max_sharpe,251.3077798135468
2019-03-31,etfs_com_ouro_btc__max_sharpe,258.8895962583849
2019-04-30,etfs_com_ouro_btc__max_sharpe,269.2059566820007
2019-05-31,etfs_com_ouro_btc__max_sharpe,280.3109444886306
2019-06-30,etfs_com_ouro_btc__max_sharpe,294.01165164317723
2019-07-31,etfs_com_ouro_btc__max_sharpe,293.176532276261
2019-08-31,etfs_com_ouro_btc__max_sharpe,318.84650008544713
2019-09-30,etfs_com_ouro_btc__max_sharpe,315.37471862743286
2019-10-31,etfs_com_ouro_btc__max_sharpe,316.120776126624
2019-11-30,etfs_com_ouro_btc__max_sharpe,322.7051374470794
2019-12-31,etfs_com_ouro_btc__max_sharpe,326.92282328396755
2020-01-31,etfs_com_ouro_btc__max_sharpe,351.37780758945837
2020-02-29,etfs_com_ouro_btc__max_sharpe,347.5575603038114
2020-03-31,etfs_com_ouro_btc__max_sharpe,332.9452315569174
2020-04-30,etfs_com_ouro_btc__max_sharpe,381.6032967935575
2020-05-31,etfs_com_ouro_btc__max_sharpe,408.0608554953418
2020-06-30,etfs_com_ouro_btc__max_sharpe,427.84547548889896
2020-07-31,etfs_com_ouro_btc__max_sharpe,455.3731896149529
2020-08-31,etfs_com_ouro_btc__max_sharpe,473.7919773057835
2020-09-30,etfs_com_ouro_btc__max_sharpe,462.4615666985687
2020-10-31,etfs_com_ouro_btc__max_sharpe,475.2890438662847
2020-11-30,etfs_com_ouro_btc__max_sharpe,491.6252664742965
2020-12-31,etfs_com_ouro_btc__max_sharpe,532.0944608739751
2021-01-31,etfs_com_ouro_btc__max_sharpe,541.0165824627065
2021-02-28,etfs_com_ouro_btc__max_sharpe,543.1255361087614
2021-03-31,etfs_com_ouro_btc__max_sharpe,581.5842032718423
2021-04-30,etfs_com_ouro_btc__max_sharpe,568.3818219679168
2021-05-31,etfs_com_ouro_btc__max_sharpe,575.0353056422827
2021-06-30,etfs_com_ouro_btc__max_sharpe,543.7275901372769
2021-07-31,etfs_com_ouro_btc__max_sharpe,561.0038181052465
2021-08-31,etfs_com_ouro_btc__max_sharpe,574.4924689568239
2021-09-30,etfs_com_ouro_btc__max_sharpe,563.9545790910494
2021-10-31,etfs_com_ouro_btc__max_sharpe,598.590152313951
2021-11-30,etfs_com_ouro_btc__max_sharpe,588.768550007746
2021-12-31,etfs_com_ouro_btc__max_sharpe,593.4754225108412
2022-01-31,etfs_com_ouro_btc__max_sharpe,575.2121821874972
2022-02-28,etfs_com_ouro_btc__max_sharpe,576.9639063675019
2022-03-31,etfs_com_ouro_btc__max_sharpe,569.6306092872608
2022-04-30,etfs_com_ouro_btc__max_sharpe,537.0220509445661
2022-05-31,etfs_com_ouro_btc__max_sharpe,517.7733960496674
2022-06-30,etfs_com_ouro_btc__max_sharpe,499.72595780722014
2022-07-31,etfs_com_ouro_btc__max_sharpe,521.4289707343302
2022-08-31,etfs_com_ouro_btc__max_sharpe,513.1938782205208
2022-09-30,etfs_com_ouro_btc__max_sharpe,513.8186412760901
2022-10-31,etfs_com_ouro_btc__max_sharpe,521.409092067043
2022-11-30,etfs_com_ouro_btc__max_sharpe,531.999089286442
2022-12-31,etfs_com_ouro_btc__max_sharpe,525.1717375164471
2023-01-31,etfs_com_ouro_btc__max_sharpe,556.7519853562851
2023-02-28,etfs_com_ouro_btc__max_sharpe,535.5042347105593
2023-03-31,etfs_com_ouro_btc__max_sharpe,557.1528358838848
2023-04-30,etfs_com_ouro_btc__max_sharpe,556.5915763785993
2023-05-31,etfs_com_ouro_btc__max_sharpe,568.670410514292
2023-06-30,etfs_com_ouro_btc__max_sharpe,578.9391804006935
2023-07-31,etfs_com_ouro_btc__max_sharpe,582.9574366925995
2023-08-31,etfs_com_ouro_btc__max_sharpe,579.0095140629678
2023-09-30,etfs_com_ouro_btc__max_sharpe,576.5476141921893
2023-10-31,etfs_com_ouro_btc__max_sharpe,596.7242760785251
2023-11-30,etfs_com_ouro_btc__max_sharpe,632.022050721651
2023-12-31,etfs_com_ouro_btc__max_sharpe,653.2193653910996
2024-01-31,etfs_com_ouro_btc__max_sharpe,651.0349855773774
2024-02-29,etfs_com_ouro_btc__max_sharpe,682.198544264485
2024-03-31,etfs_com_ouro_btc__max_sharpe,718.6343534190694
2024-04-30,etfs_com_ouro_btc__max_sharpe,722.9862944267842
2024-05-31,etfs_com_ouro_btc__max_sharpe,743.5731535487995
2024-06-30,etfs_com_ouro_btc__max_sharpe,779.6431926225987
2024-07-31,etfs_com_ouro_btc__max_sharpe,814.6421346059441
2024-08-31,etfs_com_ouro_btc__max_sharpe,838.4343270403967
2024-09-30,etfs_com_ouro_btc__max_sharpe,834.0245175509564
2024-10-31,etfs_com_ouro_btc__max_sharpe,885.7582211828676
2024-11-30,etfs_com_ouro_btc__max_sharpe,928.5966619819479
2024-12-31,etfs_com_ouro_btc__max_sharpe,924.6207143747524
2025-01-31,etfs_com_ouro_btc__max_sharpe,941.8581508126216
2025-02-28,etfs_com_ouro_btc__max_sharpe,921.9073579648456
2025-03-31,etfs_com_ouro_btc__max_sharpe,951.8115068416183
2025-04-30,etfs_com_ouro_btc__max_sharpe,975.0594863733811
2025-05-31,etfs_com_ouro_btc__max_sharpe,1010.3916667668553
2025-06-30,etfs_com_ouro_btc__max_sharpe,1006.9737168215069
2025-07-31,etfs_com_ouro_btc__max_sharpe,1013.3111026342308
2025-08-31,etfs_com_ouro_btc__max_sharpe,1031.6722120455531
2025-09-30,etfs_com_ouro_btc__max_sharpe,1089.9018946800759
2025-10-31,etfs_com_ouro_btc__max_sharpe,1132.2704582295619
2025-11-30,etfs_com_ouro_btc__max_sharpe,1159.2227624411655
2025-12-31,etfs_com_ouro_btc__max_sharpe,1188.005921245313
2026-01-31,etfs_com_ouro_btc__max_sharpe,1248.1252428847672
2026-02-28,etfs_com_ouro_btc__max_sharpe,1281.4889117381636
2026-03-31,etfs_com_ouro_btc__max_sharpe,1238.6361471528098
2026-04-30,etfs_com_ouro_btc__max_sharpe,1252.336258408104
2015-02-28,etfs_com_ouro_petroleo__max_sharpe,110.81528985032509
2015-03-31,etfs_com_ouro_petroleo__max_sharpe,117.0118643944806
2015-04-30,etfs_com_ouro_petroleo__max_sharpe,115.62230599813724
2015-05-31,etfs_com_ouro_petroleo__max_sharpe,119.83474749232401
2015-06-30,etfs_com_ouro_petroleo__max_sharpe,117.10319325074228
2015-07-31,etfs_com_ouro_petroleo__max_sharpe,118.61088687401487
2015-08-31,etfs_com_ouro_petroleo__max_sharpe,120.71989182896871
2015-09-30,etfs_com_ouro_petroleo__max_sharpe,127.71711977025222
2015-10-31,etfs_com_ouro_petroleo__max_sharpe,129.0983378182415
2015-11-30,etfs_com_ouro_petroleo__max_sharpe,124.10546518823367
2015-12-31,etfs_com_ouro_petroleo__max_sharpe,123.46080574739
2016-01-31,etfs_com_ouro_petroleo__max_sharpe,122.82931339738296
2016-02-29,etfs_com_ouro_petroleo__max_sharpe,127.2168691083395
2016-03-31,etfs_com_ouro_petroleo__max_sharpe,127.69138758096095
2016-04-30,etfs_com_ouro_petroleo__max_sharpe,130.5301445931725
2016-05-31,etfs_com_ouro_petroleo__max_sharpe,127.53592371521422
2016-06-30,etfs_com_ouro_petroleo__max_sharpe,125.10989340500348
2016-07-31,etfs_com_ouro_petroleo__max_sharpe,132.62507570062715
2016-08-31,etfs_com_ouro_petroleo__max_sharpe,130.64908378654943
2016-09-30,etfs_com_ouro_petroleo__max_sharpe,133.38807747194528
2016-10-31,etfs_com_ouro_petroleo__max_sharpe,134.07757817430237
2016-11-30,etfs_com_ouro_petroleo__max_sharpe,135.2414168603577
2016-12-31,etfs_com_ouro_petroleo__max_sharpe,128.45703225945329
2017-01-31,etfs_com_ouro_petroleo__max_sharpe,131.89565247659834
2017-02-28,etfs_com_ouro_petroleo__max_sharpe,135.73237852051227
2017-03-31,etfs_com_ouro_petroleo__max_sharpe,136.084289678886
2017-04-30,etfs_com_ouro_petroleo__max_sharpe,138.89524493362532
2017-05-31,etfs_com_ouro_petroleo__max_sharpe,140.65078094281088
2017-06-30,etfs_com_ouro_petroleo__max_sharpe,139.86151891385634
2017-07-31,etfs_com_ouro_petroleo__max_sharpe,141.22407960504512
2017-08-31,etfs_com_ouro_petroleo__max_sharpe,146.1943615662683
2017-09-30,etfs_com_ouro_petroleo__max_sharpe,147.9366040923162
2017-10-31,etfs_com_ouro_petroleo__max_sharpe,153.12904739081569
2017-11-30,etfs_com_ouro_petroleo__max_sharpe,151.574110835495
2017-12-31,etfs_com_ouro_petroleo__max_sharpe,158.9659214916559
2018-01-31,etfs_com_ouro_petroleo__max_sharpe,165.86800063385505
2018-02-28,etfs_com_ouro_petroleo__max_sharpe,166.23489253638314
2018-03-31,etfs_com_ouro_petroleo__max_sharpe,167.94369241325813
2018-04-30,etfs_com_ouro_petroleo__max_sharpe,173.3155403374874
2018-05-31,etfs_com_ouro_petroleo__max_sharpe,177.4285865534616
2018-06-30,etfs_com_ouro_petroleo__max_sharpe,177.91970635414
2018-07-31,etfs_com_ouro_petroleo__max_sharpe,177.92438541521065
2018-08-31,etfs_com_ouro_petroleo__max_sharpe,190.97499730158145
2018-09-30,etfs_com_ouro_petroleo__max_sharpe,188.61010149088187
2018-10-31,etfs_com_ouro_petroleo__max_sharpe,180.37874564339603
2018-11-30,etfs_com_ouro_petroleo__max_sharpe,185.01892961905222
2018-12-31,etfs_com_ouro_petroleo__max_sharpe,183.052846134543
2019-01-31,etfs_com_ouro_petroleo__max_sharpe,191.0126567625594
2019-02-28,etfs_com_ouro_petroleo__max_sharpe,194.07817723738356
2019-03-31,etfs_com_ouro_petroleo__max_sharpe,200.00531643378525
2019-04-30,etfs_com_ouro_petroleo__max_sharpe,204.8131972392842
2019-05-31,etfs_com_ouro_petroleo__max_sharpe,202.6134913551362
2019-06-30,etfs_com_ouro_petroleo__max_sharpe,210.2084219066197
2019-07-31,etfs_com_ouro_petroleo__max_sharpe,210.89778725341972
2019-08-31,etfs_com_ouro_petroleo__max_sharpe,228.7779962525463
2019-09-30,etfs_com_ouro_petroleo__max_sharpe,228.23330139315794
2019-10-31,etfs_com_ouro_petroleo__max_sharpe,227.2397118755877
2019-11-30,etfs_com_ouro_petroleo__max_sharpe,236.23446974284641
2019-12-31,etfs_com_ouro_petroleo__max_sharpe,241.47733727082831
2020-01-31,etfs_com_ouro_petroleo__max_sharpe,253.1227493856593
2020-02-29,etfs_com_ouro_petroleo__max_sharpe,250.3280258012008
2020-03-31,etfs_com_ouro_petroleo__max_sharpe,237.9119504686861
2020-04-30,etfs_com_ouro_petroleo__max_sharpe,260.4078174206477
2020-05-31,etfs_com_ouro_petroleo__max_sharpe,283.3150734148139
2020-06-30,etfs_com_ouro_petroleo__max_sharpe,300.0318428776712
2020-07-31,etfs_com_ouro_petroleo__max_sharpe,316.14760967110294
2020-08-31,etfs_com_ouro_petroleo__max_sharpe,331.3600468166221
2020-09-30,etfs_com_ouro_petroleo__max_sharpe,324.3005072106164
2020-10-31,etfs_com_ouro_petroleo__max_sharpe,324.88078580950184
2020-11-30,etfs_com_ouro_petroleo__max_sharpe,330.43424863173243
2020-12-31,etfs_com_ouro_petroleo__max_sharpe,347.9605406454871
2021-01-31,etfs_com_ouro_petroleo__max_sharpe,351.56140012297044
2021-02-28,etfs_com_ouro_petroleo__max_sharpe,345.8660964760344
2021-03-31,etfs_com_ouro_petroleo__max_sharpe,362.1522916501333
2021-04-30,etfs_com_ouro_petroleo__max_sharpe,356.14263582431994
2021-05-31,etfs_com_ouro_petroleo__max_sharpe,368.60529556560664
2021-06-30,etfs_com_ouro_petroleo__max_sharpe,352.67024959705526
2021-07-31,etfs_com_ouro_petroleo__max_sharpe,361.1169412337707
2021-08-31,etfs_com_ouro_petroleo__max_sharpe,367.5447774760296
2021-09-30,etfs_com_ouro_petroleo__max_sharpe,362.9669258032454
2021-10-31,etfs_com_ouro_petroleo__max_sharpe,377.45823976225637
2021-11-30,etfs_com_ouro_petroleo__max_sharpe,369.91086751400456
2021-12-31,etfs_com_ouro_petroleo__max_sharpe,380.624795076409
2022-01-31,etfs_com_ouro_petroleo__max_sharpe,372.22855463912157
2022-02-28,etfs_com_ouro_petroleo__max_sharpe,370.1830732677986
2022-03-31,etfs_com_ouro_petroleo__max_sharpe,365.73968645833116
2022-04-30,etfs_com_ouro_petroleo__max_sharpe,348.04847943541733
2022-05-31,etfs_com_ouro_petroleo__max_sharpe,339.13409963106477
2022-06-30,etfs_com_ouro_petroleo__max_sharpe,335.9383251066453
2022-07-31,etfs_com_ouro_petroleo__max_sharpe,347.5077406415155
2022-08-31,etfs_com_ouro_petroleo__max_sharpe,343.09968936897735
2022-09-30,etfs_com_ouro_petroleo__max_sharpe,341.28507077665665
2022-10-31,etfs_com_ouro_petroleo__max_sharpe,345.34633751488457
2022-11-30,etfs_com_ouro_petroleo__max_sharpe,356.90646181041757
2022-12-31,etfs_com_ouro_petroleo__max_sharpe,352.1727581848646
2023-01-31,etfs_com_ouro_petroleo__max_sharpe,365.68660370688815
2023-02-28,etfs_com_ouro_petroleo__max_sharpe,352.34453603490107
2023-03-31,etfs_com_ouro_petroleo__max_sharpe,362.1431741302114
2023-04-30,etfs_com_ouro_petroleo__max_sharpe,360.93662800460083
2023-05-31,etfs_com_ouro_petroleo__max_sharpe,370.8588963311248
2023-06-30,etfs_com_ouro_petroleo__max_sharpe,376.26528244451873
2023-07-31,etfs_com_ouro_petroleo__max_sharpe,382.7135237499558
2023-08-31,etfs_com_ouro_petroleo__max_sharpe,383.9926075402053
2023-09-30,etfs_com_ouro_petroleo__max_sharpe,381.24304669281275
2023-10-31,etfs_com_ouro_petroleo__max_sharpe,385.06899706082567
2023-11-30,etfs_com_ouro_petroleo__max_sharpe,407.1011355190445
2023-12-31,etfs_com_ouro_petroleo__max_sharpe,417.0327596442961
2024-01-31,etfs_com_ouro_petroleo__max_sharpe,418.0897328345039
2024-02-29,etfs_com_ouro_petroleo__max_sharpe,426.46773524024513
2024-03-31,etfs_com_ouro_petroleo__max_sharpe,445.18593844971105
2024-04-30,etfs_com_ouro_petroleo__max_sharpe,452.42165813031113
2024-05-31,etfs_com_ouro_petroleo__max_sharpe,462.88749592306857
2024-06-30,etfs_com_ouro_petroleo__max_sharpe,490.9618853013213
2024-07-31,etfs_com_ouro_petroleo__max_sharpe,510.21326431929924
2024-08-31,etfs_com_ouro_petroleo__max_sharpe,528.0219620426775
2024-09-30,etfs_com_ouro_petroleo__max_sharpe,521.8112609798965
2024-10-31,etfs_com_ouro_petroleo__max_sharpe,552.2923810945183
2024-11-30,etfs_com_ouro_petroleo__max_sharpe,565.7954006579519
2024-12-31,etfs_com_ouro_petroleo__max_sharpe,568.8400072964605
2025-01-31,etfs_com_ouro_petroleo__max_sharpe,576.2017632132435
2025-02-28,etfs_com_ouro_petroleo__max_sharpe,568.1493442526153
2025-03-31,etfs_com_ouro_petroleo__max_sharpe,584.1935871335045
2025-04-30,etfs_com_ouro_petroleo__max_sharpe,589.2846702218224
2025-05-31,etfs_com_ouro_petroleo__max_sharpe,610.919073387191
2025-06-30,etfs_com_ouro_petroleo__max_sharpe,610.9409231806169
2025-07-31,etfs_com_ouro_petroleo__max_sharpe,615.1203573911974
2025-08-31,etfs_com_ouro_petroleo__max_sharpe,625.0923384453826
2025-09-30,etfs_com_ouro_petroleo__max_sharpe,656.7354665157561
2025-10-31,etfs_com_ouro_petroleo__max_sharpe,688.7067671591291
2025-11-30,etfs_com_ouro_petroleo__max_sharpe,710.3511620347822
2025-12-31,etfs_com_ouro_petroleo__max_sharpe,728.1034050291236
2026-01-31,etfs_com_ouro_petroleo__max_sharpe,771.3532686732399
2026-02-28,etfs_com_ouro_petroleo__max_sharpe,795.9464584365221
2026-03-31,etfs_com_ouro_petroleo__max_sharpe,791.6255196889213
2026-04-30,etfs_com_ouro_petroleo__max_sharpe,797.9395261640241
2015-02-28,etfs_com_ouro__max_sharpe,111.06344143755945
2015-03-31,etfs_com_ouro__max_sharpe,117.62140757492297
2015-04-30,etfs_com_ouro__max_sharpe,115.36968769900555
2015-05-31,etfs_com_ouro__max_sharpe,119.29874906778981
2015-06-30,etfs_com_ouro__max_sharpe,116.53994168641108
2015-07-31,etfs_com_ouro__max_sharpe,119.17749151801476
2015-08-31,etfs_com_ouro__max_sharpe,120.70623104130394
2015-09-30,etfs_com_ouro__max_sharpe,127.63675414901343
2015-10-31,etfs_com_ouro__max_sharpe,129.88572000697198
2015-11-30,etfs_com_ouro__max_sharpe,125.7501143026671
2015-12-31,etfs_com_ouro__max_sharpe,125.67480502499369
2016-01-31,etfs_com_ouro__max_sharpe,125.501811107642
2016-02-29,etfs_com_ouro__max_sharpe,130.49516644612558
2016-03-31,etfs_com_ouro__max_sharpe,131.27582909972318
2016-04-30,etfs_com_ouro__max_sharpe,133.47215786580318
2016-05-31,etfs_com_ouro__max_sharpe,129.92394101632786
2016-06-30,etfs_com_ouro__max_sharpe,127.92412433756984
2016-07-31,etfs_com_ouro__max_sharpe,136.97235424255393
2016-08-31,etfs_com_ouro__max_sharpe,134.5661996224582
2016-09-30,etfs_com_ouro__max_sharpe,137.22390065202362
2016-10-31,etfs_com_ouro__max_sharpe,138.25798014714306
2016-11-30,etfs_com_ouro__max_sharpe,139.32292814933217
2016-12-31,etfs_com_ouro__max_sharpe,131.92018066697736
2017-01-31,etfs_com_ouro__max_sharpe,135.9269768374394
2017-02-28,etfs_com_ouro__max_sharpe,139.85889098259372
2017-03-31,etfs_com_ouro__max_sharpe,140.8239803992899
2017-04-30,etfs_com_ouro__max_sharpe,143.9793394738869
2017-05-31,etfs_com_ouro__max_sharpe,145.9487873094239
2017-06-30,etfs_com_ouro__max_sharpe,145.42152938214215
2017-07-31,etfs_com_ouro__max_sharpe,146.48080131784775
2017-08-31,etfs_com_ouro__max_sharpe,152.07204210096987
2017-09-30,etfs_com_ouro__max_sharpe,153.76277644264974
2017-10-31,etfs_com_ouro__max_sharpe,158.74649811833388
2017-11-30,etfs_com_ouro__max_sharpe,156.78861833792712
2017-12-31,etfs_com_ouro__max_sharpe,164.46321168427846
2018-01-31,etfs_com_ouro__max_sharpe,171.551546116929
2018-02-28,etfs_com_ouro__max_sharpe,171.774537361275
2018-03-31,etfs_com_ouro__max_sharpe,172.8495244131206
2018-04-30,etfs_com_ouro__max_sharpe,178.22598828336578
2018-05-31,etfs_com_ouro__max_sharpe,182.3677711097863
2018-06-30,etfs_com_ouro__max_sharpe,181.41580769033183
2018-07-31,etfs_com_ouro__max_sharpe,182.4631406120192
2018-08-31,etfs_com_ouro__max_sharpe,194.9745197641622
2018-09-30,etfs_com_ouro__max_sharpe,192.25057735726534
2018-10-31,etfs_com_ouro__max_sharpe,184.4639791541573
2018-11-30,etfs_com_ouro__max_sharpe,191.55918713440778
2018-12-31,etfs_com_ouro__max_sharpe,189.53036624301714
2019-01-31,etfs_com_ouro__max_sharpe,197.34901851439128
2019-02-28,etfs_com_ouro__max_sharpe,200.10856817457912
2019-03-31,etfs_com_ouro__max_sharpe,205.736259060142
2019-04-30,etfs_com_ouro__max_sharpe,209.9597676640917
2019-05-31,etfs_com_ouro__max_sharpe,208.97818798113587
2019-06-30,etfs_com_ouro__max_sharpe,216.9725357100614
2019-07-31,etfs_com_ouro__max_sharpe,217.6944513267641
2019-08-31,etfs_com_ouro__max_sharpe,235.21611296112223
2019-09-30,etfs_com_ouro__max_sharpe,235.22559009500682
2019-10-31,etfs_com_ouro__max_sharpe,234.27413977530188
2019-11-30,etfs_com_ouro__max_sharpe,243.5120048327412
2019-12-31,etfs_com_ouro__max_sharpe,248.5707938440425
2020-01-31,etfs_com_ouro__max_sharpe,261.8450464740455
2020-02-29,etfs_com_ouro__max_sharpe,258.98780877663313
2020-03-31,etfs_com_ouro__max_sharpe,250.51771855010028
2020-04-30,etfs_com_ouro__max_sharpe,283.6707372849185
2020-05-31,etfs_com_ouro__max_sharpe,303.987162114985
2020-06-30,etfs_com_ouro__max_sharpe,321.1267243868206
2020-07-31,etfs_com_ouro__max_sharpe,338.25673972927274
2020-08-31,etfs_com_ouro__max_sharpe,353.48958964670186
2020-09-30,etfs_com_ouro__max_sharpe,345.1479471507503
2020-10-31,etfs_com_ouro__max_sharpe,347.34091294871524
2020-11-30,etfs_com_ouro__max_sharpe,353.5669387647207
2020-12-31,etfs_com_ouro__max_sharpe,372.2621901543935
2021-01-31,etfs_com_ouro__max_sharpe,374.5922924229384
2021-02-28,etfs_com_ouro__max_sharpe,367.0139730811019
2021-03-31,etfs_com_ouro__max_sharpe,385.1270174012558
2021-04-30,etfs_com_ouro__max_sharpe,378.13569697115275
2021-05-31,etfs_com_ouro__max_sharpe,391.1541749821575
2021-06-30,etfs_com_ouro__max_sharpe,373.21744721241896
2021-07-31,etfs_com_ouro__max_sharpe,380.8489665672612
2021-08-31,etfs_com_ouro__max_sharpe,389.25038144303994
2021-09-30,etfs_com_ouro__max_sharpe,382.2043085707685
2021-10-31,etfs_com_ouro__max_sharpe,396.558873195426
2021-11-30,etfs_com_ouro__max_sharpe,391.36057892769355
2021-12-31,etfs_com_ouro__max_sharpe,400.47822819357145
2022-01-31,etfs_com_ouro__max_sharpe,390.3511930501758
2022-02-28,etfs_com_ouro__max_sharpe,387.29556235626734
2022-03-31,etfs_com_ouro__max_sharpe,382.6200188481194
2022-04-30,etfs_com_ouro__max_sharpe,361.4113505561358
2022-05-31,etfs_com_ouro__max_sharpe,351.6937182912963
2022-06-30,etfs_com_ouro__max_sharpe,346.0820266706507
2022-07-31,etfs_com_ouro__max_sharpe,360.62838676921155
2022-08-31,etfs_com_ouro__max_sharpe,357.92631278695495
2022-09-30,etfs_com_ouro__max_sharpe,356.58337483787335
2022-10-31,etfs_com_ouro__max_sharpe,362.0579422839324
2022-11-30,etfs_com_ouro__max_sharpe,374.96040957516067
2022-12-31,etfs_com_ouro__max_sharpe,369.3242216186768
2023-01-31,etfs_com_ouro__max_sharpe,385.3560690810135
2023-02-28,etfs_com_ouro__max_sharpe,370.81832213344603
2023-03-31,etfs_com_ouro__max_sharpe,381.66710462236927
2023-04-30,etfs_com_ouro__max_sharpe,380.53358870766647
2023-05-31,etfs_com_ouro__max_sharpe,392.6934659936418
2023-06-30,etfs_com_ouro__max_sharpe,399.47402519517925
2023-07-31,etfs_com_ouro__max_sharpe,404.2818195756089
2023-08-31,etfs_com_ouro__max_sharpe,404.881402268564
2023-09-30,etfs_com_ouro__max_sharpe,399.5928674664298
2023-10-31,etfs_com_ouro__max_sharpe,404.03666866969957
2023-11-30,etfs_com_ouro__max_sharpe,430.8383067787921
2023-12-31,etfs_com_ouro__max_sharpe,443.236176622589
2024-01-31,etfs_com_ouro__max_sharpe,442.5529180137393
2024-02-29,etfs_com_ouro__max_sharpe,451.06306360088047
2024-03-31,etfs_com_ouro__max_sharpe,470.5646989601812
2024-04-30,etfs_com_ouro__max_sharpe,478.0424284889607
2024-05-31,etfs_com_ouro__max_sharpe,490.89933922895386
2024-06-30,etfs_com_ouro__max_sharpe,518.3340395989317
2024-07-31,etfs_com_ouro__max_sharpe,539.602835768618
2024-08-31,etfs_com_ouro__max_sharpe,560.5936899484171
2024-09-30,etfs_com_ouro__max_sharpe,555.5965531244535
2024-10-31,etfs_com_ouro__max_sharpe,586.7145881613073
2024-11-30,etfs_com_ouro__max_sharpe,604.020527136226
2024-12-31,etfs_com_ouro__max_sharpe,603.3248341560869
2025-01-31,etfs_com_ouro__max_sharpe,611.3047625688678
2025-02-28,etfs_com_ouro__max_sharpe,604.0688245314212
2025-03-31,etfs_com_ouro__max_sharpe,620.3311514459502
2025-04-30,etfs_com_ouro__max_sharpe,630.2758990411749
2025-05-31,etfs_com_ouro__max_sharpe,652.7075263121263
2025-06-30,etfs_com_ouro__max_sharpe,650.8037197815105
2025-07-31,etfs_com_ouro__max_sharpe,652.1008935188308
2025-08-31,etfs_com_ouro__max_sharpe,665.8732418532263
2025-09-30,etfs_com_ouro__max_sharpe,699.8055954576836
2025-10-31,etfs_com_ouro__max_sharpe,737.1272696119499
2025-11-30,etfs_com_ouro__max_sharpe,761.8446185643754
2025-12-31,etfs_com_ouro__max_sharpe,781.7577310246855
2026-01-31,etfs_com_ouro__max_sharpe,826.5430509144219
2026-02-28,etfs_com_ouro__max_sharpe,852.929485560923
2026-03-31,etfs_com_ouro__max_sharpe,822.9936506449102
2026-04-30,etfs_com_ouro__max_sharpe,831.0637862268411
2015-02-28,etfs_com_btc_petroleo__max_sharpe,116.75403659178944
2015-03-31,etfs_com_btc_petroleo__max_sharpe,122.63096036501551
2015-04-30,etfs_com_btc_petroleo__max_sharpe,122.58688733354002
2015-05-31,etfs_com_btc_petroleo__max_sharpe,125.92564286203736
2015-06-30,etfs_com_btc_petroleo__max_sharpe,124.84170566313307
2015-07-31,etfs_com_btc_petroleo__max_sharpe,129.5037261949464
2015-08-31,etfs_com_btc_petroleo__max_sharpe,123.17199885981418
2015-09-30,etfs_com_btc_petroleo__max_sharpe,130.57042623480643
2015-10-31,etfs_com_btc_petroleo__max_sharpe,137.46548253422375
2015-11-30,etfs_com_btc_petroleo__max_sharpe,138.21963829281145
2015-12-31,etfs_com_btc_petroleo__max_sharpe,138.92416746843782
2016-01-31,etfs_com_btc_petroleo__max_sharpe,131.14916693835391
2016-02-29,etfs_com_btc_petroleo__max_sharpe,134.2852002013988
2016-03-31,etfs_com_btc_petroleo__max_sharpe,138.24877110663977
2016-04-30,etfs_com_btc_petroleo__max_sharpe,138.20075446607132
2016-05-31,etfs_com_btc_petroleo__max_sharpe,141.45801625407276
2016-06-30,etfs_com_btc_petroleo__max_sharpe,139.9301048335584
2016-07-31,etfs_com_btc_petroleo__max_sharpe,149.48958617034572
2016-08-31,etfs_com_btc_petroleo__max_sharpe,148.0059084599045
2016-09-30,etfs_com_btc_petroleo__max_sharpe,152.99861675333918
2016-10-31,etfs_com_btc_petroleo__max_sharpe,158.72043349264342
2016-11-30,etfs_com_btc_petroleo__max_sharpe,165.23132852906053
2016-12-31,etfs_com_btc_petroleo__max_sharpe,162.50383134185176
2017-01-31,etfs_com_btc_petroleo__max_sharpe,166.96414035490454
2017-02-28,etfs_com_btc_petroleo__max_sharpe,175.2129580251292
2017-03-31,etfs_com_btc_petroleo__max_sharpe,174.96699677939353
2017-04-30,etfs_com_btc_petroleo__max_sharpe,183.1773496673114
2017-05-31,etfs_com_btc_petroleo__max_sharpe,200.22027150216593
2017-06-30,etfs_com_btc_petroleo__max_sharpe,204.08188995315135
2017-07-31,etfs_com_btc_petroleo__max_sharpe,209.61639399025688
2017-08-31,etfs_com_btc_petroleo__max_sharpe,229.96233094428078
2017-09-30,etfs_com_btc_petroleo__max_sharpe,231.96701182571243
2017-10-31,etfs_com_btc_petroleo__max_sharpe,256.4128556695278
2017-11-30,etfs_com_btc_petroleo__max_sharpe,268.0119849328926
2017-12-31,etfs_com_btc_petroleo__max_sharpe,290.38816446729425
2018-01-31,etfs_com_btc_petroleo__max_sharpe,297.6267118804984
2018-02-28,etfs_com_btc_petroleo__max_sharpe,298.00463095832436
2018-03-31,etfs_com_btc_petroleo__max_sharpe,291.1294067341636
2018-04-30,etfs_com_btc_petroleo__max_sharpe,308.87554049378156
2018-05-31,etfs_com_btc_petroleo__max_sharpe,311.37823274280623
2018-06-30,etfs_com_btc_petroleo__max_sharpe,309.89254121593757
2018-07-31,etfs_com_btc_petroleo__max_sharpe,324.02978025486084
2018-08-31,etfs_com_btc_petroleo__max_sharpe,347.38487211819466
2018-09-30,etfs_com_btc_petroleo__max_sharpe,341.9833658293056
2018-10-31,etfs_com_btc_petroleo__max_sharpe,316.5495760606445
2018-11-30,etfs_com_btc_petroleo__max_sharpe,312.0164904191087
2018-12-31,etfs_com_btc_petroleo__max_sharpe,297.72662280733783
2019-01-31,etfs_com_btc_petroleo__max_sharpe,310.4018488983102
2019-02-28,etfs_com_btc_petroleo__max_sharpe,320.0919572006251
2019-03-31,etfs_com_btc_petroleo__max_sharpe,336.9906155569064
2019-04-30,etfs_com_btc_petroleo__max_sharpe,360.8918659408825
2019-05-31,etfs_com_btc_petroleo__max_sharpe,370.7364913112272
2019-06-30,etfs_com_btc_petroleo__max_sharpe,389.46506376171715
2019-07-31,etfs_com_btc_petroleo__max_sharpe,389.3723893269459
2019-08-31,etfs_com_btc_petroleo__max_sharpe,406.58223903182574
2019-09-30,etfs_com_btc_petroleo__max_sharpe,408.9397992345602
2019-10-31,etfs_com_btc_petroleo__max_sharpe,415.5530136563508
2019-11-30,etfs_com_btc_petroleo__max_sharpe,430.25846480338004
2019-12-31,etfs_com_btc_petroleo__max_sharpe,439.05368487460936
2020-01-31,etfs_com_btc_petroleo__max_sharpe,460.62885029364634
2020-02-29,etfs_com_btc_petroleo__max_sharpe,448.2318211076689
2020-03-31,etfs_com_btc_petroleo__max_sharpe,394.4663392476892
2020-04-30,etfs_com_btc_petroleo__max_sharpe,451.54517964895496
2020-05-31,etfs_com_btc_petroleo__max_sharpe,491.9487420654912
2020-06-30,etfs_com_btc_petroleo__max_sharpe,524.5248748919475
2020-07-31,etfs_com_btc_petroleo__max_sharpe,559.6050520450078
2020-08-31,etfs_com_btc_petroleo__max_sharpe,589.9719804090801
2020-09-30,etfs_com_btc_petroleo__max_sharpe,581.7109909409667
2020-10-31,etfs_com_btc_petroleo__max_sharpe,601.1565755054718
2020-11-30,etfs_com_btc_petroleo__max_sharpe,665.3236201262794
2020-12-31,etfs_com_btc_petroleo__max_sharpe,732.7257113062174
2021-01-31,etfs_com_btc_petroleo__max_sharpe,765.7638532932381
2021-02-28,etfs_com_btc_petroleo__max_sharpe,807.8437740028056
2021-03-31,etfs_com_btc_petroleo__max_sharpe,883.3793908030963
2021-04-30,etfs_com_btc_petroleo__max_sharpe,873.5577339874169
2021-05-31,etfs_com_btc_petroleo__max_sharpe,841.6936300212778
2021-06-30,etfs_com_btc_petroleo__max_sharpe,830.2407144148315
2021-07-31,etfs_com_btc_petroleo__max_sharpe,857.1990328331714
2021-08-31,etfs_com_btc_petroleo__max_sharpe,887.7421133392315
2021-09-30,etfs_com_btc_petroleo__max_sharpe,865.9886975873894
2021-10-31,etfs_com_btc_petroleo__max_sharpe,937.76384812908
2021-11-30,etfs_com_btc_petroleo__max_sharpe,923.2936275741722
2021-12-31,etfs_com_btc_petroleo__max_sharpe,929.5832881155977
2022-01-31,etfs_com_btc_petroleo__max_sharpe,891.8540040746753
2022-02-28,etfs_com_btc_petroleo__max_sharpe,873.3945926436683
2022-03-31,etfs_com_btc_petroleo__max_sharpe,862.5244598433173
2022-04-30,etfs_com_btc_petroleo__max_sharpe,784.1319372471464
2022-05-31,etfs_com_btc_petroleo__max_sharpe,764.9473510081734
2022-06-30,etfs_com_btc_petroleo__max_sharpe,701.8235192209229
2022-07-31,etfs_com_btc_petroleo__max_sharpe,754.5497526593824
2022-08-31,etfs_com_btc_petroleo__max_sharpe,738.4319071020808
2022-09-30,etfs_com_btc_petroleo__max_sharpe,713.1825641634334
2022-10-31,etfs_com_btc_petroleo__max_sharpe,728.2114736881532
2022-11-30,etfs_com_btc_petroleo__max_sharpe,749.1676459120498
2022-12-31,etfs_com_btc_petroleo__max_sharpe,712.0613053529385
2023-01-31,etfs_com_btc_petroleo__max_sharpe,774.0734596622359
2023-02-28,etfs_com_btc_petroleo__max_sharpe,755.5174860257556
2023-03-31,etfs_com_btc_petroleo__max_sharpe,782.4536446870869
2023-04-30,etfs_com_btc_petroleo__max_sharpe,776.4602720582033
2023-05-31,etfs_com_btc_petroleo__max_sharpe,809.2332087623848
2023-06-30,etfs_com_btc_petroleo__max_sharpe,845.3283085375599
2023-07-31,etfs_com_btc_petroleo__max_sharpe,854.6624567239276
2023-08-31,etfs_com_btc_petroleo__max_sharpe,838.661351247247
2023-09-30,etfs_com_btc_petroleo__max_sharpe,845.9026541592973
2023-10-31,etfs_com_btc_petroleo__max_sharpe,851.8025191845661
2023-11-30,etfs_com_btc_petroleo__max_sharpe,926.9720997391055
2023-12-31,etfs_com_btc_petroleo__max_sharpe,974.2020532179529
2024-01-31,etfs_com_btc_petroleo__max_sharpe,974.4744455893183
2024-02-29,etfs_com_btc_petroleo__max_sharpe,1049.7680031391585
2024-03-31,etfs_com_btc_petroleo__max_sharpe,1089.0345930060073
2024-04-30,etfs_com_btc_petroleo__max_sharpe,1062.488992373193
2024-05-31,etfs_com_btc_petroleo__max_sharpe,1108.9441551194295
2024-06-30,etfs_com_btc_petroleo__max_sharpe,1189.5866993043453
2024-07-31,etfs_com_btc_petroleo__max_sharpe,1209.8586146864934
2024-08-31,etfs_com_btc_petroleo__max_sharpe,1235.6067525043184
2024-09-30,etfs_com_btc_petroleo__max_sharpe,1210.3751755890726
2024-10-31,etfs_com_btc_petroleo__max_sharpe,1269.4715964082482
2024-11-30,etfs_com_btc_petroleo__max_sharpe,1362.4819536134587
2024-12-31,etfs_com_btc_petroleo__max_sharpe,1370.2385905099607
2025-01-31,etfs_com_btc_petroleo__max_sharpe,1371.726414499686
2025-02-28,etfs_com_btc_petroleo__max_sharpe,1312.0215360806494
2025-03-31,etfs_com_btc_petroleo__max_sharpe,1280.1082619186627
2025-04-30,etfs_com_btc_petroleo__max_sharpe,1288.9467487713134
2025-05-31,etfs_com_btc_petroleo__max_sharpe,1384.8993398712232
2025-06-30,etfs_com_btc_petroleo__max_sharpe,1419.986525189804
2025-07-31,etfs_com_btc_petroleo__max_sharpe,1448.7080068706966
2025-08-31,etfs_com_btc_petroleo__max_sharpe,1445.459433102214
2025-09-30,etfs_com_btc_petroleo__max_sharpe,1496.6174605413746
2025-10-31,etfs_com_btc_petroleo__max_sharpe,1553.2456567601237
2025-11-30,etfs_com_btc_petroleo__max_sharpe,1534.4980338189214
2025-12-31,etfs_com_btc_petroleo__max_sharpe,1563.0421224283207
2026-01-31,etfs_com_btc_petroleo__max_sharpe,1599.1207168697495
2026-02-28,etfs_com_btc_petroleo__max_sharpe,1609.033174755814
2026-03-31,etfs_com_btc_petroleo__max_sharpe,1636.8596705302232
2026-04-30,etfs_com_btc_petroleo__max_sharpe,1712.4060630242
2015-02-28,etfs_com_tudo__min_vol,110.15843890891858
2015-03-31,etfs_com_tudo__min_vol,116.54190315072958
2015-04-30,etfs_com_tudo__min_vol,116.29485653815743
2015-05-31,etfs_com_tudo__min_vol,119.93629461690993
2015-06-30,etfs_com_tudo__min_vol,117.49902900117239
2015-07-31,etfs_com_tudo__min_vol,117.74603871335827
2015-08-31,etfs_com_tudo__min_vol,118.9057601182613
2015-09-30,etfs_com_tudo__min_vol,125.23832546626204
2015-10-31,etfs_com_tudo__min_vol,125.14389771487127
2015-11-30,etfs_com_tudo__min_vol,120.23369650412646
2015-12-31,etfs_com_tudo__min_vol,119.4417797421452
2016-01-31,etfs_com_tudo__min_vol,118.50225434110091
2016-02-29,etfs_com_tudo__min_vol,122.18773812723865
2016-03-31,etfs_com_tudo__min_vol,123.38184930536391
2016-04-30,etfs_com_tudo__min_vol,127.25038501519175
2016-05-31,etfs_com_tudo__min_vol,123.51048062593959
2016-06-30,etfs_com_tudo__min_vol,121.66617934483281
2016-07-31,etfs_com_tudo__min_vol,128.36123447202422
2016-08-31,etfs_com_tudo__min_vol,126.68406397751481
2016-09-30,etfs_com_tudo__min_vol,129.2142122040306
2016-10-31,etfs_com_tudo__min_vol,130.50749578207294
2016-11-30,etfs_com_tudo__min_vol,131.5824375944871
2016-12-31,etfs_com_tudo__min_vol,124.51649334941752
2017-01-31,etfs_com_tudo__min_vol,127.38508558264749
2017-02-28,etfs_com_tudo__min_vol,130.58891368619553
2017-03-31,etfs_com_tudo__min_vol,130.12971304344606
2017-04-30,etfs_com_tudo__min_vol,132.32510876144403
2017-05-31,etfs_com_tudo__min_vol,133.34424779298192
2017-06-30,etfs_com_tudo__min_vol,133.71738494873026
2017-07-31,etfs_com_tudo__min_vol,134.90633055499623
2017-08-31,etfs_com_tudo__min_vol,139.3606280431442
2017-09-30,etfs_com_tudo__min_vol,141.66879841799334
2017-10-31,etfs_com_tudo__min_vol,146.25337118008633
2017-11-30,etfs_com_tudo__min_vol,145.23121792415992
2017-12-31,etfs_com_tudo__min_vol,152.40903145165447
2018-01-31,etfs_com_tudo__min_vol,158.04572827146956
2018-02-28,etfs_com_tudo__min_vol,157.58191356674297
2018-03-31,etfs_com_tudo__min_vol,160.25895099470515
2018-04-30,etfs_com_tudo__min_vol,165.67179679067476
2018-05-31,etfs_com_tudo__min_vol,167.4004835062018
2018-06-30,etfs_com_tudo__min_vol,166.91366161247078
2018-07-31,etfs_com_tudo__min_vol,166.77746186805828
2018-08-31,etfs_com_tudo__min_vol,176.71307117714107
2018-09-30,etfs_com_tudo__min_vol,175.5265205661727
2018-10-31,etfs_com_tudo__min_vol,168.28393886068676
2018-11-30,etfs_com_tudo__min_vol,173.23143539335382
2018-12-31,etfs_com_tudo__min_vol,172.08280443585892
2019-01-31,etfs_com_tudo__min_vol,179.32544633034757
2019-02-28,etfs_com_tudo__min_vol,182.02941928124682
2019-03-31,etfs_com_tudo__min_vol,186.44143310398667
2019-04-30,etfs_com_tudo__min_vol,190.06230259899647
2019-05-31,etfs_com_tudo__min_vol,188.2536737368042
2019-06-30,etfs_com_tudo__min_vol,194.23779270900312
2019-07-31,etfs_com_tudo__min_vol,193.4749893992894
2019-08-31,etfs_com_tudo__min_vol,210.14971180465253
2019-09-30,etfs_com_tudo__min_vol,210.7361635286957
2019-10-31,etfs_com_tudo__min_vol,209.9288699828743
2019-11-30,etfs_com_tudo__min_vol,216.35109487736375
2019-12-31,etfs_com_tudo__min_vol,220.401158335215
2020-01-31,etfs_com_tudo__min_vol,227.24327977252804
2020-02-29,etfs_com_tudo__min_vol,224.18754859447435
2020-03-31,etfs_com_tudo__min_vol,208.7006447286405
2020-04-30,etfs_com_tudo__min_vol,223.45320597607162
2020-05-31,etfs_com_tudo__min_vol,241.1712795767084
2020-06-30,etfs_com_tudo__min_vol,253.6304928190951
2020-07-31,etfs_com_tudo__min_vol,263.40267029761384
2020-08-31,etfs_com_tudo__min_vol,273.73801560603124
2020-09-30,etfs_com_tudo__min_vol,270.9110785557652
2020-10-31,etfs_com_tudo__min_vol,271.5843149705689
2020-11-30,etfs_com_tudo__min_vol,277.4595259023745
2020-12-31,etfs_com_tudo__min_vol,292.55354810715147
2021-01-31,etfs_com_tudo__min_vol,295.58469997901676
2021-02-28,etfs_com_tudo__min_vol,293.7309249101261
2021-03-31,etfs_com_tudo__min_vol,308.1418764833055
2021-04-30,etfs_com_tudo__min_vol,300.6897657078886
2021-05-31,etfs_com_tudo__min_vol,313.1385968470672
2021-06-30,etfs_com_tudo__min_vol,295.9908836544521
2021-07-31,etfs_com_tudo__min_vol,300.43340787108366
2021-08-31,etfs_com_tudo__min_vol,301.9235893011741
2021-09-30,etfs_com_tudo__min_vol,301.273442257873
2021-10-31,etfs_com_tudo__min_vol,308.73281534347444
2021-11-30,etfs_com_tudo__min_vol,299.3338407583185
2021-12-31,etfs_com_tudo__min_vol,308.78339980896106
2022-01-31,etfs_com_tudo__min_vol,307.37170871025245
2022-02-28,etfs_com_tudo__min_vol,306.6772112537024
2022-03-31,etfs_com_tudo__min_vol,300.47206182342785
2022-04-30,etfs_com_tudo__min_vol,290.1789598975251
2022-05-31,etfs_com_tudo__min_vol,286.190584631585
2022-06-30,etfs_com_tudo__min_vol,285.7676341592197
2022-07-31,etfs_com_tudo__min_vol,289.842963354907
2022-08-31,etfs_com_tudo__min_vol,286.3856723153277
2022-09-30,etfs_com_tudo__min_vol,284.9977151930985
2022-10-31,etfs_com_tudo__min_vol,286.4956326706774
2022-11-30,etfs_com_tudo__min_vol,300.20729405370935
2022-12-31,etfs_com_tudo__min_vol,300.91806737876334
2023-01-31,etfs_com_tudo__min_vol,308.6826323623595
2023-02-28,etfs_com_tudo__min_vol,293.882043819045
2023-03-31,etfs_com_tudo__min_vol,297.8135363322347
2023-04-30,etfs_com_tudo__min_vol,297.56887091841253
2023-05-31,etfs_com_tudo__min_vol,298.62987591021886
2023-06-30,etfs_com_tudo__min_vol,302.27596230523426
2023-07-31,etfs_com_tudo__min_vol,307.5736174191872
2023-08-31,etfs_com_tudo__min_vol,305.88238749018603
2023-09-30,etfs_com_tudo__min_vol,306.1414269022511
2023-10-31,etfs_com_tudo__min_vol,308.80694565756176
2023-11-30,etfs_com_tudo__min_vol,321.11716880293477
2023-12-31,etfs_com_tudo__min_vol,328.48503346840744
2024-01-31,etfs_com_tudo__min_vol,326.9667356165721
2024-02-29,etfs_com_tudo__min_vol,333.9756765210337
2024-03-31,etfs_com_tudo__min_vol,347.57802047539906
2024-04-30,etfs_com_tudo__min_vol,353.0660229539267
2024-05-31,etfs_com_tudo__min_vol,357.8533689769242
2024-06-30,etfs_com_tudo__min_vol,374.0421345619528
2024-07-31,etfs_com_tudo__min_vol,391.57722034447346
2024-08-31,etfs_com_tudo__min_vol,405.6468503808454
2024-09-30,etfs_com_tudo__min_vol,401.78068112849064
2024-10-31,etfs_com_tudo__min_vol,420.4443824324435
2024-11-30,etfs_com_tudo__min_vol,425.5522490236503
2024-12-31,etfs_com_tudo__min_vol,424.5884145455242
2025-01-31,etfs_com_tudo__min_vol,429.5760802930764
2025-02-28,etfs_com_tudo__min_vol,427.64890696932605
2025-03-31,etfs_com_tudo__min_vol,445.70818628741324
2025-04-30,etfs_com_tudo__min_vol,448.4225912473031
2025-05-31,etfs_com_tudo__min_vol,461.36919198567733
2025-06-30,etfs_com_tudo__min_vol,461.10843653574403
2025-07-31,etfs_com_tudo__min_vol,463.0678073418176
2025-08-31,etfs_com_tudo__min_vol,474.48197832826446
2025-09-30,etfs_com_tudo__min_vol,496.76889203277284
2025-10-31,etfs_com_tudo__min_vol,512.9954475970187
2025-11-30,etfs_com_tudo__min_vol,531.9437699701563
2025-12-31,etfs_com_tudo__min_vol,545.8865027149666
2026-01-31,etfs_com_tudo__min_vol,584.762844839455
2026-02-28,etfs_com_tudo__min_vol,613.3408451406178
2026-03-31,etfs_com_tudo__min_vol,611.7168855496559
2026-04-30,etfs_com_tudo__min_vol,611.0668436545091
2015-02-28,etfs_com_btc__max_sharpe,116.95000595440328
2015-03-31,etfs_com_btc__max_sharpe,123.11685235651922
2015-04-30,etfs_com_btc__max_sharpe,122.43882193413506
2015-05-31,etfs_com_btc__max_sharpe,125.52407819578481
2015-06-30,etfs_com_btc__max_sharpe,124.47692383874418
2015-07-31,etfs_com_btc__max_sharpe,130.1505988451628
2015-08-31,etfs_com_btc__max_sharpe,123.05951600202766
2015-09-30,etfs_com_btc__max_sharpe,130.44339053980326
2015-10-31,etfs_com_btc__max_sharpe,138.09798678473504
2015-11-30,etfs_com_btc__max_sharpe,139.640269051469
2015-12-31,etfs_com_btc__max_sharpe,141.1766683009728
2016-01-31,etfs_com_btc__max_sharpe,133.5487741408809
2016-02-29,etfs_com_btc__max_sharpe,137.44290921810375
2016-03-31,etfs_com_btc__max_sharpe,141.8156484341434
2016-04-30,etfs_com_btc__max_sharpe,140.95161975121684
2016-05-31,etfs_com_btc__max_sharpe,143.81597395587767
2016-06-30,etfs_com_btc__max_sharpe,142.89444750174084
2016-07-31,etfs_com_btc__max_sharpe,154.12939716681763
2016-08-31,etfs_com_btc__max_sharpe,152.25117653542645
2016-09-30,etfs_com_btc__max_sharpe,157.20868951708437
2016-10-31,etfs_com_btc__max_sharpe,163.62648249162837
2016-11-30,etfs_com_btc__max_sharpe,169.68758726087123
2016-12-31,etfs_com_btc__max_sharpe,166.44937577209404
2017-01-31,etfs_com_btc__max_sharpe,171.94906105683782
2017-02-28,etfs_com_btc__max_sharpe,180.71234160822357
2017-03-31,etfs_com_btc__max_sharpe,181.18296696806104
2017-04-30,etfs_com_btc__max_sharpe,190.23560993137394
2017-05-31,etfs_com_btc__max_sharpe,208.60145946458402
2017-06-30,etfs_com_btc__max_sharpe,213.01880786749723
2017-07-31,etfs_com_btc__max_sharpe,218.58302689435766
2017-08-31,etfs_com_btc__max_sharpe,241.1352466725086
2017-09-30,etfs_com_btc__max_sharpe,242.5643334628344
2017-10-31,etfs_com_btc__max_sharpe,267.943646495647
2017-11-30,etfs_com_btc__max_sharpe,279.7950954433802
2017-12-31,etfs_com_btc__max_sharpe,303.28652525263044
2018-01-31,etfs_com_btc__max_sharpe,311.05777388960024
2018-02-28,etfs_com_btc__max_sharpe,311.7501802951873
2018-03-31,etfs_com_btc__max_sharpe,303.0537487622161
2018-04-30,etfs_com_btc__max_sharpe,320.6505392945737
2018-05-31,etfs_com_btc__max_sharpe,322.32640772193116
2018-06-30,etfs_com_btc__max_sharpe,318.02636097489005
2018-07-31,etfs_com_btc__max_sharpe,334.4030412815888
2018-08-31,etfs_com_btc__max_sharpe,356.83451542595225
2018-09-30,etfs_com_btc__max_sharpe,350.6825987452678
2018-10-31,etfs_com_btc__max_sharpe,326.340083654433
2018-11-30,etfs_com_btc__max_sharpe,325.2396045625381
2018-12-31,etfs_com_btc__max_sharpe,310.9383260512474
2019-01-31,etfs_com_btc__max_sharpe,323.5992665486368
2019-02-28,etfs_com_btc__max_sharpe,333.0888177197549
2019-03-31,etfs_com_btc__max_sharpe,349.81247638947866
2019-04-30,etfs_com_btc__max_sharpe,373.8425055203788
2019-05-31,etfs_com_btc__max_sharpe,387.0538071800016
2019-06-30,etfs_com_btc__max_sharpe,406.9530909929371
2019-07-31,etfs_com_btc__max_sharpe,406.9714304769934
2019-08-31,etfs_com_btc__max_sharpe,423.60929173596327
2019-09-30,etfs_com_btc__max_sharpe,426.5025004903097
2019-10-31,etfs_com_btc__max_sharpe,434.1395265126388
2019-11-30,etfs_com_btc__max_sharpe,449.1775560960406
2019-12-31,etfs_com_btc__max_sharpe,457.9945867960947
2020-01-31,etfs_com_btc__max_sharpe,483.56756167339574
2020-02-29,etfs_com_btc__max_sharpe,471.91268330820486
2020-03-31,etfs_com_btc__max_sharpe,423.9088771175533
2020-04-30,etfs_com_btc__max_sharpe,496.6086715660105
2020-05-31,etfs_com_btc__max_sharpe,534.7381910943828
2020-06-30,etfs_com_btc__max_sharpe,569.9568236716559
2020-07-31,etfs_com_btc__max_sharpe,610.060786694254
2020-08-31,etfs_com_btc__max_sharpe,641.7852975720825
2020-09-30,etfs_com_btc__max_sharpe,633.0212246369719
2020-10-31,etfs_com_btc__max_sharpe,657.758540436399
2020-11-30,etfs_com_btc__max_sharpe,726.4647501184157
2020-12-31,etfs_com_btc__max_sharpe,800.9810336608007
2021-01-31,etfs_com_btc__max_sharpe,833.8249201708243
2021-02-28,etfs_com_btc__max_sharpe,872.6023304047262
2021-03-31,etfs_com_btc__max_sharpe,955.4208710776168
2021-04-30,etfs_com_btc__max_sharpe,944.245446968508
2021-05-31,etfs_com_btc__max_sharpe,908.019942612984
2021-06-30,etfs_com_btc__max_sharpe,893.0569303096111
2021-07-31,etfs_com_btc__max_sharpe,920.32469406118
2021-08-31,etfs_com_btc__max_sharpe,957.344188651415
2021-09-30,etfs_com_btc__max_sharpe,925.6049658788129
2021-10-31,etfs_com_btc__max_sharpe,998.6358562225219
2021-11-30,etfs_com_btc__max_sharpe,989.253179942657
2021-12-31,etfs_com_btc__max_sharpe,990.5041122268645
2022-01-31,etfs_com_btc__max_sharpe,943.4934736681078
2022-02-28,etfs_com_btc__max_sharpe,920.7987429638564
2022-03-31,etfs_com_btc__max_sharpe,907.8725293395335
2022-04-30,etfs_com_btc__max_sharpe,818.2888980208897
2022-05-31,etfs_com_btc__max_sharpe,794.5709523490401
2022-06-30,etfs_com_btc__max_sharpe,726.3520193576951
2022-07-31,etfs_com_btc__max_sharpe,784.0625927115677
2022-08-31,etfs_com_btc__max_sharpe,770.4455966190196
2022-09-30,etfs_com_btc__max_sharpe,745.3531540130832
2022-10-31,etfs_com_btc__max_sharpe,758.5016065012868
2022-11-30,etfs_com_btc__max_sharpe,783.5675486495976
2022-12-31,etfs_com_btc__max_sharpe,744.1424250059968
2023-01-31,etfs_com_btc__max_sharpe,813.9702003677953
2023-02-28,etfs_com_btc__max_sharpe,793.5941302426827
2023-03-31,etfs_com_btc__max_sharpe,823.6987470137553
2023-04-30,etfs_com_btc__max_sharpe,817.1048605822721
2023-05-31,etfs_com_btc__max_sharpe,856.1310728742121
2023-06-30,etfs_com_btc__max_sharpe,896.4742298134056
2023-07-31,etfs_com_btc__max_sharpe,902.1344954085745
2023-08-31,etfs_com_btc__max_sharpe,881.9878006062877
2023-09-30,etfs_com_btc__max_sharpe,883.8909509956702
2023-10-31,etfs_com_btc__max_sharpe,892.0983142729506
2023-11-30,etfs_com_btc__max_sharpe,980.0160468264096
2023-12-31,etfs_com_btc__max_sharpe,1034.246730055453
2024-01-31,etfs_com_btc__max_sharpe,1029.8171558628067
2024-02-29,etfs_com_btc__max_sharpe,1109.4290872909392
2024-03-31,etfs_com_btc__max_sharpe,1148.5880434638234
2024-04-30,etfs_com_btc__max_sharpe,1120.550366083307
2024-05-31,etfs_com_btc__max_sharpe,1174.0781763360728
2024-06-30,etfs_com_btc__max_sharpe,1254.198171979208
2024-07-31,etfs_com_btc__max_sharpe,1276.9374789725919
2024-08-31,etfs_com_btc__max_sharpe,1309.9875123190961
2024-09-30,etfs_com_btc__max_sharpe,1289.9838293843738
2024-10-31,etfs_com_btc__max_sharpe,1349.9170306415574
2024-11-30,etfs_com_btc__max_sharpe,1452.5521411665545
2024-12-31,etfs_com_btc__max_sharpe,1455.586028737361
2025-01-31,etfs_com_btc__max_sharpe,1458.6917618251848
2025-02-28,etfs_com_btc__max_sharpe,1396.8921930772915
2025-03-31,etfs_com_btc__max_sharpe,1360.9351902064998
2025-04-30,etfs_com_btc__max_sharpe,1383.801805110066
2025-05-31,etfs_com_btc__max_sharpe,1486.2658352652613
2025-06-30,etfs_com_btc__max_sharpe,1519.7200217614486
2025-07-31,etfs_com_btc__max_sharpe,1543.3948588124529
2025-08-31,etfs_com_btc__max_sharpe,1546.5991491207637
2025-09-30,etfs_com_btc__max_sharpe,1603.5170391272486
2025-10-31,etfs_com_btc__max_sharpe,1672.4253266059097
2025-11-30,etfs_com_btc__max_sharpe,1654.0071516507976
2025-12-31,etfs_com_btc__max_sharpe,1686.044922573879
2026-01-31,etfs_com_btc__max_sharpe,1719.5308064933706
2026-02-28,etfs_com_btc__max_sharpe,1725.7193431562634
2026-03-31,etfs_com_btc__max_sharpe,1706.7678874126916
2026-04-30,etfs_com_btc__max_sharpe,1794.0133182377326
2015-02-28,etfs_com_ouro_petroleo__min_vol,110.13976731440607
2015-03-31,etfs_com_ouro_petroleo__min_vol,116.52073352275458
2015-04-30,etfs_com_ouro_petroleo__min_vol,116.27409118756533
2015-05-31,etfs_com_ouro_petroleo__min_vol,119.92311070667878
2015-06-30,etfs_com_ouro_petroleo__min_vol,117.44960694610126
2015-07-31,etfs_com_ouro_petroleo__min_vol,117.6952459623206
2015-08-31,etfs_com_ouro_petroleo__min_vol,118.88449172444165
2015-09-30,etfs_com_ouro_petroleo__min_vol,125.2029903399263
2015-10-31,etfs_com_ouro_petroleo__min_vol,125.05819392586088
2015-11-30,etfs_com_ouro_petroleo__min_vol,120.11195564264428
2015-12-31,etfs_com_ouro_petroleo__min_vol,119.28374223102043
2016-01-31,etfs_com_ouro_petroleo__min_vol,118.36970444294299
2016-02-29,etfs_com_ouro_petroleo__min_vol,122.01448125450302
2016-03-31,etfs_com_ouro_petroleo__min_vol,123.23806981968207
2016-04-30,etfs_com_ouro_petroleo__min_vol,127.08241726661436
2016-05-31,etfs_com_ouro_petroleo__min_vol,123.30245580305161
2016-06-30,etfs_com_ouro_petroleo__min_vol,121.4071496604948
2016-07-31,etfs_com_ouro_petroleo__min_vol,128.11772151481736
2016-08-31,etfs_com_ouro_petroleo__min_vol,126.46031750283109
2016-09-30,etfs_com_ouro_petroleo__min_vol,128.96232800123485
2016-10-31,etfs_com_ouro_petroleo__min_vol,130.2132990021399
2016-11-30,etfs_com_ouro_petroleo__min_vol,131.29084865329642
2016-12-31,etfs_com_ouro_petroleo__min_vol,124.18759027036252
2017-01-31,etfs_com_ouro_petroleo__min_vol,127.0465504520486
2017-02-28,etfs_com_ouro_petroleo__min_vol,130.2039193725962
2017-03-31,etfs_com_ouro_petroleo__min_vol,129.76872376186188
2017-04-30,etfs_com_ouro_petroleo__min_vol,131.89511861320858
2017-05-31,etfs_com_ouro_petroleo__min_vol,132.73035076009313
2017-06-30,etfs_com_ouro_petroleo__min_vol,133.0824307574774
2017-07-31,etfs_com_ouro_petroleo__min_vol,134.22939122852958
2017-08-31,etfs_com_ouro_petroleo__min_vol,138.5001583365341
2017-09-30,etfs_com_ouro_petroleo__min_vol,140.82308461019988
2017-10-31,etfs_com_ouro_petroleo__min_vol,145.24567109586695
2017-11-30,etfs_com_ouro_petroleo__min_vol,144.0763557732306
2017-12-31,etfs_com_ouro_petroleo__min_vol,151.0915805949367
2018-01-31,etfs_com_ouro_petroleo__min_vol,156.7774253188682
2018-02-28,etfs_com_ouro_petroleo__min_vol,156.29947770096746
2018-03-31,etfs_com_ouro_petroleo__min_vol,159.0391619140761
2018-04-30,etfs_com_ouro_petroleo__min_vol,164.3044556896844
2018-05-31,etfs_com_ouro_petroleo__min_vol,166.0966386642289
2018-06-30,etfs_com_ouro_petroleo__min_vol,165.6698603061225
2018-07-31,etfs_com_ouro_petroleo__min_vol,165.4941136364641
2018-08-31,etfs_com_ouro_petroleo__min_vol,175.4077985368213
2018-09-30,etfs_com_ouro_petroleo__min_vol,174.2488527379549
2018-10-31,etfs_com_ouro_petroleo__min_vol,167.06556897617813
2018-11-30,etfs_com_ouro_petroleo__min_vol,172.1100349431521
2018-12-31,etfs_com_ouro_petroleo__min_vol,170.94771129476734
2019-01-31,etfs_com_ouro_petroleo__min_vol,178.19173522581843
2019-02-28,etfs_com_ouro_petroleo__min_vol,180.8530562920243
2019-03-31,etfs_com_ouro_petroleo__min_vol,185.2194106592525
2019-04-30,etfs_com_ouro_petroleo__min_vol,188.73024924357838
2019-05-31,etfs_com_ouro_petroleo__min_vol,186.69059783617325
2019-06-30,etfs_com_ouro_petroleo__min_vol,192.56163644884285
2019-07-31,etfs_com_ouro_petroleo__min_vol,191.8477131348078
2019-08-31,etfs_com_ouro_petroleo__min_vol,208.3942240669147
2019-09-30,etfs_com_ouro_petroleo__min_vol,209.04255749884916
2019-10-31,etfs_com_ouro_petroleo__min_vol,208.2052264925585
2019-11-30,etfs_com_ouro_petroleo__min_vol,214.67802415287167
2019-12-31,etfs_com_ouro_petroleo__min_vol,218.7296745539089
2020-01-31,etfs_com_ouro_petroleo__min_vol,225.40360737349232
2020-02-29,etfs_com_ouro_petroleo__min_vol,222.3550064704197
2020-03-31,etfs_com_ouro_petroleo__min_vol,207.04987853577651
2020-04-30,etfs_com_ouro_petroleo__min_vol,221.65552228480468
2020-05-31,etfs_com_ouro_petroleo__min_vol,239.2068325779887
2020-06-30,etfs_com_ouro_petroleo__min_vol,251.57692303830413
2020-07-31,etfs_com_ouro_petroleo__min_vol,261.21524008317124
2020-08-31,etfs_com_ouro_petroleo__min_vol,271.48147007298684
2020-09-30,etfs_com_ouro_petroleo__min_vol,268.68326343232275
2020-10-31,etfs_com_ouro_petroleo__min_vol,269.1892503410976
2020-11-30,etfs_com_ouro_petroleo__min_vol,274.87445279169395
2020-12-31,etfs_com_ouro_petroleo__min_vol,289.5954695925269
2021-01-31,etfs_com_ouro_petroleo__min_vol,292.49172821939
2021-02-28,etfs_com_ouro_petroleo__min_vol,290.4537114210792
2021-03-31,etfs_com_ouro_petroleo__min_vol,304.57969770167807
2021-04-30,etfs_com_ouro_petroleo__min_vol,297.2804723513477
2021-05-31,etfs_com_ouro_petroleo__min_vol,309.7793438918926
2021-06-30,etfs_com_ouro_petroleo__min_vol,292.8860495992116
2021-07-31,etfs_com_ouro_petroleo__min_vol,297.2016440116735
2021-08-31,etfs_com_ouro_petroleo__min_vol,298.63171816819215
2021-09-30,etfs_com_ouro_petroleo__min_vol,297.97034487187744
2021-10-31,etfs_com_ouro_petroleo__min_vol,305.1821627280762
2021-11-30,etfs_com_ouro_petroleo__min_vol,295.9548779404637
2021-12-31,etfs_com_ouro_petroleo__min_vol,305.4399372836903
2022-01-31,etfs_com_ouro_petroleo__min_vol,304.08396071273273
2022-02-28,etfs_com_ouro_petroleo__min_vol,303.2996096058754
2022-03-31,etfs_com_ouro_petroleo__min_vol,297.18035600305177
2022-04-30,etfs_com_ouro_petroleo__min_vol,287.02297748638455
2022-05-31,etfs_com_ouro_petroleo__min_vol,283.1512883227452
2022-06-30,etfs_com_ouro_petroleo__min_vol,282.8699239160565
2022-07-31,etfs_com_ouro_petroleo__min_vol,286.90581051548673
2022-08-31,etfs_com_ouro_petroleo__min_vol,283.5452475436311
2022-09-30,etfs_com_ouro_petroleo__min_vol,282.1362745727951
2022-10-31,etfs_com_ouro_petroleo__min_vol,283.6953694447692
2022-11-30,etfs_com_ouro_petroleo__min_vol,297.3382535378778
2022-12-31,etfs_com_ouro_petroleo__min_vol,297.98479202178027
2023-01-31,etfs_com_ouro_petroleo__min_vol,305.4922912598487
2023-02-28,etfs_com_ouro_petroleo__min_vol,290.84731612762766
2023-03-31,etfs_com_ouro_petroleo__min_vol,294.6308817163878
2023-04-30,etfs_com_ouro_petroleo__min_vol,294.3908058647796
2023-05-31,etfs_com_ouro_petroleo__min_vol,295.51134496943695
2023-06-30,etfs_com_ouro_petroleo__min_vol,299.1093857385153
2023-07-31,etfs_com_ouro_petroleo__min_vol,304.387358757206
2023-08-31,etfs_com_ouro_petroleo__min_vol,302.7848504238928
2023-09-30,etfs_com_ouro_petroleo__min_vol,302.9751892419801
2023-10-31,etfs_com_ouro_petroleo__min_vol,305.42781920037766
2023-11-30,etfs_com_ouro_petroleo__min_vol,317.65441092409924
2023-12-31,etfs_com_ouro_petroleo__min_vol,324.90861049101306
2024-01-31,etfs_com_ouro_petroleo__min_vol,323.42551220324344
2024-02-29,etfs_com_ouro_petroleo__min_vol,330.12324352249607
2024-03-31,etfs_com_ouro_petroleo__min_vol,343.48902487381844
2024-04-30,etfs_com_ouro_petroleo__min_vol,348.97000401214996
2024-05-31,etfs_com_ouro_petroleo__min_vol,353.67621446083797
2024-06-30,etfs_com_ouro_petroleo__min_vol,369.78675398151506
2024-07-31,etfs_com_ouro_petroleo__min_vol,387.1034880871747
2024-08-31,etfs_com_ouro_petroleo__min_vol,401.0996985672121
2024-09-30,etfs_com_ouro_petroleo__min_vol,397.21241534308456
2024-10-31,etfs_com_ouro_petroleo__min_vol,415.5745942813991
2024-11-30,etfs_com_ouro_petroleo__min_vol,420.4083610621517
2024-12-31,etfs_com_ouro_petroleo__min_vol,419.4467558831634
2025-01-31,etfs_com_ouro_petroleo__min_vol,424.33721357927305
2025-02-28,etfs_com_ouro_petroleo__min_vol,422.5383457809697
2025-03-31,etfs_com_ouro_petroleo__min_vol,440.30325522307515
2025-04-30,etfs_com_ouro_petroleo__min_vol,442.85618963620806
2025-05-31,etfs_com_ouro_petroleo__min_vol,455.6089474843003
2025-06-30,etfs_com_ouro_petroleo__min_vol,455.38042407805983
2025-07-31,etfs_com_ouro_petroleo__min_vol,457.2625509070725
2025-08-31,etfs_com_ouro_petroleo__min_vol,468.60201358025904
2025-09-30,etfs_com_ouro_petroleo__min_vol,490.6030092397177
2025-10-31,etfs_com_ouro_petroleo__min_vol,506.691581781713
2025-11-30,etfs_com_ouro_petroleo__min_vol,525.5747379180176
2025-12-31,etfs_com_ouro_petroleo__min_vol,539.3895593435763
2026-01-31,etfs_com_ouro_petroleo__min_vol,577.8474708412656
2026-02-28,etfs_com_ouro_petroleo__min_vol,606.1648243899261
2026-03-31,etfs_com_ouro_petroleo__min_vol,604.40640925351
2026-04-30,etfs_com_ouro_petroleo__min_vol,603.8003132380946
2015-02-28,etfs_com_ouro_btc__min_vol,110.6717130405597
2015-03-31,etfs_com_ouro_btc__min_vol,116.67890555246179
2015-04-30,etfs_com_ouro_btc__min_vol,115.80814716862862
2015-05-31,etfs_com_ouro_btc__min_vol,119.29450621045015
2015-06-30,etfs_com_ouro_btc__min_vol,116.62685145395464
2015-07-31,etfs_com_ouro_btc__min_vol,118.82547119931147
2015-08-31,etfs_com_ouro_btc__min_vol,118.84885898881461
2015-09-30,etfs_com_ouro_btc__min_vol,125.19698506397813
2015-10-31,etfs_com_ouro_btc__min_vol,125.60521404016836
2015-11-30,etfs_com_ouro_btc__min_vol,121.65494549387878
2015-12-31,etfs_com_ouro_btc__min_vol,121.37959863126315
2016-01-31,etfs_com_ouro_btc__min_vol,120.85637308188186
2016-02-29,etfs_com_ouro_btc__min_vol,124.69998702390757
2016-03-31,etfs_com_ouro_btc__min_vol,126.24614246599018
2016-04-30,etfs_com_ouro_btc__min_vol,129.4765391381571
2016-05-31,etfs_com_ouro_btc__min_vol,124.79519195586053
2016-06-30,etfs_com_ouro_btc__min_vol,122.88566406958819
2016-07-31,etfs_com_ouro_btc__min_vol,131.03225258205512
2016-08-31,etfs_com_ouro_btc__min_vol,129.03363887077768
2016-09-30,etfs_com_ouro_btc__min_vol,131.01375329360246
2016-10-31,etfs_com_ouro_btc__min_vol,132.133679106191
2016-11-30,etfs_com_ouro_btc__min_vol,133.00227532548865
2016-12-31,etfs_com_ouro_btc__min_vol,125.95228280825145
2017-01-31,etfs_com_ouro_btc__min_vol,129.26153491343214
2017-02-28,etfs_com_ouro_btc__min_vol,132.44090753731962
2017-03-31,etfs_com_ouro_btc__min_vol,132.81036665785362
2017-04-30,etfs_com_ouro_btc__min_vol,135.42950657311252
2017-05-31,etfs_com_ouro_btc__min_vol,136.96878364860788
2017-06-30,etfs_com_ouro_btc__min_vol,137.5017923436808
2017-07-31,etfs_com_ouro_btc__min_vol,138.28473671227394
2017-08-31,etfs_com_ouro_btc__min_vol,143.13190910723148
2017-09-30,etfs_com_ouro_btc__min_vol,145.37883828533538
2017-10-31,etfs_com_ouro_btc__min_vol,149.3067674605722
2017-11-30,etfs_com_ouro_btc__min_vol,147.33285367739185
2017-12-31,etfs_com_ouro_btc__min_vol,154.74007990092485
2018-01-31,etfs_com_ouro_btc__min_vol,160.33166551335643
2018-02-28,etfs_com_ouro_btc__min_vol,159.27281054106865
2018-03-31,etfs_com_ouro_btc__min_vol,161.48641248725107
2018-04-30,etfs_com_ouro_btc__min_vol,167.01987418991052
2018-05-31,etfs_com_ouro_btc__min_vol,168.59693901608895
2018-06-30,etfs_com_ouro_btc__min_vol,166.73571537888049
2018-07-31,etfs_com_ouro_btc__min_vol,167.50863299521862
2018-08-31,etfs_com_ouro_btc__min_vol,175.95236772788726
2018-09-30,etfs_com_ouro_btc__min_vol,174.5434163652214
2018-10-31,etfs_com_ouro_btc__min_vol,168.27438051691553
2018-11-30,etfs_com_ouro_btc__min_vol,175.45781809074072
2018-12-31,etfs_com_ouro_btc__min_vol,174.63236891224943
2019-01-31,etfs_com_ouro_btc__min_vol,181.22250805997683
2019-02-28,etfs_com_ouro_btc__min_vol,183.8055793540157
2019-03-31,etfs_com_ouro_btc__min_vol,187.75843476249355
2019-04-30,etfs_com_ouro_btc__min_vol,190.87126956296046
2019-05-31,etfs_com_ouro_btc__min_vol,189.92231011828196
2019-06-30,etfs_com_ouro_btc__min_vol,195.34736400051636
2019-07-31,etfs_com_ouro_btc__min_vol,194.23845231466467
2019-08-31,etfs_com_ouro_btc__min_vol,210.42696322164582
2019-09-30,etfs_com_ouro_btc__min_vol,212.11783433724008
2019-10-31,etfs_com_ouro_btc__min_vol,211.85080663379483
2019-11-30,etfs_com_ouro_btc__min_vol,218.28874403405146
2019-12-31,etfs_com_ouro_btc__min_vol,222.29316834568067
2020-01-31,etfs_com_ouro_btc__min_vol,230.17059124217653
2020-02-29,etfs_com_ouro_btc__min_vol,226.38238907872784
2020-03-31,etfs_com_ouro_btc__min_vol,214.51259349482729
2020-04-30,etfs_com_ouro_btc__min_vol,237.3106611760068
2020-05-31,etfs_com_ouro_btc__min_vol,250.7287647714195
2020-06-30,etfs_com_ouro_btc__min_vol,262.46123893920844
2020-07-31,etfs_com_ouro_btc__min_vol,272.071972194493
2020-08-31,etfs_com_ouro_btc__min_vol,281.38072113996924
2020-09-30,etfs_com_ouro_btc__min_vol,278.2901982296856
2020-10-31,etfs_com_ouro_btc__min_vol,279.5889805531292
2020-11-30,etfs_com_ouro_btc__min_vol,286.47172195647
2020-12-31,etfs_com_ouro_btc__min_vol,301.6577128532001
2021-01-31,etfs_com_ouro_btc__min_vol,303.11769537324767
2021-02-28,etfs_com_ouro_btc__min_vol,298.6988905057976
2021-03-31,etfs_com_ouro_btc__min_vol,314.6673766120023
2021-04-30,etfs_com_ouro_btc__min_vol,307.17628908977184
2021-05-31,etfs_com_ouro_btc__min_vol,320.0773390962227
2021-06-30,etfs_com_ouro_btc__min_vol,300.9808033165627
2021-07-31,etfs_com_ouro_btc__min_vol,304.6059367276707
2021-08-31,etfs_com_ouro_btc__min_vol,307.0456551978877
2021-09-30,etfs_com_ouro_btc__min_vol,303.5767173412699
2021-10-31,etfs_com_ouro_btc__min_vol,310.2136286285408
2021-11-30,etfs_com_ouro_btc__min_vol,302.93642434523383
2021-12-31,etfs_com_ouro_btc__min_vol,311.6728148966533
2022-01-31,etfs_com_ouro_btc__min_vol,309.15638718407735
2022-02-28,etfs_com_ouro_btc__min_vol,306.64258478744676
2022-03-31,etfs_com_ouro_btc__min_vol,299.3248051075111
2022-04-30,etfs_com_ouro_btc__min_vol,287.3738136788416
2022-05-31,etfs_com_ouro_btc__min_vol,282.72359748814233
2022-06-30,etfs_com_ouro_btc__min_vol,280.5967339971109
2022-07-31,etfs_com_ouro_btc__min_vol,286.13483112949467
2022-08-31,etfs_com_ouro_btc__min_vol,283.00581033239985
2022-09-30,etfs_com_ouro_btc__min_vol,281.69490938110727
2022-10-31,etfs_com_ouro_btc__min_vol,284.5333659007415
2022-11-30,etfs_com_ouro_btc__min_vol,300.22606199885564
2022-12-31,etfs_com_ouro_btc__min_vol,300.0909546928219
2023-01-31,etfs_com_ouro_btc__min_vol,309.16168305738375
2023-02-28,etfs_com_ouro_btc__min_vol,295.2132801776795
2023-03-31,etfs_com_ouro_btc__min_vol,298.3732013386672
2023-04-30,etfs_com_ouro_btc__min_vol,299.5742646277993
2023-05-31,etfs_com_ouro_btc__min_vol,301.1034995726217
2023-06-30,etfs_com_ouro_btc__min_vol,305.0439157834143
2023-07-31,etfs_com_ouro_btc__min_vol,308.2651648646647
2023-08-31,etfs_com_ouro_btc__min_vol,305.08578439706605
2023-09-30,etfs_com_ouro_btc__min_vol,303.9922019124609
2023-10-31,etfs_com_ouro_btc__min_vol,306.33030908905
2023-11-30,etfs_com_ouro_btc__min_vol,321.9265916888917
2023-12-31,etfs_com_ouro_btc__min_vol,331.4069766928051
2024-01-31,etfs_com_ouro_btc__min_vol,327.6132361900638
2024-02-29,etfs_com_ouro_btc__min_vol,333.3994940075831
2024-03-31,etfs_com_ouro_btc__min_vol,346.4960133512604
2024-04-30,etfs_com_ouro_btc__min_vol,352.7673139536439
2024-05-31,etfs_com_ouro_btc__min_vol,359.6596743254423
2024-06-30,etfs_com_ouro_btc__min_vol,373.5606126485925
2024-07-31,etfs_com_ouro_btc__min_vol,392.71531173644996
2024-08-31,etfs_com_ouro_btc__min_vol,409.21099061416146
2024-09-30,etfs_com_ouro_btc__min_vol,405.4570150129007
2024-10-31,etfs_com_ouro_btc__min_vol,420.4458838139293
2024-11-30,etfs_com_ouro_btc__min_vol,426.00188006909053
2024-12-31,etfs_com_ouro_btc__min_vol,421.7058228235933
2025-01-31,etfs_com_ouro_btc__min_vol,428.0260087595123
2025-02-28,etfs_com_ouro_btc__min_vol,428.7288161024458
2025-03-31,etfs_com_ouro_btc__min_vol,446.483711703931
2025-04-30,etfs_com_ouro_btc__min_vol,454.34703324455603
2025-05-31,etfs_com_ouro_btc__min_vol,466.985179783993
2025-06-30,etfs_com_ouro_btc__min_vol,464.2706799944059
2025-07-31,etfs_com_ouro_btc__min_vol,462.9834464067554
2025-08-31,etfs_com_ouro_btc__min_vol,477.9025019933953
2025-09-30,etfs_com_ouro_btc__min_vol,500.31033485970937
2025-10-31,etfs_com_ouro_btc__min_vol,517.3027055368459
2025-11-30,etfs_com_ouro_btc__min_vol,537.7236322648789
2025-12-31,etfs_com_ouro_btc__min_vol,555.0265923104959
2026-01-31,etfs_com_ouro_btc__min_vol,590.9709570553708
2026-02-28,etfs_com_ouro_btc__min_vol,620.5511938919552
2026-03-31,etfs_com_ouro_btc__min_vol,593.2483677544949
2026-04-30,etfs_com_ouro_btc__min_vol,596.3638326485494
2015-02-28,etfs_com_ouro__min_vol,110.6717131298315
2015-03-31,etfs_com_ouro__min_vol,116.67890650032693
2015-04-30,etfs_com_ouro__min_vol,115.8081479677779
2015-05-31,etfs_com_ouro__min_vol,119.29450702849864
2015-06-30,etfs_com_ouro__min_vol,116.6268523436331
2015-07-31,etfs_com_ouro__min_vol,118.82547213642283
2015-08-31,etfs_com_ouro__min_vol,118.84885951966979
2015-09-30,etfs_com_ouro__min_vol,125.19698556521826
2015-10-31,etfs_com_ouro__min_vol,125.60521489366636
2015-11-30,etfs_com_ouro__min_vol,121.65494662032658
2015-12-31,etfs_com_ouro__min_vol,121.37959985559972
2016-01-31,etfs_com_ouro__min_vol,120.85637387142407
2016-02-29,etfs_com_ouro__min_vol,124.69998738805945
2016-03-31,etfs_com_ouro__min_vol,126.24614305833937
2016-04-30,etfs_com_ouro__min_vol,129.476539419823
2016-05-31,etfs_com_ouro__min_vol,124.7951928547933
2016-06-30,etfs_com_ouro__min_vol,122.88566479366337
2016-07-31,etfs_com_ouro__min_vol,131.03225369753758
2016-08-31,etfs_com_ouro__min_vol,129.03364004033392
2016-09-30,etfs_com_ouro__min_vol,131.0137549849879
2016-10-31,etfs_com_ouro__min_vol,132.1336812189142
2016-11-30,etfs_com_ouro__min_vol,133.00227792084243
2016-12-31,etfs_com_ouro__min_vol,125.95228448419815
2017-01-31,etfs_com_ouro__min_vol,129.26153662609133
2017-02-28,etfs_com_ouro__min_vol,132.44090907529028
2017-03-31,etfs_com_ouro__min_vol,132.8103681953957
2017-04-30,etfs_com_ouro__min_vol,135.4295079970823
2017-05-31,etfs_com_ouro__min_vol,136.96878483475592
2017-06-30,etfs_com_ouro__min_vol,137.5017938990065
2017-07-31,etfs_com_ouro__min_vol,138.28473815805026
2017-08-31,etfs_com_ouro__min_vol,143.1319102610378
2017-09-30,etfs_com_ouro__min_vol,145.378839681223
2017-10-31,etfs_com_ouro__min_vol,149.30676914749563
2017-11-30,etfs_com_ouro__min_vol,147.33285588300168
2017-12-31,etfs_com_ouro__min_vol,154.74008195803307
2018-01-31,etfs_com_ouro__min_vol,160.33166743761205
2018-02-28,etfs_com_ouro__min_vol,159.27281257810176
2018-03-31,etfs_com_ouro__min_vol,161.48641452696907
2018-04-30,etfs_com_ouro__min_vol,167.019876476512
2018-05-31,etfs_com_ouro__min_vol,168.59694170118104
2018-06-30,etfs_com_ouro__min_vol,166.73571788002988
2018-07-31,etfs_com_ouro__min_vol,167.50863566471966
2018-08-31,etfs_com_ouro__min_vol,175.95237106172226
2018-09-30,etfs_com_ouro__min_vol,174.54341975794566
2018-10-31,etfs_com_ouro__min_vol,168.27438242085748
2018-11-30,etfs_com_ouro__min_vol,175.45782082983186
2018-12-31,etfs_com_ouro__min_vol,174.632371031352
2019-01-31,etfs_com_ouro__min_vol,181.22251054575813
2019-02-28,etfs_com_ouro__min_vol,183.80558190420314
2019-03-31,etfs_com_ouro__min_vol,187.75843754142232
2019-04-30,etfs_com_ouro__min_vol,190.87127216159544
2019-05-31,etfs_com_ouro__min_vol,189.92231222586983
2019-06-30,etfs_com_ouro__min_vol,195.34736629034913
2019-07-31,etfs_com_ouro__min_vol,194.23845436651317
2019-08-31,etfs_com_ouro__min_vol,210.42696435205733
2019-09-30,etfs_com_ouro__min_vol,212.11783572048506
2019-10-31,etfs_com_ouro__min_vol,211.85080782658594
2019-11-30,etfs_com_ouro__min_vol,218.28874523307817
2019-12-31,etfs_com_ouro__min_vol,222.2931688775653
2020-01-31,etfs_com_ouro__min_vol,230.17059082375403
2020-02-29,etfs_com_ouro__min_vol,226.38238891716233
2020-03-31,etfs_com_ouro__min_vol,214.5125932269006
2020-04-30,etfs_com_ouro__min_vol,237.3106621642819
2020-05-31,etfs_com_ouro__min_vol,250.72876509790646
2020-06-30,etfs_com_ouro__min_vol,262.4612395872611
2020-07-31,etfs_com_ouro__min_vol,272.07197048099863
2020-08-31,etfs_com_ouro__min_vol,281.38072068052776
2020-09-30,etfs_com_ouro__min_vol,278.29019799155475
2020-10-31,etfs_com_ouro__min_vol,279.58898042649196
2020-11-30,etfs_com_ouro__min_vol,286.4717230872629
2020-12-31,etfs_com_ouro__min_vol,301.65771386439576
2021-01-31,etfs_com_ouro__min_vol,303.11769704910364
2021-02-28,etfs_com_ouro__min_vol,298.69889502161567
2021-03-31,etfs_com_ouro__min_vol,314.66738133496153
2021-04-30,etfs_com_ouro__min_vol,307.17629230258717
2021-05-31,etfs_com_ouro__min_vol,320.07734204045124
2021-06-30,etfs_com_ouro__min_vol,300.9808063352333
2021-07-31,etfs_com_ouro__min_vol,304.6059389947442
2021-08-31,etfs_com_ouro__min_vol,307.04565727450625
2021-09-30,etfs_com_ouro__min_vol,303.57672096925745
2021-10-31,etfs_com_ouro__min_vol,310.2136318554142
2021-11-30,etfs_com_ouro__min_vol,302.9364272205231
2021-12-31,etfs_com_ouro__min_vol,311.6728167325493
2022-01-31,etfs_com_ouro__min_vol,309.15638987515945
2022-02-28,etfs_com_ouro__min_vol,306.64258715810627
2022-03-31,etfs_com_ouro__min_vol,299.3248076145322
2022-04-30,etfs_com_ouro__min_vol,287.37381564240667
2022-05-31,etfs_com_ouro__min_vol,282.7236009398991
2022-06-30,etfs_com_ouro__min_vol,280.596737396503
2022-07-31,etfs_com_ouro__min_vol,286.13483522513843
2022-08-31,etfs_com_ouro__min_vol,283.0058149216629
2022-09-30,etfs_com_ouro__min_vol,281.69491341070005
2022-10-31,etfs_com_ouro__min_vol,284.5333692936045
2022-11-30,etfs_com_ouro__min_vol,300.22606643731183
2022-12-31,etfs_com_ouro__min_vol,300.09095990171517
2023-01-31,etfs_com_ouro__min_vol,309.16168782463825
2023-02-28,etfs_com_ouro__min_vol,295.21328340792195
2023-03-31,etfs_com_ouro__min_vol,298.37320463976226
2023-04-30,etfs_com_ouro__min_vol,299.5742672065414
2023-05-31,etfs_com_ouro__min_vol,301.10350176358816
2023-06-30,etfs_com_ouro__min_vol,305.04391864407125
2023-07-31,etfs_com_ouro__min_vol,308.26516772508154
2023-08-31,etfs_com_ouro__min_vol,305.0857870388672
2023-09-30,etfs_com_ouro__min_vol,303.9922044439366
2023-10-31,etfs_com_ouro__min_vol,306.3303110320299
2023-11-30,etfs_com_ouro__min_vol,321.9265921770617
2023-12-31,etfs_com_ouro__min_vol,331.4069775632583
2024-01-31,etfs_com_ouro__min_vol,327.6132369888542
2024-02-29,etfs_com_ouro__min_vol,333.39949584646513
2024-03-31,etfs_com_ouro__min_vol,346.49601374444296
2024-04-30,etfs_com_ouro__min_vol,352.76731306605893
2024-05-31,etfs_com_ouro__min_vol,359.65967289386697
2024-06-30,etfs_com_ouro__min_vol,373.56061028318516
2024-07-31,etfs_com_ouro__min_vol,392.71530852829346
2024-08-31,etfs_com_ouro__min_vol,409.2109870747276
2024-09-30,etfs_com_ouro__min_vol,405.4570126680157
2024-10-31,etfs_com_ouro__min_vol,420.44588107607115
2024-11-30,etfs_com_ouro__min_vol,426.0018785823669
2024-12-31,etfs_com_ouro__min_vol,421.70582055431487
2025-01-31,etfs_com_ouro__min_vol,428.026003832758
2025-02-28,etfs_com_ouro__min_vol,428.7288111330027
2025-03-31,etfs_com_ouro__min_vol,446.4837053816078
2025-04-30,etfs_com_ouro__min_vol,454.3470250683306
2025-05-31,etfs_com_ouro__min_vol,466.9851723965692
2025-06-30,etfs_com_ouro__min_vol,464.27067424650727
2025-07-31,etfs_com_ouro__min_vol,462.98344154156547
2025-08-31,etfs_com_ouro__min_vol,477.9024965319419
2025-09-30,etfs_com_ouro__min_vol,500.3103273679657
2025-10-31,etfs_com_ouro__min_vol,517.3026976736872
2025-11-30,etfs_com_ouro__min_vol,537.723624076554
2025-12-31,etfs_com_ouro__min_vol,555.0265818003801
2026-01-31,etfs_com_ouro__min_vol,590.9709480412058
2026-02-28,etfs_com_ouro__min_vol,620.5511863265352
2026-03-31,etfs_com_ouro__min_vol,593.2483638742636
2026-04-30,etfs_com_ouro__min_vol,596.3638257493654
2015-02-28,etfs_com_petroleo__max_sharpe,115.91759329325548
2015-03-31,etfs_com_petroleo__max_sharpe,122.33674309575373
2015-04-30,etfs_com_petroleo__max_sharpe,122.63949609145166
2015-05-31,etfs_com_petroleo__max_sharpe,126.56358688989636
2015-06-30,etfs_com_petroleo__max_sharpe,123.17303862954307
2015-07-31,etfs_com_petroleo__max_sharpe,127.80143831203364
2015-08-31,etfs_com_petroleo__max_sharpe,123.72575937436754
2015-09-30,etfs_com_petroleo__max_sharpe,129.9149714536704
2015-10-31,etfs_com_petroleo__max_sharpe,135.14440659537627
2015-11-30,etfs_com_petroleo__max_sharpe,133.16527295052722
2015-12-31,etfs_com_petroleo__max_sharpe,131.7041461958557
2016-01-31,etfs_com_petroleo__max_sharpe,125.3386148838261
2016-02-29,etfs_com_petroleo__max_sharpe,125.81234751511484
2016-03-31,etfs_com_petroleo__max_sharpe,130.74183851878504
2016-04-30,etfs_com_petroleo__max_sharpe,129.68714132570454
2016-05-31,etfs_com_petroleo__max_sharpe,130.66693704727714
2016-06-30,etfs_com_petroleo__max_sharpe,125.48680149668681
2016-07-31,etfs_com_petroleo__max_sharpe,136.0519772604562
2016-08-31,etfs_com_petroleo__max_sharpe,135.9049405155803
2016-09-30,etfs_com_petroleo__max_sharpe,139.9386911124725
2016-10-31,etfs_com_petroleo__max_sharpe,142.68371916518646
2016-11-30,etfs_com_petroleo__max_sharpe,147.55016363284778
2016-12-31,etfs_com_petroleo__max_sharpe,141.03335319758378
2017-01-31,etfs_com_petroleo__max_sharpe,145.85043878629637
2017-02-28,etfs_com_petroleo__max_sharpe,150.42976372488863
2017-03-31,etfs_com_petroleo__max_sharpe,152.5060380963882
2017-04-30,etfs_com_petroleo__max_sharpe,155.96836631549246
2017-05-31,etfs_com_petroleo__max_sharpe,159.59077677687006
2017-06-30,etfs_com_petroleo__max_sharpe,160.1524779505419
2017-07-31,etfs_com_petroleo__max_sharpe,162.42889854381875
2017-08-31,etfs_com_petroleo__max_sharpe,167.4590147806863
2017-09-30,etfs_com_petroleo__max_sharpe,170.94929153568802
2017-10-31,etfs_com_petroleo__max_sharpe,180.11305583309186
2017-11-30,etfs_com_petroleo__max_sharpe,177.81481804138502
2017-12-31,etfs_com_petroleo__max_sharpe,185.91864072724184
2018-01-31,etfs_com_petroleo__max_sharpe,197.74615475115027
2018-02-28,etfs_com_petroleo__max_sharpe,197.735174782909
2018-03-31,etfs_com_petroleo__max_sharpe,198.33527730039887
2018-04-30,etfs_com_petroleo__max_sharpe,203.53381386299665
2018-05-31,etfs_com_petroleo__max_sharpe,209.93820548377337
2018-06-30,etfs_com_petroleo__max_sharpe,211.81101870041297
2018-07-31,etfs_com_petroleo__max_sharpe,217.86800867795023
2018-08-31,etfs_com_petroleo__max_sharpe,236.68829054843377
2018-09-30,etfs_com_petroleo__max_sharpe,234.4918125197314
2018-10-31,etfs_com_petroleo__max_sharpe,216.94295103525394
2018-11-30,etfs_com_petroleo__max_sharpe,223.2201122692237
2018-12-31,etfs_com_petroleo__max_sharpe,211.8386627721948
2019-01-31,etfs_com_petroleo__max_sharpe,225.5330304384811
2019-02-28,etfs_com_petroleo__max_sharpe,230.6553510519402
2019-03-31,etfs_com_petroleo__max_sharpe,241.533416910289
2019-04-30,etfs_com_petroleo__max_sharpe,251.25014160562733
2019-05-31,etfs_com_petroleo__max_sharpe,241.24911094480095
2019-06-30,etfs_com_petroleo__max_sharpe,249.77073081768927
2019-07-31,etfs_com_petroleo__max_sharpe,252.23763774888468
2019-08-31,etfs_com_petroleo__max_sharpe,260.8303989768511
2019-09-30,etfs_com_petroleo__max_sharpe,266.1522596417999
2019-10-31,etfs_com_petroleo__max_sharpe,267.5437326267747
2019-11-30,etfs_com_petroleo__max_sharpe,284.5342324961385
2019-12-31,etfs_com_petroleo__max_sharpe,293.26897123841604
2020-01-31,etfs_com_petroleo__max_sharpe,300.3531226233498
2020-02-29,etfs_com_petroleo__max_sharpe,291.75867929687706
2020-03-31,etfs_com_petroleo__max_sharpe,263.01137586335426
2020-04-30,etfs_com_petroleo__max_sharpe,296.9482735130073
2020-05-31,etfs_com_petroleo__max_sharpe,324.5961433309764
2020-06-30,etfs_com_petroleo__max_sharpe,349.5027503579369
2020-07-31,etfs_com_petroleo__max_sharpe,366.8868048106073
2020-08-31,etfs_com_petroleo__max_sharpe,390.7813732533556
2020-09-30,etfs_com_petroleo__max_sharpe,383.72052861666896
2020-10-31,etfs_com_petroleo__max_sharpe,383.58970136915343
2020-11-30,etfs_com_petroleo__max_sharpe,414.0238992719339
2020-12-31,etfs_com_petroleo__max_sharpe,436.57865038761105
2021-01-31,etfs_com_petroleo__max_sharpe,447.015209664449
2021-02-28,etfs_com_petroleo__max_sharpe,451.67789882315657
2021-03-31,etfs_com_petroleo__max_sharpe,478.6483910759631
2021-04-30,etfs_com_petroleo__max_sharpe,476.22451677055074
2021-05-31,etfs_com_petroleo__max_sharpe,477.05771476007135
2021-06-30,etfs_com_petroleo__max_sharpe,476.44710047958847
2021-07-31,etfs_com_petroleo__max_sharpe,484.31972684953337
2021-08-31,etfs_com_petroleo__max_sharpe,500.5152388065571
2021-09-30,etfs_com_petroleo__max_sharpe,487.1497685439582
2021-10-31,etfs_com_petroleo__max_sharpe,509.7842199161222
2021-11-30,etfs_com_petroleo__max_sharpe,504.8883231184327
2021-12-31,etfs_com_petroleo__max_sharpe,518.6521853983804
2022-01-31,etfs_com_petroleo__max_sharpe,500.4820578650167
2022-02-28,etfs_com_petroleo__max_sharpe,481.7447945493503
2022-03-31,etfs_com_petroleo__max_sharpe,478.37851528072343
2022-04-30,etfs_com_petroleo__max_sharpe,435.058650418614
2022-05-31,etfs_com_petroleo__max_sharpe,429.11139948975324
2022-06-30,etfs_com_petroleo__max_sharpe,406.91653709967454
2022-07-31,etfs_com_petroleo__max_sharpe,438.3906143976216
2022-08-31,etfs_com_petroleo__max_sharpe,434.68276271965766
2022-09-30,etfs_com_petroleo__max_sharpe,418.5007034561958
2022-10-31,etfs_com_petroleo__max_sharpe,428.88148461023513
2022-11-30,etfs_com_petroleo__max_sharpe,447.463167381929
2022-12-31,etfs_com_petroleo__max_sharpe,424.1474285974798
2023-01-31,etfs_com_petroleo__max_sharpe,449.98006930673665
2023-02-28,etfs_com_petroleo__max_sharpe,439.4178222992871
2023-03-31,etfs_com_petroleo__max_sharpe,448.867302653428
2023-04-30,etfs_com_petroleo__max_sharpe,445.15359343488933
2023-05-31,etfs_com_petroleo__max_sharpe,471.62939623558486
2023-06-30,etfs_com_petroleo__max_sharpe,492.92077508633207
2023-07-31,etfs_com_petroleo__max_sharpe,502.0862638624229
2023-08-31,etfs_com_petroleo__max_sharpe,499.6029681232324
2023-09-30,etfs_com_petroleo__max_sharpe,495.6561367544094
2023-10-31,etfs_com_petroleo__max_sharpe,482.0780082235179
2023-11-30,etfs_com_petroleo__max_sharpe,530.2583172179226
2023-12-31,etfs_com_petroleo__max_sharpe,553.3929044387626
2024-01-31,etfs_com_petroleo__max_sharpe,555.6457190220773
2024-02-29,etfs_com_petroleo__max_sharpe,573.7410582232536
2024-03-31,etfs_com_petroleo__max_sharpe,585.3055340820216
2024-04-30,etfs_com_petroleo__max_sharpe,580.1663120532083
2024-05-31,etfs_com_petroleo__max_sharpe,603.5548987099534
2024-06-30,etfs_com_petroleo__max_sharpe,652.3582790841982
2024-07-31,etfs_com_petroleo__max_sharpe,660.8562760579638
2024-08-31,etfs_com_petroleo__max_sharpe,685.7860924167102
2024-09-30,etfs_com_petroleo__max_sharpe,669.5097877036474
2024-10-31,etfs_com_petroleo__max_sharpe,695.4106155712215
2024-11-30,etfs_com_petroleo__max_sharpe,727.8250693786699
2024-12-31,etfs_com_petroleo__max_sharpe,734.3176137217338
2025-01-31,etfs_com_petroleo__max_sharpe,731.2050005772219
2025-02-28,etfs_com_petroleo__max_sharpe,709.9080527289188
2025-03-31,etfs_com_petroleo__max_sharpe,688.7125403069127
2025-04-30,etfs_com_petroleo__max_sharpe,687.5257950922604
2025-05-31,etfs_com_petroleo__max_sharpe,736.0761615673484
2025-06-30,etfs_com_petroleo__max_sharpe,752.6638163489093
2025-07-31,etfs_com_petroleo__max_sharpe,761.5270457608648
2025-08-31,etfs_com_petroleo__max_sharpe,765.0543628226659
2025-09-30,etfs_com_petroleo__max_sharpe,785.7596731386144
2025-10-31,etfs_com_petroleo__max_sharpe,833.6532192154755
2025-11-30,etfs_com_petroleo__max_sharpe,838.7375011914914
2025-12-31,etfs_com_petroleo__max_sharpe,854.9014616157469
2026-01-31,etfs_com_petroleo__max_sharpe,882.632772697977
2026-02-28,etfs_com_petroleo__max_sharpe,890.3008488157576
2026-03-31,etfs_com_petroleo__max_sharpe,897.2966335595263
2026-04-30,etfs_com_petroleo__max_sharpe,935.3666418652816
2015-02-28,etfs_todos__max_sharpe,116.05872323671942
2015-03-31,etfs_todos__max_sharpe,122.67517418038689
2015-04-30,etfs_todos__max_sharpe,122.41762895428762
2015-05-31,etfs_todos__max_sharpe,126.18597965684577
2015-06-30,etfs_todos__max_sharpe,122.81289882155615
2015-07-31,etfs_todos__max_sharpe,128.25955315018115
2015-08-31,etfs_todos__max_sharpe,123.67644394816095
2015-09-30,etfs_todos__max_sharpe,129.8271767709395
2015-10-31,etfs_todos__max_sharpe,135.61259354017236
2015-11-30,etfs_todos__max_sharpe,134.17236300563795
2015-12-31,etfs_todos__max_sharpe,133.28643501360608
2016-01-31,etfs_todos__max_sharpe,127.12746401579192
2016-02-29,etfs_todos__max_sharpe,128.12894627491266
2016-03-31,etfs_todos__max_sharpe,133.37207146080806
2016-04-30,etfs_todos__max_sharpe,131.65206258224552
2016-05-31,etfs_todos__max_sharpe,132.30550137012708
2016-06-30,etfs_todos__max_sharpe,127.47448965930921
2016-07-31,etfs_todos__max_sharpe,139.27855358958797
2016-08-31,etfs_todos__max_sharpe,138.85073823570823
2016-09-30,etfs_todos__max_sharpe,142.84116381896453
2016-10-31,etfs_todos__max_sharpe,146.00909599756082
2016-11-30,etfs_todos__max_sharpe,150.51415479189896
2016-12-31,etfs_todos__max_sharpe,143.53625061033244
2017-01-31,etfs_todos__max_sharpe,149.07087300802593
2017-02-28,etfs_todos__max_sharpe,153.88473158805175
2017-03-31,etfs_todos__max_sharpe,156.52315442570918
2017-04-30,etfs_todos__max_sharpe,160.38022995442688
2017-05-31,etfs_todos__max_sharpe,164.34047296858247
2017-06-30,etfs_todos__max_sharpe,165.12622238050375
2017-07-31,etfs_todos__max_sharpe,167.25300487085286
2017-08-31,etfs_todos__max_sharpe,173.03290411493134
2017-09-30,etfs_todos__max_sharpe,176.24802459292684
2017-10-31,etfs_todos__max_sharpe,185.4736800084464
2017-11-30,etfs_todos__max_sharpe,182.76249382858694
2017-12-31,etfs_todos__max_sharpe,191.04062308341165
2018-01-31,etfs_todos__max_sharpe,203.34778453116678
2018-02-28,etfs_todos__max_sharpe,203.5229903500977
2018-03-31,etfs_todos__max_sharpe,203.5114169298309
2018-04-30,etfs_todos__max_sharpe,208.25988256860293
2018-05-31,etfs_todos__max_sharpe,214.39986489847033
2018-06-30,etfs_todos__max_sharpe,214.99539211082003
2018-07-31,etfs_todos__max_sharpe,222.14281389301087
2018-08-31,etfs_todos__max_sharpe,240.61126256388044
2018-09-30,etfs_todos__max_sharpe,238.09990232138537
2018-10-31,etfs_todos__max_sharpe,221.1885275593522
2018-11-30,etfs_todos__max_sharpe,229.49851820178569
2018-12-31,etfs_todos__max_sharpe,218.1645649938427
2019-01-31,etfs_todos__max_sharpe,231.94499108506
2019-02-28,etfs_todos__max_sharpe,236.81318642503487
2019-03-31,etfs_todos__max_sharpe,247.50502961922004
2019-04-30,etfs_todos__max_sharpe,256.949300092894
2019-05-31,etfs_todos__max_sharpe,248.15234856235756
2019-06-30,etfs_todos__max_sharpe,257.0049431432779
2019-07-31,etfs_todos__max_sharpe,259.6836664069811
2019-08-31,etfs_todos__max_sharpe,267.8483415587962
2019-09-30,etfs_todos__max_sharpe,273.6564371036001
2019-10-31,etfs_todos__max_sharpe,275.43752598818764
2019-11-30,etfs_todos__max_sharpe,292.8919903158819
2019-12-31,etfs_todos__max_sharpe,301.71179029443266
2020-01-31,etfs_todos__max_sharpe,310.45757738013606
2020-02-29,etfs_todos__max_sharpe,302.1206954843985
2020-03-31,etfs_todos__max_sharpe,276.6301015737585
2020-04-30,etfs_todos__max_sharpe,318.13549827550787
2020-05-31,etfs_todos__max_sharpe,344.656664019401
2020-06-30,etfs_todos__max_sharpe,371.06691324856763
2020-07-31,etfs_todos__max_sharpe,390.44937894626537
2020-08-31,etfs_todos__max_sharpe,415.1271818741727
2020-09-30,etfs_todos__max_sharpe,407.7776739584898
2020-10-31,etfs_todos__max_sharpe,409.08464095949944
2020-11-30,etfs_todos__max_sharpe,440.82565032109085
2020-12-31,etfs_todos__max_sharpe,465.1267827458735
2021-01-31,etfs_todos__max_sharpe,474.47908767172845
2021-02-28,etfs_todos__max_sharpe,476.1576582241408
2021-03-31,etfs_todos__max_sharpe,505.12955833584687
2021-04-30,etfs_todos__max_sharpe,502.59376249015065
2021-05-31,etfs_todos__max_sharpe,502.9487634929339
2021-06-30,etfs_todos__max_sharpe,501.34728068429297
2021-07-31,etfs_todos__max_sharpe,509.1994652769115
2021-08-31,etfs_todos__max_sharpe,528.1398903519457
2021-09-30,etfs_todos__max_sharpe,510.4759107807687
2021-10-31,etfs_todos__max_sharpe,532.3417899046844
2021-11-30,etfs_todos__max_sharpe,530.0249363286332
2021-12-31,etfs_todos__max_sharpe,542.6328840440494
2022-01-31,etfs_todos__max_sharpe,520.6725773161784
2022-02-28,etfs_todos__max_sharpe,499.8378772729888
2022-03-31,etfs_todos__max_sharpe,495.9968293320406
2022-04-30,etfs_todos__max_sharpe,447.92609616339735
2022-05-31,etfs_todos__max_sharpe,440.2733584630714
2022-06-30,etfs_todos__max_sharpe,415.9754110653206
2022-07-31,etfs_todos__max_sharpe,449.94591104525057
2022-08-31,etfs_todos__max_sharpe,447.55412029029753
2022-09-30,etfs_todos__max_sharpe,431.4676548215972
2022-10-31,etfs_todos__max_sharpe,441.4387424315872
2022-11-30,etfs_todos__max_sharpe,461.74874080336235
2022-12-31,etfs_todos__max_sharpe,437.11670545113634
2023-01-31,etfs_todos__max_sharpe,465.8173692593811
2023-02-28,etfs_todos__max_sharpe,454.7599866221582
2023-03-31,etfs_todos__max_sharpe,465.25407961966386
2023-04-30,etfs_todos__max_sharpe,461.33165699344244
2023-05-31,etfs_todos__max_sharpe,491.31146990620164
2023-06-30,etfs_todos__max_sharpe,514.4089890357998
2023-07-31,etfs_todos__max_sharpe,521.8641223793195
2023-08-31,etfs_todos__max_sharpe,518.1331034174025
2023-09-30,etfs_todos__max_sharpe,511.3293707501107
2023-10-31,etfs_todos__max_sharpe,498.0006611507096
2023-11-30,etfs_todos__max_sharpe,552.1432442724838
2023-12-31,etfs_todos__max_sharpe,578.3302012961873
2024-01-31,etfs_todos__max_sharpe,578.9854475029338
2024-02-29,etfs_todos__max_sharpe,597.357050879105
2024-03-31,etfs_todos__max_sharpe,608.3654235101621
2024-04-30,etfs_todos__max_sharpe,602.8218305435678
2024-05-31,etfs_todos__max_sharpe,629.0590536984013
2024-06-30,etfs_todos__max_sharpe,678.2545164021661
2024-07-31,etfs_todos__max_sharpe,687.6081437583921
2024-08-31,etfs_todos__max_sharpe,716.2041763520564
2024-09-30,etfs_todos__max_sharpe,701.1052947376187
2024-10-31,etfs_todos__max_sharpe,727.0235887319046
2024-11-30,etfs_todos__max_sharpe,762.3500429157106
2024-12-31,etfs_todos__max_sharpe,767.0436783510314
2025-01-31,etfs_todos__max_sharpe,764.2007883891846
2025-02-28,etfs_todos__max_sharpe,742.2090002546329
2025-03-31,etfs_todos__max_sharpe,718.7967033834025
2025-04-30,etfs_todos__max_sharpe,723.208596777786
2025-05-31,etfs_todos__max_sharpe,774.3694274292958
2025-06-30,etfs_todos__max_sharpe,790.2441308862838
2025-07-31,etfs_todos__max_sharpe,796.4780067475042
2025-08-31,etfs_todos__max_sharpe,802.6152737846159
2025-09-30,etfs_todos__max_sharpe,825.0908087123053
2025-10-31,etfs_todos__max_sharpe,879.435066706521
2025-11-30,etfs_todos__max_sharpe,885.7206405416983
2025-12-31,etfs_todos__max_sharpe,903.5816107042456
2026-01-31,etfs_todos__max_sharpe,930.8880525744327
2026-02-28,etfs_todos__max_sharpe,937.9262155684593
2026-03-31,etfs_todos__max_sharpe,924.5939154299872
2026-04-30,etfs_todos__max_sharpe,967.8464050870291
2015-02-28,etfs_exterior__max_sharpe,119.60978321514182
2015-03-31,etfs_exterior__max_sharpe,132.10029255916976
2015-04-30,etfs_exterior__max_sharpe,125.27315572114921
2015-05-31,etfs_exterior__max_sharpe,133.26457924543834
2015-06-30,etfs_exterior__max_sharpe,127.11310020939719
2015-07-31,etfs_exterior__max_sharpe,134.44785177287022
2015-08-31,etfs_exterior__max_sharpe,134.05829117840867
2015-09-30,etfs_exterior__max_sharpe,145.0821624481216
2015-10-31,etfs_exterior__max_sharpe,155.4107557306579
2015-11-30,etfs_exterior__max_sharpe,152.68461725278925
2015-12-31,etfs_exterior__max_sharpe,152.75043741084923
2016-01-31,etfs_exterior__max_sharpe,148.5888847978802
2016-02-29,etfs_exterior__max_sharpe,147.8229250753297
2016-03-31,etfs_exterior__max_sharpe,143.18322443810735
2016-04-30,etfs_exterior__max_sharpe,137.5838393364812
2016-05-31,etfs_exterior__max_sharpe,144.58568156054326
2016-06-30,etfs_exterior__max_sharpe,134.16018461845104
2016-07-31,etfs_exterior__max_sharpe,143.11453809024997
2016-08-31,etfs_exterior__max_sharpe,141.793830253628
2016-09-30,etfs_exterior__max_sharpe,148.24036524416323
2016-10-31,etfs_exterior__max_sharpe,144.52658151218046
2016-11-30,etfs_exterior__max_sharpe,154.9100122243685
2016-12-31,etfs_exterior__max_sharpe,145.95063731253677
2017-01-31,etfs_exterior__max_sharpe,149.5383047411441
2017-02-28,etfs_exterior__max_sharpe,153.128991916093
2017-03-31,etfs_exterior__max_sharpe,160.19398615683806
2017-04-30,etfs_exterior__max_sharpe,164.7897299189804
2017-05-31,etfs_exterior__max_sharpe,174.2154828181927
2017-06-30,etfs_exterior__max_sharpe,175.4289951081695
2017-07-31,etfs_exterior__max_sharpe,173.69017715504543
2017-08-31,etfs_exterior__max_sharpe,174.75897465714044
2017-09-30,etfs_exterior__max_sharpe,177.9805595516836
2017-10-31,etfs_exterior__max_sharpe,190.5617526965163
2017-11-30,etfs_exterior__max_sharpe,188.980548692433
2017-12-31,etfs_exterior__max_sharpe,198.58449407464457
2018-01-31,etfs_exterior__max_sharpe,205.42141852762182
2018-02-28,etfs_exterior__max_sharpe,202.91538062178395
2018-03-31,etfs_exterior__max_sharpe,204.687093704112
2018-04-30,etfs_exterior__max_sharpe,210.99766400519485
2018-05-31,etfs_exterior__max_sharpe,226.1126556645347
2018-06-30,etfs_exterior__max_sharpe,229.54637955222864
2018-07-31,etfs_exterior__max_sharpe,232.64323000537925
2018-08-31,etfs_exterior__max_sharpe,258.11994047532727
2018-09-30,etfs_exterior__max_sharpe,250.40644105413978
2018-10-31,etfs_exterior__max_sharpe,210.15163921185808
2018-11-30,etfs_exterior__max_sharpe,219.62656965909213
2018-12-31,etfs_exterior__max_sharpe,205.83371537091134
2019-01-31,etfs_exterior__max_sharpe,216.03442210548582
2019-02-28,etfs_exterior__max_sharpe,222.1816677296078
2019-03-31,etfs_exterior__max_sharpe,238.182090186806
2019-04-30,etfs_exterior__max_sharpe,246.10777722985887
2019-05-31,etfs_exterior__max_sharpe,237.017761755201
2019-06-30,etfs_exterior__max_sharpe,247.58839680849914
2019-07-31,etfs_exterior__max_sharpe,248.9998329338332
2019-08-31,etfs_exterior__max_sharpe,250.18817713655008
2019-09-30,etfs_exterior__max_sharpe,254.9462387908251
2019-10-31,etfs_exterior__max_sharpe,251.01049157487608
2019-11-30,etfs_exterior__max_sharpe,274.757439892552
2019-12-31,etfs_exterior__max_sharpe,281.47544248992625
2020-01-31,etfs_exterior__max_sharpe,290.41184529095494
2020-02-29,etfs_exterior__max_sharpe,287.54315871877634
2020-03-31,etfs_exterior__max_sharpe,282.8695192397469
2020-04-30,etfs_exterior__max_sharpe,331.48815123431126
2020-05-31,etfs_exterior__max_sharpe,362.3779856404229
2020-06-30,etfs_exterior__max_sharpe,387.9885203443811
2020-07-31,etfs_exterior__max_sharpe,401.2368772554912
2020-08-31,etfs_exterior__max_sharpe,434.7913291520549
2020-09-30,etfs_exterior__max_sharpe,431.2199168631591
2020-10-31,etfs_exterior__max_sharpe,437.14189856070857
2020-11-30,etfs_exterior__max_sharpe,461.3667882552946
2020-12-31,etfs_exterior__max_sharpe,477.3210740676694
2021-01-31,etfs_exterior__max_sharpe,501.8016718128612
2021-02-28,etfs_exterior__max_sharpe,526.4087426312713
2021-03-31,etfs_exterior__max_sharpe,556.7965515419525
2021-04-30,etfs_exterior__max_sharpe,543.2413061878215
2021-05-31,etfs_exterior__max_sharpe,530.7474823842832
2021-06-30,etfs_exterior__max_sharpe,521.8987676176171
2021-07-31,etfs_exterior__max_sharpe,539.5097400840725
2021-08-31,etfs_exterior__max_sharpe,584.6838344260897
2021-09-30,etfs_exterior__max_sharpe,578.8017274792284
2021-10-31,etfs_exterior__max_sharpe,628.8319162528154
2021-11-30,etfs_exterior__max_sharpe,615.5298393320865
2021-12-31,etfs_exterior__max_sharpe,637.5958591419084
2022-01-31,etfs_exterior__max_sharpe,592.0399051220968
2022-02-28,etfs_exterior__max_sharpe,564.4028198663852
2022-03-31,etfs_exterior__max_sharpe,542.1946211483371
2022-04-30,etfs_exterior__max_sharpe,499.53971406039466
2022-05-31,etfs_exterior__max_sharpe,481.9169867623979
2022-06-30,etfs_exterior__max_sharpe,460.65799486475953
2022-07-31,etfs_exterior__max_sharpe,504.0158315070768
2022-08-31,etfs_exterior__max_sharpe,493.2681335614584
2022-09-30,etfs_exterior__max_sharpe,468.80725028074346
2022-10-31,etfs_exterior__max_sharpe,478.7719382070023
2022-11-30,etfs_exterior__max_sharpe,523.3207965710794
2022-12-31,etfs_exterior__max_sharpe,499.096622474909
2023-01-31,etfs_exterior__max_sharpe,543.1792763790618
2023-02-28,etfs_exterior__max_sharpe,542.3590568354663
2023-03-31,etfs_exterior__max_sharpe,557.374276179431
2023-04-30,etfs_exterior__max_sharpe,542.32724570837
2023-05-31,etfs_exterior__max_sharpe,573.5297804028156
2023-06-30,etfs_exterior__max_sharpe,593.4430466491107
2023-07-31,etfs_exterior__max_sharpe,595.7848157191692
2023-08-31,etfs_exterior__max_sharpe,607.2261873498488
2023-09-30,etfs_exterior__max_sharpe,589.7135397266501
2023-10-31,etfs_exterior__max_sharpe,570.7864992836168
2023-11-30,etfs_exterior__max_sharpe,638.3248155973087
2023-12-31,etfs_exterior__max_sharpe,661.5273254118773
2024-01-31,etfs_exterior__max_sharpe,678.1012095783808
2024-02-29,etfs_exterior__max_sharpe,697.0294224026422
2024-03-31,etfs_exterior__max_sharpe,730.9623155192028
2024-04-30,etfs_exterior__max_sharpe,739.9157767841837
2024-05-31,etfs_exterior__max_sharpe,801.9105936385541
2024-06-30,etfs_exterior__max_sharpe,871.0773940134661
2024-07-31,etfs_exterior__max_sharpe,880.2231920489409
2024-08-31,etfs_exterior__max_sharpe,916.8925662975082
2024-09-30,etfs_exterior__max_sharpe,897.4793082794948
2024-10-31,etfs_exterior__max_sharpe,972.0841140688009
2024-11-30,etfs_exterior__max_sharpe,1071.823807403751
2024-12-31,etfs_exterior__max_sharpe,1098.4692775880997
2025-01-31,etfs_exterior__max_sharpe,1065.322070022211
2025-02-28,etfs_exterior__max_sharpe,1034.979919141989
2025-03-31,etfs_exterior__max_sharpe,965.227327605055
2025-04-30,etfs_exterior__max_sharpe,952.7217921652227
2025-05-31,etfs_exterior__max_sharpe,1038.103083995302
2025-06-30,etfs_exterior__max_sharpe,1047.1983256738606
2025-07-31,etfs_exterior__max_sharpe,1078.0013286772978
2025-08-31,etfs_exterior__max_sharpe,1048.2322444895924
2025-09-30,etfs_exterior__max_sharpe,1046.766693769124
2025-10-31,etfs_exterior__max_sharpe,1178.85047725999
2025-11-30,etfs_exterior__max_sharpe,1153.3972571455345
2025-12-31,etfs_exterior__max_sharpe,1182.1110331698042
2026-01-31,etfs_exterior__max_sharpe,1176.6954484328953
2026-02-28,etfs_exterior__max_sharpe,1171.8139308154527
2026-03-31,etfs_exterior__max_sharpe,1173.7927941836676
2026-04-30,etfs_exterior__max_sharpe,1199.053625593789
2015-02-28,etfs_com_petroleo__min_vol,114.55685116023977
2015-03-31,etfs_com_petroleo__min_vol,121.96182650644604
2015-04-30,etfs_com_petroleo__min_vol,123.85758177544848
2015-05-31,etfs_com_petroleo__min_vol,127.2792126741829
2015-06-30,etfs_com_petroleo__min_vol,124.44545053949312
2015-07-31,etfs_com_petroleo__min_vol,128.26414296500985
2015-08-31,etfs_com_petroleo__min_vol,123.04968332911722
2015-09-30,etfs_com_petroleo__min_vol,128.02393680140966
2015-10-31,etfs_com_petroleo__min_vol,130.41119194781288
2015-11-30,etfs_com_petroleo__min_vol,128.5896758946566
2015-12-31,etfs_com_petroleo__min_vol,127.3561033521155
2016-01-31,etfs_com_petroleo__min_vol,120.9131606720743
2016-02-29,etfs_com_petroleo__min_vol,119.17915390247107
2016-03-31,etfs_com_petroleo__min_vol,123.98513788341432
2016-04-30,etfs_com_petroleo__min_vol,125.87951718113185
2016-05-31,etfs_com_petroleo__min_vol,125.02677644797167
2016-06-30,etfs_com_petroleo__min_vol,119.79791338952825
2016-07-31,etfs_com_petroleo__min_vol,128.46712044426323
2016-08-31,etfs_com_petroleo__min_vol,128.8378562475016
2016-09-30,etfs_com_petroleo__min_vol,131.96874089433263
2016-10-31,etfs_com_petroleo__min_vol,134.89101247156336
2016-11-30,etfs_com_petroleo__min_vol,139.24698780617558
2016-12-31,etfs_com_petroleo__min_vol,131.82518502616992
2017-01-31,etfs_com_petroleo__min_vol,134.93535668348687
2017-02-28,etfs_com_petroleo__min_vol,137.7851899811169
2017-03-31,etfs_com_petroleo__min_vol,138.24113022986631
2017-04-30,etfs_com_petroleo__min_vol,140.4371683526517
2017-05-31,etfs_com_petroleo__min_vol,142.74103482144588
2017-06-30,etfs_com_petroleo__min_vol,144.75268100155276
2017-07-31,etfs_com_petroleo__min_vol,146.26952631980546
2017-08-31,etfs_com_petroleo__min_vol,149.5318937667625
2017-09-30,etfs_com_petroleo__min_vol,154.63048097124337
2017-10-31,etfs_com_petroleo__min_vol,161.32741124888182
2017-11-30,etfs_com_petroleo__min_vol,160.76943437294176
2017-12-31,etfs_com_petroleo__min_vol,168.2969417209282
2018-01-31,etfs_com_petroleo__min_vol,176.1503397316097
2018-02-28,etfs_com_petroleo__min_vol,174.61792110856203
2018-03-31,etfs_com_petroleo__min_vol,176.39532930737244
2018-04-30,etfs_com_petroleo__min_vol,183.01906277626995
2018-05-31,etfs_com_petroleo__min_vol,184.44902678202106
2018-06-30,etfs_com_petroleo__min_vol,183.52417032366873
2018-07-31,etfs_com_petroleo__min_vol,186.7012729337672
2018-08-31,etfs_com_petroleo__min_vol,197.33606750020658
2018-09-30,etfs_com_petroleo__min_vol,197.96503368417453
2018-10-31,etfs_com_petroleo__min_vol,184.4463671193999
2018-11-30,etfs_com_petroleo__min_vol,192.39910408141358
2018-12-31,etfs_com_petroleo__min_vol,183.96804090631395
2019-01-31,etfs_com_petroleo__min_vol,195.0765528867991
2019-02-28,etfs_com_petroleo__min_vol,199.37712656854129
2019-03-31,etfs_com_petroleo__min_vol,205.4440053945036
2019-04-30,etfs_com_petroleo__min_vol,210.6530048747443
2019-05-31,etfs_com_petroleo__min_vol,203.5409724606878
2019-06-30,etfs_com_petroleo__min_vol,208.06360344232834
2019-07-31,etfs_com_petroleo__min_vol,206.37017031711645
2019-08-31,etfs_com_petroleo__min_vol,214.7471085983126
2019-09-30,etfs_com_petroleo__min_vol,220.90598551523942
2019-10-31,etfs_com_petroleo__min_vol,221.31389598981622
2019-11-30,etfs_com_petroleo__min_vol,231.1829918317514
2019-12-31,etfs_com_petroleo__min_vol,234.98368363674356
2020-01-31,etfs_com_petroleo__min_vol,235.3821379528772
2020-02-29,etfs_com_petroleo__min_vol,226.87653379113897
2020-03-31,etfs_com_petroleo__min_vol,201.73352503180823
2020-04-30,etfs_com_petroleo__min_vol,217.58881187508146
2020-05-31,etfs_com_petroleo__min_vol,233.72813740857558
2020-06-30,etfs_com_petroleo__min_vol,245.96325204312083
2020-07-31,etfs_com_petroleo__min_vol,247.0268244107381
2020-08-31,etfs_com_petroleo__min_vol,261.7285004843693
2020-09-30,etfs_com_petroleo__min_vol,262.0915811719701
2020-10-31,etfs_com_petroleo__min_vol,261.7375094269561
2020-11-30,etfs_com_petroleo__min_vol,282.4219082471878
2020-12-31,etfs_com_petroleo__min_vol,296.14211875602086
2021-01-31,etfs_com_petroleo__min_vol,301.28813950419345
2021-02-28,etfs_com_petroleo__min_vol,307.21001903731764
2021-03-31,etfs_com_petroleo__min_vol,325.02809935128005
2021-04-30,etfs_com_petroleo__min_vol,314.67146694985223
2021-05-31,etfs_com_petroleo__min_vol,322.2085998234122
2021-06-30,etfs_com_petroleo__min_vol,311.09138093788033
2021-07-31,etfs_com_petroleo__min_vol,310.7446017955005
2021-08-31,etfs_com_petroleo__min_vol,313.38880803082634
2021-09-30,etfs_com_petroleo__min_vol,313.4786843718832
2021-10-31,etfs_com_petroleo__min_vol,317.7303501725049
2021-11-30,etfs_com_petroleo__min_vol,306.0383986232012
2021-12-31,etfs_com_petroleo__min_vol,314.21497955220264
2022-01-31,etfs_com_petroleo__min_vol,312.8249807835685
2022-02-28,etfs_com_petroleo__min_vol,302.63429734519633
2022-03-31,etfs_com_petroleo__min_vol,294.87135220313365
2022-04-30,etfs_com_petroleo__min_vol,277.94591755179226
2022-05-31,etfs_com_petroleo__min_vol,279.50153897705025
2022-06-30,etfs_com_petroleo__min_vol,273.8590925924532
2022-07-31,etfs_com_petroleo__min_vol,284.07289727349274
2022-08-31,etfs_com_petroleo__min_vol,280.5085550966537
2022-09-30,etfs_com_petroleo__min_vol,272.6227290348446
2022-10-31,etfs_com_petroleo__min_vol,275.73815173645187
2022-11-30,etfs_com_petroleo__min_vol,294.616184384487
2022-12-31,etfs_com_petroleo__min_vol,291.56175502309935
2023-01-31,etfs_com_petroleo__min_vol,300.7161215222598
2023-02-28,etfs_com_petroleo__min_vol,286.33640256435035
2023-03-31,etfs_com_petroleo__min_vol,285.13911523268644
2023-04-30,etfs_com_petroleo__min_vol,285.60283761178613
2023-05-31,etfs_com_petroleo__min_vol,286.3975248307446
2023-06-30,etfs_com_petroleo__min_vol,297.4934078334147
2023-07-31,etfs_com_petroleo__min_vol,302.98433899663587
2023-08-31,etfs_com_petroleo__min_vol,296.73096789529995
2023-09-30,etfs_com_petroleo__min_vol,298.16528590038945
2023-10-31,etfs_com_petroleo__min_vol,290.1898781977538
2023-11-30,etfs_com_petroleo__min_vol,306.2149083289424
2023-12-31,etfs_com_petroleo__min_vol,317.5059193474427
2024-01-31,etfs_com_petroleo__min_vol,315.38056480242733
2024-02-29,etfs_com_petroleo__min_vol,325.581534279807
2024-03-31,etfs_com_petroleo__min_vol,329.5586124676211
2024-04-30,etfs_com_petroleo__min_vol,328.0073096857579
2024-05-31,etfs_com_petroleo__min_vol,334.35549146351974
2024-06-30,etfs_com_petroleo__min_vol,346.4198046672005
2024-07-31,etfs_com_petroleo__min_vol,359.45873838535726
2024-08-31,etfs_com_petroleo__min_vol,374.55026526296814
2024-09-30,etfs_com_petroleo__min_vol,369.60413882515877
2024-10-31,etfs_com_petroleo__min_vol,372.9590760208151
2024-11-30,etfs_com_petroleo__min_vol,382.449774303665
2024-12-31,etfs_com_petroleo__min_vol,378.7976124047406
2025-01-31,etfs_com_petroleo__min_vol,377.6329903444676
2025-02-28,etfs_com_petroleo__min_vol,376.81997286302004
2025-03-31,etfs_com_petroleo__min_vol,380.43310601580276
2025-04-30,etfs_com_petroleo__min_vol,380.83248349794013
2025-05-31,etfs_com_petroleo__min_vol,398.2416105758719
2025-06-30,etfs_com_petroleo__min_vol,401.82244206894575
2025-07-31,etfs_com_petroleo__min_vol,402.9738120838046
2025-08-31,etfs_com_petroleo__min_vol,414.5053140549183
2025-09-30,etfs_com_petroleo__min_vol,420.838334829907
2025-10-31,etfs_com_petroleo__min_vol,433.17587222329286
2025-11-30,etfs_com_petroleo__min_vol,443.09201213439326
2025-12-31,etfs_com_petroleo__min_vol,452.46834070687447
2026-01-31,etfs_com_petroleo__min_vol,476.7246703352618
2026-02-28,etfs_com_petroleo__min_vol,494.88699572026877
2026-03-31,etfs_com_petroleo__min_vol,493.5800184360163
2026-04-30,etfs_com_petroleo__min_vol,499.2206134389693
2015-02-28,etfs_com_btc_petroleo__min_vol,114.55685120896963
2015-03-31,etfs_com_btc_petroleo__min_vol,121.96183060729308
2015-04-30,etfs_com_btc_petroleo__min_vol,123.85758619030875
2015-05-31,etfs_com_btc_petroleo__min_vol,127.27921704186174
2015-06-30,etfs_com_btc_petroleo__min_vol,124.44545597878003
2015-07-31,etfs_com_btc_petroleo__min_vol,128.26414612483364
2015-08-31,etfs_com_btc_petroleo__min_vol,123.04968649908656
2015-09-30,etfs_com_btc_petroleo__min_vol,128.02393869759356
2015-10-31,etfs_com_btc_petroleo__min_vol,130.41119399445373
2015-11-30,etfs_com_btc_petroleo__min_vol,128.58967820459262
2015-12-31,etfs_com_btc_petroleo__min_vol,127.35610672917504
2016-01-31,etfs_com_btc_petroleo__min_vol,120.9131626552916
2016-02-29,etfs_com_btc_petroleo__min_vol,119.17915438367008
2016-03-31,etfs_com_btc_petroleo__min_vol,123.98513866294498
2016-04-30,etfs_com_btc_petroleo__min_vol,125.879516671405
2016-05-31,etfs_com_btc_petroleo__min_vol,125.02677807826443
2016-06-30,etfs_com_btc_petroleo__min_vol,119.79791532903685
2016-07-31,etfs_com_btc_petroleo__min_vol,128.46712402259692
2016-08-31,etfs_com_btc_petroleo__min_vol,128.83786079540866
2016-09-30,etfs_com_btc_petroleo__min_vol,131.96874746952486
2016-10-31,etfs_com_btc_petroleo__min_vol,134.89102269307108
2016-11-30,etfs_com_btc_petroleo__min_vol,139.24699600180023
2016-12-31,etfs_com_btc_petroleo__min_vol,131.8251891245326
2017-01-31,etfs_com_btc_petroleo__min_vol,134.9353623203652
2017-02-28,etfs_com_btc_petroleo__min_vol,137.78519520637067
2017-03-31,etfs_com_btc_petroleo__min_vol,138.2411346886469
2017-04-30,etfs_com_btc_petroleo__min_vol,140.43717234299558
2017-05-31,etfs_com_btc_petroleo__min_vol,142.7410379234216
2017-06-30,etfs_com_btc_petroleo__min_vol,144.7526857385694
2017-07-31,etfs_com_btc_petroleo__min_vol,146.26953167564497
2017-08-31,etfs_com_btc_petroleo__min_vol,149.53189978418126
2017-09-30,etfs_com_btc_petroleo__min_vol,154.63048649223876
2017-10-31,etfs_com_btc_petroleo__min_vol,161.32742006020692
2017-11-30,etfs_com_btc_petroleo__min_vol,160.76944467066178
2017-12-31,etfs_com_btc_petroleo__min_vol,168.29695040440274
2018-01-31,etfs_com_btc_petroleo__min_vol,176.15034999735914
2018-02-28,etfs_com_btc_petroleo__min_vol,174.61793396823148
2018-03-31,etfs_com_btc_petroleo__min_vol,176.39534266124627
2018-04-30,etfs_com_btc_petroleo__min_vol,183.0190734994759
2018-05-31,etfs_com_btc_petroleo__min_vol,184.44903554987394
2018-06-30,etfs_com_btc_petroleo__min_vol,183.52417702621375
2018-07-31,etfs_com_btc_petroleo__min_vol,186.70127890563586
2018-08-31,etfs_com_btc_petroleo__min_vol,197.33607497750864
2018-09-30,etfs_com_btc_petroleo__min_vol,197.9650429884043
2018-10-31,etfs_com_btc_petroleo__min_vol,184.44637348335732
2018-11-30,etfs_com_btc_petroleo__min_vol,192.39911211912846
2018-12-31,etfs_com_btc_petroleo__min_vol,183.968047688877
2019-01-31,etfs_com_btc_petroleo__min_vol,195.07656094389483
2019-02-28,etfs_com_btc_petroleo__min_vol,199.37713202340598
2019-03-31,etfs_com_btc_petroleo__min_vol,205.4440102297529
2019-04-30,etfs_com_btc_petroleo__min_vol,210.65300804836448
2019-05-31,etfs_com_btc_petroleo__min_vol,203.54097593948413
2019-06-30,etfs_com_btc_petroleo__min_vol,208.06360680041718
2019-07-31,etfs_com_btc_petroleo__min_vol,206.37017390080072
2019-08-31,etfs_com_btc_petroleo__min_vol,214.74711343385198
2019-09-30,etfs_com_btc_petroleo__min_vol,220.9059915432741
2019-10-31,etfs_com_btc_petroleo__min_vol,221.31390260303493
2019-11-30,etfs_com_btc_petroleo__min_vol,231.18299719588663
2019-12-31,etfs_com_btc_petroleo__min_vol,234.98368588657215
2020-01-31,etfs_com_btc_petroleo__min_vol,235.38213872693768
2020-02-29,etfs_com_btc_petroleo__min_vol,226.87653838564364
2020-03-31,etfs_com_btc_petroleo__min_vol,201.73353845938885
2020-04-30,etfs_com_btc_petroleo__min_vol,217.58881945751233
2020-05-31,etfs_com_btc_petroleo__min_vol,233.7281503458541
2020-06-30,etfs_com_btc_petroleo__min_vol,245.96326639881406
2020-07-31,etfs_com_btc_petroleo__min_vol,247.02683495891344
2020-08-31,etfs_com_btc_petroleo__min_vol,261.72851549426167
2020-09-30,etfs_com_btc_petroleo__min_vol,262.0916036358789
2020-10-31,etfs_com_btc_petroleo__min_vol,261.7375352920391
2020-11-30,etfs_com_btc_petroleo__min_vol,282.4219313907646
2020-12-31,etfs_com_btc_petroleo__min_vol,296.14214450616794
2021-01-31,etfs_com_btc_petroleo__min_vol,301.2881667033457
2021-02-28,etfs_com_btc_petroleo__min_vol,307.2100454647721
2021-03-31,etfs_com_btc_petroleo__min_vol,325.0281206777948
2021-04-30,etfs_com_btc_petroleo__min_vol,314.67147895732654
2021-05-31,etfs_com_btc_petroleo__min_vol,322.20861081831725
2021-06-30,etfs_com_btc_petroleo__min_vol,311.09139124770974
2021-07-31,etfs_com_btc_petroleo__min_vol,310.74460761992935
2021-08-31,etfs_com_btc_petroleo__min_vol,313.3888128839174
2021-09-30,etfs_com_btc_petroleo__min_vol,313.47869778343
2021-10-31,etfs_com_btc_petroleo__min_vol,317.7303503930523
2021-11-30,etfs_com_btc_petroleo__min_vol,306.0383978744505
2021-12-31,etfs_com_btc_petroleo__min_vol,314.2149726221507
2022-01-31,etfs_com_btc_petroleo__min_vol,312.8249706033416
2022-02-28,etfs_com_btc_petroleo__min_vol,302.63428763730604
2022-03-31,etfs_com_btc_petroleo__min_vol,294.8713380257718
2022-04-30,etfs_com_btc_petroleo__min_vol,277.9459013113301
2022-05-31,etfs_com_btc_petroleo__min_vol,279.5015238670226
2022-06-30,etfs_com_btc_petroleo__min_vol,273.859082323743
2022-07-31,etfs_com_btc_petroleo__min_vol,284.07288417184753
2022-08-31,etfs_com_btc_petroleo__min_vol,280.5085448007047
2022-09-30,etfs_com_btc_petroleo__min_vol,272.6227190317536
2022-10-31,etfs_com_btc_petroleo__min_vol,275.7381296544341
2022-11-30,etfs_com_btc_petroleo__min_vol,294.6161658828861
2022-12-31,etfs_com_btc_petroleo__min_vol,291.5617404835613
2023-01-31,etfs_com_btc_petroleo__min_vol,300.7161079148059
2023-02-28,etfs_com_btc_petroleo__min_vol,286.3363823006348
2023-03-31,etfs_com_btc_petroleo__min_vol,285.13909976730025
2023-04-30,etfs_com_btc_petroleo__min_vol,285.60281595486344
2023-05-31,etfs_com_btc_petroleo__min_vol,286.3975074683711
2023-06-30,etfs_com_btc_petroleo__min_vol,297.49339073540784
2023-07-31,etfs_com_btc_petroleo__min_vol,302.98432253907913
2023-08-31,etfs_com_btc_petroleo__min_vol,296.73095050955027
2023-09-30,etfs_com_btc_petroleo__min_vol,298.16526858411856
2023-10-31,etfs_com_btc_petroleo__min_vol,290.18986250673055
2023-11-30,etfs_com_btc_petroleo__min_vol,306.21488750387283
2023-12-31,etfs_com_btc_petroleo__min_vol,317.5058962258578
2024-01-31,etfs_com_btc_petroleo__min_vol,315.3805450647058
2024-02-29,etfs_com_btc_petroleo__min_vol,325.5815177048175
2024-03-31,etfs_com_btc_petroleo__min_vol,329.5585917288551
2024-04-30,etfs_com_btc_petroleo__min_vol,328.00728188706813
2024-05-31,etfs_com_btc_petroleo__min_vol,334.35545808381266
2024-06-30,etfs_com_btc_petroleo__min_vol,346.4197683016556
2024-07-31,etfs_com_btc_petroleo__min_vol,359.45870013293415
2024-08-31,etfs_com_btc_petroleo__min_vol,374.5502226648321
2024-09-30,etfs_com_btc_petroleo__min_vol,369.60410063084
2024-10-31,etfs_com_btc_petroleo__min_vol,372.9590358878027
2024-11-30,etfs_com_btc_petroleo__min_vol,382.44972990162427
2024-12-31,etfs_com_btc_petroleo__min_vol,378.79757126445855
2025-01-31,etfs_com_btc_petroleo__min_vol,377.63294351166246
2025-02-28,etfs_com_btc_petroleo__min_vol,376.8199237561738
2025-03-31,etfs_com_btc_petroleo__min_vol,380.4330596751164
2025-04-30,etfs_com_btc_petroleo__min_vol,380.83244030146426
2025-05-31,etfs_com_btc_petroleo__min_vol,398.2415633526342
2025-06-30,etfs_com_btc_petroleo__min_vol,401.82239565597564
2025-07-31,etfs_com_btc_petroleo__min_vol,402.9737625500399
2025-08-31,etfs_com_btc_petroleo__min_vol,414.5052672856042
2025-09-30,etfs_com_btc_petroleo__min_vol,420.83828830505377
2025-10-31,etfs_com_btc_petroleo__min_vol,433.1758268914524
2025-11-30,etfs_com_btc_petroleo__min_vol,443.09196370709714
2025-12-31,etfs_com_btc_petroleo__min_vol,452.46828455231355
2026-01-31,etfs_com_btc_petroleo__min_vol,476.7246205863207
2026-02-28,etfs_com_btc_petroleo__min_vol,494.8869530645821
2026-03-31,etfs_com_btc_petroleo__min_vol,493.5799801049036
2026-04-30,etfs_com_btc_petroleo__min_vol,499.2205711291346
2015-02-28,etfs_todos__min_vol,114.8535021450537
2015-03-31,etfs_todos__min_vol,121.92420905049926
2015-04-30,etfs_todos__min_vol,123.48736251397621
2015-05-31,etfs_todos__min_vol,126.72496899703316
2015-06-30,etfs_todos__min_vol,123.70997859140738
2015-07-31,etfs_todos__min_vol,128.54045925755054
2015-08-31,etfs_todos__min_vol,122.73179901768727
2015-09-30,etfs_todos__min_vol,127.7854822151796
2015-10-31,etfs_todos__min_vol,130.43601204744584
2015-11-30,etfs_todos__min_vol,129.1824599409488
2015-12-31,etfs_todos__min_vol,128.26504525226648
2016-01-31,etfs_todos__min_vol,122.1803865073552
2016-02-29,etfs_todos__min_vol,120.6525401895585
2016-03-31,etfs_todos__min_vol,125.60983299357358
2016-04-30,etfs_todos__min_vol,127.14966838522798
2016-05-31,etfs_todos__min_vol,125.61912235562605
2016-06-30,etfs_todos__min_vol,120.47207112984452
2016-07-31,etfs_todos__min_vol,129.8932429915305
2016-08-31,etfs_todos__min_vol,130.1271717616322
2016-09-30,etfs_todos__min_vol,132.83184373187493
2016-10-31,etfs_todos__min_vol,135.5491286412162
2016-11-30,etfs_todos__min_vol,139.66611140102214
2016-12-31,etfs_todos__min_vol,132.43205074993926
2017-01-31,etfs_todos__min_vol,135.82927222571897
2017-02-28,etfs_todos__min_vol,138.73721208411308
2017-03-31,etfs_todos__min_vol,139.71803156879687
2017-04-30,etfs_todos__min_vol,142.25252970156927
2017-05-31,etfs_todos__min_vol,145.08970055291383
2017-06-30,etfs_todos__min_vol,147.19272214883992
2017-07-31,etfs_todos__min_vol,148.58274427550876
2017-08-31,etfs_todos__min_vol,152.34859795394536
2017-09-30,etfs_todos__min_vol,157.37991902318413
2017-10-31,etfs_todos__min_vol,163.7527740276293
2017-11-30,etfs_todos__min_vol,162.49742611628696
2017-12-31,etfs_todos__min_vol,170.31109792945682
2018-01-31,etfs_todos__min_vol,178.28053704304497
2018-02-28,etfs_todos__min_vol,176.2189712976065
2018-03-31,etfs_todos__min_vol,177.6424373361173
2018-04-30,etfs_todos__min_vol,184.28899812822294
2018-05-31,etfs_todos__min_vol,185.60708401562894
2018-06-30,etfs_todos__min_vol,183.68341275216665
2018-07-31,etfs_todos__min_vol,187.32415317781835
2018-08-31,etfs_todos__min_vol,196.72157679723566
2018-09-30,etfs_todos__min_vol,197.07630226667476
2018-10-31,etfs_todos__min_vol,184.5668003500491
2018-11-30,etfs_todos__min_vol,193.87380617388584
2018-12-31,etfs_todos__min_vol,185.71197399689675
2019-01-31,etfs_todos__min_vol,196.34465575811254
2019-02-28,etfs_todos__min_vol,200.49785024105998
2019-03-31,etfs_todos__min_vol,206.26539784398182
2019-04-30,etfs_todos__min_vol,211.20163457140225
2019-05-31,etfs_todos__min_vol,204.82502936521928
2019-06-30,etfs_todos__min_vol,209.07830071097558
2019-07-31,etfs_todos__min_vol,207.22626443463034
2019-08-31,etfs_todos__min_vol,215.7724490943553
2019-09-30,etfs_todos__min_vol,222.44548639541065
2019-10-31,etfs_todos__min_vol,223.2231738217339
2019-11-30,etfs_todos__min_vol,233.11430773273415
2019-12-31,etfs_todos__min_vol,237.12787084954758
2020-01-31,etfs_todos__min_vol,238.54730522249054
2020-02-29,etfs_todos__min_vol,229.76225570422227
2020-03-31,etfs_todos__min_vol,207.20136071802008
2020-04-30,etfs_todos__min_vol,228.00745761153314
2020-05-31,etfs_todos__min_vol,241.94945316280183
2020-06-30,etfs_todos__min_vol,253.77295351440537
2020-07-31,etfs_todos__min_vol,255.48449705646496
2020-08-31,etfs_todos__min_vol,269.5232992191755
2020-09-30,etfs_todos__min_vol,269.72002179089986
2020-10-31,etfs_todos__min_vol,270.1452543185923
2020-11-30,etfs_todos__min_vol,291.22140431389505
2020-12-31,etfs_todos__min_vol,305.2057269635855
2021-01-31,etfs_todos__min_vol,309.7225370893725
2021-02-28,etfs_todos__min_vol,313.4997596883731
2021-03-31,etfs_todos__min_vol,332.20262320394977
2021-04-30,etfs_todos__min_vol,321.7950737374246
2021-05-31,etfs_todos__min_vol,329.52799610785786
2021-06-30,etfs_todos__min_vol,317.07864889005293
2021-07-31,etfs_todos__min_vol,315.81246784249066
2021-08-31,etfs_todos__min_vol,319.15727143392263
2021-09-30,etfs_todos__min_vol,317.2513592141855
2021-10-31,etfs_todos__min_vol,321.286110923913
2021-11-30,etfs_todos__min_vol,310.8926545716625
2021-12-31,etfs_todos__min_vol,318.54076071637365
2022-01-31,etfs_todos__min_vol,316.18459171666615
2022-02-28,etfs_todos__min_vol,304.91287390575167
2022-03-31,etfs_todos__min_vol,295.9600636578519
2022-04-30,etfs_todos__min_vol,278.17042431997925
2022-05-31,etfs_todos__min_vol,278.8957827429999
2022-06-30,etfs_todos__min_vol,272.6405146785521
2022-07-31,etfs_todos__min_vol,283.1794383126909
2022-08-31,etfs_todos__min_vol,279.87457921126304
2022-09-30,etfs_todos__min_vol,272.106196072011
2022-10-31,etfs_todos__min_vol,275.76365616525266
2022-11-30,etfs_todos__min_vol,296.08624207942296
2022-12-31,etfs_todos__min_vol,292.3910480991494
2023-01-31,etfs_todos__min_vol,302.8801340965202
2023-02-28,etfs_todos__min_vol,288.9296226770891
2023-03-31,etfs_todos__min_vol,287.5545005320974
2023-04-30,etfs_todos__min_vol,288.72193458273915
2023-05-31,etfs_todos__min_vol,289.73660502038194
2023-06-30,etfs_todos__min_vol,300.8816191970084
2023-07-31,etfs_todos__min_vol,305.4383483585151
2023-08-31,etfs_todos__min_vol,298.2254626341951
2023-09-30,etfs_todos__min_vol,298.9136107970204
2023-10-31,etfs_todos__min_vol,291.1172887618482
2023-11-30,etfs_todos__min_vol,309.32563905234446
2023-12-31,etfs_todos__min_vol,321.4953971007404
2024-01-31,etfs_todos__min_vol,317.8409823161496
2024-02-29,etfs_todos__min_vol,327.42471966098543
2024-03-31,etfs_todos__min_vol,331.89090478700587
2024-04-30,etfs_todos__min_vol,331.2914467086938
2024-05-31,etfs_todos__min_vol,339.04328407988055
2024-06-30,etfs_todos__min_vol,350.10100260559796
2024-07-31,etfs_todos__min_vol,364.3382388296593
2024-08-31,etfs_todos__min_vol,380.6790168909267
2024-09-30,etfs_todos__min_vol,376.1887439318041
2024-10-31,etfs_todos__min_vol,377.8362479558732
2024-11-30,etfs_todos__min_vol,387.44711821685524
2024-12-31,etfs_todos__min_vol,382.1923465801992
2025-01-31,etfs_todos__min_vol,382.4746192633931
2025-02-28,etfs_todos__min_vol,383.3820602061257
2025-03-31,etfs_todos__min_vol,387.44439801833863
2025-04-30,etfs_todos__min_vol,390.6567310856711
2025-05-31,etfs_todos__min_vol,407.6652700832243
2025-06-30,etfs_todos__min_vol,409.60626580831797
2025-07-31,etfs_todos__min_vol,408.9536183856194
2025-08-31,etfs_todos__min_vol,422.8573959494833
2025-09-30,etfs_todos__min_vol,430.19299766123294
2025-10-31,etfs_todos__min_vol,442.90229377849374
2025-11-30,etfs_todos__min_vol,453.46840352991194
2025-12-31,etfs_todos__min_vol,464.95702098061037
2026-01-31,etfs_todos__min_vol,487.5008520276616
2026-02-28,etfs_todos__min_vol,505.6128823955367
2026-03-31,etfs_todos__min_vol,490.64754106655425
2026-04-30,etfs_todos__min_vol,498.392681947911
2015-02-28,etfs_com_btc__min_vol,114.8535022610027
2015-03-31,etfs_com_btc__min_vol,121.92421141843926
2015-04-30,etfs_com_btc__min_vol,123.48736490341932
2015-05-31,etfs_com_btc__min_vol,126.72497104153994
2015-06-30,etfs_com_btc__min_vol,123.70998166049169
2015-07-31,etfs_com_btc__min_vol,128.54046135147144
2015-08-31,etfs_com_btc__min_vol,122.7318009681993
2015-09-30,etfs_com_btc__min_vol,127.78548252287072
2015-10-31,etfs_com_btc__min_vol,130.4360125850279
2015-11-30,etfs_com_btc__min_vol,129.18246103428186
2015-12-31,etfs_com_btc__min_vol,128.2650471579249
2016-01-31,etfs_com_btc__min_vol,122.18038789009998
2016-02-29,etfs_com_btc__min_vol,120.65254082075114
2016-03-31,etfs_com_btc__min_vol,125.60983436013866
2016-04-30,etfs_com_btc__min_vol,127.1496690301944
2016-05-31,etfs_com_btc__min_vol,125.61912385636676
2016-06-30,etfs_com_btc__min_vol,120.4720733440088
2016-07-31,etfs_com_btc__min_vol,129.89324701564627
2016-08-31,etfs_com_btc__min_vol,130.12717625084065
2016-09-30,etfs_com_btc__min_vol,132.831849280663
2016-10-31,etfs_com_btc__min_vol,135.54913743292045
2016-11-30,etfs_com_btc__min_vol,139.66611817780472
2016-12-31,etfs_com_btc__min_vol,132.43205512914307
2017-01-31,etfs_com_btc__min_vol,135.8292779187626
2017-02-28,etfs_com_btc__min_vol,138.73721749450195
2017-03-31,etfs_com_btc__min_vol,139.71803637511513
2017-04-30,etfs_com_btc__min_vol,142.2525341756417
2017-05-31,etfs_com_btc__min_vol,145.0897041607443
2017-06-30,etfs_com_btc__min_vol,147.19272689104253
2017-07-31,etfs_com_btc__min_vol,148.58274930758594
2017-08-31,etfs_com_btc__min_vol,152.34860381112088
2017-09-30,etfs_com_btc__min_vol,157.37992461999838
2017-10-31,etfs_com_btc__min_vol,163.75278172931846
2017-11-30,etfs_com_btc__min_vol,162.4974343062449
2017-12-31,etfs_com_btc__min_vol,170.3111051650986
2018-01-31,etfs_com_btc__min_vol,178.28054557602198
2018-02-28,etfs_com_btc__min_vol,176.21898182260858
2018-03-31,etfs_com_btc__min_vol,177.64244797168345
2018-04-30,etfs_com_btc__min_vol,184.28900681600769
2018-05-31,etfs_com_btc__min_vol,185.60708990764218
2018-06-30,etfs_com_btc__min_vol,183.68341659716714
2018-07-31,etfs_com_btc__min_vol,187.32415741436498
2018-08-31,etfs_com_btc__min_vol,196.72158106820888
2018-09-30,etfs_com_btc__min_vol,197.07630836698175
2018-10-31,etfs_com_btc__min_vol,184.56680656552936
2018-11-30,etfs_com_btc__min_vol,193.87381355541373
2018-12-31,etfs_com_btc__min_vol,185.71198063593073
2019-01-31,etfs_com_btc__min_vol,196.3446631841995
2019-02-28,etfs_com_btc__min_vol,200.49785531420105
2019-03-31,etfs_com_btc__min_vol,206.26540170252042
2019-04-30,etfs_com_btc__min_vol,211.20163697089674
2019-05-31,etfs_com_btc__min_vol,204.82503334969064
2019-06-30,etfs_com_btc__min_vol,209.07830435475483
2019-07-31,etfs_com_btc__min_vol,207.22626848991638
2019-08-31,etfs_com_btc__min_vol,215.77245412604339
2019-09-30,etfs_com_btc__min_vol,222.44549317125197
2019-10-31,etfs_com_btc__min_vol,223.22318131075053
2019-11-30,etfs_com_btc__min_vol,233.1143140806858
2019-12-31,etfs_com_btc__min_vol,237.12787500876922
2020-01-31,etfs_com_btc__min_vol,238.54730896947652
2020-02-29,etfs_com_btc__min_vol,229.76226030853604
2020-03-31,etfs_com_btc__min_vol,207.20137099280706
2020-04-30,etfs_com_btc__min_vol,228.00746629076198
2020-05-31,etfs_com_btc__min_vol,241.9494654803218
2020-06-30,etfs_com_btc__min_vol,253.7729660999792
2020-07-31,etfs_com_btc__min_vol,255.4845073047343
2020-08-31,etfs_com_btc__min_vol,269.52331121474043
2020-09-30,etfs_com_btc__min_vol,269.72003898998065
2020-10-31,etfs_com_btc__min_vol,270.145273793184
2020-11-30,etfs_com_btc__min_vol,291.2214233764
2020-12-31,etfs_com_btc__min_vol,305.20574896442827
2021-01-31,etfs_com_btc__min_vol,309.7225578814386
2021-02-28,etfs_com_btc__min_vol,313.49977793923665
2021-03-31,etfs_com_btc__min_vol,332.20263876462843
2021-04-30,etfs_com_btc__min_vol,321.79508315733557
2021-05-31,etfs_com_btc__min_vol,329.5280055224569
2021-06-30,etfs_com_btc__min_vol,317.0786577537095
2021-07-31,etfs_com_btc__min_vol,315.81247395875056
2021-08-31,etfs_com_btc__min_vol,319.1572770699593
2021-09-30,etfs_com_btc__min_vol,317.2513702243836
2021-10-31,etfs_com_btc__min_vol,321.28611053665537
2021-11-30,etfs_com_btc__min_vol,310.892654881462
2021-12-31,etfs_com_btc__min_vol,318.54075691447576
2022-01-31,etfs_com_btc__min_vol,316.1845856615418
2022-02-28,etfs_com_btc__min_vol,304.9128688856312
2022-03-31,etfs_com_btc__min_vol,295.9600568285376
2022-04-30,etfs_com_btc__min_vol,278.1704143939339
2022-05-31,etfs_com_btc__min_vol,278.89577353289974
2022-06-30,etfs_com_btc__min_vol,272.64050545241287
2022-07-31,etfs_com_btc__min_vol,283.17942917536993
2022-08-31,etfs_com_btc__min_vol,279.8745727253107
2022-09-30,etfs_com_btc__min_vol,272.1061908618615
2022-10-31,etfs_com_btc__min_vol,275.76364536226833
2022-11-30,etfs_com_btc__min_vol,296.08623116149414
2022-12-31,etfs_com_btc__min_vol,292.3910387450543
2023-01-31,etfs_com_btc__min_vol,302.88012566972264
2023-02-28,etfs_com_btc__min_vol,288.9296099874649
2023-03-31,etfs_com_btc__min_vol,287.55449106580267
2023-04-30,etfs_com_btc__min_vol,288.72192172782445
2023-05-31,etfs_com_btc__min_vol,289.7365971178295
2023-06-30,etfs_com_btc__min_vol,300.88161239470617
2023-07-31,etfs_com_btc__min_vol,305.43834098729394
2023-08-31,etfs_com_btc__min_vol,298.2254547101978
2023-09-30,etfs_com_btc__min_vol,298.9136029222175
2023-10-31,etfs_com_btc__min_vol,291.1172820579606
2023-11-30,etfs_com_btc__min_vol,309.32563144257307
2023-12-31,etfs_com_btc__min_vol,321.49538926229025
2024-01-31,etfs_com_btc__min_vol,317.84097750573676
2024-02-29,etfs_com_btc__min_vol,327.42471651907397
2024-03-31,etfs_com_btc__min_vol,331.89089916350963
2024-04-30,etfs_com_btc__min_vol,331.2914346985367
2024-05-31,etfs_com_btc__min_vol,339.04326774505853
2024-06-30,etfs_com_btc__min_vol,350.10098420248335
2024-07-31,etfs_com_btc__min_vol,364.33822051138515
2024-08-31,etfs_com_btc__min_vol,380.6789966170023
2024-09-30,etfs_com_btc__min_vol,376.1887231623899
2024-10-31,etfs_com_btc__min_vol,377.83622445616305
2024-11-30,etfs_com_btc__min_vol,387.4470918459208
2024-12-31,etfs_com_btc__min_vol,382.1923209069988
2025-01-31,etfs_com_btc__min_vol,382.47459096459704
2025-02-28,etfs_com_btc__min_vol,383.3820289480545
2025-03-31,etfs_com_btc__min_vol,387.4443696879095
2025-04-30,etfs_com_btc__min_vol,390.6567080154929
2025-05-31,etfs_com_btc__min_vol,407.66524364047126
2025-06-30,etfs_com_btc__min_vol,409.60623875766197
2025-07-31,etfs_com_btc__min_vol,408.95358638997516
2025-08-31,etfs_com_btc__min_vol,422.85736769911557
2025-09-30,etfs_com_btc__min_vol,430.1929697220828
2025-10-31,etfs_com_btc__min_vol,442.90226804016106
2025-11-30,etfs_com_btc__min_vol,453.4683767988453
2025-12-31,etfs_com_btc__min_vol,464.9569900665955
2026-01-31,etfs_com_btc__min_vol,487.5008270857446
2026-02-28,etfs_com_btc__min_vol,505.61286514603376
2026-03-31,etfs_com_btc__min_vol,490.6475202388358
2026-04-30,etfs_com_btc__min_vol,498.39266072073076
2015-02-28,etfs_america_norte__max_sharpe,119.34278877340311
2015-03-31,etfs_america_norte__max_sharpe,129.6463023661264
2015-04-30,etfs_america_norte__max_sharpe,121.78323435652301
2015-05-31,etfs_america_norte__max_sharpe,131.72328849908757
2015-06-30,etfs_america_norte__max_sharpe,126.4886923450372
2015-07-31,etfs_america_norte__max_sharpe,140.5653607128825
2015-08-31,etfs_america_norte__max_sharpe,139.63415264604356
2015-09-30,etfs_america_norte__max_sharpe,153.50400725262304
2015-10-31,etfs_america_norte__max_sharpe,162.06864926162243
2015-11-30,etfs_america_norte__max_sharpe,162.76190073717075
2015-12-31,etfs_america_norte__max_sharpe,162.69942381956548
2016-01-31,etfs_america_norte__max_sharpe,156.54598704180393
2016-02-29,etfs_america_norte__max_sharpe,149.93289960201042
2016-03-31,etfs_america_norte__max_sharpe,145.99774554781715
2016-04-30,etfs_america_norte__max_sharpe,139.40142427997696
2016-05-31,etfs_america_norte__max_sharpe,148.00785149805074
2016-06-30,etfs_america_norte__max_sharpe,132.28574849635777
2016-07-31,etfs_america_norte__max_sharpe,141.9698883439686
2016-08-31,etfs_america_norte__max_sharpe,141.6227268225066
2016-09-30,etfs_america_norte__max_sharpe,146.083568668697
2016-10-31,etfs_america_norte__max_sharpe,141.175530729408
2016-11-30,etfs_america_norte__max_sharpe,154.74737401506627
2016-12-31,etfs_america_norte__max_sharpe,147.501645391861
2017-01-31,etfs_america_norte__max_sharpe,147.23681080308174
2017-02-28,etfs_america_norte__max_sharpe,151.24847353008207
2017-03-31,etfs_america_norte__max_sharpe,155.60228096246323
2017-04-30,etfs_america_norte__max_sharpe,160.18503320333573
2017-05-31,etfs_america_norte__max_sharpe,168.5035105863792
2017-06-30,etfs_america_norte__max_sharpe,167.52152871102433
2017-07-31,etfs_america_norte__max_sharpe,167.37375010148781
2017-08-31,etfs_america_norte__max_sharpe,167.91772289682137
2017-09-30,etfs_america_norte__max_sharpe,171.28703997035356
2017-10-31,etfs_america_norte__max_sharpe,183.70682188816707
2017-11-30,etfs_america_norte__max_sharpe,184.84659694803196
2017-12-31,etfs_america_norte__max_sharpe,191.09938319740894
2018-01-31,etfs_america_norte__max_sharpe,198.13045476404193
2018-02-28,etfs_america_norte__max_sharpe,196.8763400905414
2018-03-31,etfs_america_norte__max_sharpe,194.73644372939245
2018-04-30,etfs_america_norte__max_sharpe,206.67839239925607
2018-05-31,etfs_america_norte__max_sharpe,234.17046053117625
2018-06-30,etfs_america_norte__max_sharpe,245.38262571468712
2018-07-31,etfs_america_norte__max_sharpe,243.20884899262109
2018-08-31,etfs_america_norte__max_sharpe,282.47704586180623
2018-09-30,etfs_america_norte__max_sharpe,273.53960809002615
2018-10-31,etfs_america_norte__max_sharpe,229.20010354400046
2018-11-30,etfs_america_norte__max_sharpe,237.79784674830805
2018-12-31,etfs_america_norte__max_sharpe,217.13704288200475
2019-01-31,etfs_america_norte__max_sharpe,225.61375812869778
2019-02-28,etfs_america_norte__max_sharpe,235.02099784713747
2019-03-31,etfs_america_norte__max_sharpe,254.73934309322854
2019-04-30,etfs_america_norte__max_sharpe,269.799937878137
2019-05-31,etfs_america_norte__max_sharpe,248.65849234747452
2019-06-30,etfs_america_norte__max_sharpe,257.1621448937261
2019-07-31,etfs_america_norte__max_sharpe,259.803068391709
2019-08-31,etfs_america_norte__max_sharpe,277.55406894776854
2019-09-30,etfs_america_norte__max_sharpe,280.63200991056266
2019-10-31,etfs_america_norte__max_sharpe,278.2326602474923
2019-11-30,etfs_america_norte__max_sharpe,303.1183164811589
2019-12-31,etfs_america_norte__max_sharpe,302.8896584960826
2020-01-31,etfs_america_norte__max_sharpe,322.86904104482704
2020-02-29,etfs_america_norte__max_sharpe,315.8665407969383
2020-03-31,etfs_america_norte__max_sharpe,324.01758849869736
2020-04-30,etfs_america_norte__max_sharpe,390.72132704143
2020-05-31,etfs_america_norte__max_sharpe,419.1155828332503
2020-06-30,etfs_america_norte__max_sharpe,440.63744513661663
2020-07-31,etfs_america_norte__max_sharpe,443.5075481616141
2020-08-31,etfs_america_norte__max_sharpe,506.12687002522136
2020-09-30,etfs_america_norte__max_sharpe,491.0615544546183
2020-10-31,etfs_america_norte__max_sharpe,487.7510083976432
2020-11-30,etfs_america_norte__max_sharpe,513.1310169816211
2020-12-31,etfs_america_norte__max_sharpe,522.6859698692488
2021-01-31,etfs_america_norte__max_sharpe,551.9054260228178
2021-02-28,etfs_america_norte__max_sharpe,579.5640570250646
2021-03-31,etfs_america_norte__max_sharpe,616.6425886426795
2021-04-30,etfs_america_norte__max_sharpe,599.3002276498034
2021-05-31,etfs_america_norte__max_sharpe,587.3867504406262
2021-06-30,etfs_america_norte__max_sharpe,588.7228194373482
2021-07-31,etfs_america_norte__max_sharpe,610.6209727671393
2021-08-31,etfs_america_norte__max_sharpe,643.326476108637
2021-09-30,etfs_america_norte__max_sharpe,648.7883938519951
2021-10-31,etfs_america_norte__max_sharpe,732.1489001070604
2021-11-30,etfs_america_norte__max_sharpe,733.1815491867902
2021-12-31,etfs_america_norte__max_sharpe,739.6214067432164
2022-01-31,etfs_america_norte__max_sharpe,679.567711879171
2022-02-28,etfs_america_norte__max_sharpe,636.029604476693
2022-03-31,etfs_america_norte__max_sharpe,619.6112694211071
2022-04-30,etfs_america_norte__max_sharpe,565.8521848031506
2022-05-31,etfs_america_norte__max_sharpe,550.5561916009939
2022-06-30,etfs_america_norte__max_sharpe,539.280753779165
2022-07-31,etfs_america_norte__max_sharpe,604.8113293627273
2022-08-31,etfs_america_norte__max_sharpe,574.114644119168
2022-09-30,etfs_america_norte__max_sharpe,542.0339204041854
2022-10-31,etfs_america_norte__max_sharpe,569.3965468447283
2022-11-30,etfs_america_norte__max_sharpe,594.9786559775389
2022-12-31,etfs_america_norte__max_sharpe,548.4470921773014
2023-01-31,etfs_america_norte__max_sharpe,581.0117699163642
2023-02-28,etfs_america_norte__max_sharpe,582.6112883949644
2023-03-31,etfs_america_norte__max_sharpe,616.5588043912968
2023-04-30,etfs_america_norte__max_sharpe,607.592529043754
2023-05-31,etfs_america_norte__max_sharpe,646.4680156927589
2023-06-30,etfs_america_norte__max_sharpe,663.3383660527344
2023-07-31,etfs_america_norte__max_sharpe,674.0120297437936
2023-08-31,etfs_america_norte__max_sharpe,690.5453461976876
2023-09-30,etfs_america_norte__max_sharpe,682.9173289469582
2023-10-31,etfs_america_norte__max_sharpe,666.7404092293812
2023-11-30,etfs_america_norte__max_sharpe,706.7175569354117
2023-12-31,etfs_america_norte__max_sharpe,732.1451823474813
2024-01-31,etfs_america_norte__max_sharpe,758.1999640523303
2024-02-29,etfs_america_norte__max_sharpe,798.6741390069969
2024-03-31,etfs_america_norte__max_sharpe,823.839565377345
2024-04-30,etfs_america_norte__max_sharpe,812.2152013661331
2024-05-31,etfs_america_norte__max_sharpe,868.3672351727741
2024-06-30,etfs_america_norte__max_sharpe,966.5788083464124
2024-07-31,etfs_america_norte__max_sharpe,975.3715797409888
2024-08-31,etfs_america_norte__max_sharpe,984.3341408367005
2024-09-30,etfs_america_norte__max_sharpe,967.0791875927472
2024-10-31,etfs_america_norte__max_sharpe,1019.5404636469823
2024-11-30,etfs_america_norte__max_sharpe,1125.0096152226754
2024-12-31,etfs_america_norte__max_sharpe,1143.3057734398617
2025-01-31,etfs_america_norte__max_sharpe,1110.9217416933434
2025-02-28,etfs_america_norte__max_sharpe,1085.3316794734005
2025-03-31,etfs_america_norte__max_sharpe,1007.129057577033
2025-04-30,etfs_america_norte__max_sharpe,973.9066634880693
2025-05-31,etfs_america_norte__max_sharpe,1060.0375754547263
2025-06-30,etfs_america_norte__max_sharpe,1088.2007030089424
2025-07-31,etfs_america_norte__max_sharpe,1134.993657285702
2025-08-31,etfs_america_norte__max_sharpe,1116.9565468000942
2025-09-30,etfs_america_norte__max_sharpe,1147.6470073920996
2025-10-31,etfs_america_norte__max_sharpe,1205.3086718276247
2025-11-30,etfs_america_norte__max_sharpe,1188.2762259470735
2025-12-31,etfs_america_norte__max_sharpe,1207.6303464238854
2026-01-31,etfs_america_norte__max_sharpe,1180.9534737516258
2026-02-28,etfs_america_norte__max_sharpe,1162.6977104696682
2026-03-31,etfs_america_norte__max_sharpe,1161.2474902052243
2026-04-30,etfs_america_norte__max_sharpe,1181.9331625951086
2015-02-28,etfs_america_norte__min_vol,117.85245628764105
2015-03-31,etfs_america_norte__min_vol,128.8901328240675
2015-04-30,etfs_america_norte__min_vol,119.98726355030789
2015-05-31,etfs_america_norte__min_vol,128.91729320087447
2015-06-30,etfs_america_norte__min_vol,124.3234970094748
2015-07-31,etfs_america_norte__min_vol,135.83379423859733
2015-08-31,etfs_america_norte__min_vol,135.76699653881792
2015-09-30,etfs_america_norte__min_vol,148.9621037901749
2015-10-31,etfs_america_norte__min_vol,153.75964406331025
2015-11-30,etfs_america_norte__min_vol,154.1133765591154
2015-12-31,etfs_america_norte__min_vol,154.18424692575306
2016-01-31,etfs_america_norte__min_vol,150.89681215192843
2016-02-29,etfs_america_norte__min_vol,146.46061305972225
2016-03-31,etfs_america_norte__min_vol,142.37324216520426
2016-04-30,etfs_america_norte__min_vol,139.85871957139423
2016-05-31,etfs_america_norte__min_vol,145.3323390531659
2016-06-30,etfs_america_norte__min_vol,132.76151836354163
2016-07-31,etfs_america_norte__min_vol,138.6287955197559
2016-08-31,etfs_america_norte__min_vol,137.16390980211236
2016-09-30,etfs_america_norte__min_vol,138.78581205818952
2016-10-31,etfs_america_norte__min_vol,133.83601560747704
2016-11-30,etfs_america_norte__min_vol,150.52352409911867
2016-12-31,etfs_america_norte__min_vol,144.56056300219234
2017-01-31,etfs_america_norte__min_vol,140.50808000335832
2017-02-28,etfs_america_norte__min_vol,143.99495301755104
2017-03-31,etfs_america_norte__min_vol,145.8381895804078
2017-04-30,etfs_america_norte__min_vol,148.09472215781025
2017-05-31,etfs_america_norte__min_vol,152.7562344105122
2017-06-30,etfs_america_norte__min_vol,155.7746669538113
2017-07-31,etfs_america_norte__min_vol,153.06914597210414
2017-08-31,etfs_america_norte__min_vol,151.462609920908
2017-09-30,etfs_america_norte__min_vol,157.21303661960488
2017-10-31,etfs_america_norte__min_vol,165.6275402480005
2017-11-30,etfs_america_norte__min_vol,168.2064408865927
2017-12-31,etfs_america_norte__min_vol,174.62908711740351
2018-01-31,etfs_america_norte__min_vol,176.69256551271727
2018-02-28,etfs_america_norte__min_vol,172.27555130552267
2018-03-31,etfs_america_norte__min_vol,172.2254522992311
2018-04-30,etfs_america_norte__min_vol,182.44606570052215
2018-05-31,etfs_america_norte__min_vol,201.2917762775607
2018-06-30,etfs_america_norte__min_vol,209.92123197066124
2018-07-31,etfs_america_norte__min_vol,209.7200383237534
2018-08-31,etfs_america_norte__min_vol,238.80379752619157
2018-09-30,etfs_america_norte__min_vol,232.86904769560581
2018-10-31,etfs_america_norte__min_vol,198.39686027846292
2018-11-30,etfs_america_norte__min_vol,209.71347207732967
2018-12-31,etfs_america_norte__min_vol,191.40506546008882
2019-01-31,etfs_america_norte__min_vol,197.1990565295884
2019-02-28,etfs_america_norte__min_vol,205.88694107053618
2019-03-31,etfs_america_norte__min_vol,219.2853814984152
2019-04-30,etfs_america_norte__min_vol,229.791162187903
2019-05-31,etfs_america_norte__min_vol,215.6615023622012
2019-06-30,etfs_america_norte__min_vol,221.8178559103891
2019-07-31,etfs_america_norte__min_vol,222.7103711565478
2019-08-31,etfs_america_norte__min_vol,238.75646845062693
2019-09-30,etfs_america_norte__min_vol,243.37466804568604
2019-10-31,etfs_america_norte__min_vol,237.2234104033494
2019-11-30,etfs_america_norte__min_vol,257.6024314902103
2019-12-31,etfs_america_norte__min_vol,255.18263205939658
2020-01-31,etfs_america_norte__min_vol,265.63277722894634
2020-02-29,etfs_america_norte__min_vol,255.90400615190254
2020-03-31,etfs_america_norte__min_vol,250.87878365512307
2020-04-30,etfs_america_norte__min_vol,296.5193989216422
2020-05-31,etfs_america_norte__min_vol,313.57529104618874
2020-06-30,etfs_america_norte__min_vol,317.87990566841904
2020-07-31,etfs_america_norte__min_vol,316.92288801210304
2020-08-31,etfs_america_norte__min_vol,351.11698750211093
2020-09-30,etfs_america_norte__min_vol,347.87684845367295
2020-10-31,etfs_america_norte__min_vol,347.3291309641131
2020-11-30,etfs_america_norte__min_vol,363.23406458042604
2020-12-31,etfs_america_norte__min_vol,366.35317481365223
2021-01-31,etfs_america_norte__min_vol,382.26013537891083
2021-02-28,etfs_america_norte__min_vol,409.321964656135
2021-03-31,etfs_america_norte__min_vol,445.88843923855217
2021-04-30,etfs_america_norte__min_vol,431.6077853694571
2021-05-31,etfs_america_norte__min_vol,429.22692947268155
2021-06-30,etfs_america_norte__min_vol,416.18515474634296
2021-07-31,etfs_america_norte__min_vol,431.1659720409266
2021-08-31,etfs_america_norte__min_vol,450.110864204479
2021-09-30,etfs_america_norte__min_vol,456.5910755895549
2021-10-31,etfs_america_norte__min_vol,511.4853089246918
2021-11-30,etfs_america_norte__min_vol,500.63024905561866
2021-12-31,etfs_america_norte__min_vol,519.8696225475228
2022-01-31,etfs_america_norte__min_vol,489.7259516315044
2022-02-28,etfs_america_norte__min_vol,463.39234396105564
2022-03-31,etfs_america_norte__min_vol,447.5983471977274
2022-04-30,etfs_america_norte__min_vol,426.96870028072453
2022-05-31,etfs_america_norte__min_vol,420.30014947691274
2022-06-30,etfs_america_norte__min_vol,415.16162694231485
2022-07-31,etfs_america_norte__min_vol,453.7952841424974
2022-08-31,etfs_america_norte__min_vol,434.0936191956521
2022-09-30,etfs_america_norte__min_vol,414.87533265172044
2022-10-31,etfs_america_norte__min_vol,448.5305356289293
2022-11-30,etfs_america_norte__min_vol,469.16376634971033
2022-12-31,etfs_america_norte__min_vol,445.16144799004473
2023-01-31,etfs_america_norte__min_vol,456.01758912511355
2023-02-28,etfs_america_norte__min_vol,449.25915245724093
2023-03-31,etfs_america_norte__min_vol,454.2136482764519
2023-04-30,etfs_america_norte__min_vol,451.592775999994
2023-05-31,etfs_america_norte__min_vol,452.79450676253134
2023-06-30,etfs_america_norte__min_vol,465.220942097544
2023-07-31,etfs_america_norte__min_vol,470.00289450310004
2023-08-31,etfs_america_norte__min_vol,480.5921877640947
2023-09-30,etfs_america_norte__min_vol,475.9100313302052
2023-10-31,etfs_america_norte__min_vol,464.58972169186035
2023-11-30,etfs_america_norte__min_vol,486.98409336857713
2023-12-31,etfs_america_norte__min_vol,500.8139454722176
2024-01-31,etfs_america_norte__min_vol,517.8933513578187
2024-02-29,etfs_america_norte__min_vol,545.478964298441
2024-03-31,etfs_america_norte__min_vol,571.0602379295099
2024-04-30,etfs_america_norte__min_vol,564.2982612589683
2024-05-31,etfs_america_norte__min_vol,598.6771477818018
2024-06-30,etfs_america_norte__min_vol,651.2889847401345
2024-07-31,etfs_america_norte__min_vol,673.3348456843127
2024-08-31,etfs_america_norte__min_vol,687.2415575300516
2024-09-30,etfs_america_norte__min_vol,673.0165192334416
2024-10-31,etfs_america_norte__min_vol,709.0739905744749
2024-11-30,etfs_america_norte__min_vol,785.9624299121062
2024-12-31,etfs_america_norte__min_vol,780.4492094247014
2025-01-31,etfs_america_norte__min_vol,761.6910937612256
2025-02-28,etfs_america_norte__min_vol,752.4939018957598
2025-03-31,etfs_america_norte__min_vol,709.4550967312318
2025-04-30,etfs_america_norte__min_vol,674.7564258550248
2025-05-31,etfs_america_norte__min_vol,718.4964502502894
2025-06-30,etfs_america_norte__min_vol,730.2785224816345
2025-07-31,etfs_america_norte__min_vol,760.8342273992023
2025-08-31,etfs_america_norte__min_vol,755.3591760813989
2025-09-30,etfs_america_norte__min_vol,765.3295747073128
2025-10-31,etfs_america_norte__min_vol,788.6948781989051
2025-11-30,etfs_america_norte__min_vol,788.8109817282061
2025-12-31,etfs_america_norte__min_vol,806.8536614860146
2026-01-31,etfs_america_norte__min_vol,788.4498546857674
2026-02-28,etfs_america_norte__min_vol,784.2561486139555
2026-03-31,etfs_america_norte__min_vol,779.88625842872
2026-04-30,etfs_america_norte__min_vol,778.9239788708776
2015-02-28,etfs_asia__max_sharpe,117.94474950016362
2015-03-31,etfs_asia__max_sharpe,129.7032341117806
2015-04-30,etfs_asia__max_sharpe,123.5391664469398
2015-05-31,etfs_asia__max_sharpe,131.92478165737015
2015-06-30,etfs_asia__max_sharpe,126.22717846684408
2015-07-31,etfs_asia__max_sharpe,129.56085056267406
2015-08-31,etfs_asia__max_sharpe,125.7756551581439
2015-09-30,etfs_asia__max_sharpe,139.09640720234114
2015-10-31,etfs_asia__max_sharpe,139.9227927475736
2015-11-30,etfs_asia__max_sharpe,137.01258006816292
2015-12-31,etfs_asia__max_sharpe,137.73283135717372
2016-01-31,etfs_asia__max_sharpe,136.19422971663568
2016-02-29,etfs_asia__max_sharpe,135.6085134845942
2016-03-31,etfs_asia__max_sharpe,131.94747714891986
2016-04-30,etfs_asia__max_sharpe,121.88972932670694
2016-05-31,etfs_asia__max_sharpe,127.93057243519996
2016-06-30,etfs_asia__max_sharpe,120.5604122207915
2016-07-31,etfs_asia__max_sharpe,130.18995745857015
2016-08-31,etfs_asia__max_sharpe,128.8963925398576
2016-09-30,etfs_asia__max_sharpe,134.93555673753642
2016-10-31,etfs_asia__max_sharpe,133.2097821407049
2016-11-30,etfs_asia__max_sharpe,140.45441973019132
2016-12-31,etfs_asia__max_sharpe,129.70680291505136
2017-01-31,etfs_asia__max_sharpe,132.76722108800186
2017-02-28,etfs_asia__max_sharpe,135.144017459413
2017-03-31,etfs_asia__max_sharpe,139.94311023959858
2017-04-30,etfs_asia__max_sharpe,143.4156976333752
2017-05-31,etfs_asia__max_sharpe,149.78349022038236
2017-06-30,etfs_asia__max_sharpe,157.15600717183287
2017-07-31,etfs_asia__max_sharpe,154.67029422762272
2017-08-31,etfs_asia__max_sharpe,156.63533864824984
2017-09-30,etfs_asia__max_sharpe,153.76209935498116
2017-10-31,etfs_asia__max_sharpe,167.6206491869504
2017-11-30,etfs_asia__max_sharpe,162.7815629663719
2017-12-31,etfs_asia__max_sharpe,166.86302833786942
2018-01-31,etfs_asia__max_sharpe,170.4116213522389
2018-02-28,etfs_asia__max_sharpe,165.94557825602107
2018-03-31,etfs_asia__max_sharpe,175.4979960351233
2018-04-30,etfs_asia__max_sharpe,175.1407664063857
2018-05-31,etfs_asia__max_sharpe,189.2707830303182
2018-06-30,etfs_asia__max_sharpe,192.63603311530784
2018-07-31,etfs_asia__max_sharpe,193.83468887432122
2018-08-31,etfs_asia__max_sharpe,216.04089947605888
2018-09-30,etfs_asia__max_sharpe,209.45439329193852
2018-10-31,etfs_asia__max_sharpe,170.79719694976396
2018-11-30,etfs_asia__max_sharpe,179.0910369245026
2018-12-31,etfs_asia__max_sharpe,174.36283012477386
2019-01-31,etfs_asia__max_sharpe,175.0674660548103
2019-02-28,etfs_asia__max_sharpe,176.92764341420158
2019-03-31,etfs_asia__max_sharpe,191.33896869285692
2019-04-30,etfs_asia__max_sharpe,199.71323878393105
2019-05-31,etfs_asia__max_sharpe,187.20799741125188
2019-06-30,etfs_asia__max_sharpe,189.23429463849084
2019-07-31,etfs_asia__max_sharpe,189.0565044859579
2019-08-31,etfs_asia__max_sharpe,205.8875600384037
2019-09-30,etfs_asia__max_sharpe,214.38918125797676
2019-10-31,etfs_asia__max_sharpe,218.0287506870739
2019-11-30,etfs_asia__max_sharpe,232.61678318587812
2019-12-31,etfs_asia__max_sharpe,235.5737506338321
2020-01-31,etfs_asia__max_sharpe,232.41336792191635
2020-02-29,etfs_asia__max_sharpe,238.63734214354503
2020-03-31,etfs_asia__max_sharpe,246.4575086639658
2020-04-30,etfs_asia__max_sharpe,280.3559976713033
2020-05-31,etfs_asia__max_sharpe,289.1148767300971
2020-06-30,etfs_asia__max_sharpe,307.6080851539336
2020-07-31,etfs_asia__max_sharpe,318.0067834933067
2020-08-31,etfs_asia__max_sharpe,333.53149969515823
2020-09-30,etfs_asia__max_sharpe,355.68537347558
2020-10-31,etfs_asia__max_sharpe,365.5719656780808
2020-11-30,etfs_asia__max_sharpe,370.9582538638672
2020-12-31,etfs_asia__max_sharpe,391.08414394234813
2021-01-31,etfs_asia__max_sharpe,422.72735354756776
2021-02-28,etfs_asia__max_sharpe,450.4364964976729
2021-03-31,etfs_asia__max_sharpe,480.3002034051635
2021-04-30,etfs_asia__max_sharpe,469.3207327467161
2021-05-31,etfs_asia__max_sharpe,450.09219966401844
2021-06-30,etfs_asia__max_sharpe,433.6143458692094
2021-07-31,etfs_asia__max_sharpe,442.00710454470595
2021-08-31,etfs_asia__max_sharpe,460.4182183400634
2021-09-30,etfs_asia__max_sharpe,466.5048151354406
2021-10-31,etfs_asia__max_sharpe,489.91016002353706
2021-11-30,etfs_asia__max_sharpe,493.1180869619103
2021-12-31,etfs_asia__max_sharpe,515.0345453845526
2022-01-31,etfs_asia__max_sharpe,481.23273798634597
2022-02-28,etfs_asia__max_sharpe,455.7984406572478
2022-03-31,etfs_asia__max_sharpe,406.6493496323348
2022-04-30,etfs_asia__max_sharpe,383.843531103992
2022-05-31,etfs_asia__max_sharpe,376.77525277239914
2022-06-30,etfs_asia__max_sharpe,366.6390413807525
2022-07-31,etfs_asia__max_sharpe,376.63216632964185
2022-08-31,etfs_asia__max_sharpe,362.5586310223839
2022-09-30,etfs_asia__max_sharpe,332.0778845521039
2022-10-31,etfs_asia__max_sharpe,318.4835749504365
2022-11-30,etfs_asia__max_sharpe,380.0622048604038
2022-12-31,etfs_asia__max_sharpe,358.9961134522669
2023-01-31,etfs_asia__max_sharpe,384.9006063692141
2023-02-28,etfs_asia__max_sharpe,379.719248568295
2023-03-31,etfs_asia__max_sharpe,386.78005232206056
2023-04-30,etfs_asia__max_sharpe,368.86768223239983
2023-05-31,etfs_asia__max_sharpe,389.1581328960292
2023-06-30,etfs_asia__max_sharpe,384.5545799656721
2023-07-31,etfs_asia__max_sharpe,381.414396513559
2023-08-31,etfs_asia__max_sharpe,377.58179682817155
2023-09-30,etfs_asia__max_sharpe,379.87670102523174
2023-10-31,etfs_asia__max_sharpe,372.16000997934884
2023-11-30,etfs_asia__max_sharpe,400.3668658614706
2023-12-31,etfs_asia__max_sharpe,419.12292466790404
2024-01-31,etfs_asia__max_sharpe,420.5817393607939
2024-02-29,etfs_asia__max_sharpe,438.46989368837717
2024-03-31,etfs_asia__max_sharpe,461.1233906007079
2024-04-30,etfs_asia__max_sharpe,455.4705730407166
2024-05-31,etfs_asia__max_sharpe,489.9840325499865
2024-06-30,etfs_asia__max_sharpe,549.1481711097165
2024-07-31,etfs_asia__max_sharpe,556.3728522470104
2024-08-31,etfs_asia__max_sharpe,565.1465864255471
2024-09-30,etfs_asia__max_sharpe,545.484550404779
2024-10-31,etfs_asia__max_sharpe,575.5530555854734
2024-11-30,etfs_asia__max_sharpe,594.3612662545914
2024-12-31,etfs_asia__max_sharpe,610.3929845994234
2025-01-31,etfs_asia__max_sharpe,579.8896239123492
2025-02-28,etfs_asia__max_sharpe,571.0179003216441
2025-03-31,etfs_asia__max_sharpe,534.1650618198387
2025-04-30,etfs_asia__max_sharpe,525.9707718101757
2025-05-31,etfs_asia__max_sharpe,577.5569183980516
2025-06-30,etfs_asia__max_sharpe,603.0493534037506
2025-07-31,etfs_asia__max_sharpe,619.4819218987309
2025-08-31,etfs_asia__max_sharpe,613.2290109266863
2025-09-30,etfs_asia__max_sharpe,644.820916362459
2025-10-31,etfs_asia__max_sharpe,682.1881152777323
2025-11-30,etfs_asia__max_sharpe,660.8746897166283
2025-12-31,etfs_asia__max_sharpe,693.08812057261
2026-01-31,etfs_asia__max_sharpe,702.2574957721612
2026-02-28,etfs_asia__max_sharpe,767.8303664445442
2026-03-31,etfs_asia__max_sharpe,733.6386938488953
2026-04-30,etfs_asia__max_sharpe,778.6312729706476
2015-02-28,etfs_global__max_sharpe,117.87630285525891
2015-03-31,etfs_global__max_sharpe,128.9888612794959
2015-04-30,etfs_global__max_sharpe,121.44446830017436
2015-05-31,etfs_global__max_sharpe,129.90491036901767
2015-06-30,etfs_global__max_sharpe,124.81649363977631
2015-07-31,etfs_global__max_sharpe,136.17951917930623
2015-08-31,etfs_global__max_sharpe,134.73744515108316
2015-09-30,etfs_global__max_sharpe,147.400722509159
2015-10-31,etfs_global__max_sharpe,150.47916871285804
2015-11-30,etfs_global__max_sharpe,149.54737199426472
2015-12-31,etfs_global__max_sharpe,150.79242291220507
2016-01-31,etfs_global__max_sharpe,146.77694806511616
2016-02-29,etfs_global__max_sharpe,141.2984489708515
2016-03-31,etfs_global__max_sharpe,137.63896522908055
2016-04-30,etfs_global__max_sharpe,134.96562424742442
2016-05-31,etfs_global__max_sharpe,138.8299629937644
2016-06-30,etfs_global__max_sharpe,125.93274443854159
2016-07-31,etfs_global__max_sharpe,132.46879784499558
2016-08-31,etfs_global__max_sharpe,131.09623605346437
2016-09-30,etfs_global__max_sharpe,133.24756890050787
2016-10-31,etfs_global__max_sharpe,128.4462057057127
2016-11-30,etfs_global__max_sharpe,139.93291400907486
2016-12-31,etfs_global__max_sharpe,134.35468052752594
2017-01-31,etfs_global__max_sharpe,132.86976519001863
2017-02-28,etfs_global__max_sharpe,135.32812425779866
2017-03-31,etfs_global__max_sharpe,139.02188133285463
2017-04-30,etfs_global__max_sharpe,142.7623952003839
2017-05-31,etfs_global__max_sharpe,149.3609652451403
2017-06-30,etfs_global__max_sharpe,152.68634883711277
2017-07-31,etfs_global__max_sharpe,150.92283457618458
2017-08-31,etfs_global__max_sharpe,150.62728186760955
2017-09-30,etfs_global__max_sharpe,154.5328473126543
2017-10-31,etfs_global__max_sharpe,163.13636757997327
2017-11-30,etfs_global__max_sharpe,164.27982989280298
2017-12-31,etfs_global__max_sharpe,170.06785727622892
2018-01-31,etfs_global__max_sharpe,172.61905054732645
2018-02-28,etfs_global__max_sharpe,168.47271141516498
2018-03-31,etfs_global__max_sharpe,169.5667211631688
2018-04-30,etfs_global__max_sharpe,177.37184968197408
2018-05-31,etfs_global__max_sharpe,191.81447262294856
2018-06-30,etfs_global__max_sharpe,197.73113487670832
2018-07-31,etfs_global__max_sharpe,196.8537967489431
2018-08-31,etfs_global__max_sharpe,220.58145453633875
2018-09-30,etfs_global__max_sharpe,214.61897280535055
2018-10-31,etfs_global__max_sharpe,182.94865757143316
2018-11-30,etfs_global__max_sharpe,193.71700904438674
2018-12-31,etfs_global__max_sharpe,180.83265921879385
2019-01-31,etfs_global__max_sharpe,185.65298659627493
2019-02-28,etfs_global__max_sharpe,192.6046047377528
2019-03-31,etfs_global__max_sharpe,204.58565422370256
2019-04-30,etfs_global__max_sharpe,214.11923881540025
2019-05-31,etfs_global__max_sharpe,202.94087258236303
2019-06-30,etfs_global__max_sharpe,207.20747969496176
2019-07-31,etfs_global__max_sharpe,205.89727913117568
2019-08-31,etfs_global__max_sharpe,221.47498742819812
2019-09-30,etfs_global__max_sharpe,225.8516140846551
2019-10-31,etfs_global__max_sharpe,222.4984759017991
2019-11-30,etfs_global__max_sharpe,239.22315901102533
2019-12-31,etfs_global__max_sharpe,237.2769570470826
2020-01-31,etfs_global__max_sharpe,247.0538800920393
2020-02-29,etfs_global__max_sharpe,241.62116462909046
2020-03-31,etfs_global__max_sharpe,242.24411517578034
2020-04-30,etfs_global__max_sharpe,273.33492263437
2020-05-31,etfs_global__max_sharpe,290.9609058369054
2020-06-30,etfs_global__max_sharpe,299.43362240068234
2020-07-31,etfs_global__max_sharpe,300.98293002877244
2020-08-31,etfs_global__max_sharpe,333.7374659427667
2020-09-30,etfs_global__max_sharpe,338.34132553199703
2020-10-31,etfs_global__max_sharpe,339.45999076424044
2020-11-30,etfs_global__max_sharpe,350.80078478615303
2020-12-31,etfs_global__max_sharpe,356.8186509550122
2021-01-31,etfs_global__max_sharpe,372.65406431254655
2021-02-28,etfs_global__max_sharpe,387.4946569126332
2021-03-31,etfs_global__max_sharpe,416.11366419255313
2021-04-30,etfs_global__max_sharpe,401.0728444455822
2021-05-31,etfs_global__max_sharpe,399.4871701625033
2021-06-30,etfs_global__max_sharpe,382.66161785505506
2021-07-31,etfs_global__max_sharpe,395.9050721401448
2021-08-31,etfs_global__max_sharpe,412.67389161358335
2021-09-30,etfs_global__max_sharpe,412.87597150594723
2021-10-31,etfs_global__max_sharpe,453.6811575191461
2021-11-30,etfs_global__max_sharpe,439.7421840559277
2021-12-31,etfs_global__max_sharpe,454.35096462640115
2022-01-31,etfs_global__max_sharpe,417.5272214711732
2022-02-28,etfs_global__max_sharpe,389.41279147165267
2022-03-31,etfs_global__max_sharpe,366.987854908308
2022-04-30,etfs_global__max_sharpe,349.2705425841084
2022-05-31,etfs_global__max_sharpe,337.65892958187067
2022-06-30,etfs_global__max_sharpe,338.26206529915316
2022-07-31,etfs_global__max_sharpe,362.2988808623657
2022-08-31,etfs_global__max_sharpe,342.42242161500144
2022-09-30,etfs_global__max_sharpe,326.8684104897206
2022-10-31,etfs_global__max_sharpe,340.67742439290873
2022-11-30,etfs_global__max_sharpe,367.660809379471
2022-12-31,etfs_global__max_sharpe,351.80325200239184
2023-01-31,etfs_global__max_sharpe,366.06005917988574
2023-02-28,etfs_global__max_sharpe,359.7722756868243
2023-03-31,etfs_global__max_sharpe,364.1117955207359
2023-04-30,etfs_global__max_sharpe,361.3634957893812
2023-05-31,etfs_global__max_sharpe,361.7885875103256
2023-06-30,etfs_global__max_sharpe,369.0938046261967
2023-07-31,etfs_global__max_sharpe,371.94810351489275
2023-08-31,etfs_global__max_sharpe,373.7560027201324
2023-09-30,etfs_global__max_sharpe,368.3280706536192
2023-10-31,etfs_global__max_sharpe,359.9059470279314
2023-11-30,etfs_global__max_sharpe,380.86240055785606
2023-12-31,etfs_global__max_sharpe,394.80527101721333
2024-01-31,etfs_global__max_sharpe,404.0620671938582
2024-02-29,etfs_global__max_sharpe,423.7256248267659
2024-03-31,etfs_global__max_sharpe,439.5779056296088
2024-04-30,etfs_global__max_sharpe,434.7356062969979
2024-05-31,etfs_global__max_sharpe,462.1873776887482
2024-06-30,etfs_global__max_sharpe,498.6579092149996
2024-07-31,etfs_global__max_sharpe,516.5139567247254
2024-08-31,etfs_global__max_sharpe,530.9783221024036
2024-09-30,etfs_global__max_sharpe,523.8892425131692
2024-10-31,etfs_global__max_sharpe,544.0032684820513
2024-11-30,etfs_global__max_sharpe,590.6506773749716
2024-12-31,etfs_global__max_sharpe,590.6288585089201
2025-01-31,etfs_global__max_sharpe,579.2601034076924
2025-02-28,etfs_global__max_sharpe,574.0493365881445
2025-03-31,etfs_global__max_sharpe,545.2941270208248
2025-04-30,etfs_global__max_sharpe,534.959618548256
2025-05-31,etfs_global__max_sharpe,569.9511952977381
2025-06-30,etfs_global__max_sharpe,577.6595703313559
2025-07-31,etfs_global__max_sharpe,594.104662536324
2025-08-31,etfs_global__max_sharpe,592.2448701363194
2025-09-30,etfs_global__max_sharpe,603.2000340140684
2025-10-31,etfs_global__max_sharpe,624.0236668315632
2025-11-30,etfs_global__max_sharpe,621.2029746553053
2025-12-31,etfs_global__max_sharpe,640.8867992972921
2026-01-31,etfs_global__max_sharpe,624.5103640521268
2026-02-28,etfs_global__max_sharpe,626.1675670645158
2026-03-31,etfs_global__max_sharpe,602.4680977910281
2026-04-30,etfs_global__max_sharpe,613.5174504700856
2015-02-28,etfs_global__min_vol,118.27923614946938
2015-03-31,etfs_global__min_vol,129.6063505947726
2015-04-30,etfs_global__min_vol,122.68305667276623
2015-05-31,etfs_global__min_vol,131.19462216074714
2015-06-30,etfs_global__min_vol,125.81757537098267
2015-07-31,etfs_global__min_vol,137.75306103616066
2015-08-31,etfs_global__min_vol,135.94889335240953
2015-09-30,etfs_global__min_vol,148.17764971887814
2015-10-31,etfs_global__min_vol,150.55456342563087
2015-11-30,etfs_global__min_vol,149.43202367179578
2015-12-31,etfs_global__min_vol,150.65234821532212
2016-01-31,etfs_global__min_vol,146.44724785818823
2016-02-29,etfs_global__min_vol,139.53007882600437
2016-03-31,etfs_global__min_vol,135.7736932632975
2016-04-30,etfs_global__min_vol,133.84600896748216
2016-05-31,etfs_global__min_vol,137.19660847687337
2016-06-30,etfs_global__min_vol,123.06560007135768
2016-07-31,etfs_global__min_vol,129.7201259740693
2016-08-31,etfs_global__min_vol,128.42173493872642
2016-09-30,etfs_global__min_vol,131.02924516638896
2016-10-31,etfs_global__min_vol,125.955795224498
2016-11-30,etfs_global__min_vol,135.30894477723098
2016-12-31,etfs_global__min_vol,130.25803559350936
2017-01-31,etfs_global__min_vol,129.34528737776532
2017-02-28,etfs_global__min_vol,130.7020362639171
2017-03-31,etfs_global__min_vol,135.5257619140113
2017-04-30,etfs_global__min_vol,139.6281566036362
2017-05-31,etfs_global__min_vol,147.0324685638255
2017-06-30,etfs_global__min_vol,150.18228859241464
2017-07-31,etfs_global__min_vol,148.56509623558887
2017-08-31,etfs_global__min_vol,147.96527402488277
2017-09-30,etfs_global__min_vol,152.324991587432
2017-10-31,etfs_global__min_vol,160.47720992931374
2017-11-30,etfs_global__min_vol,160.58501050586656
2017-12-31,etfs_global__min_vol,166.42769181743822
2018-01-31,etfs_global__min_vol,168.0810479548675
2018-02-28,etfs_global__min_vol,163.44249800157704
2018-03-31,etfs_global__min_vol,165.5278126331001
2018-04-30,etfs_global__min_vol,173.96908380658053
2018-05-31,etfs_global__min_vol,186.16448322956833
2018-06-30,etfs_global__min_vol,190.76554797925633
2018-07-31,etfs_global__min_vol,189.12257551389706
2018-08-31,etfs_global__min_vol,209.08978681075263
2018-09-30,etfs_global__min_vol,203.55112790658708
2018-10-31,etfs_global__min_vol,172.30632729802048
2018-11-30,etfs_global__min_vol,181.3744616038416
2018-12-31,etfs_global__min_vol,170.8591099435896
2019-01-31,etfs_global__min_vol,174.8958164762681
2019-02-28,etfs_global__min_vol,181.31302063698408
2019-03-31,etfs_global__min_vol,191.56815860594824
2019-04-30,etfs_global__min_vol,199.86711551715558
2019-05-31,etfs_global__min_vol,190.393241463641
2019-06-30,etfs_global__min_vol,193.75827131579035
2019-07-31,etfs_global__min_vol,190.2902030997383
2019-08-31,etfs_global__min_vol,205.06414602564917
2019-09-30,etfs_global__min_vol,210.14272699728886
2019-10-31,etfs_global__min_vol,207.5518800349028
2019-11-30,etfs_global__min_vol,221.95588011758147
2019-12-31,etfs_global__min_vol,220.29716920308414
2020-01-31,etfs_global__min_vol,227.3678932422719
2020-02-29,etfs_global__min_vol,222.1532347233374
2020-03-31,etfs_global__min_vol,220.24407333661767
2020-04-30,etfs_global__min_vol,244.9908255772243
2020-05-31,etfs_global__min_vol,261.4542443530544
2020-06-30,etfs_global__min_vol,269.87411497269295
2020-07-31,etfs_global__min_vol,267.3812309089599
2020-08-31,etfs_global__min_vol,295.16175938894173
2020-09-30,etfs_global__min_vol,301.1982992523444
2020-10-31,etfs_global__min_vol,299.9389241603142
2020-11-30,etfs_global__min_vol,313.85259377517826
2020-12-31,etfs_global__min_vol,320.8282100069291
2021-01-31,etfs_global__min_vol,334.3005901264866
2021-02-28,etfs_global__min_vol,347.8836700915521
2021-03-31,etfs_global__min_vol,373.4056543467869
2021-04-30,etfs_global__min_vol,357.63114397150235
2021-05-31,etfs_global__min_vol,360.3070378871352
2021-06-30,etfs_global__min_vol,341.01407833758265
2021-07-31,etfs_global__min_vol,352.0331218317469
2021-08-31,etfs_global__min_vol,365.23211307074223
2021-09-30,etfs_global__min_vol,367.18821531233317
2021-10-31,etfs_global__min_vol,398.8875729937681
2021-11-30,etfs_global__min_vol,381.5147082273943
2021-12-31,etfs_global__min_vol,395.1148539498777
2022-01-31,etfs_global__min_vol,364.54292786722397
2022-02-28,etfs_global__min_vol,340.7964079188891
2022-03-31,etfs_global__min_vol,318.9634723481938
2022-04-30,etfs_global__min_vol,305.9051943833097
2022-05-31,etfs_global__min_vol,297.70082842080376
2022-06-30,etfs_global__min_vol,296.3224782610439
2022-07-31,etfs_global__min_vol,314.46678187302115
2022-08-31,etfs_global__min_vol,294.71105642024474
2022-09-30,etfs_global__min_vol,280.52432374930254
2022-10-31,etfs_global__min_vol,291.96593337901686
2022-11-30,etfs_global__min_vol,321.87344184233524
2022-12-31,etfs_global__min_vol,312.3298617696387
2023-01-31,etfs_global__min_vol,327.540111979519
2023-02-28,etfs_global__min_vol,321.629894325881
2023-03-31,etfs_global__min_vol,324.316411778725
2023-04-30,etfs_global__min_vol,323.738359464894
2023-05-31,etfs_global__min_vol,319.25210043702987
2023-06-30,etfs_global__min_vol,323.38831118941096
2023-07-31,etfs_global__min_vol,325.0948232866327
2023-08-31,etfs_global__min_vol,324.7390841278362
2023-09-30,etfs_global__min_vol,320.9391623096265
2023-10-31,etfs_global__min_vol,312.10234997335334
2023-11-30,etfs_global__min_vol,330.14083131978424
2023-12-31,etfs_global__min_vol,343.62902965569083
2024-01-31,etfs_global__min_vol,349.04391443210926
2024-02-29,etfs_global__min_vol,362.6100585100138
2024-03-31,etfs_global__min_vol,376.97334154540755
2024-04-30,etfs_global__min_vol,373.12447918158847
2024-05-31,etfs_global__min_vol,396.8710063291934
2024-06-30,etfs_global__min_vol,419.61055963172964
2024-07-31,etfs_global__min_vol,438.1333502514219
2024-08-31,etfs_global__min_vol,451.400008573878
2024-09-30,etfs_global__min_vol,442.67511480737045
2024-10-31,etfs_global__min_vol,451.76858244131483
2024-11-30,etfs_global__min_vol,481.0234058729239
2024-12-31,etfs_global__min_vol,478.6864761067041
2025-01-31,etfs_global__min_vol,472.7303630412722
2025-02-28,etfs_global__min_vol,475.13647838424936
2025-03-31,etfs_global__min_vol,460.84239435357375
2025-04-30,etfs_global__min_vol,460.818363260176
2025-05-31,etfs_global__min_vol,489.50226056529436
2025-06-30,etfs_global__min_vol,492.4070095508738
2025-07-31,etfs_global__min_vol,499.6468643674278
2025-08-31,etfs_global__min_vol,502.78582413015477
2025-09-30,etfs_global__min_vol,509.22017298698495
2025-10-31,etfs_global__min_vol,525.3052586802263
2025-11-30,etfs_global__min_vol,525.6077903376826
2025-12-31,etfs_global__min_vol,549.0629124464017
2026-01-31,etfs_global__min_vol,544.0677233017947
2026-02-28,etfs_global__min_vol,559.8541691637834
2026-03-31,etfs_global__min_vol,530.7200142039527
2026-04-30,etfs_global__min_vol,539.5408108807735
2015-02-28,etfs_exterior__min_vol,118.27263704755025
2015-03-31,etfs_exterior__min_vol,128.1994915488528
2015-04-30,etfs_exterior__min_vol,123.97674935876353
2015-05-31,etfs_exterior__min_vol,130.7243317606704
2015-06-30,etfs_exterior__min_vol,124.57156588478533
2015-07-31,etfs_exterior__min_vol,130.83512759172896
2015-08-31,etfs_exterior__min_vol,128.78067019964288
2015-09-30,etfs_exterior__min_vol,140.46144737790593
2015-10-31,etfs_exterior__min_vol,143.0114999736769
2015-11-30,etfs_exterior__min_vol,139.33893205643267
2015-12-31,etfs_exterior__min_vol,138.65002282940492
2016-01-31,etfs_exterior__min_vol,136.57007537089086
2016-02-29,etfs_exterior__min_vol,131.7975941194818
2016-03-31,etfs_exterior__min_vol,130.32991572139753
2016-04-30,etfs_exterior__min_vol,128.8284623726986
2016-05-31,etfs_exterior__min_vol,128.31593312107432
2016-06-30,etfs_exterior__min_vol,118.78887035008769
2016-07-31,etfs_exterior__min_vol,124.1854531492758
2016-08-31,etfs_exterior__min_vol,123.00465627975272
2016-09-30,etfs_exterior__min_vol,125.48991240373797
2016-10-31,etfs_exterior__min_vol,122.74693735946688
2016-11-30,etfs_exterior__min_vol,127.46192783780128
2016-12-31,etfs_exterior__min_vol,120.71400290668093
2017-01-31,etfs_exterior__min_vol,121.36000487416638
2017-02-28,etfs_exterior__min_vol,123.14095438393528
2017-03-31,etfs_exterior__min_vol,130.20945162248017
2017-04-30,etfs_exterior__min_vol,133.32602782870597
2017-05-31,etfs_exterior__min_vol,140.0787286810299
2017-06-30,etfs_exterior__min_vol,142.61924546144022
2017-07-31,etfs_exterior__min_vol,143.13393021357385
2017-08-31,etfs_exterior__min_vol,144.05674813838115
2017-09-30,etfs_exterior__min_vol,146.66346313471647
2017-10-31,etfs_exterior__min_vol,153.72063099847844
2017-11-30,etfs_exterior__min_vol,150.30814813652097
2017-12-31,etfs_exterior__min_vol,160.5136996645345
2018-01-31,etfs_exterior__min_vol,163.91104411380232
2018-02-28,etfs_exterior__min_vol,158.3872625899231
2018-03-31,etfs_exterior__min_vol,162.27199382209864
2018-04-30,etfs_exterior__min_vol,169.788655254814
2018-05-31,etfs_exterior__min_vol,175.493826886449
2018-06-30,etfs_exterior__min_vol,177.274267966492
2018-07-31,etfs_exterior__min_vol,177.38627434897862
2018-08-31,etfs_exterior__min_vol,188.66413745141517
2018-09-30,etfs_exterior__min_vol,184.52334997723327
2018-10-31,etfs_exterior__min_vol,154.6304375556499
2018-11-30,etfs_exterior__min_vol,163.690855225977
2018-12-31,etfs_exterior__min_vol,159.04019058167356
2019-01-31,etfs_exterior__min_vol,165.50215479770534
2019-02-28,etfs_exterior__min_vol,167.7448958642634
2019-03-31,etfs_exterior__min_vol,176.00232466195644
2019-04-30,etfs_exterior__min_vol,181.31941894037433
2019-05-31,etfs_exterior__min_vol,171.7204085661399
2019-06-30,etfs_exterior__min_vol,174.21288504276205
2019-07-31,etfs_exterior__min_vol,168.2290669269111
2019-08-31,etfs_exterior__min_vol,176.0086611606891
2019-09-30,etfs_exterior__min_vol,180.57611474137155
2019-10-31,etfs_exterior__min_vol,177.09960321822098
2019-11-30,etfs_exterior__min_vol,184.74369284583585
2019-12-31,etfs_exterior__min_vol,188.79559420710274
2020-01-31,etfs_exterior__min_vol,190.69576740522368
2020-02-29,etfs_exterior__min_vol,186.18387644604508
2020-03-31,etfs_exterior__min_vol,174.82330600968007
2020-04-30,etfs_exterior__min_vol,193.05221875371436
2020-05-31,etfs_exterior__min_vol,202.42746083293986
2020-06-30,etfs_exterior__min_vol,211.08191920559153
2020-07-31,etfs_exterior__min_vol,210.86116436623232
2020-08-31,etfs_exterior__min_vol,224.5695121193125
2020-09-30,etfs_exterior__min_vol,229.02660027658763
2020-10-31,etfs_exterior__min_vol,233.13619426395954
2020-11-30,etfs_exterior__min_vol,244.5738509013457
2020-12-31,etfs_exterior__min_vol,253.82714848214772
2021-01-31,etfs_exterior__min_vol,265.42385213984767
2021-02-28,etfs_exterior__min_vol,276.87198526749216
2021-03-31,etfs_exterior__min_vol,296.3633341270457
2021-04-30,etfs_exterior__min_vol,278.27814971471145
2021-05-31,etfs_exterior__min_vol,278.2861618796093
2021-06-30,etfs_exterior__min_vol,263.1493214942534
2021-07-31,etfs_exterior__min_vol,263.8243487090755
2021-08-31,etfs_exterior__min_vol,276.1501408194287
2021-09-30,etfs_exterior__min_vol,277.1638169129959
2021-10-31,etfs_exterior__min_vol,291.58163219526386
2021-11-30,etfs_exterior__min_vol,277.909924607265
2021-12-31,etfs_exterior__min_vol,287.1030176430294
2022-01-31,etfs_exterior__min_vol,279.50329434316023
2022-02-28,etfs_exterior__min_vol,265.02120575206067
2022-03-31,etfs_exterior__min_vol,249.26220149769057
2022-04-30,etfs_exterior__min_vol,240.04059462083544
2022-05-31,etfs_exterior__min_vol,239.60668699509645
2022-06-30,etfs_exterior__min_vol,238.88812471010624
2022-07-31,etfs_exterior__min_vol,246.25809816786864
2022-08-31,etfs_exterior__min_vol,237.4165589749297
2022-09-30,etfs_exterior__min_vol,227.30620160158256
2022-10-31,etfs_exterior__min_vol,230.92162988441422
2022-11-30,etfs_exterior__min_vol,257.9672374077121
2022-12-31,etfs_exterior__min_vol,254.99424613194242
2023-01-31,etfs_exterior__min_vol,269.5433259668249
2023-02-28,etfs_exterior__min_vol,263.8380847418955
2023-03-31,etfs_exterior__min_vol,263.59980919430154
2023-04-30,etfs_exterior__min_vol,261.4431364040969
2023-05-31,etfs_exterior__min_vol,257.2839659627698
2023-06-30,etfs_exterior__min_vol,260.896940218471
2023-07-31,etfs_exterior__min_vol,265.00699624140947
2023-08-31,etfs_exterior__min_vol,260.32857868534546
2023-09-30,etfs_exterior__min_vol,258.08449904187063
2023-10-31,etfs_exterior__min_vol,247.85618938278938
2023-11-30,etfs_exterior__min_vol,263.65360323135224
2023-12-31,etfs_exterior__min_vol,273.1692582623086
2024-01-31,etfs_exterior__min_vol,270.2322981881312
2024-02-29,etfs_exterior__min_vol,276.60284939506084
2024-03-31,etfs_exterior__min_vol,287.397873310888
2024-04-30,etfs_exterior__min_vol,294.15034154167296
2024-05-31,etfs_exterior__min_vol,308.8094057544214
2024-06-30,etfs_exterior__min_vol,319.2243148825635
2024-07-31,etfs_exterior__min_vol,331.38809500455255
2024-08-31,etfs_exterior__min_vol,338.6708835819932
2024-09-30,etfs_exterior__min_vol,335.5067846161869
2024-10-31,etfs_exterior__min_vol,343.4500464174713
2024-11-30,etfs_exterior__min_vol,357.97939262950626
2024-12-31,etfs_exterior__min_vol,359.2147285569635
2025-01-31,etfs_exterior__min_vol,354.39374849222804
2025-02-28,etfs_exterior__min_vol,360.1154411749138
2025-03-31,etfs_exterior__min_vol,358.71309902418534
2025-04-30,etfs_exterior__min_vol,360.52000083886537
2025-05-31,etfs_exterior__min_vol,379.79619942717824
2025-06-30,etfs_exterior__min_vol,379.94015653384304
2025-07-31,etfs_exterior__min_vol,384.7432702720193
2025-08-31,etfs_exterior__min_vol,388.2872346411379
2025-09-30,etfs_exterior__min_vol,394.0394744062876
2025-10-31,etfs_exterior__min_vol,415.4397506172559
2025-11-30,etfs_exterior__min_vol,416.66094813612443
2025-12-31,etfs_exterior__min_vol,438.0701601084956
2026-01-31,etfs_exterior__min_vol,445.8022007041794
2026-02-28,etfs_exterior__min_vol,459.8220581828288
2026-03-31,etfs_exterior__min_vol,437.23341119828297
2026-04-30,etfs_exterior__min_vol,442.4668787935365
2015-02-28,etfs_latam__max_sharpe,121.29413565126042
2015-03-31,etfs_latam__max_sharpe,135.26355359457898
2015-04-30,etfs_latam__max_sharpe,128.18971045936067
2015-05-31,etfs_latam__max_sharpe,133.52348056530047
2015-06-30,etfs_latam__max_sharpe,126.77714102359403
2015-07-31,etfs_latam__max_sharpe,129.57212668683417
2015-08-31,etfs_latam__max_sharpe,132.96406603918356
2015-09-30,etfs_latam__max_sharpe,139.5064983361981
2015-10-31,etfs_latam__max_sharpe,152.71751005429417
2015-11-30,etfs_latam__max_sharpe,145.97518148963636
2015-12-31,etfs_latam__max_sharpe,144.364242314699
2016-01-31,etfs_latam__max_sharpe,143.44717845401814
2016-02-29,etfs_latam__max_sharpe,145.70274230006814
2016-03-31,etfs_latam__max_sharpe,142.3045392170425
2016-04-30,etfs_latam__max_sharpe,143.6030594370008
2016-05-31,etfs_latam__max_sharpe,141.6732044686451
2016-06-30,etfs_latam__max_sharpe,135.2818625187019
2016-07-31,etfs_latam__max_sharpe,138.10313507805955
2016-08-31,etfs_latam__max_sharpe,135.80449036948022
2016-09-30,etfs_latam__max_sharpe,139.07981228479366
2016-10-31,etfs_latam__max_sharpe,140.44968356344643
2016-11-30,etfs_latam__max_sharpe,140.49494407543565
2016-12-31,etfs_latam__max_sharpe,132.43715542570044
2017-01-31,etfs_latam__max_sharpe,135.95026755156348
2017-02-28,etfs_latam__max_sharpe,138.70905108597796
2017-03-31,etfs_latam__max_sharpe,153.14207958477647
2017-04-30,etfs_latam__max_sharpe,156.31163625415564
2017-05-31,etfs_latam__max_sharpe,164.29468332442764
2017-06-30,etfs_latam__max_sharpe,167.14257981440645
2017-07-31,etfs_latam__max_sharpe,166.49146984066192
2017-08-31,etfs_latam__max_sharpe,166.9964233370546
2017-09-30,etfs_latam__max_sharpe,172.10306600423402
2017-10-31,etfs_latam__max_sharpe,174.34828017583547
2017-11-30,etfs_latam__max_sharpe,169.89358125741995
2017-12-31,etfs_latam__max_sharpe,185.0031796874014
2018-01-31,etfs_latam__max_sharpe,191.5910205688778
2018-02-28,etfs_latam__max_sharpe,187.39057804006697
2018-03-31,etfs_latam__max_sharpe,190.07905775949277
2018-04-30,etfs_latam__max_sharpe,196.57690368956514
2018-05-31,etfs_latam__max_sharpe,183.52742822757295
2018-06-30,etfs_latam__max_sharpe,184.83226625735273
2018-07-31,etfs_latam__max_sharpe,195.2256147550192
2018-08-31,etfs_latam__max_sharpe,199.09606948279983
2018-09-30,etfs_latam__max_sharpe,196.81841089671968
2018-10-31,etfs_latam__max_sharpe,162.6875528435871
2018-11-30,etfs_latam__max_sharpe,168.9725805235232
2018-12-31,etfs_latam__max_sharpe,164.94709645137223
2019-01-31,etfs_latam__max_sharpe,179.56527119588532
2019-02-28,etfs_latam__max_sharpe,179.52887335882494
2019-03-31,etfs_latam__max_sharpe,184.86397876981442
2019-04-30,etfs_latam__max_sharpe,185.77285870526183
2019-05-31,etfs_latam__max_sharpe,187.48057196398133
2019-06-30,etfs_latam__max_sharpe,197.28160335138426
2019-07-31,etfs_latam__max_sharpe,191.2840644731421
2019-08-31,etfs_latam__max_sharpe,177.12866944828468
2019-09-30,etfs_latam__max_sharpe,181.24864761428242
2019-10-31,etfs_latam__max_sharpe,170.99278360305502
2019-11-30,etfs_latam__max_sharpe,182.53999004389217
2019-12-31,etfs_latam__max_sharpe,191.51563289178904
2020-01-31,etfs_latam__max_sharpe,197.65176984298296
2020-02-29,etfs_latam__max_sharpe,187.89367356278314
2020-03-31,etfs_latam__max_sharpe,155.51202853375145
2020-04-30,etfs_latam__max_sharpe,172.72999803770531
2020-05-31,etfs_latam__max_sharpe,197.73514853354348
2020-06-30,etfs_latam__max_sharpe,209.2785160374519
2020-07-31,etfs_latam__max_sharpe,214.34757367214937
2020-08-31,etfs_latam__max_sharpe,219.44017148834814
2020-09-30,etfs_latam__max_sharpe,218.23972488746378
2020-10-31,etfs_latam__max_sharpe,226.8816978537538
2020-11-30,etfs_latam__max_sharpe,250.09144949137888
2020-12-31,etfs_latam__max_sharpe,261.7125991297537
2021-01-31,etfs_latam__max_sharpe,260.3517929878461
2021-02-28,etfs_latam__max_sharpe,269.3893258713799
2021-03-31,etfs_latam__max_sharpe,290.8793095038475
2021-04-30,etfs_latam__max_sharpe,275.1264719321371
2021-05-31,etfs_latam__max_sharpe,276.76537216375675
2021-06-30,etfs_latam__max_sharpe,263.7749709392676
2021-07-31,etfs_latam__max_sharpe,272.0669001958589
2021-08-31,etfs_latam__max_sharpe,307.09714543448
2021-09-30,etfs_latam__max_sharpe,295.8709001990629
2021-10-31,etfs_latam__max_sharpe,304.0925627138882
2021-11-30,etfs_latam__max_sharpe,278.7987405280679
2021-12-31,etfs_latam__max_sharpe,300.44747449593496
2022-01-31,etfs_latam__max_sharpe,288.86272386496734
2022-02-28,etfs_latam__max_sharpe,287.43009294120645
2022-03-31,etfs_latam__max_sharpe,292.18482891192497
2022-04-30,etfs_latam__max_sharpe,269.7203016671213
2022-05-31,etfs_latam__max_sharpe,267.952737050829
2022-06-30,etfs_latam__max_sharpe,248.87422300297823
2022-07-31,etfs_latam__max_sharpe,267.4422839281905
2022-08-31,etfs_latam__max_sharpe,270.1335246453801
2022-09-30,etfs_latam__max_sharpe,274.9586510432473
2022-10-31,etfs_latam__max_sharpe,295.22837422711837
2022-11-30,etfs_latam__max_sharpe,313.53168864046705
2022-12-31,etfs_latam__max_sharpe,315.16417391208915
2023-01-31,etfs_latam__max_sharpe,356.7460037226954
2023-02-28,etfs_latam__max_sharpe,356.78163375677207
2023-03-31,etfs_latam__max_sharpe,352.9092533344152
2023-04-30,etfs_latam__max_sharpe,347.29746807979427
2023-05-31,etfs_latam__max_sharpe,351.14181991634393
2023-06-30,etfs_latam__max_sharpe,374.14421279971833
2023-07-31,etfs_latam__max_sharpe,377.25489485644323
2023-08-31,etfs_latam__max_sharpe,380.77767030398303
2023-09-30,etfs_latam__max_sharpe,355.0930238841107
2023-10-31,etfs_latam__max_sharpe,332.56906388131125
2023-11-30,etfs_latam__max_sharpe,396.48777092681996
2023-12-31,etfs_latam__max_sharpe,413.4067120340815
2024-01-31,etfs_latam__max_sharpe,417.9554901801865
2024-02-29,etfs_latam__max_sharpe,407.99706063473326
2024-03-31,etfs_latam__max_sharpe,435.91746551549153
2024-04-30,etfs_latam__max_sharpe,452.7711435064832
2024-05-31,etfs_latam__max_sharpe,483.25240189815037
2024-06-30,etfs_latam__max_sharpe,460.73243821003285
2024-07-31,etfs_latam__max_sharpe,471.7954904097106
2024-08-31,etfs_latam__max_sharpe,496.0422680035154
2024-09-30,etfs_latam__max_sharpe,486.64721084847724
2024-10-31,etfs_latam__max_sharpe,530.7253391237662
2024-11-30,etfs_latam__max_sharpe,586.2282515422445
2024-12-31,etfs_latam__max_sharpe,592.9228850997594
2025-01-31,etfs_latam__max_sharpe,593.138770911504
2025-02-28,etfs_latam__max_sharpe,587.789351824885
2025-03-31,etfs_latam__max_sharpe,577.8067569138058
2025-04-30,etfs_latam__max_sharpe,609.2317312400497
2025-05-31,etfs_latam__max_sharpe,644.0642584314704
2025-06-30,etfs_latam__max_sharpe,611.8312537010393
2025-07-31,etfs_latam__max_sharpe,609.5456577284822
2025-08-31,etfs_latam__max_sharpe,597.1972327296374
2025-09-30,etfs_latam__max_sharpe,572.5052689695053
2025-10-31,etfs_latam__max_sharpe,679.5258401406558
2025-11-30,etfs_latam__max_sharpe,685.5123798666201
2025-12-31,etfs_latam__max_sharpe,712.1748013752216
2026-01-31,etfs_latam__max_sharpe,731.3448604590033
2026-02-28,etfs_latam__max_sharpe,710.890974269244
2026-03-31,etfs_latam__max_sharpe,715.1344262691568
2026-04-30,etfs_latam__max_sharpe,702.8174616577819
2015-02-28,etfs_desenvolvidos_emergentes__max_sharpe,117.91081746748686
2015-03-31,etfs_desenvolvidos_emergentes__max_sharpe,129.28244442533406
2015-04-30,etfs_desenvolvidos_emergentes__max_sharpe,124.1846965279906
2015-05-31,etfs_desenvolvidos_emergentes__max_sharpe,131.25009033450428
2015-06-30,etfs_desenvolvidos_emergentes__max_sharpe,125.66403850868686
2015-07-31,etfs_desenvolvidos_emergentes__max_sharpe,134.49998268044735
2015-08-31,etfs_desenvolvidos_emergentes__max_sharpe,131.50125565263832
2015-09-30,etfs_desenvolvidos_emergentes__max_sharpe,143.90520015315255
2015-10-31,etfs_desenvolvidos_emergentes__max_sharpe,145.39423098107343
2015-11-30,etfs_desenvolvidos_emergentes__max_sharpe,143.45488797994886
2015-12-31,etfs_desenvolvidos_emergentes__max_sharpe,143.98410429522562
2016-01-31,etfs_desenvolvidos_emergentes__max_sharpe,139.9687755642622
2016-02-29,etfs_desenvolvidos_emergentes__max_sharpe,133.16063617892874
2016-03-31,etfs_desenvolvidos_emergentes__max_sharpe,131.52593665941544
2016-04-30,etfs_desenvolvidos_emergentes__max_sharpe,129.5478844129124
2016-05-31,etfs_desenvolvidos_emergentes__max_sharpe,131.09835625361413
2016-06-30,etfs_desenvolvidos_emergentes__max_sharpe,118.95316063294774
2016-07-31,etfs_desenvolvidos_emergentes__max_sharpe,125.95207021106445
2016-08-31,etfs_desenvolvidos_emergentes__max_sharpe,124.9618847332671
2016-09-30,etfs_desenvolvidos_emergentes__max_sharpe,128.31790802341354
2016-10-31,etfs_desenvolvidos_emergentes__max_sharpe,123.62372730638462
2016-11-30,etfs_desenvolvidos_emergentes__max_sharpe,130.17247678000257
2016-12-31,etfs_desenvolvidos_emergentes__max_sharpe,124.41795055658969
2017-01-31,etfs_desenvolvidos_emergentes__max_sharpe,125.05804278600468
2017-02-28,etfs_desenvolvidos_emergentes__max_sharpe,125.94861268724809
2017-03-31,etfs_desenvolvidos_emergentes__max_sharpe,131.76519910416573
2017-04-30,etfs_desenvolvidos_emergentes__max_sharpe,135.97995208559362
2017-05-31,etfs_desenvolvidos_emergentes__max_sharpe,143.46320740497205
2017-06-30,etfs_desenvolvidos_emergentes__max_sharpe,146.66550592021437
2017-07-31,etfs_desenvolvidos_emergentes__max_sharpe,146.35392021818598
2017-08-31,etfs_desenvolvidos_emergentes__max_sharpe,146.57736467883504
2017-09-30,etfs_desenvolvidos_emergentes__max_sharpe,150.1410599737647
2017-10-31,etfs_desenvolvidos_emergentes__max_sharpe,158.64876771162417
2017-11-30,etfs_desenvolvidos_emergentes__max_sharpe,157.57829826816595
2017-12-31,etfs_desenvolvidos_emergentes__max_sharpe,164.48923537664717
2018-01-31,etfs_desenvolvidos_emergentes__max_sharpe,167.07625528284422
2018-02-28,etfs_desenvolvidos_emergentes__max_sharpe,161.6544567179
2018-03-31,etfs_desenvolvidos_emergentes__max_sharpe,165.16541290063108
2018-04-30,etfs_desenvolvidos_emergentes__max_sharpe,172.10196300829742
2018-05-31,etfs_desenvolvidos_emergentes__max_sharpe,182.0678016251382
2018-06-30,etfs_desenvolvidos_emergentes__max_sharpe,183.8593991407641
2018-07-31,etfs_desenvolvidos_emergentes__max_sharpe,182.07740027869474
2018-08-31,etfs_desenvolvidos_emergentes__max_sharpe,198.08775325458546
2018-09-30,etfs_desenvolvidos_emergentes__max_sharpe,191.8753865605491
2018-10-31,etfs_desenvolvidos_emergentes__max_sharpe,161.43050868603558
2018-11-30,etfs_desenvolvidos_emergentes__max_sharpe,171.3496345752783
2018-12-31,etfs_desenvolvidos_emergentes__max_sharpe,164.096418318574
2019-01-31,etfs_desenvolvidos_emergentes__max_sharpe,168.63559060023493
2019-02-28,etfs_desenvolvidos_emergentes__max_sharpe,172.86348004526232
2019-03-31,etfs_desenvolvidos_emergentes__max_sharpe,182.17188817041418
2019-04-30,etfs_desenvolvidos_emergentes__max_sharpe,189.19890202366238
2019-05-31,etfs_desenvolvidos_emergentes__max_sharpe,179.85161868708747
2019-06-30,etfs_desenvolvidos_emergentes__max_sharpe,182.49602441948355
2019-07-31,etfs_desenvolvidos_emergentes__max_sharpe,177.28862884488947
2019-08-31,etfs_desenvolvidos_emergentes__max_sharpe,190.14303509995847
2019-09-30,etfs_desenvolvidos_emergentes__max_sharpe,194.6540623798315
2019-10-31,etfs_desenvolvidos_emergentes__max_sharpe,193.34632542311576
2019-11-30,etfs_desenvolvidos_emergentes__max_sharpe,204.99566051469066
2019-12-31,etfs_desenvolvidos_emergentes__max_sharpe,206.02380143964018
2020-01-31,etfs_desenvolvidos_emergentes__max_sharpe,209.11305636390466
2020-02-29,etfs_desenvolvidos_emergentes__max_sharpe,206.92755193002426
2020-03-31,etfs_desenvolvidos_emergentes__max_sharpe,201.93969586297405
2020-04-30,etfs_desenvolvidos_emergentes__max_sharpe,222.59763699354272
2020-05-31,etfs_desenvolvidos_emergentes__max_sharpe,236.30861515383828
2020-06-30,etfs_desenvolvidos_emergentes__max_sharpe,246.88449124023307
2020-07-31,etfs_desenvolvidos_emergentes__max_sharpe,246.2388540422745
2020-08-31,etfs_desenvolvidos_emergentes__max_sharpe,269.1227463492724
2020-09-30,etfs_desenvolvidos_emergentes__max_sharpe,276.8426038156404
2020-10-31,etfs_desenvolvidos_emergentes__max_sharpe,278.36854079606223
2020-11-30,etfs_desenvolvidos_emergentes__max_sharpe,290.3715831491491
2020-12-31,etfs_desenvolvidos_emergentes__max_sharpe,299.3362508880225
2021-01-31,etfs_desenvolvidos_emergentes__max_sharpe,314.93017670741665
2021-02-28,etfs_desenvolvidos_emergentes__max_sharpe,326.8890864100717
2021-03-31,etfs_desenvolvidos_emergentes__max_sharpe,347.11107980178394
2021-04-30,etfs_desenvolvidos_emergentes__max_sharpe,329.38144909998005
2021-05-31,etfs_desenvolvidos_emergentes__max_sharpe,333.0568800431701
2021-06-30,etfs_desenvolvidos_emergentes__max_sharpe,314.30144431406234
2021-07-31,etfs_desenvolvidos_emergentes__max_sharpe,317.5675904279213
2021-08-31,etfs_desenvolvidos_emergentes__max_sharpe,328.3107560827869
2021-09-30,etfs_desenvolvidos_emergentes__max_sharpe,331.08435940546343
2021-10-31,etfs_desenvolvidos_emergentes__max_sharpe,353.9733219470171
2021-11-30,etfs_desenvolvidos_emergentes__max_sharpe,335.94946710645416
2021-12-31,etfs_desenvolvidos_emergentes__max_sharpe,345.90983711817273
2022-01-31,etfs_desenvolvidos_emergentes__max_sharpe,323.7646059936697
2022-02-28,etfs_desenvolvidos_emergentes__max_sharpe,301.9619051728867
2022-03-31,etfs_desenvolvidos_emergentes__max_sharpe,277.82986775695775
2022-04-30,etfs_desenvolvidos_emergentes__max_sharpe,268.8750243565606
2022-05-31,etfs_desenvolvidos_emergentes__max_sharpe,262.199506283893
2022-06-30,etfs_desenvolvidos_emergentes__max_sharpe,262.8812334467216
2022-07-31,etfs_desenvolvidos_emergentes__max_sharpe,272.46150617921705
2022-08-31,etfs_desenvolvidos_emergentes__max_sharpe,257.5366132925348
2022-09-30,etfs_desenvolvidos_emergentes__max_sharpe,243.32445231310547
2022-10-31,etfs_desenvolvidos_emergentes__max_sharpe,247.2340257555975
2022-11-30,etfs_desenvolvidos_emergentes__max_sharpe,278.84894988368865
2022-12-31,etfs_desenvolvidos_emergentes__max_sharpe,273.34065301624366
2023-01-31,etfs_desenvolvidos_emergentes__max_sharpe,288.36880070878965
2023-02-28,etfs_desenvolvidos_emergentes__max_sharpe,279.74802028989774
2023-03-31,etfs_desenvolvidos_emergentes__max_sharpe,281.59063459937124
2023-04-30,etfs_desenvolvidos_emergentes__max_sharpe,279.71256007438916
2023-05-31,etfs_desenvolvidos_emergentes__max_sharpe,273.9534077544088
2023-06-30,etfs_desenvolvidos_emergentes__max_sharpe,276.05846635819
2023-07-31,etfs_desenvolvidos_emergentes__max_sharpe,279.3839043480756
2023-08-31,etfs_desenvolvidos_emergentes__max_sharpe,275.78270169908757
2023-09-30,etfs_desenvolvidos_emergentes__max_sharpe,273.89584755764974
2023-10-31,etfs_desenvolvidos_emergentes__max_sharpe,265.2516459579116
2023-11-30,etfs_desenvolvidos_emergentes__max_sharpe,279.8900679914336
2023-12-31,etfs_desenvolvidos_emergentes__max_sharpe,290.7753224123719
2024-01-31,etfs_desenvolvidos_emergentes__max_sharpe,290.6009916620705
2024-02-29,etfs_desenvolvidos_emergentes__max_sharpe,300.67418546031155
2024-03-31,etfs_desenvolvidos_emergentes__max_sharpe,312.0059332905125
2024-04-30,etfs_desenvolvidos_emergentes__max_sharpe,312.5940527838465
2024-05-31,etfs_desenvolvidos_emergentes__max_sharpe,329.73582021659877
2024-06-30,etfs_desenvolvidos_emergentes__max_sharpe,347.7946845113153
2024-07-31,etfs_desenvolvidos_emergentes__max_sharpe,362.9438639665456
2024-08-31,etfs_desenvolvidos_emergentes__max_sharpe,372.3476841916588
2024-09-30,etfs_desenvolvidos_emergentes__max_sharpe,368.32192131329384
2024-10-31,etfs_desenvolvidos_emergentes__max_sharpe,373.0909923357628
2024-11-30,etfs_desenvolvidos_emergentes__max_sharpe,387.52051032578044
2024-12-31,etfs_desenvolvidos_emergentes__max_sharpe,386.3367247219996
2025-01-31,etfs_desenvolvidos_emergentes__max_sharpe,380.18877995688524
2025-02-28,etfs_desenvolvidos_emergentes__max_sharpe,384.74104282687307
2025-03-31,etfs_desenvolvidos_emergentes__max_sharpe,380.58340609930235
2025-04-30,etfs_desenvolvidos_emergentes__max_sharpe,382.05485374841913
2025-05-31,etfs_desenvolvidos_emergentes__max_sharpe,404.2803114956819
2025-06-30,etfs_desenvolvidos_emergentes__max_sharpe,408.9346778479265
2025-07-31,etfs_desenvolvidos_emergentes__max_sharpe,412.90683311709967
2025-08-31,etfs_desenvolvidos_emergentes__max_sharpe,416.7050527468613
2025-09-30,etfs_desenvolvidos_emergentes__max_sharpe,424.84303096258424
2025-10-31,etfs_desenvolvidos_emergentes__max_sharpe,439.7146748913419
2025-11-30,etfs_desenvolvidos_emergentes__max_sharpe,438.0390910469619
2025-12-31,etfs_desenvolvidos_emergentes__max_sharpe,460.35973336604286
2026-01-31,etfs_desenvolvidos_emergentes__max_sharpe,465.02066453435964
2026-02-28,etfs_desenvolvidos_emergentes__max_sharpe,487.9374689784451
2026-03-31,etfs_desenvolvidos_emergentes__max_sharpe,456.13840137043826
2026-04-30,etfs_desenvolvidos_emergentes__max_sharpe,466.0670934065463
2015-02-28,etfs_desenvolvidos_emergentes__min_vol,117.33123743544583
2015-03-31,etfs_desenvolvidos_emergentes__min_vol,128.59527976644583
2015-04-30,etfs_desenvolvidos_emergentes__min_vol,124.58864880514493
2015-05-31,etfs_desenvolvidos_emergentes__min_vol,130.40086184767492
2015-06-30,etfs_desenvolvidos_emergentes__min_vol,124.83878437815818
2015-07-31,etfs_desenvolvidos_emergentes__min_vol,130.73283544120457
2015-08-31,etfs_desenvolvidos_emergentes__min_vol,127.03383100751242
2015-09-30,etfs_desenvolvidos_emergentes__min_vol,139.82633225187678
2015-10-31,etfs_desenvolvidos_emergentes__min_vol,141.06418054295932
2015-11-30,etfs_desenvolvidos_emergentes__min_vol,138.60908889670753
2015-12-31,etfs_desenvolvidos_emergentes__min_vol,138.61649747686604
2016-01-31,etfs_desenvolvidos_emergentes__min_vol,134.87370950357592
2016-02-29,etfs_desenvolvidos_emergentes__min_vol,129.05548241412995
2016-03-31,etfs_desenvolvidos_emergentes__min_vol,129.14016470247137
2016-04-30,etfs_desenvolvidos_emergentes__min_vol,126.65231854987888
2016-05-31,etfs_desenvolvidos_emergentes__min_vol,127.092119389425
2016-06-30,etfs_desenvolvidos_emergentes__min_vol,117.28350026132084
2016-07-31,etfs_desenvolvidos_emergentes__min_vol,124.47960245966235
2016-08-31,etfs_desenvolvidos_emergentes__min_vol,123.69491197973628
2016-09-30,etfs_desenvolvidos_emergentes__min_vol,127.36974676992759
2016-10-31,etfs_desenvolvidos_emergentes__min_vol,123.16850270279542
2016-11-30,etfs_desenvolvidos_emergentes__min_vol,128.76118163222148
2016-12-31,etfs_desenvolvidos_emergentes__min_vol,122.10867609441603
2017-01-31,etfs_desenvolvidos_emergentes__min_vol,123.64438170420844
2017-02-28,etfs_desenvolvidos_emergentes__min_vol,124.8445589723558
2017-03-31,etfs_desenvolvidos_emergentes__min_vol,130.76940229318177
2017-04-30,etfs_desenvolvidos_emergentes__min_vol,134.8434097418547
2017-05-31,etfs_desenvolvidos_emergentes__min_vol,141.87112323434295
2017-06-30,etfs_desenvolvidos_emergentes__min_vol,145.224944751403
2017-07-31,etfs_desenvolvidos_emergentes__min_vol,145.88925279309234
2017-08-31,etfs_desenvolvidos_emergentes__min_vol,146.9950307589756
2017-09-30,etfs_desenvolvidos_emergentes__min_vol,149.5854949427447
2017-10-31,etfs_desenvolvidos_emergentes__min_vol,158.67250549315077
2017-11-30,etfs_desenvolvidos_emergentes__min_vol,157.2956039388411
2017-12-31,etfs_desenvolvidos_emergentes__min_vol,165.05479838162972
2018-01-31,etfs_desenvolvidos_emergentes__min_vol,169.0137444246402
2018-02-28,etfs_desenvolvidos_emergentes__min_vol,163.2507759404117
2018-03-31,etfs_desenvolvidos_emergentes__min_vol,167.32978947272017
2018-04-30,etfs_desenvolvidos_emergentes__min_vol,172.53839115153738
2018-05-31,etfs_desenvolvidos_emergentes__min_vol,182.08774177656827
2018-06-30,etfs_desenvolvidos_emergentes__min_vol,182.3678219452962
2018-07-31,etfs_desenvolvidos_emergentes__min_vol,180.9489642533921
2018-08-31,etfs_desenvolvidos_emergentes__min_vol,196.01501435460693
2018-09-30,etfs_desenvolvidos_emergentes__min_vol,188.9977532950458
2018-10-31,etfs_desenvolvidos_emergentes__min_vol,158.9482746358678
2018-11-30,etfs_desenvolvidos_emergentes__min_vol,170.55414127459093
2018-12-31,etfs_desenvolvidos_emergentes__min_vol,164.58407856103307
2019-01-31,etfs_desenvolvidos_emergentes__min_vol,170.0281703454247
2019-02-28,etfs_desenvolvidos_emergentes__min_vol,172.72555484420963
2019-03-31,etfs_desenvolvidos_emergentes__min_vol,182.2921702054689
2019-04-30,etfs_desenvolvidos_emergentes__min_vol,189.00316896214773
2019-05-31,etfs_desenvolvidos_emergentes__min_vol,178.7367776745842
2019-06-30,etfs_desenvolvidos_emergentes__min_vol,181.32448272722397
2019-07-31,etfs_desenvolvidos_emergentes__min_vol,175.95326164650263
2019-08-31,etfs_desenvolvidos_emergentes__min_vol,187.7207803994886
2019-09-30,etfs_desenvolvidos_emergentes__min_vol,191.3776658991387
2019-10-31,etfs_desenvolvidos_emergentes__min_vol,190.66477976116693
2019-11-30,etfs_desenvolvidos_emergentes__min_vol,201.43573553809264
2019-12-31,etfs_desenvolvidos_emergentes__min_vol,204.45904310036386
2020-01-31,etfs_desenvolvidos_emergentes__min_vol,205.85715678089517
2020-02-29,etfs_desenvolvidos_emergentes__min_vol,205.98504781231796
2020-03-31,etfs_desenvolvidos_emergentes__min_vol,199.90031487173349
2020-04-30,etfs_desenvolvidos_emergentes__min_vol,220.82184065886992
2020-05-31,etfs_desenvolvidos_emergentes__min_vol,232.98466357355787
2020-06-30,etfs_desenvolvidos_emergentes__min_vol,245.37179908396865
2020-07-31,etfs_desenvolvidos_emergentes__min_vol,248.4719886430768
2020-08-31,etfs_desenvolvidos_emergentes__min_vol,270.1110413822903
2020-09-30,etfs_desenvolvidos_emergentes__min_vol,278.5063936507007
2020-10-31,etfs_desenvolvidos_emergentes__min_vol,283.70386590207215
2020-11-30,etfs_desenvolvidos_emergentes__min_vol,292.679453897083
2020-12-31,etfs_desenvolvidos_emergentes__min_vol,302.83062652531635
2021-01-31,etfs_desenvolvidos_emergentes__min_vol,321.65128938752076
2021-02-28,etfs_desenvolvidos_emergentes__min_vol,332.97566233046456
2021-03-31,etfs_desenvolvidos_emergentes__min_vol,350.4833391942236
2021-04-30,etfs_desenvolvidos_emergentes__min_vol,331.4344663802175
2021-05-31,etfs_desenvolvidos_emergentes__min_vol,333.5965349923049
2021-06-30,etfs_desenvolvidos_emergentes__min_vol,316.60878265291024
2021-07-31,etfs_desenvolvidos_emergentes__min_vol,314.5871848191879
2021-08-31,etfs_desenvolvidos_emergentes__min_vol,325.2969500248235
2021-09-30,etfs_desenvolvidos_emergentes__min_vol,327.8190106522228
2021-10-31,etfs_desenvolvidos_emergentes__min_vol,348.53211165426814
2021-11-30,etfs_desenvolvidos_emergentes__min_vol,331.65332630652915
2021-12-31,etfs_desenvolvidos_emergentes__min_vol,339.28057271988644
2022-01-31,etfs_desenvolvidos_emergentes__min_vol,320.5075876962822
2022-02-28,etfs_desenvolvidos_emergentes__min_vol,297.86037784816057
2022-03-31,etfs_desenvolvidos_emergentes__min_vol,271.409379618783
2022-04-30,etfs_desenvolvidos_emergentes__min_vol,263.2948236280956
2022-05-31,etfs_desenvolvidos_emergentes__min_vol,256.0560251405375
2022-06-30,etfs_desenvolvidos_emergentes__min_vol,259.37678085346266
2022-07-31,etfs_desenvolvidos_emergentes__min_vol,265.1729006750067
2022-08-31,etfs_desenvolvidos_emergentes__min_vol,253.8535398928716
2022-09-30,etfs_desenvolvidos_emergentes__min_vol,238.81359301143115
2022-10-31,etfs_desenvolvidos_emergentes__min_vol,237.95084794741462
2022-11-30,etfs_desenvolvidos_emergentes__min_vol,269.71310420233397
2022-12-31,etfs_desenvolvidos_emergentes__min_vol,264.1657355374094
2023-01-31,etfs_desenvolvidos_emergentes__min_vol,278.620758357317
2023-02-28,etfs_desenvolvidos_emergentes__min_vol,267.6940989647377
2023-03-31,etfs_desenvolvidos_emergentes__min_vol,269.7313576492228
2023-04-30,etfs_desenvolvidos_emergentes__min_vol,265.7821476199062
2023-05-31,etfs_desenvolvidos_emergentes__min_vol,261.50751037097405
2023-06-30,etfs_desenvolvidos_emergentes__min_vol,263.6399522351664
2023-07-31,etfs_desenvolvidos_emergentes__min_vol,268.7441525390569
2023-08-31,etfs_desenvolvidos_emergentes__min_vol,263.7088707669654
2023-09-30,etfs_desenvolvidos_emergentes__min_vol,262.47443721955517
2023-10-31,etfs_desenvolvidos_emergentes__min_vol,254.1332907505876
2023-11-30,etfs_desenvolvidos_emergentes__min_vol,267.67751295778766
2023-12-31,etfs_desenvolvidos_emergentes__min_vol,276.88184726252484
2024-01-31,etfs_desenvolvidos_emergentes__min_vol,274.3647035136564
2024-02-29,etfs_desenvolvidos_emergentes__min_vol,284.72309390242043
2024-03-31,etfs_desenvolvidos_emergentes__min_vol,294.5739101741926
2024-04-30,etfs_desenvolvidos_emergentes__min_vol,297.9475037486487
2024-05-31,etfs_desenvolvidos_emergentes__min_vol,311.9932783963759
2024-06-30,etfs_desenvolvidos_emergentes__min_vol,332.96564967518043
2024-07-31,etfs_desenvolvidos_emergentes__min_vol,345.4354777897579
2024-08-31,etfs_desenvolvidos_emergentes__min_vol,352.59373365253117
2024-09-30,etfs_desenvolvidos_emergentes__min_vol,352.712519507894
2024-10-31,etfs_desenvolvidos_emergentes__min_vol,359.2845857766598
2024-11-30,etfs_desenvolvidos_emergentes__min_vol,370.4308380933908
2024-12-31,etfs_desenvolvidos_emergentes__min_vol,371.06156587818015
2025-01-31,etfs_desenvolvidos_emergentes__min_vol,362.3778100296438
2025-02-28,etfs_desenvolvidos_emergentes__min_vol,365.3615891930261
2025-03-31,etfs_desenvolvidos_emergentes__min_vol,362.37388920044896
2025-04-30,etfs_desenvolvidos_emergentes__min_vol,360.34539209140036
2025-05-31,etfs_desenvolvidos_emergentes__min_vol,380.84985996279033
2025-06-30,etfs_desenvolvidos_emergentes__min_vol,388.95915962654925
2025-07-31,etfs_desenvolvidos_emergentes__min_vol,394.72397719747596
2025-08-31,etfs_desenvolvidos_emergentes__min_vol,396.8128265123684
2025-09-30,etfs_desenvolvidos_emergentes__min_vol,408.32010353710297
2025-10-31,etfs_desenvolvidos_emergentes__min_vol,424.5874216447858
2025-11-30,etfs_desenvolvidos_emergentes__min_vol,419.9540712848833
2025-12-31,etfs_desenvolvidos_emergentes__min_vol,439.9133192854432
2026-01-31,etfs_desenvolvidos_emergentes__min_vol,446.5567319026843
2026-02-28,etfs_desenvolvidos_emergentes__min_vol,468.1936716170805
2026-03-31,etfs_desenvolvidos_emergentes__min_vol,437.0201444442808
2026-04-30,etfs_desenvolvidos_emergentes__min_vol,448.9194014501769
2015-02-28,etfs_asia__min_vol,117.09278172179948
2015-03-31,etfs_asia__min_vol,130.11977839704184
2015-04-30,etfs_asia__min_vol,122.07389539241808
2015-05-31,etfs_asia__min_vol,132.14892327705684
2015-06-30,etfs_asia__min_vol,127.79127116773128
2015-07-31,etfs_asia__min_vol,138.17095698497084
2015-08-31,etfs_asia__min_vol,133.59816654778461
2015-09-30,etfs_asia__min_vol,147.13914810180083
2015-10-31,etfs_asia__min_vol,148.01498618534083
2015-11-30,etfs_asia__min_vol,146.18846838694918
2015-12-31,etfs_asia__min_vol,149.3416601586804
2016-01-31,etfs_asia__min_vol,144.07374968558761
2016-02-29,etfs_asia__min_vol,135.84375040654743
2016-03-31,etfs_asia__min_vol,132.60574516103506
2016-04-30,etfs_asia__min_vol,127.67812260796268
2016-05-31,etfs_asia__min_vol,133.59267892554155
2016-06-30,etfs_asia__min_vol,121.54147869635995
2016-07-31,etfs_asia__min_vol,130.24240035664258
2016-08-31,etfs_asia__min_vol,129.7917024865142
2016-09-30,etfs_asia__min_vol,134.02169065532973
2016-10-31,etfs_asia__min_vol,131.23578049382098
2016-11-30,etfs_asia__min_vol,137.91543831947607
2016-12-31,etfs_asia__min_vol,126.62068741388896
2017-01-31,etfs_asia__min_vol,128.25046987964146
2017-02-28,etfs_asia__min_vol,130.45262153537422
2017-03-31,etfs_asia__min_vol,135.27813153162066
2017-04-30,etfs_asia__min_vol,138.8480109831826
2017-05-31,etfs_asia__min_vol,145.80957576014777
2017-06-30,etfs_asia__min_vol,149.39090202022183
2017-07-31,etfs_asia__min_vol,148.5486436154253
2017-08-31,etfs_asia__min_vol,148.3875753517654
2017-09-30,etfs_asia__min_vol,149.3067695063602
2017-10-31,etfs_asia__min_vol,160.85136808859016
2017-11-30,etfs_asia__min_vol,161.33665662711633
2017-12-31,etfs_asia__min_vol,167.3087578111674
2018-01-31,etfs_asia__min_vol,168.33070533941685
2018-02-28,etfs_asia__min_vol,164.72079260161644
2018-03-31,etfs_asia__min_vol,167.86125941175635
2018-04-30,etfs_asia__min_vol,175.4377292953713
2018-05-31,etfs_asia__min_vol,186.98742854810854
2018-06-30,etfs_asia__min_vol,188.39625889231547
2018-07-31,etfs_asia__min_vol,186.98208185481786
2018-08-31,etfs_asia__min_vol,206.31281679987504
2018-09-30,etfs_asia__min_vol,199.16162196684635
2018-10-31,etfs_asia__min_vol,166.25256283942377
2018-11-30,etfs_asia__min_vol,180.84626286168094
2018-12-31,etfs_asia__min_vol,174.6542941893627
2019-01-31,etfs_asia__min_vol,176.07988917162425
2019-02-28,etfs_asia__min_vol,180.39373676367782
2019-03-31,etfs_asia__min_vol,193.1160087431514
2019-04-30,etfs_asia__min_vol,198.02773301319047
2019-05-31,etfs_asia__min_vol,190.63763716915705
2019-06-30,etfs_asia__min_vol,190.60750198974355
2019-07-31,etfs_asia__min_vol,184.96898014920185
2019-08-31,etfs_asia__min_vol,197.32251869294183
2019-09-30,etfs_asia__min_vol,203.59021135136084
2019-10-31,etfs_asia__min_vol,203.0943563013353
2019-11-30,etfs_asia__min_vol,214.22574477281634
2019-12-31,etfs_asia__min_vol,210.54866340498637
2020-01-31,etfs_asia__min_vol,214.10629511706736
2020-02-29,etfs_asia__min_vol,214.66433362943354
2020-03-31,etfs_asia__min_vol,218.6949111181522
2020-04-30,etfs_asia__min_vol,240.53344068921567
2020-05-31,etfs_asia__min_vol,248.664926353344
2020-06-30,etfs_asia__min_vol,259.1414502473753
2020-07-31,etfs_asia__min_vol,251.79400853412037
2020-08-31,etfs_asia__min_vol,278.75896387538256
2020-09-30,etfs_asia__min_vol,292.3815460987246
2020-10-31,etfs_asia__min_vol,296.2514099888776
2020-11-30,etfs_asia__min_vol,301.76080810778114
2020-12-31,etfs_asia__min_vol,311.7512361187677
2021-01-31,etfs_asia__min_vol,326.4806402276583
2021-02-28,etfs_asia__min_vol,343.5279323305332
2021-03-31,etfs_asia__min_vol,362.9169165060366
2021-04-30,etfs_asia__min_vol,335.9662836842266
2021-05-31,etfs_asia__min_vol,338.5986732495202
2021-06-30,etfs_asia__min_vol,316.83136647687206
2021-07-31,etfs_asia__min_vol,322.1979704744591
2021-08-31,etfs_asia__min_vol,336.21561802986724
2021-09-30,etfs_asia__min_vol,348.06865834924685
2021-10-31,etfs_asia__min_vol,361.25534972286204
2021-11-30,etfs_asia__min_vol,347.64029314141794
2021-12-31,etfs_asia__min_vol,353.4318794698414
2022-01-31,etfs_asia__min_vol,334.51033463916355
2022-02-28,etfs_asia__min_vol,312.4701824133372
2022-03-31,etfs_asia__min_vol,285.5064283880598
2022-04-30,etfs_asia__min_vol,276.5667731806177
2022-05-31,etfs_asia__min_vol,269.1984936176104
2022-06-30,etfs_asia__min_vol,278.832754446371
2022-07-31,etfs_asia__min_vol,288.6050437806905
2022-08-31,etfs_asia__min_vol,276.00252968850606
2022-09-30,etfs_asia__min_vol,264.0163290229174
2022-10-31,etfs_asia__min_vol,254.43746602923608
2022-11-30,etfs_asia__min_vol,290.7494888793992
2022-12-31,etfs_asia__min_vol,288.8943373602848
2023-01-31,etfs_asia__min_vol,295.6750855216472
2023-02-28,etfs_asia__min_vol,284.51067455646233
2023-03-31,etfs_asia__min_vol,287.4383967141684
2023-04-30,etfs_asia__min_vol,283.5688097450498
2023-05-31,etfs_asia__min_vol,283.2933040053241
2023-06-30,etfs_asia__min_vol,285.1501398835749
2023-07-31,etfs_asia__min_vol,284.79645200005643
2023-08-31,etfs_asia__min_vol,281.47089765602516
2023-09-30,etfs_asia__min_vol,282.2446850580098
2023-10-31,etfs_asia__min_vol,276.75229180073535
2023-11-30,etfs_asia__min_vol,282.8468938212135
2023-12-31,etfs_asia__min_vol,293.77473937719355
2024-01-31,etfs_asia__min_vol,297.1471176396489
2024-02-29,etfs_asia__min_vol,309.9722553787848
2024-03-31,etfs_asia__min_vol,314.1645553309967
2024-04-30,etfs_asia__min_vol,315.8957623974657
2024-05-31,etfs_asia__min_vol,331.2075030091637
2024-06-30,etfs_asia__min_vol,349.17541985005965
2024-07-31,etfs_asia__min_vol,363.88132835778305
2024-08-31,etfs_asia__min_vol,373.9859865278164
2024-09-30,etfs_asia__min_vol,375.44907149210485
2024-10-31,etfs_asia__min_vol,380.45991725661685
2024-11-30,etfs_asia__min_vol,398.3451290381795
2024-12-31,etfs_asia__min_vol,400.1546584529369
2025-01-31,etfs_asia__min_vol,380.60050927746113
2025-02-28,etfs_asia__min_vol,381.2191518538651
2025-03-31,etfs_asia__min_vol,378.02577520327196
2025-04-30,etfs_asia__min_vol,378.9563157357049
2025-05-31,etfs_asia__min_vol,401.40805432223533
2025-06-30,etfs_asia__min_vol,404.0635219039073
2025-07-31,etfs_asia__min_vol,409.0303724533116
2025-08-31,etfs_asia__min_vol,410.9002692458243
2025-09-30,etfs_asia__min_vol,413.72702613950923
2025-10-31,etfs_asia__min_vol,430.83680387684825
2025-11-30,etfs_asia__min_vol,431.05600570270377
2025-12-31,etfs_asia__min_vol,441.36204293138957
2026-01-31,etfs_asia__min_vol,441.1935881487932
2026-02-28,etfs_asia__min_vol,462.11149299240304
2026-03-31,etfs_asia__min_vol,437.3546884447767
2026-04-30,etfs_asia__min_vol,437.29241669682904
2015-02-28,etfs_europa__max_sharpe,118.60401124022081
2015-03-31,etfs_europa__max_sharpe,127.39676328155652
2015-04-30,etfs_europa__max_sharpe,121.59624088750253
2015-05-31,etfs_europa__max_sharpe,129.4569703934118
2015-06-30,etfs_europa__max_sharpe,123.88036192267894
2015-07-31,etfs_europa__max_sharpe,137.21245938703893
2015-08-31,etfs_europa__max_sharpe,134.57346407291146
2015-09-30,etfs_europa__max_sharpe,145.47803167383088
2015-10-31,etfs_europa__max_sharpe,148.1817330314914
2015-11-30,etfs_europa__max_sharpe,145.82259023806705
2015-12-31,etfs_europa__max_sharpe,143.8575575621853
2016-01-31,etfs_europa__max_sharpe,139.75257876762694
2016-02-29,etfs_europa__max_sharpe,131.15191336206357
2016-03-31,etfs_europa__max_sharpe,126.72686876357537
2016-04-30,etfs_europa__max_sharpe,126.66358288597624
2016-05-31,etfs_europa__max_sharpe,128.71218084265183
2016-06-30,etfs_europa__max_sharpe,112.13905332149264
2016-07-31,etfs_europa__max_sharpe,117.13632350436936
2016-08-31,etfs_europa__max_sharpe,116.64804052720403
2016-09-30,etfs_europa__max_sharpe,117.7939662640517
2016-10-31,etfs_europa__max_sharpe,112.45330165076221
2016-11-30,etfs_europa__max_sharpe,119.07920806821146
2016-12-31,etfs_europa__max_sharpe,118.07308098937288
2017-01-31,etfs_europa__max_sharpe,115.80825169587507
2017-02-28,etfs_europa__max_sharpe,116.1693347552782
2017-03-31,etfs_europa__max_sharpe,122.87259094574661
2017-04-30,etfs_europa__max_sharpe,127.80516816720092
2017-05-31,etfs_europa__max_sharpe,136.76221208561333
2017-06-30,etfs_europa__max_sharpe,136.91603661027193
2017-07-31,etfs_europa__max_sharpe,135.4557063014107
2017-08-31,etfs_europa__max_sharpe,134.20458907108124
2017-09-30,etfs_europa__max_sharpe,139.94131323325132
2017-10-31,etfs_europa__max_sharpe,145.7685398988083
2017-11-30,etfs_europa__max_sharpe,143.33993428214262
2017-12-31,etfs_europa__max_sharpe,148.2282774626522
2018-01-31,etfs_europa__max_sharpe,150.02656511222685
2018-02-28,etfs_europa__max_sharpe,142.87924381924634
2018-03-31,etfs_europa__max_sharpe,145.77564402028764
2018-04-30,etfs_europa__max_sharpe,157.6302058700993
2018-05-31,etfs_europa__max_sharpe,164.96719609887003
2018-06-30,etfs_europa__max_sharpe,169.15291845551295
2018-07-31,etfs_europa__max_sharpe,167.82599886787312
2018-08-31,etfs_europa__max_sharpe,178.64722818508963
2018-09-30,etfs_europa__max_sharpe,174.21508850080187
2018-10-31,etfs_europa__max_sharpe,148.40148896115852
2018-11-30,etfs_europa__max_sharpe,153.65534067711286
2018-12-31,etfs_europa__max_sharpe,147.32037984679795
2019-01-31,etfs_europa__max_sharpe,149.2252595758011
2019-02-28,etfs_europa__max_sharpe,156.20330141925908
2019-03-31,etfs_europa__max_sharpe,164.97031017372487
2019-04-30,etfs_europa__max_sharpe,173.42534153316745
2019-05-31,etfs_europa__max_sharpe,164.50880795459756
2019-06-30,etfs_europa__max_sharpe,167.5976852430725
2019-07-31,etfs_europa__max_sharpe,161.90110677554242
2019-08-31,etfs_europa__max_sharpe,173.6008293951815
2019-09-30,etfs_europa__max_sharpe,178.9123781021019
2019-10-31,etfs_europa__max_sharpe,177.81818081498116
2019-11-30,etfs_europa__max_sharpe,189.28609426762046
2019-12-31,etfs_europa__max_sharpe,189.00817804934843
2020-01-31,etfs_europa__max_sharpe,191.26248233262277
2020-02-29,etfs_europa__max_sharpe,183.8404200442124
2020-03-31,etfs_europa__max_sharpe,174.42383046223432
2020-04-30,etfs_europa__max_sharpe,189.05965197828505
2020-05-31,etfs_europa__max_sharpe,200.55833947118083
2020-06-30,etfs_europa__max_sharpe,209.9590237099131
2020-07-31,etfs_europa__max_sharpe,203.92615313652493
2020-08-31,etfs_europa__max_sharpe,220.7659214661235
2020-09-30,etfs_europa__max_sharpe,220.88607114480104
2020-10-31,etfs_europa__max_sharpe,212.82431276515007
2020-11-30,etfs_europa__max_sharpe,232.5165846652816
2020-12-31,etfs_europa__max_sharpe,235.9324960183795
2021-01-31,etfs_europa__max_sharpe,243.9376631836366
2021-02-28,etfs_europa__max_sharpe,258.1006904765693
2021-03-31,etfs_europa__max_sharpe,280.22751436603124
2021-04-30,etfs_europa__max_sharpe,269.87289343194635
2021-05-31,etfs_europa__max_sharpe,276.1706400587812
2021-06-30,etfs_europa__max_sharpe,255.85836232499676
2021-07-31,etfs_europa__max_sharpe,263.2563681024596
2021-08-31,etfs_europa__max_sharpe,272.12631874987557
2021-09-30,etfs_europa__max_sharpe,273.1787278047142
2021-10-31,etfs_europa__max_sharpe,298.9128509134306
2021-11-30,etfs_europa__max_sharpe,280.0263825488843
2021-12-31,etfs_europa__max_sharpe,294.90755828013727
2022-01-31,etfs_europa__max_sharpe,282.82880164749275
2022-02-28,etfs_europa__max_sharpe,259.41008805896786
2022-03-31,etfs_europa__max_sharpe,238.86903790231568
2022-04-30,etfs_europa__max_sharpe,232.61440141138635
2022-05-31,etfs_europa__max_sharpe,232.55840717966865
2022-06-30,etfs_europa__max_sharpe,229.49636877623968
2022-07-31,etfs_europa__max_sharpe,238.89387329042853
2022-08-31,etfs_europa__max_sharpe,219.8478068542145
2022-09-30,etfs_europa__max_sharpe,210.815754700503
2022-10-31,etfs_europa__max_sharpe,225.76892245996976
2022-11-30,etfs_europa__max_sharpe,258.03846539084213
2022-12-31,etfs_europa__max_sharpe,253.27551905774843
2023-01-31,etfs_europa__max_sharpe,268.4092101744015
2023-02-28,etfs_europa__max_sharpe,269.41727027725426
2023-03-31,etfs_europa__max_sharpe,270.7899225016812
2023-04-30,etfs_europa__max_sharpe,275.5348505629107
2023-05-31,etfs_europa__max_sharpe,263.6305711666846
2023-06-30,etfs_europa__max_sharpe,267.02237348233695
2023-07-31,etfs_europa__max_sharpe,266.4968660707532
2023-08-31,etfs_europa__max_sharpe,263.1812721273786
2023-09-30,etfs_europa__max_sharpe,261.765316995483
2023-10-31,etfs_europa__max_sharpe,255.11385587961786
2023-11-30,etfs_europa__max_sharpe,269.62822896972153
2023-12-31,etfs_europa__max_sharpe,278.9265684105525
2024-01-31,etfs_europa__max_sharpe,282.2295314190709
2024-02-29,etfs_europa__max_sharpe,293.30653989361195
2024-03-31,etfs_europa__max_sharpe,306.8366314979191
2024-04-30,etfs_europa__max_sharpe,310.4498941530444
2024-05-31,etfs_europa__max_sharpe,330.5816175283995
2024-06-30,etfs_europa__max_sharpe,339.7502318305672
2024-07-31,etfs_europa__max_sharpe,354.20179465595936
2024-08-31,etfs_europa__max_sharpe,369.3653947969003
2024-09-30,etfs_europa__max_sharpe,358.849740158201
2024-10-31,etfs_europa__max_sharpe,360.39486231115006
2024-11-30,etfs_europa__max_sharpe,370.89960298594747
2024-12-31,etfs_europa__max_sharpe,373.83162934716046
2025-01-31,etfs_europa__max_sharpe,379.2914254271734
2025-02-28,etfs_europa__max_sharpe,391.56597016112767
2025-03-31,etfs_europa__max_sharpe,390.1230904875792
2025-04-30,etfs_europa__max_sharpe,390.51898066258985
2025-05-31,etfs_europa__max_sharpe,413.37351163633923
2025-06-30,etfs_europa__max_sharpe,408.4901523196352
2025-07-31,etfs_europa__max_sharpe,409.4780853340273
2025-08-31,etfs_europa__max_sharpe,412.362444706453
2025-09-30,etfs_europa__max_sharpe,416.17685640319263
2025-10-31,etfs_europa__max_sharpe,425.54192534236597
2025-11-30,etfs_europa__max_sharpe,427.84138076288355
2025-12-31,etfs_europa__max_sharpe,452.26273047388287
2026-01-31,etfs_europa__max_sharpe,447.11084319041686
2026-02-28,etfs_europa__max_sharpe,460.2369965516676
2026-03-31,etfs_europa__max_sharpe,434.36887357899155
2026-04-30,etfs_europa__max_sharpe,436.8262651406518
2015-02-28,etfs_europa__min_vol,118.2867871676137
2015-03-31,etfs_europa__min_vol,123.86105406652652
2015-04-30,etfs_europa__min_vol,120.92144489692247
2015-05-31,etfs_europa__min_vol,130.1534506341762
2015-06-30,etfs_europa__min_vol,123.40256069084026
2015-07-31,etfs_europa__min_vol,135.65819590881492
2015-08-31,etfs_europa__min_vol,132.5279718508654
2015-09-30,etfs_europa__min_vol,144.24766050426348
2015-10-31,etfs_europa__min_vol,145.8003623101668
2015-11-30,etfs_europa__min_vol,143.25701851185042
2015-12-31,etfs_europa__min_vol,141.41033742240023
2016-01-31,etfs_europa__min_vol,138.32795046923704
2016-02-29,etfs_europa__min_vol,130.63447545594735
2016-03-31,etfs_europa__min_vol,124.85973747056254
2016-04-30,etfs_europa__min_vol,125.67252924781722
2016-05-31,etfs_europa__min_vol,127.33901788627131
2016-06-30,etfs_europa__min_vol,112.93219478449848
2016-07-31,etfs_europa__min_vol,116.19051669797112
2016-08-31,etfs_europa__min_vol,115.84261223734526
2016-09-30,etfs_europa__min_vol,117.1656305655442
2016-10-31,etfs_europa__min_vol,109.03915045213904
2016-11-30,etfs_europa__min_vol,117.80856193826499
2016-12-31,etfs_europa__min_vol,114.8286348866232
2017-01-31,etfs_europa__min_vol,113.08445636273505
2017-02-28,etfs_europa__min_vol,113.996904172753
2017-03-31,etfs_europa__min_vol,117.87102911111187
2017-04-30,etfs_europa__min_vol,121.1345586737523
2017-05-31,etfs_europa__min_vol,129.65089524293626
2017-06-30,etfs_europa__min_vol,129.43216706677455
2017-07-31,etfs_europa__min_vol,127.4851550250071
2017-08-31,etfs_europa__min_vol,125.68696165860342
2017-09-30,etfs_europa__min_vol,130.3438449295011
2017-10-31,etfs_europa__min_vol,135.51550117230082
2017-11-30,etfs_europa__min_vol,133.61088876251122
2017-12-31,etfs_europa__min_vol,142.08553014515945
2018-01-31,etfs_europa__min_vol,141.54238312913253
2018-02-28,etfs_europa__min_vol,134.9238221238394
2018-03-31,etfs_europa__min_vol,138.18256720588525
2018-04-30,etfs_europa__min_vol,150.17498001713773
2018-05-31,etfs_europa__min_vol,160.6586863769501
2018-06-30,etfs_europa__min_vol,164.60989900103868
2018-07-31,etfs_europa__min_vol,160.51431799738674
2018-08-31,etfs_europa__min_vol,170.78445328688284
2018-09-30,etfs_europa__min_vol,167.86701600365473
2018-10-31,etfs_europa__min_vol,144.12076381690346
2018-11-30,etfs_europa__min_vol,148.42714396581772
2018-12-31,etfs_europa__min_vol,142.47994924457456
2019-01-31,etfs_europa__min_vol,145.26106524329563
2019-02-28,etfs_europa__min_vol,152.11625486824835
2019-03-31,etfs_europa__min_vol,161.21948915201182
2019-04-30,etfs_europa__min_vol,166.85374060470755
2019-05-31,etfs_europa__min_vol,158.04070425015394
2019-06-30,etfs_europa__min_vol,158.49340986729848
2019-07-31,etfs_europa__min_vol,153.58619831667605
2019-08-31,etfs_europa__min_vol,162.51193176213044
2019-09-30,etfs_europa__min_vol,167.90608011802394
2019-10-31,etfs_europa__min_vol,166.63826675442564
2019-11-30,etfs_europa__min_vol,177.22700838662055
2019-12-31,etfs_europa__min_vol,179.12035051193286
2020-01-31,etfs_europa__min_vol,181.12124412049104
2020-02-29,etfs_europa__min_vol,171.88532043684577
2020-03-31,etfs_europa__min_vol,162.20180989786837
2020-04-30,etfs_europa__min_vol,176.20069613980434
2020-05-31,etfs_europa__min_vol,181.86581303346193
2020-06-30,etfs_europa__min_vol,184.80931524163765
2020-07-31,etfs_europa__min_vol,177.48183628729333
2020-08-31,etfs_europa__min_vol,190.69459381256027
2020-09-30,etfs_europa__min_vol,190.60408565125834
2020-10-31,etfs_europa__min_vol,186.76630181452998
2020-11-30,etfs_europa__min_vol,200.50818672348015
2020-12-31,etfs_europa__min_vol,204.22532827681272
2021-01-31,etfs_europa__min_vol,213.43772263576665
2021-02-28,etfs_europa__min_vol,225.51085720003147
2021-03-31,etfs_europa__min_vol,242.73472231499335
2021-04-30,etfs_europa__min_vol,233.17666984265267
2021-05-31,etfs_europa__min_vol,237.75128249009083
2021-06-30,etfs_europa__min_vol,221.33714348107904
2021-07-31,etfs_europa__min_vol,227.5586871470354
2021-08-31,etfs_europa__min_vol,233.70736767076173
2021-09-30,etfs_europa__min_vol,238.5207215904534
2021-10-31,etfs_europa__min_vol,259.7062327801551
2021-11-30,etfs_europa__min_vol,245.1257509423177
2021-12-31,etfs_europa__min_vol,259.02410869322796
2022-01-31,etfs_europa__min_vol,255.01388584141856
2022-02-28,etfs_europa__min_vol,242.45507418425464
2022-03-31,etfs_europa__min_vol,225.14586836071416
2022-04-30,etfs_europa__min_vol,223.7963150531457
2022-05-31,etfs_europa__min_vol,221.19498883868752
2022-06-30,etfs_europa__min_vol,221.71402450643888
2022-07-31,etfs_europa__min_vol,228.8238232160143
2022-08-31,etfs_europa__min_vol,211.5072956658893
2022-09-30,etfs_europa__min_vol,202.0232116859006
2022-10-31,etfs_europa__min_vol,211.81501408929665
2022-11-30,etfs_europa__min_vol,237.26432669541268
2022-12-31,etfs_europa__min_vol,234.9389528979426
2023-01-31,etfs_europa__min_vol,241.5603654820182
2023-02-28,etfs_europa__min_vol,243.3786951338367
2023-03-31,etfs_europa__min_vol,238.22272404932198
2023-04-30,etfs_europa__min_vol,244.82318126654096
2023-05-31,etfs_europa__min_vol,232.8861568165313
2023-06-30,etfs_europa__min_vol,232.18743892855852
2023-07-31,etfs_europa__min_vol,232.49376423622112
2023-08-31,etfs_europa__min_vol,231.22685776035055
2023-09-30,etfs_europa__min_vol,235.37901475813547
2023-10-31,etfs_europa__min_vol,227.49783423474844
2023-11-30,etfs_europa__min_vol,234.79660084311607
2023-12-31,etfs_europa__min_vol,242.36179844537668
2024-01-31,etfs_europa__min_vol,242.72333337078175
2024-02-29,etfs_europa__min_vol,245.96015517948265
2024-03-31,etfs_europa__min_vol,258.1147328772821
2024-04-30,etfs_europa__min_vol,268.45898284481484
2024-05-31,etfs_europa__min_vol,285.665334920099
2024-06-30,etfs_europa__min_vol,295.68260418176686
2024-07-31,etfs_europa__min_vol,313.5616273911238
2024-08-31,etfs_europa__min_vol,325.50419393943935
2024-09-30,etfs_europa__min_vol,313.24958392143054
2024-10-31,etfs_europa__min_vol,315.70577313026064
2024-11-30,etfs_europa__min_vol,331.80754749797774
2024-12-31,etfs_europa__min_vol,329.51809344838045
2025-01-31,etfs_europa__min_vol,329.1406692423291
2025-02-28,etfs_europa__min_vol,340.28923165696307
2025-03-31,etfs_europa__min_vol,339.47017688702954
2025-04-30,etfs_europa__min_vol,336.8992061127629
2025-05-31,etfs_europa__min_vol,355.8252894472712
2025-06-30,etfs_europa__min_vol,349.3849258546849
2025-07-31,etfs_europa__min_vol,356.37675519242123
2025-08-31,etfs_europa__min_vol,360.3366835555658
2025-09-30,etfs_europa__min_vol,358.61672795532786
2025-10-31,etfs_europa__min_vol,368.72912536248236
2025-11-30,etfs_europa__min_vol,371.03414359922874
2025-12-31,etfs_europa__min_vol,394.1702962605275
2026-01-31,etfs_europa__min_vol,392.0266270167493
2026-02-28,etfs_europa__min_vol,409.2377472551489
2026-03-31,etfs_europa__min_vol,392.50841153013755
2026-04-30,etfs_europa__min_vol,389.96441624936926
2015-02-28,etfs_latam__min_vol,120.54561742651539
2015-03-31,etfs_latam__min_vol,130.83877150286273
2015-04-30,etfs_latam__min_vol,123.37719779924758
2015-05-31,etfs_latam__min_vol,129.9560845239248
2015-06-30,etfs_latam__min_vol,123.27730893425637
2015-07-31,etfs_latam__min_vol,127.88043278528782
2015-08-31,etfs_latam__min_vol,130.36259837034635
2015-09-30,etfs_latam__min_vol,140.46730263189852
2015-10-31,etfs_latam__min_vol,144.3003693339322
2015-11-30,etfs_latam__min_vol,137.86128858053698
2015-12-31,etfs_latam__min_vol,136.77780315462445
2016-01-31,etfs_latam__min_vol,138.92068527582703
2016-02-29,etfs_latam__min_vol,137.75225273528443
2016-03-31,etfs_latam__min_vol,137.62720134178457
2016-04-30,etfs_latam__min_vol,136.49092308300362
2016-05-31,etfs_latam__min_vol,130.52367762146633
2016-06-30,etfs_latam__min_vol,123.73537837297322
2016-07-31,etfs_latam__min_vol,126.95326181325903
2016-08-31,etfs_latam__min_vol,123.68683865159531
2016-09-30,etfs_latam__min_vol,123.55855699647293
2016-10-31,etfs_latam__min_vol,128.19264802409867
2016-11-30,etfs_latam__min_vol,125.41723215817981
2016-12-31,etfs_latam__min_vol,118.14466162202288
2017-01-31,etfs_latam__min_vol,117.88392543688295
2017-02-28,etfs_latam__min_vol,120.72923501399858
2017-03-31,etfs_latam__min_vol,133.98291452508127
2017-04-30,etfs_latam__min_vol,135.678855687876
2017-05-31,etfs_latam__min_vol,139.61806047570767
2017-06-30,etfs_latam__min_vol,144.24043633397605
2017-07-31,etfs_latam__min_vol,146.88236538033502
2017-08-31,etfs_latam__min_vol,149.56942074932354
2017-09-30,etfs_latam__min_vol,150.02830434421224
2017-10-31,etfs_latam__min_vol,152.28786123139471
2017-11-30,etfs_latam__min_vol,143.20428213443975
2017-12-31,etfs_latam__min_vol,156.48275401312694
2018-01-31,etfs_latam__min_vol,161.69765753942536
2018-02-28,etfs_latam__min_vol,157.14134810335918
2018-03-31,etfs_latam__min_vol,161.61327305188425
2018-04-30,etfs_latam__min_vol,169.02550449859825
2018-05-31,etfs_latam__min_vol,161.60190539283226
2018-06-30,etfs_latam__min_vol,167.40906991838295
2018-07-31,etfs_latam__min_vol,174.77721009108524
2018-08-31,etfs_latam__min_vol,181.06057564791175
2018-09-30,etfs_latam__min_vol,180.11273212650121
2018-10-31,etfs_latam__min_vol,144.9375372110818
2018-11-30,etfs_latam__min_vol,150.39217207771708
2018-12-31,etfs_latam__min_vol,150.09144952000244
2019-01-31,etfs_latam__min_vol,159.5056255102055
2019-02-28,etfs_latam__min_vol,156.97524846733936
2019-03-31,etfs_latam__min_vol,161.0775667866083
2019-04-30,etfs_latam__min_vol,165.9411414438858
2019-05-31,etfs_latam__min_vol,156.93232576295608
2019-06-30,etfs_latam__min_vol,160.28269951761655
2019-07-31,etfs_latam__min_vol,151.84996006869426
2019-08-31,etfs_latam__min_vol,156.61924871816535
2019-09-30,etfs_latam__min_vol,161.73618684280257
2019-10-31,etfs_latam__min_vol,152.50409574539734
2019-11-30,etfs_latam__min_vol,152.26299949631428
2019-12-31,etfs_latam__min_vol,157.87596553571657
2020-01-31,etfs_latam__min_vol,162.34424391175492
2020-02-29,etfs_latam__min_vol,153.67444425168048
2020-03-31,etfs_latam__min_vol,130.42765089947028
2020-04-30,etfs_latam__min_vol,146.05393732481235
2020-05-31,etfs_latam__min_vol,155.31377163980113
2020-06-30,etfs_latam__min_vol,161.8700120901301
2020-07-31,etfs_latam__min_vol,163.09416710585964
2020-08-31,etfs_latam__min_vol,166.11756624227453
2020-09-30,etfs_latam__min_vol,169.3674669138016
2020-10-31,etfs_latam__min_vol,175.53788055705576
2020-11-30,etfs_latam__min_vol,189.35515247996463
2020-12-31,etfs_latam__min_vol,201.18196491119446
2021-01-31,etfs_latam__min_vol,201.9684057357305
2021-02-28,etfs_latam__min_vol,210.77046287795588
2021-03-31,etfs_latam__min_vol,235.80582591256442
2021-04-30,etfs_latam__min_vol,217.2010473429214
2021-05-31,etfs_latam__min_vol,213.57711093037798
2021-06-30,etfs_latam__min_vol,203.00033578744774
2021-07-31,etfs_latam__min_vol,206.07930351029853
2021-08-31,etfs_latam__min_vol,222.68728404229137
2021-09-30,etfs_latam__min_vol,215.55289243588857
2021-10-31,etfs_latam__min_vol,219.61395219747416
2021-11-30,etfs_latam__min_vol,210.7632801971957
2021-12-31,etfs_latam__min_vol,220.66029617565556
2022-01-31,etfs_latam__min_vol,219.42136333803944
2022-02-28,etfs_latam__min_vol,215.17316136847023
2022-03-31,etfs_latam__min_vol,219.3686661259443
2022-04-30,etfs_latam__min_vol,201.71485106212396
2022-05-31,etfs_latam__min_vol,213.33105135946394
2022-06-30,etfs_latam__min_vol,201.01435156529243
2022-07-31,etfs_latam__min_vol,212.14268527914055
2022-08-31,etfs_latam__min_vol,209.97225449018592
2022-09-30,etfs_latam__min_vol,208.69330194093178
2022-10-31,etfs_latam__min_vol,223.07466223393598
2022-11-30,etfs_latam__min_vol,239.46529121520808
2022-12-31,etfs_latam__min_vol,236.3865283026483
2023-01-31,etfs_latam__min_vol,259.9988005715479
2023-02-28,etfs_latam__min_vol,259.55485710760615
2023-03-31,etfs_latam__min_vol,260.3079785316944
2023-04-30,etfs_latam__min_vol,255.9451122547382
2023-05-31,etfs_latam__min_vol,256.68242400502436
2023-06-30,etfs_latam__min_vol,265.0624301479931
2023-07-31,etfs_latam__min_vol,270.4520142591399
2023-08-31,etfs_latam__min_vol,263.54063525824296
2023-09-30,etfs_latam__min_vol,252.17513404494974
2023-10-31,etfs_latam__min_vol,236.05069462215687
2023-11-30,etfs_latam__min_vol,265.2369514078209
2023-12-31,etfs_latam__min_vol,280.4112273391427
2024-01-31,etfs_latam__min_vol,273.54279888759316
2024-02-29,etfs_latam__min_vol,273.74706839699286
2024-03-31,etfs_latam__min_vol,287.06077924450943
2024-04-30,etfs_latam__min_vol,289.3107129593361
2024-05-31,etfs_latam__min_vol,302.67216038550384
2024-06-30,etfs_latam__min_vol,290.05812728517327
2024-07-31,etfs_latam__min_vol,296.54938526436683
2024-08-31,etfs_latam__min_vol,296.2995498939668
2024-09-30,etfs_latam__min_vol,290.99926962015775
2024-10-31,etfs_latam__min_vol,299.86906545344675
2024-11-30,etfs_latam__min_vol,312.50953614235345
2024-12-31,etfs_latam__min_vol,313.77973195340803
2025-01-31,etfs_latam__min_vol,317.35687845146725
2025-02-28,etfs_latam__min_vol,324.43424828115906
2025-03-31,etfs_latam__min_vol,325.5497394244243
2025-04-30,etfs_latam__min_vol,343.93567707853623
2025-05-31,etfs_latam__min_vol,360.0990811200008
2025-06-30,etfs_latam__min_vol,352.5963204537781
2025-07-31,etfs_latam__min_vol,349.43487218297537
2025-08-31,etfs_latam__min_vol,356.0726125554099
2025-09-30,etfs_latam__min_vol,362.61837021658107
2025-10-31,etfs_latam__min_vol,388.14745485723523
2025-11-30,etfs_latam__min_vol,401.75889052407854
2025-12-31,etfs_latam__min_vol,428.12145758849783
2026-01-31,etfs_latam__min_vol,444.79666756031656
2026-02-28,etfs_latam__min_vol,445.9428669275234
2026-03-31,etfs_latam__min_vol,428.1550481076948
2026-04-30,etfs_latam__min_vol,433.3556672326829
2015-02-28,etfs_oceania__max_sharpe,120.69257771332833
2015-03-31,etfs_oceania__max_sharpe,129.38780296238585
2015-04-30,etfs_oceania__max_sharpe,120.8093208442085
2015-05-31,etfs_oceania__max_sharpe,124.90323684992295
2015-06-30,etfs_oceania__max_sharpe,117.70703900761865
2015-07-31,etfs_oceania__max_sharpe,126.70674152182701
2015-08-31,etfs_oceania__max_sharpe,119.92487913423572
2015-09-30,etfs_oceania__max_sharpe,130.54782694959468
2015-10-31,etfs_oceania__max_sharpe,130.70396985018905
2015-11-30,etfs_oceania__max_sharpe,131.76514368974236
2015-12-31,etfs_oceania__max_sharpe,138.60312356011028
2016-01-31,etfs_oceania__max_sharpe,132.54835704827792
2016-02-29,etfs_oceania__max_sharpe,126.57726895698298
2016-03-31,etfs_oceania__max_sharpe,128.36319914274588
2016-04-30,etfs_oceania__max_sharpe,128.12997648056302
2016-05-31,etfs_oceania__max_sharpe,128.19558885734813
2016-06-30,etfs_oceania__max_sharpe,117.99475323503385
2016-07-31,etfs_oceania__max_sharpe,128.46460125806337
2016-08-31,etfs_oceania__max_sharpe,122.6356544996094
2016-09-30,etfs_oceania__max_sharpe,127.64107327174995
2016-10-31,etfs_oceania__max_sharpe,121.71897027218318
2016-11-30,etfs_oceania__max_sharpe,132.28116403873068
2016-12-31,etfs_oceania__max_sharpe,126.58120835318292
2017-01-31,etfs_oceania__max_sharpe,127.71938308587491
2017-02-28,etfs_oceania__max_sharpe,131.13566201449999
2017-03-31,etfs_oceania__max_sharpe,136.92308594264603
2017-04-30,etfs_oceania__max_sharpe,137.45793064938616
2017-05-31,etfs_oceania__max_sharpe,134.6263960013827
2017-06-30,etfs_oceania__max_sharpe,140.7302758548158
2017-07-31,etfs_oceania__max_sharpe,141.77441256785133
2017-08-31,etfs_oceania__max_sharpe,140.6207548219232
2017-09-30,etfs_oceania__max_sharpe,140.2917184421588
2017-10-31,etfs_oceania__max_sharpe,146.6642652685673
2017-11-30,etfs_oceania__max_sharpe,145.21455416315655
2017-12-31,etfs_oceania__max_sharpe,154.49125724341076
2018-01-31,etfs_oceania__max_sharpe,152.19254622203528
2018-02-28,etfs_oceania__max_sharpe,149.28083565817
2018-03-31,etfs_oceania__max_sharpe,147.18695373559575
2018-04-30,etfs_oceania__max_sharpe,154.5255615364886
2018-05-31,etfs_oceania__max_sharpe,169.1706613603201
2018-06-30,etfs_oceania__max_sharpe,179.1386009854212
2018-07-31,etfs_oceania__max_sharpe,175.41220182096825
2018-08-31,etfs_oceania__max_sharpe,191.53517514300046
2018-09-30,etfs_oceania__max_sharpe,182.18121256992617
2018-10-31,etfs_oceania__max_sharpe,156.24000271748096
2018-11-30,etfs_oceania__max_sharpe,164.43506682976633
2018-12-31,etfs_oceania__max_sharpe,159.00957621197693
2019-01-31,etfs_oceania__max_sharpe,161.61431817487482
2019-02-28,etfs_oceania__max_sharpe,169.11275924118996
2019-03-31,etfs_oceania__max_sharpe,178.83855546905735
2019-04-30,etfs_oceania__max_sharpe,183.07914770502484
2019-05-31,etfs_oceania__max_sharpe,184.99075316256557
2019-06-30,etfs_oceania__max_sharpe,187.12108953099943
2019-07-31,etfs_oceania__max_sharpe,184.74013898847315
2019-08-31,etfs_oceania__max_sharpe,196.58841372263745
2019-09-30,etfs_oceania__max_sharpe,201.22458081986983
2019-10-31,etfs_oceania__max_sharpe,195.3803026860368
2019-11-30,etfs_oceania__max_sharpe,208.00467679332795
2019-12-31,etfs_oceania__max_sharpe,201.8116231217379
2020-01-31,etfs_oceania__max_sharpe,209.61561186515237
2020-02-29,etfs_oceania__max_sharpe,200.2987708831506
2020-03-31,etfs_oceania__max_sharpe,179.12308131511264
2020-04-30,etfs_oceania__max_sharpe,201.78783512161814
2020-05-31,etfs_oceania__max_sharpe,216.62486298016447
2020-06-30,etfs_oceania__max_sharpe,234.54358042487104
2020-07-31,etfs_oceania__max_sharpe,231.19922083835783
2020-08-31,etfs_oceania__max_sharpe,252.47730936203146
2020-09-30,etfs_oceania__max_sharpe,250.16877550690194
2020-10-31,etfs_oceania__max_sharpe,257.3643120737115
2020-11-30,etfs_oceania__max_sharpe,273.48408902491
2020-12-31,etfs_oceania__max_sharpe,282.4847321839559
2021-01-31,etfs_oceania__max_sharpe,293.4633067636101
2021-02-28,etfs_oceania__max_sharpe,307.8684636459449
2021-03-31,etfs_oceania__max_sharpe,325.10575795718813
2021-04-30,etfs_oceania__max_sharpe,313.80838704469215
2021-05-31,etfs_oceania__max_sharpe,318.26975913731303
2021-06-30,etfs_oceania__max_sharpe,296.625868875513
2021-07-31,etfs_oceania__max_sharpe,301.6684311234696
2021-08-31,etfs_oceania__max_sharpe,309.54608332090083
2021-09-30,etfs_oceania__max_sharpe,309.64318301567255
2021-10-31,etfs_oceania__max_sharpe,344.16249042274376
2021-11-30,etfs_oceania__max_sharpe,315.6576029975155
2021-12-31,etfs_oceania__max_sharpe,330.206264366914
2022-01-31,etfs_oceania__max_sharpe,292.42156733293683
2022-02-28,etfs_oceania__max_sharpe,296.24574876744714
2022-03-31,etfs_oceania__max_sharpe,300.9719973468526
2022-04-30,etfs_oceania__max_sharpe,289.7698829784532
2022-05-31,etfs_oceania__max_sharpe,280.0245147083553
2022-06-30,etfs_oceania__max_sharpe,270.70152594510154
2022-07-31,etfs_oceania__max_sharpe,290.19284102261037
2022-08-31,etfs_oceania__max_sharpe,276.32081938229646
2022-09-30,etfs_oceania__max_sharpe,260.691668030355
2022-10-31,etfs_oceania__max_sharpe,269.81269885626426
2022-11-30,etfs_oceania__max_sharpe,307.3034727878528
2022-12-31,etfs_oceania__max_sharpe,294.7199702246295
2023-01-31,etfs_oceania__max_sharpe,319.00412341230674
2023-02-28,etfs_oceania__max_sharpe,298.4642163337278
2023-03-31,etfs_oceania__max_sharpe,293.08898027003556
2023-04-30,etfs_oceania__max_sharpe,288.88114209128963
2023-05-31,etfs_oceania__max_sharpe,276.2415694635829
2023-06-30,etfs_oceania__max_sharpe,279.8334493234347
2023-07-31,etfs_oceania__max_sharpe,281.9866250051109
2023-08-31,etfs_oceania__max_sharpe,277.47603445652646
2023-09-30,etfs_oceania__max_sharpe,276.66888968154063
2023-10-31,etfs_oceania__max_sharpe,267.46985451233894
2023-11-30,etfs_oceania__max_sharpe,281.37522273253495
2023-12-31,etfs_oceania__max_sharpe,307.83709406818167
2024-01-31,etfs_oceania__max_sharpe,304.8963155279075
2024-02-29,etfs_oceania__max_sharpe,309.82916807149786
2024-03-31,etfs_oceania__max_sharpe,320.893165157696
2024-04-30,etfs_oceania__max_sharpe,311.4275314735328
2024-05-31,etfs_oceania__max_sharpe,334.37695508116286
2024-06-30,etfs_oceania__max_sharpe,357.164461360854
2024-07-31,etfs_oceania__max_sharpe,373.1452644203901
2024-08-31,etfs_oceania__max_sharpe,386.9634533251646
2024-09-30,etfs_oceania__max_sharpe,391.49641951408955
2024-10-31,etfs_oceania__max_sharpe,388.2544225052983
2024-11-30,etfs_oceania__max_sharpe,422.4700381155153
2024-12-31,etfs_oceania__max_sharpe,398.3961128148013
2025-01-31,etfs_oceania__max_sharpe,390.73857090976264
2025-02-28,etfs_oceania__max_sharpe,378.59294926524944
2025-03-31,etfs_oceania__max_sharpe,364.7880737442379
2025-04-30,etfs_oceania__max_sharpe,374.7220626540515
2025-05-31,etfs_oceania__max_sharpe,395.184009187003
2025-06-30,etfs_oceania__max_sharpe,395.67996360397615
2025-07-31,etfs_oceania__max_sharpe,398.09592731265997
2025-08-31,etfs_oceania__max_sharpe,402.24543648874544
2025-09-30,etfs_oceania__max_sharpe,394.2925721355196
2025-10-31,etfs_oceania__max_sharpe,395.36342387817
2025-11-30,etfs_oceania__max_sharpe,379.88915307651706
2025-12-31,etfs_oceania__max_sharpe,400.2946478261315
2026-01-31,etfs_oceania__max_sharpe,401.9095793087966
2026-02-28,etfs_oceania__max_sharpe,431.3828802493974
2026-03-31,etfs_oceania__max_sharpe,407.84985090641055
2026-04-30,etfs_oceania__max_sharpe,420.99953886285493
2015-02-28,etfs_oceania__min_vol,120.08611570833949
2015-03-31,etfs_oceania__min_vol,129.25521506903686
2015-04-30,etfs_oceania__min_vol,120.40455756053312
2015-05-31,etfs_oceania__min_vol,123.45833745380068
2015-06-30,etfs_oceania__min_vol,115.52600178837358
2015-07-31,etfs_oceania__min_vol,124.75105764777797
2015-08-31,etfs_oceania__min_vol,119.38049492199256
2015-09-30,etfs_oceania__min_vol,131.24538737015746
2015-10-31,etfs_oceania__min_vol,134.41904811776354
2015-11-30,etfs_oceania__min_vol,134.51313721545608
2015-12-31,etfs_oceania__min_vol,143.44287730278077
2016-01-31,etfs_oceania__min_vol,137.4127396044258
2016-02-29,etfs_oceania__min_vol,133.26398919745617
2016-03-31,etfs_oceania__min_vol,135.8840253257295
2016-04-30,etfs_oceania__min_vol,135.051530580884
2016-05-31,etfs_oceania__min_vol,136.27382426209243
2016-06-30,etfs_oceania__min_vol,126.32756681536588
2016-07-31,etfs_oceania__min_vol,137.80932445239262
2016-08-31,etfs_oceania__min_vol,133.13221622693035
2016-09-30,etfs_oceania__min_vol,137.23494929641294
2016-10-31,etfs_oceania__min_vol,128.64078723653242
2016-11-30,etfs_oceania__min_vol,138.8415052219466
2016-12-31,etfs_oceania__min_vol,131.1630575142327
2017-01-31,etfs_oceania__min_vol,134.0196841671439
2017-02-28,etfs_oceania__min_vol,135.96056731918387
2017-03-31,etfs_oceania__min_vol,139.82905736041772
2017-04-30,etfs_oceania__min_vol,141.0200983490733
2017-05-31,etfs_oceania__min_vol,141.5935333063279
2017-06-30,etfs_oceania__min_vol,149.59742646474263
2017-07-31,etfs_oceania__min_vol,149.96150033575523
2017-08-31,etfs_oceania__min_vol,147.8511522795947
2017-09-30,etfs_oceania__min_vol,148.43043105996705
2017-10-31,etfs_oceania__min_vol,153.11900451438504
2017-11-30,etfs_oceania__min_vol,151.41529473580636
2017-12-31,etfs_oceania__min_vol,162.0305646962937
2018-01-31,etfs_oceania__min_vol,160.52802028174932
2018-02-28,etfs_oceania__min_vol,158.0369583007402
2018-03-31,etfs_oceania__min_vol,158.10875008871827
2018-04-30,etfs_oceania__min_vol,164.3290802929386
2018-05-31,etfs_oceania__min_vol,180.4026016435248
2018-06-30,etfs_oceania__min_vol,190.2436341590789
2018-07-31,etfs_oceania__min_vol,185.43635274212755
2018-08-31,etfs_oceania__min_vol,204.64955581382358
2018-09-30,etfs_oceania__min_vol,195.08862253590112
2018-10-31,etfs_oceania__min_vol,167.37579831048114
2018-11-30,etfs_oceania__min_vol,179.08635169124148
2018-12-31,etfs_oceania__min_vol,173.67381012149775
2019-01-31,etfs_oceania__min_vol,175.84582958033965
2019-02-28,etfs_oceania__min_vol,183.1350078902298
2019-03-31,etfs_oceania__min_vol,196.33986988309363
2019-04-30,etfs_oceania__min_vol,200.34647430888555
2019-05-31,etfs_oceania__min_vol,200.924344752198
2019-06-30,etfs_oceania__min_vol,203.5500981157821
2019-07-31,etfs_oceania__min_vol,202.43928142382225
2019-08-31,etfs_oceania__min_vol,214.1543330246026
2019-09-30,etfs_oceania__min_vol,217.88853166112733
2019-10-31,etfs_oceania__min_vol,211.50844653276678
2019-11-30,etfs_oceania__min_vol,228.6175034115879
2019-12-31,etfs_oceania__min_vol,224.6855131087012
2020-01-31,etfs_oceania__min_vol,232.6061853033853
2020-02-29,etfs_oceania__min_vol,225.0470214273117
2020-03-31,etfs_oceania__min_vol,206.79545805809818
2020-04-30,etfs_oceania__min_vol,232.657314940458
2020-05-31,etfs_oceania__min_vol,249.46854117553445
2020-06-30,etfs_oceania__min_vol,272.1928730389932
2020-07-31,etfs_oceania__min_vol,268.57080021462934
2020-08-31,etfs_oceania__min_vol,292.2431262423998
2020-09-30,etfs_oceania__min_vol,289.64588845062207
2020-10-31,etfs_oceania__min_vol,300.5952543721833
2020-11-30,etfs_oceania__min_vol,316.8878470755996
2020-12-31,etfs_oceania__min_vol,324.839167557794
2021-01-31,etfs_oceania__min_vol,337.76239982326376
2021-02-28,etfs_oceania__min_vol,343.14301767963843
2021-03-31,etfs_oceania__min_vol,360.6578192618787
2021-04-30,etfs_oceania__min_vol,347.4358208487225
2021-05-31,etfs_oceania__min_vol,344.2904677269913
2021-06-30,etfs_oceania__min_vol,321.7483012011158
2021-07-31,etfs_oceania__min_vol,327.562632264238
2021-08-31,etfs_oceania__min_vol,340.540082255935
2021-09-30,etfs_oceania__min_vol,342.3221362373784
2021-10-31,etfs_oceania__min_vol,377.0223498191633
2021-11-30,etfs_oceania__min_vol,345.1528625258746
2021-12-31,etfs_oceania__min_vol,357.69812790172506
2022-01-31,etfs_oceania__min_vol,312.9457705459735
2022-02-28,etfs_oceania__min_vol,316.43825457744197
2022-03-31,etfs_oceania__min_vol,313.7605824014759
2022-04-30,etfs_oceania__min_vol,299.95068414328716
2022-05-31,etfs_oceania__min_vol,286.7092859359718
2022-06-30,etfs_oceania__min_vol,281.26711472340673
2022-07-31,etfs_oceania__min_vol,302.36582298215944
2022-08-31,etfs_oceania__min_vol,288.5020752573988
2022-09-30,etfs_oceania__min_vol,271.0013332712832
2022-10-31,etfs_oceania__min_vol,280.7184063718384
2022-11-30,etfs_oceania__min_vol,317.6188058057671
2022-12-31,etfs_oceania__min_vol,308.86349725281804
2023-01-31,etfs_oceania__min_vol,330.3027241349641
2023-02-28,etfs_oceania__min_vol,310.91963142762194
2023-03-31,etfs_oceania__min_vol,306.914720584648
2023-04-30,etfs_oceania__min_vol,301.70335266800413
2023-05-31,etfs_oceania__min_vol,289.4225975570715
2023-06-30,etfs_oceania__min_vol,292.09354954890074
2023-07-31,etfs_oceania__min_vol,293.05010757891836
2023-08-31,etfs_oceania__min_vol,284.2025695532971
2023-09-30,etfs_oceania__min_vol,284.26407116971626
2023-10-31,etfs_oceania__min_vol,272.750597056762
2023-11-30,etfs_oceania__min_vol,289.64514980335855
2023-12-31,etfs_oceania__min_vol,313.3059669538265
2024-01-31,etfs_oceania__min_vol,308.2980696459209
2024-02-29,etfs_oceania__min_vol,310.0611593197323
2024-03-31,etfs_oceania__min_vol,319.16969991589974
2024-04-30,etfs_oceania__min_vol,312.45079948147946
2024-05-31,etfs_oceania__min_vol,335.1812165686242
2024-06-30,etfs_oceania__min_vol,355.0090133700418
2024-07-31,etfs_oceania__min_vol,370.3949077427933
2024-08-31,etfs_oceania__min_vol,387.30848916967176
2024-09-30,etfs_oceania__min_vol,386.8394885941322
2024-10-31,etfs_oceania__min_vol,386.13068817787564
2024-11-30,etfs_oceania__min_vol,419.10240956287515
2024-12-31,etfs_oceania__min_vol,397.8277806068542
2025-01-31,etfs_oceania__min_vol,386.0477609381338
2025-02-28,etfs_oceania__min_vol,370.30440501635275
2025-03-31,etfs_oceania__min_vol,358.56933857199067
2025-04-30,etfs_oceania__min_vol,364.13327152179943
2025-05-31,etfs_oceania__min_vol,383.52696316496144
2025-06-30,etfs_oceania__min_vol,384.241978753514
2025-07-31,etfs_oceania__min_vol,386.48454386225796
2025-08-31,etfs_oceania__min_vol,385.43587364465225
2025-09-30,etfs_oceania__min_vol,380.8726827858295
2025-10-31,etfs_oceania__min_vol,382.7937220813086
2025-11-30,etfs_oceania__min_vol,371.10188069790007
2025-12-31,etfs_oceania__min_vol,388.096374196956
2026-01-31,etfs_oceania__min_vol,387.15222439196606
2026-02-28,etfs_oceania__min_vol,407.1438284868333
2026-03-31,etfs_oceania__min_vol,381.88235189806005
2026-04-30,etfs_oceania__min_vol,390.53019407661185
2015-02-28,etfs_brasil__max_sharpe,109.64700208792154
2015-03-31,etfs_brasil__max_sharpe,108.5288299442942
2015-04-30,etfs_brasil__max_sharpe,119.75443587143542
2015-05-31,etfs_brasil__max_sharpe,112.5849545866193
2015-06-30,etfs_brasil__max_sharpe,112.82613110247009
2015-07-31,etfs_brasil__max_sharpe,108.24380239249514
2015-08-31,etfs_brasil__max_sharpe,99.40802356029263
2015-09-30,etfs_brasil__max_sharpe,95.2203458101226
2015-10-31,etfs_brasil__max_sharpe,97.34707505310134
2015-11-30,etfs_brasil__max_sharpe,95.81232224982999
2015-12-31,etfs_brasil__max_sharpe,92.37009538332147
2016-01-31,etfs_brasil__max_sharpe,85.92413528232775
2016-02-29,etfs_brasil__max_sharpe,90.87919361599842
2016-03-31,etfs_brasil__max_sharpe,106.64327721716627
2016-04-30,etfs_brasil__max_sharpe,114.33896256963226
2016-05-31,etfs_brasil__max_sharpe,103.09142694265194
2016-06-30,etfs_brasil__max_sharpe,109.4058339358007
2016-07-31,etfs_brasil__max_sharpe,122.07849059431663
2016-08-31,etfs_brasil__max_sharpe,122.62661599807569
2016-09-30,etfs_brasil__max_sharpe,124.0078943573929
2016-10-31,etfs_brasil__max_sharpe,137.9083549312719
2016-11-30,etfs_brasil__max_sharpe,131.5500969021748
2016-12-31,etfs_brasil__max_sharpe,127.69129773975219
2017-01-31,etfs_brasil__max_sharpe,136.79017442391466
2017-02-28,etfs_brasil__max_sharpe,141.41635416983792
2017-03-31,etfs_brasil__max_sharpe,137.645248715582
2017-04-30,etfs_brasil__max_sharpe,138.54417404319764
2017-05-31,etfs_brasil__max_sharpe,132.77790081753787
2017-06-30,etfs_brasil__max_sharpe,133.5891240732569
2017-07-31,etfs_brasil__max_sharpe,139.70620558650322
2017-08-31,etfs_brasil__max_sharpe,149.98904351381034
2017-09-30,etfs_brasil__max_sharpe,156.93926961888488
2017-10-31,etfs_brasil__max_sharpe,157.3558335510691
2017-11-30,etfs_brasil__max_sharpe,152.1596154290075
2017-12-31,etfs_brasil__max_sharpe,161.85046855287732
2018-01-31,etfs_brasil__max_sharpe,179.78513243297223
2018-02-28,etfs_brasil__max_sharpe,180.88138324049035
2018-03-31,etfs_brasil__max_sharpe,180.72790879653618
2018-04-30,etfs_brasil__max_sharpe,182.3722850078134
2018-05-31,etfs_brasil__max_sharpe,162.39859395663638
2018-06-30,etfs_brasil__max_sharpe,154.24248527230796
2018-07-31,etfs_brasil__max_sharpe,167.61674177853712
2018-08-31,etfs_brasil__max_sharpe,162.50822572837214
2018-09-30,etfs_brasil__max_sharpe,167.96755006612364
2018-10-31,etfs_brasil__max_sharpe,184.34553980683796
2018-11-30,etfs_brasil__max_sharpe,189.36637051256616
2018-12-31,etfs_brasil__max_sharpe,185.48563328657448
2019-01-31,etfs_brasil__max_sharpe,206.0951518134072
2019-02-28,etfs_brasil__max_sharpe,205.74434352582068
2019-03-31,etfs_brasil__max_sharpe,201.2935679236907
2019-04-30,etfs_brasil__max_sharpe,203.63954398268106
2019-05-31,etfs_brasil__max_sharpe,205.1962181220616
2019-06-30,etfs_brasil__max_sharpe,212.9138331743667
2019-07-31,etfs_brasil__max_sharpe,214.8213156013338
2019-08-31,etfs_brasil__max_sharpe,214.01008398188486
2019-09-30,etfs_brasil__max_sharpe,221.46459281850008
2019-10-31,etfs_brasil__max_sharpe,226.33194908027411
2019-11-30,etfs_brasil__max_sharpe,228.78754018354041
2019-12-31,etfs_brasil__max_sharpe,243.87196200056408
2020-01-31,etfs_brasil__max_sharpe,238.76342922293924
2020-02-29,etfs_brasil__max_sharpe,220.56565912715445
2020-03-31,etfs_brasil__max_sharpe,152.04998365727172
2020-04-30,etfs_brasil__max_sharpe,169.28304768965344
2020-05-31,etfs_brasil__max_sharpe,184.49901425079213
2020-06-30,etfs_brasil__max_sharpe,200.87700399150643
2020-07-31,etfs_brasil__max_sharpe,217.69348736424408
2020-08-31,etfs_brasil__max_sharpe,209.82239786798482
2020-09-30,etfs_brasil__max_sharpe,199.62727874003414
2020-10-31,etfs_brasil__max_sharpe,198.77220444836678
2020-11-30,etfs_brasil__max_sharpe,230.21266957880587
2020-12-31,etfs_brasil__max_sharpe,253.3435683084222
2021-01-31,etfs_brasil__max_sharpe,242.40297320562024
2021-02-28,etfs_brasil__max_sharpe,231.5062375024965
2021-03-31,etfs_brasil__max_sharpe,245.60402355627798
2021-04-30,etfs_brasil__max_sharpe,250.8221881056385
2021-05-31,etfs_brasil__max_sharpe,265.8408208231448
2021-06-30,etfs_brasil__max_sharpe,267.06861637477795
2021-07-31,etfs_brasil__max_sharpe,256.7638654750915
2021-08-31,etfs_brasil__max_sharpe,250.12058825792525
2021-09-30,etfs_brasil__max_sharpe,233.47949230152105
2021-10-31,etfs_brasil__max_sharpe,218.54856165591136
2021-11-30,etfs_brasil__max_sharpe,215.63253049332278
2021-12-31,etfs_brasil__max_sharpe,221.0041694866375
2022-01-31,etfs_brasil__max_sharpe,236.74633175169615
2022-02-28,etfs_brasil__max_sharpe,238.76342922293912
2022-03-31,etfs_brasil__max_sharpe,253.45318335269803
2022-04-30,etfs_brasil__max_sharpe,226.70467034023977
2022-05-31,etfs_brasil__max_sharpe,234.9923237686832
2022-06-30,etfs_brasil__max_sharpe,208.28765342844332
2022-07-31,etfs_brasil__max_sharpe,217.7154170640831
2022-08-31,etfs_brasil__max_sharpe,232.03244993387622
2022-09-30,etfs_brasil__max_sharpe,233.41371992946353
2022-10-31,etfs_brasil__max_sharpe,245.88905947180692
2022-11-30,etfs_brasil__max_sharpe,238.0618293752259
2022-12-31,etfs_brasil__max_sharpe,232.2955394221063
2023-01-31,etfs_brasil__max_sharpe,240.8243693664005
2023-02-28,etfs_brasil__max_sharpe,221.77154170640821
2023-03-31,etfs_brasil__max_sharpe,215.93947938123108
2023-04-30,etfs_brasil__max_sharpe,221.22341630264916
2023-05-31,etfs_brasil__max_sharpe,229.86186129121927
2023-06-30,etfs_brasil__max_sharpe,250.31790537409782
2023-07-31,etfs_brasil__max_sharpe,258.6055588025413
2023-08-31,etfs_brasil__max_sharpe,246.23985103193365
2023-09-30,etfs_brasil__max_sharpe,248.08156108684315
2023-10-31,etfs_brasil__max_sharpe,240.3420330621588
2023-11-30,etfs_brasil__max_sharpe,270.9274239009305
2023-12-31,etfs_brasil__max_sharpe,285.88028424637935
2024-01-31,etfs_brasil__max_sharpe,271.76056849275875
2024-02-29,etfs_brasil__max_sharpe,274.6108272832898
2024-03-31,etfs_brasil__max_sharpe,272.5937298120468
2024-04-30,etfs_brasil__max_sharpe,268.31834162625023
2024-05-31,etfs_brasil__max_sharpe,260.16224966938165
2024-06-30,etfs_brasil__max_sharpe,263.93333839617776
2024-07-31,etfs_brasil__max_sharpe,271.9579023363911
2024-08-31,etfs_brasil__max_sharpe,290.7257275357741
2024-09-30,etfs_brasil__max_sharpe,281.5829663607436
2024-10-31,etfs_brasil__max_sharpe,276.8252585981652
2024-11-30,etfs_brasil__max_sharpe,268.18679688213524
2024-12-31,etfs_brasil__max_sharpe,257.1146570352183
2025-01-31,etfs_brasil__max_sharpe,269.67769864945825
2025-02-28,etfs_brasil__max_sharpe,263.12212350418866
2025-03-31,etfs_brasil__max_sharpe,279.10546228509804
2025-04-30,etfs_brasil__max_sharpe,288.5989982927954
2025-05-31,etfs_brasil__max_sharpe,293.7733034424777
2025-06-30,etfs_brasil__max_sharpe,297.8513577846419
2025-07-31,etfs_brasil__max_sharpe,284.762120466482
2025-08-31,etfs_brasil__max_sharpe,303.6614736825201
2025-09-30,etfs_brasil__max_sharpe,314.053943381563
2025-10-31,etfs_brasil__max_sharpe,321.0041694866375
2025-11-30,etfs_brasil__max_sharpe,341.7013900853668
2025-12-31,etfs_brasil__max_sharpe,346.4152551757269
2026-01-31,etfs_brasil__max_sharpe,390.70378110847514
2026-02-28,etfs_brasil__max_sharpe,405.96360706929204
2026-03-31,etfs_brasil__max_sharpe,404.03419494248584
2026-04-30,etfs_brasil__max_sharpe,425.0383644291235
2015-02-28,etfs_brasil__min_vol,109.64700208792154
2015-03-31,etfs_brasil__min_vol,108.5288299442942
2015-04-30,etfs_brasil__min_vol,119.75443587143542
2015-05-31,etfs_brasil__min_vol,112.5849545866193
2015-06-30,etfs_brasil__min_vol,112.82613110247009
2015-07-31,etfs_brasil__min_vol,108.24380239249514
2015-08-31,etfs_brasil__min_vol,99.40802356029263
2015-09-30,etfs_brasil__min_vol,95.2203458101226
2015-10-31,etfs_brasil__min_vol,97.34707505310134
2015-11-30,etfs_brasil__min_vol,95.81232224982999
2015-12-31,etfs_brasil__min_vol,92.37009538332147
2016-01-31,etfs_brasil__min_vol,85.92413528232775
2016-02-29,etfs_brasil__min_vol,90.87919361599842
2016-03-31,etfs_brasil__min_vol,106.64327721716627
2016-04-30,etfs_brasil__min_vol,114.33896256963226
2016-05-31,etfs_brasil__min_vol,103.09142694265194
2016-06-30,etfs_brasil__min_vol,109.4058339358007
2016-07-31,etfs_brasil__min_vol,122.07849059431663
2016-08-31,etfs_brasil__min_vol,122.62661599807569
2016-09-30,etfs_brasil__min_vol,124.0078943573929
2016-10-31,etfs_brasil__min_vol,137.9083549312719
2016-11-30,etfs_brasil__min_vol,131.5500969021748
2016-12-31,etfs_brasil__min_vol,127.69129773975219
2017-01-31,etfs_brasil__min_vol,136.79017442391466
2017-02-28,etfs_brasil__min_vol,141.41635416983792
2017-03-31,etfs_brasil__min_vol,137.645248715582
2017-04-30,etfs_brasil__min_vol,138.54417404319764
2017-05-31,etfs_brasil__min_vol,132.77790081753787
2017-06-30,etfs_brasil__min_vol,133.5891240732569
2017-07-31,etfs_brasil__min_vol,139.70620558650322
2017-08-31,etfs_brasil__min_vol,149.98904351381034
2017-09-30,etfs_brasil__min_vol,156.93926961888488
2017-10-31,etfs_brasil__min_vol,157.3558335510691
2017-11-30,etfs_brasil__min_vol,152.1596154290075
2017-12-31,etfs_brasil__min_vol,161.85046855287732
2018-01-31,etfs_brasil__min_vol,179.78513243297223
2018-02-28,etfs_brasil__min_vol,180.88138324049035
2018-03-31,etfs_brasil__min_vol,180.72790879653618
2018-04-30,etfs_brasil__min_vol,182.3722850078134
2018-05-31,etfs_brasil__min_vol,162.39859395663638
2018-06-30,etfs_brasil__min_vol,154.24248527230796
2018-07-31,etfs_brasil__min_vol,167.61674177853712
2018-08-31,etfs_brasil__min_vol,162.50822572837214
2018-09-30,etfs_brasil__min_vol,167.96755006612364
2018-10-31,etfs_brasil__min_vol,184.34553980683796
2018-11-30,etfs_brasil__min_vol,189.36637051256616
2018-12-31,etfs_brasil__min_vol,185.48563328657448
2019-01-31,etfs_brasil__min_vol,206.0951518134072
2019-02-28,etfs_brasil__min_vol,205.74434352582068
2019-03-31,etfs_brasil__min_vol,201.2935679236907
2019-04-30,etfs_brasil__min_vol,203.63954398268106
2019-05-31,etfs_brasil__min_vol,205.1962181220616
2019-06-30,etfs_brasil__min_vol,212.9138331743667
2019-07-31,etfs_brasil__min_vol,214.8213156013338
2019-08-31,etfs_brasil__min_vol,214.01008398188486
2019-09-30,etfs_brasil__min_vol,221.46459281850008
2019-10-31,etfs_brasil__min_vol,226.33194908027411
2019-11-30,etfs_brasil__min_vol,228.78754018354041
2019-12-31,etfs_brasil__min_vol,243.87196200056408
2020-01-31,etfs_brasil__min_vol,238.76342922293924
2020-02-29,etfs_brasil__min_vol,220.56565912715445
2020-03-31,etfs_brasil__min_vol,152.04998365727172
2020-04-30,etfs_brasil__min_vol,169.28304768965344
2020-05-31,etfs_brasil__min_vol,184.49901425079213
2020-06-30,etfs_brasil__min_vol,200.87700399150643
2020-07-31,etfs_brasil__min_vol,217.69348736424408
2020-08-31,etfs_brasil__min_vol,209.82239786798482
2020-09-30,etfs_brasil__min_vol,199.62727874003414
2020-10-31,etfs_brasil__min_vol,198.77220444836678
2020-11-30,etfs_brasil__min_vol,230.21266957880587
2020-12-31,etfs_brasil__min_vol,253.3435683084222
2021-01-31,etfs_brasil__min_vol,242.40297320562024
2021-02-28,etfs_brasil__min_vol,231.5062375024965
2021-03-31,etfs_brasil__min_vol,245.60402355627798
2021-04-30,etfs_brasil__min_vol,250.8221881056385
2021-05-31,etfs_brasil__min_vol,265.8408208231448
2021-06-30,etfs_brasil__min_vol,267.06861637477795
2021-07-31,etfs_brasil__min_vol,256.7638654750915
2021-08-31,etfs_brasil__min_vol,250.12058825792525
2021-09-30,etfs_brasil__min_vol,233.47949230152105
2021-10-31,etfs_brasil__min_vol,218.54856165591136
2021-11-30,etfs_brasil__min_vol,215.63253049332278
2021-12-31,etfs_brasil__min_vol,221.0041694866375
2022-01-31,etfs_brasil__min_vol,236.74633175169615
2022-02-28,etfs_brasil__min_vol,238.76342922293912
2022-03-31,etfs_brasil__min_vol,253.45318335269803
2022-04-30,etfs_brasil__min_vol,226.70467034023977
2022-05-31,etfs_brasil__min_vol,234.9923237686832
2022-06-30,etfs_brasil__min_vol,208.28765342844332
2022-07-31,etfs_brasil__min_vol,217.7154170640831
2022-08-31,etfs_brasil__min_vol,232.03244993387622
2022-09-30,etfs_brasil__min_vol,233.41371992946353
2022-10-31,etfs_brasil__min_vol,245.88905947180692
2022-11-30,etfs_brasil__min_vol,238.0618293752259
2022-12-31,etfs_brasil__min_vol,232.2955394221063
2023-01-31,etfs_brasil__min_vol,240.8243693664005
2023-02-28,etfs_brasil__min_vol,221.77154170640821
2023-03-31,etfs_brasil__min_vol,215.93947938123108
2023-04-30,etfs_brasil__min_vol,221.22341630264916
2023-05-31,etfs_brasil__min_vol,229.86186129121927
2023-06-30,etfs_brasil__min_vol,250.31790537409782
2023-07-31,etfs_brasil__min_vol,258.6055588025413
2023-08-31,etfs_brasil__min_vol,246.23985103193365
2023-09-30,etfs_brasil__min_vol,248.08156108684315
2023-10-31,etfs_brasil__min_vol,240.3420330621588
2023-11-30,etfs_brasil__min_vol,270.9274239009305
2023-12-31,etfs_brasil__min_vol,285.88028424637935
2024-01-31,etfs_brasil__min_vol,271.76056849275875
2024-02-29,etfs_brasil__min_vol,274.6108272832898
2024-03-31,etfs_brasil__min_vol,272.5937298120468
2024-04-30,etfs_brasil__min_vol,268.31834162625023
2024-05-31,etfs_brasil__min_vol,260.16224966938165
2024-06-30,etfs_brasil__min_vol,263.93333839617776
2024-07-31,etfs_brasil__min_vol,271.9579023363911
2024-08-31,etfs_brasil__min_vol,290.7257275357741
2024-09-30,etfs_brasil__min_vol,281.5829663607436
2024-10-31,etfs_brasil__min_vol,276.8252585981652
2024-11-30,etfs_brasil__min_vol,268.18679688213524
2024-12-31,etfs_brasil__min_vol,257.1146570352183
2025-01-31,etfs_brasil__min_vol,269.67769864945825
2025-02-28,etfs_brasil__min_vol,263.12212350418866
2025-03-31,etfs_brasil__min_vol,279.10546228509804
2025-04-30,etfs_brasil__min_vol,288.5989982927954
2025-05-31,etfs_brasil__min_vol,293.7733034424777
2025-06-30,etfs_brasil__min_vol,297.8513577846419
2025-07-31,etfs_brasil__min_vol,284.762120466482
2025-08-31,etfs_brasil__min_vol,303.6614736825201
2025-09-30,etfs_brasil__min_vol,314.053943381563
2025-10-31,etfs_brasil__min_vol,321.0041694866375
2025-11-30,etfs_brasil__min_vol,341.7013900853668
2025-12-31,etfs_brasil__min_vol,346.4152551757269
2026-01-31,etfs_brasil__min_vol,390.70378110847514
2026-02-28,etfs_brasil__min_vol,405.96360706929204
2026-03-31,etfs_brasil__min_vol,404.03419494248584
2026-04-30,etfs_brasil__min_vol,425.0383644291235
