data,carteira,base100
2015-02-28,etfs_com_tudo,114.64720135829245
2015-03-31,etfs_com_tudo,124.13950729064962
2015-04-30,etfs_com_tudo,119.22613296669033
2015-05-31,etfs_com_tudo,124.71652407930607
2015-06-30,etfs_com_tudo,120.27407588290484
2015-07-31,etfs_com_tudo,124.21026210643934
2015-08-31,etfs_com_tudo,124.7164806194337
2015-09-30,etfs_com_tudo,134.67800351628057
2015-10-31,etfs_com_tudo,137.523539981432
2015-11-30,etfs_com_tudo,133.0861069215177
2015-12-31,etfs_com_tudo,132.99397290651487
2016-01-31,etfs_com_tudo,131.3512789454456
2016-02-29,etfs_com_tudo,131.0380178533425
2016-03-31,etfs_com_tudo,129.71826711476814
2016-04-30,etfs_com_tudo,130.44616065526307
2016-05-31,etfs_com_tudo,129.99075777962204
2016-06-30,etfs_com_tudo,123.95109985085375
2016-07-31,etfs_com_tudo,130.48873626110353
2016-08-31,etfs_com_tudo,128.18611527939095
2016-09-30,etfs_com_tudo,131.3335163170366
2016-10-31,etfs_com_tudo,129.11596353958473
2016-11-30,etfs_com_tudo,133.02168119767794
2016-12-31,etfs_com_tudo,126.56756540608261
2017-01-31,etfs_com_tudo,128.48987848983944
2017-02-28,etfs_com_tudo,131.23619601646354
2017-03-31,etfs_com_tudo,135.31236440533846
2017-04-30,etfs_com_tudo,138.82051157573562
2017-05-31,etfs_com_tudo,144.5732849486506
2017-06-30,etfs_com_tudo,146.05260129547653
2017-07-31,etfs_com_tudo,146.99190545444966
2017-08-31,etfs_com_tudo,149.8913754432671
2017-09-30,etfs_com_tudo,152.06892032460368
2017-10-31,etfs_com_tudo,159.5079544087594
2017-11-30,etfs_com_tudo,158.6497942025586
2017-12-31,etfs_com_tudo,168.77110270944564
2018-01-31,etfs_com_tudo,171.49950388747962
2018-02-28,etfs_com_tudo,168.2015171602187
2018-03-31,etfs_com_tudo,170.727034355525
2018-04-30,etfs_com_tudo,178.44644611930696
2018-05-31,etfs_com_tudo,183.94496450201234
2018-06-30,etfs_com_tudo,185.4642257737418
2018-07-31,etfs_com_tudo,185.1344852485136
2018-08-31,etfs_com_tudo,198.17337373626899
2018-09-30,etfs_com_tudo,192.80552099418335
2018-10-31,etfs_com_tudo,170.50254166007704
2018-11-30,etfs_com_tudo,178.61109203976883
2018-12-31,etfs_com_tudo,174.96538074402457
2019-01-31,etfs_com_tudo,181.10461893346502
2019-02-28,etfs_com_tudo,184.1012496703889
2019-03-31,etfs_com_tudo,192.25618047797053
2019-04-30,etfs_com_tudo,198.00175257040166
2019-05-31,etfs_com_tudo,193.7519967174533
2019-06-30,etfs_com_tudo,199.8631351320016
2019-07-31,etfs_com_tudo,196.20342314328187
2019-08-31,etfs_com_tudo,208.18196821803787
2019-09-30,etfs_com_tudo,210.029013693288
2019-10-31,etfs_com_tudo,206.56196224355784
2019-11-30,etfs_com_tudo,216.15913914795416
2019-12-31,etfs_com_tudo,220.28710243032887
2020-01-31,etfs_com_tudo,226.63443010531824
2020-02-29,etfs_com_tudo,222.8848075885096
2020-03-31,etfs_com_tudo,208.13903300942204
2020-04-30,etfs_com_tudo,230.49954877215742
2020-05-31,etfs_com_tudo,247.28299630985626
2020-06-30,etfs_com_tudo,261.2190991446871
2020-07-31,etfs_com_tudo,267.40495647914963
2020-08-31,etfs_com_tudo,283.3127860843393
2020-09-30,etfs_com_tudo,283.69219611209246
2020-10-31,etfs_com_tudo,287.08490031523297
2020-11-30,etfs_com_tudo,297.9470179455093
2020-12-31,etfs_com_tudo,312.11255876689694
2021-01-31,etfs_com_tudo,322.3089643249825
2021-02-28,etfs_com_tudo,331.9555698881813
2021-03-31,etfs_com_tudo,353.3711803028223
2021-04-30,etfs_com_tudo,338.0741522019885
2021-05-31,etfs_com_tudo,343.03941534576546
2021-06-30,etfs_com_tudo,323.46723320700994
2021-07-31,etfs_com_tudo,329.00538491611474
2021-08-31,etfs_com_tudo,341.43671204690673
2021-09-30,etfs_com_tudo,341.27554103775554
2021-10-31,etfs_com_tudo,359.5551932724868
2021-11-30,etfs_com_tudo,343.7811490917655
2021-12-31,etfs_com_tudo,354.81073635391687
2022-01-31,etfs_com_tudo,343.59841674645196
2022-02-28,etfs_com_tudo,334.60869600143786
2022-03-31,etfs_com_tudo,323.0885881175761
2022-04-30,etfs_com_tudo,310.57513558151186
2022-05-31,etfs_com_tudo,305.02357263366156
2022-06-30,etfs_com_tudo,300.912364430485
2022-07-31,etfs_com_tudo,311.7859231495232
2022-08-31,etfs_com_tudo,303.9208028758667
2022-09-30,etfs_com_tudo,295.4446850366713
2022-10-31,etfs_com_tudo,302.14693292716595
2022-11-30,etfs_com_tudo,326.73377890284996
2022-12-31,etfs_com_tudo,323.58535853472097
2023-01-31,etfs_com_tudo,339.8045475181676
2023-02-28,etfs_com_tudo,327.80059131959894
2023-03-31,etfs_com_tudo,332.28038223531644
2023-04-30,etfs_com_tudo,329.2422120425892
2023-05-31,etfs_com_tudo,327.9883379746555
2023-06-30,etfs_com_tudo,332.9057148556979
2023-07-31,etfs_com_tudo,338.43658517684827
2023-08-31,etfs_com_tudo,335.10969717749447
2023-09-30,etfs_com_tudo,331.3767683348161
2023-10-31,etfs_com_tudo,326.38961695368675
2023-11-30,etfs_com_tudo,346.0552585409775
2023-12-31,etfs_com_tudo,356.872899664043
2024-01-31,etfs_com_tudo,355.29214951021635
2024-02-29,etfs_com_tudo,364.2991352187533
2024-03-31,etfs_com_tudo,382.0698755616749
2024-04-30,etfs_com_tudo,387.55222782295715
2024-05-31,etfs_com_tudo,403.44227286101227
2024-06-30,etfs_com_tudo,422.43201237449455
2024-07-31,etfs_com_tudo,439.1422465552133
2024-08-31,etfs_com_tudo,451.7359279594296
2024-09-30,etfs_com_tudo,448.1910057076913
2024-10-31,etfs_com_tudo,468.9984237631757
2024-11-30,etfs_com_tudo,489.678592453945
2024-12-31,etfs_com_tudo,488.1384739543644
2025-01-31,etfs_com_tudo,487.1465862238757
2025-02-28,etfs_com_tudo,485.57442064822806
2025-03-31,etfs_com_tudo,491.7719627279076
2025-04-30,etfs_com_tudo,494.71603212641924
2025-05-31,etfs_com_tudo,518.4519623381161
2025-06-30,etfs_com_tudo,518.8349555308234
2025-07-31,etfs_com_tudo,523.9205814146704
2025-08-31,etfs_com_tudo,526.5187578333123
2025-09-30,etfs_com_tudo,540.1482515497682
2025-10-31,etfs_com_tudo,569.1427951470748
2025-11-30,etfs_com_tudo,576.3890410244027
2025-12-31,etfs_com_tudo,597.851379498201
2026-01-31,etfs_com_tudo,617.3483142559276
2026-02-28,etfs_com_tudo,637.3828496288603
2026-03-31,etfs_com_tudo,620.5193403784485
2026-04-30,etfs_com_tudo,622.2557489978007
2015-02-28,etfs_com_ouro_btc,115.66996295920622
2015-03-31,etfs_com_ouro_btc,125.56086131260122
2015-04-30,etfs_com_ouro_btc,120.08206752680395
2015-05-31,etfs_com_ouro_btc,125.26343312612131
2015-06-30,etfs_com_ouro_btc,120.4925669781675
2015-07-31,etfs_com_ouro_btc,125.71190081339665
2015-08-31,etfs_com_ouro_btc,125.04045401187302
2015-09-30,etfs_com_ouro_btc,134.95916272142676
2015-10-31,etfs_com_ouro_btc,138.54320693598558
2015-11-30,etfs_com_ouro_btc,134.9422786401365
2015-12-31,etfs_com_ouro_btc,135.3400027735687
2016-01-31,etfs_com_ouro_btc,133.37887474115004
2016-02-29,etfs_com_ouro_btc,132.35564756285072
2016-03-31,etfs_com_ouro_btc,132.06555895527464
2016-04-30,etfs_com_ouro_btc,131.955398229705
2016-05-31,etfs_com_ouro_btc,131.34008002166985
2016-06-30,etfs_com_ouro_btc,124.88808861694925
2016-07-31,etfs_com_ouro_btc,132.7076646715074
2016-08-31,etfs_com_ouro_btc,130.18758806911362
2016-09-30,etfs_com_ouro_btc,133.23483556225386
2016-10-31,etfs_com_ouro_btc,131.4573692430357
2016-11-30,etfs_com_ouro_btc,135.62835338357777
2016-12-31,etfs_com_ouro_btc,128.95756425622395
2017-01-31,etfs_com_ouro_btc,131.07703753071522
2017-02-28,etfs_com_ouro_btc,133.70637981380645
2017-03-31,etfs_com_ouro_btc,138.65694337616904
2017-04-30,etfs_com_ouro_btc,142.4015395864458
2017-05-31,etfs_com_ouro_btc,148.6447025079288
2017-06-30,etfs_com_ouro_btc,150.72788486439816
2017-07-31,etfs_com_ouro_btc,151.77520196959492
2017-08-31,etfs_com_ouro_btc,154.95213767334175
2017-09-30,etfs_com_ouro_btc,157.39807830439983
2017-10-31,etfs_com_ouro_btc,165.15411008834974
2017-11-30,etfs_com_ouro_btc,163.45210375343396
2017-12-31,etfs_com_ouro_btc,174.5517054851086
2018-01-31,etfs_com_ouro_btc,177.5075453055531
2018-02-28,etfs_com_ouro_btc,173.69769001651576
2018-03-31,etfs_com_ouro_btc,175.750807315235
2018-04-30,etfs_com_ouro_btc,183.68037369561532
2018-05-31,etfs_com_ouro_btc,189.4213334582157
2018-06-30,etfs_com_ouro_btc,190.11183181850313
2018-07-31,etfs_com_ouro_btc,190.89391997946436
2018-08-31,etfs_com_ouro_btc,203.44675477382754
2018-09-30,etfs_com_ouro_btc,197.82850471661123
2018-10-31,etfs_com_ouro_btc,173.7780833991491
2018-11-30,etfs_com_ouro_btc,184.05425346280015
2018-12-31,etfs_com_ouro_btc,179.4450844403897
2019-01-31,etfs_com_ouro_btc,185.8526212763576
2019-02-28,etfs_com_ouro_btc,188.61718049358979
2019-03-31,etfs_com_ouro_btc,196.8318524454611
2019-04-30,etfs_com_ouro_btc,202.8269867586003
2019-05-31,etfs_com_ouro_btc,197.69819732028247
2019-06-30,etfs_com_ouro_btc,203.6648011521438
2019-07-31,etfs_com_ouro_btc,199.29444213872554
2019-08-31,etfs_com_ouro_btc,209.9483698037922
2019-09-30,etfs_com_ouro_btc,212.8901019697107
2019-10-31,etfs_com_ouro_btc,209.03517341218168
2019-11-30,etfs_com_ouro_btc,218.3041328544205
2019-12-31,etfs_com_ouro_btc,222.47345260325693
2020-01-31,etfs_com_ouro_btc,228.17720560903228
2020-02-29,etfs_com_ouro_btc,223.49130062456322
2020-03-31,etfs_com_ouro_btc,209.3137915303918
2020-04-30,etfs_com_ouro_btc,237.26900570312628
2020-05-31,etfs_com_ouro_btc,251.15310813486272
2020-06-30,etfs_com_ouro_btc,265.58212215473117
2020-07-31,etfs_com_ouro_btc,270.7527139993219
2020-08-31,etfs_com_ouro_btc,286.56624647526706
2020-09-30,etfs_com_ouro_btc,287.10422332593674
2020-10-31,etfs_com_ouro_btc,291.09652349348005
2020-11-30,etfs_com_ouro_btc,304.3577487045023
2020-12-31,etfs_com_ouro_btc,318.88120411959136
2021-01-31,etfs_com_ouro_btc,329.3488231212663
2021-02-28,etfs_com_ouro_btc,339.81650940569494
2021-03-31,etfs_com_ouro_btc,363.9254531493733
2021-04-30,etfs_com_ouro_btc,346.3203293690739
2021-05-31,etfs_com_ouro_btc,348.6882083135905
2021-06-30,etfs_com_ouro_btc,328.8695742055415
2021-07-31,etfs_com_ouro_btc,332.57308533332815
2021-08-31,etfs_com_ouro_btc,346.3943597113579
2021-09-30,etfs_com_ouro_btc,344.36425344786784
2021-10-31,etfs_com_ouro_btc,361.791564959494
2021-11-30,etfs_com_ouro_btc,347.44792032848994
2021-12-31,etfs_com_ouro_btc,355.9790599319
2022-01-31,etfs_com_ouro_btc,344.95414796766573
2022-02-28,etfs_com_ouro_btc,333.13978435337305
2022-03-31,etfs_com_ouro_btc,321.4667752845596
2022-04-30,etfs_com_ouro_btc,305.9400058455475
2022-05-31,etfs_com_ouro_btc,302.7325585520987
2022-06-30,etfs_com_ouro_btc,296.0748834909884
2022-07-31,etfs_com_ouro_btc,309.14371596025654
2022-08-31,etfs_com_ouro_btc,302.12126842645637
2022-09-30,etfs_com_ouro_btc,291.87482789618394
2022-10-31,etfs_com_ouro_btc,299.46518195089874
2022-11-30,etfs_com_ouro_btc,326.320049018234
2022-12-31,etfs_com_ouro_btc,322.489716070425
2023-01-31,etfs_com_ouro_btc,339.9911195653306
2023-02-28,etfs_com_ouro_btc,327.851115239317
2023-03-31,etfs_com_ouro_btc,331.80485078058126
2023-04-30,etfs_com_ouro_btc,328.6432936452487
2023-05-31,etfs_com_ouro_btc,327.18037833805795
2023-06-30,etfs_com_ouro_btc,333.6638988347546
2023-07-31,etfs_com_ouro_btc,338.6232996485529
2023-08-31,etfs_com_ouro_btc,332.7619661931718
2023-09-30,etfs_com_ouro_btc,327.8036924100353
2023-10-31,etfs_com_ouro_btc,320.65554308766804
2023-11-30,etfs_com_ouro_btc,342.42604634415665
2023-12-31,etfs_com_ouro_btc,354.9646431510622
2024-01-31,etfs_com_ouro_btc,350.86804367934536
2024-02-29,etfs_com_ouro_btc,360.2254975391131
2024-03-31,etfs_com_ouro_btc,375.75579086408044
2024-04-30,etfs_com_ouro_btc,380.0556125498869
2024-05-31,etfs_com_ouro_btc,397.5826490957842
2024-06-30,etfs_com_ouro_btc,414.3255672286661
2024-07-31,etfs_com_ouro_btc,430.31109652138167
2024-08-31,etfs_com_ouro_btc,443.86971519318547
2024-09-30,etfs_com_ouro_btc,441.49452759700756
2024-10-31,etfs_com_ouro_btc,457.73805339433125
2024-11-30,etfs_com_ouro_btc,479.2930633196815
2024-12-31,etfs_com_ouro_btc,475.71828777311714
2025-01-31,etfs_com_ouro_btc,474.6065585607811
2025-02-28,etfs_com_ouro_btc,474.73617285134804
2025-03-31,etfs_com_ouro_btc,478.8145553818273
2025-04-30,etfs_com_ouro_btc,483.5822963888309
2025-05-31,etfs_com_ouro_btc,507.45288485160563
2025-06-30,etfs_com_ouro_btc,507.68840410481795
2025-07-31,etfs_com_ouro_btc,510.3336632889351
2025-08-31,etfs_com_ouro_btc,515.2708495149114
2025-09-30,etfs_com_ouro_btc,526.4186658733419
2025-10-31,etfs_com_ouro_btc,553.1904075033374
2025-11-30,etfs_com_ouro_btc,560.7107611723167
2025-12-31,etfs_com_ouro_btc,583.4031327134081
2026-01-31,etfs_com_ouro_btc,598.737883930846
2026-02-28,etfs_com_ouro_btc,615.1272684091402
2026-03-31,etfs_com_ouro_btc,585.5573566139947
2026-04-30,etfs_com_ouro_btc,590.1232625926501
2015-02-28,etfs_com_ouro_petroleo,115.22020568763303
2015-03-31,etfs_com_ouro_petroleo,124.75233871251828
2015-04-30,etfs_com_ouro_petroleo,119.78223321812918
2015-05-31,etfs_com_ouro_petroleo,125.25336237691533
2015-06-30,etfs_com_ouro_petroleo,120.26793103941323
2015-07-31,etfs_com_ouro_petroleo,124.72133957212004
2015-08-31,etfs_com_ouro_petroleo,124.92809692613989
2015-09-30,etfs_com_ouro_petroleo,135.03808600313764
2015-10-31,etfs_com_ouro_petroleo,137.1766421154902
2015-11-30,etfs_com_ouro_petroleo,132.72297049582548
2015-12-31,etfs_com_ouro_petroleo,132.5990881083231
2016-01-31,etfs_com_ouro_petroleo,131.0941637000341
2016-02-29,etfs_com_ouro_petroleo,129.56805400431352
2016-03-31,etfs_com_ouro_petroleo,129.11940348164595
2016-04-30,etfs_com_ouro_petroleo,129.3251007949255
2016-05-31,etfs_com_ouro_petroleo,128.48633885829716
2016-06-30,etfs_com_ouro_petroleo,121.57406117639215
2016-07-31,etfs_com_ouro_petroleo,128.5018041661004
2016-08-31,etfs_com_ouro_petroleo,126.19369330818726
2016-09-30,etfs_com_ouro_petroleo,129.0619024791197
2016-10-31,etfs_com_ouro_petroleo,127.0335313602652
2016-11-30,etfs_com_ouro_petroleo,131.15505049697097
2016-12-31,etfs_com_ouro_petroleo,124.48604794950778
2017-01-31,etfs_com_ouro_petroleo,125.91552905270804
2017-02-28,etfs_com_ouro_petroleo,128.16398660407089
2017-03-31,etfs_com_ouro_petroleo,132.6129094300565
2017-04-30,etfs_com_ouro_petroleo,135.5697486073885
2017-05-31,etfs_com_ouro_petroleo,140.18596251005505
2017-06-30,etfs_com_ouro_petroleo,141.86419161660115
2017-07-31,etfs_com_ouro_petroleo,142.90101605531123
2017-08-31,etfs_com_ouro_petroleo,144.81860067984445
2017-09-30,etfs_com_ouro_petroleo,147.16598941700693
2017-10-31,etfs_com_ouro_petroleo,154.00652933158844
2017-11-30,etfs_com_ouro_petroleo,151.3812445304706
2017-12-31,etfs_com_ouro_petroleo,161.17683022528692
2018-01-31,etfs_com_ouro_petroleo,164.35653732696673
2018-02-28,etfs_com_ouro_petroleo,160.74435729762797
2018-03-31,etfs_com_ouro_petroleo,163.67902360381945
2018-04-30,etfs_com_ouro_petroleo,170.88978245866102
2018-05-31,etfs_com_ouro_petroleo,177.39969545017073
2018-06-30,etfs_com_ouro_petroleo,179.30506433727817
2018-07-31,etfs_com_ouro_petroleo,178.67393795347354
2018-08-31,etfs_com_ouro_petroleo,191.42270026495692
2018-09-30,etfs_com_ouro_petroleo,186.56401589003815
2018-10-31,etfs_com_ouro_petroleo,163.36339786384718
2018-11-30,etfs_com_ouro_petroleo,172.4159956954554
2018-12-31,etfs_com_ouro_petroleo,168.23920224390136
2019-01-31,etfs_com_ouro_petroleo,174.28315912811073
2019-02-28,etfs_com_ouro_petroleo,176.82434373600213
2019-03-31,etfs_com_ouro_petroleo,184.6164048056053
2019-04-30,etfs_com_ouro_petroleo,190.14234651276664
2019-05-31,etfs_com_ouro_petroleo,182.73622553640115
2019-06-30,etfs_com_ouro_petroleo,187.61095650276195
2019-07-31,etfs_com_ouro_petroleo,183.46508039148966
2019-08-31,etfs_com_ouro_petroleo,195.21727788943343
2019-09-30,etfs_com_ouro_petroleo,197.97963515171395
2019-10-31,etfs_com_ouro_petroleo,193.94879555595298
2019-11-30,etfs_com_ouro_petroleo,201.99693134359174
2019-12-31,etfs_com_ouro_petroleo,205.83885918369984
2020-01-31,etfs_com_ouro_petroleo,209.88979053742332
2020-02-29,etfs_com_ouro_petroleo,205.64496532342167
2020-03-31,etfs_com_ouro_petroleo,192.41876925251512
2020-04-30,etfs_com_ouro_petroleo,214.47540697972465
2020-05-31,etfs_com_ouro_petroleo,227.5626897985116
2020-06-30,etfs_com_ouro_petroleo,240.54282122100906
2020-07-31,etfs_com_ouro_petroleo,244.5120450205901
2020-08-31,etfs_com_ouro_petroleo,258.99995382643584
2020-09-30,etfs_com_ouro_petroleo,259.72807562992347
2020-10-31,etfs_com_ouro_petroleo,261.76707997000386
2020-11-30,etfs_com_ouro_petroleo,271.7359832629725
2020-12-31,etfs_com_ouro_petroleo,283.7968115186331
2021-01-31,etfs_com_ouro_petroleo,293.71666993462605
2021-02-28,etfs_com_ouro_petroleo,303.17577029845233
2021-03-31,etfs_com_ouro_petroleo,323.8690909956428
2021-04-30,etfs_com_ouro_petroleo,307.87464286336655
2021-05-31,etfs_com_ouro_petroleo,310.86785523300284
2021-06-30,etfs_com_ouro_petroleo,293.56077830844913
2021-07-31,etfs_com_ouro_petroleo,296.59153027277273
2021-08-31,etfs_com_ouro_petroleo,306.9059456192571
2021-09-30,etfs_com_ouro_petroleo,306.925512503105
2021-10-31,etfs_com_ouro_petroleo,322.3318186570922
2021-11-30,etfs_com_ouro_petroleo,309.6865387834551
2021-12-31,etfs_com_ouro_petroleo,317.90778893498026
2022-01-31,etfs_com_ouro_petroleo,310.41723845528213
2022-02-28,etfs_com_ouro_petroleo,300.17118540126046
2022-03-31,etfs_com_ouro_petroleo,289.5266346428646
2022-04-30,etfs_com_ouro_petroleo,277.37672392200216
2022-05-31,etfs_com_ouro_petroleo,276.48130694781884
2022-06-30,etfs_com_ouro_petroleo,272.76044384259785
2022-07-31,etfs_com_ouro_petroleo,283.16066406355867
2022-08-31,etfs_com_ouro_petroleo,275.87054311825534
2022-09-30,etfs_com_ouro_petroleo,265.7839192828121
2022-10-31,etfs_com_ouro_petroleo,272.24853425767867
2022-11-30,etfs_com_ouro_petroleo,297.0919421129931
2022-12-31,etfs_com_ouro_petroleo,293.9166979431504
2023-01-31,etfs_com_ouro_petroleo,307.14038796442736
2023-02-28,etfs_com_ouro_petroleo,296.2819266724079
2023-03-31,etfs_com_ouro_petroleo,299.5688931401973
2023-04-30,etfs_com_ouro_petroleo,296.548298118146
2023-05-31,etfs_com_ouro_petroleo,294.1703302020752
2023-06-30,etfs_com_ouro_petroleo,298.3586911949289
2023-07-31,etfs_com_ouro_petroleo,304.01120781239354
2023-08-31,etfs_com_ouro_petroleo,299.38144660057316
2023-09-30,etfs_com_ouro_petroleo,296.3206977148032
2023-10-31,etfs_com_ouro_petroleo,289.4332304376003
2023-11-30,etfs_com_ouro_petroleo,305.55882146704363
2023-12-31,etfs_com_ouro_petroleo,315.52272163636644
2024-01-31,etfs_com_ouro_petroleo,312.1454637769214
2024-02-29,etfs_com_ouro_petroleo,319.92039757504455
2024-03-31,etfs_com_ouro_petroleo,333.5220629779368
2024-04-30,etfs_com_ouro_petroleo,337.8865681474383
2024-05-31,etfs_com_ouro_petroleo,352.20742637913327
2024-06-30,etfs_com_ouro_petroleo,368.8385987578981
2024-07-31,etfs_com_ouro_petroleo,382.9456167671668
2024-08-31,etfs_com_ouro_petroleo,393.41922829369656
2024-09-30,etfs_com_ouro_petroleo,390.45555022675967
2024-10-31,etfs_com_ouro_petroleo,404.2858346155346
2024-11-30,etfs_com_ouro_petroleo,419.8030229125551
2024-12-31,etfs_com_ouro_petroleo,418.178758952571
2025-01-31,etfs_com_ouro_petroleo,417.16764442775406
2025-02-28,etfs_com_ouro_petroleo,418.5820830443678
2025-03-31,etfs_com_ouro_petroleo,423.53452856206826
2025-04-30,etfs_com_ouro_petroleo,424.3668140426764
2025-05-31,etfs_com_ouro_petroleo,444.36284201303033
2025-06-30,etfs_com_ouro_petroleo,445.86198646523087
2025-07-31,etfs_com_ouro_petroleo,449.2638623752056
2025-08-31,etfs_com_ouro_petroleo,454.01213148428985
2025-09-30,etfs_com_ouro_petroleo,465.5225131921404
2025-10-31,etfs_com_ouro_petroleo,485.3407244252156
2025-11-30,etfs_com_ouro_petroleo,493.39771101207157
2025-12-31,etfs_com_ouro_petroleo,514.2262002880236
2026-01-31,etfs_com_ouro_petroleo,530.1595860042796
2026-02-28,etfs_com_ouro_petroleo,546.9885567634133
2026-03-31,etfs_com_ouro_petroleo,528.5453046520003
2026-04-30,etfs_com_ouro_petroleo,531.574201786232
2015-02-28,etfs_com_ouro,115.11885913024177
2015-03-31,etfs_com_ouro,124.84023369349937
2015-04-30,etfs_com_ouro,119.3038089661272
2015-05-31,etfs_com_ouro,124.74858974149416
2015-06-30,etfs_com_ouro,119.90833757244832
2015-07-31,etfs_com_ouro,125.21664296101622
2015-08-31,etfs_com_ouro,124.69315129687149
2015-09-30,etfs_com_ouro,135.0485257191871
2015-10-31,etfs_com_ouro,137.53157045225748
2015-11-30,etfs_com_ouro,133.76218246467778
2015-12-31,etfs_com_ouro,134.01411949311995
2016-01-31,etfs_com_ouro,132.3831045440792
2016-02-29,etfs_com_ouro,131.04997473661325
2016-03-31,etfs_com_ouro,130.72853615590614
2016-04-30,etfs_com_ouro,130.37393718832456
2016-05-31,etfs_com_ouro,129.42087828283888
2016-06-30,etfs_com_ouro,122.5398374853069
2016-07-31,etfs_com_ouro,130.19720718262965
2016-08-31,etfs_com_ouro,127.93644719018044
2016-09-30,etfs_com_ouro,130.6618049114833
2016-10-31,etfs_com_ouro,128.50004423804117
2016-11-30,etfs_com_ouro,132.3969278993777
2016-12-31,etfs_com_ouro,125.28316202663012
2017-01-31,etfs_com_ouro,127.06155497864479
2017-02-28,etfs_com_ouro,129.32976374133108
2017-03-31,etfs_com_ouro,134.1076454383274
2017-04-30,etfs_com_ouro,137.38974226705884
2017-05-31,etfs_com_ouro,142.2264216060151
2017-06-30,etfs_com_ouro,144.34051102686502
2017-07-31,etfs_com_ouro,145.03218577359752
2017-08-31,etfs_com_ouro,147.02983981014955
2017-09-30,etfs_com_ouro,149.11641332775355
2017-10-31,etfs_com_ouro,155.41585951174795
2017-11-30,etfs_com_ouro,153.1957155733959
2017-12-31,etfs_com_ouro,162.29806338657775
2018-01-31,etfs_com_ouro,165.37049370918965
2018-02-28,etfs_com_ouro,161.57863255250635
2018-03-31,etfs_com_ouro,164.3577128929727
2018-04-30,etfs_com_ouro,171.4508125343952
2018-05-31,etfs_com_ouro,177.93813942296995
2018-06-30,etfs_com_ouro,179.47682831069469
2018-07-31,etfs_com_ouro,179.45195964980581
2018-08-31,etfs_com_ouro,192.28635383289196
2018-09-30,etfs_com_ouro,186.88234176481004
2018-10-31,etfs_com_ouro,163.73566797790141
2018-11-30,etfs_com_ouro,173.95224557949285
2018-12-31,etfs_com_ouro,170.22966899571713
2019-01-31,etfs_com_ouro,175.7621904299542
2019-02-28,etfs_com_ouro,178.35304433379736
2019-03-31,etfs_com_ouro,186.31797423327976
2019-04-30,etfs_com_ouro,191.79697223793553
2019-05-31,etfs_com_ouro,185.2134791048564
2019-06-30,etfs_com_ouro,189.91409093770457
2019-07-31,etfs_com_ouro,185.73775498177284
2019-08-31,etfs_com_ouro,197.72091382347935
2019-09-30,etfs_com_ouro,200.55120840766682
2019-10-31,etfs_com_ouro,197.3207845947005
2019-11-30,etfs_com_ouro,206.12799636713754
2019-12-31,etfs_com_ouro,209.38467539664276
2020-01-31,etfs_com_ouro,214.57380329449416
2020-02-29,etfs_com_ouro,210.9782698022194
2020-03-31,etfs_com_ouro,199.27297052573593
2020-04-30,etfs_com_ouro,225.08811098093443
2020-05-31,etfs_com_ouro,237.06262874648365
2020-06-30,etfs_com_ouro,250.1506386628015
2020-07-31,etfs_com_ouro,253.73699504616732
2020-08-31,etfs_com_ouro,269.36616370240006
2020-09-30,etfs_com_ouro,270.4770053406858
2020-10-31,etfs_com_ouro,273.3729016321992
2020-11-30,etfs_com_ouro,283.73236719869175
2020-12-31,etfs_com_ouro,295.747601545101
2021-01-31,etfs_com_ouro,305.214801227273
2021-02-28,etfs_com_ouro,313.8756358839304
2021-03-31,etfs_com_ouro,335.18313216928766
2021-04-30,etfs_com_ouro,319.26898042964837
2021-05-31,etfs_com_ouro,323.5526214523768
2021-06-30,etfs_com_ouro,304.7365285498618
2021-07-31,etfs_com_ouro,307.87442855307154
2021-08-31,etfs_com_ouro,318.8832652234991
2021-09-30,etfs_com_ouro,318.1217420713717
2021-10-31,etfs_com_ouro,334.08861352262807
2021-11-30,etfs_com_ouro,321.3192129538633
2021-12-31,etfs_com_ouro,330.1232244784791
2022-01-31,etfs_com_ouro,320.0071310758407
2022-02-28,etfs_com_ouro,308.85521967811815
2022-03-31,etfs_com_ouro,296.9670367388862
2022-04-30,etfs_com_ouro,284.0837207959157
2022-05-31,etfs_com_ouro,281.4694810048876
2022-06-30,etfs_com_ouro,278.40393806019557
2022-07-31,etfs_com_ouro,288.82077757626246
2022-08-31,etfs_com_ouro,281.28453780863
2022-09-30,etfs_com_ouro,272.0063188785078
2022-10-31,etfs_com_ouro,278.54945918030495
2022-11-30,etfs_com_ouro,304.9815145993968
2022-12-31,etfs_com_ouro,301.2743127992695
2023-01-31,etfs_com_ouro,315.6764773953659
2023-02-28,etfs_com_ouro,304.2177735209152
2023-03-31,etfs_com_ouro,307.76446168088347
2023-04-30,etfs_com_ouro,305.05204882738025
2023-05-31,etfs_com_ouro,302.9491390498067
2023-06-30,etfs_com_ouro,307.16915556340155
2023-07-31,etfs_com_ouro,311.8286473619523
2023-08-31,etfs_com_ouro,306.74217927684924
2023-09-30,etfs_com_ouro,302.84760269298823
2023-10-31,etfs_com_ouro,296.38585453013354
2023-11-30,etfs_com_ouro,313.86488802797174
2023-12-31,etfs_com_ouro,325.1304268291947
2024-01-31,etfs_com_ouro,321.2177561224196
2024-02-29,etfs_com_ouro,328.92217203156224
2024-03-31,etfs_com_ouro,342.5419228202692
2024-04-30,etfs_com_ouro,346.7099437583881
2024-05-31,etfs_com_ouro,361.5519423661014
2024-06-30,etfs_com_ouro,377.23378880255564
2024-07-31,etfs_com_ouro,391.9908595674672
2024-08-31,etfs_com_ouro,403.17430927719187
2024-09-30,etfs_com_ouro,401.6542868642861
2024-10-31,etfs_com_ouro,415.2532006826765
2024-11-30,etfs_com_ouro,431.46296901687504
2024-12-31,etfs_com_ouro,427.98768445217246
2025-01-31,etfs_com_ouro,426.02111056240386
2025-02-28,etfs_com_ouro,427.97792551539146
2025-03-31,etfs_com_ouro,432.5072558181391
2025-04-30,etfs_com_ouro,435.70077669701874
2025-05-31,etfs_com_ouro,456.6610326037742
2025-06-30,etfs_com_ouro,457.95054346835616
2025-07-31,etfs_com_ouro,461.0297901363784
2025-08-31,etfs_com_ouro,466.08390111484306
2025-09-30,etfs_com_ouro,478.9777906315826
2025-10-31,etfs_com_ouro,498.76498825408885
2025-11-30,etfs_com_ouro,507.0276029335929
2025-12-31,etfs_com_ouro,527.6943060450935
2026-01-31,etfs_com_ouro,542.7883394546068
2026-02-28,etfs_com_ouro,561.7772514027363
2026-03-31,etfs_com_ouro,533.5163714839961
2026-04-30,etfs_com_ouro,536.4488231510911
2015-02-28,etfs_com_btc_petroleo,116.97790812261708
2015-03-31,etfs_com_btc_petroleo,126.82125513977755
2015-04-30,etfs_com_btc_petroleo,122.46171053382552
2015-05-31,etfs_com_btc_petroleo,127.32727577840019
2015-06-30,etfs_com_btc_petroleo,122.36038269992018
2015-07-31,etfs_com_btc_petroleo,127.7156088566102
2015-08-31,etfs_com_btc_petroleo,125.30279616119869
2015-09-30,etfs_com_btc_petroleo,134.91237336677457
2015-10-31,etfs_com_btc_petroleo,138.9605434352853
2015-11-30,etfs_com_btc_petroleo,135.83326162723685
2015-12-31,etfs_com_btc_petroleo,135.24385615280178
2016-01-31,etfs_com_btc_petroleo,131.14149744713907
2016-02-29,etfs_com_btc_petroleo,127.88314334754394
2016-03-31,etfs_com_btc_petroleo,129.34758834682677
2016-04-30,etfs_com_btc_petroleo,129.18043914992506
2016-05-31,etfs_com_btc_petroleo,129.42435647752387
2016-06-30,etfs_com_btc_petroleo,121.94759903015242
2016-07-31,etfs_com_btc_petroleo,129.38575727273323
2016-08-31,etfs_com_btc_petroleo,127.66660737392115
2016-09-30,etfs_com_btc_petroleo,130.93369584763138
2016-10-31,etfs_com_btc_petroleo,129.42715423199823
2016-11-30,etfs_com_btc_petroleo,134.64786426690222
2016-12-31,etfs_com_btc_petroleo,128.62307889753853
2017-01-31,etfs_com_btc_petroleo,130.30956125393502
2017-02-28,etfs_com_btc_petroleo,132.70070810000777
2017-03-31,etfs_com_btc_petroleo,137.82277141406686
2017-04-30,etfs_com_btc_petroleo,141.3509930238463
2017-05-31,etfs_com_btc_petroleo,147.73567566997667
2017-06-30,etfs_com_btc_petroleo,150.17129033057805
2017-07-31,etfs_com_btc_petroleo,151.7949937254348
2017-08-31,etfs_com_btc_petroleo,154.07425835795505
2017-09-30,etfs_com_btc_petroleo,157.4970021177451
2017-10-31,etfs_com_btc_petroleo,165.8573146461046
2017-11-30,etfs_com_btc_petroleo,164.51118242255197
2017-12-31,etfs_com_btc_petroleo,175.9698995079409
2018-01-31,etfs_com_btc_petroleo,179.53443680388625
2018-02-28,etfs_com_btc_petroleo,174.900673736903
2018-03-31,etfs_com_btc_petroleo,177.09691693974548
2018-04-30,etfs_com_btc_petroleo,185.75409758386328
2018-05-31,etfs_com_btc_petroleo,191.3679409377203
2018-06-30,etfs_com_btc_petroleo,193.2596965737199
2018-07-31,etfs_com_btc_petroleo,194.9984314958867
2018-08-31,etfs_com_btc_petroleo,208.03091466499484
2018-09-30,etfs_com_btc_petroleo,202.61581880663448
2018-10-31,etfs_com_btc_petroleo,175.13494873560418
2018-11-30,etfs_com_btc_petroleo,184.96962578631064
2018-12-31,etfs_com_btc_petroleo,178.08007114131897
2019-01-31,etfs_com_btc_petroleo,185.96420668395425
2019-02-28,etfs_com_btc_petroleo,189.14289235969883
2019-03-31,etfs_com_btc_petroleo,198.2587955387278
2019-04-30,etfs_com_btc_petroleo,205.50100557982475
2019-05-31,etfs_com_btc_petroleo,197.47080206536867
2019-06-30,etfs_com_btc_petroleo,202.95689548635784
2019-07-31,etfs_com_btc_petroleo,197.94342830870556
2019-08-31,etfs_com_btc_petroleo,205.5823102186938
2019-09-30,etfs_com_btc_petroleo,209.74107668797268
2019-10-31,etfs_com_btc_petroleo,206.0257134666715
2019-11-30,etfs_com_btc_petroleo,216.12156051978073
2019-12-31,etfs_com_btc_petroleo,220.89384822843678
2020-01-31,etfs_com_btc_petroleo,223.27525080308354
2020-02-29,etfs_com_btc_petroleo,216.46977468930552
2020-03-31,etfs_com_btc_petroleo,194.0000022996513
2020-04-30,etfs_com_btc_petroleo,218.01215984067554
2020-05-31,etfs_com_btc_petroleo,232.61440696468884
2020-06-30,etfs_com_btc_petroleo,246.82461442818627
2020-07-31,etfs_com_btc_petroleo,249.56165017616422
2020-08-31,etfs_com_btc_petroleo,265.4906130034063
2020-09-30,etfs_com_btc_petroleo,266.2690564416097
2020-10-31,etfs_com_btc_petroleo,269.09771275859896
2020-11-30,etfs_com_btc_petroleo,287.9607236716337
2020-12-31,etfs_com_btc_petroleo,301.7447167733421
2021-01-31,etfs_com_btc_petroleo,313.55738265895855
2021-02-28,etfs_com_btc_petroleo,328.8393164910981
2021-03-31,etfs_com_btc_petroleo,353.6134162242241
2021-04-30,etfs_com_btc_petroleo,336.2350614482472
2021-05-31,etfs_com_btc_petroleo,336.9278365647076
2021-06-30,etfs_com_btc_petroleo,321.3658770974954
2021-07-31,etfs_com_btc_petroleo,323.25513537137743
2021-08-31,etfs_com_btc_petroleo,336.46260405664225
2021-09-30,etfs_com_btc_petroleo,335.7120905870109
2021-10-31,etfs_com_btc_petroleo,353.6811621850689
2021-11-30,etfs_com_btc_petroleo,337.19817220992405
2021-12-31,etfs_com_btc_petroleo,346.4036062845473
2022-01-31,etfs_com_btc_petroleo,338.0672996256349
2022-02-28,etfs_com_btc_petroleo,324.4033858855909
2022-03-31,etfs_com_btc_petroleo,314.04504505537983
2022-04-30,etfs_com_btc_petroleo,297.73344704521185
2022-05-31,etfs_com_btc_petroleo,297.64192801575564
2022-06-30,etfs_com_btc_petroleo,288.71364519163075
2022-07-31,etfs_com_btc_petroleo,302.91430014082505
2022-08-31,etfs_com_btc_petroleo,295.6498371478799
2022-09-30,etfs_com_btc_petroleo,282.89760618162217
2022-10-31,etfs_com_btc_petroleo,293.0074428443306
2022-11-30,etfs_com_btc_petroleo,319.76116328440185
2022-12-31,etfs_com_btc_petroleo,313.8093612231595
2023-01-31,etfs_com_btc_petroleo,330.8059674529377
2023-02-28,etfs_com_btc_petroleo,319.0408273789576
2023-03-31,etfs_com_btc_petroleo,320.62652813367737
2023-04-30,etfs_com_btc_petroleo,317.8500236423237
2023-05-31,etfs_com_btc_petroleo,314.73286198531116
2023-06-30,etfs_com_btc_petroleo,323.62706055461626
2023-07-31,etfs_com_btc_petroleo,330.5638255659523
2023-08-31,etfs_com_btc_petroleo,323.48314851465625
2023-09-30,etfs_com_btc_petroleo,320.44935061367084
2023-10-31,etfs_com_btc_petroleo,308.81571120864123
2023-11-30,etfs_com_btc_petroleo,330.2393113083539
2023-12-31,etfs_com_btc_petroleo,343.06634129941364
2024-01-31,etfs_com_btc_petroleo,338.8918081461677
2024-02-29,etfs_com_btc_petroleo,349.0254623972434
2024-03-31,etfs_com_btc_petroleo,361.9845756274385
2024-04-30,etfs_com_btc_petroleo,363.97075752703574
2024-05-31,etfs_com_btc_petroleo,380.2117782569792
2024-06-30,etfs_com_btc_petroleo,396.94639483370884
2024-07-31,etfs_com_btc_petroleo,409.89481620153236
2024-08-31,etfs_com_btc_petroleo,421.39960635218347
2024-09-30,etfs_com_btc_petroleo,417.6525392432029
2024-10-31,etfs_com_btc_petroleo,429.16249192605045
2024-11-30,etfs_com_btc_petroleo,450.2953781438999
2024-12-31,etfs_com_btc_petroleo,446.27562169174934
2025-01-31,etfs_com_btc_petroleo,443.2437481419882
2025-02-28,etfs_com_btc_petroleo,442.8844211622435
2025-03-31,etfs_com_btc_petroleo,442.70214680232885
2025-04-30,etfs_com_btc_petroleo,442.8134880651794
2025-05-31,etfs_com_btc_petroleo,467.4998426747524
2025-06-30,etfs_com_btc_petroleo,471.20731701741886
2025-07-31,etfs_com_btc_petroleo,475.1734908895333
2025-08-31,etfs_com_btc_petroleo,477.9491309700695
2025-09-30,etfs_com_btc_petroleo,483.9834799630307
2025-10-31,etfs_com_btc_petroleo,505.9083537130098
2025-11-30,etfs_com_btc_petroleo,509.7519025021449
2025-12-31,etfs_com_btc_petroleo,529.8047415305929
2026-01-31,etfs_com_btc_petroleo,541.7353929203506
2026-02-28,etfs_com_btc_petroleo,554.7357110324798
2026-03-31,etfs_com_btc_petroleo,539.4763460114518
2026-04-30,etfs_com_btc_petroleo,544.8272400603909
2015-02-28,etfs_com_btc,116.92971262656175
2015-03-31,etfs_com_btc,126.94470289853552
2015-04-30,etfs_com_btc,122.02784503051119
2015-05-31,etfs_com_btc,126.99894388124821
2015-06-30,etfs_com_btc,122.1416986715386
2015-07-31,etfs_com_btc,128.36652453095476
2015-08-31,etfs_com_btc,125.24273290294843
2015-09-30,etfs_com_btc,135.1735723701008
2015-10-31,etfs_com_btc,139.47977236892825
2015-11-30,etfs_com_btc,136.8898746547642
2015-12-31,etfs_com_btc,136.84606132233355
2016-01-31,etfs_com_btc,132.57212474295605
2016-02-29,etfs_com_btc,129.54516051780053
2016-03-31,etfs_com_btc,131.07721148031794
2016-04-30,etfs_com_btc,130.2770463903653
2016-05-31,etfs_com_btc,130.42253854170542
2016-06-30,etfs_com_btc,122.94343576924783
2016-07-31,etfs_com_btc,131.06327932995185
2016-08-31,etfs_com_btc,129.36765945763585
2016-09-30,etfs_com_btc,132.45402349739555
2016-10-31,etfs_com_btc,130.95889778940955
2016-11-30,etfs_com_btc,135.71243902779858
2016-12-31,etfs_com_btc,129.22351055803114
2017-01-31,etfs_com_btc,131.36347519082958
2017-02-28,etfs_com_btc,133.892272172941
2017-03-31,etfs_com_btc,139.5123612855554
2017-04-30,etfs_com_btc,143.4269508247276
2017-05-31,etfs_com_btc,150.19952084174486
2017-06-30,etfs_com_btc,153.1048160597626
2017-07-31,etfs_com_btc,154.48119645998202
2017-08-31,etfs_com_btc,157.0400838486179
2017-09-30,etfs_com_btc,160.03321428757891
2017-10-31,etfs_com_btc,167.96762154077604
2017-11-30,etfs_com_btc,166.92455734869435
2017-12-31,etfs_com_btc,177.8029602608384
2018-01-31,etfs_com_btc,181.32960184071067
2018-02-28,etfs_com_btc,176.66482738787496
2018-03-31,etfs_com_btc,178.6658689251024
2018-04-30,etfs_com_btc,187.09002214171375
2018-05-31,etfs_com_btc,192.40373882080132
2018-06-30,etfs_com_btc,193.92375805698578
2018-07-31,etfs_com_btc,196.36965547455466
2018-08-31,etfs_com_btc,209.50967766540222
2018-09-30,etfs_com_btc,203.53468648799563
2018-10-31,etfs_com_btc,175.97119412849648
2018-11-30,etfs_com_btc,186.94157744399095
2018-12-31,etfs_com_btc,180.75218393980177
2019-01-31,etfs_com_btc,188.1712677384273
2019-02-28,etfs_com_btc,191.40252717169471
2019-03-31,etfs_com_btc,200.68520203451135
2019-04-30,etfs_com_btc,207.9610205679954
2019-05-31,etfs_com_btc,200.88826467770477
2019-06-30,etfs_com_btc,206.17696978843298
2019-07-31,etfs_com_btc,201.0222373241408
2019-08-31,etfs_com_btc,208.8896799642241
2019-09-30,etfs_com_btc,213.08778524468366
2019-10-31,etfs_com_btc,210.1401240377076
2019-11-30,etfs_com_btc,220.81359503796122
2019-12-31,etfs_com_btc,225.06069590799126
2020-01-31,etfs_com_btc,228.80291061613818
2020-02-29,etfs_com_btc,222.8195489014383
2020-03-31,etfs_com_btc,201.86798659056402
2020-04-30,etfs_com_btc,228.70764129712896
2020-05-31,etfs_com_btc,242.46108661109736
2020-06-30,etfs_com_btc,257.14352906934533
2020-07-31,etfs_com_btc,259.7930077569343
2020-08-31,etfs_com_btc,277.0185326805991
2020-09-30,etfs_com_btc,278.62038290220823
2020-10-31,etfs_com_btc,282.4437980614284
2020-11-30,etfs_com_btc,301.73416744212244
2020-12-31,etfs_com_btc,315.7941826912846
2021-01-31,etfs_com_btc,327.06880234501006
2021-02-28,etfs_com_btc,341.0933483705925
2021-03-31,etfs_com_btc,366.8283590978243
2021-04-30,etfs_com_btc,349.3870777463853
2021-05-31,etfs_com_btc,350.86551881869656
2021-06-30,etfs_com_btc,333.70363376994663
2021-07-31,etfs_com_btc,336.1004232738428
2021-08-31,etfs_com_btc,350.4864311449955
2021-09-30,etfs_com_btc,348.11190507557194
2021-10-31,etfs_com_btc,366.2556705845344
2021-11-30,etfs_com_btc,349.53700108510304
2021-12-31,etfs_com_btc,359.3508303472655
2022-01-31,etfs_com_btc,347.613976384726
2022-02-28,etfs_com_btc,332.61785900022585
2022-03-31,etfs_com_btc,321.0312561748301
2022-04-30,etfs_com_btc,303.6574171425995
2022-05-31,etfs_com_btc,301.64991548911513
2022-06-30,etfs_com_btc,293.6765610267649
2022-07-31,etfs_com_btc,307.6977750859458
2022-08-31,etfs_com_btc,300.06191742298165
2022-09-30,etfs_com_btc,288.19132415577394
2022-10-31,etfs_com_btc,297.441968074917
2022-11-30,etfs_com_btc,325.9515309872905
2022-12-31,etfs_com_btc,319.72338812297164
2023-01-31,etfs_com_btc,338.2005186228892
2023-02-28,etfs_com_btc,326.15823740611756
2023-03-31,etfs_com_btc,328.0256992336093
2023-04-30,etfs_com_btc,325.46533445755216
2023-05-31,etfs_com_btc,322.97594489092273
2023-06-30,etfs_com_btc,331.9572711948683
2023-07-31,etfs_com_btc,337.72615178053076
2023-08-31,etfs_com_btc,329.82281050242
2023-09-30,etfs_com_btc,325.5829069696416
2023-10-31,etfs_com_btc,314.3330329854315
2023-11-30,etfs_com_btc,337.51326457595934
2023-12-31,etfs_com_btc,351.92277145356945
2024-01-31,etfs_com_btc,347.02158824042664
2024-02-29,etfs_com_btc,357.1296371961491
2024-03-31,etfs_com_btc,369.5317282032416
2024-04-30,etfs_com_btc,371.2931206828284
2024-05-31,etfs_com_btc,388.27838259767225
2024-06-30,etfs_com_btc,403.48272013395575
2024-07-31,etfs_com_btc,416.7616144531098
2024-08-31,etfs_com_btc,429.11622985456717
2024-09-30,etfs_com_btc,427.2194053579705
2024-10-31,etfs_com_btc,438.188796781253
2024-11-30,etfs_com_btc,459.6171210200202
2024-12-31,etfs_com_btc,454.4860267793355
2025-01-31,etfs_com_btc,450.58656609379784
2025-02-28,etfs_com_btc,450.6324949847735
2025-03-31,etfs_com_btc,449.6791048987757
2025-04-30,etfs_com_btc,453.16105186272404
2025-05-31,etfs_com_btc,479.1095027312024
2025-06-30,etfs_com_btc,482.4929027530781
2025-07-31,etfs_com_btc,485.98651905744583
2025-08-31,etfs_com_btc,488.8545635556773
2025-09-30,etfs_com_btc,495.9952463889783
2025-10-31,etfs_com_btc,518.3694800904414
2025-11-30,etfs_com_btc,522.3200103616069
2025-12-31,etfs_com_btc,542.2646272299244
2026-01-31,etfs_com_btc,552.8753362826257
2026-02-28,etfs_com_btc,566.7673004164516
2026-03-31,etfs_com_btc,542.1332623466667
2026-04-30,etfs_com_btc,548.3893722613291
2015-02-28,etfs_america_norte,118.13710912705359
2015-03-31,etfs_america_norte,129.01392298027403
2015-04-30,etfs_america_norte,121.67905751589268
2015-05-31,etfs_america_norte,129.47551951981356
2015-06-30,etfs_america_norte,124.34362320923911
2015-07-31,etfs_america_norte,134.16596277641048
2015-08-31,etfs_america_norte,134.3093221841681
2015-09-30,etfs_america_norte,146.15855339057745
2015-10-31,etfs_america_norte,152.69005293395062
2015-11-30,etfs_america_norte,153.03501092491868
2015-12-31,etfs_america_norte,150.5128020024519
2016-01-31,etfs_america_norte,146.89885443773915
2016-02-29,etfs_america_norte,141.23606555736183
2016-03-31,etfs_america_norte,138.18346427816937
2016-04-30,etfs_america_norte,136.61113878382392
2016-05-31,etfs_america_norte,142.30606131132043
2016-06-30,etfs_america_norte,129.62687298722665
2016-07-31,etfs_america_norte,135.42029843453713
2016-08-31,etfs_america_norte,134.7381053659334
2016-09-30,etfs_america_norte,138.13288063707333
2016-10-31,etfs_america_norte,133.03044376441193
2016-11-30,etfs_america_norte,149.61627480253657
2016-12-31,etfs_america_norte,143.25351540033583
2017-01-31,etfs_america_norte,139.22098783726327
2017-02-28,etfs_america_norte,141.25747845652702
2017-03-31,etfs_america_norte,143.39253270639972
2017-04-30,etfs_america_norte,145.2274982114986
2017-05-31,etfs_america_norte,149.43324136100904
2017-06-30,etfs_america_norte,150.9046709520323
2017-07-31,etfs_america_norte,149.26208668843103
2017-08-31,etfs_america_norte,146.8024596087227
2017-09-30,etfs_america_norte,153.72357603881946
2017-10-31,etfs_america_norte,161.9901776994739
2017-11-30,etfs_america_norte,163.62373912895023
2017-12-31,etfs_america_norte,170.8807725579913
2018-01-31,etfs_america_norte,173.70061221436924
2018-02-28,etfs_america_norte,168.086160631319
2018-03-31,etfs_america_norte,168.8566470909018
2018-04-30,etfs_america_norte,181.89505316329308
2018-05-31,etfs_america_norte,202.68593015232477
2018-06-30,etfs_america_norte,211.71090599793322
2018-07-31,etfs_america_norte,210.14196347719798
2018-08-31,etfs_america_norte,238.0078358278946
2018-09-30,etfs_america_norte,232.3395729918858
2018-10-31,etfs_america_norte,195.11891026714125
2018-11-30,etfs_america_norte,203.70109340452353
2018-12-31,etfs_america_norte,184.57522559477144
2019-01-31,etfs_america_norte,191.73561542645606
2019-02-28,etfs_america_norte,199.6975286674174
2019-03-31,etfs_america_norte,214.06629107993504
2019-04-30,etfs_america_norte,223.48598215041454
2019-05-31,etfs_america_norte,206.5281492998532
2019-06-30,etfs_america_norte,213.70014727725564
2019-07-31,etfs_america_norte,213.79453135816257
2019-08-31,etfs_america_norte,226.0547114901529
2019-09-30,etfs_america_norte,230.63148227593345
2019-10-31,etfs_america_norte,224.3337096908427
2019-11-30,etfs_america_norte,242.995187437834
2019-12-31,etfs_america_norte,242.74935965211958
2020-01-31,etfs_america_norte,249.5416830542698
2020-02-29,etfs_america_norte,238.06347996274528
2020-03-31,etfs_america_norte,225.8870297734087
2020-04-30,etfs_america_norte,276.49653245044647
2020-05-31,etfs_america_norte,292.369792257963
2020-06-30,etfs_america_norte,298.50037503435254
2020-07-31,etfs_america_norte,292.9408324661213
2020-08-31,etfs_america_norte,323.26321319661884
2020-09-30,etfs_america_norte,311.3201567677518
2020-10-31,etfs_america_norte,309.3460341879282
2020-11-30,etfs_america_norte,333.1650610247491
2020-12-31,etfs_america_norte,337.6002304908129
2021-01-31,etfs_america_norte,356.76314958473114
2021-02-28,etfs_america_norte,392.6980023951087
2021-03-31,etfs_america_norte,423.281886228075
2021-04-30,etfs_america_norte,406.9486014713285
2021-05-31,etfs_america_norte,406.4736232556142
2021-06-30,etfs_america_norte,399.9497307041611
2021-07-31,etfs_america_norte,406.38736883223396
2021-08-31,etfs_america_norte,421.74462289157395
2021-09-30,etfs_america_norte,438.00837796164575
2021-10-31,etfs_america_norte,494.65595225548986
2021-11-30,etfs_america_norte,484.0828549978132
2021-12-31,etfs_america_norte,496.4562621001654
2022-01-31,etfs_america_norte,484.9896182897222
2022-02-28,etfs_america_norte,465.8546700770458
2022-03-31,etfs_america_norte,455.6811178133178
2022-04-30,etfs_america_norte,434.66640897722624
2022-05-31,etfs_america_norte,438.39846511218224
2022-06-30,etfs_america_norte,424.070097039101
2022-07-31,etfs_america_norte,467.9032086523479
2022-08-31,etfs_america_norte,452.17601071406915
2022-09-30,etfs_america_norte,430.1353665918291
2022-10-31,etfs_america_norte,473.7060433942257
2022-11-30,etfs_america_norte,491.60995739142
2022-12-31,etfs_america_norte,464.49769828079576
2023-01-31,etfs_america_norte,478.35720847700276
2023-02-28,etfs_america_norte,470.10531122191566
2023-03-31,etfs_america_norte,479.5422311932124
2023-04-30,etfs_america_norte,476.39232219191683
2023-05-31,etfs_america_norte,478.0727307939901
2023-06-30,etfs_america_norte,491.34623877010455
2023-07-31,etfs_america_norte,501.30580187555677
2023-08-31,etfs_america_norte,516.0575066109678
2023-09-30,etfs_america_norte,517.7941086762291
2023-10-31,etfs_america_norte,502.0720144917077
2023-11-30,etfs_america_norte,519.3915206036233
2023-12-31,etfs_america_norte,531.2087058870495
2024-01-31,etfs_america_norte,547.486010273739
2024-02-29,etfs_america_norte,574.7019372247721
2024-03-31,etfs_america_norte,606.3786979237998
2024-04-30,etfs_america_norte,602.2757979100165
2024-05-31,etfs_america_norte,634.5288045805929
2024-06-30,etfs_america_norte,689.5137247267704
2024-07-31,etfs_america_norte,708.5321120034434
2024-08-31,etfs_america_norte,714.6988553881673
2024-09-30,etfs_america_norte,694.1592079340712
2024-10-31,etfs_america_norte,733.9326659064051
2024-11-30,etfs_america_norte,814.9355049422409
2024-12-31,etfs_america_norte,804.4791258381464
2025-01-31,etfs_america_norte,783.4682608350154
2025-02-28,etfs_america_norte,778.4646842842401
2025-03-31,etfs_america_norte,742.898918713072
2025-04-30,etfs_america_norte,693.1652021212547
2025-05-31,etfs_america_norte,737.1094890220809
2025-06-30,etfs_america_norte,751.3379397953892
2025-07-31,etfs_america_norte,783.8057992519496
2025-08-31,etfs_america_norte,778.1303959319987
2025-09-30,etfs_america_norte,786.6351840703575
2025-10-31,etfs_america_norte,810.3381490907857
2025-11-30,etfs_america_norte,810.2244273283343
2025-12-31,etfs_america_norte,826.4083353569642
2026-01-31,etfs_america_norte,826.0691049280691
2026-02-28,etfs_america_norte,834.5447935644914
2026-03-31,etfs_america_norte,855.0253250729337
2026-04-30,etfs_america_norte,834.646151383102
2015-02-28,etfs_com_petroleo,116.65410157658349
2015-03-31,etfs_com_petroleo,126.33066178535431
2015-04-30,etfs_com_petroleo,122.17452231425163
2015-05-31,etfs_com_petroleo,127.24059101077796
2015-06-30,etfs_com_petroleo,122.15944453896763
2015-07-31,etfs_com_petroleo,127.54918238329533
2015-08-31,etfs_com_petroleo,124.99375381837218
2015-09-30,etfs_com_petroleo,134.83629481779914
2015-10-31,etfs_com_petroleo,138.03513985063773
2015-11-30,etfs_com_petroleo,134.7269607747093
2015-12-31,etfs_com_petroleo,133.91057359618907
2016-01-31,etfs_com_petroleo,129.73481015076152
2016-02-29,etfs_com_petroleo,126.04236169792382
2016-03-31,etfs_com_petroleo,127.75736683807854
2016-04-30,etfs_com_petroleo,127.37820482786569
2016-05-31,etfs_com_petroleo,127.37542419774024
2016-06-30,etfs_com_petroleo,119.44570069750372
2016-07-31,etfs_com_petroleo,126.71727511676565
2016-08-31,etfs_com_petroleo,125.37593348611655
2016-09-30,etfs_com_petroleo,128.36633995768034
2016-10-31,etfs_com_petroleo,126.66154372750604
2016-11-30,etfs_com_petroleo,131.53017747935337
2016-12-31,etfs_com_petroleo,125.09090822199411
2017-01-31,etfs_com_petroleo,126.60724632494392
2017-02-28,etfs_com_petroleo,128.6889728921038
2017-03-31,etfs_com_petroleo,133.7924415083546
2017-04-30,etfs_com_petroleo,136.86763148605104
2017-05-31,etfs_com_petroleo,141.91033396363406
2017-06-30,etfs_com_petroleo,144.39025737490076
2017-07-31,etfs_com_petroleo,145.74768387058413
2017-08-31,etfs_com_petroleo,146.83715709879544
2017-09-30,etfs_com_petroleo,150.0214308503106
2017-10-31,etfs_com_petroleo,156.91359764949834
2017-11-30,etfs_com_petroleo,154.9824037932475
2017-12-31,etfs_com_petroleo,164.54206159628185
2018-01-31,etfs_com_petroleo,168.46376718126174
2018-02-28,etfs_com_petroleo,163.89883785614225
2018-03-31,etfs_com_petroleo,166.79800384140157
2018-04-30,etfs_com_petroleo,174.51448966610636
2018-05-31,etfs_com_petroleo,180.3797981870449
2018-06-30,etfs_com_petroleo,183.06309652139936
2018-07-31,etfs_com_petroleo,184.3225232106396
2018-08-31,etfs_com_petroleo,197.46251635602857
2018-09-30,etfs_com_petroleo,192.35687881372584
2018-10-31,etfs_com_petroleo,165.72622109341205
2018-11-30,etfs_com_petroleo,175.48359112263262
2018-12-31,etfs_com_petroleo,169.37958381766381
2019-01-31,etfs_com_petroleo,176.79218994406568
2019-02-28,etfs_com_petroleo,179.8373465700224
2019-03-31,etfs_com_petroleo,188.70069637358256
2019-04-30,etfs_com_petroleo,195.39905678566535
2019-05-31,etfs_com_petroleo,185.94348830387452
2019-06-30,etfs_com_petroleo,190.26332112906698
2019-07-31,etfs_com_petroleo,185.4559304292495
2019-08-31,etfs_com_petroleo,193.64736946826727
2019-09-30,etfs_com_petroleo,197.80103259853715
2019-10-31,etfs_com_petroleo,194.6759775559196
2019-11-30,etfs_com_petroleo,204.50937058736733
2019-12-31,etfs_com_petroleo,208.6629563805065
2020-01-31,etfs_com_petroleo,210.33434768322454
2020-02-29,etfs_com_petroleo,204.4233980873447
2020-03-31,etfs_com_petroleo,183.19905435921845
2020-04-30,etfs_com_petroleo,204.34073837507438
2020-05-31,etfs_com_petroleo,217.6197818537918
2020-06-30,etfs_com_petroleo,230.85891425757748
2020-07-31,etfs_com_petroleo,232.2787440998284
2020-08-31,etfs_com_petroleo,247.8680960500939
2020-09-30,etfs_com_petroleo,249.21057982576346
2020-10-31,etfs_com_petroleo,250.98582212065295
2020-11-30,etfs_com_petroleo,267.7381943332187
2020-12-31,etfs_com_petroleo,279.1755205139962
2021-01-31,etfs_com_petroleo,289.7066077171206
2021-02-28,etfs_com_petroleo,302.92557349031176
2021-03-31,etfs_com_petroleo,324.8648927626526
2021-04-30,etfs_com_petroleo,309.4171048863091
2021-05-31,etfs_com_petroleo,311.88916674072016
2021-06-30,etfs_com_petroleo,297.6785608156231
2021-07-31,etfs_com_petroleo,299.09306980501134
2021-08-31,etfs_com_petroleo,310.02228520808035
2021-09-30,etfs_com_petroleo,309.8742617344054
2021-10-31,etfs_com_petroleo,325.79100049586407
2021-11-30,etfs_com_petroleo,310.4954162507287
2021-12-31,etfs_com_petroleo,320.259320724808
2022-01-31,etfs_com_petroleo,312.6504701748391
2022-02-28,etfs_com_petroleo,299.4865675668777
2022-03-31,etfs_com_petroleo,289.35927898511545
2022-04-30,etfs_com_petroleo,275.27187300990437
2022-05-31,etfs_com_petroleo,275.6658753990642
2022-06-30,etfs_com_petroleo,269.944184547807
2022-07-31,etfs_com_petroleo,281.6639173551565
2022-08-31,etfs_com_petroleo,274.26293347217927
2022-09-30,etfs_com_petroleo,262.6130940744411
2022-10-31,etfs_com_petroleo,271.48244876999763
2022-11-30,etfs_com_petroleo,297.59215235757364
2022-12-31,etfs_com_petroleo,291.9018902887945
2023-01-31,etfs_com_petroleo,306.24964680650663
2023-02-28,etfs_com_petroleo,295.30081141932044
2023-03-31,etfs_com_petroleo,296.1470207702432
2023-04-30,etfs_com_petroleo,293.82715522412553
2023-05-31,etfs_com_petroleo,290.46068120105605
2023-06-30,etfs_com_petroleo,297.71994057216943
2023-07-31,etfs_com_petroleo,304.3282146214775
2023-08-31,etfs_com_petroleo,297.89020322698565
2023-09-30,etfs_com_petroleo,295.5233244331892
2023-10-31,etfs_com_petroleo,284.07955228180185
2023-11-30,etfs_com_petroleo,302.30656928143367
2023-12-31,etfs_com_petroleo,314.0794177589758
2024-01-31,etfs_com_petroleo,310.07656983056575
2024-02-29,etfs_com_petroleo,318.33676247112516
2024-03-31,etfs_com_petroleo,329.0694171162848
2024-04-30,etfs_com_petroleo,330.99898960302164
2024-05-31,etfs_com_petroleo,344.7528919861592
2024-06-30,etfs_com_petroleo,359.79666511691147
2024-07-31,etfs_com_petroleo,371.2228306670941
2024-08-31,etfs_com_petroleo,380.9949468446258
2024-09-30,etfs_com_petroleo,378.11296461483175
2024-10-31,etfs_com_petroleo,387.1349898983219
2024-11-30,etfs_com_petroleo,403.2864303497757
2024-12-31,etfs_com_petroleo,399.7216432490913
2025-01-31,etfs_com_petroleo,395.9841818605809
2025-02-28,etfs_com_petroleo,396.99031890760347
2025-03-31,etfs_com_petroleo,396.8728726042103
2025-04-30,etfs_com_petroleo,396.21743708051366
2025-05-31,etfs_com_petroleo,418.35674159940066
2025-06-30,etfs_com_petroleo,422.6915275848226
2025-07-31,etfs_com_petroleo,426.78204157808335
2025-08-31,etfs_com_petroleo,429.33876901908786
2025-09-30,etfs_com_petroleo,436.03464499957465
2025-10-31,etfs_com_petroleo,452.7866555386205
2025-11-30,etfs_com_petroleo,457.199877682788
2025-12-31,etfs_com_petroleo,474.94296232357055
2026-01-31,etfs_com_petroleo,486.51798879889486
2026-02-28,etfs_com_petroleo,500.62027505453653
2026-03-31,etfs_com_petroleo,487.6419798482112
2026-04-30,etfs_com_petroleo,491.881202966583
2015-02-28,etfs_todos,116.97589802901058
2015-03-31,etfs_todos,126.90389285371484
2015-04-30,etfs_todos,122.22011900679102
2015-05-31,etfs_todos,127.10178320574256
2015-06-30,etfs_todos,121.95991636334871
2015-07-31,etfs_todos,128.12378220187136
2015-08-31,etfs_todos,125.17659202951734
2015-09-30,etfs_todos,135.16608853723636
2015-10-31,etfs_todos,138.394528638207
2015-11-30,etfs_todos,135.49829017042995
2015-12-31,etfs_todos,135.23276191136068
2016-01-31,etfs_todos,131.36027684505558
2016-02-29,etfs_todos,127.64954044719079
2016-03-31,etfs_todos,129.41685842505507
2016-04-30,etfs_todos,128.5748167347339
2016-05-31,etfs_todos,128.1845482868145
2016-06-30,etfs_todos,120.23168626284277
2016-07-31,etfs_todos,128.32587639165996
2016-08-31,etfs_todos,126.49117140770944
2016-09-30,etfs_todos,129.4497385421721
2016-10-31,etfs_todos,127.60705796586731
2016-11-30,etfs_todos,132.42054035697782
2016-12-31,etfs_todos,125.9475645938112
2017-01-31,etfs_todos,127.64549769658824
2017-02-28,etfs_todos,129.74402885624022
2017-03-31,etfs_todos,135.26944052098585
2017-04-30,etfs_todos,138.69597368635965
2017-05-31,etfs_todos,144.01531546349412
2017-06-30,etfs_todos,146.78720327863232
2017-07-31,etfs_todos,148.09584347305343
2017-08-31,etfs_todos,149.60637792640787
2017-09-30,etfs_todos,152.387908659406
2017-10-31,etfs_todos,159.3879499485335
2017-11-30,etfs_todos,157.19138139453665
2017-12-31,etfs_todos,167.00058773610021
2018-01-31,etfs_todos,170.77491382336476
2018-02-28,etfs_todos,166.1808971551002
2018-03-31,etfs_todos,168.65114655099808
2018-04-30,etfs_todos,175.96315816903825
2018-05-31,etfs_todos,182.02900460987584
2018-06-30,etfs_todos,183.97610317984757
2018-07-31,etfs_todos,185.37731362942716
2018-08-31,etfs_todos,197.92082324213524
2018-09-30,etfs_todos,192.44144173565314
2018-10-31,etfs_todos,165.9303256125626
2018-11-30,etfs_todos,177.18401046581658
2018-12-31,etfs_todos,171.11889753695485
2019-01-31,etfs_todos,178.19570015575079
2019-02-28,etfs_todos,181.0342110325485
2019-03-31,etfs_todos,189.66005755737223
2019-04-30,etfs_todos,196.25972282401426
2019-05-31,etfs_todos,187.49798026265472
2019-06-30,etfs_todos,191.72027199387384
2019-07-31,etfs_todos,186.81907611874254
2019-08-31,etfs_todos,195.4936561186875
2019-09-30,etfs_todos,199.88352904568214
2019-10-31,etfs_todos,196.72764497562954
2019-11-30,etfs_todos,206.64247275646952
2019-12-31,etfs_todos,210.53497808775128
2020-01-31,etfs_todos,212.83467859777056
2020-02-29,etfs_todos,207.22217851164964
2020-03-31,etfs_todos,188.9252202099514
2020-04-30,etfs_todos,213.15924153579275
2020-05-31,etfs_todos,225.31587093389876
2020-06-30,etfs_todos,238.85222676314618
2020-07-31,etfs_todos,240.6846392717958
2020-08-31,etfs_todos,256.4949880685809
2020-09-30,etfs_todos,258.60244872846494
2020-10-31,etfs_todos,261.60378527778505
2020-11-30,etfs_todos,277.8401955399816
2020-12-31,etfs_todos,289.5726339977957
2021-01-31,etfs_todos,300.19977227227577
2021-02-28,etfs_todos,312.2226614143244
2021-03-31,etfs_todos,335.105641565427
2021-04-30,etfs_todos,318.6185086432157
2021-05-31,etfs_todos,320.8631035118229
2021-06-30,etfs_todos,304.60506053117416
2021-07-31,etfs_todos,305.56648542079625
2021-08-31,etfs_todos,317.35433886712275
2021-09-30,etfs_todos,315.75843166838087
2021-10-31,etfs_todos,331.8131750651646
2021-11-30,etfs_todos,316.97717342488556
2021-12-31,etfs_todos,325.9802279213579
2022-01-31,etfs_todos,315.9183241648401
2022-02-28,etfs_todos,301.9307494879997
2022-03-31,etfs_todos,290.579770387851
2022-04-30,etfs_todos,275.3672337647088
2022-05-31,etfs_todos,274.6560499417463
2022-06-30,etfs_todos,269.125865115334
2022-07-31,etfs_todos,281.1446335330704
2022-08-31,etfs_todos,273.5630274822306
2022-09-30,etfs_todos,261.532752437417
2022-10-31,etfs_todos,269.6586800423098
2022-11-30,etfs_todos,298.0339957056674
2022-12-31,etfs_todos,292.05538212692994
2023-01-31,etfs_todos,307.65114267077803
2023-02-28,etfs_todos,296.1636458550514
2023-03-31,etfs_todos,297.23283140038325
2023-04-30,etfs_todos,294.61963424145574
2023-05-31,etfs_todos,290.7961542280748
2023-06-30,etfs_todos,298.1722586225881
2023-07-31,etfs_todos,304.25225878442296
2023-08-31,etfs_todos,296.5980495837431
2023-09-30,etfs_todos,293.2150744186477
2023-10-31,etfs_todos,282.41633716406506
2023-11-30,etfs_todos,301.7656799241763
2023-12-31,etfs_todos,314.39457237643086
2024-01-31,etfs_todos,309.4650257727362
2024-02-29,etfs_todos,317.472416547666
2024-03-31,etfs_todos,328.24552016753177
2024-04-30,etfs_todos,330.0601503831685
2024-05-31,etfs_todos,345.1324715435626
2024-06-30,etfs_todos,360.14494603789433
2024-07-31,etfs_todos,372.55116185226757
2024-08-31,etfs_todos,383.3582698176198
2024-09-30,etfs_todos,381.8753921757299
2024-10-31,etfs_todos,389.46214703813814
2024-11-30,etfs_todos,405.73442199931924
2024-12-31,etfs_todos,400.8547895429918
2025-01-31,etfs_todos,397.6788228134383
2025-02-28,etfs_todos,399.4382675205376
2025-03-31,etfs_todos,399.0407006378975
2025-04-30,etfs_todos,400.70371106566387
2025-05-31,etfs_todos,422.49194062625435
2025-06-30,etfs_todos,425.86611521175286
2025-07-31,etfs_todos,428.4091339412412
2025-08-31,etfs_todos,433.3004134931123
2025-09-30,etfs_todos,441.3543684103315
2025-10-31,etfs_todos,458.2547655940262
2025-11-30,etfs_todos,462.57261858574185
2025-12-31,etfs_todos,482.2559681030261
2026-01-31,etfs_todos,491.8962621928347
2026-02-28,etfs_todos,506.4814471275833
2026-03-31,etfs_todos,481.5581894817012
2026-04-30,etfs_todos,488.2006295346015
2015-02-28,etfs_global,118.36527045712299
2015-03-31,etfs_global,129.76477719251216
2015-04-30,etfs_global,122.68311155872891
2015-05-31,etfs_global,131.3046687217486
2015-06-30,etfs_global,126.05764913286967
2015-07-31,etfs_global,137.8665061334261
2015-08-31,etfs_global,136.15423643720135
2015-09-30,etfs_global,148.3462316525704
2015-10-31,etfs_global,150.66126177137707
2015-11-30,etfs_global,149.7204590078982
2015-12-31,etfs_global,150.9156547763132
2016-01-31,etfs_global,146.50613343409066
2016-02-29,etfs_global,139.76348034338125
2016-03-31,etfs_global,136.1928482142808
2016-04-30,etfs_global,134.08936655054376
2016-05-31,etfs_global,137.5954303248856
2016-06-30,etfs_global,123.50392562733181
2016-07-31,etfs_global,130.27513642341657
2016-08-31,etfs_global,128.96856574412234
2016-09-30,etfs_global,131.49190153138588
2016-10-31,etfs_global,126.41254693051047
2016-11-30,etfs_global,136.0198697586375
2016-12-31,etfs_global,130.86555600334526
2017-01-31,etfs_global,129.9307606533229
2017-02-28,etfs_global,131.4410750995576
2017-03-31,etfs_global,136.22382811592794
2017-04-30,etfs_global,140.31145437022468
2017-05-31,etfs_global,147.57563756642458
2017-06-30,etfs_global,150.69081922957997
2017-07-31,etfs_global,149.02847679867855
2017-08-31,etfs_global,148.4601725976039
2017-09-30,etfs_global,152.8717241539711
2017-10-31,etfs_global,161.06525100893379
2017-11-30,etfs_global,161.21530779462498
2017-12-31,etfs_global,167.12274650536955
2018-01-31,etfs_global,168.7706665532616
2018-02-28,etfs_global,164.17975356712108
2018-03-31,etfs_global,166.27393959571776
2018-04-30,etfs_global,174.6877684586959
2018-05-31,etfs_global,187.1514018743668
2018-06-30,etfs_global,191.87281469312765
2018-07-31,etfs_global,190.20463273132177
2018-08-31,etfs_global,210.62166490507633
2018-09-30,etfs_global,204.76772564993513
2018-10-31,etfs_global,173.2641778068887
2018-11-30,etfs_global,182.54184333253363
2018-12-31,etfs_global,171.8100114155249
2019-01-31,etfs_global,175.89380657359516
2019-02-28,etfs_global,182.51119055460305
2019-03-31,etfs_global,192.68512895905826
2019-04-30,etfs_global,201.11083301873185
2019-05-31,etfs_global,191.54317757948485
2019-06-30,etfs_global,194.93070924707837
2019-07-31,etfs_global,191.60762931871
2019-08-31,etfs_global,206.50614200438957
2019-09-30,etfs_global,211.54306379435636
2019-10-31,etfs_global,208.91519856432504
2019-11-30,etfs_global,223.64083817309873
2019-12-31,etfs_global,221.96222846809007
2020-01-31,etfs_global,229.19655488735904
2020-02-29,etfs_global,224.11630931672687
2020-03-31,etfs_global,221.54893806156247
2020-04-30,etfs_global,247.05288412048208
2020-05-31,etfs_global,263.6666682622373
2020-06-30,etfs_global,272.1707529343961
2020-07-31,etfs_global,269.9604029408842
2020-08-31,etfs_global,298.1119276467065
2020-09-30,etfs_global,304.0492438460608
2020-10-31,etfs_global,303.11628312806914
2020-11-30,etfs_global,317.24920291261867
2020-12-31,etfs_global,324.3434986508766
2021-01-31,etfs_global,338.09959008433646
2021-02-28,etfs_global,352.1374382373695
2021-03-31,etfs_global,377.9841920561497
2021-04-30,etfs_global,362.1211137416484
2021-05-31,etfs_global,364.56049183506735
2021-06-30,etfs_global,345.3389993431008
2021-07-31,etfs_global,356.3145753256989
2021-08-31,etfs_global,369.90605663706367
2021-09-30,etfs_global,371.8420262706283
2021-10-31,etfs_global,404.1153652558337
2021-11-30,etfs_global,386.6678448822116
2021-12-31,etfs_global,400.29211053906596
2022-01-31,etfs_global,369.1597844791544
2022-02-28,etfs_global,345.29357755378726
2022-03-31,etfs_global,323.32538520624234
2022-04-30,etfs_global,309.8573647947635
2022-05-31,etfs_global,301.40666454304085
2022-06-30,etfs_global,300.16903349357784
2022-07-31,etfs_global,318.74545216267643
2022-08-31,etfs_global,299.18431104062984
2022-09-30,etfs_global,284.74984421150384
2022-10-31,etfs_global,296.42056258739797
2022-11-30,etfs_global,326.1408582486792
2022-12-31,etfs_global,316.2230613424241
2023-01-31,etfs_global,331.50180686257715
2023-02-28,etfs_global,325.66175050240287
2023-03-31,etfs_global,328.1110284047947
2023-04-30,etfs_global,327.24528543721436
2023-05-31,etfs_global,323.0108485921089
2023-06-30,etfs_global,327.4190831917503
2023-07-31,etfs_global,329.3161291298911
2023-08-31,etfs_global,329.1818500607931
2023-09-30,etfs_global,325.269169500391
2023-10-31,etfs_global,316.1468624350354
2023-11-30,etfs_global,334.5233545957093
2023-12-31,etfs_global,348.34523808647526
2024-01-31,etfs_global,353.82996010043064
2024-02-29,etfs_global,367.87185779017915
2024-03-31,etfs_global,382.30559407745403
2024-04-30,etfs_global,378.3432118757347
2024-05-31,etfs_global,402.42778931213144
2024-06-30,etfs_global,425.7784532918999
2024-07-31,etfs_global,444.73096450235647
2024-08-31,etfs_global,457.9294019773665
2024-09-30,etfs_global,449.31820270808487
2024-10-31,etfs_global,459.1482730497519
2024-11-30,etfs_global,489.8561122329146
2024-12-31,etfs_global,487.34070380389295
2025-01-31,etfs_global,480.88960077878846
2025-02-28,etfs_global,482.6066716694219
2025-03-31,etfs_global,467.4228948089622
2025-04-30,etfs_global,466.6731262833352
2025-05-31,etfs_global,495.9818172703776
2025-06-30,etfs_global,499.0989360614914
2025-07-31,etfs_global,507.08971181653055
2025-08-31,etfs_global,510.19125650892295
2025-09-30,etfs_global,516.698269888492
2025-10-31,etfs_global,532.8090089363349
2025-11-30,etfs_global,533.0994941339422
2025-12-31,etfs_global,556.3220616750197
2026-01-31,etfs_global,550.8160613885135
2026-02-28,etfs_global,565.9921941912295
2026-03-31,etfs_global,537.0930128649815
2026-04-30,etfs_global,545.9870992198848
2015-02-28,etfs_exterior,118.0273553473441
2015-03-31,etfs_exterior,129.3530637117881
2015-04-30,etfs_exterior,122.272658935655
2015-05-31,etfs_exterior,128.7291708113671
2015-06-30,etfs_exterior,123.17232303021888
2015-07-31,etfs_exterior,131.10890857504714
2015-08-31,etfs_exterior,129.29045529246542
2015-09-30,etfs_exterior,141.1178663993207
2015-10-31,etfs_exterior,144.52307158978158
2015-11-30,etfs_exterior,141.65249526455332
2015-12-31,etfs_exterior,141.94891583442836
2016-01-31,etfs_exterior,138.7349661547156
2016-02-29,etfs_exterior,133.09186027529674
2016-03-31,etfs_exterior,132.46624505151436
2016-04-30,etfs_exterior,130.53409601997228
2016-05-31,etfs_exterior,131.85277814081368
2016-06-30,etfs_exterior,121.27034628119173
2016-07-31,etfs_exterior,128.61510536043207
2016-08-31,etfs_exterior,126.73194434276593
2016-09-30,etfs_exterior,129.86038722506476
2016-10-31,etfs_exterior,126.32965779095233
2016-11-30,etfs_exterior,132.67573954812855
2016-12-31,etfs_exterior,126.24095040906542
2017-01-31,etfs_exterior,126.77819100720976
2017-02-28,etfs_exterior,128.40323926614693
2017-03-31,etfs_exterior,134.8007101647432
2017-04-30,etfs_exterior,138.27917058467588
2017-05-31,etfs_exterior,144.88027224428288
2017-06-30,etfs_exterior,147.59124575853136
2017-07-31,etfs_exterior,147.62748330793383
2017-08-31,etfs_exterior,147.56300597451119
2017-09-30,etfs_exterior,150.42959773932213
2017-10-31,etfs_exterior,158.81272240320197
2017-11-30,etfs_exterior,157.00469674182006
2017-12-31,etfs_exterior,166.2727306738993
2018-01-31,etfs_exterior,168.5795640067728
2018-02-28,etfs_exterior,163.2570912446109
2018-03-31,etfs_exterior,166.03672399359806
2018-04-30,etfs_exterior,174.1889449213627
2018-05-31,etfs_exterior,182.83024337314936
2018-06-30,etfs_exterior,185.75304520989638
2018-07-31,etfs_exterior,185.87763056192762
2018-08-31,etfs_exterior,201.09059093373799
2018-09-30,etfs_exterior,194.50020993203822
2018-10-31,etfs_exterior,162.71460508880378
2018-11-30,etfs_exterior,173.87131549379066
2018-12-31,etfs_exterior,167.04507560131813
2019-01-31,etfs_exterior,172.16058534845732
2019-02-28,etfs_exterior,175.45416913992509
2019-03-31,etfs_exterior,185.07366395396494
2019-04-30,etfs_exterior,191.7979673093325
2019-05-31,etfs_exterior,182.73880588324883
2019-06-30,etfs_exterior,186.2035093829734
2019-07-31,etfs_exterior,180.23441650060394
2019-08-31,etfs_exterior,189.38031709009599
2019-09-30,etfs_exterior,194.12422733224037
2019-10-31,etfs_exterior,190.399633870696
2019-11-30,etfs_exterior,200.94924307204337
2019-12-31,etfs_exterior,202.59620928959546
2020-01-31,etfs_exterior,205.52117385168813
2020-02-29,etfs_exterior,200.63816964485923
2020-03-31,etfs_exterior,188.8100145156263
2020-04-30,etfs_exterior,213.51592672112832
2020-05-31,etfs_exterior,226.22537008372808
2020-06-30,etfs_exterior,237.9813405843769
2020-07-31,etfs_exterior,237.4297168436413
2020-08-31,etfs_exterior,256.1286398636004
2020-09-30,etfs_exterior,260.12843289664784
2020-10-31,etfs_exterior,262.49369768228416
2020-11-30,etfs_exterior,276.71806411275776
2020-12-31,etfs_exterior,287.2086222786595
2021-01-31,etfs_exterior,299.70890983260614
2021-02-28,etfs_exterior,314.90499206188207
2021-03-31,etfs_exterior,338.5188973852082
2021-04-30,etfs_exterior,318.6918797650038
2021-05-31,etfs_exterior,319.78969769085256
2021-06-30,etfs_exterior,302.00061973183756
2021-07-31,etfs_exterior,305.57184380301135
2021-08-31,etfs_exterior,320.3032293734983
2021-09-30,etfs_exterior,322.0564241716237
2021-10-31,etfs_exterior,343.1256978341638
2021-11-30,etfs_exterior,326.7900096143376
2021-12-31,etfs_exterior,336.52279793864983
2022-01-31,etfs_exterior,322.1731443401061
2022-02-28,etfs_exterior,305.9258175491875
2022-03-31,etfs_exterior,290.1789436132118
2022-04-30,etfs_exterior,277.0706679879239
2022-05-31,etfs_exterior,275.05425066536435
2022-06-30,etfs_exterior,271.1302445748681
2022-07-31,etfs_exterior,285.00135952200696
2022-08-31,etfs_exterior,273.6644167618155
2022-09-30,etfs_exterior,260.65191475988996
2022-10-31,etfs_exterior,270.0209671007466
2022-11-30,etfs_exterior,301.4898841594218
2022-12-31,etfs_exterior,294.9162504470252
2023-01-31,etfs_exterior,310.8263324703148
2023-02-28,etfs_exterior,301.8169696706499
2023-03-31,etfs_exterior,303.81686615561694
2023-04-30,etfs_exterior,300.8183433397273
2023-05-31,etfs_exterior,295.8985245060038
2023-06-30,etfs_exterior,301.35415896853794
2023-07-31,etfs_exterior,305.99383150082843
2023-08-31,etfs_exterior,301.30859621130105
2023-09-30,etfs_exterior,297.8125521138316
2023-10-31,etfs_exterior,287.2578287771484
2023-11-30,etfs_exterior,305.925068429113
2023-12-31,etfs_exterior,318.07815629033894
2024-01-31,etfs_exterior,316.65821363008445
2024-02-29,etfs_exterior,326.32185604432505
2024-03-31,etfs_exterior,339.04448658616343
2024-04-30,etfs_exterior,341.6001345119768
2024-05-31,etfs_exterior,360.00066338493866
2024-06-30,etfs_exterior,378.392483991684
2024-07-31,etfs_exterior,392.33377605717396
2024-08-31,etfs_exterior,402.7738558568033
2024-09-30,etfs_exterior,399.3885982178986
2024-10-31,etfs_exterior,409.07296818799335
2024-11-30,etfs_exterior,431.222601093752
2024-12-31,etfs_exterior,428.157564293573
2025-01-31,etfs_exterior,421.76520390482074
2025-02-28,etfs_exterior,423.70145554288393
2025-03-31,etfs_exterior,420.1811164420849
2025-04-30,etfs_exterior,420.1815290916774
2025-05-31,etfs_exterior,444.10864691576853
2025-06-30,etfs_exterior,447.18804098269766
2025-07-31,etfs_exterior,451.6758232446651
2025-08-31,etfs_exterior,452.7765327812329
2025-09-30,etfs_exterior,458.4576529418363
2025-10-31,etfs_exterior,480.8756119274594
2025-11-30,etfs_exterior,481.61703530821694
2025-12-31,etfs_exterior,504.45710191110953
2026-01-31,etfs_exterior,508.67746680673315
2026-02-28,etfs_exterior,525.2642813200144
2026-03-31,etfs_exterior,497.8945437954675
2026-04-30,etfs_exterior,503.0528242833076
2015-02-28,etfs_desenvolvidos_emergentes,117.51545947898494
2015-03-31,etfs_desenvolvidos_emergentes,128.81364269304663
2015-04-30,etfs_desenvolvidos_emergentes,124.4614301169187
2015-05-31,etfs_desenvolvidos_emergentes,130.6729281381471
2015-06-30,etfs_desenvolvidos_emergentes,125.10312211600203
2015-07-31,etfs_desenvolvidos_emergentes,131.92824383250127
2015-08-31,etfs_desenvolvidos_emergentes,128.44697827985956
2015-09-30,etfs_desenvolvidos_emergentes,141.12147573107646
2015-10-31,etfs_desenvolvidos_emergentes,142.4378291984192
2015-11-30,etfs_desenvolvidos_emergentes,140.14289666836777
2015-12-31,etfs_desenvolvidos_emergentes,140.3123364316545
2016-01-31,etfs_desenvolvidos_emergentes,136.484232076712
2016-02-29,etfs_desenvolvidos_emergentes,130.35783781967615
2016-03-31,etfs_desenvolvidos_emergentes,129.907526626835
2016-04-30,etfs_desenvolvidos_emergentes,127.57937301195817
2016-05-31,etfs_desenvolvidos_emergentes,128.3669128590241
2016-06-30,etfs_desenvolvidos_emergentes,117.82892153932336
2016-07-31,etfs_desenvolvidos_emergentes,124.9641480383715
2016-08-31,etfs_desenvolvidos_emergentes,124.1145251527969
2016-09-30,etfs_desenvolvidos_emergentes,127.68929468540595
2016-10-31,etfs_desenvolvidos_emergentes,123.33148806446368
2016-11-30,etfs_desenvolvidos_emergentes,129.2281858405675
2016-12-31,etfs_desenvolvidos_emergentes,122.85791672629354
2017-01-31,etfs_desenvolvidos_emergentes,124.11282441020872
2017-02-28,etfs_desenvolvidos_emergentes,125.21555383756954
2017-03-31,etfs_desenvolvidos_emergentes,131.1072367524621
2017-04-30,etfs_desenvolvidos_emergentes,135.2264707176384
2017-05-31,etfs_desenvolvidos_emergentes,142.39941864118578
2017-06-30,etfs_desenvolvidos_emergentes,145.7060496012997
2017-07-31,etfs_desenvolvidos_emergentes,146.0623146711289
2017-08-31,etfs_desenvolvidos_emergentes,146.88839236374687
2017-09-30,etfs_desenvolvidos_emergentes,149.7893239639771
2017-10-31,etfs_desenvolvidos_emergentes,158.6943118777129
2017-11-30,etfs_desenvolvidos_emergentes,157.41458434837926
2017-12-31,etfs_desenvolvidos_emergentes,164.90587790865285
2018-01-31,etfs_desenvolvidos_emergentes,168.42839747794727
2018-02-28,etfs_desenvolvidos_emergentes,162.77353930082154
2018-03-31,etfs_desenvolvidos_emergentes,166.67158472653108
2018-04-30,etfs_desenvolvidos_emergentes,172.4355523243284
2018-05-31,etfs_desenvolvidos_emergentes,182.11954287843605
2018-06-30,etfs_desenvolvidos_emergentes,182.8802606372015
2018-07-31,etfs_desenvolvidos_emergentes,181.3462737445328
2018-08-31,etfs_desenvolvidos_emergentes,196.71460579111042
2018-09-30,etfs_desenvolvidos_emergentes,189.94978766558705
2018-10-31,etfs_desenvolvidos_emergentes,159.76849048692577
2018-11-30,etfs_desenvolvidos_emergentes,170.84661226153926
2018-12-31,etfs_desenvolvidos_emergentes,164.46847807722725
2019-01-31,etfs_desenvolvidos_emergentes,169.62560013132224
2019-02-28,etfs_desenvolvidos_emergentes,172.81299514215794
2019-03-31,etfs_desenvolvidos_emergentes,182.29997773312886
2019-04-30,etfs_desenvolvidos_emergentes,189.1131898135591
2019-05-31,etfs_desenvolvidos_emergentes,179.13621035234993
2019-06-30,etfs_desenvolvidos_emergentes,181.74253927397842
2019-07-31,etfs_desenvolvidos_emergentes,176.42177725794068
2019-08-31,etfs_desenvolvidos_emergentes,188.53616445867414
2019-09-30,etfs_desenvolvidos_emergentes,192.46326063546272
2019-10-31,etfs_desenvolvidos_emergentes,191.5632183641498
2019-11-30,etfs_desenvolvidos_emergentes,202.61384417587945
2019-12-31,etfs_desenvolvidos_emergentes,205.0112439709805
2020-01-31,etfs_desenvolvidos_emergentes,206.94464410298298
2020-02-29,etfs_desenvolvidos_emergentes,206.3448766031652
2020-03-31,etfs_desenvolvidos_emergentes,200.6060043534348
2020-04-30,etfs_desenvolvidos_emergentes,221.45076409823054
2020-05-31,etfs_desenvolvidos_emergentes,234.1068512302867
2020-06-30,etfs_desenvolvidos_emergentes,245.92764824266547
2020-07-31,etfs_desenvolvidos_emergentes,247.84279645855568
2020-08-31,etfs_desenvolvidos_emergentes,269.88752792146647
2020-09-30,etfs_desenvolvidos_emergentes,278.0704053969812
2020-10-31,etfs_desenvolvidos_emergentes,282.0974650269324
2020-11-30,etfs_desenvolvidos_emergentes,292.0517819133199
2020-12-31,etfs_desenvolvidos_emergentes,301.82745656631613
2021-01-31,etfs_desenvolvidos_emergentes,319.62120876441895
2021-02-28,etfs_desenvolvidos_emergentes,331.15513750092236
2021-03-31,etfs_desenvolvidos_emergentes,349.54415898586683
2021-04-30,etfs_desenvolvidos_emergentes,330.9099312841187
2021-05-31,etfs_desenvolvidos_emergentes,333.5561158270105
2021-06-30,etfs_desenvolvidos_emergentes,315.99896565345125
2021-07-31,etfs_desenvolvidos_emergentes,315.6663634705866
2021-08-31,etfs_desenvolvidos_emergentes,326.3913631473183
2021-09-30,etfs_desenvolvidos_emergentes,328.9940117087871
2021-10-31,etfs_desenvolvidos_emergentes,350.4034296198363
2021-11-30,etfs_desenvolvidos_emergentes,333.1566375032605
2021-12-31,etfs_desenvolvidos_emergentes,341.52274171329077
2022-01-31,etfs_desenvolvidos_emergentes,321.68251793166024
2022-02-28,etfs_desenvolvidos_emergentes,299.29167295222135
2022-03-31,etfs_desenvolvidos_emergentes,273.558892810339
2022-04-30,etfs_desenvolvidos_emergentes,265.17716481529965
2022-05-31,etfs_desenvolvidos_emergentes,258.11128731117986
2022-06-30,etfs_desenvolvidos_emergentes,260.60801983748973
2022-07-31,etfs_desenvolvidos_emergentes,267.59938534260544
2022-08-31,etfs_desenvolvidos_emergentes,255.1479911443653
2022-09-30,etfs_desenvolvidos_emergentes,240.36074300357066
2022-10-31,etfs_desenvolvidos_emergentes,240.9959516385256
2022-11-30,etfs_desenvolvidos_emergentes,272.73509857023987
2022-12-31,etfs_desenvolvidos_emergentes,267.1961376717112
2023-01-31,etfs_desenvolvidos_emergentes,281.839067166992
2023-02-28,etfs_desenvolvidos_emergentes,271.6212934764971
2023-03-31,etfs_desenvolvidos_emergentes,273.6000570445111
2023-04-30,etfs_desenvolvidos_emergentes,270.2874674367803
2023-05-31,etfs_desenvolvidos_emergentes,265.55322451089734
2023-06-30,etfs_desenvolvidos_emergentes,267.678950222682
2023-07-31,etfs_desenvolvidos_emergentes,272.2390204324233
2023-08-31,etfs_desenvolvidos_emergentes,267.64417252540215
2023-09-30,etfs_desenvolvidos_emergentes,266.2074970778624
2023-10-31,etfs_desenvolvidos_emergentes,257.76622456680644
2023-11-30,etfs_desenvolvidos_emergentes,271.65901513411967
2023-12-31,etfs_desenvolvidos_emergentes,281.3892780769534
2024-01-31,etfs_desenvolvidos_emergentes,279.59064388678934
2024-02-29,etfs_desenvolvidos_emergentes,289.87166030396935
2024-03-31,etfs_desenvolvidos_emergentes,300.18530145210804
2024-04-30,etfs_desenvolvidos_emergentes,302.71027520962497
2024-05-31,etfs_desenvolvidos_emergentes,317.721007278947
2024-06-30,etfs_desenvolvidos_emergentes,337.820792638075
2024-07-31,etfs_desenvolvidos_emergentes,351.12820913075586
2024-08-31,etfs_desenvolvidos_emergentes,358.9833896708146
2024-09-30,etfs_desenvolvidos_emergentes,357.8322086180325
2024-10-31,etfs_desenvolvidos_emergentes,363.8530865291426
2024-11-30,etfs_desenvolvidos_emergentes,376.026056663957
2024-12-31,etfs_desenvolvidos_emergentes,376.0976929721519
2025-01-31,etfs_desenvolvidos_emergentes,368.1913501777906
2025-02-28,etfs_desenvolvidos_emergentes,371.6606708214502
2025-03-31,etfs_desenvolvidos_emergentes,368.31089297877645
2025-04-30,etfs_desenvolvidos_emergentes,367.35711612746866
2025-05-31,etfs_desenvolvidos_emergentes,388.409001281748
2025-06-30,etfs_desenvolvidos_emergentes,395.47185046392224
2025-07-31,etfs_desenvolvidos_emergentes,400.6911410827283
2025-08-31,etfs_desenvolvidos_emergentes,403.3091449172425
2025-09-30,etfs_desenvolvidos_emergentes,413.7908289873574
2025-10-31,etfs_desenvolvidos_emergentes,429.64022836484565
2025-11-30,etfs_desenvolvidos_emergentes,425.9216064004992
2025-12-31,etfs_desenvolvidos_emergentes,446.6286430535006
2026-01-31,etfs_desenvolvidos_emergentes,452.6669048854381
2026-02-28,etfs_desenvolvidos_emergentes,474.71909540731787
2026-03-31,etfs_desenvolvidos_emergentes,443.32417377894666
2026-04-30,etfs_desenvolvidos_emergentes,454.62550885488645
2015-02-28,etfs_asia,116.50894090143593
2015-03-31,etfs_asia,129.5616459663051
2015-04-30,etfs_asia,123.56134348528525
2015-05-31,etfs_asia,132.06051453264402
2015-06-30,etfs_asia,126.74423983617783
2015-07-31,etfs_asia,134.04137497007702
2015-08-31,etfs_asia,128.9507785556264
2015-09-30,etfs_asia,143.62984093415577
2015-10-31,etfs_asia,144.97537493129727
2015-11-30,etfs_asia,142.5370017936602
2015-12-31,etfs_asia,144.86187289931297
2016-01-31,etfs_asia,139.11700009055406
2016-02-29,etfs_asia,132.17619309785124
2016-03-31,etfs_asia,130.53482442133225
2016-04-30,etfs_asia,125.1917247685314
2016-05-31,etfs_asia,129.77831372920355
2016-06-30,etfs_asia,119.20971827622554
2016-07-31,etfs_asia,127.81932069316922
2016-08-31,etfs_asia,127.91229695014093
2016-09-30,etfs_asia,132.45849867118355
2016-10-31,etfs_asia,128.7162948073833
2016-11-30,etfs_asia,135.07540130196364
2016-12-31,etfs_asia,123.82711284906654
2017-01-31,etfs_asia,126.4253048010838
2017-02-28,etfs_asia,128.85717812727418
2017-03-31,etfs_asia,134.37880577899713
2017-04-30,etfs_asia,138.07058701940193
2017-05-31,etfs_asia,146.05228563089491
2017-06-30,etfs_asia,149.83397260825174
2017-07-31,etfs_asia,149.96409789201158
2017-08-31,etfs_asia,150.37513887554383
2017-09-30,etfs_asia,151.0453800794949
2017-10-31,etfs_asia,163.08890492543227
2017-11-30,etfs_asia,162.899795553699
2017-12-31,etfs_asia,169.23681959265485
2018-01-31,etfs_asia,171.66249700059004
2018-02-28,etfs_asia,166.3937232458261
2018-03-31,etfs_asia,170.64334208566788
2018-04-30,etfs_asia,177.39816240450287
2018-05-31,etfs_asia,189.55535989241537
2018-06-30,etfs_asia,189.8440869324385
2018-07-31,etfs_asia,187.76644842435763
2018-08-31,etfs_asia,206.50382792447434
2018-09-30,etfs_asia,198.2285692522261
2018-10-31,etfs_asia,164.0158045397964
2018-11-30,etfs_asia,179.53479815572598
2018-12-31,etfs_asia,174.13880988454653
2019-01-31,etfs_asia,176.8854581567953
2019-02-28,etfs_asia,180.920762555492
2019-03-31,etfs_asia,193.5616076411144
2019-04-30,etfs_asia,198.72385868057694
2019-05-31,etfs_asia,188.52830447776049
2019-06-30,etfs_asia,189.76459569240055
2019-07-31,etfs_asia,183.239879422033
2019-08-31,etfs_asia,194.8972169110693
2019-09-30,etfs_asia,200.28479590880215
2019-10-31,etfs_asia,200.32497547033222
2019-11-30,etfs_asia,211.35497804148463
2019-12-31,etfs_asia,210.93691536383625
2020-01-31,etfs_asia,212.50209021054775
2020-02-29,etfs_asia,216.4752211746618
2020-03-31,etfs_asia,219.16880036010565
2020-04-30,etfs_asia,242.39767710504094
2020-05-31,etfs_asia,249.15260228396141
2020-06-30,etfs_asia,262.9428232244955
2020-07-31,etfs_asia,260.55412538724704
2020-08-31,etfs_asia,286.8067558018604
2020-09-30,etfs_asia,300.6523916333108
2020-10-31,etfs_asia,307.179294124702
2020-11-30,etfs_asia,312.117268124161
2020-12-31,etfs_asia,323.88836571827295
2021-01-31,etfs_asia,343.8582899386344
2021-02-28,etfs_asia,360.34300076047646
2021-03-31,etfs_asia,378.56174528605584
2021-04-30,etfs_asia,352.71900066915214
2021-05-31,etfs_asia,353.6517083534279
2021-06-30,etfs_asia,332.8573731177711
2021-07-31,etfs_asia,332.650099249724
2021-08-31,etfs_asia,345.08107891995394
2021-09-30,etfs_asia,351.7581076476574
2021-10-31,etfs_asia,367.3514166409076
2021-11-30,etfs_asia,352.9159684281122
2021-12-31,etfs_asia,358.22075909331915
2022-01-31,etfs_asia,339.0182891839082
2022-02-28,etfs_asia,315.98020153146325
2022-03-31,etfs_asia,285.89362718709503
2022-04-30,etfs_asia,277.8896234411955
2022-05-31,etfs_asia,270.8852452996735
2022-06-30,etfs_asia,282.38726109906537
2022-07-31,etfs_asia,286.9220079207819
2022-08-31,etfs_asia,275.87533362787474
2022-09-30,etfs_asia,259.322853987586
2022-10-31,etfs_asia,246.9098286388869
2022-11-30,etfs_asia,288.8748620303209
2022-12-31,etfs_asia,286.3766611442615
2023-01-31,etfs_asia,296.68774802567685
2023-02-28,etfs_asia,283.2751666059044
2023-03-31,etfs_asia,286.311575141969
2023-04-30,etfs_asia,280.16991854055544
2023-05-31,etfs_asia,278.80270833276325
2023-06-30,etfs_asia,279.3285219409094
2023-07-31,etfs_asia,282.399193443308
2023-08-31,etfs_asia,276.101203598974
2023-09-30,etfs_asia,275.82791894252085
2023-10-31,etfs_asia,269.0109779081657
2023-11-30,etfs_asia,276.77008145799505
2023-12-31,etfs_asia,286.28176568779014
2024-01-31,etfs_asia,282.8423042812287
2024-02-29,etfs_asia,296.60058573354735
2024-03-31,etfs_asia,301.6837900814929
2024-04-30,etfs_asia,306.0934702119792
2024-05-31,etfs_asia,320.98088579939946
2024-06-30,etfs_asia,340.74531104296716
2024-07-31,etfs_asia,351.8035984531418
2024-08-31,etfs_asia,359.8528432988188
2024-09-30,etfs_asia,367.26889736050856
2024-10-31,etfs_asia,373.16242045026604
2024-11-30,etfs_asia,385.99705949405904
2024-12-31,etfs_asia,387.25010232260274
2025-01-31,etfs_asia,370.4850222081533
2025-02-28,etfs_asia,374.8300127075772
2025-03-31,etfs_asia,370.6905968379723
2025-04-30,etfs_asia,367.84700557311635
2025-05-31,etfs_asia,390.7843229696265
2025-06-30,etfs_asia,400.4027894430259
2025-07-31,etfs_asia,408.96702793074587
2025-08-31,etfs_asia,408.71319723579205
2025-09-30,etfs_asia,417.6260658323059
2025-10-31,etfs_asia,438.27406423434905
2025-11-30,etfs_asia,434.45725297690257
2025-12-31,etfs_asia,447.3298480351919
2026-01-31,etfs_asia,453.2594394869401
2026-02-28,etfs_asia,475.95868774494556
2026-03-31,etfs_asia,448.0983540811162
2026-04-30,etfs_asia,453.2305677160426
2015-02-28,etfs_latam,120.62229869636721
2015-03-31,etfs_latam,131.4271185220619
2015-04-30,etfs_latam,123.91867564365302
2015-05-31,etfs_latam,130.3734244520026
2015-06-30,etfs_latam,123.8349061687172
2015-07-31,etfs_latam,128.333550956142
2015-08-31,etfs_latam,130.81393986662738
2015-09-30,etfs_latam,140.51627921968353
2015-10-31,etfs_latam,145.80160888165724
2015-11-30,etfs_latam,139.48358890227323
2015-12-31,etfs_latam,138.16482444920396
2016-01-31,etfs_latam,139.68774068798473
2016-02-29,etfs_latam,138.9748509699021
2016-03-31,etfs_latam,138.36173972407067
2016-04-30,etfs_latam,137.49661815288977
2016-05-31,etfs_latam,132.11873319036778
2016-06-30,etfs_latam,125.2587859816912
2016-07-31,etfs_latam,128.2353317302781
2016-08-31,etfs_latam,125.31879367463155
2016-09-30,etfs_latam,125.51495625730035
2016-10-31,etfs_latam,129.58779831489844
2016-11-30,etfs_latam,126.97701720653598
2016-12-31,etfs_latam,119.63229877883892
2017-01-31,etfs_latam,119.83528734636835
2017-02-28,etfs_latam,122.63437895040721
2017-03-31,etfs_latam,136.07981647944692
2017-04-30,etfs_latam,138.05594041414855
2017-05-31,etfs_latam,142.5203527282843
2017-06-30,etfs_latam,147.14335596079346
2017-07-31,etfs_latam,149.17662759528974
2017-08-31,etfs_latam,151.35436293524648
2017-09-30,etfs_latam,152.2926129288744
2017-10-31,etfs_latam,154.03574106439078
2017-11-30,etfs_latam,146.0916973644579
2017-12-31,etfs_latam,158.92965873349823
2018-01-31,etfs_latam,164.29879566384815
2018-02-28,etfs_latam,159.7428860883591
2018-03-31,etfs_latam,164.12669606344866
2018-04-30,etfs_latam,171.3086680403176
2018-05-31,etfs_latam,162.91723840327558
2018-06-30,etfs_latam,168.59087363658242
2018-07-31,etfs_latam,176.5461117384515
2018-08-31,etfs_latam,182.79611306245664
2018-09-30,etfs_latam,181.5458002953419
2018-10-31,etfs_latam,146.30519246121833
2018-11-30,etfs_latam,151.54035301308122
2018-12-31,etfs_latam,150.9858216807654
2019-01-31,etfs_latam,160.9263138366279
2019-02-28,etfs_latam,158.76606639452973
2019-03-31,etfs_latam,163.18011411930675
2019-04-30,etfs_latam,167.75998446454605
2019-05-31,etfs_latam,160.3924087786603
2019-06-30,etfs_latam,164.38340032159968
2019-07-31,etfs_latam,156.33026550795446
2019-08-31,etfs_latam,159.06177257246352
2019-09-30,etfs_latam,163.95306929992887
2019-10-31,etfs_latam,155.0511024621923
2019-11-30,etfs_latam,156.89243089596104
2019-12-31,etfs_latam,162.71408539788987
2020-01-31,etfs_latam,167.8270344849649
2020-02-29,etfs_latam,159.0918472810466
2020-03-31,etfs_latam,133.95833161017353
2020-04-30,etfs_latam,149.38737641817508
2020-05-31,etfs_latam,161.2310720465187
2020-06-30,etfs_latam,168.14942843889247
2020-07-31,etfs_latam,169.5961179041161
2020-08-31,etfs_latam,173.24021237251043
2020-09-30,etfs_latam,176.2512170667405
2020-10-31,etfs_latam,182.89908009913063
2020-11-30,etfs_latam,198.2124989791795
2020-12-31,etfs_latam,209.83870509396442
2021-01-31,etfs_latam,210.06609952344678
2021-02-28,etfs_latam,218.73924702113868
2021-03-31,etfs_latam,243.3523151663751
2021-04-30,etfs_latam,225.65402137118068
2021-05-31,etfs_latam,223.40934302063764
2021-06-30,etfs_latam,212.4498820542419
2021-07-31,etfs_latam,216.61446469319955
2021-08-31,etfs_latam,235.64707339950712
2021-09-30,etfs_latam,228.14425842229542
2021-10-31,etfs_latam,233.09484324505087
2021-11-30,etfs_latam,221.64343603790843
2021-12-31,etfs_latam,234.12060861092024
2022-01-31,etfs_latam,230.63469145337723
2022-02-28,etfs_latam,226.9362869087017
2022-03-31,etfs_latam,231.12883064603986
2022-04-30,etfs_latam,212.80678010549505
2022-05-31,etfs_latam,222.26313451388918
2022-06-30,etfs_latam,209.48092259233695
2022-07-31,etfs_latam,221.2077110146766
2022-08-31,etfs_latam,219.06472043100845
2022-09-30,etfs_latam,219.29694027535572
2022-10-31,etfs_latam,235.17940398971865
2022-11-30,etfs_latam,251.85808392173524
2022-12-31,etfs_latam,248.75855613513184
2023-01-31,etfs_latam,275.3277145216023
2023-02-28,etfs_latam,275.2026100540741
2023-03-31,etfs_latam,275.48420390320143
2023-04-30,etfs_latam,271.138158978319
2023-05-31,etfs_latam,272.1787324076701
2023-06-30,etfs_latam,282.24818172741936
2023-07-31,etfs_latam,287.36840689497996
2023-08-31,etfs_latam,281.8264569856008
2023-09-30,etfs_latam,268.7379418105984
2023-10-31,etfs_latam,251.6834072107202
2023-11-30,etfs_latam,285.69731414996073
2023-12-31,etfs_latam,301.6369171152124
2024-01-31,etfs_latam,296.4917153894422
2024-02-29,etfs_latam,295.1893171976394
2024-03-31,etfs_latam,310.82391765424615
2024-04-30,etfs_latam,314.24731419390525
2024-05-31,etfs_latam,329.2519755556601
2024-06-30,etfs_latam,314.767078347127
2024-07-31,etfs_latam,321.834267902753
2024-08-31,etfs_latam,323.435369498561
2024-09-30,etfs_latam,317.51633053312673
2024-10-31,etfs_latam,330.3391269758739
2024-11-30,etfs_latam,347.2101463581083
2024-12-31,etfs_latam,348.7459665797477
2025-01-31,etfs_latam,351.76633846200554
2025-02-28,etfs_latam,357.79842747694175
2025-03-31,etfs_latam,357.6281372591724
2025-04-30,etfs_latam,378.3470525199109
2025-05-31,etfs_latam,397.12914033605375
2025-06-30,etfs_latam,387.13334506689324
2025-07-31,etfs_latam,384.40225529666503
2025-08-31,etfs_latam,388.76514971592576
2025-09-30,etfs_latam,393.28519628205265
2025-10-31,etfs_latam,427.0090931915669
2025-11-30,etfs_latam,439.8219729749236
2025-12-31,etfs_latam,466.47102975626086
2026-01-31,etfs_latam,483.3911694637753
2026-02-28,etfs_latam,483.75300806913054
2026-03-31,etfs_latam,468.022142572166
2026-04-30,etfs_latam,471.07726670379515
2015-02-28,etfs_europa,118.42372589514338
2015-03-31,etfs_europa,127.03929358221993
2015-04-30,etfs_europa,121.07418253737845
2015-05-31,etfs_europa,129.08868565059132
2015-06-30,etfs_europa,123.21982158384
2015-07-31,etfs_europa,135.9011431190747
2015-08-31,etfs_europa,133.27229286025107
2015-09-30,etfs_europa,143.97065856258376
2015-10-31,etfs_europa,146.83980249993778
2015-11-30,etfs_europa,145.02983360125143
2015-12-31,etfs_europa,143.20867857047088
2016-01-31,etfs_europa,138.98889017885446
2016-02-29,etfs_europa,130.66720173671092
2016-03-31,etfs_europa,126.63609872381483
2016-04-30,etfs_europa,126.55923056479914
2016-05-31,etfs_europa,128.40052944683532
2016-06-30,etfs_europa,112.36885725058868
2016-07-31,etfs_europa,117.57131445486924
2016-08-31,etfs_europa,117.42082173985663
2016-09-30,etfs_europa,118.62959739471603
2016-10-31,etfs_europa,112.5600605682667
2016-11-30,etfs_europa,119.49006251748544
2016-12-31,etfs_europa,118.0603314254161
2017-01-31,etfs_europa,116.3952752274235
2017-02-28,etfs_europa,116.74955933493744
2017-03-31,etfs_europa,122.49849187007035
2017-04-30,etfs_europa,126.93457740166568
2017-05-31,etfs_europa,135.8341205187335
2017-06-30,etfs_europa,136.0618901939406
2017-07-31,etfs_europa,134.02287721853287
2017-08-31,etfs_europa,132.68022689628097
2017-09-30,etfs_europa,138.58979546245044
2017-10-31,etfs_europa,144.6081864463457
2017-11-30,etfs_europa,142.5990824369248
2017-12-31,etfs_europa,148.47560785054415
2018-01-31,etfs_europa,149.58891595503258
2018-02-28,etfs_europa,142.32796834679945
2018-03-31,etfs_europa,145.10147383700803
2018-04-30,etfs_europa,156.4222639391935
2018-05-31,etfs_europa,165.1245596307118
2018-06-30,etfs_europa,168.6078964444266
2018-07-31,etfs_europa,166.80609357515664
2018-08-31,etfs_europa,177.8713888034906
2018-09-30,etfs_europa,173.09430496744932
2018-10-31,etfs_europa,147.5878422216778
2018-11-30,etfs_europa,152.24783232365152
2018-12-31,etfs_europa,145.76698276552153
2019-01-31,etfs_europa,147.7438021797572
2019-02-28,etfs_europa,154.22006490976284
2019-03-31,etfs_europa,162.29560429741886
2019-04-30,etfs_europa,170.6869371421462
2019-05-31,etfs_europa,161.63358739556836
2019-06-30,etfs_europa,163.97604105754866
2019-07-31,etfs_europa,158.02753364290726
2019-08-31,etfs_europa,168.7657373862858
2019-09-30,etfs_europa,173.80752620768678
2019-10-31,etfs_europa,173.48998506006197
2019-11-30,etfs_europa,184.63549137207733
2019-12-31,etfs_europa,184.26251996158896
2020-01-31,etfs_europa,186.90915874983364
2020-02-29,etfs_europa,179.2177971081642
2020-03-31,etfs_europa,169.69186677608747
2020-04-30,etfs_europa,185.61040158285672
2020-05-31,etfs_europa,196.73567615329662
2020-06-30,etfs_europa,204.3482884631978
2020-07-31,etfs_europa,198.61834373471672
2020-08-31,etfs_europa,215.72032246480953
2020-09-30,etfs_europa,216.2183456246618
2020-10-31,etfs_europa,207.95116867263624
2020-11-30,etfs_europa,225.0057642550196
2020-12-31,etfs_europa,229.0087500201051
2021-01-31,etfs_europa,237.88294147777046
2021-02-28,etfs_europa,250.4039293363086
2021-03-31,etfs_europa,271.26591914693535
2021-04-30,etfs_europa,260.6758205892791
2021-05-31,etfs_europa,265.9288844946638
2021-06-30,etfs_europa,247.02100431135707
2021-07-31,etfs_europa,253.7859420758171
2021-08-31,etfs_europa,261.6720256308065
2021-09-30,etfs_europa,263.2235399566815
2021-10-31,etfs_europa,286.16380604066035
2021-11-30,etfs_europa,268.69244957166495
2021-12-31,etfs_europa,282.2506089345777
2022-01-31,etfs_europa,272.2361190743062
2022-02-28,etfs_europa,250.63888346284577
2022-03-31,etfs_europa,230.56887182792192
2022-04-30,etfs_europa,225.0416724784227
2022-05-31,etfs_europa,224.57924263002354
2022-06-30,etfs_europa,220.9915056654408
2022-07-31,etfs_europa,228.6009921006071
2022-08-31,etfs_europa,210.4842931612395
2022-09-30,etfs_europa,201.25796071037212
2022-10-31,etfs_europa,214.38318084853464
2022-11-30,etfs_europa,243.94388627378248
2022-12-31,etfs_europa,240.00918863802815
2023-01-31,etfs_europa,253.42298762218434
2023-02-28,etfs_europa,253.9781124510128
2023-03-31,etfs_europa,253.66987089739658
2023-04-30,etfs_europa,258.6590070878338
2023-05-31,etfs_europa,247.2631715243276
2023-06-30,etfs_europa,248.9418176759515
2023-07-31,etfs_europa,248.76588320989163
2023-08-31,etfs_europa,246.20698140575806
2023-09-30,etfs_europa,245.552770243747
2023-10-31,etfs_europa,238.03055400779428
2023-11-30,etfs_europa,251.34003600694604
2023-12-31,etfs_europa,259.7546117205279
2024-01-31,etfs_europa,261.17427766455864
2024-02-29,etfs_europa,269.9231219536808
2024-03-31,etfs_europa,282.4176887742452
2024-04-30,etfs_europa,287.0541973215122
2024-05-31,etfs_europa,305.89502269459535
2024-06-30,etfs_europa,315.6303788151895
2024-07-31,etfs_europa,330.7407148858213
2024-08-31,etfs_europa,344.9473915066597
2024-09-30,etfs_europa,336.0683875421873
2024-10-31,etfs_europa,338.54789253733315
2024-11-30,etfs_europa,352.03302243434746
2024-12-31,etfs_europa,353.26443596980494
2025-01-31,etfs_europa,357.84857809335114
2025-02-28,etfs_europa,369.84296312197785
2025-03-31,etfs_europa,369.9792207503013
2025-04-30,etfs_europa,372.1081844418735
2025-05-31,etfs_europa,394.5432993627285
2025-06-30,etfs_europa,389.2059269767729
2025-07-31,etfs_europa,391.6557642084781
2025-08-31,etfs_europa,393.4755758836188
2025-09-30,etfs_europa,392.46327733978563
2025-10-31,etfs_europa,399.4912064740548
2025-11-30,etfs_europa,401.30622343136116
2025-12-31,etfs_europa,425.40007042138785
2026-01-31,etfs_europa,419.0890498602313
2026-02-28,etfs_europa,432.66467545766886
2026-03-31,etfs_europa,408.3906587148235
2026-04-30,etfs_europa,409.3414813173099
2015-02-28,etfs_oceania,119.68511297194586
2015-03-31,etfs_oceania,129.16467466495166
2015-04-30,etfs_oceania,120.13456757373953
2015-05-31,etfs_oceania,122.50433590901177
2015-06-30,etfs_oceania,114.09569185755267
2015-07-31,etfs_oceania,123.46259476454607
2015-08-31,etfs_oceania,119.00253855828228
2015-09-30,etfs_oceania,131.68024543815653
2015-10-31,etfs_oceania,136.8657117405257
2015-11-30,etfs_oceania,136.2901149073105
2015-12-31,etfs_oceania,146.64365853163687
2016-01-31,etfs_oceania,140.63852713455748
2016-02-29,etfs_oceania,137.77392612048422
2016-03-31,etfs_oceania,140.98832521461546
2016-04-30,etfs_oceania,139.7228003760791
2016-05-31,etfs_oceania,141.77621802479257
2016-06-30,etfs_oceania,132.04567888994902
2016-07-31,etfs_oceania,144.23550453550573
2016-08-31,etfs_oceania,140.4308618177777
2016-09-30,etfs_oceania,143.8301152554767
2016-10-31,etfs_oceania,133.27968803760695
2016-11-30,etfs_oceania,143.18914366927402
2016-12-31,etfs_oceania,134.1138466107128
2017-01-31,etfs_oceania,138.1687168471122
2017-02-28,etfs_oceania,139.04904926366603
2017-03-31,etfs_oceania,141.56376573616564
2017-04-30,etfs_oceania,143.2012546047099
2017-05-31,etfs_oceania,146.11907322976802
2017-06-30,etfs_oceania,155.45971219126233
2017-07-31,etfs_oceania,155.32555750395264
2017-08-31,etfs_oceania,152.53014295190872
2017-09-30,etfs_oceania,153.75889442742945
2017-10-31,etfs_oceania,157.20911852427145
2017-11-30,etfs_oceania,155.33077888825403
2017-12-31,etfs_oceania,166.85982744529073
2018-01-31,etfs_oceania,165.93101453882346
2018-02-28,etfs_oceania,163.75260539136008
2018-03-31,etfs_oceania,165.39490868719017
2018-04-30,etfs_oceania,170.75173390875688
2018-05-31,etfs_oceania,187.79652103778056
2018-06-30,etfs_oceania,197.49800546746079
2018-07-31,etfs_oceania,191.9240309577335
2018-08-31,etfs_oceania,213.29368799382866
2018-09-30,etfs_oceania,203.6276533883182
2018-10-31,etfs_oceania,174.74759743230618
2018-11-30,etfs_oceania,188.99758059736465
2018-12-31,etfs_oceania,183.63185930976854
2019-01-31,etfs_oceania,185.45794675363533
2019-02-28,etfs_oceania,192.5391681481396
2019-03-31,etfs_oceania,208.28005096801155
2019-04-30,etfs_oceania,212.0751024467327
2019-05-31,etfs_oceania,211.62709420952584
2019-06-30,etfs_oceania,214.60995301685045
2019-07-31,etfs_oceania,214.46998020890584
2019-08-31,etfs_oceania,225.99274461574015
2019-09-30,etfs_oceania,229.01494691344925
2019-10-31,etfs_oceania,222.27304608717532
2019-11-30,etfs_oceania,242.64499512179114
2019-12-31,etfs_oceania,240.48923204222334
2020-01-31,etfs_oceania,248.423600143546
2020-02-29,etfs_oceania,242.3132657051765
2020-03-31,etfs_oceania,226.60595017818653
2020-04-30,etfs_oceania,254.72480312881197
2020-05-31,etfs_oceania,272.91659827955897
2020-06-30,etfs_oceania,299.28784597131005
2020-07-31,etfs_oceania,295.4936158987356
2020-08-31,etfs_oceania,320.77858392031516
2020-09-30,etfs_oceania,317.9821023723576
2020-10-31,etfs_oceania,331.90332796664876
2020-11-30,etfs_oceania,348.04215038073283
2020-12-31,etfs_oceania,354.97576724634314
2021-01-31,etfs_oceania,369.3136815781925
2021-02-28,etfs_oceania,367.10020849749753
2021-03-31,etfs_oceania,384.6370714963443
2021-04-30,etfs_oceania,370.0499658531319
2021-05-31,etfs_oceania,361.0061291457469
2021-06-30,etfs_oceania,337.9735771937573
2021-07-31,etfs_oceania,344.32052704035357
2021-08-31,etfs_oceania,361.0364963755914
2021-09-30,etfs_oceania,364.10016939043544
2021-10-31,etfs_oceania,398.5730746014024
2021-11-30,etfs_oceania,364.4324397959598
2021-12-31,etfs_oceania,375.33069502557413
2022-01-31,etfs_oceania,325.7206605561657
2022-02-28,etfs_oceania,328.94271519345085
2022-03-31,etfs_oceania,320.8487539648854
2022-04-30,etfs_oceania,305.28545369699305
2022-05-31,etfs_oceania,289.686227848304
2022-06-30,etfs_oceania,286.9289423698051
2022-07-31,etfs_oceania,309.0234425172447
2022-08-31,etfs_oceania,295.2532635058695
2022-09-30,etfs_oceania,276.5427370686509
2022-10-31,etfs_oceania,286.6172893927295
2022-11-30,etfs_oceania,322.8714914694959
2022-12-31,etfs_oceania,316.82842943706225
2023-01-31,etfs_oceania,336.10045960836544
2023-02-28,etfs_oceania,317.64494217980626
2023-03-31,etfs_oceania,314.63061507565294
2023-04-30,etfs_oceania,308.74254736820524
2023-05-31,etfs_oceania,296.79766406333044
2023-06-30,etfs_oceania,298.79601488181436
2023-07-31,etfs_oceania,298.9013359805054
2023-08-31,etfs_oceania,287.07157419137036
2023-09-30,etfs_oceania,287.7269266475546
2023-10-31,etfs_oceania,274.6932234609305
2023-11-30,etfs_oceania,293.5158588381485
2023-12-31,etfs_oceania,315.0948867374922
2024-01-31,etfs_oceania,308.71851984890793
2024-02-29,etfs_oceania,308.3488153468748
2024-03-31,etfs_oceania,316.1157659252503
2024-04-30,etfs_oceania,311.22666852383935
2024-05-31,etfs_oceania,333.67412400987916
2024-06-30,etfs_oceania,351.42848031590665
2024-07-31,etfs_oceania,366.33292637990655
2024-08-31,etfs_oceania,385.151908691936
2024-09-30,etfs_oceania,381.3938944559744
2024-10-31,etfs_oceania,382.3213440840688
2024-11-30,etfs_oceania,414.2759470525295
2024-12-31,etfs_oceania,394.9505198642353
2025-01-31,etfs_oceania,380.5423913803272
2025-02-28,etfs_oceania,362.583556650689
2025-03-31,etfs_oceania,352.23755019714207
2025-04-30,etfs_oceania,354.97470385706646
2025-05-31,etfs_oceania,373.56473402420016
2025-06-30,etfs_oceania,374.4116833373574
2025-07-31,etfs_oceania,376.53015184187285
2025-08-31,etfs_oceania,372.23786221800117
2025-09-30,etfs_oceania,369.7832579032908
2025-10-31,etfs_oceania,372.21755252719254
2025-11-30,etfs_oceania,362.96433778975967
2025-12-31,etfs_oceania,377.6854734921938
2026-01-31,etfs_oceania,375.15160276213663
2026-02-28,etfs_oceania,389.141794166906
2026-03-31,etfs_oceania,363.06925010333487
2026-04-30,etfs_oceania,368.9873318576469
2015-02-28,etfs_brasil,107.70873368994202
2015-03-31,etfs_brasil,107.62744728559883
2015-04-30,etfs_brasil,114.74595493715942
2015-05-31,etfs_brasil,110.07118460284502
2015-06-30,etfs_brasil,109.44431980667207
2015-07-31,etfs_brasil,105.16850640488586
2015-08-31,etfs_brasil,96.21397880066971
2015-09-30,etfs_brasil,92.7490757165278
2015-10-31,etfs_brasil,96.32455923264094
2015-11-30,etfs_brasil,94.56930275092205
2015-12-31,etfs_brasil,90.6565926818952
2016-01-31,etfs_brasil,83.3240266734984
2016-02-29,etfs_brasil,87.86989955497032
2016-03-31,etfs_brasil,100.5880594522355
2016-04-30,etfs_brasil,106.94523468690338
2016-05-31,etfs_brasil,98.94558387025438
2016-06-30,etfs_brasil,106.65930659923663
2016-07-31,etfs_brasil,120.59660902068825
2016-08-31,etfs_brasil,120.86734494103601
2016-09-30,etfs_brasil,121.63518941268158
2016-10-31,etfs_brasil,132.74183747476005
2016-11-30,etfs_brasil,124.66216016257101
2016-12-31,etfs_brasil,121.81381869932768
2017-01-31,etfs_brasil,133.359107310998
2017-02-28,etfs_brasil,139.25124436329847
2017-03-31,etfs_brasil,136.27051109285966
2017-04-30,etfs_brasil,139.02754727600535
2017-05-31,etfs_brasil,135.57737992872626
2017-06-30,etfs_brasil,136.04419397729467
2017-07-31,etfs_brasil,144.77554381604088
2017-08-31,etfs_brasil,156.38232194740988
2017-09-30,etfs_brasil,162.6875786206248
2017-10-31,etfs_brasil,161.86594114269047
2017-11-30,etfs_brasil,156.92431647328883
2017-12-31,etfs_brasil,167.88721726583526
2018-01-31,etfs_brasil,180.5592037632158
2018-02-28,etfs_brasil,180.5199816634963
2018-03-31,etfs_brasil,180.55129807585467
2018-04-30,etfs_brasil,183.3344935142083
2018-05-31,etfs_brasil,163.04305153210092
2018-06-30,etfs_brasil,155.94538605780346
2018-07-31,etfs_brasil,166.75410914296347
2018-08-31,etfs_brasil,160.7479793560412
2018-09-30,etfs_brasil,162.0322692907658
2018-10-31,etfs_brasil,179.9890741767153
2018-11-30,etfs_brasil,187.39814211965572
2018-12-31,etfs_brasil,186.63297674474015
2019-01-31,etfs_brasil,205.8453716604219
2019-02-28,etfs_brasil,204.32019738085208
2019-03-31,etfs_brasil,201.7191694486545
2019-04-30,etfs_brasil,204.35871156642372
2019-05-31,etfs_brasil,207.02105848191997
2019-06-30,etfs_brasil,218.185578645171
2019-07-31,etfs_brasil,226.16551388936958
2019-08-31,etfs_brasil,227.02059590754402
2019-09-30,etfs_brasil,232.29788629105173
2019-10-31,etfs_brasil,237.70284725015776
2019-11-30,etfs_brasil,244.7821791016439
2019-12-31,etfs_brasil,268.2414459377171
2020-01-31,etfs_brasil,265.89395031559997
2020-02-29,etfs_brasil,245.06986125975746
2020-03-31,etfs_brasil,161.07737537107204
2020-04-30,etfs_brasil,182.18754167912692
2020-05-31,etfs_brasil,194.6370072530749
2020-06-30,etfs_brasil,216.7967216063192
2020-07-31,etfs_brasil,236.1279387880748
2020-08-31,etfs_brasil,229.85804486612506
2020-09-30,etfs_brasil,218.67588895829675
2020-10-31,etfs_brasil,215.68094721762176
2020-11-30,etfs_brasil,251.64552539395171
2020-12-31,etfs_brasil,272.82818306252796
2021-01-31,etfs_brasil,261.593521386704
2021-02-28,etfs_brasil,252.85641491073116
2021-03-31,etfs_brasil,267.5051406883241
2021-04-30,etfs_brasil,276.67807528262983
2021-05-31,etfs_brasil,293.68521522092425
2021-06-30,etfs_brasil,294.99262567264867
2021-07-31,etfs_brasil,281.23840229789175
2021-08-31,etfs_brasil,272.17569638077487
2021-09-30,etfs_brasil,254.20732140068188
2021-10-31,etfs_brasil,229.91676512564237
2021-11-30,etfs_brasil,225.9017982664021
2021-12-31,etfs_brasil,233.38720931119892
2022-01-31,etfs_brasil,245.51013395549566
2022-02-28,etfs_brasil,240.30285370002048
2022-03-31,etfs_brasil,258.4074363735481
2022-04-30,etfs_brasil,233.7252264444241
2022-05-31,etfs_brasil,236.62377219227602
2022-06-30,etfs_brasil,203.72709372804258
2022-07-31,etfs_brasil,213.15600963088878
2022-08-31,etfs_brasil,232.58850015358647
2022-09-30,etfs_brasil,231.79988902680876
2022-10-31,etfs_brasil,245.75480031406488
2022-11-30,etfs_brasil,228.16843649253588
2022-12-31,etfs_brasil,221.45699838912284
2023-01-31,etfs_brasil,228.87229614481916
2023-02-28,etfs_brasil,207.0677444309136
2023-03-31,etfs_brasil,203.71231655474088
2023-04-30,etfs_brasil,207.5732868194585
2023-05-31,etfs_brasil,225.036634397621
2023-06-30,etfs_brasil,245.12621849386863
2023-07-31,etfs_brasil,252.98971492631276
2023-08-31,etfs_brasil,237.193511270097
2023-09-30,etfs_brasil,235.1668372112924
2023-10-31,etfs_brasil,222.89147325106765
2023-11-30,etfs_brasil,251.4481817781185
2023-12-31,etfs_brasil,266.4849516229194
2024-01-31,etfs_brasil,251.8647945078075
2024-02-29,etfs_brasil,253.33949413217488
2024-03-31,etfs_brasil,255.3825357435296
2024-04-30,etfs_brasil,243.42223678752597
2024-05-31,etfs_brasil,235.32644554832828
2024-06-30,etfs_brasil,236.52183029568823
2024-07-31,etfs_brasil,242.63099061282745
2024-08-31,etfs_brasil,256.2620309427214
2024-09-30,etfs_brasil,246.23557611471315
2024-10-31,etfs_brasil,243.26300324112103
2024-11-30,etfs_brasil,234.55214649625898
2024-12-31,etfs_brasil,220.44843487715616
2025-01-31,etfs_brasil,232.82337893686042
2025-02-28,etfs_brasil,225.1536587144207
2025-03-31,etfs_brasil,239.47155118504017
2025-04-30,etfs_brasil,253.90034555623467
2025-05-31,etfs_brasil,263.8559878686963
2025-06-30,etfs_brasil,267.3910045921155
2025-07-31,etfs_brasil,252.7972111724324
2025-08-31,etfs_brasil,268.0195149704306
2025-09-30,etfs_brasil,275.4000531811732
2025-10-31,etfs_brasil,278.93712533298753
2025-11-30,etfs_brasil,296.07769562685814
2025-12-31,etfs_brasil,292.9857827955684
2026-01-31,etfs_brasil,326.50070296563285
2026-02-28,etfs_brasil,336.2789573737756
2026-03-31,etfs_brasil,326.99171890735903
2026-04-30,etfs_brasil,342.08556201953553
