data,etfs_com_tudo,etfs_com_ouro_btc,etfs_com_btc_petroleo,etfs_com_btc,etfs_com_ouro_petroleo,etfs_com_ouro,etfs_america_norte,etfs_com_petroleo,etfs_todos,etfs_exterior,etfs_global,etfs_desenvolvidos_emergentes,etfs_latam,etfs_asia,etfs_europa,etfs_oceania,etfs_brasil
2015-01-05,98.8796560218464,98.99723438849274,98.7226602600361,98.83866193087587,99.28373527307166,99.42217994443284,98.92698355306678,99.13662285083794,99.27470636591278,99.42762661468029,99.3583287258054,99.52905534570617,98.7693424624134,100.39223552465475,97.9616173408037,100.7967664503543,97.59258362947014
2015-01-06,98.72122483245988,98.9662938925736,98.49813357145446,98.74378797040931,98.93794816567069,99.20178813952852,98.12178052692673,98.71460057278945,98.97982188175598,99.1292433859733,98.75068146378801,99.15154197549907,99.38739417726457,99.23235894723229,97.50889927276974,101.50838908909333,97.33556724846936
2015-01-07,99.96777361515613,100.20583351804686,99.82107627935848,100.0627222810706,100.13635404388286,100.39081644396484,98.78253952534679,99.990830891946,100.24977755917402,100.25222163079187,99.71695618971684,100.46104884833503,100.41030325018194,100.787152586425,98.21047292970304,101.89384309354233,100.19263114852592
2015-01-08,100.61507944044168,100.86467553657614,100.53085021867363,100.78713696045986,100.97519162393347,101.24983630640736,100.14604210172506,100.90212285034714,101.18528352725748,101.17204173559593,100.65239881882957,101.52148336210499,100.70179967690618,101.7399578256903,99.32069855985829,102.39486835188035,101.30029650821082
2015-01-09,99.51560671291834,99.80663818457367,99.37680372303785,99.67381703464572,99.7639215353244,100.0770501723205,98.61189925961877,99.62949081101868,99.94997110632353,100.0059452221543,99.27177487193129,100.29940077771779,99.83637137055058,100.84199602704373,97.66313215472977,101.95419469450309,99.30302031992188
2015-01-12,97.39220361766544,97.82358729806704,97.18081745672521,97.62045836701562,97.89641276143473,98.36699787174395,95.84935812927104,97.6961656821271,98.1774775598614,98.24959490387896,97.63712164419096,98.62349977229928,97.71027854223091,99.4931802500386,96.66883789677301,100.18354049554947,97.35483008388117
2015-01-13,98.55565334443685,98.92825101631107,98.33687990137851,98.71519659286324,99.64751743073475,100.08303085712585,97.08845742677916,99.46182278946803,99.90737874733391,100.15536792762103,99.47100432579819,100.9172797422332,98.87258136687966,102.03290406059627,98.67769996338913,101.53860300163848,97.16711493209961
2015-01-14,96.47283931943504,96.6620006359242,96.22811426190361,96.41489913708689,98.3056641498482,98.58129206022058,95.7062543689446,98.12081274382703,98.40013520646562,98.5875958559298,97.94017332056896,99.41619681447439,97.2626360666789,100.31461169023584,97.43542441395313,99.96095754995929,96.30723458085907
2015-01-15,96.23470892134473,96.61808297088493,95.92780398893814,96.31343897378083,97.42625199888825,97.88035946602929,93.60820528303225,97.15105221447551,97.61190796843185,97.67045710134127,96.92449909378412,98.68911920571647,95.35270663588278,100.48719190785344,96.4646355669781,99.82639461834991,96.90486369038365
2015-01-16,98.35143883560293,98.5978306088367,98.03267244942806,98.2758093357991,99.64496582598336,99.95925279774971,96.37021606020649,99.36113815000948,99.67638931341017,99.77779802648399,99.05113733378454,100.58893593038229,97.43729940826907,102.06364219201842,99.43691027156159,101.32758968755505,98.50014587796049
2015-01-19,98.25352666404922,98.49589785893662,97.93132397328897,98.1701455055739,99.4500708174866,99.75592268837255,96.37021606020649,99.15902468354773,99.4651864714379,99.77779802648399,99.05113733378454,100.58893593038229,97.43729940826907,102.06364219201842,99.43691027156159,101.32758968755505,95.99561967422385
2015-01-20,98.53701866803128,98.95382182465575,98.15950466540426,98.57678647011538,99.76632715579741,100.2573210890501,97.07662870751396,99.41825858604204,99.91416023490017,100.25319712609904,99.68847496291325,101.07808199954502,98.13123819339059,102.55428991915771,100.34956018931489,100.24129719238803,96.16420562645473
2015-01-21,98.65794315242525,99.0709920353249,98.33659246075436,98.75248226755394,99.6682459429173,100.14539834860561,96.68903665339438,99.37137662398571,99.85530622330678,99.97940372003711,99.01795293524742,101.00770156560466,98.20986723962642,102.39622728804608,99.8123799772278,99.01438069990157,98.37335343480895
2015-01-22,99.10727070369299,99.63662430620543,98.79153408796006,99.32825014773738,100.05065797100976,100.64705777909357,97.39439658643305,99.75723565274205,100.36519107323831,100.4931643907981,99.37039262872561,101.5589318833938,99.44265640302811,103.07071916928588,99.64756866497783,97.82283416616781,98.84058033106881
2015-01-23,97.52863938204256,98.11680437431109,97.22606648040741,97.82432128450095,98.4434224715161,99.10033738509195,96.07029223093747,98.162714825206,98.83410006282931,98.94711009252842,97.72140539819401,99.87819130356243,97.40057910338169,101.9528728107745,98.17819630734799,96.04150674392893,97.4735152916771
2015-01-26,98.87033840444856,99.53702440606972,98.64214723585127,99.32530509555161,99.17751228156484,99.88833355171678,96.8346661534524,98.95244731951813,99.6825686633784,99.9771519631295,98.87175104280716,100.84263976538502,98.10607325921109,102.69940852763952,100.3530463878225,96.66661800364244,96.35325588012519
2015-01-27,98.63865904034593,99.21447382896751,98.35549124048926,98.94174420990454,99.07263706377631,99.69463502376456,95.6291185212106,98.79498607326958,99.43017602483812,99.69219482065611,98.54255614951754,100.76746534525773,98.55370125509927,102.46075663124891,100.07540562029746,97.15344876668127,96.44661115401189
2015-01-28,96.6744156787187,97.3219848159618,96.36677736737921,97.0262767204855,97.46528047400116,98.17886862534365,93.41632395003667,97.17526059647659,97.90496640420051,98.18161906928131,96.86046392011541,99.14652900491329,96.46707890438769,101.47322237405464,98.00906780720427,96.47955410776491,94.76866374049793
2015-01-29,97.16171064730491,97.79871060102721,96.94572236178746,97.59859442057909,97.97636455628111,98.67997918881768,94.24691244013766,97.78335556305473,98.50751695868408,98.82943072727535,98.0216888056073,100.0505088546362,95.91202268269339,102.02806986141475,100.08575438168043,95.9615289313067,94.88942483873693
2015-01-30,96.9469016728295,97.27477373881591,96.59994378787246,96.92582041662068,97.82732286247612,98.2096771434523,94.86967628049652,97.49941872238533,97.88285441247636,98.30695859532658,97.59866765148931,99.06587782861297,95.51199751839033,100.83572968767143,99.31878459345329,96.28718015317584,93.18686543907214
2015-02-02,101.40009057272404,101.62874516337182,101.12748462956233,101.353835688514,102.17796688894576,102.45159225382274,99.4206282946243,101.92455480760958,102.19858299154446,102.91537322115285,101.8713502811097,103.58667793836374,100.04976372906063,105.51726418944773,103.9876406011964,100.38327217218308,94.43865745053127
2015-02-03,104.43654246787,104.51028862494896,104.25145357317113,104.32086199068871,105.47351266996526,105.59583270565776,102.81613349941775,105.32162772183644,105.44298146337255,106.29264223803558,105.1047492369247,106.96054564897415,104.09215196906632,107.69862309102945,108.13762499068291,104.51594835469022,96.32520797339895
2015-02-04,102.47266442928063,102.78865707845979,102.24615628887508,102.56535176566119,103.469577810973,103.84476101550158,100.87190454534851,103.27258239935439,103.65500824256218,104.3071676820106,103.24555561552909,105.07853204694406,101.88680141113086,106.61589024764235,105.1783759053247,102.64652117423626,96.51701204016474
2015-02-05,105.0708399959365,105.26069504793753,104.8624117391916,105.05151820230903,106.29803017231364,106.5507501881563,103.77395954049544,106.12885867008724,106.38525376851152,107.25584141382373,106.22148134659038,107.81601559951504,105.28326458534494,108.56251939414288,108.7067746221925,105.9847659677082,97.01082294218418
2015-02-06,104.22061020586975,104.27757067529701,104.08081229305009,104.1348506838742,105.30266965371023,105.4093154506635,103.60164454338216,105.20014517748793,105.30755101868046,106.15988308410293,105.29898521578234,106.43672537593763,104.77833615397809,107.34961388140843,106.64957516620352,105.19663364178588,96.12197001883474
2015-02-09,105.38907703475897,105.37339728693573,105.21897666981252,105.1963503142141,106.51237025276916,106.54436934732581,104.80396357377673,106.37962504200098,106.40806687575702,107.2777580100751,106.37351757312305,107.57197131602707,106.66634280981869,108.15401047182513,107.30367864986914,106.62565683578751,97.04231316784583
2015-02-10,105.0387061446985,105.19833154827589,104.89873832103125,105.05932016494057,106.16926678033343,106.38589156528187,105.19659166889137,106.06847761129801,106.29032992101915,107.25892729220881,106.76217969322362,107.39087271144257,105.95917155570585,108.21877452444765,107.8648990111469,106.4148229361106,95.94119914376556
2015-02-11,106.60293891852051,106.82442817752403,106.47525514174741,106.70061041494114,107.72792507759839,108.00939642771716,107.56060818566225,107.63987046990029,107.92978104847639,109.19114923212676,108.89160377902178,109.25382414831384,107.07535602969844,110.67947082766945,109.84890938285372,107.81301241418471,94.68735974974112
2015-02-12,109.59626464598537,109.73889153558068,109.52066639548195,109.66631652213812,110.7694922831156,110.97011207632121,110.11501051702619,110.73814802115007,110.94644615474995,112.31855532254293,111.70569905233951,112.5554513614196,111.76809383645401,113.12792633155912,113.9592682242314,109.75078839993601,96.61384963761202
2015-02-13,109.1781750565074,109.28040739237856,109.13550538901393,109.24053357118224,110.1447427912393,110.29421958897655,109.47309688546272,110.13981338601533,110.29599717907963,111.38404457015396,110.53828366159242,111.5923631114905,110.97389886977771,112.18427991445277,112.36189442854243,109.1943656770093,98.65909180311485
2015-02-16,109.17078710826205,109.27272810827115,109.12783628736904,109.23255002977817,110.1447427912393,110.29421958897655,109.47309688546272,110.13981338601533,110.29599717907963,111.38404457015396,110.53828366159242,111.5923631114905,110.97389886977771,112.18427991445277,112.36189442854243,109.1943656770093,98.65909180311485
2015-02-17,109.63477157976816,109.70504846192628,109.66637513292268,109.74122897987282,110.46156985253805,110.57172320821064,110.02622727360335,110.52902184368953,110.64736784818649,111.77113933600134,111.0475726585884,111.9498527891823,111.35600770021827,112.44961184995603,112.59887441841047,110.25426047466101,98.65909180311485
2015-02-18,109.65330533575954,109.83774463259543,109.67407814797947,109.86725922174881,110.60843082478118,110.84351766448096,109.63271119618612,110.66974494956827,110.91805728995845,111.92780848388455,111.47964633777485,112.34091568118049,111.44229385744265,112.90214388933076,112.90786121240959,110.33698063626593,100.03423495391795
2015-02-19,109.8177089205207,110.03154747102302,109.84699237099261,110.07111356559037,110.69670843766362,110.95943896176075,109.93856369583403,110.76386619112006,111.04125099562063,112.05294876811682,111.77171546173186,112.47960078197117,111.20731974047133,113.13976956151262,113.16088510730083,110.05196050355686,100.13722887232804
2015-02-20,111.38680241709818,111.72114765062831,111.45748952158768,111.80873267288148,112.23259020983116,112.62031030697983,111.36649621556936,112.34182824232238,112.75137701308336,113.94895010872612,113.86023737966147,114.5256282888425,112.84840367652251,114.88155644953525,115.67798016934027,111.83466924067855,100.00538645029448
2015-02-23,110.82103152957458,111.25510311051153,110.8628082435079,111.31659596081825,111.72595103463938,112.22079729235548,111.27784857428115,111.80730652772763,112.32730619029168,113.51813929925521,113.54554918646176,113.88564868165842,112.76066206788293,114.03906207562726,115.25929588443307,111.5272489898522,99.65083887302332
2015-02-24,111.92520804418346,112.4070031773271,112.00040729320465,112.50533665683949,112.86888957069922,113.41551947648372,111.9250088901681,112.98688700029922,113.56258609954331,114.77993592567142,114.50033924657801,115.3666062563501,114.39520074600789,115.43905393671477,116.7092257789967,112.18379424916797,100.61711779126729
2015-02-25,111.52177795719093,111.86758451413108,111.59135934441184,111.95448558419956,112.49600039594372,112.9013139178387,111.31501861520138,112.60935744857024,113.03744308313625,114.20502905638908,113.84535658840082,114.64280051204013,113.57029195467952,114.75908268163471,115.97474345215409,113.22046703623434,100.57741376010448
2015-02-26,111.66831888136734,112.14608914585101,111.71212273462837,112.21147975309165,112.65073736872242,113.19491955509848,111.22884488440586,112.73737810384601,113.30907431785808,114.4043785588185,114.0892906760505,114.91331073888811,113.50235359215289,115.4861863651037,115.96745683900875,113.16321603739992,101.54650675356471
2015-02-27,113.29327353033682,113.76937680527435,113.34264676723242,113.84052112530017,113.97543159252797,114.50432202542275,112.17343307584304,114.05567555695167,114.61112883178039,115.9583628074757,115.4444387349049,116.41835130166052,115.70935601911233,117.17035916871032,117.69877491103347,115.26213896844494,100.37651514093746
2015-03-02,111.24909916658272,111.6884506058674,111.33885901963139,111.80028361963481,111.5744066824248,112.04883272376387,109.84645786961482,111.68236744901367,112.18232403100636,113.34104846220616,113.06984601178802,113.72302158230244,112.2067184001451,114.88670451932678,115.2286115679213,112.69987285378025,99.77247996540767
2015-03-03,113.03122506479697,113.42113309857136,113.11456529509212,113.52423384187074,113.25017640687672,113.66831604873033,111.82167470161907,113.3470946369163,113.78784068926468,115.07940995917996,114.67717531226249,115.25622057264486,114.27634740500594,116.63204116899128,116.31895557867628,114.98691674994302,100.07461405389952
2015-03-04,113.7589351279902,114.00217835850925,113.83160994192718,114.0881426054872,114.08908611826362,114.35925078446733,112.82508362596946,114.17944363681247,114.46558925635095,115.9779332623446,115.49914772819663,115.88270304843655,115.26825160213608,117.35008160608609,117.37427036563876,116.13798284008645,98.63239594093706
2015-03-05,115.21136442345275,115.51877570617731,115.28006522821106,115.60321843678354,115.48623958624044,115.8210312774999,114.3818966658166,115.5702085642738,115.9234593863851,117.60440663968137,117.43691354691444,117.7216126043433,116.94908445141994,118.87334682525427,119.56243954339709,116.70322124652108,98.49154141800813
2015-03-06,114.5993407056534,114.95129076759152,114.72353055212956,115.09541788161796,114.86236216171572,115.24307261921942,113.82007428359435,115.0036958332824,115.40739149641377,117.10878831293876,117.0179805277154,117.21028027544287,116.41307042986224,119.08533077044923,118.3490490510525,116.00071566037649,97.79575159384754
2015-03-09,116.71343784212394,117.04242019054811,116.83321026603592,117.18098989471729,116.70033395082268,117.0451434227188,115.97366461206764,116.82568242780218,117.19120582655461,119.29107500736824,119.38807273565301,119.23689231533669,118.0774099652333,120.98510110719631,121.31715844132512,118.71854823992882,95.88857987118729
2015-03-10,116.8736567658759,117.22278374643362,116.9257346484807,117.29157224654946,116.7361459669303,117.0965522106095,116.54326168190774,116.78598323811087,117.16438122726575,119.36244988418653,119.62645923263098,119.20148872787412,118.46462263701638,121.3573647554967,120.85702905371927,118.2357877704711,94.99409944010013
2015-03-11,116.63216335589155,117.03672190144603,116.73208822530188,117.15767747345018,116.44539665137121,116.86125371776845,115.55572126216451,116.54294051676544,116.98128075089087,119.00229697939595,118.95973184949536,118.93209264583501,118.63451420503361,121.26939842525097,120.50892862698079,116.80121547120828,96.36554497290494
2015-03-12,118.487949732105,119.01812685115524,118.62550529623786,119.1835213897068,118.36379037962838,118.9128939540812,116.99972338594318,118.50298824430807,119.08217261810967,121.32145804254135,121.37940423057697,121.05162857837539,121.18685870396871,123.66300612327743,122.39204600914499,121.4260117462705,96.47525467991068
2015-03-13,118.55896584074384,119.20914050700591,118.63984882935728,119.32029145705958,118.52582754694228,119.20370047866307,117.79330204126938,118.6098998151926,119.32083216498488,121.63291598718978,122.01413613998699,121.32345641091872,121.23447563985725,124.06387748171277,122.96878589019093,120.9023624060003,96.0710779735809
2015-03-16,122.65118504399868,123.48933344328448,122.77716721098055,123.65535476053087,122.5700708104406,123.44133510400637,122.44660745366254,122.69912569530135,123.61386362920793,126.38475993851806,126.64901780006505,125.92839188216267,126.06908865057432,128.52513411394028,128.40212473990667,125.7046403437178,96.2640596346269
2015-03-17,122.81007210683173,123.77189523300301,122.97108788903712,123.97973120591088,122.82064110999562,123.82482712344999,122.15095993653198,122.98987739860596,124.04525426620026,126.60026965710802,126.40988952965562,126.3973183469503,126.88806249866794,129.46655474816774,127.72474821558887,124.43279746921698,98.48976419495628
2015-03-18,124.92002676992885,125.73630126390931,125.06731468919554,125.9236473321804,125.49072277035353,126.37069203007054,124.35415357152111,125.66891027535694,126.5950939269989,129.20823455353946,128.80499351393513,129.22799870722557,129.6631808126195,131.6068591014456,130.29120027717582,127.61120174124312,100.46632684988586
2015-03-19,122.57098220628322,123.51734291527039,122.67008024588608,123.6596483916873,122.99554842637998,124.00458337611751,122.49935604148037,123.11730510351431,124.17540373013804,126.61773003405985,126.48398137253085,126.35406108369651,126.88329106013035,129.44173612101756,127.25179088687517,124.87279255386206,99.5798446158256
2015-03-20,127.006811149454,127.94688790655788,127.11925288212012,128.10290303070659,127.49644264817502,128.50208628202182,126.5044667742883,127.63482950019814,128.69021083226352,131.4508753555012,131.49394447370494,131.43622536442078,132.0631636080125,132.97736821020158,133.58810844433043,131.28561890546845,101.21463868910342
2015-03-23,125.13477857016282,125.98413933640164,125.2408937459592,126.12978945039059,125.55134296340451,126.45870875244401,123.66911167655981,125.68010603511168,126.63249086202617,129.10543771161562,129.1540677596817,129.36091467585766,129.71914140414717,130.42390615063454,131.114050717463,129.886633041987,101.65927754740827
2015-03-24,121.32629484538846,122.14423769349962,121.41498203387364,122.27035443668142,122.09878858283925,122.99024135594203,119.34100520677096,122.22395211660893,123.15957258927452,125.29286049400463,125.00083396017381,125.59195573105899,126.00416754717511,126.72997526239567,127.24699262757315,125.80583914417316,101.22578954835866
2015-03-25,120.88528696658491,121.5114277254157,120.93834660183198,121.59235405310322,121.61450348303701,122.30304755315254,118.66390496607873,121.70058810995734,122.42261630395173,124.45445693972432,124.10876221977891,124.67691259650397,125.89600817190716,125.80416248754017,126.87083717971548,124.50143447239226,101.40820259037599
2015-03-26,122.44354040634677,122.81365762129207,122.43562277564052,122.82040594682793,123.10609699296744,123.52357854842843,120.6950029133246,123.12566104564331,123.56187330990869,125.92499125724905,125.78971212197172,126.15131953417256,126.00554312827694,127.63092382169363,128.17503149839865,126.29910568463245,99.55212389569579
2015-03-27,121.62183003277023,122.26006918267551,121.62561111663739,122.28976138130281,122.30299908638047,123.00173942624674,119.94734691492862,122.33553767276828,123.06540510885984,125.47745211254917,125.35325615120634,125.76071209638522,125.7444373742074,127.31291696495464,127.70312405240227,125.33911215086289,98.64405735838446
2015-03-30,124.72706025024407,125.38523227082776,124.81388937541904,125.50256963070254,125.4447913230982,126.16605841362558,124.11451188099383,125.56570592192232,126.3232844416384,128.88854429438086,128.48318972450244,129.33795400644925,128.6621519902692,131.64034171977283,130.66359116906673,126.07368019937317,100.48268856917157
2015-03-31,123.22028531994972,123.94350826584319,123.27436507030735,124.02926889803767,123.95774684462748,124.74800138623698,122.4939313731024,124.0451982065504,124.87312923794363,127.29440483748505,126.5410699136619,127.62414356983007,127.70804183942049,130.1994712179725,127.95834005220341,124.4074294953437,100.31140078426057
2015-04-01,123.098449294419,123.66461389591001,123.12291621057152,123.71299350302853,123.82707811318755,124.45252104756739,120.70669388561508,123.88317895517307,124.53773513644164,126.69180921760066,125.51526731942697,127.45831319127146,127.9060338503931,129.75245907429874,127.48835002681965,123.16091728076603,102.30178589002304
2015-04-02,123.20264487441217,123.81478421303088,123.28009126100076,123.92038417455665,123.86248617957337,124.53293455935747,120.0431900732066,123.97124283820946,124.67519558020463,126.68874062181443,125.39771288526198,127.80294163480508,128.28210569438977,129.9222716998126,127.49388320821717,122.637662473924,103.6840482658139
2015-04-03,123.16537157427729,123.77588500705481,123.24136004087072,123.87989449666843,123.86248617957337,124.53293455935747,120.0431900732066,123.97124283820946,124.67519558020463,126.68874062181443,125.39771288526198,127.80294163480508,128.28210569438977,129.9222716998126,127.49388320821717,122.637662473924,103.6840482658139
2015-04-06,123.2428199140275,123.68827282175997,123.32860672316623,123.79577847471137,123.92237205695827,124.41930607408761,119.72307896453789,124.04066127163642,124.56411679093652,126.3917929849294,124.80287740125355,127.52470017822534,128.8490508328301,129.34059494231497,126.98747972006963,122.13671352153517,105.24881891535836
2015-04-07,123.08010929639022,123.35607493169847,123.18309726156951,123.47460521394129,123.79560261345146,124.11681441780198,119.57492559373514,123.93335671979904,124.27445206679921,126.12065211226584,124.65497527981589,127.2078558450764,128.9460280608055,129.0582277713425,126.55230154644033,122.06211233218647,104.79546298664863
2015-04-08,123.6224580289838,124.16193608200435,123.7676088635863,124.33522270549136,124.51033976275305,125.11466361083214,119.8379892618589,124.69930776646446,125.33796644087056,127.30254720508674,125.494365396838,128.95717596270035,129.28047562229915,131.46639863785774,126.74482273277043,123.51987212019313,104.75468098096093
2015-04-09,121.21586094992058,121.78289473863859,121.4179990240981,122.01687623011033,122.13993245724224,122.77478459761045,117.85017768052543,122.39011886790188,123.06352816495445,124.80718805420557,122.64500674990548,126.40430191718596,125.7206569649073,130.25683602508082,123.38754110749912,120.17035271596646,104.53076678620138
2015-04-10,121.81507130574187,122.294898643657,121.97408670933837,122.48014343864935,122.89978036641136,123.45048493772053,118.75551613565429,123.11152461801645,123.69524382636772,125.45269686340728,123.47041068454216,126.95875491045312,125.70560340435254,130.922086727032,124.38469538744212,120.43986713707456,105.02273554483406
2015-04-13,121.59831940194503,122.02040297383654,121.7571263956621,122.20303077085318,122.87836834061527,123.37717847287308,118.71983631599787,123.09805833351652,123.62798413848894,125.36044142620386,123.48587044533512,127.01867580553439,125.48758158197106,131.35007673549606,124.24361888500601,119.34664047250878,105.18700624534189
2015-04-14,123.79503225003153,124.15467509869403,123.99795557663764,124.38074486288309,125.22664392346643,125.66646631267533,121.23698787118636,125.49904879822068,125.96982047348375,127.96956867868903,126.04356200175656,129.7559222836784,128.1171117441458,133.62940873340023,127.01385347924747,122.53969262647497,105.01536754621321
2015-04-15,122.67314390184029,122.84797385147652,122.87395471839058,123.06410356737399,124.03152053777613,124.27361154907743,120.4899347590415,124.29862207034364,124.5626932233818,126.27174853525838,124.48978109934102,128.09941898263398,126.91293782115154,131.2545617242476,125.24564003248682,120.9738621461368,106.2647238185763
2015-04-16,121.68938210573268,121.83014578675034,121.92653307354963,122.08270556966565,122.9591054129979,123.16162171985465,118.81080542276356,123.26070657360097,123.48497559434455,125.12017321888358,123.11470278542471,127.23168256327149,125.73328281020237,130.06584478674557,123.2664127952569,120.90126017673839,105.8921466734296
2015-04-17,119.85443165108842,119.95716317817269,120.00542593139205,120.11840688694615,121.16256962187828,121.32667910053776,117.16607053986017,121.37524851241398,121.55553727460466,123.06499711772847,121.32240691350333,124.92450996997655,123.78826408442205,127.81039493133856,120.97090192442508,119.2872251167576,105.17030041943907
2015-04-20,120.5904085769063,120.68274037318754,120.77834323460657,120.88200654297074,121.87056941451742,122.02259274700535,118.96556990493798,122.12092937948462,122.29023200214873,123.91611669370984,122.55143070451058,125.78084353125392,123.80525931121078,128.55572111937317,122.2493862892009,119.66695407576073,104.79727246429218
2015-04-21,120.77889623679158,120.99221919934935,120.95889155139452,121.18826845741553,121.85809616248035,122.1290513975186,118.38298359526918,122.09163775441401,122.38437447178599,124.02018300810491,122.82597974335327,126.37947907095408,123.7752566668372,129.00760282598455,122.69374856040129,118.93833615413463,104.79727246429218
2015-04-22,121.15512993705373,121.41034545847229,121.41782717062628,121.69431288784689,122.27930133276959,122.59614125569264,118.92066593130986,122.60154461409999,122.94609382240837,124.48383199281628,123.12305404665318,126.98566255157083,123.93688846305129,130.23383107037907,122.58199967715804,118.87166158422926,106.25962381001983
2015-04-23,121.15916523137867,121.35082621595438,121.42030975747049,121.6304783539179,122.27026324576377,122.5198027567487,118.62005376685664,122.59031714684727,122.8644640708168,124.23394809056623,122.7771085389064,126.86973250417913,124.75946904355355,129.8216848881974,121.99368510782821,117.5484317124719,107.75932892427404
2015-04-24,120.05769690928547,120.28318119840151,120.3958161064687,120.6444644113555,121.27540697630756,121.5649388031127,117.56945835582985,121.68085539184305,122.0005400982992,123.15171460330194,121.75070241167774,125.82094014944498,123.58825625361398,128.23693448785565,121.19783311686344,117.499979809884,108.9926938580347
2015-04-27,119.56898143358163,119.84123565096183,119.82563001693502,120.11963463229709,120.83419080955437,121.17489634716082,116.46627319057734,121.15608232384862,121.52555740056063,122.79477049904395,121.05684761583817,125.44034699199958,123.57530008941475,127.74638299583943,121.76076741692891,117.28261128709414,107.37558039129263
2015-04-28,118.58265376730645,118.85100553671076,118.81470765422083,119.10360367402946,119.92328934650187,120.26312864373435,115.31325348184471,120.22256171129916,120.59012422141797,121.76860553336164,119.85384390537901,124.24497229622756,122.38134538997123,126.43974984872163,120.25811443345677,117.40248018889187,107.32781938413802
2015-04-29,118.41612175283036,118.52144588584197,118.63984341155654,118.75847689808452,119.71500566745277,119.88148881660024,116.07119757784939,120.00373425721943,120.18975497567868,121.47401864377593,119.91182040906776,123.92531109362648,121.72829473878602,125.96757441571735,119.81823779394927,116.33689795617235,105.90793545632349
2015-04-30,118.320632318951,118.30549247524131,118.5937418664887,118.58886938621987,119.37460626736626,119.40421714855611,115.65476683577376,119.70487951470732,119.74975741431722,120.88574565670262,119.40419354495644,123.30614306898909,121.18138578390456,124.85204282099566,120.20262971839043,115.74122325179401,106.89715630013048
2015-05-01,121.0091203519696,121.0319166998699,121.3178490438488,121.35394790353145,122.18117570490206,122.25543015163241,118.97749607527794,122.55386629434923,122.64716769837538,124.07654144064367,122.88220864353656,126.51940484256376,124.2144177586548,128.3086063304943,123.50710700920986,118.11200775404944,106.89715630013048
2015-05-04,121.6498011490913,121.72474694647437,121.94278025520096,122.03262336995353,122.71243688124704,122.83704328677014,119.0553862898816,123.0638451636759,123.20886042940344,124.47706167101846,123.04564697887716,126.92040213490318,125.08848537770739,129.49426560297482,123.41174151099474,117.93812081027578,108.97618150691302
2015-05-05,123.50618018231421,123.42846558391972,123.74974187077822,123.67839836312558,124.60292700833055,124.56875173752088,120.2693574592954,124.90390784671293,124.88085800591968,126.20261541401749,124.32552671261008,128.33746156674363,128.55944229526344,130.69210775038994,124.07633954715864,120.75177934921841,110.10501529318633
2015-05-06,121.54845708349622,121.4291777134874,121.76134409105393,121.64547635006278,122.72574331592638,122.65107910222166,118.51049532883245,122.99796963266793,122.9314432165247,124.21394173827329,123.00534470847666,126.48366299629782,126.81895465831343,127.758126742518,124.08133355376863,117.80260278783182,108.56500629994945
2015-05-07,120.24304890375306,120.25018369543135,120.47896675432601,120.49570130487264,121.24082571312775,121.29184232277366,117.53068614291877,121.52966611347478,121.59503650467762,122.77042628852723,121.93600106229016,125.06373453460075,124.99125814696737,126.50006226690307,122.71605037700073,115.52290054017385,108.28049873446253
2015-05-08,121.74100630928217,121.76689931598304,122.02649611912067,122.06476694622958,122.69273070687461,122.76160227246929,118.88719466769713,123.03160643635502,123.11773385569029,124.39083821659294,123.76749932427606,126.96509487126228,126.07835899919368,128.0903206797561,125.72602787594649,116.24054983476661,108.8312620050398
2015-05-11,118.97743988978485,118.98311416404516,119.24555382760336,119.26205040117723,119.91113496258386,119.95800524442137,115.84511794901806,120.23104707939079,120.2933903121081,121.29310612191253,120.87612784445088,123.68191286531108,123.68518386213093,124.89383777555685,122.86974987847066,112.30220357351499,108.68468553338215
2015-05-12,122.04147619506853,121.95076852718812,122.26278288851566,122.17692355076298,123.00623233080559,122.95338140381833,119.05163462788167,123.27836111925477,123.23451781830217,124.59687085917996,124.2164091089603,127.10432382797524,127.34767264304212,127.77905384874913,125.64416805844363,116.96672643047789,108.00855310469046
2015-05-13,120.93747149541392,120.89387669372131,121.09096689841525,121.05153323323452,122.0026424526413,122.00312635652608,117.52176732886798,122.20791612275004,122.21699531018662,123.56794409930644,123.13875090582049,126.12318777702403,125.99610710540654,126.59096407119483,124.26315112249893,117.52205115186256,107.11823182514235
2015-05-14,122.73217947506811,122.74582447427701,122.90240880678674,122.92324401912909,123.84221940729783,123.90462768268343,119.23479252832149,124.06692564200499,124.14143373192425,125.6062590039405,125.25442257015504,128.36776035802347,128.33944544011032,128.24605632180854,127.41657262557706,119.04696066882326,107.92188147027598
2015-05-15,121.40890825342514,121.4462208115901,121.5849778718764,121.6306998858397,122.5153413560324,122.60241667934531,117.60320339446233,122.74603341628246,122.84653998216635,124.03729546272567,123.53596719891587,126.87465867407286,126.59963323161546,127.20794677897787,125.21524239016661,117.00428148367727,109.24207360560614
2015-05-18,120.86772213640809,120.89992357763633,121.02021414813046,121.05966133135928,122.0346860534583,122.11884858868913,117.98990288219606,122.24316565854154,122.33968829532822,123.659040750012,123.41013701969001,126.18142262432738,126.1596834219036,126.97829475443952,124.79969059360701,115.44589001954671,107.4979198545417
2015-05-19,120.79804513045893,120.99032152091713,120.99022973918387,121.19797612342904,121.96292821731656,122.21516079567276,117.93892788427067,122.21301861390721,122.48669891789686,123.90266524484015,123.72421774137499,126.65944828955851,125.11104029364499,128.22092460230382,125.2752708597185,114.37373573559762,106.71839565245263
2015-05-20,121.8099509276798,121.95266675858296,121.99508931969075,122.15090484504184,122.94137982791509,123.14014705921336,119.02330432125422,123.18265120624514,123.40012145931563,124.95161788502233,124.84556665396782,127.8678284410296,125.75131551806624,129.3593613627549,126.67850407240013,114.8072432082125,106.33020677542886
2015-05-21,121.06252739344737,121.06735275579325,121.27962532224102,121.29312556104048,122.17810782372749,122.23140133972188,118.53684356607211,122.45227876619221,122.51932847747953,123.96504397467787,124.15664901834018,126.75594668244747,124.30218785149232,127.85619850788518,126.11785593087494,114.6853665427559,106.45777401196864
2015-05-22,122.16484720275564,122.21526858586557,122.3756764342441,122.4364313382551,123.17749931063899,123.27453300385942,119.63972819342112,123.4407211314156,123.55297696189895,125.23519994255761,125.01960535945089,128.0151449167677,125.07169463863231,130.564524400506,126.1449995182859,115.33886277305476,105.23696833777885
2015-05-25,122.19115540713446,122.24259992013057,122.40304364095427,122.46490736349018,123.18837683621098,123.28585454203265,119.63972819342112,123.45205793231328,123.56479686864662,125.23519994255761,125.01960535945089,128.0151449167677,125.07169463863231,130.564524400506,126.1449995182859,115.33886277305476,105.35778043144897
2015-05-26,122.38358684348101,122.48747899806037,122.58573624625176,122.70184953070734,123.38327827999183,123.53587229810444,120.31865826675757,123.63684741776979,123.80669770545492,125.6739769800668,125.52818392975847,128.33045782531792,125.12722661512188,131.739403537914,125.4687595408066,116.9004940469898,103.77239304291194
2015-05-27,124.84460845812781,125.01299764647851,125.06294717752343,125.24691007191116,125.87235617304009,126.09380678184898,123.4231828915822,126.14407685536848,126.38658465454174,128.42843691521938,128.78984642709165,131.24450016748855,127.48693683327994,134.1242916961541,129.24514508813778,118.72034954866248,104.70258193700029
2015-05-28,123.80146697753318,123.92401781438184,123.98775011734497,124.12262532011131,124.7931664562549,124.96500992286911,122.72717072713321,125.02974439618053,125.21892834850227,127.17658505521277,128.0620759328391,129.8631275995051,126.6486232721942,132.18774095016443,128.5702580843964,116.91802417680701,104.32114162356075
2015-05-29,123.85340911871725,123.76292158339297,124.00724897682392,123.91887456694283,124.82253093295186,124.77001883114951,122.98043083020977,125.02413650847377,124.97762947617237,127.10788330135499,127.84577229684832,129.45046414765847,126.60514654352149,132.31084140873858,127.48209503622896,118.03069414728944,102.52870534951923
2015-06-01,123.948441491784,123.82352941253288,124.08398626745212,123.9590468303601,125.18404561678696,125.10598644620717,123.77531304194407,125.37757512502439,125.30407879900463,127.41171208390114,128.41869598001904,129.8759484845441,126.54832192396965,132.87350939760125,127.56643380418842,117.90646854896436,103.0465984975345
2015-06-02,124.36305950075214,124.18840461846044,124.50527024956524,124.32880077388431,125.56643955671201,125.43485929848717,123.64277591245252,125.76563211589362,125.63652887865703,127.55960557974613,128.44560758525188,130.03326361261134,127.55145673143335,132.07398803042426,128.30642341237217,119.11984260038366,105.01164332421959
2015-06-03,122.57971952191662,122.51698776743049,122.74688063804429,122.68790550354652,123.75741184217908,123.74232784496107,121.99794482544229,123.98175021960097,123.97521186771105,125.82851493589402,127.3434268865774,128.4322124314455,124.91709462336344,130.41793810606626,127.97898449904557,116.97053357806757,104.02461825702373
2015-06-04,121.4635969055745,121.47092545150056,121.61259220977607,121.62586611970652,122.61293851399564,122.67028045727233,120.9713471545459,122.8170122434885,122.8852175331834,124.62165460248096,126.21555149028356,126.96210336701535,124.54669357513788,129.19773945465326,126.56864121727476,115.15833921659171,104.02461825702373
2015-06-05,121.06033470290984,120.98452971271058,121.20778281150184,121.13442660853954,122.1664362197068,122.13470465778191,121.35942906583507,122.36708173852745,122.3421956449056,124.1015957352623,125.5217743953666,126.18688685703867,123.97642787555054,128.74642077699662,125.05204610983284,114.50982559231913,103.28363961441345
2015-06-08,120.92309283162703,120.88740710934702,121.0522754957746,121.01997616207738,121.94964580531274,121.9568700581141,120.44763542888457,122.12779609588209,122.14262554541352,123.92381080518362,125.11208475594948,126.13960715865542,123.99269487414095,128.20116341234987,124.83256101252857,115.84067982303354,102.88944647254932
2015-06-09,119.5208703383303,119.35883389730122,119.62836720276356,119.46366081597088,120.51413339958552,120.38741569589997,119.23118831302426,120.66814808001787,120.54223524223025,122.16370033827029,123.49371657107464,124.14495742785012,122.79792829857423,125.73998863561746,123.0583558647842,114.2246291760953,102.78688635331301
2015-06-10,120.77203437836872,120.58039215802614,120.91115633435308,120.71685066409172,121.85061443579066,121.6962090074753,120.18229066771306,122.04133320600855,121.88803139148123,123.51926103935442,125.04559674813673,125.63154908368104,123.50484705367319,126.59967390167432,125.98909501406501,115.21580950022587,104.01162587402044
2015-06-11,121.15878281355774,120.9875668391428,121.30682969649693,121.13413310867018,122.20922939323103,122.07519166857794,120.90894560904412,122.40814501007816,122.27642408097638,123.99419416347264,126.11033465204291,126.42445184575047,123.79981302533048,126.85019171197662,126.94358754201645,114.97003455651686,103.58960013681826
2015-06-12,119.68859205416989,119.55271675990906,119.81975651992995,119.68320990661621,120.704240667088,120.60587708712977,118.78400845055378,120.8839913415634,120.7887143583761,122.42309442363674,124.12893975715882,124.78150343024863,122.83312418847268,125.8161362674449,124.519921778291,113.10494894798772,102.90352400341737
2015-06-15,120.19360056804398,120.05979931061334,120.27988090972927,120.14375074934694,121.04903633372348,120.94659469810014,119.46344010949682,121.17503597090398,121.07330907207819,122.76181104300447,124.60845329490515,124.9392976142101,122.6358727752064,126.26853529707584,124.35806746869851,114.43428714770063,102.68116624133394
2015-06-16,120.81095084450712,120.66499119956111,120.92820442162564,120.78062199155346,121.40744743612075,121.28215997155831,120.4672904231905,121.55526343873862,121.43060367316396,123.10759996946672,125.08148874640375,125.15376734979017,123.11787900839195,126.11317989628712,124.56142490478284,115.05122319075558,103.13589044641422
2015-06-17,119.5000949160892,119.37106314371783,119.59861132479013,119.46792700359732,120.12380042413575,120.01722301481354,119.13184078545045,120.2531447556422,120.14724849479413,121.76963938905511,123.53164171833208,123.90385929396042,121.00935659955545,125.21809768483531,123.01273349045718,113.13590338061918,102.38576901446699
2015-06-18,119.16048756261273,119.03938817280763,119.24135085472687,119.11823744182652,119.82899287145787,119.73244916983174,118.67774773458581,119.94171771414757,119.84560739198085,121.29327956485892,123.28789187000082,123.65439935024358,119.74419986444282,124.87621116494365,123.5273970793318,111.54792815588361,103.70701501593611
2015-06-19,118.7909196464609,118.72153192189585,118.85415561910777,118.78417252260714,119.513531744946,119.47318796495443,118.22559063121325,119.61003141468835,119.57185563508561,121.03190436495821,123.05525059096442,123.3523567039462,119.04085659286991,124.97764450337155,122.97133741939534,111.45373045372435,103.32262353057926
2015-06-22,121.45354752798379,121.39978968880555,121.62719243195978,121.57781563129035,122.19685372486984,122.17376970391132,120.58075999884747,122.40977211553741,122.39439981586288,124.12705478106739,126.16509934245153,126.5897791562856,122.1519715385795,128.12427534219836,127.88252466900944,112.82953723819138,103.52533552016226
2015-06-23,121.59329306271141,121.48653539343238,121.8166146837429,121.7140030263004,122.40735046986974,122.33161549513318,120.42906720721224,122.67522342146091,122.60718970193577,124.35444948766438,126.1171829663795,127.08291377561221,122.6351023150914,128.84293480974384,127.34475852849036,112.67674674372896,103.59896738737957
2015-06-24,120.43112808031262,120.35593376529931,120.63604402492433,120.56560069537927,121.28120203257583,121.23990028722422,119.26972853200071,121.53132493753529,121.498510375817,123.17368765620265,124.76584136061707,125.71267599652786,121.58601380247353,127.42987718154262,125.87758293471525,112.27309581605196,103.17794860172008
2015-06-25,120.84651674495306,120.80829647055644,121.04251706051659,121.01024189854775,121.63899091035582,121.6341540108695,119.47929894577103,121.87734384423206,121.88210726176298,123.71601611713862,125.36889682427723,126.29998579746609,121.17815771140246,128.0871390011728,126.95689151200406,112.37559848013167,102.0898389847428
2015-06-26,121.57551277498028,121.52080206918068,121.7513883987464,121.70113363315991,122.34093119460334,122.31776711641832,120.4762134087752,122.55707148108115,122.54177799509667,124.33971367967746,126.51983828687032,126.98999528989563,122.09425170716479,128.49221790108075,128.24720942689743,111.99684147928981,103.05901820400246
2015-06-29,119.14549297540012,119.10650236890001,119.20108114637458,119.16244429513125,119.53930011458257,119.51772808492711,117.97483399408635,119.61396645222742,119.59446026863681,121.24044124962019,123.15887429410368,123.61667809739052,119.13434277536994,125.50817988450922,123.40344356308708,110.24906221724555,101.57145282065355
2015-06-30,119.52153878207213,119.42598585935163,119.63575244251079,119.5405875510429,119.83975188752756,119.75615323390296,118.06564712007838,119.97252909454016,119.89078147804288,121.52640690589021,122.85108006855788,123.9453348221927,119.66003554829359,126.46503551427497,122.16100470349858,109.97675866215373,101.95613243066302
2015-07-01,119.23104904014596,119.31470163527713,119.36007585125495,119.45204422455123,119.62545353552179,119.73172761589166,117.92523561616812,119.77681386121539,119.89383380617373,121.53222471078668,123.30951675383778,124.16235614618809,117.93160741034836,126.9851859032921,122.5749470240753,110.55114496166807,101.93359099831223
2015-07-02,120.84358250613005,120.9763986720834,120.99017958901936,121.13404848082487,121.3078114818356,121.46829016048292,119.49964434723881,121.48039907871635,121.65486054729324,123.42276665618006,124.93608495146601,126.06599323805057,120.45992248975239,128.97804191421565,123.96033565882374,112.38775194650441,102.45791913876036
2015-07-03,120.70196087065976,120.82916841118166,120.84293255651572,120.98072947258865,121.21996447936252,121.37680841616643,119.49964434723881,121.38890821477727,121.55942069668883,123.42276665618006,124.93608495146601,126.06599323805057,120.45992248975239,128.97804191421565,123.96033565882374,112.38775194650441,101.4933639913358
2015-07-06,118.21473721250557,118.56071345119592,118.2687033430098,118.63073139323986,118.339442957138,118.708524227444,118.15479427003355,118.40118599953688,118.78849758211791,120.3879692534519,122.5060923748693,122.28404319077077,117.73996758423517,125.53232016821548,120.17850781747794,109.59692859577301,101.18252495388343
2015-07-07,117.83780784655957,118.1518130760361,117.92139110819741,118.25142969696334,117.98687203288027,118.32370442752219,119.08410086852514,118.0804373576095,118.43556865876998,120.02332967345122,122.77480963263159,121.45361947588252,117.43063151203594,124.2578427053104,120.30455721194042,109.665224055352,100.94623728614873
2015-07-08,116.84042764915105,117.1486983301383,116.80814014102796,117.12724095981903,116.8075858810864,117.13060068251717,118.5507786636188,116.77305312095356,117.10804134626748,118.63711371281376,121.76056353587794,119.45842008147598,116.78074322119274,120.78815813158401,120.11400181500646,109.82678116541011,100.19305895044303
2015-07-09,120.06916279769966,120.3483578540896,120.07412189286113,120.36458366349723,120.11091650876283,120.40700265427915,120.78180085037393,120.11807885223662,120.4268871192711,122.30494615050334,125.12507357028015,123.76048363668049,120.0245524103146,125.16156540675523,124.48304584908061,112.08466605649954,100.19305895044303
2015-07-10,122.25462662738254,122.64875756836378,122.35350993180118,122.76751164964934,122.12844855860176,122.537047722371,121.72367062163565,122.22660616457699,122.6566702809132,124.62668954336577,127.71240483693494,126.78982809134385,122.15700673969778,127.45255235671233,129.59743678055628,112.52493809158439,101.53287402619686
2015-07-13,120.6777910590231,121.14376509002169,120.83107087174328,121.32223669864639,120.47252153485775,120.95227175753766,120.66631967034974,120.62395560663862,121.1306286481755,122.85565621098866,125.9047759022238,124.95557568686542,120.16433943146718,126.11149027582653,127.00263806161132,109.78383709147342,102.24552571075914
2015-07-14,120.36442480051758,120.7976691078892,120.55156035696642,121.01013692075983,120.25574337428118,120.70575914568131,120.45456984448901,120.44631484460264,120.9237721910422,122.58379277841223,125.72559332980914,124.52689455367346,120.47846349761267,125.19203780764931,126.93383432758243,110.17169781280029,102.63906758208385
2015-07-15,119.81018399967883,120.34086791902028,119.9915849582347,120.55142956429192,119.69922767226804,120.25038271404429,119.98201394261385,119.88374264399621,120.46647040556198,122.08573914198439,125.54050423112835,123.78784077657303,120.03483175063666,124.49117698685083,126.75494314744145,109.66766270056922,102.5684293874098
2015-07-16,120.5034038591615,121.11360613063967,120.73063395057444,121.37537112397693,120.54439578170289,121.18502006860963,120.88810574120347,120.782855464905,121.46146127869596,123.1596529854561,126.49809622838129,125.04637556204389,121.25689813162612,125.89257143959975,127.73024360187489,109.81120505384642,102.80982527907234
2015-07-17,120.77408307772319,121.39030663514548,121.0372248836473,121.68987006278927,120.78023471907377,121.4255471383583,121.60612623092844,121.05459415707756,121.7397974468146,123.6112834225751,126.94534253113501,125.45838469012219,120.9427524285601,126.69348591810015,127.85779444593686,110.30989719286812,101.48988673083859
2015-07-20,121.42982518592842,122.1068157225546,121.79633269084069,122.51703593820326,121.41846746081197,122.1262197931332,122.56046244469954,121.79960304212794,122.55508536965137,124.64160589347419,128.42767317308866,126.58530819714002,120.5384877775328,127.53985320075057,129.61567023760588,112.35060589119203,100.34068218539022
2015-07-21,121.68436477243661,122.29682002609641,122.0624501529856,122.71634004043355,121.72198601126252,122.36487564296968,122.74845517678096,122.1172829021794,122.80563747364025,124.95602875261139,128.4572593231734,126.81048813049199,120.8743388385316,127.84508589338816,129.47530336394314,113.66452899875863,100.0179941930271
2015-07-22,119.66557922038238,120.38054508544616,120.01793495470552,120.77767017445184,119.6346196149823,120.38099546045385,121.01752693065326,120.00016615400988,120.7953361927374,122.84371465914184,126.75666401404591,124.56367939072246,117.98906549723492,125.90033427008966,127.74236510023734,111.67929515645405,98.96897449219175
2015-07-23,120.52959319401995,121.2707586163277,120.86912777813427,121.65558370518303,120.48190948945026,121.25478617098312,122.42717390731394,120.83340541802316,121.65557371106492,124.06009130755508,128.1326606919031,125.69197185177485,118.69536948775657,127.20203619490826,129.04383552188102,112.74992207698551,96.646896199488
2015-07-24,121.51288656107606,122.23728315921012,121.75377584272205,122.51810164042764,121.20054467038146,121.94366791188128,123.23722506071869,121.43809484997907,122.22359602423928,124.81224006661446,129.24289458136133,126.60697932355289,119.28319629317521,128.14791496847866,129.94461776174296,113.37803860612271,95.61651193570925
2015-07-27,122.67810611034007,123.46563548571177,122.8860896862322,123.71467430782369,122.21722156157062,123.0190142498496,124.73577123228104,122.41440176675317,123.2591875391076,126.04354503856364,131.02332877446383,127.63195878081032,119.78455258844151,128.60617839597722,131.66101844499727,116.01681091537608,94.96223444139234
2015-07-28,124.19806448466635,124.98533157381124,124.45193249160775,125.28237768256942,123.76884867256474,124.57194289391056,127.00985308937412,124.01489675586947,124.86340707709347,127.70941259428967,132.79346253983903,129.32409027776984,120.5874382311304,130.37221108470413,133.56860292673338,118.42592901601225,95.98758724518149
2015-07-29,124.81599334140864,125.52336116303664,125.09836920628281,125.84684900084193,124.49655990523696,125.22200122759865,127.76361609883773,124.77677533194178,125.54586330029751,128.36381671061503,133.21944463495302,129.88116360921376,121.7406561063854,131.1457419788196,133.62676332134436,118.41085463417018,96.87275132126746
2015-07-30,123.19546188957176,123.91624350295132,123.49639219727182,124.25974358281329,122.89229229752539,123.63231833348787,126.51327242584229,123.19243265748693,123.97773635336422,126.59873619414843,132.0027603492449,128.0208966727629,119.48233175065175,129.1477316040872,132.23808161335654,116.93076516464942,97.00556744486018
2015-07-31,125.20518864425883,126.10133316355842,125.49100417154176,126.43649907779186,124.95866587900895,125.88337251918209,127.24929858722946,125.24554901573725,126.22308825807242,128.9834750423301,134.18005116356954,130.6160646558966,122.48686791427343,131.71695733687682,134.98176197773216,119.0530666116973,97.98767847980572
2015-08-03,125.68685117525642,126.68981038005771,125.96147368575723,127.01780552434501,125.44720314795114,126.48315636028791,127.89881912275978,125.72276228182547,126.81592210030395,129.78162638694423,135.64468587478433,131.26856514688717,123.25998991682093,131.77126860221452,137.19227287368864,120.63110609710608,96.84048191663557
2015-08-04,127.02511906506193,128.00968826084573,127.30273821716989,128.3400108389647,126.72374789880129,127.73767391134885,128.6879828176773,126.99981437243603,128.0699663247609,131.180049665732,136.8180702649496,132.70293096210463,124.6182345396919,133.45244771394397,138.2822220565624,121.79315444145229,96.85376246097698
2015-08-05,127.79348932092039,128.85058759710827,128.09548783125206,129.20955029613924,127.5523431055631,128.64448981659297,129.4910774962779,127.85625386570393,129.00948463559956,132.22040197821156,138.05567401543394,133.84538142838065,124.7991898451267,134.85295400498896,140.38217271628622,122.4962854273757,96.93064465485308
2015-08-06,127.7570926569665,128.84048121784036,128.01081272729607,129.149926352699,127.54766053865043,128.668654585903,129.78492646710754,127.80280245462781,128.98367766024995,132.29743503391106,137.9455303934862,133.70642903448822,126.30570968582042,134.16532242088738,141.077559604986,121.30939458223642,96.076763901618
2015-08-07,129.1133457055182,130.29757412051316,129.34204169464257,130.5850182337318,128.86846502129242,130.0925150739875,130.64195240783516,129.0961379579368,130.383188362814,134.15627313255166,139.66795719468476,135.4581332728353,129.35086503722627,136.3412590105971,142.68750125431518,122.73721601481206,93.73716017049526
2015-08-10,130.6532702953402,131.7978104666139,130.89316266990397,132.09529907972413,130.73254284220423,131.93162909665568,133.07831828943344,130.98540588152127,132.247666341124,136.13754178044368,141.43220550545067,137.4680183083861,132.16325282217005,138.18889390184472,144.3575007453004,123.74327822777984,94.59465360595114
2015-08-11,125.42691579646392,126.59302797731596,125.56752002906353,126.78733246481066,125.32899900337327,126.54161999557796,128.60318154972697,125.47109085230888,126.74187432731543,129.99255702001773,135.67597550862845,131.02690384482185,126.05375783461825,131.36807297336276,138.08097314787238,116.80611784743647,94.30419989596564
2015-08-12,125.73317848239058,126.8809746415832,125.76788155304071,126.96330560804621,125.66948921216428,126.86479563408066,130.913246840932,125.70293791001686,126.94997899666154,130.34258427030917,136.49955166543364,131.03487691732613,126.09857472724212,130.70978184061465,138.34420357820522,118.81973946015036,93.36908832720647
2015-08-13,125.28890940451936,126.5280651423379,125.34068592436456,126.63204009694513,125.24436803265091,126.53561421366317,130.27982264346923,125.29633537221639,126.64434597302454,130.07144275068217,136.54354430492185,131.11235041326805,124.78110662882042,131.33246981328804,137.60790300036118,117.51604472723227,92.80815980157831
2015-08-14,126.86446358520342,128.15348083317025,126.91665555958373,128.25991614787776,126.78911302470293,128.13071474686174,132.0698650752783,126.84026586318396,128.24072055436173,131.9304155120903,138.60652769020555,133.06639448953183,126.56138963587789,133.81659117038595,139.53920205450208,118.54898209765328,92.25602951107446
2015-08-17,124.99736226971862,126.28766794062705,125.0217271993276,126.36492556661965,125.04845900929391,126.3977747154082,131.21560451554265,125.07580080136034,126.48304508048409,129.96385754611083,136.96672256906274,130.6384546309398,124.7080763829244,131.1177100139285,137.00389540972313,118.01014073655575,92.20930209015931
2015-08-18,123.31199193184472,124.46529502440586,123.27388849235848,124.47133090533815,124.17334332768786,125.42150627213636,130.65267894805424,124.16828521669242,125.46836613668783,128.81757654327433,136.11299213192754,129.34642105283987,123.61120837790887,129.3156468811561,135.90997801963843,116.86592202231303,92.27873103784934
2015-08-19,121.95243644066113,123.26689051917504,121.8149064713169,123.17497411173161,122.41581522955734,123.81282702271639,128.3865556442663,122.29069640761496,123.73957852937248,127.11325833100221,134.46601395128076,127.54857805042208,121.56844129823021,127.35749873155041,133.88577103064245,117.54167851214083,90.45079907284173
2015-08-20,120.90521761294126,122.1569784490105,120.61486890328766,121.90188706469165,121.11117806087242,122.42934915151386,126.18793866352691,120.8164802014655,122.17411288242363,125.3394511835388,132.28488081530082,125.80118313536124,120.84550882818652,125.18403604905406,131.75599253013638,116.46177816414269,90.60315749554294
2015-08-21,117.05211125917484,118.20409682027861,116.63500697011922,117.81191129910258,117.19834901527382,118.40936614500168,120.54976468724739,116.769365562464,118.00834404734672,120.89692396878415,127.57677506560114,121.10988434736079,116.4780560958718,120.41444134831276,127.81821777247168,114.52781733117898,88.85631131930529
2015-08-24,113.26880339899435,114.44100348226208,112.69253555629113,113.88223114667488,113.64502580539411,114.88866190583474,116.49255044375828,113.05864508468781,114.32305561519753,117.11157127781067,124.28846598789562,117.66434483191061,112.87724539071546,115.92821426147113,125.87229859016776,108.44468772576181,86.16110157856905
2015-08-25,116.03749725836785,117.19710955346984,115.54550392706224,116.72661352744707,116.2330653455609,117.45428772449785,116.97924191734106,115.72840343852768,116.97408847746347,120.0103840490744,126.41127249433777,120.89280583892294,114.42865249640519,120.4088644261567,128.53346293401998,113.31581482986735,86.67713956641697
2015-08-26,120.92501405847102,122.2283675894058,120.581816769241,121.91955568348445,121.15054356022281,122.52322104340661,123.95944759310333,120.80197478419711,122.21326582194808,125.58990377971533,132.49454848890667,126.7416277021945,119.42137667405892,126.02013424406617,133.47200498911653,116.74586554658546,88.93584467378551
2015-08-27,123.81094908082702,124.8479444740709,123.59001600192595,124.65782382976806,124.19732227206428,125.3007015970903,127.45491521300467,123.98210869098448,125.12086539142418,128.5267678805137,134.34145006201578,129.46507581131644,124.98513702695593,129.25930550387358,134.3276615802495,118.5995690855606,91.44954699384174
2015-08-28,122.50737909286424,123.22533806947351,122.25450824635725,122.9894400555372,122.75861922266546,123.52232281954237,126.84531997122157,122.50491764420917,123.28835730244647,126.546895385077,132.54394234191838,126.98784197440835,123.90174857746234,126.647122628945,132.01404310906244,116.56255585445412,90.87315073084984
2015-08-31,123.09921984564618,123.48121872555267,122.82486358143372,123.21007868829534,123.36414191663184,123.7782578874293,127.43141462676202,123.08856911910391,123.50749605146427,126.94374668379776,132.64466107216697,127.18645401307853,125.91951145247413,126.67118222731179,132.6837170250733,114.87278746960763,89.67665719672881
2015-09-01,120.56757417496516,121.11674496556634,120.1315618149439,120.68324648611622,120.7161308948681,121.2993733551051,124.73560316837523,120.26768252251429,120.85456088360462,124.23214419286745,129.81720516363455,124.31065522163958,124.2064583881664,123.71840865303231,130.2701022024382,112.6830072446877,87.63273358006654
2015-09-02,124.51398094390265,125.04940268569626,124.14639217999364,124.68696195652338,124.70118855694005,125.27199978401957,129.65403567492783,124.32538297321003,124.90283906855989,128.68605302389287,134.64964420672004,128.8934064580657,127.77507039105893,128.03351954036646,134.9711550427895,116.18528925483838,88.29863515337422
2015-09-03,126.8322535225803,127.30620978108227,126.5021828464094,126.98071631795412,127.07717230942733,127.58661450761701,131.74805783632618,126.74257190070728,127.25824637235077,131.1338209447783,137.10637129816408,131.2736323119615,131.2790012962472,130.77261384008963,137.3574059602764,117.52891026944808,89.80513258349414
2015-09-04,123.77156605841736,124.22315058744033,123.37225640903466,123.82450749970411,123.85055809801186,124.32924199813642,129.18263395929853,123.43762480982082,123.91770203379109,127.49161497435205,133.66343188834784,127.11562262241117,128.57724056842235,126.58842976882877,133.6396101749059,114.34852111965364,88.95382829431698
2015-09-07,124.09547220801494,124.5607419009984,123.70753531558944,124.17447577097576,123.85055809801186,124.32924199813642,129.18263395929853,123.43762480982082,123.91770203379109,127.49161497435205,133.66343188834784,127.11562262241117,128.57724056842235,126.58842976882877,133.6396101749059,114.34852111965364,88.95382829431698
2015-09-08,130.06239952118977,130.67170244019573,129.755836392362,130.3757582455041,129.96600008912057,130.60104946567503,135.69202899534184,129.642868595017,130.28949055456343,134.60555504055088,141.00698491211,134.54613413926634,132.82727742414343,134.70927082982607,141.82272761893867,121.61410708856832,89.2422307542887
2015-09-09,128.58633416400733,129.32651628331303,128.31566402092233,129.07298937597366,128.5702443228672,129.34488616048222,133.0614027484486,128.28742484422983,129.08097815880262,133.2457008559586,139.2317564168824,133.37170443621642,131.52017645963852,134.5759254417588,139.8491089839691,121.13231227898285,89.2262119361026
2015-09-10,128.2116294697636,128.8410764361971,127.9639664505884,128.6074100487959,128.22303064803864,128.88374747849275,132.7367305202565,127.96517232777398,128.64149167875723,132.82022813834817,138.77505889930808,133.23012046480875,130.89453026226238,133.81025095548026,139.96483658377198,119.84060852335563,88.71474665240306
2015-09-11,130.42368956152177,131.15312383335706,130.17664135624102,130.923931804856,130.39547224563938,131.15850570167632,135.22660390295667,130.13673906099598,130.91942255149772,135.41940968618275,141.503685659463,135.9612795686142,133.21304259760393,136.86879317155189,142.30227951872632,121.86540718051569,88.46902666416702
2015-09-14,130.6886880585831,131.49349675782403,130.4223139854613,131.246971203729,130.84309690691876,131.6929510120193,135.23419974741367,130.57119751344794,131.44352910797116,135.63033837964616,141.43422911852068,136.0044981121858,133.3687849205843,136.9531262768356,141.83413265862072,122.96558375609065,91.20322887557914
2015-09-15,129.7708073784733,130.54729971342604,129.56052595285757,130.35839046669992,129.97090120377263,130.79336697214228,134.7970585455369,129.75913620983994,130.60590331357645,134.72256985145853,140.61696851091062,135.07136508086063,132.61336634832307,135.89502881435996,140.65641092964546,121.71677725154974,90.94351802017898
2015-09-16,133.8113170955865,134.42800978374146,133.61836534389292,134.25112146925,134.13567389242164,134.79754984652675,138.47081614232897,133.946706833839,134.62758632648791,138.93129703204917,144.37137749116047,139.38023626930348,136.90102027903416,140.7242044658404,144.34345688398705,125.1173182802019,93.29627679591171
2015-09-17,132.8518070484999,133.51207034808337,132.61254161798314,133.28846440144943,133.16235307226606,133.86901422601753,137.24124168035553,132.92457140602798,133.64974242890617,137.73860874110335,143.16589540883044,138.2443150304055,136.32020341315786,139.02255435570893,143.63474951749248,123.38955077015625,93.97474414172534
2015-09-18,132.46830724944667,133.23665749424686,132.0930907098446,132.87507337662717,132.60746922056677,133.41902849733737,136.84998648222026,132.2214292242442,133.04866381523695,137.39630258696246,142.42343300650407,137.56589494303918,135.71327497671234,139.05485663447462,141.55207672342715,125.56295137991657,91.47201347759929
2015-09-21,133.61819904996614,134.2224552009021,133.2537027155386,133.8660061836848,133.8709762023684,134.5169545623964,139.17062715134523,133.50029163637623,134.15629153932144,138.83897090870065,144.36352954293895,139.3165771649559,136.14465272442538,141.07271428619404,142.87730805839774,125.77273334863017,90.04497792740412
2015-09-22,132.67587147918096,133.22896207670405,132.2579545175111,132.8147818392095,132.75416184744785,133.3389223576616,138.8639772778694,132.32134206739593,132.91081854802619,137.57823146820954,143.07560752899965,137.8430278823365,133.94029518940903,140.26991123022123,139.55563118859385,126.00865142925699,89.0077954602788
2015-09-23,133.40085611168277,134.06723780678624,132.90311290455892,133.5738647515177,133.4299890078929,134.13050851149387,140.53028916824223,132.9123059124005,133.6180597106378,138.63154090799802,144.78989424753323,138.79586858505616,133.41144873481792,141.579567556619,141.78643922699442,126.14570761796881,87.19534838968511
2015-09-24,137.44002085146317,138.06516100072201,136.81049633649243,137.4326362743424,137.36629520329683,138.01940385444033,144.81296731810923,136.70781920671317,137.35782665224156,142.86341429273475,148.85380015545144,142.63460688150954,138.06641875319906,145.1251146623034,145.96216462012157,132.24909316193657,87.20191041194504
2015-09-25,130.22242040186046,130.79921777998877,129.68525488650891,130.26131541447103,130.16842616561854,130.7718208979966,136.10608737082896,129.60671057353542,130.209500851272,134.75267365969353,140.80719832835135,134.9320363784572,129.757772073859,137.16960601623228,138.46384400029314,124.39474638881902,87.20191041194504
2015-09-28,128.48534503631126,129.06030603532002,127.90862295152799,128.48098146495033,128.23537361497088,128.82799405170837,133.02469122475568,127.62560434745166,128.21493883470532,132.79058224062942,138.91250102765093,133.21685356508485,127.00773332533541,135.5610120615571,136.95468570060865,123.71853300025388,85.13961687265733
2015-09-29,132.7362052950401,133.24202283747493,132.15505801226647,132.65572634130228,132.52432354860034,133.04710040935493,137.30723536028486,131.91121335555772,132.4280954025946,137.50074890568123,143.59897312249868,138.14919693013047,132.3958069499531,140.20490110969376,141.99704420202022,126.76760891457866,85.49245781596943
2015-09-30,133.68631633468783,134.26974356243431,133.2505436885932,133.83797636434275,133.58397703265877,134.19222995431429,138.60881941322984,133.12561512507685,133.7382231930613,138.84293409743637,144.65519683724781,139.73968116978014,133.14147662580962,142.36051341796028,142.72786081922246,127.15853933359915,86.46222249424628
2015-10-01,130.75334877899115,131.3833677068773,130.35816922486242,130.99566634875018,130.6467430794592,131.30309175122784,135.30140250752046,130.2304436706879,130.89488232713282,135.58190675455486,141.21657283816455,136.61009560720908,129.3366451660966,139.6562871365899,138.52729059575148,124.11253345068103,86.74174675667695
2015-10-02,135.00768751808866,135.68788016661492,134.58771503084742,135.27618701503502,134.99897281560925,135.71210400326248,140.49126646792305,134.56044654795963,135.28288634071427,140.13695148375322,145.51536949640462,141.1779521909761,133.17698622043855,144.3564293739292,143.04954777419783,127.1387324302075,89.57980874446648
2015-10-05,135.42964209248703,136.1415058724712,135.12709610604884,135.85373493763143,135.4633006912782,136.2113222137633,140.85393942467672,135.14842025971254,135.91294179458632,140.63871467472816,145.7410089689769,141.50593056814523,134.72796474206766,144.55683553568562,143.1499600696926,127.81169558140452,91.05806336889995
2015-10-06,135.40504844561468,135.8821346704298,135.0730548161878,135.55469821086447,135.33854423885,135.8376891122785,140.8784705711293,134.98926931482802,135.4934746052097,140.0726984647446,145.02977397474046,140.7966073721018,135.3821785128712,142.5464510788825,143.37844612379584,128.13435288402684,91.7168875494531
2015-10-07,135.2687774100595,135.87709368408488,135.02025635449405,135.64169739244934,135.342611485138,135.9843366965829,139.9245688337863,135.08533280027245,135.74187408024076,140.0695254149716,144.45792071773823,141.03251068591774,135.41103451480942,143.40881155792255,142.94960381774996,127.61647241152707,93.75747077184604
2015-10-08,137.47234824089867,137.97417195030047,137.28887082522198,137.80268114679774,137.60421607166748,138.13779480525807,142.57158030449818,137.41679756516453,137.96417323539626,142.46640002725997,146.87904773379609,143.5471071767538,137.61400951222464,145.37866634907243,145.30436007718507,130.3061569625921,94.528692512411
2015-10-09,134.56339519185042,135.09300392153295,134.3243929627183,134.86461365465067,134.68005754705257,135.2417861987404,138.89300515167747,134.4342847427575,135.0082547715829,139.08538442008464,143.4118790583928,140.24876130492012,134.8442328639317,141.77131006293692,142.04095514106623,127.62672203163021,94.90199539154244
2015-10-12,133.5030760066446,134.23852491074032,133.2360149370198,133.9887005427389,133.58016594873698,134.35440896841027,137.6173339902345,133.30369172636685,134.09722323051926,138.06151836236944,142.32899803585227,138.93728725786596,134.42580204252016,140.51576884726515,140.8440946672725,127.45743426527847,94.90199539154244
2015-10-13,131.9105657241544,132.6580704223003,131.55832363321105,132.319598413735,131.835539953572,132.61526860818054,136.60407962876252,131.4646932535685,132.25938705537416,136.40060907281693,140.8594496984604,137.0525128047738,132.47161054166804,139.06850410299845,139.1659732268525,125.68955462353956,91.85272878847324
2015-10-14,136.6384328024737,137.42502731993838,136.19107084036165,136.9885920132198,136.5173179125069,137.33577618324253,141.36907343189452,136.04583674742662,136.87602562112792,141.75959121620158,145.76956927995707,142.44252591184372,137.30673260146494,144.17849654658775,144.6264618669565,132.0532836533843,90.63083591600956
2015-10-15,136.11713927105893,136.96410663372836,135.78497773632975,136.65038664573112,136.03921524406368,136.92239251246679,140.6938402787678,135.68899608005745,136.59218734102467,141.31262807927743,145.11739507710212,142.3773660720489,135.35268553582839,144.66933102817507,143.6273574095712,131.72919506435662,91.51886927772716
2015-10-16,136.10470108944688,136.94009622227316,135.82885821830214,136.6848854306532,135.87116280213752,136.73503280570142,140.6227981197808,135.57366590595774,136.45935322327298,141.11845762632055,144.68463126851043,141.69717249387168,135.9148392348835,144.7084847295526,142.830515862355,130.96451466740973,91.83412378022733
2015-10-19,139.43106398708582,140.37708025204952,139.12212648463588,140.0914855569513,139.13121042604962,140.10704010656593,144.71906699958961,138.79680075318728,139.7971377327141,144.82600128382316,149.10126222029325,145.46072287240875,138.18965277212135,148.48442739973387,147.46619967193283,134.82257825298635,92.24928830975094
2015-10-20,138.2445851488908,139.2180153733132,137.90401463016542,138.90031380067137,137.82527237744583,138.8238395194533,143.33114539116,137.45358384787176,138.47569629243245,143.44781011101244,147.53714800098118,143.97660403358978,136.97220912829718,147.26477175299354,145.92446213189376,133.56019221649075,91.44185559643459
2015-10-21,137.721643292193,138.76062648142474,137.38974166663124,138.4544630637795,137.32710286435295,138.3947955771018,142.68367807713528,136.96533350991862,138.05975078363372,142.94877836342087,147.4799542824235,143.58975428087527,136.2315196311074,146.787374722079,146.2520788370101,133.3271896272814,91.64506656386524
2015-10-22,141.15911931011917,142.28034707991478,140.90615168199628,142.0600750075223,140.68489653253275,141.83429042102415,146.59313554720418,140.40192215104733,141.58525146190766,146.7419869730623,150.76049041901746,147.13748434096576,140.00918702593142,150.82476876653675,149.45980384449047,137.16030874094398,92.97783946520984
2015-10-23,141.03233859593047,142.28518633209532,140.8312266879943,142.12433700838923,140.55255884665178,141.83812990831666,147.08525820543798,140.32311333461632,141.65074283844598,146.80522677494397,150.88520726176043,146.88599090925854,140.22473077670008,150.80963327012674,149.8054515372104,137.0545587459204,93.05316491819933
2015-10-26,139.83160179123394,141.16366086888058,139.62652368862166,141.001710646104,139.1759170509451,140.53481055069136,144.79817952756048,138.93564672960946,140.33897474253916,145.44225412057673,149.32527716517205,145.03503044725977,141.85364658883628,148.50439549775496,148.40871314160714,136.154212657829,92.21564011931689
2015-10-27,140.0254599582138,141.4014169575518,139.77619240914066,141.19476302873113,139.17678156666688,140.57146352604528,145.27653874932167,138.88340422808852,140.3211883980713,145.45100036593794,149.3866735731004,144.71068169450402,141.7547095677214,148.41337465321757,148.1100595355898,136.8239963526357,92.01439312050502
2015-10-28,140.0072691822303,141.07033041774872,139.82866222558056,140.92586876937835,138.98982304870893,140.05249190998546,146.53103260932576,138.76308310062686,139.85912722356574,145.0359478056465,149.73673705933598,143.66253989582353,142.89154974766572,146.9015972070587,148.47250508806422,134.33962342343372,91.26673254835089
2015-10-29,139.63894134193606,140.68789037016822,139.4791868584286,140.56263611423523,138.42843475999246,139.46723884772518,147.19403112861062,138.21376612802598,139.28557989470315,144.58213719414994,149.50600784564477,143.0052403248994,142.57033445873927,146.23005550931833,148.27346388343494,133.13277422649847,89.91669330980436
2015-10-30,138.23407944144444,139.22525168258232,138.11448681937898,139.1398206210694,136.81693820977762,137.78614450488155,145.10079336350876,136.63576269268484,137.6368181680318,142.73075294777527,147.08588702641578,141.05649962502676,141.5506022940522,143.93783337575502,146.33945284402085,132.12644366848468,89.80955379878858
2015-11-02,139.99036798153395,141.07456782364676,139.96205734787438,141.0884473860281,138.07978694137734,139.12157439514957,147.60650832609323,137.9734270973717,139.0537080666553,144.3336572612608,148.99888589651619,143.32446399560212,141.47907492663487,145.55343792880961,148.382754241146,132.23641954674179,89.80955379878858
2015-11-03,142.49604209119408,143.4743627108549,142.61750239893374,143.6410130367132,139.9964645096326,140.90186071852975,149.90701880442583,140.02052158681664,140.9653080405744,145.9312989623054,150.0452901408765,144.89209362508322,143.67585527480745,147.29009097213694,148.6029469361032,133.78675543620471,93.68991240427128
2015-11-04,138.23049269278053,139.31249839419834,138.38064977660554,139.51350683374903,135.68216663015914,136.69049613933524,145.33432420646957,135.73355222958736,136.78693778899165,141.24197813210537,145.32338611879072,140.0887525883733,138.8481224269245,143.41465604300285,143.30256651859054,129.04552010138127,93.4817172369113
2015-11-05,138.56800946840815,139.75971670272784,138.70796251692096,139.95457548005547,136.30878624374355,137.44291972276866,145.8397139988391,136.36144342924044,137.54602933327124,141.98885544760986,146.19403060856456,141.03983708839291,139.06061546011256,144.36436019167712,143.83524424691794,129.62247169001517,94.26940686237508
2015-11-06,136.67610568956252,137.89252984526883,136.84054869159831,138.11413066462862,134.55815998864657,135.72410218522595,145.00413754984976,134.64155218313604,135.86086039663422,140.3043502819201,145.0483936595289,139.30589631993672,137.24247180043375,142.42657208440036,142.62570933187985,127.5261150231004,92.71207682957274
2015-11-09,134.43439675171604,135.61894570475025,134.5139212781398,135.75010898230687,132.20551264973193,133.33298586778426,143.0374921272439,132.19748006932736,133.37201649040523,137.65244683268122,143.03127778006,136.36452246452086,134.86054211313223,139.3056430179927,140.34990706066122,125.01343687991671,91.607234317766
2015-11-10,134.70340519753708,135.85159905396827,134.75938274577194,135.95655589744382,133.02186807409632,134.1389682562926,144.37569351847714,133.01162704891323,134.17524353241888,138.55076986263916,144.28135924988993,137.3198206004433,136.08855826746256,139.77716328342282,141.1680452337689,125.74700773657142,91.65150021805624
2015-11-11,132.74983491488084,134.00010050974063,132.82026075549803,134.1243910476056,131.47618753312435,132.71769231552983,141.0827837327766,131.49706913174398,132.79188713061146,136.76049394033518,142.3552951880349,135.86604288121035,134.71564134150512,137.92617106655382,139.68780585624302,124.84697471862663,93.33926392173247
2015-11-12,132.5442418014563,133.91479233737493,132.58178947618848,134.00948265209587,130.7990525927895,132.1409375320307,139.54972600528498,130.7671427169383,132.16384185630494,136.1359914191543,141.308271968334,134.98341051514217,134.21096785615526,138.13876647429055,138.4805437836977,125.19770604786898,92.73030042662347
2015-11-13,131.27472293934892,132.6893425936768,131.27190388376394,132.74340044810714,129.51355238682362,130.8996241879927,138.07108502854135,129.43961066655694,130.88012341141211,134.74979614348618,140.07840943668853,133.73451551047773,133.48640136138687,136.55125909845293,137.33164504202412,124.18994059459561,92.3083527690714
2015-11-16,135.20906056269845,136.58770201477083,135.25123540912628,136.68761884650047,133.5374572584266,134.89193807424763,143.72561166533583,133.51313611709864,134.92341537384925,139.27720534812607,144.6538086458804,138.4325823748887,137.18360071366698,141.12801321079164,141.7459578869613,126.87221993367217,92.41285917782831
2015-11-17,134.5113530786761,136.02479512019744,134.6152335103295,136.1950649947897,132.77475565422813,134.26428454496394,142.6344995731094,132.81120170754903,134.36538766466444,138.52970718923117,144.15345151240965,137.81820798430192,135.3161249093182,140.1764646175908,141.76082701906026,126.77812569334792,93.28211082480794
2015-11-18,135.06832915337284,136.6173472379705,135.2129590143747,136.83195685197398,133.37642584875468,134.9048903730292,144.42800034106676,133.45648313523213,135.0536038948648,139.2410686254261,145.14341708778414,138.5492916371099,136.12532990762747,140.17664539558425,142.67757418452632,127.18244156217042,93.74645071888617
2015-11-19,134.38549401164954,135.992808744411,134.50261235022447,136.1809014958409,132.85972304342576,134.4565523962856,142.21878080433316,132.918287368951,134.58554085677056,138.6159122282943,144.1119683797095,137.95281307658405,135.36117988523137,139.57437055537093,142.153916239553,128.18374195602075,94.47749174343335
2015-11-20,134.61754177907432,136.2569442789613,134.77533882901687,136.48919727054104,133.17052209161133,134.80452195716174,141.9850660008049,133.2740799762575,134.98255038198758,139.06198341422848,143.98156944631506,138.244432659528,137.2221324734124,140.48371573168333,140.99509810747236,128.93881310679592,94.47749174343335
2015-11-23,131.88906473434,133.43896936904554,132.06454685093976,133.68615930098971,130.43542589501095,131.97651376297947,139.8060917843849,130.5568946083675,132.16947132808542,135.90994829362228,140.96019363713594,135.00955151082331,132.5314507528598,137.31868776975838,137.78486998028535,126.41587406382327,94.40631707420923
2015-11-24,133.2457071208204,134.70450853518295,133.40097042660352,134.92656699249633,131.83594530067558,133.28585359301277,141.93892517807188,131.93843029246997,133.45483599547592,137.37373040894013,142.29205348187298,136.44275667719222,133.4083484356072,138.8442545924334,138.4746178483228,128.49984407311,94.23911552903034
2015-11-25,131.73452656207516,133.13646947971424,131.8985476613429,133.365392372452,130.19956353147072,131.5842807060101,140.34700499081129,130.3059439681084,131.75458158586991,135.7440101641673,141.1753318594477,134.97119614987184,130.7573478500456,137.1307050300792,138.48143450530384,126.55148164087666,92.12946737236918
2015-11-26,132.1897421843593,133.61422420950282,132.3718601597418,133.86311163100567,130.2304076196299,131.61669971668994,140.34700499081129,130.33804802922026,131.78839509469606,135.7440101641673,141.1753318594477,134.97119614987184,130.7573478500456,137.1307050300792,138.48143450530384,126.55148164087666,92.41319675959603
2015-11-27,132.4484665637365,133.96686564627728,132.6435894861714,134.2333645305812,130.42036532221317,131.89941190855944,141.730273940838,130.53851565155045,132.0861658229899,136.33773318316776,142.67691738697948,135.21605084289234,131.17974489371318,136.96470427229997,140.94089052952154,127.34893675715011,90.4726356587342
2015-11-30,135.89781119146446,137.4886120053757,136.0556282035342,137.71882227663426,133.53178228537584,135.0682256530309,145.48958720349972,133.59795320002797,135.2026307327907,140.15955891458424,146.2847758762341,138.79927589069374,134.63378203775463,141.0267562421038,145.0063432037956,131.59607601957447,88.19070377181589
2015-12-01,137.54647539093605,139.17780456684812,137.71675728464322,139.42280025212216,135.38357831793343,136.97239877524822,147.7850988113318,135.4707190136939,137.13113307509232,142.38138050816616,148.783377435328,141.025744337044,135.60644076229616,143.72748891235122,146.60946811787903,136.05471440865867,87.90783683087626
2015-12-02,135.22942432996496,136.95872392888785,135.41152904265402,137.22030847553742,133.0840152587897,134.77348371470174,144.85348189126515,133.1839472279108,134.95004228160462,139.9898197614899,146.62291052775038,138.93146162467588,133.09006148807745,141.50756020188652,143.84442437666485,133.9339376361204,87.37192850321135
2015-12-03,134.16706067234458,135.74460297783602,134.2764892529225,135.92324610435716,131.99625480822561,133.5287969210506,141.71564756443675,132.02080223570584,133.61904910840667,138.00650893515072,144.60529394049192,137.5728191952456,131.56512122569694,139.61303681156417,141.8359529146523,133.14580085125704,90.64737934998539
2015-12-04,132.3457507589024,134.05930313338342,132.37413281195472,134.15827541416934,130.20725593926335,131.88019152992615,140.584038132385,130.15023089644913,131.8903999275828,136.358255605372,143.43346164423244,135.74184289247006,129.13578327120655,138.09053090323445,140.3393389662869,131.69218207200205,88.48367718628297
2015-12-07,130.8390449577965,132.78693842111375,130.8817735839802,132.91059492262082,128.22887858825644,130.11601173974825,138.1263159845712,128.1678881459621,130.13096789737202,134.37211828331394,142.02555724856114,133.94227959713152,126.28289390421641,136.3987068306295,139.60798130858103,128.53814208387783,88.49607525610031
2015-12-08,129.88483635678537,131.78717394524443,129.87077984445168,131.8490013807773,126.99628237164534,128.82125539972677,137.6587427730811,126.866472296089,128.76082318763324,133.0839974540258,140.6729832333964,132.46669970146144,125.13701535882484,134.9538351298076,137.52089909115247,127.03997090088544,86.64658017008892
2015-12-09,131.47916294852058,133.44575411348714,131.46302824892894,133.50798447528186,128.51979907888247,130.40681231333696,139.21593616211757,128.385083028508,130.34376797259478,134.5448058019884,142.132341752976,133.6569708843649,127.80971325652327,135.7700955699308,139.16687923974632,130.20443293906004,88.96712465844988
2015-12-10,128.74424312209675,130.74254398618226,128.72279141681102,130.80044960867832,125.86086445722398,127.78322492027667,137.210519160613,125.72377091724059,127.7190850293898,131.71054155434206,139.35547796605005,130.64572252369297,125.1853329224897,133.4893306440552,136.29680730430314,127.82301030996044,88.0847423377493
2015-12-11,128.62140420786173,130.66052209388187,128.48162875742383,130.59503656326476,125.21978042164017,127.15461790222513,135.88333224168903,124.94235755506695,126.94248570434891,130.88111874015567,139.06838694749518,129.96306680948345,124.68690380226957,132.9475346129623,135.87536357730713,127.64095422301513,87.759194047177
2015-12-14,129.40071673617172,131.43526189426967,129.3470194807655,131.46060043225373,126.08422508894827,128.01958221431374,136.87122478289302,125.89701917865077,127.90298030160896,132.14147377515948,139.66443473740205,131.22114718977195,124.1767948539308,134.56368682975264,135.77782997918393,128.44185976195087,86.43131379834057
2015-12-15,133.40702848017642,135.45525168574747,133.4255826814434,135.55751893391243,129.81167390868399,131.7471386063545,141.3863598603977,129.68671694126692,131.69649693018224,136.3773523977065,143.43385952660122,135.02557885228683,129.93718607508856,138.41039608666847,139.60532907339794,131.7012958861271,86.71653603653634
2015-12-16,135.59139926568108,137.91803504813277,135.60335920680072,138.0246754736729,132.1033570907483,134.32743556961415,143.2551653871481,131.97586206262937,134.28604859634655,139.3359198949788,146.80265294165906,138.34975420089665,132.5809101686863,141.84744088143995,142.80083929878415,134.59873187552535,86.48435587365945
2015-12-17,133.89199078447007,136.26090362053776,133.96962021064346,136.43879686569232,130.38816131800206,132.653303479312,140.19131667742093,130.32656479837212,132.68343695770204,137.45376901292724,144.39205168324068,136.28904959692179,132.6343900690411,139.97327358706036,141.10412622818578,131.87733477581412,86.94932633416666
2015-12-18,132.3795436801777,134.72371567499195,132.3414433832962,134.77803446970995,128.79749656268297,131.03225509891462,137.05705143341083,128.61574303925184,130.93368176834963,135.82959888474628,141.94760273798187,134.73267732896693,130.3334794099159,139.2646490386041,138.61339170574487,132.51819598479227,84.49109519624268
2015-12-21,136.10591258121187,138.52544778048735,136.0191222723841,138.53124060994017,132.70590761326284,135.02947672603628,141.622566114391,132.48180962226442,134.8897154995314,140.417556524709,146.75090797385965,139.31612311915774,134.1083851119668,144.10089981991248,143.09153201255413,137.36986500504452,83.732194080407
2015-12-22,138.02751049481498,140.45679827964355,137.9975754254462,140.52321493030243,134.63347836947207,136.9682513804704,144.10021300092797,134.4671136409612,136.89022915255512,142.65301091184784,149.1506614740435,141.57945870807384,136.39840402725335,146.07278026461785,145.1081935154292,139.51822418494098,83.97068706350123
2015-12-23,139.29782885803965,141.5903003288293,139.36654903693173,141.7556540441674,135.88535173998707,138.08092555108215,146.18010004106296,135.8182068649281,138.10242567013574,143.8480827867505,150.38176479008303,142.65327668811565,137.22395500283352,146.74116038537755,146.98036829275725,140.68602436565737,85.15557452044405
2015-12-24,137.77838563064222,140.02771749750372,137.80899738587976,140.15100095616,134.25707492613134,136.40201159460213,144.03641610756895,134.1470312938504,136.37594651796587,141.88629209034934,148.41730812538222,140.58445210982907,135.18068087676082,144.40322248785301,145.3148701100618,139.671253759841,85.15557452044405
2015-12-25,137.74956978877069,139.99730482072087,137.77906659381827,140.11934392528204,134.25707492613134,136.40201159460213,144.03641610756895,134.1470312938504,136.37594651796587,141.88629209034934,148.41730812538222,140.58445210982907,135.18068087676082,144.40322248785301,145.3148701100618,139.671253759841,85.15557452044405
2015-12-28,135.62697803003243,137.97676084489666,135.65824541846806,138.10486410067787,132.49281582476223,134.7604413673505,141.83736268051706,132.39864204737168,134.75624966395316,140.07945654036217,146.77938589718954,138.8088247546017,133.74411789445122,142.41223306361186,143.66743821708684,137.9514437483764,84.9476114978281
2015-12-29,134.8474970795208,137.06733173962877,134.9230116118691,137.23696579862005,131.6438810584475,133.77514028473496,141.46553424231814,131.5919082418258,133.81000522572884,139.06743618821048,146.18459173790484,137.7810241830215,131.98729366079857,140.8037715386853,142.99881387298882,139.09250703163406,84.5405445312319
2015-12-30,133.8537471175877,136.16092837959903,133.91804559984573,136.32231797357656,130.6991878597195,132.92145053113603,140.39813063283958,130.63779328866448,132.95014839398266,138.08977451510435,145.51434815830225,136.69478877505418,131.21223832830518,139.85293251526338,141.74227837871598,139.23496818523117,84.55913951372796
2015-12-31,136.21918552757512,138.4998427051383,136.25012990387228,138.6247955667337,132.92962610760398,135.1182657325867,142.90222344109418,132.82902379037617,135.10400250685896,140.53026736048525,147.4531925843036,138.97964167482343,133.93863709090715,142.77836613454596,143.23112170518272,141.59999796324547,84.55913951372796
2016-01-04,133.7111687586801,135.87165703799965,133.58140772143813,135.82166512684594,130.3679498952003,132.43044788086263,140.94432669399944,130.10236128997195,132.2361119687141,137.6767303402565,144.73931259318746,135.91311077683298,131.82302925074805,139.0105060862718,140.03177852403445,139.83108997618658,81.90678232153303
2016-01-05,136.26227512771135,138.60267633588737,136.0985105813141,138.52388647304505,132.85233603180905,135.09460626317872,144.2732866196212,132.54963413673292,134.8682699337026,140.70584052372323,147.9710732948518,139.0346690887356,135.0328781701367,142.73129098991853,142.16619274258017,140.96157618661556,81.64812776471973
2016-01-06,133.56887928119835,136.0457172613605,133.24297231132303,135.8006249946749,130.17218992852145,132.5522188194314,140.98940739931768,129.70592383990643,132.15792182629866,137.7800151831705,145.2177998403695,136.1665456859989,132.63380278344025,139.76738897182108,139.58659515625357,137.59933522683602,80.63388846737932
2016-01-07,130.56016251267104,132.98093686846647,130.06273136907242,132.5517643356174,126.79880344553784,129.09890940246268,137.0050325927622,126.14595450244363,128.50327094031636,133.89121012718644,141.80077584991363,132.59578146456406,128.1597484760507,136.1226402625874,136.48085807552462,133.66484321223865,78.91059366688282
2016-01-08,129.7358224904734,132.13347688628056,129.20533610072877,131.668362775908,125.99278835168313,128.27014142490205,136.27044088594621,125.30736332719559,127.63901831349816,132.90367645460455,140.8685684353254,131.84810639211503,126.83354955247452,135.31259739087534,135.9979489196958,131.69451816321953,78.94418615247749
2016-01-11,127.8994746249841,130.53380198798575,127.40922073034882,130.11978653305812,124.24947221622729,126.77015177795809,133.86347074359693,123.60813042728267,126.19451575306269,131.44534627312316,139.4667296799477,130.48489401572266,125.74401760813522,134.21167302458247,135.09392172514126,130.7161877190156,77.75181965744225
2016-01-12,129.79572022407731,132.51566623957015,129.32580836494628,132.1265473453192,126.23169196543454,128.84533077811616,136.77836220884421,125.61355146707037,128.29801426863602,133.89740250832702,142.22505009084713,132.67714521351218,127.96790129442867,135.8809108543144,138.35410037496075,133.30086731192597,77.34938743723977
2016-01-13,127.34166111794336,129.98971386693742,126.79334376129154,129.5144481203417,123.82018411352753,126.36218237003114,132.14685468380299,123.1246880537102,125.72964867260792,131.17529963526545,138.62298048086978,130.1540905116293,126.71433832200351,133.74717948470482,134.63506219236325,130.7068016171892,76.06557733683921
2016-01-14,128.44682810760017,131.09825087529094,128.0284718161685,130.7612659446921,124.97193457738906,127.52090009430049,135.33006738586016,124.40909228804931,127.02986076360565,132.57301497353453,140.19927289095313,131.3871243957245,127.1319203385221,134.93172206219035,136.17258328708851,131.45885528065384,76.5894731651202
2016-01-15,123.51445966234031,126.12062122168868,122.88257613646414,125.5548149454125,120.73369702778561,123.27631424123476,131.38705811266377,119.98024386264485,122.58190603545545,127.8036931874246,135.66425336347146,126.13643269343287,122.9717217164745,129.69881253900328,130.93330941130733,127.33475957639267,74.71649566963964
2016-01-18,123.71141983340013,126.32947249500495,123.08606532202226,125.77104583634109,120.64452794799989,123.18162540786253,131.38705811266377,119.88808674885544,122.48382743466406,127.8036931874246,135.66425336347146,126.13643269343287,122.9717217164745,129.69881253900328,130.93330941130733,127.33475957639267,73.99912167000272
2016-01-19,125.58678163477506,128.4296492179444,124.97347855206866,127.8921923034096,122.57324788581563,125.34271844148759,132.1108052783542,121.83049329362554,124.66806052314128,130.3012725472003,138.0436281504454,129.2138892175477,124.12546662880688,133.29589930531253,133.54163893703887,130.71047718907366,73.92723409140723
2016-01-20,124.09814935883983,126.98700470575845,123.36355267152305,126.32193056976446,120.55955171016166,123.34146671903419,130.43985288883016,119.67636073945592,122.51727990111887,128.0374349024844,135.71928503026552,126.55760459869707,122.8112174338055,129.75357037219894,131.04444450620733,130.08564136787373,72.75089626256053
2016-01-21,126.15742011432212,128.93182643479514,125.43363512152462,128.27460040244316,122.6990730677215,125.37201107876498,133.4781861273888,121.82893311342747,124.5583339594106,130.34513521907266,138.02529011888717,128.6800212311691,124.4209138941936,131.49818750623135,133.96138502989595,133.30683606248482,72.8710645157033
2016-01-22,130.7986890717375,133.37807036854906,130.1871722136489,132.83407992514742,127.6502726352876,130.14849052512255,139.39478847439065,126.90268333304718,129.46002737570979,135.8537023190963,143.4750507415741,134.24173363201166,130.71141904100253,137.1544809816386,139.01244472444125,136.88141115993068,73.40708824197661
2016-01-25,126.96291809868907,129.7930139621054,126.24893994707311,129.1488904292077,123.72180352961044,126.46678492979308,133.7424351850999,122.867812363728,125.67369364632538,131.5191601235725,139.15369925718542,130.15629337775098,126.44843299156288,133.00164773118385,135.01824353545794,133.32969833371823,73.40708824197661
2016-01-26,128.93240404309674,131.6345345643468,128.2292083800025,130.99768597848737,125.7115045702575,128.32935251770655,136.38473325930073,124.8687031373478,127.54404400163328,133.76273611017632,141.49161521859608,132.15175240089997,128.84563861405988,134.44201837488063,137.89139779588945,135.1133252247789,72.74223230827775
2016-01-27,127.88811586939417,130.43544301081465,127.15771325967002,129.76414729815832,124.6444032188994,127.1032695343517,133.85178046076174,123.77349116726425,126.2822794063838,132.0326218429248,139.6516728478312,130.77465257277794,128.11737390798424,132.6906995642575,136.1289016210437,132.49069126465173,74.45625151665027
2016-01-28,130.2480523183439,132.6012570524725,129.60143723758063,132.01244915643915,127.1680350368144,129.44143632597365,137.34300632299266,126.38683369614098,128.70968755250934,134.82902427124688,141.55199454912463,133.229501210381,131.88299054224467,134.93355335959728,137.769773942757,135.75763403822447,74.28418367020426
2016-01-29,132.17393268233917,134.7104774113277,131.61847863901897,134.22491870509364,129.1762382048302,131.64155183035095,139.451062928886,128.48993622811676,131.01758629908218,136.8980146369308,143.13232405154125,135.20097606781084,134.97840667773494,137.130787776526,138.38688326708936,135.89522609641205,77.72906194658393
2016-02-01,129.48860575073167,132.28984043720288,128.87742253236362,131.75453533960425,126.61885004438014,129.3594694716333,136.39934358848177,125.88076437162157,128.6903272351478,134.09411027986397,140.54949373147883,132.17384334405196,132.74663379087153,133.93036067955805,135.83386701618113,134.28250143917867,78.67294944695742
2016-02-02,125.08742893460018,127.91958744169048,124.37310451714147,127.27524314432215,122.17725430650195,124.94437353803625,131.83347775531257,121.33369864339218,124.1632645304867,129.34602841600002,136.10111038633553,127.49909988924395,127.45094466736569,129.88418357330323,130.75817900180397,129.95959584114198,76.10497712424254
2016-02-03,127.86865237762387,130.39645508914657,127.162209838191,129.75030710495471,125.02469827893232,127.48852866141414,134.31350159257244,124.19079465381127,126.70753134522232,132.08242073903315,138.15285947282842,130.53600787432728,129.8104949600404,131.99686093650251,133.65791612409484,133.5921656109234,77.10834930624812
2016-02-04,126.17381783053263,128.83405165888178,125.46833087021578,128.19332808113867,123.16664709311931,125.75439128610823,131.22060240606157,122.32861368363872,124.97310504428438,129.81306675024229,135.24330590021864,128.00133129018266,129.81878916853557,129.14999245273674,130.68419342763812,131.8936120306404,79.01552768920098
2016-02-05,124.33904083981162,127.01022006556943,123.50494470273165,126.23298264718521,121.35110367490552,123.95008369431532,127.65220115463158,120.3836413534273,123.03116968117729,127.57925003891766,132.83760246240269,126.15824077564564,127.73823174728358,127.6574309512349,128.23487608255252,128.6920226018646,79.23847244284694
2016-02-08,123.0888212477223,125.81706110200315,122.13625200049249,124.915612920383,120.22792515485405,122.8919861328342,126.60780943989008,119.1446663156964,121.85179606096284,126.24509941937019,131.010373188175,124.6006495481849,126.38552169090033,126.65614381731942,125.4750197833907,128.75024087155882,79.23847244284694
2016-02-09,121.53002152694918,124.42817530909022,120.54863887557936,123.50131888751919,118.62306530926897,121.45589990555305,125.2407789055188,117.50953380568117,120.38865201981407,124.59139366523407,129.751303243854,122.84404212602283,124.57098645488702,124.68702097939752,124.368473994304,127.46989822248251,79.23847244284694
2016-02-10,121.15498409321519,124.17022295939513,120.13852559068607,123.20969241502779,118.18674862440426,121.1342253518035,124.87108588239968,117.03589978565856,120.03077358540848,124.3105111185375,129.33885566190565,122.6517519323014,124.605762650988,124.1407583789914,124.30697434487618,126.62438145236447,78.37686643875439
2016-02-11,121.2041785942912,124.14925248170543,119.94800782564239,122.9308171164448,118.20815378573795,121.08264488805487,125.52467417299769,116.813599192369,119.71649397362785,124.2206681284502,129.09103248050639,122.28112948467695,124.02920420514975,123.53564392285341,124.24439483894132,127.69279216497542,76.53737166336558
2016-02-12,124.90265395147351,127.80251473722602,123.7045635652136,126.64563664882029,121.82701889666833,124.65298115747552,130.12461887447412,120.48788585109114,123.345665175682,128.26845356457423,133.33653236448887,126.08516026608272,128.66033655658663,127.35715236288621,128.50636242202157,129.61110465042054,76.94582814336353
2016-02-15,125.14513655896569,128.06016983686456,123.95395702759319,126.91117234633371,121.90209517831573,124.73287165879923,130.12461887447412,120.5651069292771,123.42801167386546,128.26845356457423,133.33653236448887,126.08516026608272,128.66033655658663,127.35715236288621,128.50636242202157,129.61110465042054,77.56226353945883
2016-02-16,127.49474586088195,130.55956733552688,126.5066192140411,129.63193969537673,124.16103954682629,127.13934581478105,132.5150011995292,123.02612255785539,126.05514084064183,130.98277577233765,136.15476737093468,128.84358715417517,131.04453930857204,130.4711891662914,130.75030608130191,132.08203543029347,79.31847673831174
2016-02-17,132.11758223307177,135.1019550459635,131.15723077873733,134.20222710389885,128.65018869880342,131.5416337117184,137.9773414452748,127.53805805875665,130.47996670645233,135.85773478597093,141.0228451988999,133.48966573318035,136.92851306162385,134.480309020464,135.89555053029642,136.59074639463537,80.25650612880627
2016-02-18,129.37107653467513,132.35935289041012,128.3068634636469,131.34874128487922,125.90181687094702,128.79524130551124,133.944103643119,124.68528728087391,127.62179829729645,132.67080302027406,137.5822872101477,130.09648214979836,134.6311147164699,131.09162650001466,132.6080539630527,133.86834079647588,79.86935096705614
2016-02-19,130.39512721884802,133.45684339915036,129.3373258562924,132.45562309722808,126.90198542788842,129.8689247871343,135.4238792651464,125.69092699413125,128.70392300664292,133.88273228755392,138.869518756218,131.1414360011694,136.05975421358823,132.4127035083923,133.69834142629463,135.8715929695361,79.97049489347394
2016-02-22,132.66133348669825,135.6602438041875,131.76998097699547,134.8347480788637,129.00589492401804,131.90045077988233,137.681453376799,127.9575404538733,130.90716707890658,135.9426902202261,140.4968769544979,133.24873958739036,137.96548214174527,134.9538685051088,134.47711380229723,138.3886520263704,82.86345004444247
2016-02-23,127.96343951802598,131.01418511610208,126.94252262834654,130.05177141068197,124.54195711325266,127.50042897388927,132.30900922711842,123.3712983561132,126.37806945800985,131.0002099977968,135.83070070964382,128.3819500686068,133.1705500647608,129.89443065376565,129.36718563638811,134.48388983766796,81.60016147357094
2016-02-24,128.31911936015516,131.3131336596579,127.27939755457267,130.32892198007738,124.84027813027197,127.73787661952238,133.74068052758025,123.6487805294934,126.59137615570486,131.37292113030514,136.16803054975543,128.43433699498965,133.98061103423123,130.41090752259097,128.601486806021,134.98353820216832,80.69911988383708
2016-02-25,129.31909306863022,132.25114947622612,128.2953971198703,131.28221582421133,125.8541111385722,128.69063159043242,134.78957471740793,124.67893809056511,127.5598146656988,132.49026948326699,137.72210027232742,129.43946582519882,135.76188772051867,130.97457821003093,130.42517595933774,135.6427470093369,80.55745736612515
2016-02-26,128.64235032439393,131.54721342405193,127.63518207851983,130.59485449009395,125.08654055306911,127.88931302463568,134.81303358462495,123.92550695598578,126.77228855813946,131.68222879753458,137.29981353513224,128.48268416746302,135.15511819566973,130.35462465779696,130.2673400412491,133.41273221208695,79.99373251135896
2016-02-29,129.31684215362563,132.11988962148695,128.2498893487431,131.10073835218873,125.69010042665695,128.38591499951787,133.97870024566993,124.4663560923667,127.19872217860562,131.86531220869273,136.99795997214702,129.13968823422866,135.88448829585468,130.81131984688787,129.7876610073059,133.14358424169293,81.99929914918806
2016-03-01,134.16371402711144,137.11478110694247,133.2182950989281,136.23052416183262,130.55223354864174,133.40192455427527,139.30336364898736,129.45016845547238,132.3503209949793,137.37493824924212,142.1648373936629,134.7337102592974,140.29301480167814,136.49556956490466,135.4778400651576,138.3259605056752,84.16410559830534
2016-03-02,132.6264872107797,135.51827989566348,131.7105623978109,134.66315389782352,129.23816831756102,132.0408429738701,137.47884242866408,128.17326503597528,131.0269745613492,135.71759293500222,139.86442060588212,132.96506946641514,138.7632904003918,135.10458974313687,132.85312227243605,137.52960531878577,85.23488707952868
2016-03-03,132.92427617588075,135.90551154453613,131.9731316691581,135.01597631008514,129.6081351326316,132.5061475898061,137.11244899409348,128.50978511137086,131.45994667280044,135.68779750055114,139.9185972403606,133.20484144326647,138.4085657485562,134.8347284411902,132.94988925787987,138.7685440403234,88.82057744625969
2016-03-04,131.61874127418403,134.4239945553819,130.75651662550294,133.62299593083554,128.5292719067276,131.26234552785996,134.4173274693222,127.52835215868895,130.31422149742286,134.0038804338129,137.5112307660493,131.80770006782612,136.45534920518983,133.83097891171602,130.47437444153059,138.09436148740585,91.65642580259897
2016-03-07,131.08167356070493,133.64688425183192,130.21376037599373,132.83164187679205,127.97979836130726,130.46801808148302,134.25607358591324,126.97282622094531,129.50498936478522,133.0291401069345,136.51709607326845,130.65687879396557,135.7283915636188,131.80641724974194,129.45879290125103,137.85889701344684,92.160118774649
2016-03-08,129.6742460429608,132.37458968005967,128.76876042791113,131.52382828112053,126.54092041198768,129.16368308819833,131.94665423507516,125.49514672221109,128.16375108128048,131.48630724503948,135.37245999694792,129.3238290088956,133.92484530004108,130.2190023717302,128.52406404594444,136.83978424509576,92.46377955635246
2016-03-09,129.6053630277399,132.07799073761376,128.77569201913477,131.3001656954492,126.49731077614726,128.89050902315188,132.160459563681,125.52918923099516,127.9654623432361,131.28801903223393,135.03055455146747,128.9715159495854,133.98645344309236,129.85962203030522,128.13954556301627,137.08620935914368,92.2809561198174
2016-03-10,127.22187361389814,129.7121568996095,126.3384992491825,128.87764909707195,124.15368275638492,126.56590580910449,129.4952728770868,123.13289945136161,125.58519690997731,128.37755892429072,132.19359319982132,126.45667450713213,130.83752759447947,127.15231138725596,125.16280620696827,133.77984609857214,94.18596050901179
2016-03-11,127.45038313939452,129.96618405885923,126.73943033936428,129.31548400743932,124.41564877414002,126.85590626249841,129.80223153302865,123.57063431596322,126.06292617195236,128.96113302937118,132.8587995700713,127.2583704919003,130.20131226360985,127.95498711287485,126.7455201711273,134.42529268024578,93.7757709994678
2016-03-14,125.06776760326659,127.6518863866124,124.3981629741191,127.0471368544908,122.11521816866231,124.62848611495745,128.01924962807962,121.31528912791254,123.88562874257698,126.93542616637556,131.01159433047744,125.17742914980165,128.19663022583708,126.20722602626525,125.21899922035765,131.17203171508274,90.54318899123248
2016-03-15,126.53835733584084,129.1876202136337,125.80181321046847,128.51424215707306,123.49225422124239,126.06675452442735,130.83283889438923,122.62106035642577,125.25047489843584,128.6911724451975,132.9838140681449,126.53576222933114,129.55840068668903,127.96687311850958,127.17885805157785,132.66496132735273,88.73721004676568
2016-03-16,132.1446879865143,134.7325070549129,131.3367936545569,133.98197706514287,129.03250319758857,131.5438355942386,136.11031973127282,128.08571254838733,130.64584646416796,134.55002696420613,138.2769789657176,132.21689593243914,135.83494243606938,133.74529404972932,132.6511422058774,139.24268201381216,90.16842773709683
2016-03-17,133.38384863271048,135.8928680680925,132.6693904087151,135.2389428357774,130.2802492736935,132.71275422550744,136.05736318305338,129.42825484509711,131.9129657642436,135.31624595497027,138.5795479945537,133.3209019834331,137.79466460092658,133.89725702564678,132.60080737448422,140.81244871842623,95.0145472886551
2016-03-18,129.59139053130053,132.07632460623475,128.92415407496478,131.47117197039734,126.716936321388,129.13664362411913,132.20145634370647,125.92114458606807,128.39556029694873,131.40279249956976,134.3693011535627,129.27864324188334,133.7263742196265,130.24506032332982,128.420946825239,136.16858501768237,94.83911619790591
2016-03-21,129.92055347032746,132.37067390713202,129.29830568971792,131.81204509712333,127.00576513071414,129.38782273466666,132.3019039287902,126.25426642015127,128.69248151939473,131.60549436187375,134.30080481216788,129.421384546907,134.14003850828053,130.7977149812773,128.00585574658308,135.9822069603827,95.86167284267026
2016-03-22,129.4954913468871,131.95687079462,128.85608534452717,131.3804061789619,126.5293386912884,128.9195733335718,131.8590316790592,125.75874556453341,128.20419038888966,131.07760307922757,133.802138344193,128.88998016666312,133.77169983161284,130.27917445778542,127.05374232971008,135.40551096007127,95.72668414888807
2016-03-23,126.4353753316817,128.9726066913615,125.85277901655547,128.4587337651867,123.47174747567078,125.93763761214775,128.98853462167523,122.75941490644402,125.28642342473604,128.106677247751,131.13557565316546,125.87479619402566,130.1424271168777,127.51614656250317,124.77308216826783,132.28021538694804,93.44976510635621
2016-03-24,129.42242766320433,132.0201921989353,128.81397575667899,131.48136440575234,126.3844363168412,128.90891916440899,132.88511045654755,125.64286073381679,128.22913404423667,131.40821923253037,134.40134096065583,128.92735140967656,133.7574475330875,130.77528561679733,127.32454385626073,136.11195939182593,93.296917051719
2016-03-25,129.42765696523549,132.02573162743712,128.81938065570887,131.4871018984005,126.3844363168412,128.90891916440899,132.88511045654755,125.64286073381679,128.22913404423667,131.40821923253037,134.40134096065583,128.92735140967656,133.7574475330875,130.77528561679733,127.32454385626073,136.11195939182593,93.296917051719
2016-03-28,130.12955866304998,132.78983113026848,129.52876533101247,132.26144576622113,127.0055339597018,129.58865093122478,132.73544911583812,126.26869359637851,128.91610574421057,131.92239793520895,135.10166731670478,129.6872516563397,134.46701991934665,131.31696275722192,127.95489020014384,136.8657292554158,95.27922710412886
2016-03-29,131.08314652171566,133.91603774931806,130.4308474030853,133.3392508885658,128.06906235924856,130.8346416747274,133.83452286553072,127.28357993528286,130.11712742504835,133.1967889839368,136.36414752546807,131.02594131599795,135.27952782664164,132.65148384281278,129.37964463975308,138.04209986234795,95.80649547210831
2016-03-30,130.6420833044332,133.54372835935763,130.10212066383454,133.08876455007507,127.6981019388642,130.53766466428527,132.78884351557582,127.0290617642195,129.94674821738786,132.94386174546355,135.68821539460586,130.7280329671781,135.5085149265921,132.5538143600388,129.260624843822,137.78383239244724,96.30226858838907
2016-03-31,128.79943391211063,131.6582009638233,128.22709335158473,131.16703463170708,125.85772020043852,128.65277012234986,131.17987625163298,125.15614905092704,128.02529792486519,131.1035063183111,133.60655888457188,128.66788798512076,134.04907111407778,130.34872665168834,126.79498388356181,136.31099309192035,93.87899488020489
2016-04-01,127.84867681506884,130.855119082946,127.28700775612214,130.38053291369638,124.89160736635779,127.83520804918285,131.00515271509167,124.20049104308274,127.2241740386969,130.0675813368303,132.6460224931284,127.48578124685872,133.4944423431449,128.7490484766838,125.26525116406344,135.2108854188414,94.9892893743754
2016-04-04,125.58268967356751,128.63326015030822,125.02825156250579,128.16771279671636,122.60403663059594,125.5896642745072,128.99799114918963,121.91987136948472,124.98725186778734,127.92527353606684,130.81475259146964,125.32831766687845,131.05048130540473,126.56880100153242,123.779727572905,132.11263436548353,92.15744176537443
2016-04-05,126.039242094238,128.99547719985728,125.34358454984296,128.37600998718113,122.94625064903086,125.82892220406178,130.33488614231996,122.11488575364726,125.06559594343796,127.98783177306994,131.2889812348002,125.36354456797503,130.95608346891976,126.52884648667792,123.32932124696005,132.0782734194777,92.35489456576087
2016-04-06,129.21019608526245,132.02873614427776,128.5729830972296,131.46715539244914,126.09148308349805,128.83489414371692,134.53080912786103,125.3178692587747,128.12881170939383,131.57711267450887,135.10759658844646,129.1686967503367,132.96792927380946,130.24741609535678,127.00733729384943,136.72088313556944,91.00940598904876
2016-04-07,126.34934594306861,129.09172952250202,125.59705737721036,128.40471779085257,123.2491211819133,125.91466844521646,131.73614512661186,122.35998598021337,125.08231959480804,128.12099932275532,131.8742080803768,125.7310312165838,129.16961932286915,126.87492248106696,123.26196251848445,133.18156339812265,91.33827759185486
2016-04-08,129.7894920540869,132.4037125480397,129.09429737813153,131.77348802947714,126.70090609875062,129.23927888201865,134.39179796843172,125.86928384582482,128.46435759987446,131.49785391867897,135.28189813083148,129.55272109392843,132.65996316035663,130.21089868558252,127.06141491176793,135.78719357338954,94.49288227115535
2016-04-11,127.30449226238878,129.780855968544,126.59219321195239,129.12733256347428,124.28521141682072,126.68646859939214,130.4294754822377,123.4390078748855,125.89082058538357,128.68596059847465,131.80819874058162,126.97400440061593,129.95071496883745,127.89451848680568,124.1854433900777,132.66080688544483,94.0036231829572
2016-04-12,126.20402127703973,128.58177576254724,125.58764696618852,128.0264455107824,123.2699526710632,125.57562842661976,128.8840727769434,122.52404263023466,124.88301560858885,127.21413186561053,129.91623646044962,125.39883411312083,129.32156290341257,125.94374907827665,122.48226128731861,131.94627988092535,96.79989116280565
2016-04-13,127.6557768500211,130.18659779110394,127.14759749738718,129.75156831536475,124.7668574798121,127.23143328637909,129.84505274555653,124.13199844383327,126.66263419669848,128.90948019793294,131.491613346993,127.20584919398709,130.6857594867229,128.25936538153607,124.05233768323494,133.1643321932569,99.16271814397422
2016-04-14,127.92166186521692,130.46670543604677,127.47572844659858,130.0982817012311,125.01533724090217,127.49345495749891,130.36252367085103,124.443035735736,126.99167906040569,129.42716704326148,131.979217192242,127.40726547730321,131.8568461681489,128.55312051554796,124.69882377623453,134.0771486124684,97.87348644480403
2016-04-15,127.03202300541385,129.6640974407512,126.55085792812501,129.2614311610303,124.08019615732566,126.64353388255563,128.83870796798297,123.47064122963394,126.10525816613259,128.29038256452355,130.93759110414678,126.13956454942294,130.4216737324503,127.16448583129478,123.78477215188765,134.4297555214407,99.1314924157605
2016-04-18,129.70052553764017,132.44821591992851,129.237055650013,132.06884343023987,126.71921432003055,129.39967527094223,132.27056381365753,126.12620065323654,128.88367340035506,131.4942525858851,134.16073406561992,129.14831464411506,133.25097102882677,130.16146733271384,127.12138896502945,138.39019529077078,98.10852851193161
2016-04-19,134.45887795597991,137.2421702375626,133.97027942901593,136.83783034555296,131.35766479419127,134.0695612632675,135.9930104326853,130.73427847490896,133.52294588296928,136.46345977496452,138.85782918204748,134.1940447094923,139.95590343220726,134.4507086813113,132.70922690325574,143.77922956270052,99.70342488619546
2016-04-20,131.5519646111497,134.1266677308639,131.10895651280592,133.76279556969686,128.4603597784653,130.9593113625977,133.28061105815368,127.88398506148857,130.45440918770396,133.07801394729344,135.59183597161388,130.71586381675658,136.49071526488515,130.44680436322392,129.66224803462606,140.08567897570111,99.41595389843468
2016-04-21,130.89054878439185,133.44685940351465,130.40663339254374,133.03884612293288,127.700978568132,130.17499759703912,132.7511274464274,127.07973445360969,129.6213986843022,132.1509993199665,134.81454849266638,129.62667019866362,135.4579065941781,129.5948433116063,129.09757094609753,138.52187812397497,99.41595389843468
2016-04-22,130.27521144616384,132.77622403699237,129.83425164207677,132.411697117189,127.11785027382841,129.53736594083847,132.7261531652758,126.54135670958611,129.02921946346572,131.65418063863936,134.74773494673312,129.23745120103038,134.43912695787168,129.37223971501487,128.75090514055952,137.40959314407942,98.07700917376758
2016-04-25,130.91545022973455,133.49967455668988,130.4286082422015,133.08962426806008,127.54008583555054,130.03134268405324,133.57611011423208,126.90930404248213,129.46827423228265,132.29423602876932,135.68987435019372,129.98985343241748,133.7364305703188,130.28417415670285,129.5870763619719,138.12514703816487,96.83682556619844
2016-04-26,131.62543417786426,134.14255433045756,131.16003999508945,133.75285729909913,128.2253476358186,130.64755611834627,133.68961383018564,127.61529692866065,130.10403129450654,132.725653769261,135.7249830160825,130.3881551117529,135.02691941157187,130.72870148970395,129.69629940448604,138.22620526858117,99.06937620067643
2016-04-27,131.00281026594462,133.3713438515016,130.54433818480553,132.98344248739366,127.861959063216,130.14876930187998,133.12865386315713,127.26809384055795,129.61733890444341,131.92475648118793,134.76619829143374,129.71997185130672,135.4456734994447,129.83789460793312,129.23940319532207,134.68257322908218,101.19808135568628
2016-04-28,130.2018155210173,132.4857567086321,129.61865584797678,131.962566943386,127.00044716465501,129.19745036849332,131.57872876042015,126.27814637965429,128.52631550436087,130.8067882051268,133.48197961926357,128.35231015944063,135.47661540029608,127.39507183393755,128.36235035104443,135.90933065053534,100.4097470480428
2016-04-29,128.55314691939896,130.7682288320654,127.87757004838672,130.14456000466404,125.323023158193,127.44768296293678,129.4840082405469,124.50638808681337,126.67371276107278,128.8190905765626,131.29170745622437,126.3658901454916,134.60007172435908,124.57903773318189,126.20217110783678,135.11460627499974,99.82557917102963
2016-05-02,127.10431278921716,129.4153080326704,126.4632977138264,128.8314262898163,124.03019403902167,126.26032196574013,128.4358704274756,123.25402311642675,125.53279366191221,127.57305346925037,130.45648725438397,125.04029507802497,132.14214057410126,123.52221369956575,125.54562179813145,134.3688513331782,99.65781047775303
2016-05-03,126.92252232603103,129.27296116424648,126.1964661012269,128.60035359153034,123.69588320710993,125.9569854976186,129.00690225581897,122.82843931214886,125.13368386975665,127.34991447279778,130.92641638921071,124.6487750229632,131.673755888453,123.379377459317,125.28564532581447,134.97195138418715,97.77310790655876
2016-05-04,127.64857748037264,129.93432534112935,126.89516466333346,129.23057646975016,124.38971008932904,126.58375674086253,130.0057105827497,123.49336632077423,125.72755202252795,127.95771449130685,131.7764011450746,125.04662772699493,132.90122465179962,124.06057338299186,125.59853150224194,135.85634993132612,98.20829482680519
2016-05-05,127.4184637287332,129.65362609344038,126.6762296376314,128.95995034058686,124.15623752793175,126.298712771779,129.99050921802342,123.27114902492704,125.45262437849027,127.80549037737687,131.38792008813968,124.64491959536117,132.7695682337484,124.16464848890878,124.73763286922706,136.01546965740417,96.91643921219847
2016-05-06,127.46000085168161,129.68746312142724,126.69186641551569,128.96610519521815,124.09132568190905,126.21985356658669,129.82879033607378,123.17654712521913,125.34179757237783,127.6871796931571,131.2988149913861,124.45911867215602,133.12632755207855,123.66951081047468,124.97793134861467,135.5509287904924,96.87590982400282
2016-05-09,125.07614459633115,127.34299979653643,124.37738774999241,126.69614530439446,121.71822351894703,123.88596083784928,128.1091014664202,120.87448880348717,123.08420888751766,125.35225035719044,129.62093121954467,122.193799691126,129.06771938986813,121.81306904675347,123.59208060565385,132.61299395400442,95.42394041824748
2016-05-10,127.53663007338392,129.7820976661387,126.88595550176231,129.18572768259043,124.28388048462638,126.43752457461905,130.4951445257454,123.49165295120868,125.69028337452704,127.8341707597429,132.02901074765964,124.81136854299804,131.92531486030063,124.31541219007123,125.37336722724204,135.20609962842335,98.88610934600904
2016-05-11,125.76441842686089,127.81281054888719,125.06872169602762,127.161639948311,122.52921344009542,124.483264170809,128.25369758750767,121.69234942051308,123.68138228945654,125.63213473189863,129.49675826196557,122.72049873941644,130.30502959657102,121.44931692726497,123.01624536268652,133.91187839236443,98.65744462037472
2016-05-12,124.9056432271508,126.89226360069215,124.25184446105702,126.28316112360835,121.6710544352726,123.56214564308634,127.33003476923885,120.87678881209487,122.80305090511432,124.54197497579607,128.50621381412668,121.6610795476788,129.59625750534542,120.43039411176694,121.53228084601018,132.66502636070462,99.66696410116512
2016-05-13,124.38149345553029,126.33107687457678,123.64677084344022,125.6350890144988,121.09059312818025,122.94075852366196,127.36481872003485,120.21268903295808,122.09163826071543,123.95990130110218,128.24647869675826,120.99115779648638,128.47215653994581,119.64499711413666,121.51845196424327,132.26028104405137,97.86233816338459
2016-05-16,127.2703570096166,129.13466188898246,126.55282792337775,128.45423613503502,123.95570752735456,125.71965145615596,131.00391016553513,123.09376240083232,124.8848183935245,127.10834067006458,131.74859845893408,124.26350446414351,130.11678915101794,123.2508244561345,124.68127784417203,135.9067275594215,97.38725864906476
2016-05-17,125.59820720972428,127.35609854405455,124.85876321161066,126.64869910177264,122.31663060157511,123.97388172365558,128.93616512969226,121.4339619292281,123.11324438180924,125.31676520460286,129.47052850747332,122.40345147075476,129.03146815450478,121.51782647926204,122.38558417894134,134.75366120591607,95.90849171329535
2016-05-18,124.64295835531118,126.45218759266841,123.96725652004577,125.81369232969011,121.3532219864648,123.06158617215253,128.38000426292243,120.53497542524325,122.27062942899545,124.4373594282884,129.04686792071826,121.58260409072115,127.41516188638424,120.64517941823819,122.56211809808295,132.9159708082877,95.43483553354521
2016-05-19,126.16563769266706,127.91718761783642,125.45022654944758,127.23491983858099,122.96246984624781,124.61788212908868,130.67456247818905,122.10660154828294,123.78550445117081,126.1832227049095,130.99126731344748,123.19018979164763,128.79381005257073,122.1358891857131,124.10709305018534,134.92551549919216,94.89502465544966
2016-05-20,127.11359274419178,128.9286539669868,126.43225010621903,128.2845997939967,123.87597408783168,125.59427801799423,131.77662637953836,123.05326318631991,124.7992007419833,127.39597535730044,132.15092581503245,124.4098172986364,130.130710235913,123.29677250294189,125.1648781064642,135.73967682028746,94.18787939318908
2016-05-23,126.64091121655494,128.4737403447335,125.96273274382396,127.83359982639193,123.38652927931537,125.12171456196279,131.41315467231735,122.56656276463292,124.33007409725691,127.01818611402696,131.6304476443962,123.93549304124438,129.5653390822789,123.42980359719226,124.46551003200838,134.77161207991142,93.01162120177813
2016-05-24,128.04208502050506,129.8691045442504,127.48170616514946,129.3532237933265,124.77236892837938,126.50145789199468,133.42167022616397,124.07081590615148,125.83488204041097,128.64694054991477,133.73148468689143,125.63196329187414,130.31824700908908,124.68860048484302,127.45740580225515,135.1962946020206,93.4010554898166
2016-05-25,129.30540282067767,131.1098473827681,128.8001505138682,130.65142820608838,126.010758037789,127.71617565026348,134.77754106477872,125.36392748612195,127.10667601253887,130.03324131762562,134.91181769436236,126.89793707306048,131.2524636606096,126.42821321213096,129.0579332650079,136.25566112300544,93.65754007556654
2016-05-26,130.08822717474092,131.9541787334029,129.61356054631673,131.53031684704416,126.74902408129975,128.51467990296388,135.09785674924717,126.13148126747633,127.93838774859607,130.96145382762865,135.5141734112734,127.74202370857861,132.63161913608624,127.31274917579407,129.93841294720468,136.8841827729694,93.65754007556654
2016-05-27,130.46061495324815,132.32544499001563,130.03189398567753,131.9500569779887,126.90164526800439,128.6543554360768,135.7724357070614,126.32286644770785,128.11855505996186,131.23427973779812,135.7894482007145,127.86220634644452,132.89600168703066,127.98201324828926,129.80712226325878,137.09340626004217,93.0940055465522
2016-05-30,131.081631981252,132.97956565033718,130.67467699965638,132.6284125938922,126.86605788957021,128.6168333844642,135.7724357070614,126.28602437501908,128.07963236684097,131.23427973779812,135.7894482007145,127.86220634644452,132.89600168703066,127.98201324828926,129.80712226325878,137.09340626004217,92.75461963253656
2016-05-31,130.33174903933568,132.2581693392814,129.9007888101074,131.88269473019426,126.1908762651147,127.97396100736063,135.01825161852395,125.58947695373462,127.41533895122888,130.54517204435135,134.90888994500537,127.13808371358581,130.98142904298024,128.25834856853575,128.13520203958603,137.11171269821173,92.33925689644376
2016-06-01,131.08553473117144,133.00416041179844,130.6640382800956,132.63843691213916,126.8765178939745,128.6484422519103,135.72651629217486,126.28211341988155,128.09685658513828,131.18316337411812,135.62985366337924,127.68206639064698,131.3196712993421,128.8054553277627,128.4621732094901,137.92447672538339,93.30207990846196
2016-06-02,131.87073373388435,133.85043950934076,131.4776046131917,133.5169802657781,127.64553044378368,129.47844288173826,136.193473398316,127.07893288126675,128.9585718321984,131.90773688952314,136.12477505981403,128.4674493513797,131.99308465665982,129.79082065944908,129.02069521994207,137.75648537567898,95.16510037960273
2016-06-03,133.05406659444125,135.13066972408646,132.5782282992764,134.71355244044915,128.56584345409112,130.48244730787607,135.25589359777453,127.90660284582982,129.8678574953849,132.75294403464198,136.32728136998534,129.4799477641139,133.30091956906026,130.44321164883186,129.34299201531894,140.20270169803894,96.50965876636036
2016-06-06,132.12420683746709,134.13545852388117,131.6935606389103,133.7636285575435,127.56981358173414,129.41655566043696,134.52304282574644,126.95380588472122,128.84502805591953,131.62351631087677,135.04387877872844,128.40959333234667,132.69635874118075,129.46429262151366,127.46076048044131,138.71839171786243,96.4202968048671
2016-06-07,131.6539387910491,133.62196648968123,131.26849281704267,133.29624931728122,127.22803989351863,129.038202278458,133.95699072591773,126.6619318581464,128.51804178246155,131.2481522193564,134.30148285938958,128.0247684551767,133.4896559073443,129.0036477167979,127.10282813351073,138.15281374288705,96.50860808651723
2016-06-08,130.7713032695983,132.677775501693,130.35274006944434,132.31472720826605,126.36969365625936,128.11885486443876,132.16831163304826,125.771364101391,127.56228301005157,129.90930181057593,132.81704792246535,126.85469168177657,132.95078061961578,127.6314838443443,125.4516831714448,136.86346338847795,98.72529376583879
2016-06-09,126.91547756201413,128.8024935517274,126.4471722217584,128.38597674546546,122.66716025628395,124.40293915218635,128.73218886962428,122.0249995670979,123.79925221808172,125.82417339174484,128.68810979851511,122.53224047630498,128.20191097837835,123.60858342589395,120.8643708905874,133.59545076717302,97.9267407933914
2016-06-10,125.67072279580323,127.58941678931512,125.08381082333348,127.04873150093987,121.34025552786909,123.10264559165054,128.36167220436332,120.57646774095991,122.3712725073065,124.52636066485658,127.42131467150999,120.81259978095609,126.76024727144694,122.99814248328987,117.97045536284597,132.39707484894444,95.4828582583402
2016-06-13,126.01027563860889,127.96439852009847,125.3708098458407,127.36948941131203,120.62174404737702,122.3615841190244,128.29469602138607,119.76979123450006,121.53612513138334,123.62792004519878,126.68319492188984,119.79818844550051,125.68748653002149,121.69410167201586,116.82280626016217,132.21711879791346,95.24100752609728
2016-06-14,127.03203904377973,128.96608384178708,126.33446704710813,128.3091723151416,121.68007120835958,123.40270873253864,130.49301941000115,120.77125198651055,122.51667438358116,124.9451898181471,127.75226526331372,120.90761179232229,127.46196409913257,123.65692757651703,116.81870293094774,132.7668533939562,93.29897802437905
2016-06-15,127.69765824572818,129.78084121579633,126.98897176841496,129.11743243070694,122.28434433971395,124.1525137679873,130.12154706376268,121.36227355974634,123.25752826956284,125.69797978354428,128.2711604253279,121.7736888423367,128.6324921442085,124.73116335884555,117.4139077544442,133.59777707877743,93.8857341401866
2016-06-16,127.82582227022358,130.06780815086842,127.18073050764578,129.47716807505964,121.93393285773553,123.93344660154655,129.95530501252009,121.05963627572798,123.0934416113076,125.3940061286833,128.12226375212538,121.43821779964628,128.4469224029624,123.86615177507782,118.11019470874666,133.337917906213,94.88337690324555
2016-06-17,128.19940505067024,130.2412744056402,127.51553784622993,129.60255894310967,122.42118419308781,124.2292107026243,129.42559851606072,121.51207268512358,123.34577145429849,125.6508749349177,128.42327695204528,121.81886586964114,129.47710079502326,123.3927362563399,119.48090576795083,133.35648913174995,95.07935185036033
2016-06-20,128.45032360757955,130.47014023722951,127.87216949408355,129.9424213685192,122.80827637748466,124.60216567070628,128.52621597543322,122.00823783651148,123.833624616471,126.03993105973792,128.7883031453038,122.50933430376156,129.44345566555327,123.71406110582608,121.21383864945597,133.55674768802385,96.3536449641876
2016-06-21,127.86549532963916,129.89266799426977,127.39200673714821,129.4757768006807,122.706204774297,124.53359292214252,128.49238500952757,122.0262431920895,123.89317223329232,125.96934143025953,128.71023485965242,122.71330078996006,128.72242868892258,123.53015403243725,121.68938487703109,133.17458064723544,97.50324505143091
2016-06-22,128.0661642298102,130.1377154907145,127.56770418467657,129.69607074934117,123.38015007619933,125.27819395968267,128.8509068276132,122.69146595431909,124.63118164890396,126.86625395429434,129.2961533519027,123.41057253042014,130.2117684839347,124.22290606334731,122.94856573054406,133.84218152008316,96.83641104030497
2016-06-23,129.60118778905482,131.711824008779,129.2416227436816,131.41858365498044,124.74912533773286,126.67803786982448,129.28327478643644,124.19333446931944,126.1729071087007,128.26815156407213,130.62492126157846,125.09693905581246,130.9690806752839,125.42037369969776,125.45068118016157,135.59671686565292,99.4404799053091
2016-06-24,121.892008289563,123.87430521434533,121.07202881081392,123.08888774629952,116.78196607966242,118.56269450379367,123.19127685812985,115.75840203925326,117.55629195592705,119.01843473557656,121.04873352788381,115.02767355157862,122.41600611423517,117.74700383166739,110.01654040311108,127.8520336326995,96.82821216314954
2016-06-27,120.7325920336177,122.69545602592919,119.80791634545763,121.79854552311191,115.65540687400436,117.41774260417606,121.43182542179476,114.52923157829325,116.30201664881396,117.7707427205548,119.74162000877071,114.28981130116702,120.80764152054992,117.85911487111215,108.02162862157675,125.81979680211897,95.59657172054197
2016-06-28,124.20156551024984,126.20731218803189,123.40295391388993,125.44556842750994,119.13430760317678,120.94252978969887,124.97248608327654,118.13217264675492,119.96005817715987,121.66479063337418,123.3283297204203,118.25326528838913,125.8452284319545,121.20568705590512,111.96798420051451,129.68997271555233,96.90856735148475
2016-06-29,123.62928363582375,125.59578024932141,122.9148449937553,124.92163298078434,118.73067910817794,120.50876876951389,123.95174095831108,117.81784009560681,119.6196930984105,121.09064530661078,122.37692367717135,117.63388549300917,126.05177333042519,120.28243524646179,111.22517432146314,128.53547249910005,98.63954714611468
2016-06-30,122.88798963422722,124.9970272931876,122.21918925474814,124.3759448240664,117.84711412718856,119.75900780439892,122.86033080742753,116.97548040733801,118.91793915767461,120.21492989388811,121.51400533977765,116.65890151083613,125.18329470341854,118.76342764805882,111.31806253668546,127.73293716755572,99.5423352453996
2016-07-01,122.5530348349108,124.60388705250374,121.84786917348407,123.9422543540464,117.53820055061395,119.39333354324431,122.1601164584411,116.63132828116541,118.51295605631407,119.67510117554279,120.68706930644754,116.07527450024293,124.69507524930081,118.62199828227808,110.29969798295983,127.31867131842517,100.39133320565429
2016-07-04,122.71616041231792,124.77612149286719,122.01629409226476,124.12042704459287,117.61622108217522,119.47575556907462,122.1601164584411,116.71184358354392,118.59817924985614,119.67510117554279,120.68706930644754,116.07527450024293,124.69507524930081,118.62199828227808,110.29969798295983,127.31867131842517,101.25763545355355
2016-07-05,123.52084835198087,125.75287085779033,122.68651490862506,124.96095015081347,118.42385159547119,120.455524417703,123.91179665833154,117.38550730278322,119.44211227646385,120.70623867852251,121.91011320945574,116.76014620374748,125.92599505495812,119.95755670859747,109.94709930812228,129.50640168349307,100.30715813078494
2016-07-06,123.87735760497445,126.0490904622958,123.01123716804028,125.22153136606524,118.71843558862636,120.686763788968,125.07794973386004,117.64640246429046,119.63561055810187,120.90767589815152,122.4869893612758,116.92672668597639,125.0106519101958,119.97583927036099,109.76334812864985,130.83833397780626,100.41580739153414
2016-07-07,124.25571391436463,126.62795967041089,123.3793391620906,125.79624887438543,119.30633354734704,121.48662747127632,125.80416616966777,118.230354057938,120.43830314334633,121.76366076372365,123.12777075170376,117.57519713967727,126.28807916002542,121.16950251562255,109.94217532575328,132.34522431859835,100.68065595275142
2016-07-08,127.64662169447266,130.16204929952661,126.79837147949753,129.36542566075764,122.45248736622972,124.7640780701801,128.94391231754102,121.39564952132108,123.74094049602218,125.19170970100745,126.26181982599405,120.81713941347357,130.387079115374,124.09993607566348,113.0824461508741,136.49907537904443,102.63139624673923
2016-07-11,126.23461287186532,128.8429056269264,125.47888263655706,128.14736621117888,121.26545636597059,123.68177897963093,126.98222259945486,120.30828449233346,122.7677175578245,123.93545937714781,125.17799151258792,119.82927822692704,128.28143353335088,123.16240997408218,112.57186893650209,134.18694840074073,104.27357014586195
2016-07-12,128.34669283927,130.81527401272683,127.72527393663651,130.25787677611228,123.2369985354486,125.5072166620668,128.92185685517723,122.40852329928937,124.72533809603073,126.03336413878843,126.91426122220115,121.89987669091227,130.44137769271518,125.02274098624157,114.96503293929774,136.8739581982473,104.8103033836615
2016-07-13,127.48418887738049,130.1202292971202,126.80926677510055,129.51194836496708,122.46823336211456,124.91035295947755,127.9088602303056,121.58979695889165,124.08138380882765,125.21681925266736,126.31757946343696,121.20303538279194,129.6691432587335,124.25737338211526,114.58624811535172,135.60588666899196,105.78619703933627
2016-07-14,127.42679354466016,130.0525430040598,126.83448383724843,129.53164130909022,122.43086843446898,124.86387876600229,127.40864115274387,121.63548337171417,124.12287154028854,125.13976110441753,126.02217125511129,121.37214546137743,129.55841568947227,124.35390828726804,114.8492972133399,134.3776339673583,106.92675034409677
2016-07-15,126.82602563092304,129.38106025737858,126.25194922395929,128.8769238988379,121.8136170340145,124.17447932896326,126.74385961110659,121.03605110079903,123.44976171972988,124.2999600688919,125.12736725943101,120.4563000368115,128.55329176261654,123.6616780186807,113.80738544553037,133.0647073186031,107.86180090634076
2016-07-18,128.58601395300033,131.28000472845483,128.02147873564203,130.79117957351664,123.4582010427069,125.95237531832564,128.27148688291769,122.68577101587096,125.23809318236194,126.04984780546053,126.53638260276803,122.11310470999852,130.92867953051663,125.57998582173992,114.90133207735272,134.6098079339042,109.90883916910772
2016-07-19,126.91703423352698,129.60797105683528,126.33025718956137,129.095226246784,121.83525679060286,124.32764825298233,126.77038906123019,121.04269491479442,123.59166035591747,124.08564560329407,124.7328968198458,120.01867924337304,129.1010309324778,123.55663962807026,112.7437728518436,132.3261068658811,111.40943475917287
2016-07-20,127.29683288882599,129.99907083518417,126.7945666264792,129.5765892201044,122.2660071494983,124.77315179812175,127.31988088268409,121.55923455051925,124.1289987476508,124.77159073038892,125.44388896717369,120.71612133970211,129.28162959336623,124.37295819450496,113.81953252486647,132.86488556254753,110.4473390482128
2016-07-21,127.22742706298567,130.0300764430882,126.64117406545705,129.5220024735401,122.19459147194523,124.80177828292204,126.82993348619975,121.40402995164993,124.07212070379137,124.67039029726593,125.26267607093192,120.60524214333428,129.26725990050505,124.20688539731395,113.896544822974,132.87122432811785,110.82543722235636
2016-07-22,128.1389415953732,131.0065900426127,127.59610275633084,130.54713561641498,123.18296221900502,125.86068819129326,127.9478630681729,122.43796466845058,125.18220089692971,125.81873920483811,126.19039672393785,121.64748865895285,130.6476900434159,125.58068127149413,114.41210669342996,134.00014461162064,111.49513238987052
2016-07-25,126.82902022023235,129.7817045310191,126.301237945763,129.34122018254465,121.87486354548571,124.63641181400004,126.3224547767854,121.14532331484709,123.9772131810821,124.51101825740271,125.2269139692952,120.34256349928319,127.91915396425794,124.1480081808291,114.01911267408995,133.90077975833287,111.36358330138367
2016-07-26,128.4557223910816,131.4881931059647,127.91704669513287,131.03919547898585,123.47076291829882,126.31167552727459,127.82706464026006,122.72885739959627,125.64240914917069,126.34570769868137,126.84590966741042,122.1825010429918,128.92540030603067,126.40445056940423,115.61258021196056,136.51047983368608,111.26234102131288
2016-07-27,128.19521393689612,131.31989806002045,127.58681851078741,130.7999540698632,123.20959939425767,126.14233292217625,127.18946801489378,122.39817744960942,125.40221299357354,126.10314915234275,126.63645521310065,122.19633214553778,127.77132743342008,126.15591576172707,116.12348600398911,136.13945449103562,111.05949572252001
2016-07-28,127.6996255794997,130.92724418402378,127.10585099006661,130.4265181453662,122.72655681072433,125.76241570745317,126.94866391146446,121.93028939212056,125.04205117213587,125.75520940163791,126.25874429221027,121.78426600733314,126.92195657476387,126.00626993746012,115.80187622798938,135.94089466646685,110.60262007139576
2016-07-29,129.60282175691086,132.87038454250475,128.98719171749875,132.3480222867016,124.57803050434481,127.65245593927908,128.45235201043417,123.75766494608358,126.9080552850671,127.60007940734484,128.1382709842636,123.72726738751223,128.76143075305382,127.47201712557856,117.57846638512777,139.5626347721121,112.5605693994989
2016-08-01,127.24404292149258,130.59598518104198,126.59416024092332,130.03978855940883,122.64149783521616,125.82541870154105,125.84878093580525,121.80167055536586,125.06377718215202,125.61248399158538,126.20529822525897,121.89332722878783,126.28223924246014,126.43196120638909,115.21406848106726,136.88395515847535,112.21788717730921
2016-08-02,126.60851150502306,129.94261090736424,125.87954455620395,129.30119922497443,122.44692296006983,125.64184171270156,126.11334728596555,121.54265044024466,124.81162262924295,125.45579906252998,125.94434290026481,121.70211058015339,126.23701334225794,126.02146945883106,115.20196778050118,137.40616339435917,111.04257872211198
2016-08-03,126.94191205822032,130.11403205782767,126.25509880123185,129.5120597154351,122.62764109482833,125.64974657928639,126.96856219461141,121.76066393137543,124.85344892888244,125.33409475284716,125.70140463314887,121.45454580828992,126.66062638998797,125.44999155515913,114.76609961818652,136.07465635491747,112.67406663734019
2016-08-04,126.94743451772128,130.07087641301052,126.27977860040377,129.48762959228657,122.56074314380561,125.5292125987212,126.36055875078627,121.71061442602928,124.749017478642,125.13460103805588,125.45975797572918,121.46930915388639,126.67205487272726,125.19734465349046,114.3701009264365,136.11568700731033,113.51590682584056
2016-08-05,126.00423840172195,129.13106087410773,125.46256548327814,128.68214757747361,121.71070000352829,124.68774736746037,125.61306524914006,120.99018237696657,124.04607664241026,124.33505156446813,124.34110924462351,120.54375329955818,125.7217879751551,125.05749525661132,113.33831101557723,134.74081983307553,113.81860636950019
2016-08-08,125.66815676520949,128.69432616999876,125.1588560747217,128.27624141678038,121.28280178101896,124.15244880320625,125.06287702520551,120.59172898267396,123.53825578056023,123.85467717449853,123.57111173391657,120.12471477086832,125.77476855115594,124.50859806438257,112.79746318805468,133.74023104278157,113.06436730049208
2016-08-09,126.6477531088416,129.73846357569846,126.1402836437966,129.32480312162318,122.27865406317764,125.21501583379539,125.27723459185789,121.58972615204678,124.60569940922201,124.9908747647702,124.61319610988113,121.3601797383938,126.98536988756285,125.60764178135646,114.59235833822441,134.8351313183741,113.37836022070924
2016-08-10,125.52370950982719,128.73062559374068,124.99447089125375,128.2978918315887,121.155651010453,124.20767350577127,123.60205157998085,120.44521090021631,123.5794543201517,124.00488805011476,123.70568605442773,120.56027912509396,126.19481632697413,124.49107194177209,114.0556678765404,133.83111579278588,112.0112306968512
2016-08-11,126.11398323776082,129.16624504648527,125.66579082531204,128.81445271919432,121.79762141076016,124.69845604613681,123.85431009321732,121.17000384488684,124.15335834650082,124.38235574401337,123.87287797504578,121.0312183497108,127.50839937686598,124.8967571346431,114.21336281211028,133.5762608913802,114.5028514791943
2016-08-12,126.47096881932683,129.38144528170298,126.0233382908571,129.02501770760367,122.146680140983,124.90497297770284,124.64406811276343,121.51927033538045,124.35485587043435,124.64352782431196,124.17107951822037,121.22301099877528,127.40266557939795,125.16124017461274,114.63167774434757,133.35232989050624,114.08816834081028
2016-08-15,129.0630271020507,131.92825896342399,128.60902602058192,131.5636163755716,124.8344501632817,127.55566077828043,127.32907662909602,124.20338194555988,127.00063004183315,127.43711266931173,126.76573848224886,124.09887658201878,130.3179012430791,128.1932775877741,116.85795565595765,136.3156953855246,115.0891192303944
2016-08-16,128.56762321797842,131.33612805824475,128.08088202801304,130.93301644728834,124.25925169559218,126.87779600043582,126.71641757406422,123.59263603760415,126.28101619706098,126.6777316802973,126.09581925949243,123.39150132887559,129.72688733872735,127.09191267252602,116.80810883075603,135.57365852125315,114.80748248593412
2016-08-17,129.01040008168957,131.747276638409,128.51242441131458,131.33109975920718,124.71417163921363,127.30204844578338,127.65349748970682,124.03659673503444,126.69253707441052,127.04795092954998,126.77423540761714,123.72823382972548,128.89496420109185,127.31505125453096,117.11515976891731,136.80054683367288,115.60624840900651
2016-08-18,130.00287273278352,132.65099366792273,129.51004225102812,132.2371233877498,125.69586843310145,128.19467591855638,128.77916511329613,125.02285612110707,127.58688180150564,128.02003209024463,127.45437722011499,124.71298004756584,129.8518570027273,128.14826381536824,118.05343246548323,137.63150973019032,115.66935387643917
2016-08-19,130.53190549549652,133.14062343178003,130.05032915825768,132.73730503023887,126.1659576649965,128.62198757920854,129.67433034005725,125.50209282553493,128.02240568640352,128.4824527239605,128.13874420310316,125.17502668313386,129.96045280071948,128.62576471070003,118.3097237605648,138.18821830481556,115.81157112481645
2016-08-22,128.5251708259026,131.23323873995028,128.0330473335191,130.8222052027382,124.10899893344921,126.66031269217652,127.87543126588533,123.43327260751715,126.05138299553356,126.55725805527287,126.73875720524993,123.09116076042432,127.58602570100057,126.31938063645055,116.82766154932789,137.58456975243064,113.50392440651586
2016-08-23,128.3333484560797,130.9838635197684,127.84429200913084,130.57395601265316,123.95238971206304,126.44794015511974,128.1053514701434,123.2809934192274,125.84155172880658,126.34898548212918,126.9065195721986,122.91278379818142,126.33218372164417,126.50505919286388,117.30527662669526,138.11069398704893,113.29129532057591
2016-08-24,129.36209862638106,132.14035027058557,128.9072489899948,131.77156876705226,124.95611238049797,127.5791964985618,128.90645631897954,124.31791775601472,127.01291781460391,127.66690921877188,127.85198714868284,124.31115583302686,128.32364715990954,127.98589287496627,118.40921388400332,138.96881224228073,112.94690122044105
2016-08-25,128.84382589327393,131.54891627788885,128.3939303108485,131.18264046831692,124.47433823245993,127.02579362807869,128.2047719164489,123.842495280749,126.46356062074817,127.06877047494052,127.12634823672802,123.67148485110941,128.2979220620299,127.60617118962358,117.42540837168174,138.5288708492117,112.90558226329752
2016-08-26,128.20400867968408,130.86269240443423,127.73121708933397,130.4703090192119,123.80933340249696,126.3121302902448,128.2378697011554,123.15379131494896,125.72280326345326,126.27752404942159,126.65295137215995,122.97707560281388,126.67821125918893,126.97104992675105,117.00905550443512,136.87935605831694,112.70306850996232
2016-08-29,130.03389066974304,132.7930214632728,129.5601402398668,132.40349268258908,125.63769983436434,128.2426937842495,130.22478326822494,124.98071764005788,127.6558280592817,128.2514062980664,128.6541857026587,125.00766171391118,128.38961761790875,129.10797526404298,118.75813841669694,138.67085180679058,114.11852537398015
2016-08-30,128.3714420727916,131.14296991260738,127.94530996110205,130.8043552033786,123.99544757094235,126.61280039179854,128.4108625811296,123.38731644463662,126.07815708136113,126.52965885384563,126.96175449952283,123.4080681055781,125.91650022344483,128.05026733457262,117.5274658153729,135.93862665568585,114.04631131164552
2016-08-31,127.72011205560914,130.61203396001875,127.26701508504891,130.2491855595506,123.34534964490152,126.08312742525956,127.93227584074542,122.71035927928457,125.5243044341992,126.04613505074569,126.84172758067255,122.89502429433988,125.32295448196287,127.815219589662,117.57296179420935,135.87424791077083,112.82835604299851
2016-09-01,127.78110353715229,130.83855046357522,127.3265202661328,130.48026863316403,123.44838380370446,126.35504348628824,127.4928059496996,122.81334575699749,125.802440396808,126.30255234481747,127.06869746844147,123.48100803430022,125.53564220571118,128.23463601994243,117.77651266703799,136.17973987239859,113.30359823013613
2016-09-02,130.47923908210223,133.57427386489488,130.02671917422802,133.2198536914723,126.08819896509014,129.0312837494359,129.38354928215904,125.45259971745773,128.47979983445967,128.99620004818394,129.2954893862704,125.99121809327801,128.99297057216182,131.00621737795456,120.51739334726525,138.06163031267366,115.65925230895144
2016-09-05,130.82593580832017,133.9428452065314,130.38550175224984,133.60215081754646,126.16990112298126,129.1182373246356,129.38354928215904,125.53714163432117,128.56998934777567,128.99620004818394,129.2954893862704,125.99121809327801,128.99297057216182,131.00621737795456,120.51739334726525,138.06163031267366,116.63353013531908
2016-09-06,133.0858408192492,136.24762397694033,132.61769040811996,135.87928089812792,128.38578806692226,131.3784046187547,130.99329660521897,127.7232297942597,130.80031395105652,131.37834283889228,130.83290592370525,128.4351767613583,130.70555684738966,134.0646405652956,121.59167376760382,141.6462609276032,117.22037420204255
2016-09-07,130.4301547444817,133.47385030681983,129.99730968383625,133.1384784020523,125.80000147180395,128.67621567284564,128.4158244915955,125.17584255438554,128.13441441269816,128.4572367266001,128.0486963961686,125.5530669397755,127.3050699196551,131.12670238243987,118.95143634751078,139.07264176580728,117.22037420204255
2016-09-08,130.11461411941121,132.9331837571065,129.7059401252434,132.61511171085206,125.39991261574038,128.04472928625776,128.64307164334983,124.79708468618915,127.51699383834688,127.75883281899314,127.44147090713255,124.97076567289756,125.67495148781434,130.72799291535924,118.51054382782971,137.393433802421,117.45282130169139
2016-09-09,127.7864052894526,130.59818943295576,127.29103424016182,130.18748320344443,123.05999126083394,125.69525772022357,126.21033089424903,122.37051752127401,125.07466136363172,125.4675835502826,125.47107979999761,122.60897150127641,123.55932109359739,128.4686042009789,116.94251492607538,134.61455112454792,113.62855428076062
2016-09-12,130.68550666774112,133.5621595265886,130.2097605022669,133.17500346624672,125.98866523126782,128.69331551824123,130.24628988728566,125.31908144640225,128.09683983156197,128.67725152127102,128.9987874665332,125.77978017386782,126.29179037745428,131.4985544171228,119.82122772046692,136.90350071687573,114.60096252339451
2016-09-13,127.04730886539548,129.8691742716408,126.51632701551625,129.42089077211773,122.37516293403768,125.02325663053264,127.02409215195041,121.65201933597291,124.36718660298631,124.90950826560486,125.5637225958315,121.95713814527116,122.86297603526555,127.58458858299207,116.59538319074767,131.37446117721376,111.47185360140399
2016-09-14,129.53923262618068,132.54869957486918,128.97558489586746,132.07276628180838,124.75897281714425,127.59038784440251,129.33109968226447,123.99883623039429,126.90191335958836,127.65467327465277,128.08766104080277,124.68842499199464,125.0346125871099,130.70205430838317,118.86153108208288,134.8703883868866,111.78647000430257
2016-09-15,131.97366237006278,135.06478105734462,131.48076677817664,134.66744371810395,127.17915125104224,130.0937067634077,132.12950741543915,126.48860801684829,129.4828037639357,130.25037058863614,130.55820993078095,127.4182042219315,127.09371701544079,133.50954098350408,120.92321017435368,137.7779833661359,114.06478757858976
2016-09-16,129.21710640669878,132.27383825172112,128.70731662709414,131.8569526501909,124.4859491236372,127.36750925202473,129.8628541081441,123.7813622175324,126.740031108918,127.44411452178002,127.66639354907856,124.60436939252138,123.97227670159697,130.98501290231434,117.03658529215728,135.74614563145596,112.10352408981477
2016-09-19,128.6135320432072,131.69517336630818,128.1242717518842,131.30101015602384,123.91428285818971,126.82225498641179,128.3093562578455,123.23147352138383,126.21888297326174,126.82426483853094,126.87516817496063,124.13212483664088,123.35495102573826,130.54203084760113,116.66430335932434,135.19160271887267,112.5695752695228
2016-09-20,129.07213251152584,132.1282240526627,128.5853705392216,131.7358295837735,124.37197254576056,127.2547407013955,128.30460051625172,123.69151560439941,126.65302111980519,127.24410147684706,127.54168882293133,124.64853664902367,123.5445642211602,131.20367031388417,117.1083302774919,136.4357642528035,113.11673070219182
2016-09-21,130.79490090682026,133.81730367936657,130.31866525213238,133.4350606429087,126.20531145994742,129.06306513996273,129.5955354597559,125.53874874877211,128.47551363914732,129.10798073797974,129.06367217307152,126.95794097198687,125.61048571429527,133.56549990177874,118.09852571707368,137.63965283155147,114.42290380306555
2016-09-22,130.15744441529492,133.1501173290149,129.71903468283963,132.80698990873933,125.64270501529987,128.47482070750675,128.40164058204337,125.01677265270598,127.9295578560128,128.35663194436876,128.23390966135327,126.10310861999403,126.27383046436964,132.53849258420985,118.00447233461911,135.70086915497666,115.91280473619554
2016-09-23,129.1875052129388,132.27364303425878,128.70054373232247,131.8822185748802,124.60610188098107,127.52691831228206,127.61939044475517,123.92940338057832,126.930709918299,127.34375354360456,127.51186291417778,124.97302711728626,124.72849020837171,131.2389765148088,117.55568151375122,134.71968667809594,115.11403028820114
2016-09-26,129.1067851406916,132.02558405935974,128.580630127805,131.58620359633693,124.44453356355724,127.1922821287874,127.76224179323295,123.72582734959852,126.54486394197089,127.07383220083068,127.40108306847951,124.63607029781633,124.40164523612327,130.6447550225678,116.93104892725768,135.75073771899568,113.59891263775961
2016-09-27,129.7523439427101,132.85140940484692,129.28827996137076,132.48476959911383,125.1093132314406,128.03947029517394,128.06031232907,124.45322854105179,127.46550044901967,128.0516183506521,128.01125859317787,125.7213976127044,125.80029539141364,132.18984577365737,116.82311812080883,136.65010696868794,113.90122351052676
2016-09-28,130.9096783762276,133.8434900526825,130.51377492663832,133.54346857237906,126.29142003101576,129.0586267165182,129.86712670417896,125.70414961958265,128.5522108601657,128.99063977786375,128.62711554703446,126.5140814150411,126.99602656672285,132.7448631645428,117.77645373520748,137.4715234085557,116.36623791597982
2016-09-29,128.9156683746014,131.6440962830647,128.4782551629727,131.29200202355233,124.30829144364534,126.86846527635404,128.49638080751149,123.6802555851037,126.31060457291939,126.80644092730702,126.63675933756382,124.07361898157305,125.503531407917,130.11305812703463,115.47562620998137,135.98552688937662,113.69157928835175
2016-09-30,131.34849924765692,134.1303581285967,130.94942575050192,133.82121097256478,126.65042133223416,129.26062484257838,131.3966326145984,126.05705157040038,128.74178649014564,129.4815664682416,129.15352408559798,126.4429097640701,127.53093245410663,132.51567088425708,118.72169808502274,139.1791585848294,113.56814434629075
2016-10-03,131.76592965329087,134.49198229900284,131.39365129910666,134.20924775080704,127.0484939810016,129.60192883054526,131.2177367337314,126.48117849512468,129.10872617284176,129.68372597625412,128.93457171917575,126.71828109134981,128.58681885245264,132.95721762177055,118.40420074679132,139.05146393346556,115.50199299683574
2016-10-04,129.05826909038768,131.70768327024064,128.8416798803704,131.5872388302855,124.42911665772849,126.90888795346491,128.43662642832413,124.02135748417544,126.58228163054036,126.95378013802127,126.44953524286149,123.90927454954941,126.61051237882165,129.8472060310221,116.92046831629932,135.39547195802862,115.12529360222752
2016-10-05,131.84389373233566,134.46706859111654,131.66675110509757,134.38763096923185,127.13145918775135,129.58216390054892,131.28140019201427,126.75967715557282,129.29289676327576,129.76609450082762,129.00729141822052,126.95646091539976,129.48600439956545,133.10451677649976,119.09399680471411,136.90377838100144,116.6554633356944
2016-10-06,130.29541369643556,132.81214653489525,130.163331936028,132.7762863148087,125.63095881687876,127.97663693685679,129.904603531218,125.30630469128026,127.73320041422997,127.93771087595331,127.16255527230072,125.17586749188212,127.76694921865683,131.54241913794166,117.08370164793196,134.61766038224147,117.84871993922505
2016-10-07,130.15712943087289,132.73206208799434,130.00298600768892,132.67510423479746,125.44703097224411,127.84821421647948,129.76109039519622,125.09860530012322,127.58172680151623,127.7072872362044,126.89838341402415,124.82351859467914,127.8009007300572,131.51361547033358,116.40732740657509,134.10734449660808,118.50647608449604
2016-10-10,130.8770282620282,133.35411350180078,130.74443217960243,133.31618179855707,126.16476739157643,128.46837903065853,130.61964482792575,125.83771820044238,128.2207976291432,128.3210521759989,127.1413312392748,125.32715812814514,129.3061763368434,132.26492498160943,116.51464998231643,133.7818832547703,119.3648176220107
2016-10-11,128.43960997738216,130.84084028281436,128.26715786108826,130.7575505751103,123.57757505319675,125.79449418001775,128.2861688298374,123.20538924082591,125.49539902081254,125.48406699473898,124.64853039960555,122.38647951094698,128.12324933761934,128.63892292441548,114.20949456809409,130.7693205580387,117.94763449627277
2016-10-12,128.14681343797633,130.60682964447508,127.96615892156325,130.5171447451875,123.33122270651118,125.60941488685,127.85291020203908,122.9526024277183,125.30587607712582,125.27733336192472,124.38269360690981,121.98920046243207,127.75403464006058,128.6992698124771,113.50147502429763,131.04034290215077,117.94763449627277
2016-10-13,127.61790551555012,130.01308181493994,127.3983523726767,129.87956673329055,122.79105225230091,125.0032999642087,127.51667139779185,122.37323388241393,124.65552625666976,124.53007774162931,124.07654574347376,121.47810756683542,126.77167188281386,127.52498707076347,113.10648482670325,131.33357908823803,118.34060548841516
2016-10-14,126.92936615644332,129.34279992689576,126.74753500993931,129.24995811234436,122.11115697790656,124.34162487880647,126.41030250117109,121.73145860652248,124.03495215473023,123.74342082400132,123.25909135177004,120.69342676392488,126.11028222533338,126.64984087190867,112.5443986638268,130.49785374699658,119.49410602275812
2016-10-17,127.74062680075042,130.19328486271274,127.53772319424257,130.0796683188997,122.89388804474576,125.16253942875576,126.92269667481355,122.49195892185121,124.83382284777178,124.53023468980496,123.90292970541353,121.47743576448582,127.6590037652462,127.36103343822131,112.93849289873124,131.00608884557076,120.37185629338403
2016-10-18,129.32633036903147,131.83289657006964,129.14807830611204,131.747607125237,124.48397742068084,126.80806972462555,127.82260794298352,124.10656058868565,126.50765808393673,126.1683599104241,125.1564178377984,123.32423125972372,129.79819082973853,129.28515096214866,114.26499211000834,131.59061400483853,122.32227438980634
2016-10-19,129.16458681302495,131.60493892883972,128.98696327635744,131.51770573243485,124.4113671118545,126.67438697703759,127.63486411194998,124.03788878285818,126.3757579559753,126.09826913374708,124.74540325133681,122.98317959893794,130.9016115163934,128.87680506737206,113.72989364479756,131.8906112938686,121.53933392633365
2016-10-20,128.24155287425683,130.75246721278074,128.0691524244536,130.67350937657338,123.50902215440296,125.84318038568385,126.8318862898616,123.14167722767823,125.55378481363184,125.14296568384016,124.04955179922756,122.20670943423065,129.628227788099,128.04536733835317,113.26184053242916,129.90044199969157,122.18156231959973
2016-10-21,127.14780527881146,129.61548864099078,126.97322985241648,129.53247703101994,122.44091763438298,124.73245354299142,125.65363317169411,122.07251716699861,124.44018451017374,123.92624323887718,122.80038082208766,120.99360564450616,128.71371924404033,126.87358234587154,111.98795107605972,128.05057557025117,122.24450514456136
2016-10-24,128.08333487247688,130.61207194106922,127.93910821958556,130.563698548375,123.20550122835658,125.54872419144449,126.60385208572474,122.86099297075906,125.2839094902944,124.75079005104463,123.39119580591283,121.5679137558694,130.12794511183387,127.88539758215431,112.38298069644956,128.01341158422704,123.2436295711319
2016-10-25,127.13944384461948,129.73431072090474,126.96129231729078,129.6525180559746,122.2718298608445,124.68098494559308,125.15796944185283,121.89396317758387,124.38327345890244,123.84948659609438,122.23082197262829,120.57675126496304,129.2984468554853,126.8052177961919,111.45462718283852,128.20981476457462,122.40656141751893
2016-10-26,125.96637786806156,128.5800707118863,125.79406451673316,128.505170071505,120.97402465262124,123.39343499414338,124.32293070889737,120.59759173521469,123.09754795753018,122.36757836568377,121.11825447541682,119.1374799436281,127.35979965208321,125.30920612431196,110.4458958267539,125.83550350683905,123.33412365864282
2016-10-27,126.68379004247035,129.24137891172737,126.48498159168177,129.13614897006423,121.57773604304612,123.93489019847514,125.0000491619117,121.17058629589776,123.60395255471097,122.97108564451837,122.02085755788035,119.67010637750563,128.40413014246522,125.51199214600364,111.48667763846065,126.11474359925188,122.73164141563552
2016-10-28,127.4398897908525,130.08987817684414,127.2047493074355,129.9497228467425,122.28262420918293,124.72952567033227,125.55258312448869,121.83727164387068,124.36154228490469,123.72509792872641,122.77100297038015,120.40643049431246,129.06096586541884,126.38505531267596,112.53610409927445,127.16298423918705,123.48057452270129
2016-10-31,128.99385010948993,131.89815026932453,128.7424138558487,131.7506500820219,123.69675496485,126.39017943392557,126.55627985134967,123.22980921527429,126.00887970915234,125.4720645701028,124.26608924682098,122.13359787046785,130.67425437425015,128.09322507448314,113.83509423512312,128.944755261675,123.92993387886568
2016-11-01,128.2011592541569,131.04495671515758,127.89638367346777,130.8382927704881,122.71934545131582,125.34009840192428,125.74678040766155,122.19279561036629,124.89241401421873,124.52923463069716,123.45628312163284,121.26649241207193,128.86713310344103,127.47657589101962,113.03281910032479,128.23841704711074,120.9970460325225
2016-11-02,128.67625360175805,131.63099430861024,128.29492871753956,131.347175137338,123.0649595314141,125.78850835745894,126.13332279087477,122.45764015366748,125.25876888586167,124.92773230461931,123.98065087085762,121.51195335501971,128.5924483986652,127.59079634760528,113.55414289248425,129.65100777929334,120.9970460325225
2016-11-03,128.53756242157382,131.55530477941545,128.09815490521777,131.21200989444372,123.23647207165105,126.04203072051196,126.37561146820669,122.5823469520595,125.46549937489895,125.39361960667617,124.39917046365434,121.95599773679264,129.17830301614256,128.1856324127682,113.86677014611521,130.27827920854313,118.42989143667768
2016-11-04,127.83687638647943,130.8518499055211,127.3606477924708,130.46916007071468,122.4301803774517,125.22551314839762,126.17728775958619,121.73595453126731,124.60573690554111,124.56795766521292,123.84542588602012,121.07073415330993,129.26071225605543,127.1525299515003,113.09642832849846,129.2299039678404,117.26918399644673
2016-11-07,129.94872119965797,133.04691033669764,129.672289371127,132.88037503464858,124.56890587818268,127.45107533461923,127.97692346429339,124.07360675233548,127.046890562147,126.60432080993024,125.07111746042645,122.95662857570531,131.99400898689737,128.77685025637618,113.95734309075134,132.20855768837475,123.75074279269889
2016-11-08,129.21914424111577,132.35084579146607,128.98533430828226,132.23098489447247,123.84385196985073,126.75891098402741,127.25481525665332,123.39128113624562,126.4014843520398,126.08783572356987,124.36679344660959,122.3039572847268,132.27201989447244,127.65365093231631,113.29252112497042,132.130943032737,121.76008631100915
2016-11-09,126.90555385010272,129.85241503366728,126.64117189677451,129.69261250934636,121.50086823507036,124.22737231075918,127.27391606100507,121.01727167683802,123.82929771678239,123.18849527454785,123.2339182525675,119.10032621080859,127.16036021610097,123.66448320132955,112.58497436522485,128.17331997575133,122.82532025541933
2016-11-10,126.8105991355045,129.76819503053574,126.51700063723969,129.57768506795756,121.36175674152024,124.09604211334972,129.47440478621687,120.84756106667713,123.66563630306567,123.66703170742737,125.38626004902669,119.69847964129198,122.962983684572,124.79203711037118,114.63033764380968,129.17343967417622,115.62892428128681
2016-11-11,130.7912008869528,133.8882587343594,130.50949858427683,133.7160503192408,125.0770716523594,127.93757654900068,135.07476059941905,124.56435357744218,127.51396695945516,128.2172849876431,130.85748786698025,124.02789569928161,126.20707614657852,129.4611100709811,119.49005194854976,134.23805078422376,112.00831865241463
2016-11-14,130.1493701983528,133.1618315642518,129.89506306803432,133.0155030982188,124.52396535935135,127.30533715130548,134.6855216434225,124.041752896592,126.91117140342583,127.4889214413052,130.3128101466778,123.0473213116932,125.98488210697576,128.3377762941185,118.42009436369824,134.7847916889444,112.65350693350274
2016-11-15,133.61865117701024,136.5244375187721,133.37250658299556,136.3828554867244,127.8544106129434,130.52472342018274,138.95640434420372,127.37458291428484,130.12917337412705,131.01545045214215,133.3143913365535,126.57372562932882,130.06602303354163,131.6747951587298,120.757979946336,137.56386455911067,112.65350693350274
2016-11-16,133.05557744369173,135.98073834124082,132.8021019164367,135.83208426730266,127.06768299737587,129.74287891036937,138.87843925385533,126.57261572126257,129.33122369764877,130.07118960970308,132.5407790549136,125.55436955009469,129.5300773086622,130.40790818279189,119.31094312733646,136.08320752881806,113.29517574418534
2016-11-17,133.55573952096705,136.54913742377857,133.333468537757,136.43635582891795,127.57213546188393,130.3158462790766,139.50528599985944,127.10804547124552,129.93984092207938,130.8235450529845,133.6441815226445,126.39561319249005,129.46644546630307,131.66178168930423,120.05159392862336,136.26284161901947,112.48449865043033
2016-11-18,132.38475021420385,135.2357246923624,132.19144929764482,135.14814069211337,126.36673813250847,128.96566519762584,138.67847418610785,125.9303609979493,128.61345853950812,129.3286596315409,132.10612652121506,124.92742390958264,127.14503452755814,130.21806971753708,118.12079247662506,135.39535717746398,112.84468036375654
2016-11-21,131.96300720029893,134.6407554454729,131.80962735309717,134.58878704165647,126.0982400311475,128.53432347499182,138.55424346053508,125.70707585676575,128.2238715368689,128.73340782386265,131.29219486108553,124.16559882078519,127.85916079669775,128.82337490495806,117.55540006601817,134.4175155656696,114.4560285303329
2016-11-22,132.942881531321,135.73857409734228,132.82011941428198,135.72382614557304,126.98376910883364,129.53224706612752,138.96856230588156,126.61933019802075,129.25466041297483,129.74660112004557,131.9062083712972,125.31798866753607,127.91102583969666,130.51775337013459,118.08461321433612,134.82365652614718,115.58828375240083
2016-11-23,131.43268787926792,134.1544899362694,131.38972002360464,134.2215472252203,125.56369162929037,128.04277042411906,138.02110425999194,125.28195177209945,127.85027926309047,128.22048320536658,130.6815292091586,123.60610045891613,126.93327567341157,128.79837566830486,116.38475242132466,134.4831395523859,115.47298883274075
2016-11-24,131.45449115326585,134.17760068158177,131.41235448300716,134.24559441435738,125.51688994854804,127.99313568133319,138.02110425999194,125.2333872383009,127.79865413272951,128.22048320536658,130.6815292091586,123.60610045891613,126.93327567341157,128.79837566830486,116.38475242132466,134.4831395523859,114.91346172312291
2016-11-25,132.78754100529827,135.71478947932093,132.78430289665198,135.83240740374282,126.88676162766141,129.56911437977374,139.2258048200337,126.64301323495917,129.4252366249655,129.87895616591624,132.14512285542105,124.98651234519491,128.14545960192987,130.61011154851806,118.0188152514317,137.3004444079919,116.11458544123094
2016-11-28,133.88371180109928,136.77548961823632,133.8225172273163,136.83000941401738,127.96964277896407,130.61712198764587,139.4933710427839,127.66776783131309,130.41001207249508,130.88043445442227,132.82286093023635,126.2139301775368,129.0918812779828,132.10795164478378,117.70773264815307,138.47462099776536,116.86777314236194
2016-11-29,133.1948517878648,136.25660934614098,133.1521268046537,136.3376248472311,127.30713430551764,130.12433747002618,138.61286119208992,127.02467201983427,129.94463268818382,130.632433915686,132.73397642837438,126.15800905423362,128.2602396976702,132.11704726088752,118.18800616210142,138.34138281137393,114.29907337661555
2016-11-30,135.51003942646844,138.18501853989272,135.5552093708974,138.34395869806988,129.47006293098298,131.89608562406755,142.2097566530312,129.2687502792435,131.78725363736763,132.42253342238007,134.30573311808024,128.00222960855052,130.49230179894386,134.12600467131298,119.60997173471542,138.575397909912,116.51920900734099
2016-12-01,132.98517013951323,135.39254670702687,133.01372160032545,135.52280900014986,126.96044210406832,129.1193098110079,139.38749206790584,126.74349908055542,128.98286170945497,129.8613584499428,131.93955505277393,125.35444673527734,127.18678824407237,131.45661500563835,117.69204268806261,137.55066737946095,111.5547857253679
2016-12-02,139.4227109191507,141.87154435053523,139.42106288878915,141.97156964012356,132.96046185826017,135.14095651313335,146.47414136812972,132.69614467505494,134.9554469599454,136.3597951762609,138.70406433289313,131.59557789557937,134.07770907128813,137.29613113912083,123.86728465711856,144.89826040591777,112.13580542202979
2016-12-05,136.5343866802682,139.02966043292633,136.59711464115375,139.19971130908831,130.36378432553224,132.60437261397215,143.51778979415718,130.17461542199888,132.50076102109344,133.73461258969814,135.87457957200445,128.96749831674606,132.2141130415648,133.95520276260459,122.63543612596722,140.65135870781108,111.40741109132253
2016-12-06,135.22281047648173,137.75474871856866,135.3222731774433,137.96523922276285,129.10631923046742,131.38523070181347,141.4333787528243,128.95577378837123,131.32408408378132,132.23135290219773,134.50616979109475,127.66983241722805,130.91616223035237,132.46058648622426,121.83963382647241,138.73259011065576,113.31029887794821
2016-12-07,136.3394174625908,139.05071936306217,136.48492021484773,139.31748402390585,130.2080234214001,132.66500542036098,142.4494962053923,130.10243082602005,132.65891805475093,133.60454827970813,135.78188417115132,128.9941609619605,132.19937534220435,133.63410045798622,123.53914687763401,139.71099413034415,114.18736363534234
2016-12-08,135.85557780664266,138.47173453647295,136.03211661442083,138.76745646797949,129.74715200815646,132.1106271736806,141.87008988307147,129.67326148237484,132.1343065602909,132.97918343427108,135.03981036795,128.35848816646524,131.68899847598294,133.2911452891107,122.27544948121844,138.96037283582248,114.64785843341687
2016-12-09,135.43809592906985,137.98121602413084,135.66497538478387,138.3272675184313,129.33194973316355,131.6226980489811,142.3419725358295,129.30808116716037,131.69641848535696,132.65896790464964,135.19773322003076,127.98757859706195,131.6636817757328,132.3883077018505,122.2298917056678,138.28314030880043,113.12540281425649
2016-12-12,135.11416280575358,137.54973306670718,135.30304562094562,137.8509169845002,128.95886859838635,131.13975044412095,142.43529173437045,128.895392292236,131.1668023926063,132.31735350586274,134.90410192928857,127.46815535970649,131.560216459884,131.19171491600378,122.26016355436309,138.69578504260585,110.87064971076333
2016-12-13,134.7924588146555,137.22233534270393,135.04684978647373,137.59269452274057,128.6953726659215,130.873674388654,142.19600332730295,128.6991149314416,130.97186538347862,131.9919257690094,134.5000233767775,127.312200855851,130.93862379859615,130.96095978821097,122.05420028993106,137.50136228902952,111.89285693524073
2016-12-14,132.08266096605317,134.54679294411812,132.3084555378447,134.88838213021833,126.00737664368596,128.2185121502013,140.62557359193184,125.98373615885497,128.289032731342,129.28959840669626,132.52386305140806,124.3677357607312,127.59136422827615,128.07972135383534,120.33528108525155,134.65330774043179,109.58778216135185
2016-12-15,133.22215559072356,135.67970193604862,133.5110849648052,136.08792592088088,127.10694781599925,129.31029076575882,142.4687970464,127.14419291354619,129.44508439311073,130.49961074461095,133.98099576454968,125.76861390454843,128.53134306813467,129.46846132905245,121.5751448434463,134.41567395797415,110.1562613796792
2016-12-16,132.77569453241517,135.12543300257022,133.01754384324687,135.47911263309717,126.62658389464295,128.72069280261678,142.35510083385145,126.61584242297022,128.7999216667243,129.78615673168926,133.7292612073263,125.39946594958944,126.73406924491735,128.53046592666857,121.88717491812464,132.8372879836124,110.19253412128649
2016-12-19,133.24813137881125,135.6092461149581,133.44574387288318,135.9165438385761,127.00993190992227,129.11063516777256,143.4810264106405,126.95182573016038,129.13995981573632,130.3529358583909,134.7629149430467,125.84030581220715,126.48179304228498,129.13329399417287,122.29715007748565,133.78089264448997,108.39015225828912
2016-12-20,132.6994185776131,135.01609950912834,132.95271485793916,135.38050692259444,126.45506953982914,128.51093166924892,142.6184523767577,126.45184237218041,128.59651573593672,129.7192521362657,134.13528626676649,125.12492940196114,125.59388547876856,128.13593225616697,121.79302452873526,133.36547049509414,108.71272850532947
2016-12-21,132.2682465641475,134.6573820996344,132.51768471143978,135.02081509706815,125.84178381932598,127.95862121815347,142.06817772313343,125.8274742100021,128.03503892574494,129.05097103222465,133.5222196673937,124.47982468123975,124.91268405101488,127.17526485475301,121.72012499049904,132.97034176482498,109.17747177837856
2016-12-22,130.92641600674085,133.27257819428445,131.17590821237366,133.63426091782057,124.38193387460315,126.44824644783688,140.8721647690802,124.36301475645728,126.51761773664143,127.33605864965001,132.0514785035382,122.63350739089987,123.0677987708833,124.97429282513362,120.51440332820185,132.22216173908134,109.6093534406092
2016-12-23,130.05345069644437,132.36585989577557,130.3112054062469,132.73487208424072,123.26282848580918,125.28089647625471,139.27212567918207,123.2422772191402,125.34648111283495,125.97205489795782,130.69487479050065,121.61740489761097,121.64672747357879,123.65230241954367,119.35526851914938,130.1327225794388,110.34919123996272
2016-12-26,130.0375058083983,132.34900733135265,130.29461443644647,132.71729655604847,123.34490473991511,125.3676532892609,139.27212567918207,123.3276222916923,125.43690010268726,125.97205489795782,130.69487479050065,121.61740489761097,121.64672747357879,123.65230241954367,119.35526851914938,130.1327225794388,111.30439913867885
2016-12-27,129.93821168921815,132.1954517365723,130.18766063070106,132.55330173687767,123.11320212933816,125.07484361410826,139.02007565749972,123.08310530257951,125.12792856541984,125.61613215418039,130.11457403385847,121.11994881469637,121.32433629978307,123.18005917557018,118.91072682902933,129.89319644757404,111.47375511766387
2016-12-28,130.2814742171971,132.5497513241026,130.53127974325193,132.9084437113951,123.23446656497097,125.19474425285522,137.76548931436224,123.19588603190752,125.23879008582104,125.5480786761072,129.55738957059145,121.38762003710137,121.97324704444681,123.08558479627946,118.20215425027887,130.2416909814543,113.32323371545559
2016-12-29,131.7992877456274,134.14602566025548,132.0241632131961,134.481643476329,124.71822847537943,126.75517403374018,138.15046122075537,124.65377787749084,126.77507775204433,127.17283550409346,130.36197396706365,123.04888114897716,124.65139728213019,124.53834132950581,119.40314814888144,132.02352462586802,113.87262279195234
2016-12-30,130.26281509739928,132.56951683557892,130.50361070099027,132.9203242569792,123.31236684674138,125.31584588560283,136.11097862045622,123.26877107148199,125.3564095999991,125.62034179432551,129.0953215966627,121.69112110007478,122.99390596784328,123.23830486174154,119.06973300537385,129.77251492395192,113.87262279195234
2017-01-02,130.5085005289287,132.82916965037555,130.75921719838485,133.1910777653819,123.25392479086486,125.25407864774239,136.11097862045622,123.20801282140015,125.2920479006135,125.62034179432551,129.0953215966627,121.69112110007478,122.99390596784328,123.23830486174154,119.06973300537385,129.77251492395192,113.17103580108964
2017-01-03,132.90015952532437,135.4304274369095,133.15877141445984,135.80962054817695,125.45117149793803,127.64832827622561,138.71499023001255,125.40521774101616,127.69457084439652,127.88476800843635,131.32106491553137,123.92971492843617,124.7865263262106,125.8379154397701,120.50112292315873,132.43420615944154,116.77203872474895
2017-01-04,133.66024200020217,136.20394013024762,133.96362615157352,136.63117852454226,125.71698862278285,127.89939767157779,138.27577894528935,125.69528081949477,127.97074298102042,128.0250538079662,131.80183148252658,124.45502550410737,123.87511970135101,126.18252811543131,120.65238054210259,133.49473847255373,118.39358105179882
2017-01-05,132.2936559863799,134.78361854054785,132.5405207731829,135.1486287484974,125.0382954989758,127.20653219256076,136.28997855292252,124.98884251988156,127.24784263976763,127.20688229194761,130.49528910297715,123.82237016081268,123.46887636903037,126.03600710540644,119.92317066086402,132.83478519202856,118.69080267513277
2017-01-06,130.7610864166769,133.19741655470324,131.00943871772046,133.56174717170185,124.08352932626943,126.23097293196786,136.1943796920223,124.05845990033359,126.29724811133501,126.23917661227537,129.67067356623568,122.6631927437029,122.48031987992738,124.61157339528133,118.77288626243623,131.37612758693055,117.98289515256954
2017-01-09,131.45350915330937,134.05414690235176,131.64945201743825,134.36993168374389,124.7259565428816,127.03314986097962,136.57385917775258,124.64726297552345,127.04931356832054,127.01900037138351,130.339499214576,123.31252455239563,122.50982073703855,125.64987271744019,119.29435501859965,133.80921607594942,118.39652447449522
2017-01-10,130.71688106063903,133.4252799900728,130.90391605354912,133.736198183575,124.01433422286902,126.42841106688924,135.13131809241193,123.9278919703128,126.44079663203742,126.37693698111076,129.34727029982236,122.77804172697418,122.33174555282184,125.556526349373,118.30272412512663,132.93877168906306,118.1749009899389
2017-01-11,130.9894810683949,133.57680765865138,131.17341239829537,133.8792862490539,124.96691241931532,127.30295259647342,135.82360767547397,124.904105244751,127.33722405335757,127.31094117529392,130.07871520767034,123.76946364922293,122.53808330262834,126.83852977748484,119.15026948946894,134.29620885820432,118.62155082383138
2017-01-12,131.73692784657075,134.28858062206055,131.92961903482743,134.59883306267375,125.53728549833087,127.82818149050638,135.52894378879697,125.47612169219968,127.86231806964226,127.57546508917102,130.08183247080675,124.18264944511196,123.27097952387851,126.95713618958693,119.19679952923323,135.1382331290368,121.78023233656926
2017-01-13,131.80737766757952,134.43651940098417,132.00464320652688,134.75490987990895,125.50680950922217,127.86853435076682,135.25082284321124,125.44618072640574,127.90620902864201,127.64318731834503,130.1158025837646,124.02988310794767,124.22868212947846,126.87250349957051,119.31975235141843,134.51907862175003,121.57076573579766
2017-01-16,131.93662354794992,134.5734134803793,132.13906095393776,134.89761690171187,125.59038018454214,127.95708334824387,135.25082284321124,125.53305224328865,127.99847474447795,127.64318731834503,130.1158025837646,124.02988310794767,124.22868212947846,126.87250349957051,119.31975235141843,134.51907862175003,122.623113121638
2017-01-17,134.5022835167984,137.19455676946933,134.64763943374896,137.4604599395915,127.59385558946512,129.98459281986405,137.514159095243,127.45778380242466,129.94340375206065,129.71063700393827,131.91969404368672,125.93877895668501,126.22011458504825,128.74232165211134,121.3769743516288,137.47363476628473,123.13459234677234
2017-01-18,132.669164196356,135.42628568334118,132.8344139535483,135.71605632434262,125.94864388568374,128.41242794003315,136.3010207501071,125.83960784799018,128.40291190816762,128.10198941360395,130.3525582366913,124.1833507362418,124.73034347206757,127.23254912573165,119.98954910990494,134.9250166977059,122.41533933716622
2017-01-19,133.16632780048693,135.916473807585,133.324302230803,136.19821104163526,126.3404245924997,128.79153432406451,136.6991570824406,126.22006619789656,128.76946897059557,128.57223437553972,130.84682060588776,124.57843191141862,124.77605754973831,127.75822608003264,120.37147344222359,136.51339318804162,121.66583797521267
2017-01-20,132.45776257278712,135.1197728109876,132.63033093180536,135.41331027833652,125.7161710688253,128.08469129924686,135.6649570294572,125.61352175568376,128.0779985127342,127.67589255334397,129.9731589370294,123.74606253553023,125.01746029523973,126.51621380511118,119.75670214458867,134.90318743265024,123.1560685565294
2017-01-23,131.46483428575675,134.184906774315,131.64958389173182,134.493848680788,124.67906534493227,127.10109973336698,132.88036488977352,124.58674983526363,127.10757824377362,126.45424376757049,127.93097921943169,122.74728028832094,125.2157837494672,125.48225999969591,118.1723433596979,133.57812604455174,124.92095091849669
2017-01-24,132.79718873116113,135.54233335768612,133.02674607575386,135.89991801027583,126.11002944177854,128.5642295161955,134.77586790855688,126.06560191312566,128.62298322335442,128.02707487269987,129.43265431358753,124.12522515146927,127.02057552488188,126.99350430844628,119.16543902445578,135.0031227926364,125.7016161529277
2017-01-25,134.15595281611687,136.99855476191988,134.47114201962003,137.45124839435982,127.39104142054494,129.93822046815419,136.15268250772147,127.42787147955974,130.0872788129684,129.61708745101942,130.95373216726588,125.58714721342301,129.1473619208259,128.550802270941,120.98505636136758,136.19961391944727,125.7016161529277
2017-01-26,133.89426783385667,136.61889134181126,134.24703273960512,137.10641657187287,127.0461144557294,129.4715572051162,136.1800281749432,127.11662396480968,129.65121072929756,129.04570933611816,130.63367082332326,125.12003359045958,127.51264190903045,128.3616904247064,120.15971541433481,135.5751401350019,126.74051157884121
2017-01-27,133.9666229767238,136.7423416977495,134.29947346120898,137.21094484937808,127.09413730192247,129.56856370046935,136.04907850688858,127.14404906232286,129.7284452772081,129.12376128857775,130.703296870319,125.25825117969944,127.96423870277376,128.45724372882955,120.31442332348009,136.31109968949025,126.80328450208364
2017-01-30,130.4757778526318,133.206442646025,130.75211922126985,133.61319553991493,123.75405620629579,126.18917649393235,131.7657902343338,123.75442452013266,126.29469853118125,125.61350918163828,127.08801695636247,121.94311223780367,124.43880087642125,125.56807358152847,116.70905661299894,132.66584352177674,124.44629184019813
2017-01-31,131.64588721649105,134.40252964541617,131.87401853153582,134.75912526422394,124.6222261322722,127.06603988202234,132.3654147515012,124.56303611166139,127.10862915631009,126.47526927294142,128.0221794224578,122.92703743233304,124.94693970694264,126.50841474193764,117.49553068060561,133.68375724554025,124.67923283817264
2017-02-01,132.99194665234185,135.7153047372866,133.24983522463432,136.10206367574636,125.81505867335383,128.21850352688355,133.40242149885128,125.77898763615995,128.28399815017207,127.71401280819596,129.26021918093184,124.18930766823672,126.39386979080433,127.9208626627508,118.85374160354097,134.4029651685617,125.08140855498817
2017-02-02,132.68387273486832,135.4119056893866,132.93697464577596,135.79379050299622,125.4356891369369,127.83909472286874,132.70707014709362,125.39209847736149,127.89659152822426,127.28252891256008,128.55871255459684,123.68761576571865,127.39912041940988,127.18781017014209,117.87839385591998,134.3802394113468,125.19707321436874
2017-02-03,133.32275527037706,136.0846085246075,133.5979078811127,136.49135105618967,125.98518400788485,128.41720588707958,133.2872681805354,125.9596593198337,128.49511417595022,127.84979147130855,128.97501473455978,124.10947645496732,128.6976115913472,127.61137663547406,118.012040005887,134.9361876980872,126.09009755947373
2017-02-06,132.6281138785119,135.4258345374372,132.81059687306492,135.73568389825152,125.26945118010153,127.73456051421215,132.75787527246794,125.15223858307624,127.71642534926524,127.15059645205666,128.2263802624117,123.42787596850044,127.71190549536975,127.49219849454454,116.56454464931365,134.13582900737248,124.50601247305002
2017-02-07,131.99098067666725,134.84672623262085,132.1679419418055,135.15317845060514,124.54601009248951,127.06202354401867,132.0493536475908,124.42006029814003,127.03669037537382,126.44377386933358,127.89231854970011,122.85315962819112,126.6326826469935,126.84150967723457,116.29113737776862,133.37697777718395,124.16756756714393
2017-02-08,132.56600048518175,135.4332274090013,132.72935748472875,135.7256861494147,125.09707887476351,127.62363042723544,132.41197598473494,124.95683697590192,127.58355253361762,126.91215884960559,128.2489522044711,123.5014092058802,126.99911555741636,127.66812070769112,116.49101092259411,133.5265156798638,125.52221726871566
2017-02-09,132.89262875602012,135.72544401705963,133.1091402840513,136.07297176161651,125.72918972065975,128.24107700335261,133.2972103430276,125.6528295046052,128.26835852726944,127.58975243384552,128.76454271769796,123.95339866904548,128.3731989530933,128.0616186351594,117.13673618645647,133.8654545722725,126.23521994600155
2017-02-10,134.35186003520022,137.18221502134335,134.59218246233402,137.55491393546095,127.17071961912596,129.68090983569283,134.51012222083918,127.11696287682021,129.73219304794924,128.98072873291312,129.84837432685495,125.15520361719106,131.02698027855803,129.3161611407032,117.66928471015983,134.8880576557974,128.3844993308529
2017-02-13,133.8438241588516,136.76213053486222,134.13453637700755,137.19216990915265,126.69559724449554,129.29363393703645,134.1563098636402,126.69265900963853,129.4026281389732,128.48882285550087,129.52253975508,124.76942131135766,130.19864001619183,128.6675929478266,117.39323193876474,134.61740539328122,129.85675555148583
2017-02-14,134.2280135747106,137.13680923352558,134.52364016297872,137.57164882899494,127.00007208509044,129.58434886572954,134.76121839854488,126.9987666874744,129.69449872393443,128.7992481166864,129.8032734596984,124.88422420241882,130.4438075996374,128.77449386321535,117.53799923965005,135.01185700677692,129.92046249311915
2017-02-15,133.7897411641079,136.73001356956541,134.0927919369503,137.174130162475,126.60072585068308,129.21776850555312,133.8292490810766,126.60827456028132,129.33872647788093,128.26282298750527,129.20713896905943,124.4678308530937,129.39043202688396,128.2506548052099,116.77296191602227,135.30391945886785,131.59579987843398
2017-02-16,132.56283631431387,135.44780117215745,132.8303865092688,135.85180319892888,125.33907713963926,127.8980711540423,132.0846468062016,125.31039267724206,127.9779837219086,126.7991622266621,128.26336394444087,123.34532305876327,127.45762514880106,126.80416746964758,116.23833186043694,133.187584065277,131.5005753627796
2017-02-17,133.5577670692988,136.4591832336264,133.83066194308395,136.869542265537,126.17746769463103,128.74429436178053,133.4587353883909,126.14777299691443,128.8234779589495,127.70632434800453,129.3880628011487,124.14956694535384,127.82011992342501,127.91279410116383,116.98771160496042,133.80955812604302,131.57699973922814
2017-02-20,133.85872773598808,136.7785088612332,134.14383661631092,137.20263960282466,126.30310644738212,128.87761676694117,133.4587353883909,126.27840654914276,128.9624408803081,127.70632434800453,129.3880628011487,124.14956694535384,127.82011992342501,127.91279410116383,116.98771160496042,133.80955812604302,133.28019774850887
2017-02-21,134.9641235188343,137.8856308696745,135.29446787862977,138.35790967533558,127.24355858281268,129.81111733867746,134.15891761421642,127.25655501667912,129.93576403269182,128.65696266669414,129.90787579947104,124.99613459672882,129.9662463573959,129.1108761543204,117.41739830529703,134.19745533446095,134.43769750606168
2017-02-22,135.14694227397737,138.14809872262015,135.46352627588212,138.60920383837112,127.39980964914754,130.04397350260913,133.82077469035198,127.39827930319294,130.15643961565647,129.01140786778,130.23499094924026,125.44760640493955,130.3522555036609,129.70270280046438,117.90887842523642,134.0851201845882,133.10347442155194
2017-02-23,134.23432549330298,137.15490311796717,134.5217551784695,137.58152300890464,126.34257911041465,128.89771410150368,132.50372615149553,126.3067601191115,128.96988708660646,127.88054695394948,129.0032738232157,124.34470325355085,128.55119054461247,128.63263406873756,116.87489802526,133.45188292326452,131.37648256646713
2017-02-24,133.2878185454043,136.18605679688932,133.50707999231568,136.53924125108898,125.39165815155073,127.92340441308339,132.14538362678664,125.28912055490807,127.92360789215232,126.85347743116526,128.35018536703154,123.07551277948869,127.11071279198163,127.73512462280875,115.7184555785592,131.8619294835997,130.19346520016302
2017-02-27,134.67640350643782,137.59607522295948,134.91905178319408,137.9750102207404,126.6680355888798,129.21577292975525,134.13354196670514,126.58385316084014,129.23620307047298,128.2734208623736,129.81250896953566,124.23433929633896,128.48036644978308,129.03384657258493,117.26907607233173,133.60951098083933,130.19346520016302
2017-02-28,134.66586463134803,137.57585535691024,134.88533702763738,137.9297268685275,126.64089710171731,129.17815379876885,134.20077042130686,126.53344878794523,129.17340168803878,128.20542065273634,129.84632345042021,124.02200330692237,127.80318553066105,129.10667116295357,117.51755265602219,134.53916508245496,130.19346520016302
2017-03-01,136.428579854753,139.4644485289463,136.72172501588233,139.90199225453372,128.18237797002462,130.8315035999196,136.33008662476968,128.13805087892553,130.89857880259703,129.9549135484554,131.44273724800584,125.64406447386558,130.4130099936936,130.6280371681492,119.0132804682304,135.06404626772436,131.51623267730056
2017-03-02,134.22193886298567,137.26364897365616,134.5237402159706,137.71075040842135,125.94653813024959,128.59642378940893,134.52258422495655,125.90954219177135,128.67128948453376,127.73862803320534,129.73951267340854,123.40324876521997,127.99452298964815,127.86162022840415,117.7757457530636,132.47839802578937,129.3346847784913
2017-03-03,137.73784150764777,140.82607128992163,138.0749793694094,141.3126498231587,129.17355469922984,131.85608486045902,137.445304820928,129.15942847189945,131.95673281553718,131.17802847748462,133.01663100099012,126.81996625187524,132.7632857794136,130.8433401719123,121.31635240285124,135.1153373088693,130.65714912048998
2017-03-06,136.13492106965785,139.1883311635437,136.49989139626405,139.70309650655042,127.67530003234127,130.32801037725233,135.80326929400752,127.69243121885725,130.4606365037754,129.55994351753807,131.16328259181788,125.23130229339347,131.65715918204404,129.34935879576827,119.2899950185627,133.19702133185268,130.60906496657725
2017-03-07,136.4368424293435,139.4841562435292,136.82783684418933,140.0263376303305,128.13348799778535,130.79033374291868,135.9356147717016,128.18221396238195,130.95676503897863,130.11403483874923,131.5247645832994,125.86662658409335,132.35595282425035,130.30525078101948,119.36448394834413,133.5516208066194,130.42502159537278
2017-03-08,134.09355670632746,137.31649276016066,134.45568616348024,137.83582801244629,126.17582578161132,129.02430273893384,133.83785533771947,126.2119514401035,129.18555786916866,128.42883993266148,130.13084023443085,124.13476320384645,130.23949741120538,129.11982625642352,118.05081546533307,131.80960613676748,127.83828810911513
2017-03-09,135.54845193572066,138.8603585297178,135.92547595643768,139.39939181310902,127.36518670627935,130.28593745295663,136.0927467344999,127.4051706359935,130.45441503603698,129.9342411517613,132.1763952548921,125.60839049738719,130.97562271026925,130.35292389823067,120.55919407514818,133.20857529443433,126.42251134865583
2017-03-10,137.3928140631773,140.8913194047612,137.7816169333577,141.45101140102327,129.41405341456817,132.53281975322182,137.7590312949143,129.47379989508278,132.73089659500175,132.33850377763844,134.35416018905494,128.02989829822633,133.2414361717554,132.813720682077,122.79348344134291,135.8150385610555,127.16388071657346
2017-03-13,137.13162390708783,140.69274401735717,137.58143401861886,141.3203552338447,128.72045896178906,131.87193854387974,135.9734724957652,128.822318257466,132.11640326482896,131.50975624301918,133.05503307172478,127.40140396072297,132.7328723314337,132.58512560586635,121.5547093670616,134.50310797439687,128.85900427426515
2017-03-14,136.53051650825932,140.09133129616492,136.97555921237773,140.71388807022635,128.09429066577513,131.24282069578615,135.38890836212505,128.19045285824816,131.48107910014525,130.92720625596294,132.43779136083486,126.79556421070647,132.1958342063219,132.3017010284614,120.73788301513831,133.57638187865402,127.7019724822598
2017-03-15,139.53336246327302,143.17085961546496,139.98649656509357,143.80522307340752,130.9639693338063,134.1835900346236,137.55307172221936,131.0627310122795,134.4276858962036,133.89349702860054,134.67320962999716,129.84132078860955,135.7092569746,135.3876886293261,122.90291543378696,137.02413647045077,130.2195191796348
2017-03-16,137.16501669678706,140.76875191809762,137.605867874028,141.38869051390873,129.0012447106275,132.21054749366098,134.342759276584,129.10446994017622,132.45898788381533,131.74402480716262,132.29450897894026,127.84320994298281,134.70503388945428,133.0972083146015,121.60719491405479,133.44308840248385,130.33009624444992
2017-03-17,137.3980426308814,140.99899107105605,137.80365030605313,141.58112452623357,129.56589887829514,132.79471075182673,135.05573811693333,129.648287330735,133.02172503172415,132.68259769129017,133.1828028975691,128.728143555872,136.19015306724435,133.90430144268208,122.39644697232796,134.78489949536785,126.76091246353218
2017-03-20,136.31087858564922,139.9284429480434,136.70358973793674,140.4976174909285,128.7596816254872,132.02156276245404,133.56783535554462,128.84084357836076,132.24871120534732,131.8006112952288,131.71101558836264,128.0502356977997,135.7685260475882,133.69377152688793,120.80652643520011,132.69419928123213,127.1901917356121
2017-03-21,134.7632826710612,138.38929572899488,135.07256135051207,138.8697861979493,126.95670119152733,130.20750804697948,131.34046322487046,126.9456646024097,130.33561423631545,129.99586458430775,129.93751306538599,126.25519785570167,133.8202716685121,131.67335930849677,119.96011823682495,131.1471765317525,124.26891893669061
2017-03-22,135.47381610063601,139.11433410787325,135.77261320176845,139.58420591140333,127.93943652088775,131.2237484349728,132.35448819482582,127.92900906123705,131.3539451895831,131.0131979121786,130.81181266692715,127.33045542466436,134.80936918726277,132.9407044173429,120.66758958785728,131.75260077746046,125.22242709343783
2017-03-23,135.41592447373503,139.11418754791563,135.7227728489082,139.59518381020766,127.93530066153478,131.27975444115606,131.93172830209747,127.9349095359812,131.42325363310795,131.08364052917872,130.84343530829963,127.46636110246625,135.6301935114973,133.0263743062066,120.93993666003509,130.9379487441325,125.27468546957434
2017-03-24,137.51739591291445,141.22013582334424,137.81131857651084,141.68736968182046,130.39914333314888,133.7757124248663,134.09593154471403,130.40054346812948,133.92251768156177,133.79229218810679,133.31363541672357,129.982617420828,139.72477199749332,135.63522201292784,123.27992095535316,133.94458359034368,125.38793380863895
2017-03-27,136.90459434595255,140.6424579982269,137.19194928841307,141.10423029708014,129.26724906662488,132.64276428856385,132.7013791918707,129.24143008306808,132.76039881853887,132.4716512544418,132.29046990828527,128.79409425408392,138.17246796856995,134.47002619711984,122.58715772816713,133.0366757805195,125.94573079991882
2017-03-28,138.12994652055352,141.86315814359028,138.46253898566079,142.3730466292724,130.43736847572765,133.80659985478437,134.59000585560426,130.4536414123259,133.96901987845803,133.74165026533336,133.60092468309242,129.84001524413952,139.9502110292637,135.62277627687774,123.62488224948638,134.34352811607536,126.42292414425256
2017-03-29,139.2240679221381,142.88825940736754,139.56595573823537,143.40499751672166,131.52364997987084,134.82640751587377,136.02778745615768,131.54870905764457,134.99537566456462,134.70530612209265,134.29538254539432,130.6166521593072,141.44739137502256,136.3166594019298,124.05295338641756,136.32577842295484,128.02531264410584
2017-03-30,138.22144763980805,141.74277565980128,138.5885810097076,142.28030398473516,130.63184619167293,133.80017891660844,135.52708259164922,130.68611091068846,133.99458845575674,133.65846484740007,133.3873405372558,129.34238630050982,140.60227817991984,135.0415851338387,122.90082485323448,136.06387011571422,127.58015248071113
2017-03-31,139.03582605340702,142.5289201135583,139.38148090780825,143.0422208204248,131.1660585593845,134.28961578222834,136.34556887828205,131.18793802777398,134.44750177961998,134.1645659690228,134.1969922676799,129.86986090879577,141.09199135431186,135.32083103309878,124.27698233131166,136.9613517293815,127.44099633448542
2017-04-03,138.63309842469897,142.19129003596686,138.97812077477968,142.7067877967583,130.47681951575646,133.6449986641478,135.04065273422637,130.4865705963729,133.7918479990923,133.4041826589764,132.99980711119574,129.15346093006724,141.37016726956946,135.18119289556319,122.79785398744217,135.91369668604182,127.92821966314894
2017-04-04,138.47363910441294,141.95415706089517,138.81512560968827,142.46248908024836,130.38131618874593,133.47748760518292,135.08790133920223,130.39017818527753,133.62030402424912,133.10500988054173,132.64347697625615,128.81013047888436,141.2671353782709,134.42047264405872,122.57704395790108,135.31820819454242,129.11572599768982
2017-04-05,137.1669054057798,140.6087816609033,137.48462890944415,141.09013982529657,129.16892512749834,132.23137304719933,133.87709816647708,129.15835827008212,132.3519986285004,131.91122303010832,131.3800518014405,127.52121889425727,140.30606828663576,133.54288669054404,121.16687107940423,134.64670465032586,127.14723034847239
2017-04-06,138.63555150875132,142.0384023889686,138.99189863835116,142.5592004678378,130.30889137938416,133.31420322022345,135.42472626923035,130.32292246768847,133.4586625558466,133.1968333660344,132.542486634355,128.50572419463532,142.29212748633674,134.55547230440322,122.26297403237464,136.11090288638462,126.27397648417293
2017-04-07,139.44442668110867,142.80999752594224,139.7838675090747,143.31107938826463,131.08790853212312,134.05618322252877,136.13122030382323,131.0842592034858,134.18020254842278,133.95023635427174,133.3190106647567,129.23050685357808,144.0043126482092,135.21011757875388,122.97067511438597,135.67359529654215,126.60963452155545
2017-04-10,139.6635556710405,142.94715121128996,140.0065019538119,143.44838041609108,131.25282297683492,134.1379596797493,136.65629847870548,131.25042435018887,134.2597701150452,133.9968411742772,133.46125904026945,129.05130467415984,144.99591618565034,134.74167335555035,122.76642916818746,136.2002885649343,127.02601489339227
2017-04-11,139.40476214063617,142.679894119706,139.68152159534165,143.11024135135838,130.94524717995955,133.8186698010498,135.8522674955598,130.87636972375373,133.86914119809305,133.5754382276215,133.19257453676155,128.70453236476388,143.99675592490547,133.8714200949575,122.84667544978012,136.01382371586035,126.98531376884992
2017-04-12,139.54089202727394,142.84534408974662,139.7777381023527,143.2344215607378,131.0894174331099,133.99214959359912,135.49563589113407,130.9819592556691,134.00274980188541,133.84903600867767,133.16305628915651,129.15876668726284,143.33994221538657,134.46121126882502,122.98154328213455,136.11435861801525,125.64507773423321
2017-04-13,138.3234409646805,141.56457485496963,138.50866458832968,141.89596771822897,130.05312451223216,132.90365750218652,133.62862682034591,129.90251402027073,132.866060367156,132.6893980080397,131.7423246063654,127.99856010490345,142.3914620478555,133.43391205683497,121.47346071513493,135.51699919465827,124.82970849810147
2017-04-14,138.34677042595715,141.58936927370334,138.5329237776895,141.92181427740937,130.05312451223216,132.90365750218652,133.62862682034591,129.90251402027073,132.866060367156,132.6893980080397,131.7423246063654,127.99856010490345,142.3914620478555,133.43391205683497,121.47346071513493,135.51699919465827,124.82970849810147
2017-04-17,140.28783149107934,143.65158481714673,140.53264251423377,144.05161886374745,131.83291135408288,134.7944772382157,135.35833662748448,131.7331018418609,134.8156662315976,134.57063533482776,133.6808764380695,129.91067872365272,144.77475710928195,135.1703044089521,123.00174894881808,137.11100833792298,127.3420744498643
2017-04-18,138.90612101581686,142.21582638333794,139.09278765335603,142.55160920820376,130.43104246566133,133.33647242176087,134.15853671527947,130.27382697182895,133.29407663882927,132.92385787626563,132.39400498544205,128.22376903752678,143.0356378014735,132.95861938305018,121.9982293450396,135.7954510593941,127.23671824837459
2017-04-19,136.9786045467891,140.41457906992227,137.17623723563085,140.76746226088852,128.59532938550052,131.62671527878132,132.4765152369459,128.45250047862226,131.60478805057141,131.20214857057377,130.9855331854833,126.60673797699873,140.66188319207453,131.41109644409661,120.5723874317747,133.4488483187584,126.01496958320881
2017-04-20,139.80307102956127,143.38981424430023,140.03247412584324,143.78293660919297,131.20454802275947,134.37362039856248,135.215516877367,131.0840988553534,134.3813863531587,134.18316312903374,133.87062863659904,129.66331047757777,143.39163970460794,134.79713280149738,123.02093382117303,136.09435678606314,126.42420496393171
2017-04-21,139.52316849480408,143.20886092426187,139.72793159033165,143.5799225636155,130.96253302694456,134.23004193985327,134.78537369389804,130.81959123750548,134.21788851202746,134.00506494486382,133.71023250402533,129.6469596190684,142.82781542614777,134.7358887457363,122.99317321847067,136.45086204470098,126.42420496393171
2017-04-24,141.39850804059998,145.2456558080655,141.71523529695048,145.74319468303162,132.67518063571444,136.092562228007,136.07392191619743,132.63480560156256,136.19631755313998,136.0672279661227,136.0541093799672,131.84419109708767,144.2157256134234,136.0416981366269,127.96861388730349,137.25145248840508,127.38622843619541
2017-04-25,141.37592526034598,145.19714245026412,141.780867750508,145.78790460137344,132.6230628753909,136.01316344518727,136.18923763661383,132.66738152722732,136.20635121801865,135.92937699228233,136.0666005499664,132.07647775182664,142.6646225247346,136.61109570183206,128.02293100243645,136.12162860586952,128.91846177725955
2017-04-26,141.75217856619437,145.61660506258107,142.1105570501304,146.15945314751005,132.89340051273388,136.3192099303904,136.8232221702437,132.88814101983067,136.46091590031827,136.2647503553559,136.65602319227287,132.38291641284218,141.78902673924284,137.64570473042969,128.15917497338017,136.42991345515463,128.3109567877553
2017-04-27,142.78587409797944,146.68779184081723,143.16572553990602,147.2551798233976,133.71361565170102,137.1635253498402,137.6737875967224,133.72070982125564,137.31948140043306,137.19557298530336,137.79743318786154,133.44679048215284,142.5461129643641,138.57276651599426,129.10912149226291,137.7767534467285,128.35702752756754
2017-04-28,143.44325231743207,147.37131757476845,143.81540434268675,147.93157119125638,134.3415790866165,137.8161556370565,138.1229759396112,134.3400228310799,137.96391783636116,137.73639093689408,138.08611434577136,133.95535449826184,143.2094818502351,139.03877704463326,129.3764072563954,138.55899479103158,130.01979283540985
2017-05-01,144.0103540061953,148.03500589179328,144.46484102761724,148.68754245997332,134.48931466024223,138.03081386258677,138.30200066123336,134.5509789325989,138.24907128052175,138.04695440129592,138.21353256455123,134.2437680615962,143.6908897446657,139.29192588500626,129.72674642966638,139.35991238653298,130.01979283540985
2017-05-02,144.79942625086662,149.00809781885027,145.2895257007213,149.70688496543116,135.14262754731587,138.85496134419554,138.12144996656406,135.23332933205907,139.1116914776556,138.7200511859416,138.76050030634133,135.01271224092667,144.8813439451772,140.18106881113803,130.43925158366852,139.82437196718067,132.78153271725265
2017-05-03,143.21390857675752,147.35295526266952,143.7586600236832,148.10735139739128,133.5144014591377,137.15309285094227,136.96548504239664,133.65616741196942,137.4613576528899,136.9357679674142,137.23188738785444,133.2900685464234,142.76923837360934,138.6030360361244,128.9650143741441,136.61843488604984,132.66558209344475
2017-05-04,143.04181581740656,147.41692934302145,143.61436213153624,148.21182644952052,133.16380426674385,137.01845684713382,136.71153034614287,133.3250917029708,137.35714929284026,137.06093015489867,138.2833734738486,133.71301345800742,141.61922094640113,138.78070304137492,131.29556745286013,136.09450171094178,130.12485882345018
2017-05-05,145.47868692512984,149.86331084610993,146.1047805644818,150.71578739208275,135.42306842009734,139.2798802717033,138.77280654682548,135.6290008718164,139.66649621992138,139.39932492785613,140.39204369558144,135.86961807202175,145.4955647630507,140.1646645054078,134.18933716296988,138.40477336804508,131.95724444553227
2017-05-08,145.35503983224018,149.7381150672146,146.00098723771066,150.61183751327061,134.75435686515831,138.57145399186535,138.8811809333561,134.9567755112606,138.95256144681144,138.65063966586533,139.59836068751358,135.24905491836995,143.52341940284492,140.23723247592883,132.37885226972418,137.89492176153064,131.6587858475487
2017-05-09,146.57223409919501,151.06625639680072,147.27143509874693,152.00204528052635,135.79884844095756,139.71353480868677,139.4332124513133,136.04546797512424,140.14634760795383,139.7900405663394,140.36036080536743,136.62465269448978,144.74855450364694,142.1788848591919,133.04068238046364,137.38837263264838,133.3308847311501
2017-05-10,147.2256731474136,151.60754438716154,147.9707420318246,152.58725505473114,136.3489828377766,140.15011097869902,139.73789003888334,136.63545811664684,140.6205629188852,140.12274364431573,140.1988637226673,136.71451855089543,145.9092843501012,142.04189444843854,132.95215798205902,138.4690591194281,135.25409770324507
2017-05-11,146.63263407817507,150.96497700915288,147.36704759622202,151.93104328477688,135.63425727069466,139.37800846982867,138.5862849361355,135.90524649250023,139.82931097307912,139.2208232875268,139.04625792992863,135.81325420727043,145.070553399402,141.52036448319768,131.69064596150457,137.28398577305373,135.69783913303152
2017-05-12,145.45333805180235,149.74731975646313,146.16814497790358,150.69076295406268,134.89336143984207,138.62766859752824,137.28856906997606,135.16375629965236,139.07795105002467,138.3290737805396,138.10536905882955,135.23544491586043,144.4776702402337,140.61801058703261,131.5812534286646,135.3753061199857,136.50894261384522
2017-05-15,148.2887598835254,152.5787971920454,149.04267999067662,153.56354762189767,137.51687925335386,141.23917851810089,139.74654212238454,137.8165051192284,141.7200996962231,141.16901753264864,140.65257189734686,137.92020908434753,148.47690655437415,143.38789855506195,134.0484564288271,137.6599694574161,136.80073200641905
2017-05-16,145.63892725764995,149.90965296663097,146.37790308382523,150.8779078763758,135.09254392303868,138.8057877113581,136.61157869731701,135.38679511959705,139.2806890820603,138.4164532261027,137.9826452893835,135.3409585455588,145.35228603291702,140.30285943718658,132.4020039313035,134.72235461246098,137.88521121205613
2017-05-17,143.62853916990744,147.73828242631322,144.2000627198036,148.51983584239326,132.86452479825005,136.40334871673488,133.66129867936226,132.98810120778214,136.68759956287636,135.78375174239264,135.48056877931566,132.87933964839016,142.04976198838293,137.9778211839222,130.17524487310197,132.41547212237379,135.92847345414395
2017-05-18,143.99997749926797,148.0265216757474,144.56588540681417,148.79822855426005,133.019893834549,136.46503241358084,135.8472968308785,133.12927465768053,136.72997419033348,136.9761968787261,137.29958837007806,133.54088890685506,140.77119929376528,139.6847231088004,131.99115363655824,133.91485832219323,123.30326812107752
2017-05-19,156.34251450252157,160.6428305413899,156.9857453865017,161.50828907082828,144.18661878720255,147.84292863538914,147.18497333610927,144.3233862945954,148.14617798165784,149.1530863358087,149.19364963397126,145.874336119426,154.42677777402022,151.77652834972224,143.5831001865254,145.30961010237266,126.26968650668967
2017-05-22,151.95433250094231,156.13855868034838,152.59297992507442,156.9943489800107,139.67414663871972,143.20134981193223,142.6651307091326,139.8008764679966,143.488309538634,144.34932172233434,144.5817767402392,141.13613248101123,148.75743176334078,146.82564813314042,138.8132041957698,141.37252238240862,123.36346173973855
2017-05-23,153.15994261183937,157.34548874326194,153.86573274666037,158.27303289628063,140.4402202512135,143.94233339949616,143.46186729455596,140.61309517227414,144.27751529515612,144.91592458868772,145.08800700649232,141.53620133283957,149.59362127847714,146.75106803943515,139.1463753880072,142.0775367555404,126.17914090668059
2017-05-24,154.24442478975985,158.5193008796066,154.96794726026647,159.46979000059758,141.18047460505707,144.7474199763394,143.6812209621432,141.3561851929403,145.08847015819003,145.65841069711195,145.52445107250392,142.11246536425065,151.77693713474687,147.33998203571554,139.392834436986,142.72158070441816,127.57851459848342
2017-05-25,154.04801980546276,158.62189579832983,154.75930895094456,159.5731445513479,141.29313154406452,145.16402932986375,143.69386500255484,141.46996281446116,145.51968505641284,146.14538805660706,146.0756356246524,142.6516315585249,152.09631942302252,148.66391821362643,139.4110307079367,142.81881163589028,127.43675843902169
2017-05-26,154.21194980758358,158.65268405092758,154.87880662938124,159.55010531214307,141.69218292721672,145.45288151037397,143.81737022801062,141.83651270293433,145.768825411828,146.24963814497718,145.83593049786924,142.6596815185341,152.88054881810552,148.95481412709177,138.5674138198906,142.8821769324729,129.05498017387492
2017-05-29,154.15934015718756,158.59647772110694,154.8239372816629,159.49132007991352,141.67370945088643,145.43315917198822,143.81737022801062,141.8172807174973,145.74823668469313,146.24963814497718,145.83593049786924,142.6596815185341,152.88054881810552,148.95481412709177,138.5674138198906,142.8821769324729,128.8362438756555
2017-05-30,152.8544164206259,157.259692002617,153.5155586892438,158.1495467510834,140.4934449922072,144.227787717023,142.3842448984857,140.63864778232787,144.5435402896271,144.91877261108553,144.87604625894056,141.49817471835124,150.40967201591943,148.13677007032393,137.79789509452115,141.77960262375896,128.95378821935094
2017-05-31,152.49475783241536,157.03937750193631,153.11540416129031,157.89228748421078,139.8732000232115,143.7219570695651,142.18841853617616,139.96906201203973,143.9899309431815,144.53372017842082,144.9100131649285,141.07813643636624,149.18973366151562,147.89403340783176,138.44485467316053,141.29632173436545,126.79595510433006
2017-06-01,152.3578863289182,156.98072542449432,153.02410074613434,157.8860933975138,139.51113110665878,143.41853613915399,141.68052733638913,139.641128915709,143.7256539120616,144.33810170056813,144.59571022703253,140.81840705372545,149.67234700178156,147.7544831764794,137.8506887692492,140.52976746639777,125.89104684034145
2017-06-02,154.4182232328553,159.17117046098335,155.0857092319852,160.0835880744157,141.24943837936996,145.26365530624312,142.88310812348183,141.36777494758977,145.56291227767494,146.29792174070312,146.69533840505758,142.92129504767595,150.84415684654337,150.0580545497916,140.13263353612413,143.38270063312032,126.39956096562139
2017-06-05,154.85170366438018,159.67205718930174,155.53155420764546,160.6007830149188,141.22802616538263,145.2757561570114,142.93462799421698,141.33955912233185,145.56918455273328,146.34039079524229,146.3373905181298,142.59715320091863,152.148255614703,149.84996436176814,139.46135593244628,143.42454663309056,126.06129932140976
2017-06-06,157.40253685304552,162.20674434689926,158.03748537068728,163.08612211249698,143.2037630042835,147.20327746277482,145.22192840374225,143.24979693477275,147.4242779680069,148.23948784923437,148.09691892309485,144.48340894403054,154.5525230367799,152.3139648193049,140.67070950502773,145.15825476382608,127.34395269597955
2017-06-07,155.7981911887047,160.84507262919757,156.43367944586697,161.7363221565476,141.97212798909504,146.22187095502537,143.93584243380351,142.03349812330956,146.47014047822026,147.11097124112186,147.18826341293968,143.43727780864174,153.31415579236298,151.15361309050303,139.8931189806947,144.05095933021067,128.11770891709463
2017-06-08,155.5080258693134,160.56998141952272,156.18630747720212,161.50797732848528,141.56561767991806,145.82047693343304,143.48739919006456,141.662651681021,146.10728540427564,146.85734010452308,146.74981596426426,143.4218309801991,152.5259895294433,151.621345692118,139.22518270606514,144.17697558893377,126.73876616918467
2017-06-09,154.63978549257,159.61435085291558,155.34958097332193,160.58234918097145,140.7224353151576,144.89393264549116,143.03132723229882,140.85007750001134,145.21000128055053,145.9023672417475,145.9742495977505,142.29204882206147,151.70274970928176,150.01243522896328,138.51161071466416,143.32740834011767,126.46434454699687
2017-06-12,150.2693014111653,155.06509857843807,150.94899339347563,155.99317465971376,137.0350894478789,141.07317608367006,139.5078918628365,137.16151971582943,141.382193946447,141.8065131533875,142.00299890557574,138.12905716087042,147.65823801957492,145.42371886428765,134.21563874446733,139.64597009006215,125.51236142227506
2017-06-13,157.43372133481904,162.4293263364081,158.16262235773303,163.4183765880886,143.47057367255235,147.66697465706946,146.60435180862444,143.6148983449528,148.00196651075467,149.02132178959982,149.2388470526124,145.16926960801126,154.80676934047693,152.7144255320313,141.0326075815343,147.94105751049267,125.7892057647566
2017-06-14,156.55286767444514,161.73051437051174,157.28117434015087,162.72750398095485,143.06831752300175,147.46798393982954,145.34449925663833,143.231562554449,147.83224947081987,148.7963479415316,148.88519792772868,144.98210669604686,154.30250972627792,152.4588647655769,140.94376371521716,149.11177841221186,126.1471732867929
2017-06-15,153.33239941141636,158.3872960945002,154.02249971246553,159.33803316452736,140.1720346666146,144.46916311452415,142.84570909697422,140.31185312658585,144.80382499047667,145.47106659813056,145.91352444887576,141.58912108739023,150.68070992426615,149.04425807417064,137.36193506361235,146.57199337855283,126.1471732867929
2017-06-16,154.17290024527097,159.24720893183974,154.89645226991976,160.23469438683767,140.85018438259175,145.15651280701633,143.48111744251128,141.0151761811398,145.51861744090274,146.25455863076192,146.78477472286596,142.43535967674214,151.58613597232053,149.38013793337345,138.83493359689368,147.84523998306224,126.14597777681185
2017-06-19,155.7748852651309,161.01740676685648,156.58619757448477,162.10684492594368,142.19169893396997,146.64349050699482,145.03752603887952,142.4293480204433,147.0900799073575,147.88807417809426,148.23339686617942,143.9892847471399,153.06885766583184,151.60333481148467,140.1441046632745,149.20716440574554,126.99490136316894
2017-06-20,154.1360703515141,159.38758543871973,154.90190694217324,160.4288070499206,140.3721898455857,144.81442399760456,143.38868085515082,140.55888785366105,145.2058850862053,146.08917900245063,146.6297559166636,142.20779689848933,151.00786057181378,150.33523193602633,138.14824547051876,147.15943282114387,124.46582734887028
2017-06-21,155.61076525695762,161.05483234184462,156.34293705112242,162.06852228818022,141.75951574082583,146.3819506367585,145.01470045106132,141.91114978347358,146.74362534364622,147.85962040581083,148.59087250593527,144.3422441643871,151.34280434566048,152.72247138642737,139.99944908804233,147.74697076245045,123.69075707483836
2017-06-22,156.56261591562696,162.01325777477808,157.301420823529,163.0342271059217,142.61389114895638,147.23839591894645,145.29320914734583,142.7679624358741,147.60275035501522,148.68981418357308,149.05497065945568,145.10286110573895,153.2937816710201,153.58756367174996,140.18292659683132,149.0436103471356,124.7412637298662
2017-06-23,157.40340250437745,162.8481185474069,158.14123583448063,163.86760826015038,143.31862260708422,147.93018735151674,146.138225300438,143.46634459750248,148.28710090077954,149.42994516565793,149.61717588259472,145.9151776373848,154.1399618215107,154.00751972702264,140.7268106942487,149.82058626021328,124.85137154768648
2017-06-26,157.60842839757623,163.01550679585995,158.40638958019642,164.09800564950862,144.04489749293907,148.6598524745388,145.9153287572545,144.27079751801207,149.10105789127488,150.13831901442953,150.07042224596742,146.7326345985239,154.85143931950287,155.32440589124565,141.20258987259263,150.54666306510643,126.56472540025317
2017-06-27,154.86329433846672,160.03692628949335,155.60354875280674,161.0468405450875,141.35383414202965,145.74296695364131,142.54511929866482,141.52672059841157,146.11715322392809,146.96591154679933,147.49085182344817,143.86268981937096,150.8644110942187,151.75773766795297,139.42234516916088,148.1027848380485,125.58730351056317
2017-06-28,156.81032318647777,162.02626283102234,157.59932832137181,163.0902721305512,143.1231536250929,147.54536528918243,144.66599181479748,143.33519979627843,147.96305309614038,148.96895681706332,149.50362760214105,145.8115125527612,152.9138343455469,153.2229275271247,141.4532598293526,151.29109212837542,125.79749226803281
2017-06-29,154.03267410611727,159.1002792642004,154.78909182901944,160.1227912923176,140.61954885723833,144.91272700850777,142.10174982384123,140.8115475496278,145.30323425837997,146.02008788174518,146.6184459314943,142.79262541574582,149.9556472923046,150.13954961085523,138.30158138713026,149.39557796317132,126.05314566952327
2017-06-30,155.5116892834694,160.4493782225687,156.30562039426945,161.50591614453342,142.10887910033833,146.2841043593093,143.42733197893486,142.33710260518333,146.70823158094524,147.43454057830186,147.98858796642688,144.36139983796159,151.7560142761358,151.84085011802708,138.95941509076712,150.33222092214714,127.24804009191448
2017-07-03,150.49987865743012,155.23811707491544,151.39659916236323,156.39666920917122,137.38332074629392,141.37547788454276,138.47801999971358,137.71969778296634,141.9077929160922,142.1052879503605,142.43093522999817,139.06849139814926,147.08564119181293,146.30626913465412,133.82223327135947,143.79299474620737,127.87923612224807
2017-07-04,150.85714404164295,155.62080395376933,151.76981608288654,156.79763382085147,137.43736073187296,141.43331260490325,138.47801999971358,137.77603697508502,141.9682642525046,142.1052879503605,142.43093522999817,139.06849139814926,147.08564119181293,146.30626913465412,133.82223327135947,143.79299474620737,128.53315609229074
2017-07-05,156.15861666349846,161.29206967640474,157.04442231501736,162.45661520970452,142.43834777105448,146.77803896582427,143.8191693488737,142.7405635581908,147.2891386828323,147.93886377238,148.3565652561745,144.71449544174243,153.83351085467757,152.25166611916515,139.40795269740576,149.92739904618162,128.30050778565618
2017-07-06,154.13971591711487,159.1282458802868,154.97907428965988,160.23635429705848,140.54901441530853,144.75482644819184,141.46074752769925,140.81222485551612,145.2180735954441,145.73586058310676,146.2827264518345,142.448490763324,151.6837492139135,149.76350629750291,137.87227017292608,148.00718979319106,127.66795289050987
2017-07-07,154.6512746430631,159.79597886654958,155.55561568360753,160.98123990505204,141.2033537343093,145.56857408625305,142.64717553252092,141.53409101858722,146.11149514010253,146.71128407079453,147.23124903684985,143.26190014831465,152.85599984402137,150.65274711156508,138.72232934646235,149.28336412183592,127.6939068103614
2017-07-10,149.76846623805739,154.76009078591045,150.6628654980682,155.9284064148218,137.07426035455842,141.33426628841076,137.97197816371389,137.42613271018124,141.89546105685608,141.9874395676617,142.1925963435362,138.710611902036,148.96144247176267,146.10889238208688,133.87060941648002,143.25731915468862,128.70545570401526
2017-07-11,150.28974835356274,155.2281908768754,151.19990204249459,156.41080328046417,137.64697191390763,141.86170768540543,138.31782776067513,138.0161407531407,142.43938034983637,142.47132080961202,142.45678740986665,139.48330075719718,149.16881307048712,147.2546633384697,134.2853245693093,143.15717788054837,129.80097086911715
2017-07-12,155.53910729080027,160.67735180431407,156.5250748763069,161.94994229871514,142.37250393185332,146.7545022717186,142.64618122859207,142.79284094200796,147.39442626643856,147.66253664125168,147.12692797915656,144.789896943841,155.32691780563889,152.73654603027845,138.61421968991877,147.2781024877741,131.96066537296795
2017-07-13,154.0428958526582,159.068809028042,155.05789098903895,160.36756423632832,141.1203338994618,145.40888102199276,140.98620220281225,141.5782219798869,146.08499070846972,146.13308000531407,145.42362114410489,143.21203782802564,153.6800696254979,150.982143914236,137.1108754886464,146.63424852070185,132.92780081644491
2017-07-14,155.20505879047394,160.23133880651753,156.21778760107463,161.52739723539878,142.5075495543812,146.81584797556104,141.99880809244573,142.97345877956164,147.50134525327422,147.61302833436142,146.49352512394384,144.729850270846,155.0197089426104,152.46279690592112,138.20886162093453,148.81286093567593,133.58493757298854
2017-07-17,153.40045748048027,158.44771380698722,154.36552107739408,159.6939532451208,140.85398536221766,145.18811257293737,140.53000542526783,141.28046385137858,145.83261893089602,145.79141079126325,144.8459529348502,142.82554790054087,153.56892073914216,150.17844748222768,136.2536645704753,146.8931180966571,133.5830507717433
2017-07-18,154.0778428759662,159.10948167139344,155.02529239181013,160.33586203812092,141.27374085989746,145.5763236580398,140.80037548828358,141.67255457146945,146.18958004040948,146.1367331820289,145.23829136077399,143.38329074418948,153.60230548873673,150.76547659171842,136.1463869169688,147.64962914342877,134.0263166355428
2017-07-19,153.53086044747792,158.4823790313716,154.50869777432342,159.7377201113434,140.9071474943379,145.1448863748607,140.74343265873688,141.34241688900232,145.7943770458652,145.7541687134815,144.68906194553296,143.00766198732327,152.59223249677285,150.3686688318585,135.19737490125883,148.1105440123097,133.53793376585895
2017-07-20,154.69392572415234,159.78904108534994,155.7255738567804,161.10890195351325,140.72907214160804,145.01118185666226,140.46086822042645,141.15796415244606,145.65589413626756,145.62143790760726,144.752753780104,142.9900467395308,152.593117431725,149.96678083179205,135.76831498959118,147.5227814091239,133.35350758089453
2017-07-21,152.68404869465226,157.86138423394894,153.62903919075,159.09249079028243,139.16585939464736,143.55141578791006,138.6343305821572,139.5315713670366,144.1331692975244,143.9752114652983,143.1346167635052,141.38124667761002,150.6344004397893,148.67987763176959,133.53667486111686,145.7443668893981,133.20709249232118
2017-07-24,155.81570180428784,161.0023142814282,156.78638144266222,162.26080136257087,141.8501659962484,146.2216420860584,141.3880568781725,142.22206811206067,146.809159352918,146.8427509026628,145.7283624038498,144.1940165813442,153.29392307422216,152.23364170963467,135.67232380830598,148.43891218344234,133.70092710462524
2017-07-25,154.28745876808344,159.22740746869712,155.27217118024274,160.4894785345002,140.81212497437642,144.9812442007895,140.48901066171237,141.2176916202974,145.59577501980291,145.44491177884927,144.4330191106716,142.55779522040325,152.08047545866668,150.3569157855342,134.72107171333448,147.82603109013175,134.44051751049483
2017-07-26,156.26086790112518,161.1956955464019,157.2350389841279,162.4457436094828,142.73599083732796,146.90244743714265,141.89226257745332,143.1301414827091,147.50441551394746,147.62916680273776,146.26583754750538,144.7921504209907,154.556910614479,152.4859049004952,136.75362150048156,150.7440927257636,133.3804369156021
2017-07-27,154.62503938035078,159.44760186375865,155.5944614216736,160.68750565739109,140.93699123217598,144.98094903106028,140.52288052978972,141.3191089077313,145.5645307463679,145.45715627836907,144.31901460774608,142.60584948029364,151.85440245313134,150.39994609518956,134.61955881286232,148.23609849537405,133.91693481694762
2017-07-28,155.79486205641354,160.60341286985346,156.74291397160655,161.81943928610573,141.7384186575175,145.7467226248649,141.04812563734407,142.08497336357777,146.29044413821774,146.17063149927728,144.98798537117563,143.3597859378906,152.63129850940317,151.0457744249595,135.5314146927219,148.31880323624014,134.70530512446422
2017-07-31,157.19804785143478,161.98901863289873,158.15791724556448,163.21660263948397,142.8909474144271,146.86927530695826,142.05021561913438,143.23843672088847,147.4125479259629,147.32468336291072,146.31073112631933,144.70926955440947,153.22209553848654,152.53647564995944,136.85469306387128,150.22184931917394,135.40536682083396
2017-08-01,154.95547269621648,159.8042434056979,155.9191756711469,161.03916601411836,141.15916707536167,145.2208365355558,139.93427002709373,141.53125099557903,145.79439408251014,145.50399860996643,144.5564207044556,143.09813309698768,150.7337018547878,151.1408104620325,135.6281828688158,147.87365294414445,135.97636379703036
2017-08-02,154.92120875747926,159.7430183928382,155.90154201245073,160.9945166403008,141.1471087849076,145.18475213655472,139.7743152686239,141.5358298044356,145.77506307259017,145.3739903415941,144.38222416651197,142.9408625969292,150.59831809561572,150.95344531798958,135.54873712269534,147.5668570810931,137.09646132801564
2017-08-03,154.13219501654436,158.9914738861728,155.0879202901021,160.21851853756306,140.23128808937744,144.29325866811485,138.3784090693947,140.59106689826518,144.8537134695671,144.4176035032373,143.66328628949958,141.9931739502719,149.96067938067813,149.92615273343182,135.0803701142642,146.60680551951046,136.61972449455018
2017-08-04,154.49693042370563,159.3164380972938,155.5168600935731,160.61047573442846,140.40184329133157,144.41372435370795,138.66292421056937,140.8139904996697,145.0280799690159,144.5723504572609,143.8802382309917,142.34342238358653,148.8967552284298,150.43737540692985,135.50581695450737,146.37748261634795,136.98287858785255
2017-08-07,156.6509276119707,161.60625554525373,157.74129069743677,162.98203633170093,141.4978081239503,145.57025564971826,139.48300260342563,141.9315455875278,146.2104666118465,145.6843431451199,144.89785195761579,143.70763048859047,149.57953480022897,151.81093775538886,136.26266575579228,146.92861516800718,138.79463358002894
2017-08-08,156.0734495121685,161.02230301418743,157.12957665175315,162.3611191029276,140.89906957960613,144.96215880013077,138.9542687566041,141.29960193572643,145.56636292245318,144.99514621800208,144.1260381295345,143.0640767655887,149.01956043172703,151.3561437589116,135.36005922260122,146.00717122647345,138.68005598894277
2017-08-09,155.48512374442177,160.33317141362986,156.43805051727028,161.5563207692264,140.46739250903656,144.44521056684104,139.00978711535262,140.7778946061798,144.94891656068947,144.3555769149236,143.91252312556992,142.28591451189422,147.91867990342416,150.14084792492758,134.9725392590091,146.04734891226926,138.35006391212167
2017-08-10,154.3608072506208,159.22417064933902,155.16750388310848,160.29123562953126,139.30371528704217,143.28968980521702,138.02670965658675,139.4753072006025,143.6448587712133,143.0701388336099,142.98921327730974,140.71824511003197,147.8565150260601,147.7162083711436,133.76670997914226,145.55145055800665,136.96535394042562
2017-08-11,156.22104443817443,161.12566825911657,157.04054354024524,162.20808761595268,140.58119280907658,144.57097169500196,139.07690979194348,140.74116638766031,144.9137962593137,144.34784871860694,143.97225035938482,141.8719710225065,149.84420288685777,149.14015689088197,134.75423027518892,146.9694378777706,138.02944286824973
2017-08-14,158.763578940881,164.00858669503074,159.72976563008052,165.26411306133036,141.94988562550535,146.18383385115786,140.17658814512103,142.19889278689766,146.6328809647133,146.03899961917512,145.36169562401912,143.26202601301623,152.99564427597278,150.87288345044732,136.0736912556335,147.7897788059608,139.89006333583572
2017-08-15,158.7948774196258,164.0037770755393,159.79160647949638,165.29042924347036,142.14392513973183,146.35607169943205,140.44609770088366,142.42802806493967,146.8418272135633,146.2636800648214,145.63543558958327,143.67706198262323,153.4213092333933,151.0700888414903,136.33309784354694,147.5896021051893,139.9146955982391
2017-08-16,159.08899230810965,164.47375031437818,160.0918110064057,165.77535526719797,142.19797882020154,146.557368760224,139.29745549867854,142.47773792843518,147.04509986243653,146.44479629299633,145.49983923987003,143.93135816491753,153.55076400863516,151.39242733347936,136.18115115742947,149.40019274967668,140.33309883974692
2017-08-17,156.59832845757808,161.79921696552694,157.48937434044538,162.97217912307846,139.96997465166484,144.16871704713563,136.2666801143043,140.15635637099396,144.5489646327869,143.81999976176672,142.8934271618511,141.54228370419128,150.92736437755724,148.76409453495341,133.76529784946717,147.15540877366357,139.41452700598282
2017-08-18,158.32119446022512,163.37653748933266,159.25605164338307,164.5893648509462,141.74579974731913,145.81963427595315,137.3384345363241,141.97547064423108,146.24075827132515,145.52580838610467,144.12360475395624,143.30398851957068,153.18912967735722,150.50854049853965,135.00679429615076,149.50413222956843,140.80581030321812
2017-08-21,158.30072559389555,163.5099852959726,159.20310652587693,164.69525552677325,141.92768290164724,146.15846144974196,137.27092416115428,142.13567149611103,146.56332328367736,145.85966994687803,144.4206592678932,143.75176757396187,154.11230605126588,150.86097831606736,135.0641578045543,149.70824448645402,140.97937159408139
2017-08-22,158.91196791805726,164.15603641787948,159.89710914705182,165.43187308905337,142.3879121163036,146.6424539132341,138.1075871546062,142.66666654853572,147.12436233063468,146.25834373343667,144.76719947043028,144.17696487244993,154.03705126593294,151.61749374081282,135.36710956561083,149.19533959222974,143.21665742548134
2017-08-23,159.14924897774176,164.34453626984003,160.1267749483223,165.60977914495518,142.54496665060924,146.74931817957457,137.86868645244635,142.813370673573,147.21783463297874,146.27320065827055,144.54046610418266,144.44854632243738,154.44089052767978,151.78579179529262,135.3364036630238,148.16585091262897,144.14850548424582
2017-08-24,158.50892464986637,163.80830848690252,159.51799987574003,165.11262667451524,141.74590645703842,146.03348323122606,136.73226350512167,142.03667886694006,146.52981283664886,145.3930293091322,143.40917801761958,143.5821574664617,154.1954506900907,151.09200430181048,134.2662345134378,146.83836155828425,145.60562822789748
2017-08-25,159.62613344097318,164.96681149839864,160.64886442879117,166.28755717611148,142.72434617030845,147.0443250449602,137.2601894365843,143.0223587701948,147.54983108468934,146.51981040580938,144.39683939548672,144.78038779105566,155.45956167839503,152.18382899181003,135.61311940738352,147.7074600420335,145.35593050054243
2017-08-28,160.06035582213633,165.5519423025931,160.98017480433734,166.76909145747499,143.09229816867105,147.54900413706451,137.73250105884068,143.29240448670356,147.95545627575052,146.90779265134105,144.90644990686462,145.1534281044199,155.70966652986405,152.598986385439,136.17887325879119,148.05373544696536,145.91715509039153
2017-08-29,160.19200646899432,165.72590925117464,161.11719461328352,166.95083013210802,142.9550140881224,147.43196395363103,138.21701357005318,143.14898504847253,147.83272566750222,146.7478092554472,144.94847238349402,144.99546129605,155.7397628637402,152.28116565765762,135.61903523173697,147.0403363340646,146.21262774628445
2017-08-30,160.09868914535724,165.68275271912384,161.0258471168983,166.91220938395827,142.8877801085567,147.4126773800708,138.92846312136632,143.08462055527593,147.81866286374202,146.75123320136893,145.09087537505533,144.9809363425324,155.06186003330532,152.7931069166745,135.26518067456078,146.32162827534952,146.00819742261976
2017-08-31,161.0079781959548,166.50127411032037,161.91356109090114,167.7029340062614,143.5739624054762,148.00208093820072,139.68617762598177,143.74192259774992,148.37264205990536,147.3275025865651,145.85049680582205,145.52607103902622,155.4993442539194,153.12417909246457,135.80619841535284,147.5217637391084,146.2676593337973
2017-09-01,161.35131881501258,166.8694425118008,162.28551660126834,168.10303126023683,143.69372389484894,148.12997297915447,139.5715332923634,143.87899599907007,148.51950319271523,147.31706390233123,145.61134821236976,145.58257933339468,155.80754184915364,153.12423815787787,135.71236856710232,146.9707993117135,148.11898995837487
2017-09-04,160.6581864012506,166.12503470255083,161.56155777412954,167.32312395283,143.74524681725114,148.18521110961854,139.5715332923634,143.93264892691576,148.5771942213607,147.31706390233123,145.61134821236976,145.58257933339468,155.80754184915364,153.12423815787787,135.71236856710232,146.9707993117135,148.80941539414064
2017-09-05,159.74464214390446,164.99263655165427,160.55171296088136,166.07680268969477,142.78228177428366,147.01230812928972,138.78429085508418,142.8781321728724,147.29656690447374,145.90903785168976,144.2553817990386,143.88049670129317,154.97769154066592,150.87118219831555,134.57846039500004,146.33934362218918,149.06305467633587
2017-09-06,159.77443406685745,164.99610767516026,160.6604813791268,166.1639976391565,142.57650335636643,146.76556418731673,138.7842696169033,142.73586784107886,147.11624500589005,145.51942619679247,143.91989639750534,143.78727919294855,154.3277269820327,150.2657590375667,135.02475929983387,145.3074187125498,151.25161116100662
2017-09-07,159.69433410167915,164.95295024403973,160.54838625692378,166.0881913216333,142.53050643260303,146.75586185994163,138.17408998235533,142.66168778803453,147.07788866004907,145.47803708287918,143.85368712797825,144.05068465047165,154.42130180975312,150.0789352933397,135.55190500591382,145.27585349719993,151.25161116100662
2017-09-08,158.5410040859603,163.90617941482193,159.35260021506411,165.00099597645809,141.9043291177871,146.26146347995464,137.21952472369887,142.01754181606492,146.57000557455763,144.93122403915012,143.72416635225358,143.57042335686955,152.85942667950403,149.7279314111932,135.56716435879426,145.89861990563284,151.23772190560325
2017-09-11,163.77396325776908,169.30147071477347,164.74361387577167,170.57308687220856,146.71652149385358,151.21301068577318,142.252885177841,146.96037780395073,151.6679694328959,150.2159615980012,148.72887169130624,148.8113277870839,159.04188074742697,155.36851791461984,140.36653850791402,150.5502574052997,153.6998471877146
2017-09-12,160.25373454455968,165.6499613471481,161.2037568807502,166.89495565703768,143.62044481390478,148.01283489394277,139.31264285728767,143.86258555971946,148.46146798398152,146.7696229734106,145.50738815290788,145.24341975534588,155.19327278890464,151.48066004013268,137.45076565073035,147.4891076497629,153.4952910205708
2017-09-13,160.5349520415833,165.77617237493018,161.49998958041644,167.02985887706816,144.1769108641749,148.44602709541027,140.98311201118827,144.4445764863658,148.91653982198895,147.1941368046206,146.0715077971606,145.5724997913958,155.57451250366535,151.7802901526188,137.6708559544553,147.18224765741283,154.257674956612
2017-09-14,160.06776245054354,165.2172554493629,160.9653325834282,166.3940851901611,144.7664322162017,149.0233448338706,141.3569619228159,145.01548767356613,149.47328658059206,147.81386100659566,146.69646023565605,146.41530557629324,156.5547697203953,152.45449850815015,138.5699636981146,147.2452814255331,154.03416150672686
2017-09-15,160.8178400637671,166.0049131591178,161.8060982916532,167.28086988631367,144.64692078801653,148.8800817098685,141.0826014106405,144.94482944291963,149.38141896800255,147.52143811813283,146.2688245636105,146.24457435091267,156.05627325803266,152.55903732460268,138.15639514271336,146.6075412412861,156.2501271644759
2017-09-18,161.30876146217906,166.56708784697884,162.39364723888215,167.95024860699885,144.4681025381357,148.7221791040665,140.94032932551042,144.827986894815,149.29100728823096,147.3951747728578,146.21083087054666,146.1939921659507,155.82894288853748,153.10249034186037,138.0584518112983,145.40989554806515,156.58637673280504
2017-09-19,162.67883624313697,168.02242383414742,163.76220671271548,169.40776627541607,145.89053185086425,150.2322397836362,142.4045853365879,146.25184277748158,150.8064839751056,149.05270228727667,147.81001013178636,147.86920573465892,157.60370815702157,154.4944132499936,139.75916756006092,148.11395122426848,156.29101883984038
2017-09-20,162.34573926315983,167.5864406627855,163.46872210970395,169.00948395705518,145.61125264393172,149.8599519712054,142.50140458103638,146.01150374359463,150.47179941538343,148.72847337932308,147.60650803675594,147.28696220545373,157.55736038971102,153.60716784972624,139.29550307245282,148.5466840277431,155.86845799636416
2017-09-21,161.49390475183486,166.671523897696,162.63019576502072,168.10600817296609,145.21566683183025,149.43489833868776,141.99770128064972,145.64744479255626,150.07927139753045,148.34733871924402,147.15604850315998,147.07784760350683,157.37831453857075,153.35922976604118,139.35932598822035,146.66467782026234,155.38293501991367
2017-09-22,161.62991862926015,166.81557350593957,162.73605456509162,168.21799980478318,145.3362405978093,149.56233090913634,142.37916616736652,145.73932993548772,150.17621576688452,148.4732625123725,147.4948936540898,146.99002556676587,158.51539138055176,152.31660661968442,139.8393076048675,147.78938601619748,155.13652344342213
2017-09-25,160.4016570050049,165.3281115834225,161.408501763436,166.61146221357106,143.75577782512562,147.71137371120292,141.96737282335081,144.05074139576035,148.19691221148597,146.58806665450524,146.34112679217696,144.82766151721384,155.87595496981842,149.63126606259075,138.16296848228896,146.46841285632428,152.26817336225497
2017-09-26,161.55912943540068,166.5347651483299,162.62090285830965,167.87919942935972,144.821201021831,148.81993288107967,143.63533620083507,145.1637147463308,149.35830736644095,147.85018586288365,147.59188866880302,146.00065542005834,156.84502742462453,151.32090441519657,139.1863273995217,147.32417998472377,152.1665125041635
2017-09-27,162.0656880403186,167.045261764313,163.19637000824142,168.46375491143635,144.83896466124392,148.80941347543578,144.75892524204355,145.22490767018715,149.39304768529692,148.03005885804933,148.13570226169958,146.14881167198587,156.28801389948202,151.2703716959974,139.77235399714232,147.76305630326942,150.55486837219848
2017-09-28,163.46561141776635,168.54228914081114,164.59279058730345,169.96143069872386,146.12360807011615,150.18076332692414,146.1242466274639,146.5020380479246,150.76021109639183,149.53504616363838,149.73093111167498,147.59935677851504,158.18643412448114,152.60241205733968,141.55689012236945,149.03252570640268,150.25119642288882
2017-09-29,164.03310513965914,169.17225141838017,165.2405122496988,170.68046234025692,146.68541894301583,150.80197149694254,146.13382952216253,147.13813436742612,151.46371821540328,150.12217886581388,150.0550467752321,148.39851614141128,158.9659451312893,153.44371684834158,142.44881974950394,148.7234891890965,152.1753882211616
2017-10-02,163.5185323000889,168.7934321641632,164.77928876603278,170.36577373784692,145.90672722005067,150.12912603441194,145.5691495259207,146.39717114165995,150.8362972259605,149.37738421159273,149.34254162446825,147.524378579383,158.8689287616401,152.84522265286992,141.28929882099132,147.9052643536505,152.91575289658127
2017-10-03,163.93597049685852,169.28147014208128,165.23402211134965,170.8973057153257,146.42865564104105,150.72515842314925,145.24300199704828,146.9583382446861,151.47783720342093,149.73393646918615,149.45278874076868,148.4112814482121,159.86608378429807,153.78343799161743,141.24152453995308,146.82021100504238,156.70538645063135
2017-10-04,163.30697167286965,168.6956789156096,164.58223464129856,170.2893406729465,145.98134061467056,150.32843536664342,144.75383793899869,146.49753004994804,151.06905087000968,149.26695313214998,148.8448281073421,147.7058618486943,159.4278701457473,153.4619047954015,140.53822242968087,145.8813377770933,157.00664359595675
2017-10-05,163.5919912250038,168.90796681065066,164.92972006526736,170.56513976914204,146.12833176327015,150.39924223839174,145.37848873754044,146.69647976422118,151.19208746035963,149.3809246900085,148.77809787444332,147.80460548609437,158.99267312383796,154.1126827317834,140.06983118862232,145.0622199236432,157.22241990976187
2017-10-06,164.04385806223502,169.53120308611142,165.33374597603577,171.14539087345705,146.4576519301771,150.8802253310025,145.8680323412225,146.9764242950349,151.6271717746109,149.9446438049522,149.5048338642033,148.26117513566516,159.51480142334606,154.5683832836689,140.88640389333602,145.3881372454469,156.12525657539155
2017-10-09,164.6431837732624,170.1483474334286,165.90272249484542,171.73057538234556,146.49019051715274,150.8909747932024,145.9751965611912,146.95648995242877,151.58050820235766,149.9450208931649,149.51147528286165,148.37368473173808,158.6476186039209,154.8471816513165,141.02239929247818,145.62670849274363,155.54436322401855
2017-10-10,167.47709711379244,172.93969229529412,168.78796122001683,174.5742476565896,149.04084973977342,153.3928081968035,147.63267175361452,149.54375062640753,154.11912596229817,152.50183808449955,152.01754197619235,151.27309810732962,160.449532266584,157.84727710336247,143.78433481872008,148.26966075954493,157.62914923234203
2017-10-11,167.5922579963539,173.03035153017737,168.9061951338407,174.66695871238224,149.11028342956826,153.43684223124248,147.55410953487086,149.61409315656388,154.16294445009996,152.5850510360896,152.03296338647817,151.4171146883598,160.7629325312603,157.79257372644554,143.79429206348152,148.12798325323075,157.22082906502013
2017-10-12,167.8826692208833,173.44197754941396,169.22142229069956,175.11123216887646,148.6578842820986,153.04515778083348,146.83618551732792,149.15240133981052,153.76416421993454,152.1544707209395,151.61004469027625,151.01759150921214,158.51776427681847,157.7640229505749,143.3404981245015,148.924086340648,157.22082906502013
2017-10-13,169.06399228968715,174.61956031632675,170.41015687013316,176.29625564795194,149.53521757753188,153.90210429361747,147.02340935720053,150.02404081940247,154.61395077672307,153.06249414365735,152.0933997273434,152.04037901218595,158.74697190796522,159.27876989501044,143.4233829406248,150.76571303908136,157.32666792618136
2017-10-16,167.94489140902778,173.40967943671995,169.33058558373145,175.124694637053,148.46944302407158,152.75257741220096,146.3048482814745,148.99608597567044,153.50124494948642,151.93241070299254,151.02480198593722,150.81088527163416,156.87664162849813,158.42702829053056,142.04906690046715,149.70031099761235,156.517158841261
2017-10-17,168.71164304043032,174.16146581007385,170.12833852896296,175.9088437941259,149.25028663554778,153.5236200541168,147.551739269715,149.80641450324444,154.30338275693293,152.92624158110485,151.9948803612892,151.44185381975012,159.056299984104,159.1329262579438,142.73036122630418,151.09362670563684,155.06990197217849
2017-10-18,168.13336194556055,173.5779049452445,169.576616595542,175.3537511637536,148.7598559679985,153.03230215421772,146.53564960802424,149.34377435931404,153.8418984523374,152.28154413436684,151.52006153206887,151.03551973043977,157.7880110716634,158.69807412607153,142.660038987108,150.48005985575512,156.6956608259576
2017-10-19,168.31973133921147,173.83127631984487,169.70411685227464,175.5471482205844,148.78459024792895,153.10787994927202,146.8659872834553,149.30759299437625,153.85450685528795,152.34042690864442,151.9933291385745,150.98498032357784,158.5557177341058,158.29988112720477,142.97055861299486,149.53434008362836,156.18328287633813
2017-10-20,168.4268464449657,173.90552729979703,169.8685022550958,175.68132696150843,148.58912875807363,152.86147891381304,147.10304362642853,149.1513942564663,153.64789092928842,152.10049624978546,151.98951118099154,150.89245791906188,157.56789275309498,158.54506442458668,142.24929438862733,148.8241491894578,156.37217634644563
2017-10-23,169.02014413026615,174.49320302477346,170.42592848905954,176.22995145893202,149.16349141159304,153.43167085348318,147.54145856029425,149.6925820224746,154.18221877090744,152.83493780382048,152.66499438628293,151.3819719328278,159.1899659800316,159.28451774438247,142.9399607077692,149.72197300698355,154.59205007277106
2017-10-24,171.04369491215712,176.49279344141334,172.48106557497258,178.26169773924175,151.3356365262269,155.60003346752558,149.82088435841285,151.90141877559884,156.3895279869069,155.06328666003694,154.97948984105955,153.69004782390095,161.38345115450437,161.92985864707776,145.15365182475813,151.20731399746205,156.35652253071552
2017-10-25,170.95126630000377,176.41528312761164,172.36636090617304,178.1610235863677,150.99927467437345,155.26010145575148,149.41505748337084,151.53388651513677,156.01603872204885,154.64059021815646,154.76661916631852,153.59710932517535,160.37721117886286,161.82613217937143,145.4759111670913,149.89275170405557,156.56403650940854
2017-10-26,170.1441235308029,175.51609549765308,171.60007062834975,177.30135895105963,150.12432554183894,154.29316555756293,148.89930072328548,150.692796685343,155.0812128476808,153.82167595873162,154.16339764530028,152.4847577436057,158.94133544746757,161.39892746887728,144.8494362629908,148.95576845878128,154.42682433712045
2017-10-27,174.1162918744016,179.48035476775925,175.6155583363807,181.3105780377423,153.78835306561945,157.94359716670544,153.4206996357276,154.38561240930417,158.7614459578382,157.76882004274094,157.61186759294642,156.46977808277086,162.74457557970453,165.83526129741207,147.35092034286353,152.50788988436832,154.8138725289913
2017-10-30,171.61292100790513,176.89040053395325,173.08712586365166,178.69006658971935,151.23314515323406,155.29655457231297,151.1945451463539,151.803458125247,156.0815072599653,155.10366312821705,155.104715896501,153.71337737236823,159.7527668993468,162.46752602479378,145.68939318737168,150.17435813263762,152.22187759329455
2017-10-31,175.18333591389904,180.56357810693265,176.74436174817993,182.46061683446655,154.0803961114228,158.20159518436128,154.0872315403763,154.7006501138348,159.04243607477392,158.3882195233429,158.19376209684347,157.2269554953441,163.01223145876423,166.4360263968296,148.95709342833635,152.04386318933146,151.41556654068114
2017-11-01,175.0738036591709,180.50269251012355,176.64155190312727,182.4094591527564,153.7398833242449,157.88933855214654,153.8875325126163,154.35596807433856,158.72708797225994,158.08182242567284,157.66644042559642,156.99190341895002,161.94012977573934,166.94618179539864,148.44780980884875,151.09382896169922,151.03485516437846
2017-11-02,175.5564714517043,180.96942303923828,177.14985362130327,182.9027587652915,153.9145597166307,158.03037947509839,153.50050117338986,154.54070541787698,158.87729799365405,158.245021749163,157.74176466810505,157.0998855952136,162.05011434493593,166.89498977163944,148.61528682678002,152.332703906468,151.03485516437846
2017-11-03,175.5058590541146,180.79837792622777,177.13218570242734,182.76094882966513,153.76333217267307,157.76276295561,154.2372584866761,154.41487732291458,158.63140015782017,158.03509796197756,157.7128041214234,156.5887229480898,162.27380830930082,166.68733074806482,148.12224243613662,151.4115904504856,150.4336847745709
2017-11-06,177.89982989844367,183.09273677755345,179.52416273676945,185.047322550462,156.0437666750869,159.9541132883522,157.0016547991117,156.6904075641682,160.81301014504808,160.34738188325892,159.45033322093283,158.87930501927875,165.9161179411184,168.75579434209834,149.60853090151357,153.31290414076483,151.0484102340765
2017-11-07,174.6866122203216,179.76620450297168,176.27526627702957,181.67769246661973,153.095861986681,156.9092926489543,154.79838945526453,153.71933227483947,157.73916335734052,157.37315926796288,156.9337545074273,155.94439138906105,161.7977266298699,165.86193184768456,146.3536572578387,150.75223388497685,147.22111907541537
2017-11-08,176.84641563963459,182.07550580497102,178.46854194375405,184.029878018593,154.7596238366198,158.68380293385331,155.90240419170004,155.3932115324505,159.52953395413408,158.9812689080247,158.45294911906836,157.73906769361744,162.9362549243968,167.9292390517926,147.52488836845953,152.92880826791014,150.72489686747542
2017-11-09,174.71194856651778,179.80315223592729,176.24305590975214,181.65349690379745,153.10489668826807,156.92808638432794,154.70320176498842,153.6755795862898,157.70196184516738,157.24856294728622,156.646646487415,155.87191755752704,161.6462392448021,165.71821682066457,145.60745052097764,151.39959504547207,148.0743588267259
2017-11-10,173.30000817736925,178.32382839394648,174.82484020667553,180.16442608624897,152.25748269574643,156.05168078505068,154.28788656437783,152.84619160836502,156.84355198044332,156.5060881761599,156.25926884499603,155.28934135622578,159.41180058640384,165.4526170282869,145.15649050111804,150.92748611591065,146.0930348194595
2017-11-13,174.22888647261868,179.28214356337858,175.73052201523979,181.09911336570667,153.1073692654481,156.92641558512835,155.41796594705423,153.67219850457215,157.69384145327078,157.32688373592666,157.23424747066306,156.1570674832389,159.6162213729713,166.52373415350036,145.720342088718,151.5705184271564,147.16910470604884
2017-11-14,173.13117956849894,178.26166697660898,174.5678759483165,180.01324138801996,152.03808220851064,155.9254522495845,154.2478183601482,152.54431010505144,156.63353659004952,156.46908904535456,156.97813609006727,155.6421539234046,156.41512436405506,165.8414982368626,146.2111653737565,150.6237710095312,144.12116827151146
2017-11-15,174.93702606557395,180.1421067935954,176.3933314676507,181.9179681009117,153.01501484743955,156.92156062490008,154.85118927173042,153.5042602179827,157.61228206245897,157.53569039088418,157.87735023036322,156.5643630655615,158.08602786845515,166.87252851663584,147.05759474393622,151.9261517927086,144.12116827151146
2017-11-16,177.56811100192266,182.9681790514766,179.14891642230643,184.88665685825015,154.9574925940849,159.00463367209065,155.74273199334715,155.53140217056506,159.79224194886896,159.5389626130238,159.41896982566243,158.84999883052228,161.08079992546655,169.65788489780786,147.9809526911732,152.68254511222233,147.88193526570294
2017-11-17,176.05259074738152,181.2584855389125,177.565187168394,183.09432291793854,153.78005367032628,157.66856118970273,153.70637772653512,154.30602428369392,158.39755915036335,157.8204818472735,157.0739629674785,156.859082800119,160.95472611865753,167.40907968963182,145.72673223618736,149.95066198707858,149.91527653740923
2017-11-20,175.33399897957042,180.5672926507062,176.93190107835994,182.49619635077218,152.78199128884054,156.6740809226006,152.87599380637087,153.37235900324944,157.4721963195575,156.81467290592343,156.57874345451214,156.64375393393854,155.98207894483008,167.17666432318245,145.0282204411533,149.8424427755896,149.91527653740923
2017-11-21,176.92216964100623,182.19296946498264,178.5860132304894,184.19404908386244,154.31270981969362,158.2408859498391,153.85261403911053,154.96128711859362,159.10279083643556,158.3567499675762,157.76934514555703,158.20471868908277,158.53698608264435,169.42858858327327,145.96678661758875,149.9669101209686,152.32687423245147
2017-11-22,177.66693223011666,182.85924908238016,179.29635320008435,184.8191389434851,154.84708123500127,158.69320097153027,154.23154098293813,155.4558922358126,159.5086296262267,158.79449640372607,158.24657001901795,158.82615173740996,159.0073857163742,169.73079322413608,146.20376378245976,151.26428530314925,152.3576737324617
2017-11-23,177.42991505127915,182.60592261367626,179.0479626361091,184.55285565043596,154.8488044506597,158.6950376294181,154.23154098293813,155.4576914262564,159.51055264223197,158.79449640372607,158.24657001901795,158.82615173740996,159.0073857163742,169.73079322413608,146.20376378245976,151.26428530314925,152.37971539221118
2017-11-24,176.24883442998222,181.309684389829,177.9057053580766,183.29269806251014,153.62409630818422,157.35901813665797,152.9257258149167,154.26516164465545,158.20381985691427,157.38608951376244,157.117137980934,157.29875003611738,156.8154975047702,168.33956705950567,146.06737555140518,149.8095908160116,152.2665539497565
2017-11-27,176.95982746895578,182.16069644004213,178.59557180482796,184.12805556808118,153.12005302389687,156.90463313728952,152.95543586196064,153.68879720409424,157.67457794232988,156.86224516294163,157.00294538097253,156.43065465404572,155.6806052733929,166.8222889752259,145.76015878471605,150.57867246830014,151.72884460720422
2017-11-28,177.7107774496044,182.98356797778953,179.3975401869817,185.00908982578642,153.66273191220424,157.50099197081536,153.68821309299426,154.26863891982498,158.31311025022936,157.49448042014996,157.75812590662554,157.02519984421477,155.51939567645454,167.4242052804827,146.37170207282298,150.85098850305425,152.37529692943806
2017-11-29,175.41290927403332,180.62945353665626,177.0673941576213,182.61817272719873,151.72946303774594,155.53231453013134,152.2516680204709,152.32054018674103,156.32711737815072,155.64313486758655,156.35821088667095,154.74541650799722,153.80023526678139,164.79055495337616,145.22007105561468,148.87918089358956,149.14010638011464
2017-11-30,176.9564064779144,182.20401027501,178.66392948507107,184.25073869885077,152.84627566734176,156.65487685380975,155.56463483081723,153.46736399431262,157.48191757070046,157.11859590169956,158.63419078844436,155.9707713142607,154.5388108008497,165.4361189838901,146.9330425416838,150.2434168131429,146.8086647338432
2017-12-01,178.63096403826788,183.81433788561438,180.335734038437,185.8542657188751,153.87076717347526,157.58576401439436,156.93823474038783,154.46217934060724,158.37655796812854,158.03130488705926,159.51964698508382,156.54587751562258,156.52298245275173,165.632994820036,147.18906241370973,152.61364696828664,147.43574475269986
2017-12-04,177.984796884926,183.26225730045198,179.7108598009684,185.3300537586954,152.95175172201624,156.73031890656287,155.5905398166563,153.5495399853079,157.53099409349534,156.97089057436173,158.4051674469158,155.68195458350408,155.45347763683682,164.5411117260347,146.67254200868024,150.54700070167286,148.8724084314726
2017-12-05,176.92609533319714,182.13172927687125,178.68101210204333,184.227091990452,151.90332904196111,155.61434973102038,154.50933946747566,152.52621602439908,156.43878116457512,155.87192022307605,157.29454611235187,154.77199212015393,153.27447214277962,163.66266939689586,145.49145564447622,149.87919666078773,147.9512382414813
2017-12-06,177.1307995287428,182.56177223874582,178.91484191468905,184.7000096330302,150.92651139940034,154.76131920822266,153.97398664151348,151.52315525396585,155.56365766392193,154.55828045663128,156.67780855995932,153.32348638581283,151.9763987423513,161.57242939026176,145.0911309310788,149.2296137675516,151.73526535411764
2017-12-07,178.49161074123555,183.94990257512558,180.445351168571,186.27129289378047,150.67850190518212,154.43657807452357,154.1736481067603,151.35503678693746,155.320770623416,154.63246908430196,156.84584155100902,153.32155111066484,152.01485623876903,162.07549045026965,145.34528201780157,149.1008661682957,148.0911804663556
2017-12-08,182.04434778828778,187.5348409104727,184.06219656949182,189.92545212376731,154.13595506803307,157.93230909037234,157.6900736800646,154.86842947103284,158.87770902378142,158.4232871685932,160.3310480959091,157.122899723211,156.61408451282156,166.1406701895996,148.5195765058708,152.69064127877593,148.8526572005864
2017-12-11,182.9346122241565,188.41684700418958,185.02374537512708,190.8831870354826,154.78617161315773,158.56354615508252,158.66447963235743,155.57131584061457,159.5642406791673,159.1937046557425,160.80119153625333,157.76434588129214,158.09114345970744,167.03030192896932,148.65025964231887,153.84914468150524,148.60857482109176
2017-12-12,183.71484340822832,189.31763225268247,185.8012076704349,191.78717010105586,155.27465110193285,159.14195767874128,159.29002221509748,156.04515752830406,160.13128720966395,159.65504468189772,161.6102320786692,158.07849036442718,159.42034874197248,166.91969769118,149.33281380223363,155.3642308671573,150.208622890947
2017-12-13,184.7307020950171,190.4751847201884,186.80686054403654,192.94096780537024,156.51200206321204,160.52244271152637,159.30041318101559,157.2848829967192,161.5210380697625,161.27978628855965,162.0748659572423,159.26184559711118,163.42201157206634,168.71860685028022,149.59689290402295,157.60617272473647,149.03752561234336
2017-12-14,184.38037054543318,190.02309982340114,186.44149654365194,192.46743122051228,156.13649263002634,160.05444865518587,159.11944592570123,156.89464058795483,161.03288200309976,160.83560604821292,161.5779760236285,158.5970011441723,163.34396140749288,168.0208524704521,148.95811431491,157.54785589151908,148.14749401497534
2017-12-15,187.22993322493028,192.98321050032268,189.34959759539083,195.49521282307677,158.16630414833622,162.13992598070192,161.65452797213132,158.94225731724288,163.13980518869894,163.04015391176122,163.5657222098495,160.28310689761162,165.66695889309716,169.8669870170267,150.68500632880375,159.6516229031458,149.0705196424559
2017-12-18,187.72583658338382,193.63432324736885,189.94280309090414,196.25892296316448,158.21300271043845,162.29483905369585,160.50382710099086,159.05426536609676,163.36974354100957,163.16155783442656,162.79492164633956,159.69857383696683,170.52298486401156,168.62305467178558,150.48151819020487,158.29449484103074,150.37079994718152
2017-12-19,186.6380325612707,192.42697008413126,188.79766011466282,194.9839353196351,157.6893336537317,161.69942581075713,159.9856459117054,158.5048728325658,162.7434012171277,162.59386024761173,162.18873119653063,159.00708866380123,169.63905158853223,167.64194972451995,150.24663774167166,157.9671155690363,149.20786443711287
2017-12-20,186.28974938717144,191.9943098613046,188.41682849115952,194.51191287678355,157.78026890768825,161.74417456947353,160.55616980525954,158.58686568726256,162.77633796273037,162.49609426300756,161.9797476623503,159.01570923012383,168.73702486183595,168.01231925059497,149.38834871767085,157.80392829249573,150.5571211678242
2017-12-21,187.02761301347053,192.74692481058727,189.1639121594576,195.2749325119928,158.71515887350597,162.70838908826545,162.20067130775954,159.5396921684176,163.76101784611495,163.2868780296461,162.88243661762078,160.20565754568187,167.96503384703914,168.52406627437026,150.23199376084946,158.82954225173185,153.4267568849202
2017-12-22,187.45978847373414,193.17350646059108,189.556886188041,195.65896046742384,159.84073000498063,163.876882213831,162.74458521096582,160.66290647604896,164.92891064583537,164.46529267878887,163.6823775837283,161.554600153281,168.88992297956514,170.36688134372486,150.6564434178051,160.1327240140261,154.37724807389398
2017-12-25,187.6239998459008,193.34923127236806,189.72932105634536,195.8440656612768,159.84073000498063,163.876882213831,162.74458521096582,160.66290647604896,164.92891064583537,164.46529267878887,163.6823775837283,161.554600153281,168.88992297956514,170.36688134372486,150.6564434178051,160.1327240140261,154.37724807389398
2017-12-26,190.32858717270975,195.9924405593862,192.4555974185139,198.506254779822,161.3300641371994,165.24356045036828,164.27502660347218,162.11951755652967,166.2544585442835,165.84130256281517,165.06161738703645,162.87335476817066,170.02575426048244,171.33647896695777,151.99913959077952,161.71053180060375,155.05848395840692
2017-12-27,189.3249535839124,194.9962758016621,191.43122385632887,197.4886094405984,160.59454823517007,164.52765946412262,162.8581434090884,161.37668958533058,165.53178195346402,164.94256242326557,164.0170729851742,162.08680180774607,169.634906095525,170.32760942761578,151.08290505875286,160.8280363548481,156.21372171351732
2017-12-28,189.64135514215485,195.2950382680528,191.71805471351263,197.75458866844505,161.3475187175655,165.29513380182308,163.29565427234888,162.12379366380546,166.29358867291816,165.6832479478422,164.65080239323493,163.07982216482242,170.5325237866941,171.49202512752564,151.31641114161425,161.708726416862,157.12443294283835
2017-12-29,189.86943886940097,195.51885904562886,191.91441414269562,197.9440686916712,161.53205561413765,165.4740578096261,162.4878549346532,162.27873895131626,166.44060289686402,165.84303846802845,164.41205651550578,163.39270887511276,170.90095139435968,172.19397888849474,151.13045865399909,161.39574174775586,157.12443294283835
2018-01-02,192.28611624059036,198.06581744226528,194.36175285034375,200.5299527931031,163.52917136165513,167.56887870296617,164.71181744240516,164.28679426634233,168.55153669513814,167.95567915790272,165.88013463863084,165.6773140052467,174.92452885545592,174.68893184209398,152.17888463939389,162.6442418518386,159.02043881293716
2018-01-03,190.63613491511225,196.2556037351397,192.76932282736354,198.77360154720193,162.0826190341998,165.98746939463547,163.7409468309756,162.89804767218757,167.02563905060913,166.26256552317568,164.1985108829267,164.23633851050593,172.5759590498617,173.31559616923383,150.10129550341483,160.52890231897797,159.37852790463367
2018-01-04,190.53265742590736,196.17842265877692,192.67365884729784,198.70624002621412,161.8717441743522,165.79229332205426,163.27065047960582,162.68905578845408,166.83325769889657,165.9741437726422,164.26740978206817,164.18104866184999,172.06087987578894,172.58206634932222,150.9677843870356,160.50143733372232,160.21692501309417
2018-01-05,192.3279451435691,198.1401709581908,194.57211562177477,200.78687283835515,162.7303028711931,166.7438825453499,164.03638536327787,163.59803055535144,167.84307430830867,167.01256856577757,165.08149553646754,165.15024367794135,173.09716461180773,173.8915408207479,152.10130406962378,161.07449160504086,160.8277029218824
2018-01-08,191.09534148173378,196.7935505264842,193.29340576973263,199.3851065700496,162.46956717521957,166.4415879516713,164.34622147064738,163.33961815675025,167.54128236945064,166.65318994348846,164.83528247779148,164.83818164522472,173.03935746181935,173.77139828615458,151.38867823701543,159.961625756604,161.16433828432716
2018-01-09,191.41665629529035,196.99147504343318,193.63688789589258,199.60006431305055,162.96688011473154,166.84328202160856,164.96714535477636,163.8648408570569,167.9680850849503,167.2217826796425,165.67731158892593,165.3619445345503,172.78518543130875,174.30592251957447,152.0336714509529,160.69519417124235,160.04250902133913
2018-01-10,191.24476331827123,196.72306399971347,193.42042289824036,199.2787449380505,162.6371338532956,166.4175748617109,165.0852487290873,163.4884281665727,167.4879235613037,166.7935390635812,165.6249013852596,165.01242499526572,171.65839578831662,174.17122958350507,151.71737336968047,159.7156528594245,159.06088569077937
2018-01-11,190.579194310647,196.04777826129032,192.74389204059744,198.59143267247708,162.7393854058831,166.55777993748467,165.94196575716492,163.61510514398532,167.65601671453004,166.82866702546346,165.72186162048015,165.0954760530233,172.12404849277797,174.2521842240244,151.6310333050768,159.0211546793289,160.6080201723164
2018-01-12,191.7490705505179,197.2254702825249,193.91110527732306,199.76626896064843,163.53309528103966,167.3389547461245,166.61045584787627,164.39074899933473,168.41719312743905,167.6893383005707,166.47477614558298,166.0712843661444,173.60760231338256,174.87919218239696,153.1409693624736,158.70804898986484,160.2437855033928
2018-01-15,191.7310257451423,197.20619626048463,193.89215515434142,199.74596574401042,163.61556982219273,167.4267244518555,166.61045584787627,164.47697236368205,168.5092090071201,167.6893383005707,166.47477614558298,166.0712843661444,173.60760231338256,174.87919218239696,153.1409693624736,158.70804898986484,161.2943888969808
2018-01-16,190.2141740289876,195.65318915415682,192.28919679517736,198.09931160597267,163.31158679763175,167.16252344986418,165.50745736833738,164.1503335374804,168.2227946828341,167.36073621080345,166.1388845045857,165.48663489585988,174.29039977464166,174.02569037984438,153.22981538515273,158.37080280767245,161.48134979145243
2018-01-17,192.13106556778007,197.66664941353048,194.3397424083185,200.260431491178,165.167614780791,169.1080286904155,167.60627654329988,166.12444132083772,170.29843201563543,169.46997522118116,167.802170356167,167.4942326217058,176.25388789738355,176.7128138622007,154.25622604247022,160.52188254100938,163.004280808014
2018-01-18,192.20724966762955,197.76111853548906,194.4375154389494,200.37899023404705,165.07408320851158,169.02006900283985,167.04011486003637,166.04238423334172,170.22301207525402,169.39131508447585,167.45642086663372,167.35563841175022,177.41741095480333,175.8945159317498,154.60073030331034,159.88912784302804,162.9702554467644
2018-01-19,192.066147611914,197.67443804975272,194.29587557110992,200.29471161242745,164.90901004556918,168.9012491866621,166.50688533574444,165.87555333025895,170.10461008083345,169.23123271812875,167.37387337111053,167.516632999077,176.1769152397498,176.61096265380846,154.81533459898515,159.27491378300658,163.30412505641408
2018-01-22,192.28593127804973,197.898263649452,194.53745876176941,200.5420438335501,165.49374575836842,169.51425414435778,168.2034993923772,166.49674004537997,170.75785158646138,169.89900271943873,167.93454601369623,167.8968567165103,176.08875747937796,176.8774648935204,155.51378563791602,159.49953587942298,163.74143336492196
2018-01-23,192.97390454436982,198.5058821835242,195.20891673287687,201.12736611448355,166.13343186649857,170.0819589040066,169.01667924942865,167.12034698554058,171.3047280915781,170.6958087613003,168.76043492154702,168.8087736245772,175.5621021014493,178.1571638422696,156.2698870124921,160.26304840743353,161.58709285802334
2018-01-24,196.48136783247892,202.0208890981623,198.71940975967968,204.644740560961,168.90790539104836,172.8294602479443,170.30915449548712,169.86796681007021,174.02181145159656,173.13415520863137,170.92049144860823,171.67816884785162,179.44170879906727,180.25227118001897,158.15769703408085,163.22896140732095,166.95196505537385
2018-01-25,190.87182095657278,196.33986135464187,193.09090002572543,198.9415634507538,164.13721090866537,168.02723169823,165.12121672503108,165.11217887643392,169.23462046764217,167.9384035857387,165.8127798787144,166.47599410312154,174.40186811753586,174.92141660629417,152.84160043173904,158.03372464499955,166.95196505537385
2018-01-26,192.82469100309808,198.31747881871289,195.132400801306,201.0147630770741,165.92689647008433,169.8360839041132,166.9973096952676,166.97556400974398,171.12283191749123,169.6788894218042,167.53955579680817,168.4040519488023,176.5574491461169,176.76333509772377,154.15891129142705,158.99146683909393,170.27199352381365
2018-01-29,191.1825925799017,196.62869997175915,193.4392065874675,199.26933250792783,164.3796968858335,168.2470255291316,165.73335091582203,165.38520319194208,169.48586968268384,168.02480061046313,166.29788278501385,166.6382581167009,174.9545889705685,175.13515831073227,152.90808304275828,158.15000920294858,168.98469277992706
2018-01-30,188.71444543616187,194.1076118522857,190.87189673400295,196.6400650305291,162.83735282771227,166.70758713462297,163.73259759176085,163.7944890092869,167.89517746820962,166.38360446386554,164.90449175935134,165.04983841528582,173.4698242246617,173.11896300829136,151.95308549377563,157.3273828389104,168.1091228390036
2018-01-31,191.14156938032613,196.59212432344793,193.31127821439554,199.139910143628,164.88904868439548,168.7956056567993,165.36974564836206,165.8427054407796,169.98095681898405,168.56627370821354,166.2606796012924,166.8739250816972,176.80375462572536,175.39876840431492,153.20855558534933,160.51773812545838,168.9120132949797
2018-02-01,190.47825748074763,195.71958648689738,192.5779721253038,198.1814312746272,164.93736696447564,168.70053909219388,165.67617254306094,165.86053546113055,169.8463088674433,168.32553533127708,166.5954009878976,166.32647610726656,178.13829737770524,173.94806642882145,153.02969611201783,161.16850596518043,169.9599524583688
2018-02-02,184.91883068066633,189.9500735861687,186.88644266691534,192.26123908852233,160.21357236022834,163.82146269976613,160.00263919005678,161.05049510030548,164.86830697482685,163.13279537085293,161.89471877467915,161.39878945530145,172.09036198773927,168.64406053118893,148.28900572668212,157.89889822672984,167.85872861252435
2018-02-05,180.4601633786183,185.22829617941792,182.07106294775855,187.14537827123877,157.43139959022267,160.8936576937458,155.9389879546367,158.02007104179035,161.6690859381508,159.6794747045354,158.01748303992403,157.9328258797562,168.89352797232294,165.97677991693456,144.1353431664971,155.55747015784854,167.85872861252435
2018-02-06,186.93378175135123,192.06687739484104,188.82869617228454,194.3044081516062,162.50482928609156,166.23037279187005,161.00863824906426,163.29361946724651,167.2309263298952,165.75900298533875,163.5552498329553,164.07413658050302,175.21612951113792,172.48921504375258,150.1650604226491,159.02854066609717,166.85575627222772
2018-02-07,182.172662790821,187.23993968405438,183.92991290613304,189.32819088208876,158.36586039128886,162.0549467034512,157.7740770469691,159.05415395758942,162.9470412829512,161.27541197115605,160.1149331377491,159.14737183310626,171.64067998402035,166.44939837047247,146.5771807979219,154.49973458991104,165.21028887851196
2018-02-08,179.80432954707246,184.79566161725117,181.35601666311055,186.66064122588918,155.63834993958145,159.22746741833564,153.70813944720118,156.12359949891646,159.89844041333018,158.17473684032416,157.1058578974464,156.26110785733653,168.00028305171597,163.49039535007265,144.24842258685285,153.18949996376435,163.05855336198388
2018-02-09,182.1182430767348,187.3691456449765,183.76007962058387,189.3431122542153,157.34847026285576,161.1400845900542,156.02244163658096,157.89013608147354,161.88043960178692,160.46668685429262,159.34267791903432,158.88594109736175,168.76268432882793,166.54171519326454,145.37724789695906,155.19548747969026,161.32271156733194
2018-02-12,184.7962747355166,190.19849541734595,186.51879103082612,192.26584969500206,159.60826169735833,163.51839764646905,158.85861496038515,160.2060596972893,164.32400208953499,163.10911095104584,161.8801665951366,161.37701909790593,172.14271097249775,168.9182686899681,147.56925496744248,156.81844967711783,161.32271156733194
2018-02-13,185.0967414654822,190.5248442343012,186.78608075775918,192.55786741156575,160.09775012311914,164.04459005597113,159.19949510415694,160.67447662579272,164.8293491627923,163.65632285032623,161.96469922341183,161.83328644059281,172.49468746298604,169.4330156549948,147.56113952991834,157.89500567593265,161.32271156733194
2018-02-14,189.4178928028097,194.95195497835346,191.1914342605681,197.07937199421414,163.3367373750857,167.32440217306421,161.68979421670898,163.94516426629914,168.14462422543505,166.86733331841594,164.81509620008381,165.38643743308666,176.14073254931563,172.71948204214667,150.38631661017817,160.44328892633973,165.44218472794498
2018-02-15,187.8496747295278,193.36322694922617,189.71336921471377,195.58671785843467,161.64723008746734,165.6024193434532,159.37891060425056,162.32931687047105,166.4999855439404,164.99029568833348,162.4557957606277,163.50256072256244,174.58940938814794,171.11794356553912,147.6340006501944,157.68281044288594,166.4947868350173
2018-02-16,188.25396748041797,193.7415523782726,190.13818389715624,195.98556582030352,161.9473830871897,165.8742618713412,159.5293280622859,162.64351119478246,166.78545677484786,165.26595179434264,163.26508854439064,164.00983498905993,174.80942329328676,171.48542044426642,148.24534050080916,157.55076070785185,166.86046770801525
2018-02-19,189.0074369110476,194.54680971557013,190.92846438063597,196.83273342818973,162.01327719774736,165.94445344969057,159.5293280622859,162.71233564427965,166.85897465070673,165.26595179434264,163.26508854439064,164.00983498905993,174.80942329328676,171.48542044426642,148.24534050080916,157.55076070785185,167.7430789899287
2018-02-20,188.03834711673704,193.48935777221584,189.99553680601053,195.80976191459015,161.04200356208915,164.89066150763108,159.3441157585579,161.77200377940625,165.83443457922934,164.01015583135472,162.18366619774872,162.45685678266074,174.67215149739917,169.39187404385038,147.1064713814558,156.98125444292123,169.4042619581214
2018-02-21,188.23590108423255,193.71211667939795,190.18870088501055,196.0290715851707,161.56705689601736,165.4601005598443,159.07142937879934,162.3080280657892,166.41764062947675,164.60189847806197,162.6009992219733,163.10168156641433,174.7529029051396,170.25195403765346,147.22589034631818,159.16511524844788,169.83013863312252
2018-02-22,189.3897968575827,194.73219457200423,191.33210504472024,197.03049661850733,162.97020567037603,166.76527244416584,160.36751560694907,163.7142606946299,167.72126361822507,165.93475204590865,163.7028461893322,164.33866703297522,177.58643105538818,170.74034806578968,148.52938090430808,161.5011940391349,170.66731570639945
2018-02-23,190.95750780951352,196.34298544554318,193.02864238628334,198.78100316994306,164.22293187594263,168.04221154185845,162.52616538447998,165.06916990355057,169.10825728604942,167.31138215751017,164.70447572757627,165.5222843119654,178.05810340533876,172.83529808809234,148.7966224040835,160.85054287907178,172.02877586773548
2018-02-26,191.6686815667755,197.07603855407078,193.78327865562915,199.5615195097302,164.84033974626522,168.67583785844946,163.61525577075673,165.72178628197454,169.7801590480812,167.98972323351396,165.64982261926687,166.30605610146037,177.4307339394225,173.95987993252615,149.2063465212326,161.93162203984312,172.55870471083193
2018-02-27,187.84917152673188,193.15535807916703,189.88439921025707,195.55178481946695,161.23940682314603,164.98404447124307,160.81612622881931,162.05577592016178,166.01499837109392,164.00392357944455,162.4530831605011,161.95606737242093,172.68788753970986,169.5312832193135,145.97920423778623,158.7000369794062,171.67360846500802
2018-02-28,186.91373472177827,192.26232775898106,188.85118332399293,194.55659177422402,160.54656552473946,164.34076106364262,159.97748900758444,161.2860610119665,165.29215795812235,163.4669747480124,161.93001456332092,161.29934199519232,172.86814693377207,168.778903379297,145.61943537501762,158.434497287339,168.88652107476457
2018-03-01,185.91659247816975,191.21756739067374,187.82948081038887,193.48335147496417,159.3360896797652,163.07021802538642,158.0713149407645,160.04315037635953,163.98426782949846,162.05594035828256,159.72915920313773,160.05386803131628,171.6757517607493,167.642991942693,143.55280736315436,158.01288077925258,168.88652107476457
2018-03-02,186.9199274974887,192.26548542373988,188.83167811517842,194.5320549144446,160.14333652090303,163.90839678730492,159.32665304921383,160.84170827135773,164.814550962126,162.951052702251,160.63983794653024,160.85157680638912,172.01825292703757,168.79787337337012,143.87082852654365,158.9846895870932,168.88652107476457
2018-03-05,187.91802758454443,193.20102519058267,189.8918234611192,195.53047435772964,160.76162730499237,164.45075410648445,161.0725892128103,161.49910039318257,165.39497482573543,163.57708312605348,161.69332380256688,161.17353922573224,172.19261157199855,168.57166939909837,145.2017462916136,159.06972074903595,168.88652107476457
2018-03-06,188.22944609574233,193.56495188086774,190.15938885413192,195.8500958459217,161.4774113717344,165.2400830481513,161.04026508097743,162.1945440492217,166.1660275187815,164.38208475929264,162.3105870540561,162.17818706932,173.06834034073637,169.65717187652132,145.5656587373401,160.18924656015903,169.19204271567304
2018-03-07,185.56710640652682,190.9266210576324,187.4871175052859,193.2032447822321,159.6332348801422,163.45925069327862,159.10372849219067,160.3752510899181,164.4149660069841,162.5245629556355,160.49745715685197,160.49177282058915,170.90463991521105,167.45119158437024,144.73808450162062,157.7993754389379,168.8272649219078
2018-03-08,187.28754274438134,192.80515464135598,189.23115555748993,195.114782972322,161.4587045013365,165.43914688691822,161.37324778271588,162.2282495682291,166.43141345028965,164.74636615233672,162.8091325126917,162.46022288415574,173.29301868695126,170.10265027623467,146.37308765157644,159.7999647562963,168.28639162784106
2018-03-09,191.15368388989646,196.68851624825828,193.22857721189797,199.13850315561558,164.91368187802013,168.8980261720637,165.5554007818785,165.78587469161843,169.99972896193975,168.37437583719816,165.77166509936842,165.9249408492573,178.02113311405057,174.23931700715065,148.10665304866922,163.25345273084957,170.8177888701185
2018-03-12,190.86389436960548,196.4625090443575,192.94712995769277,198.9249163849107,164.7631584484917,168.81239634632834,165.2556929864743,165.64880620994734,169.93163678080677,168.17348204110667,165.4294675844211,165.72463753289958,177.699109313983,174.5403395433176,147.86814310972866,163.0633823454438,172.23865104383057
2018-03-13,189.80083503306176,195.39594744561458,191.80735685212494,197.77629482730117,163.8090830022956,167.85811818227862,163.9665513156404,164.63000416553493,168.90832008135084,167.09625088624267,164.54720382367074,164.6645827706029,176.85132441710337,173.75120062834674,146.4327529230814,162.27178983391616,171.9281139222653
2018-03-14,189.02045302508026,194.54080185711945,190.9967032426854,196.88502093648975,163.74628604025006,167.77255871487978,163.27454343807634,164.57178622333163,168.82656612440238,167.08244658309914,164.38289902053916,164.93324806562705,176.37062590215714,174.13560630034283,146.84277888687006,162.56102928789898,171.08576522648121
2018-03-15,188.40161242570028,193.8432933885649,190.39454213579637,196.2014723184702,163.1663130198304,167.12217949957187,162.87570631248914,164.0078700464901,168.1900296102801,166.50722494882723,164.25178595107317,164.6008613023941,174.12309579854698,174.24123250022157,146.97791154604852,161.36153641749104,169.82415546736374
2018-03-16,189.3781527383893,194.70489111112016,191.38404919123866,197.07058203676272,163.97058031994902,167.81589454725145,164.4397256831277,164.81698031652775,168.8834660574737,167.32575931450424,165.35262153089832,165.50115283316478,174.16656970207484,174.96663920186154,148.3396269482276,161.72184132591994,169.0430005199357
2018-03-19,187.69972488498453,192.91744554951742,189.61114871739795,195.1767839921651,162.24434262685386,165.9825957819959,161.58317030148316,163.00216565964539,166.95067967872393,165.37707094885843,163.63360309823318,163.82673540590008,171.76394228648527,172.61586601775176,147.21019846423133,160.98446350651136,167.48321681746972
2018-03-20,189.00560768452027,194.14829711062654,191.00492006083576,196.497395950624,163.20419531310202,166.85803152122563,162.5051252069581,164.0264004853037,167.89066258726658,166.3209898485323,164.08811576594994,164.99437786184748,171.9156973229652,174.50516905093696,147.29187700369627,160.61757110315716,168.28365076577967
2018-03-21,191.66382876120963,196.71063589755641,193.61035051572009,198.99736246455024,165.52958447666316,169.08636186605267,164.8090651884245,166.2924519537674,170.0507746245786,168.58417493596625,165.5500564837337,166.89766285919364,175.98858475618243,176.2230844606184,148.46233843305504,164.22778228881873,169.07686196045398
2018-03-22,185.71314788324986,190.58127637700056,187.4781771816645,192.666457276208,160.4035310020499,163.83104773385307,159.20709405634454,161.03516975075328,164.65006353562515,162.75311611237035,160.1782493189569,160.88299171806813,170.55469362157538,169.62051203063973,143.77624724512927,159.42924016491045,168.96860044775696
2018-03-23,185.89464146029886,190.4928134339405,187.48275042839794,192.37498499863173,160.38009013953967,163.55414294475722,158.33151627836975,160.84481418444338,164.18350747038522,162.3259439159851,159.70195851511113,160.34877562618158,170.60893088261514,168.35968853886624,144.2378066718278,160.30814594272218,168.10142572091996
2018-03-26,189.30822760832294,194.16311462949906,191.01917773831934,196.18847808548614,163.90332139020924,167.32451874401633,162.70473359427245,164.4850316539074,168.08934763588857,166.451688250222,163.17364091862905,164.42270243791103,173.86966228338272,173.55624137425966,147.24831241178845,162.68050277324588,169.09207008474039
2018-03-27,186.31066592249223,191.0532924985378,187.9326890315836,192.9787373418494,161.50483731071685,164.8522919947876,159.31424417815222,162.0305596636125,165.5542921523016,163.9126759823964,161.0196637814626,162.1089986392934,172.16098265362803,171.18466094421888,145.50267689733838,159.60659712357867,166.86210031849575
2018-03-28,186.41488273196575,191.15886029610593,188.11450843660165,193.16722121284639,161.47833917033995,164.81930590538073,158.1127474626087,162.06805609867806,165.58911961418815,163.96990208967915,161.90816310069945,162.7500663180081,171.99603449353882,171.7575417882778,146.67250969879123,158.99835440042358,166.6425172316832
2018-03-29,188.0504908362797,192.88040596023367,189.83290060234307,194.98112732816492,163.57157210226677,167.02320027869766,160.6868095387354,164.25690198332447,167.89975174989064,166.26163040578354,163.7149908865843,165.18499981120095,175.62906428689496,174.26048201014618,148.06970045362002,160.00477842910382,168.92658843128478
2018-03-30,187.75114471521107,192.5615623696242,189.51909473210685,194.64591846272285,163.57157210226677,167.02320027869766,160.6868095387354,164.25690198332447,167.89975174989064,166.26163040578354,163.7149908865843,165.18499981120095,175.62906428689496,174.26048201014618,148.06970045362002,160.00477842910382,168.92658843128478
2018-04-02,184.15446703620233,188.9664510387427,185.70216466547984,190.8165981080728,160.14404226787457,163.5958736911077,156.09485048363433,160.63519852219224,164.2660169748098,162.526567398751,159.88524509093043,161.55099431858517,172.35623526813922,170.28720370886592,145.2958485716968,157.09616412402642,166.79933737148323
2018-04-03,186.61978680575885,191.5371760198644,188.32181419439084,193.5569299689999,162.03213200878324,165.55111052010167,158.8129452078622,162.63901371497772,166.3474734489189,164.76695536609822,161.79285764293337,163.39221864186277,174.27428993502147,172.96618728667207,146.85070523324336,159.48072690444414,166.8698618972894
2018-04-04,188.3639728728227,193.32358943252223,190.07526402552048,195.35492867234746,164.0562246635292,167.6366387671803,161.5952470638488,164.6851849812256,168.4592114690307,167.15083222955863,164.1993927418092,165.1180104967273,178.53669276788838,174.2875400303669,148.99964101858345,162.2486128566261,165.7329742932484
2018-04-05,188.65416857131473,193.65315308603826,190.44241993171326,195.76868139320408,164.37967035590952,167.99864509356206,162.7224048139076,165.07968099471418,168.89869865465081,167.42711146290296,164.71124258373035,165.35486728163738,178.59382461346812,174.3355086556421,150.1178969586263,160.97009653638628,167.90817930981078
2018-04-06,186.97657052020838,192.020302760379,188.61869344829998,193.98237691832117,162.99855351683755,166.67089678104867,159.84061567783655,163.57852274218902,167.44567859996727,165.84039093770167,163.145363673165,163.85660190158217,177.96521121980786,172.02037255036282,150.10705287208415,160.52881023754236,168.07827091430792
2018-04-09,189.5040015655271,194.5038167791992,191.18528293303652,196.5048793304521,165.11005815066727,168.72502967352727,161.9763283249296,165.70915297913572,169.51734973234625,168.30171955189877,165.50115583994972,165.95549684378912,178.97734641376388,175.01536314782567,152.47220908645906,164.8327250265948,165.59227873001367
2018-04-10,195.21929127444366,200.19100458266362,197.03855410798838,202.33663970755947,170.11927033953958,173.68373609679287,168.4476017965132,170.81640158278793,174.5777363973916,173.62958956482123,170.45056480639508,171.08763122826974,184.5122222492052,180.2122654851244,156.9547293487672,169.48642847607127,167.2477967716389
2018-04-11,194.45808897642993,199.29547287142637,196.2122738389901,201.3649375970783,169.32928089532317,172.7683088376669,167.7411665780391,169.96580942623504,173.59196547993287,172.50912129711304,168.9934416202609,170.06233986312486,183.38389386983664,179.38398603641667,155.6436947954559,167.72618451875607,167.78735412294432
2018-04-12,194.18202995187863,199.03910922569978,196.0856494189989,201.26913656932282,168.29294745295783,171.70239137568248,167.17156997892414,169.03048934959668,172.63222070645406,171.35093167083625,168.15144828243888,168.6468683736338,182.5487309793068,177.798669414411,155.1293623586978,166.0717495070298,169.04689857716178
2018-04-13,195.78705066393823,200.6443594757793,197.6340108853653,202.81347771127346,169.65918681349197,173.05948556724235,169.21511265926915,170.3368188400367,173.92501562786288,172.9142194049875,169.81353200944773,169.85571523930759,184.8075686900292,178.62374994408648,157.10973357677253,167.98801062750695,167.27330323653837
2018-04-16,196.66258559857766,201.64323271710515,198.51138142553165,203.82040235456677,170.28662804645649,173.78529903071563,171.3509635025562,170.95573704729048,174.64632126139344,173.9317788363087,171.14367120811323,170.78830575871322,184.62329690638046,179.368786703741,157.81130477370743,168.9188212059292,164.76993365197598
2018-04-17,197.13299800144637,202.14533404672878,199.01560051565573,204.3601015773929,170.85225144848422,174.38673078087166,172.99790168272168,171.55625764664873,175.2865165107667,174.36635574196384,171.89897589739977,170.93325645448186,186.01668658550827,178.98653781194034,158.69114319544877,167.43147491388697,167.4892925233567
2018-04-18,198.23242682113292,203.06784583214923,200.1853237547274,205.3482928309286,171.64490925377427,175.00543807578953,173.5415391707657,172.3993537025014,175.95065004105436,174.8322078211144,172.13019943214823,171.59026087141157,186.6396425861944,179.36181939271285,158.84738566334616,167.30724763323045,170.18211914876912
2018-04-19,195.64935243798243,200.44718248792108,197.55628492514714,202.67733951827935,169.27293406233125,172.60428610615676,171.30381761719113,169.9931388459462,173.51193533647185,172.1647922858105,169.80658811138426,169.26943334532,182.56842630077048,176.8526320769744,156.84024342609015,164.07544631418142,170.43814027371764
2018-04-20,195.06602896324165,199.8250010165399,196.98987947266065,202.07135964657454,168.30441863258244,171.57580296530003,169.9258799662677,169.0220982726933,172.4780269215916,171.00996700973025,168.99910111362274,168.17218143170098,181.6009346289429,175.64338337617383,156.44350815419892,162.1544184152307,170.82670780453478
2018-04-23,196.1314721629948,200.7920902676682,198.09876349940393,203.07942439776073,169.13691612241533,172.3099044328068,171.6810662731126,169.88404733799274,173.23872202541975,171.80643929453967,170.33751809410128,168.9524772401956,181.41131810757108,176.54834179481907,157.63141984032444,163.1139047150196,171.11584716074347
2018-04-24,197.4710179982135,202.27110446202045,199.3878396266764,204.51150815475555,169.7052801878336,172.9610816883273,170.82837432298618,170.3743496516546,173.81084494317952,172.49452274206106,170.8210407039719,169.84946163041803,183.2973883763112,177.3975010178511,158.4220674727709,164.15520853743965,170.3586983976375
2018-04-25,197.48967849250448,202.2170786286821,199.40729740663235,204.45458318030688,170.25621602850143,173.47935042645778,172.61380193394277,170.94948545035743,174.3532580881516,173.16124987499526,171.79701717794143,170.25731421166546,182.89908488253033,178.36396821562482,158.98646868797317,164.57453006044892,169.49518936755334
2018-04-26,199.95755265977405,204.79173681602578,202.0011883743293,207.16848152537767,172.12440799489542,175.41490463609284,175.72174967079766,172.90585671410324,176.3855030298271,175.16087168636957,173.63412847497548,172.38206905334044,183.59700530070407,180.61156014646286,160.1449573739132,166.397081769335,171.67246853322945
2018-04-27,199.98522117155898,204.85916200131027,202.01228288399352,207.220291372217,172.37150724894036,175.7106496518753,174.85548898045116,173.1480436734341,176.67831261113014,175.44458218192267,173.58508759042869,172.69053795896681,184.02364175606266,181.25096826034007,160.14670316440848,167.38395673353796,172.033633682786
2018-04-30,198.5938710188516,203.37561326193776,200.64485717061177,205.7578532819033,170.9707331839798,174.2225269590046,173.17956330487425,171.76675871426312,175.2068944605935,173.8950544389422,171.7529531340351,170.8766582322421,182.7897670065431,180.41057113383806,158.84906245077022,165.18876018964133,171.55422394435635
2018-05-01,200.32515259459694,205.21805753964605,202.41010563903424,207.64184749135245,172.5155097738283,175.86079647427098,175.98456469842242,173.33523251092242,176.87464360653428,175.70079488965632,173.97437267874426,172.76022409986126,182.95516696835895,182.5427488343457,160.27838831133764,167.68863358482773,171.55422394435635
2018-05-02,199.58126263792053,204.39121326194498,201.6326743680841,206.77509102387114,171.76460762358045,175.03309874969108,175.49951576558956,172.55335329650464,176.0104319689458,175.03328009108594,173.44982534710164,171.9570359059838,180.7258967435988,181.42261934441697,160.6132148919371,168.73564319920172,168.66500650488229
2018-05-03,201.8816604763733,206.65279650343368,203.9098837360649,209.00928881792714,173.37073761033784,176.57061635120485,177.4023563177816,174.1101618477186,177.49213682222378,176.87761499899392,175.7039521168069,174.00207164030496,179.76946990661855,183.2898297158431,162.90789921738713,173.04400265835173,166.15388188387757
2018-05-04,201.38598412305848,206.02311472067555,203.42448790911752,208.38374696342083,173.00120251080077,176.08787901770424,178.41601843577757,173.7548572352736,177.0192093604132,176.4223155365293,175.77187888029363,173.63509375632182,177.09179961574887,182.69706270153932,162.35897046876323,172.40929609880985,165.545932763484
2018-05-07,200.57814668936982,205.16173886242242,202.57764407118017,207.4782438992942,172.50734962548512,175.56230740138488,179.1360354178772,173.23950668839137,176.4693675045492,175.97335061250402,175.8881551173061,173.0677916533665,175.32894875562934,181.93716048233273,162.635996045945,171.6169361705351,164.00962824686655
2018-05-08,201.57260566732788,206.1875356505879,203.5670094371818,208.4999865817107,173.4494055824994,176.53224343646394,180.75029564769267,174.17569948632462,177.43431991541337,176.9633542136362,177.10297488738132,174.62069418328986,173.62984059926356,184.2347915363993,163.22526033875067,171.87145352709908,164.62181425829087
2018-05-09,203.52628194047503,208.05895070818235,205.60428201813932,210.45571000714855,175.10578573285852,178.10398279544194,183.87370041206754,175.8952093423962,179.06894357034264,178.58915791203125,178.62365923765938,175.65879735840474,175.22669211191288,185.10593493210183,164.93609459192217,173.76500589888627,166.18425701945912
2018-05-10,207.18405720809537,211.85574672227264,209.32397707579224,214.3247325230098,178.5248635376923,181.64391557314764,187.0208458343081,179.36249739820772,182.66544505636693,182.2713240424823,181.6375223434403,179.56005434279112,180.436688583495,189.09301575082145,167.2488611576434,175.8003106364194,168.5464831702832
2018-05-11,204.27126754162614,208.94476420674906,206.37085053200886,211.37163941862588,176.44868185674028,179.60928785285105,185.1139359324473,177.2848674775417,180.63143381674925,180.215117274823,179.94915825815997,177.4945955885476,176.47773437317753,187.49514398481548,165.30079834653336,174.2088322269608,166.94009514214602
2018-05-14,206.97279452520618,211.61906247801556,209.1185770615981,214.09303055696572,178.54524844366858,181.65416149047465,188.46858318609608,179.39831235256608,182.69157342066237,182.6524483284855,182.94282995307034,180.4175789326899,176.3454686684718,190.65451864773527,167.80626991230494,176.27928941069877,164.95222541779714
2018-05-15,205.58534261820722,210.09227968346468,207.75161416508737,212.58115172594262,177.43014067448837,180.42638474502922,188.32875029872233,178.31227732635304,181.48936898501836,181.46854497400633,182.29959372082476,178.76502168976336,176.31528867786,188.6290561166174,167.67344475750374,175.43252218918101,163.68750920761124
2018-05-16,208.43700726774753,213.0241574839359,210.69685871098457,215.6160873894893,180.0492135753003,183.11191685819003,190.64313000379704,181.00743098184103,184.25851195987843,184.21589416424695,184.43936256431797,181.74306066143865,179.6069290364192,191.97118335867847,168.9963465169255,176.9943695890721,166.3981227086972
2018-05-17,208.3155917149776,212.82046917216695,210.5076553786366,215.33595369498192,180.1202727095677,183.12018163825925,192.65121615876308,181.02655421853436,184.20867240618162,184.67695264046074,185.72815313703447,181.90956761517862,179.24395951598044,191.3700200614776,171.0143426612463,178.09628249055746,161.27691751481294
2018-05-18,208.44348901791722,212.9441294276849,210.59293023308828,215.41401632507302,180.06125729369987,183.04701965846454,192.74094801695153,180.92110059583428,184.0856150994351,184.66629625599185,186.13671552889633,181.91349788381416,178.6971416887268,191.59484260106353,171.32881717400087,179.13264796595791,160.0864271111932
2018-05-21,211.8672505727622,216.34255319920973,214.08543790132376,218.88341558448494,182.9087491571437,185.84851298592855,196.51878535193714,183.80764398847634,186.9260761846417,187.8424210869625,189.48257130109388,185.0302560214497,180.40195420117527,195.31498076576125,174.5118546334495,182.69239631807847,159.4411788892715
2018-05-22,208.5650866628157,213.0418504955192,210.76309295573688,215.56213209605906,180.3761877507736,183.35180492941902,192.10255015435052,181.28827972222496,184.44526534707444,184.84291711132028,186.1386962059041,182.19124525300091,178.64990871107779,192.0017935334577,171.61697250124567,178.4607352517493,162.0545385445913
2018-05-23,205.85773671544908,210.26414337485213,207.9789451888361,212.69972969885663,178.41488718938803,181.36264545001015,191.25324402028903,179.28916726510343,182.41486888930737,182.9403546181844,183.74840659535977,179.84932531697757,178.17328227179271,189.89423807030613,167.6201842486672,176.7204300635489,158.99559359691594
2018-05-24,203.9330433586957,208.38981883069593,205.93622799034202,210.70296218168662,176.69435773656573,179.69369834462842,188.9922725881301,177.4700677070154,180.64406018721766,181.0667181754767,182.1884132051775,178.1007564380195,175.1234941232906,188.244538258386,165.72971874574742,176.16017685445763,158.38641763731079
2018-05-25,204.1453823395991,208.90966470996668,206.13425027069297,211.22337412018476,176.93985105153558,180.21746815200657,188.430222197474,177.7044096186772,181.16911520317092,181.84188528244326,182.6003799432761,179.01135856046247,175.99461121395183,190.31184588286658,165.52402197639202,176.65234153781813,156.45198455269963
2018-05-28,203.06011429304317,207.75635379111628,204.99626136091092,210.01064672919244,176.31511231493909,179.55570436049962,188.430222197474,177.05187385129216,180.47613784151096,181.84188528244326,182.6003799432761,179.01135856046247,175.99461121395183,190.31184588286658,165.52402197639202,176.65234153781813,149.2707815075643
2018-05-29,204.72880768708387,209.44235716508626,206.5608835717385,211.5862503608339,177.28838077976425,180.50835637179927,191.65561595549954,177.9023326568742,181.29734148283393,182.60243906992426,183.74212492873843,179.35340428919739,174.52619216329398,192.24577979546365,164.68320175416437,178.8083903289752,150.55375912931402
2018-05-30,206.75999718473093,211.43173345937777,208.69898242232517,213.68693797966816,179.19354421644385,182.3746822830652,194.371812727523,179.89944140386422,183.25935202508379,184.5323559886398,185.71853554073022,180.98514470112025,175.2357896625697,192.8884516047734,167.5453825427251,183.00431200161407,152.60222468697603
2018-05-31,205.78936833602,210.56991572025106,207.7034380547041,212.80437469073675,178.24215432266388,181.51920323952967,193.338561681384,178.9257033828167,182.384708814069,183.5715717492872,184.62109457343863,180.4969696931622,173.5368118879489,192.6173915427656,166.45674763666045,181.70823765993188,152.60222468697603
2018-06-01,207.33660000551438,212.3935047011924,209.3649230448036,214.7634407224772,179.59074952197872,183.10847457877077,195.28296795338304,180.3692780501903,184.08595412667555,185.20302555034633,186.30987181467628,182.15776020484665,174.05987368343582,194.64851977571215,167.65228206422225,182.1768671901332,154.76509066389067
2018-06-04,210.73090213311266,215.99841507432873,212.84655606976787,218.47148718516652,182.5953887420291,186.28920565253725,197.69891962958891,183.4380306237821,187.34288922725145,188.4337820928987,189.26112739385837,185.47687366108855,178.22021024243207,197.87109507047978,170.02106865956515,185.13578380180726,157.9255763884043
2018-06-05,209.1608717663528,214.30197783520103,211.20502113461362,216.6925964072349,181.10360249317586,184.6836997509643,196.8951911549438,181.8841188032407,185.66603381183378,187.0102115924816,188.24552181937025,183.86325147205216,176.1796285505888,196.72748763285782,169.08028279905233,185.02005764311863,154.08696239568823
2018-06-06,213.90111723070316,219.25190987040176,216.0412601944957,221.75451073074433,185.23585727011053,188.98228640315585,201.3038948392047,186.0797850267968,190.03952045674617,192.10212062388158,192.95985234702098,188.9377363677421,179.99258184798606,202.79659477390507,173.84806688228954,190.0547384434638,151.49217778946584
2018-06-07,214.161996360542,219.3199279509953,216.23357984363844,221.73926485685257,185.37442683048457,188.94135964087138,203.8414407761548,186.15172449891173,189.91917154397547,192.50234406940558,194.05658425825752,188.9586835528783,179.168403615681,203.15968884457777,174.12250200170288,191.7972998777232,146.8691391287458
2018-06-08,217.46470947295427,222.75781334117687,219.56220002994547,225.21088203247058,188.2870970134977,191.96211305570162,206.95402813975159,189.07336545694974,192.95429162247095,195.869539696421,197.34760824474685,191.86199877068196,184.83551553064459,205.68080806133074,177.1038591771669,195.50518034684262,146.7758098973038
2018-06-11,206.89984390090652,211.89443767592078,208.89472021687942,214.2254416542419,179.79912160594162,183.29828987721396,197.17027723622002,180.57579115130474,184.27273777584247,186.42027072596886,188.20449170507257,182.72325921594054,175.24739768541508,195.79950211711656,169.67055030145534,186.17832435725705,145.41897568801937
2018-06-12,206.13706523018925,211.05019426914416,208.1132686698978,213.3572896486643,179.42877913950892,182.8759448680537,197.30666438409312,180.20542509626034,183.84794656522462,185.89593973433233,187.86245893086902,182.18553548721036,175.1357814153863,195.35526484987585,168.78662019598377,185.04910359919973,145.8953892061075
2018-06-13,205.61642255028917,210.4405959306719,207.5298835284905,212.67635754909588,179.19075151053877,182.57313491221257,197.17348459968994,179.92300371231923,183.49492177722618,185.63254872142213,187.8879619458965,181.88023992991785,173.8354201481397,194.64047841087978,169.41444002323755,185.51048746085422,144.80747792517772
2018-06-14,205.6893089170868,210.47970715311018,207.5857896736861,212.69562954387004,178.89607047494553,182.22627551147775,198.11222426993078,179.59681008777594,183.11216098086788,185.33666500569205,187.97561772770166,181.23842439898138,172.87491584909515,193.6912155797701,170.05846577785263,184.63946885985308,143.7216774700223
2018-06-15,208.24695491190215,213.2999814871678,210.2184112683757,215.60856884636678,181.27913738188175,184.8430018040878,200.87824041960354,182.04182252375458,185.8054099599756,188.47738164615117,191.31702704646682,184.12896226008425,176.3984986665147,196.7598017253302,172.75882583022172,188.6183853394281,142.29771534250565
2018-06-18,203.34350844767943,208.0988907450299,205.25323542721333,210.32763231851152,176.69001247210008,179.9895566259835,197.38382088658557,177.40672203418995,180.89104926463878,183.20758775737738,186.5249003521898,178.62349754124944,170.277908805054,191.05425190938706,167.4776029728728,185.40945271288592,140.89899409350215
2018-06-19,202.90728903325652,207.68849522709786,204.7792343611687,209.8783995827897,176.2288932011225,179.54888738563326,197.71956622223695,176.91015644549094,180.41372805056196,182.37576482386547,185.86901195416706,177.42152783858964,170.73264581941186,189.55418194669713,166.6602772372787,184.14717090122159,143.474482027995
2018-06-20,203.79042112299436,208.54468254594073,205.74251382774062,210.81842887709578,177.02096699923104,180.31396868926478,198.52744023685102,177.77098764636793,181.2505276876262,183.15345530748363,186.29870993310138,177.96475701337945,171.7825944511436,190.4535814136294,166.45590229270994,185.28857013403248,144.73021165802086
2018-06-21,203.36343062969848,208.02107131115602,205.25783681315284,210.22848913187792,176.6393179832684,179.84685678781602,197.57563415945074,177.33912776361956,180.7260981207336,182.94210924416942,186.08514097360907,177.27134246066015,173.08138373077642,189.02086387378807,165.81409928079395,187.8058716875929,141.54216182437864
2018-06-22,204.62537664499604,208.94372146539996,206.5698550729697,211.18686021723764,178.43630876635598,181.37395980596705,198.65247731986167,179.20581323897653,182.31442791235045,184.5566278008699,187.25032707703662,178.8898323132019,174.37106441910743,190.53996917296735,167.82745873139166,189.42234683887088,142.7289862544756
2018-06-25,203.33282620184318,207.67198878174412,205.1999773100181,209.8342607319397,177.03945368025455,179.98656013643273,196.02622701750857,177.73341297036515,180.84751923940198,182.85479616688542,185.63771583375285,177.53241197455628,173.63462302488205,189.0464299444173,165.90523811469933,187.61952112764973,143.4255947085747
2018-06-26,202.97143297080297,207.02314327300462,204.88593349638774,209.22123814698148,176.9017776801824,179.60164464004944,196.67949512529154,177.6479458344963,180.50641665025884,182.35094258182247,185.3150088845532,176.70627775069278,172.6832257984755,188.48960353532146,165.24723425550735,187.7567460821484,144.52663392615815
2018-06-27,201.69765352021497,205.4171108571657,203.55265417209156,207.5353206486782,175.6403505586933,178.03799103510963,197.19939825527365,176.33230320356012,178.8712842323279,180.7597086952893,184.5782701484317,175.13248007749738,169.87084615918135,186.37534419845866,164.65803786845962,186.88897558278455,142.68903362786634
2018-06-28,205.8657513364258,209.57633352869814,207.81242156762877,211.79052187632905,179.57819315208232,181.96480287107119,201.40863517585493,180.3460883056478,182.87761639577596,184.99019956807862,188.573643498127,179.07425009913084,174.70569027668577,190.30224682039773,167.66350632622755,190.9297929361758,144.30580981264384
2018-06-29,207.94287976690248,211.66501219147315,209.96201137902344,213.95620547431778,181.092529750657,183.4638278150334,202.07239255842424,181.90261957401856,184.42040692220237,186.49639599883204,189.62847724771854,181.2450581085016,174.4988438562761,192.3604934377207,169.60626623717988,191.13382759617878,145.99013617478133
2018-07-02,207.3770059998231,211.08717743312218,209.4163107766338,213.39924415189748,180.1064401422334,182.4431848364383,202.51555383848662,180.91542630020544,183.39702885765158,185.37923054696867,189.3265600341563,179.95092180480597,172.4673530096027,190.50779990122248,169.0939284550018,189.54633768689354,145.8884055322885
2018-07-03,210.2509125823515,214.06941972802335,212.27082549188447,216.36595102988943,182.7217265701354,185.14839961828002,203.84760304350223,183.5044389356506,186.0785840003065,188.14698616998058,191.14551310308775,181.91406068856708,179.34690480289194,192.04501389103066,171.40926195486054,193.51222471358835,147.52620997490195
2018-07-04,210.5087705403343,214.34205855064775,212.54117362480852,216.65253726228326,182.91087856130923,185.3477302434451,203.84760304350223,183.7019996740044,186.28726323047113,188.14698616998058,191.14551310308775,181.91406068856708,179.34690480289194,192.04501389103066,171.40926195486054,193.51222471358835,149.5115425326744
2018-07-05,211.47976257383004,215.44945360842078,213.5350419473555,217.79098274773872,183.71596518888595,186.26874632558744,205.08925531920696,184.52115387855966,187.2285353484908,189.23537958720476,192.4359431123432,182.20671668631667,181.71260847117324,191.0956155893627,173.99693943344565,195.66176948619824,149.06311952381694
2018-07-06,214.26254408322407,218.24905667222257,216.4234853331291,220.70297177234468,186.152957622893,188.70855175723088,208.22425966837676,187.04026493107284,189.7551181980885,191.90341691271726,194.75323049222558,184.97512508571268,184.34453120333762,194.08025620556973,175.81258349150434,198.42169711552214,150.08365136087787
2018-07-09,213.16138469879706,217.18528827115185,215.3869445197651,219.70989442971916,185.20656829685302,187.80163450123274,207.00824202402708,186.15783997042317,188.91773321628844,190.97956377665355,193.35052984093738,184.26347183967556,183.05379491191346,194.0222250455762,173.99524560174734,195.78923250207438,150.08365136087787
2018-07-10,213.02964982924854,217.01197427523294,215.25246059004354,219.53152665519346,185.51347265612645,188.094774256456,208.10958423782088,186.48202703376248,189.2284612635991,191.28453014302863,193.94033667898293,184.38492488468918,183.99599790792882,193.87428289834597,174.63085939857018,194.69808624543924,150.40962834352987
2018-07-11,206.9247720494221,211.08976934990432,209.0553117488065,213.52226882150612,180.0243065457324,182.78975778729017,202.7923130976339,180.93151063057587,183.8678357120338,185.48997196345417,188.5537225658544,178.4492503405503,179.01663399473836,188.1458500220411,168.63403658923968,188.38307624388858,149.39817777586012
2018-07-12,211.7855148149945,216.06313702697926,213.99238986613977,218.58146942564179,184.4875897100772,187.34444284636396,207.95878404444045,185.45037249694667,188.4853657778069,190.29450266862727,193.20991214784584,183.3494207885107,182.8736195091247,193.31046930754005,172.8679682013393,193.52263778070048,151.85421489937153
2018-07-13,212.31906658353498,216.57228470347576,214.5787415245165,219.14531116004304,184.9512868144301,187.7835517240812,208.68420386320557,185.95902280121112,188.9708476740232,190.66103477119194,193.79408390604027,183.78774938621768,183.00711257377816,193.9550412907196,173.4714843837953,192.9345271823697,153.33038518077186
2018-07-16,210.66896257636145,215.1942082737345,212.91767639686933,217.77022130452397,182.94621196042496,185.99982715130895,205.97788944076524,183.9261416290063,187.16854432575238,188.6617434364794,192.07192194692647,181.98225201712594,182.06251018514595,191.80916464046697,172.14370770493767,190.25391743112607,153.46800319559043
2018-07-17,212.65366263330648,217.27937639734765,215.07529713283736,220.04409295829035,184.11831889035363,187.22106243828443,206.75395608971056,185.21866978686649,188.5196877313073,189.88919518905112,192.9719051202216,183.00417323804152,184.11912874462536,193.27989095103433,172.4730857133559,190.59899565541775,155.77911423931226
2018-07-18,211.69217576875664,216.21336058041197,214.10645627489805,218.96495106748404,183.24288474601963,186.25419886384657,205.73679523558445,184.33949473450258,187.5444814324214,188.97547442147672,192.07337439367888,182.00662068208823,184.3764144062159,191.6821349460384,171.80051845389136,190.01336259585452,154.35449498454352
2018-07-19,211.1135167539427,215.55302378250482,213.50565898791777,218.27687546969165,182.60610166993553,185.53932366106116,205.86468500163724,183.67951907965326,186.80127620245486,188.1373868268183,191.93295263120845,181.15705606149746,183.0459385497852,190.76845597589914,171.49280591935013,188.85898278294223,154.54436058411574
2018-07-20,211.72142308743213,216.23049937716092,214.1353657770094,218.98106745004694,183.29537687737744,186.29714795714244,204.42821504227697,184.3927649593757,187.58776752521885,188.69829718955017,191.62268887845738,181.9800390855644,183.85018844309127,191.98630307489847,171.19745443497786,190.4253745524748,157.28419494413617
2018-07-23,208.22046472275488,212.67753329563828,210.62140174844717,215.41243959449687,179.91708697200764,182.86961838716672,201.39002886717515,181.00437070849108,184.1474740788674,185.06141219385327,188.63326352950963,178.43540209436014,180.21740853647694,188.28905105496577,168.40306020295253,185.35049301017517,156.01541843059695
2018-07-24,211.3262456712039,215.86949718524454,213.8604010473168,218.74985543923793,182.04468531889398,185.02714450509657,203.36724501605107,183.20950941282427,186.38841516647625,187.31927577042111,190.10443314879134,180.73511316124163,182.62164188749153,190.8949738863453,170.05807201259907,187.29816488021578,157.86022156707935
2018-07-25,211.46555485325732,215.9827534910454,214.03647904153803,218.90078224837103,182.43286927135196,185.4066974222096,203.59394585316596,183.64224355201927,186.8147107478518,187.66276865646338,190.12385360826804,181.1780754911234,183.61981819386662,191.29117487009935,169.56016828965227,187.37678609573175,159.00859193917597
2018-07-26,206.9622003021232,211.31033584580635,209.49743588674482,214.18255865546917,178.70414017360915,181.5584905103527,199.90802569442613,179.91210047531615,182.9595102786738,183.62873645007076,186.31415825455147,177.05653124999355,180.4326958414093,187.1238818837053,165.8429150240946,182.36600415121546,157.23088189779742
2018-07-27,210.1994222377645,214.7006169400057,212.76954923755162,217.6173049746271,181.3115321907445,184.275891771184,201.3855098929981,182.52529872815154,185.68823160672065,186.5555002254657,189.01872887985175,180.33068585327635,182.47369879748592,190.4768726100972,168.90998957142844,186.30052962823814,157.80458826590947
2018-07-30,208.4518528160667,212.7944511753026,211.01774102271617,215.6985512433915,179.794892800733,182.62591754584705,198.8592078603444,181.01341618063503,184.03685460109395,184.75718713893312,186.8805309657251,178.48859141268755,181.13784850827201,188.3084035996887,167.71031235425693,184.81625863841717,157.69662414384155
2018-07-31,209.32243656691747,213.82688317935364,211.8717892488375,216.7219297059764,180.88271036787478,183.87282337944734,200.48728215535672,182.09786229517303,185.28797599282925,186.29754210989125,188.1976928898244,179.73742466155906,182.60818296278524,189.9704927946344,169.14275499762434,185.7629952093092,156.0990771073543
2018-08-01,209.25508758754856,213.8106650756931,211.80668733823688,216.7108867392736,180.9158061892121,183.9572014642036,201.03594843919436,182.13759848236586,185.38193628704215,186.30051723715238,188.87504942876373,180.04331346287674,182.4808035638007,190.1490294084395,168.710691814366,185.18259159221668,157.02155739586604
2018-08-02,207.5621331131222,211.87013961943038,210.0840021968226,214.72582667880155,179.45958284586646,182.28825545713357,201.619886817145,180.6637140402305,183.68386224688933,184.36831882000135,188.0726905542904,177.92345429323123,179.80220373872396,187.44557104589953,166.4042724247818,184.36942053756675,157.67587540409048
2018-08-03,208.56324489857073,212.97937936622745,211.10499723437437,215.86176434826544,180.47700341909007,183.40604241586732,201.84258371134865,181.70098038963832,184.82753596470087,185.32164055991757,188.67807402591177,178.76706432407556,181.9895503269652,188.38793428507407,166.8503536731643,184.37256701389265,160.48843191677054
2018-08-06,205.1624241792176,209.45104372502806,207.67136539274242,212.29260950355183,177.9513870506496,180.80668650402828,200.24239642233317,179.1827671465624,182.23265196467688,182.5282688851229,186.049002782259,175.5638354243418,178.92640646382594,185.3650864381289,164.00334639479647,182.35280699306335,160.05996720259978
2018-08-07,207.6241400452212,211.96242339719703,210.1712350126208,214.846545189184,180.3065067025947,183.206921044172,202.95083681193518,181.5702636318073,184.66915914320165,185.3645206391814,188.58788962027774,178.46058954015027,180.78402882630223,188.91061526006396,166.74320356176162,184.0097645227361,158.3822256793671
2018-08-08,207.36188819340887,211.91173466088063,209.8382517375737,214.73218991106498,180.501615907875,183.61745713524942,203.38287831786772,181.7231135119081,185.04566758112648,185.9740538324114,189.34827186810077,179.020645445886,179.94254309142295,190.03404466965773,167.25599338986063,185.14862194028294,156.5283108920742
2018-08-09,207.98227088776144,212.53930786379817,210.46001418972295,215.3614391709156,180.73569517737775,183.83734131327853,203.67988534156459,181.94102625838613,185.2476680548521,186.32260262456762,189.91514586893507,179.6056929690396,180.52289836354086,190.88737010839884,167.62008186192165,184.83373321285669,155.35176949788283
2018-08-10,205.78306406640334,210.02280226347517,208.0892321184165,212.64589988377332,179.10576565585092,181.94879843034127,204.71291380547333,180.18084549488228,183.20833774337382,184.53546079530153,188.72377669131768,177.38594050180637,176.85293774154397,189.64703000486986,164.61460439544035,184.85129074557474,151.22005812724723
2018-08-13,207.44215975301336,211.68217248049336,209.81566249790902,214.37642293020107,180.3581395985678,183.18271437813974,207.03613824725687,181.47691782439006,184.4875088463589,185.7386964009197,190.95518246567343,178.5277992885991,176.88421200159556,190.33826643465267,166.7419442876693,187.2481394197696,153.04390027949935
2018-08-14,209.3893856302953,213.7223314652911,211.81837035247148,216.47998200368446,182.1947138620258,185.1017028301674,208.9696622687993,183.36052996038222,186.46016413162704,187.59585538965,192.45890083647663,179.99710548942681,179.80413079078633,192.24906604048664,167.27807759752187,188.67212377791094,155.8484253436791
2018-08-15,204.49230311519204,208.8496876212964,206.84572421916502,211.5296271658489,177.67909857467293,180.61698407976226,204.23647304784103,178.78888796145148,181.91811211607893,182.92927429618518,189.14163872238078,175.34932240270385,174.48297358606632,187.1214539245607,163.2685880632901,187.1505504977027,152.93724466991313
2018-08-16,207.44347556187188,211.8324060573595,209.87764885024126,214.5991116526145,180.24925975091773,183.20169802815954,207.42880273647793,181.41740144468505,184.56510571945157,185.84994931517562,192.3169486131776,178.18642345401244,176.2635095816367,190.44654674597766,165.99448988329,191.19786282423422,152.7809481071144
2018-08-17,208.92383170767124,213.35943573328905,211.3512512500656,216.12105387786102,181.3098224777722,184.28426470494747,208.03531681642346,182.4540624145429,185.62330997387826,187.15794587879603,193.4841350117083,179.793391491256,175.89479483041956,192.21304194985004,167.2512945169027,193.68084931252935,151.4647287254471
2018-08-20,209.6939616537278,214.12173945619816,212.10734896546577,216.86780620351533,182.28210706515216,185.26313986358795,208.9051967313156,183.42408589928118,186.60000601850624,188.1827073762309,194.54198110904014,180.79983309641864,176.4524371146736,193.16422119633364,168.82197002188488,194.87154711186477,151.90568867547339
2018-08-21,214.0063114994832,218.53363316798072,216.4956019655351,221.3645613757413,185.87096210114095,188.91182816601665,212.6906296882404,187.05262180958482,190.29329507256205,192.53439706012875,198.34129013397612,185.09209263073677,180.9924028186197,197.83170361242213,173.05718458986013,197.7782856770923,149.34419618350415
2018-08-22,219.7564960005294,224.18348925299293,222.34439177473936,227.1123435468696,191.0345637047738,193.96723196250773,218.21977667668682,192.284371742664,195.41501129563053,197.92480507041333,203.0787564632822,190.07869960485263,188.18752298572926,202.51651352693335,177.42534665361597,202.3751252035205,151.58584671417518
2018-08-23,217.2845706694567,221.58948324802856,219.85221762922703,224.4909320458335,188.6423936947749,191.46341348881103,217.05262691559696,189.87472443643028,192.88742496148913,195.42416626531093,201.3598356858414,187.45229484284528,185.54220559142894,199.85343808714813,175.49628726862002,198.6921907110358,149.1246562151866
2018-08-24,223.57380466728944,227.9934802755771,226.15211464958017,230.9107831170708,193.96775417309289,196.854093618722,222.77287064963485,195.1722688846221,198.2513494573295,201.25549893866014,206.6491176898832,193.26189469974312,190.6497962654233,205.9260191261167,180.47648547021674,204.44041299433442,149.94035457417095
2018-08-27,225.86716051441934,230.39993930664355,228.54854869711195,233.43215232056997,195.8687790101128,198.8406604968651,224.1449269522947,197.15030978131475,200.32341906052946,203.20011251732294,208.50390467242423,195.4432402065521,192.63678332310218,208.03767100194136,182.64743304885596,205.21469835681557,152.8093474946307
2018-08-28,224.13161613364286,228.65863487191933,226.84843876482748,231.72863411079615,194.12215310474372,197.08381439459873,222.59096579010088,195.43280238647083,198.5970711084064,201.3893990124116,207.04294818616705,193.7228480668521,188.93336252420485,206.4004133774921,181.0976092336078,204.3205553238297,151.98527824752142
2018-08-29,228.14560399134845,232.64743739834435,230.9061920684921,235.76148799359498,197.681534540681,200.60561381809703,227.4053401069691,199.0151697877549,202.14094672687173,205.17019246786415,211.03669500129882,197.40749606631965,191.1554727023552,210.54195837865547,184.4895290382334,209.811935585721,153.1442560321791
2018-08-30,222.84553409670806,227.0418307834804,225.43993813456441,229.9643366184386,193.03863998305297,195.71178222390097,225.1950960261722,194.24744116371747,197.10307042369956,200.01169265330336,207.78357383563875,192.81910546724768,181.84141822007572,205.70999354919124,181.15714003660864,205.7390611821678,149.69802643214328
2018-08-31,225.29786518796416,229.56869344852257,227.93523471745928,232.54016656079833,195.10290919269457,197.82761967582516,227.07302350619028,196.33513715212098,199.24601221223102,202.2875494359912,209.29358239948553,194.9878314829397,186.27334598032402,208.892883758715,180.61847044509165,206.44877440589812,150.49164448937995
2018-09-03,225.21354509960366,229.47947040057315,227.84664652160797,232.44617351756438,194.96693901533538,197.6842358436159,227.07302350619028,196.19283505897377,199.0955831794626,202.2875494359912,209.29358239948553,194.9878314829397,186.27334598032402,208.892883758715,180.61847044509165,206.44877440589812,149.12820565701932
2018-09-04,222.5049172775829,226.67831297124104,225.03270319196753,229.5289930971429,192.23732144957307,194.8640375474954,226.79401192053805,193.36461464792956,196.1669574049931,199.43802790908103,208.08097957137446,192.3269608566021,180.35264894611586,206.73987420530025,179.15135141641338,204.49109015083593,145.91234889239635
2018-09-05,220.31519158444758,224.41782744352145,222.70533337775657,227.11925594460155,190.84581845157473,193.4472661831441,225.45283693808815,191.88430912725389,194.65523053828304,197.71099387117798,206.66993295109398,190.22357523245577,180.59525923567017,203.83120565441538,177.75388330561404,202.95273237616794,146.3177796394171
2018-09-06,219.20730260995094,223.38082108294466,221.54762395385382,226.03337874800567,190.15212119080024,192.8369375919959,222.59733082519665,191.16366242865058,194.020493761776,196.72998022889124,205.5081856975435,189.4585739157876,182.15564450458928,202.7800684650883,176.19024644559326,200.01491901683775,148.57846493393788
2018-09-07,213.94326762679648,217.99993672908337,216.22201053987146,220.58221916488372,185.62976546853992,188.23758477001346,217.55661294806336,186.61419061509764,189.38912705327397,191.60702366994474,200.1312841992045,184.3110413767488,178.40514674977393,197.14408402595484,171.05465660763295,193.14547530367003,148.57846493393788
2018-09-10,212.7720841809264,216.82950930402885,215.02635488685561,219.38612776943765,184.74940054429914,187.37098267405813,217.17199034441714,185.72384962856447,188.51270827144975,190.61517245744176,200.10093660533613,183.27109966204574,176.1799984123325,194.8451047165135,171.97911590001226,193.543875079883,148.78796782657622
2018-09-11,215.0325382530428,218.9063308739558,217.31000864141268,221.47746543934707,186.72558134009316,189.17197983445632,220.86092940298045,187.71032081653487,190.31601983135027,193.0151863180539,202.5552326144871,185.4937331502902,177.60381484360937,196.9698784067813,173.73905818600034,196.7823918731182,145.26053132802923
2018-09-12,219.58617498711078,223.47668687722592,221.88049046196548,226.06559363472653,190.67872187179756,193.11816991559922,224.6683057277369,191.65607338820067,194.25379203319883,197.3183435242152,206.43077785950535,189.3541297529034,183.6032982179414,201.5191065446566,177.2164501073056,200.73204175355545,145.70358547233863
2018-09-13,221.65254586015254,225.81255690309118,224.0626082792508,228.53771747346968,192.33611684210652,195.00052204140724,226.38777621069926,193.40104158647594,196.2392422973603,199.71338479280786,208.18223475151737,191.4868517463857,187.15923982068514,204.36317304726006,179.06056945668738,202.39691633014135,144.12028195814594
2018-09-14,223.92971861844683,228.12126503590332,226.41610471552914,230.92853135219335,194.31300076152345,196.99476652054395,229.0402946838537,195.4351949351874,198.29469678021206,201.84368435602272,210.69617671172801,193.71465096050525,188.88809329588864,207.13576128717798,180.6864582132378,204.24357478352385,145.32456623544664
2018-09-17,221.75181697657203,225.90412978365535,224.1525627857981,228.61898374069284,192.6726917721304,195.34331523246033,225.87321281459415,193.74028166971374,196.58513055040422,199.68832253294102,208.63159052951113,191.56462415783164,188.9881749617742,203.4634454115019,179.43385545349574,203.03269283213464,147.3599808584025
2018-09-18,221.75549356582604,225.8602779061549,224.2516502071805,228.67384031854544,192.64159903127526,195.26759644857123,225.2257575240139,193.79336621549692,196.596231564963,199.39633715104154,208.31864072236817,191.51913060835423,188.5511702936151,203.42715145450384,178.8632939136721,203.1948335316581,149.830013015484
2018-09-19,224.53318848910772,228.59413204493512,227.0800855010739,231.45854458320395,195.0683851645615,197.64237296751875,226.9140113381119,196.25271760149548,199.00267724780986,202.1189511948916,210.24216835400912,194.26838503049814,192.07876771001747,206.5339729359025,180.68726430966703,205.4542959545821,149.33399566318263
2018-09-20,225.33868499863306,229.58698144966237,227.955360789678,232.53511662560427,195.70472082179592,198.43989847473142,226.84013380327767,196.94486882700656,199.8669771634179,203.07568518953784,210.88475693407665,195.01526829967983,194.04358342292696,206.64808089355358,182.77412040291787,206.04367422799444,149.34133876291736
2018-09-21,223.355812013133,227.51090499734232,226.0466359073837,230.53321061720771,193.77005594666653,196.41939608580762,223.87482541910683,195.076700677748,197.91273189191344,200.59835559384905,208.147233003668,192.80683084988695,191.5545546652469,204.15426560916973,180.47650222166965,202.64742986181287,151.8587481415435
2018-09-24,220.5417096224189,224.42147577186984,223.14607278627193,227.33795742275197,191.4357773962029,193.85733870633558,223.4927478188687,192.68382105954066,195.27767740752822,197.97746601276066,205.89224659031262,190.05913929496276,187.9824179871176,200.6047498200336,178.57576231802057,200.41824845403266,149.42115120765612
2018-09-25,223.27015055843177,227.20524514138032,225.91163909618194,230.16339785810618,193.9881080261493,196.4559918152251,226.28823278364516,195.2646034603073,197.90842923041907,200.75547727003854,208.55612266733127,192.96232799985137,190.55617753876928,203.84639194496432,181.39087470704865,202.5206619921199,150.5135229006728
2018-09-26,222.27362403224583,226.28112621426962,224.94780555886123,229.278025636726,193.0653294593032,195.60007350944485,224.41282056414283,194.3734461012088,197.08927767767406,199.9222191876972,207.5196251402585,192.27836033615483,189.86038361337415,203.42516676043138,180.39569010004027,201.59075481156688,149.90969457591473
2018-09-27,220.49039340987028,224.40187288305452,223.24033884210914,227.47434752601743,191.3292651779516,193.77621175324234,222.8884951953236,192.70544642071303,195.33311607319024,197.70569662406012,205.20532572441817,190.45550301476263,187.21675132794823,201.64909722009656,178.12130374871305,197.86578189234135,152.16288475222854
2018-09-28,218.59100872133413,222.28833198152716,221.22919485370437,225.23122082874121,189.68780007470022,191.95195986150532,221.6361810650668,190.97338027695142,193.4042148745637,195.6357130102424,203.34884040225663,188.29273909540078,185.1871665228481,199.56582658848103,174.7283685477089,197.10528221337003,151.6563489621047
2018-10-01,220.90992484193274,224.41115921972133,223.59452839060077,227.39212947114518,191.76394440418895,193.84414389990064,225.33108480851268,193.0827126656654,195.32211861559733,198.07917873198565,205.99610284850763,190.42628788656066,187.71573883239873,201.91387805433249,176.79645672447458,199.17466629659273,148.86739493114527
2018-10-02,218.38568118407596,221.86849685270934,220.91994717928713,224.6900047342192,189.59170705319409,191.668503449529,223.17900907170358,190.78883473342904,193.01829926720407,194.92141919785755,203.1613058888047,187.03620751226248,186.96221842785422,197.18141252186678,174.06051629155166,195.8844937038641,153.9022791948834
2018-10-03,213.94968871100914,217.241050987622,216.4555040317186,220.0231785319654,185.79046955514505,187.71919490170345,219.61308089382453,186.986284632237,189.06062331990614,190.16578865086385,199.11885867440975,182.58926821666506,182.44486669814634,191.37692887104492,171.4432346555901,190.41377392990506,157.33810155657167
2018-10-04,208.8063046844625,212.0755213449068,211.1300087174599,214.66496918097295,181.1425533709405,183.0668986356727,215.17612874807512,182.1916564957978,184.2539106243151,184.89495325071576,194.88227691729452,177.46790542924273,175.7799358912132,184.87021164588964,167.9266784138331,186.21370368598917,157.30621615244218
2018-10-05,206.3337221112695,209.54879134833658,208.56618070447212,212.03937466420984,178.91420839269787,180.7976553359517,212.43522538650512,179.889858787843,181.90544731499043,182.43673597158596,192.47345938413943,175.41755963655072,173.47312485100096,182.18974982429023,165.42348322069265,183.52095611599682,156.25190661194807
2018-10-08,204.935622711437,208.1586481178137,207.26543825739068,210.7528440761562,177.69234340036152,179.58922829750543,209.86324760291194,178.76184526810172,180.796594288004,180.41181824815368,189.99369729488228,173.36057856137379,173.096677581688,180.43365408767264,162.12766037743344,181.00370378875834,163.89933864959744
2018-10-09,201.84220954922202,204.94765564755926,204.13412782712413,207.496156112149,175.0211050190357,176.828069315817,207.39619092339612,176.07252124179158,178.01218113276536,177.30284990422365,186.59761423339097,170.0621265202401,169.6914182647396,176.6283733456184,159.62409573265418,177.78933463516543,164.67772252412843
2018-10-10,193.71054283014954,196.71914882790753,195.7043224617412,198.94891279261896,167.86691586159185,169.62121970600862,196.69447352476828,168.68659366268918,170.55916918954276,169.75000672616426,178.61823539140556,162.9945126697047,162.01808698311947,169.56302822812694,153.91852838232194,171.51352167609542,159.10636524431257
2018-10-11,192.8676213319537,195.96255599051688,194.5434604287716,197.8607983545607,167.3651454073243,169.212603189596,194.28803081590638,167.91433321971064,169.87010804654614,169.0929790076123,177.6356831501047,162.67268623315812,162.17510544916277,169.06349342167525,153.84026104358216,170.25673353614337,158.16700458529263
2018-10-12,196.72819795676673,199.8960397014005,198.56994579752586,201.97283313727024,170.77931820102376,172.67689390424172,198.5697529049366,171.4610962807727,173.47629745993598,173.0090062771629,180.5906254714009,166.52173426602428,165.7017824383083,173.77246874354557,155.26469768737647,173.28934845074394,158.16700458529263
2018-10-15,196.48176700734814,199.630721612663,198.26040338756167,201.63983534294712,170.21994347849997,172.08392934867328,196.848903617853,170.83101184629786,172.80727376787797,172.30811363252968,179.91336088865054,165.54315523814404,165.8743695015049,172.26299139800932,155.6490677566136,173.9200961224333,157.8956301774153
2018-10-16,197.6403481143803,200.91993096099455,199.5836022959381,203.10957432342929,171.34527539877692,173.32696258694676,198.20441325449124,172.10338347450863,174.2106227076999,173.41165277343134,181.03492757031256,166.88875074035843,166.47349285262564,173.38652298639445,156.08929574059985,174.03607308124927,162.15908174990304
2018-10-17,195.56390937046538,198.93687819205473,197.42793583277455,201.04783483668348,169.54552932760362,171.6211153713028,197.28018940497236,170.24294938481927,172.44528831905743,171.42680138204517,179.76966621783825,164.91089712817998,164.35222141701993,170.93305077052062,154.16411992267268,173.1045441294387,162.85714875361586
2018-10-18,190.2938526354876,193.5794742131867,191.97084965057144,195.48884772538509,164.93318539741074,166.95373121265132,192.52636510405114,165.48720870792948,167.62426467489183,166.4244354150284,175.1526010293701,159.86412283521454,158.41896229370911,165.5793308604527,149.78098674134645,170.28926370102977,160.49677890501547
2018-10-19,192.9644611691218,196.24923372501425,194.6945257351174,198.2143200219748,167.28939284148097,169.2983638919924,193.63797670272697,167.87947346648608,170.00631610837672,168.86618994192705,177.2557923508886,162.63024301269934,160.47729390129547,168.72707150329705,152.24066193137634,172.45097359489478,161.96332761462145
2018-10-22,192.57320259712964,195.84485224272092,194.32281186867894,197.83003643753904,166.93181405970165,168.92994882170825,192.47984392603607,167.54056833530962,169.65711535218762,168.23832610082403,176.21478592346497,162.53216618095783,158.86434846576586,169.28069383066776,150.8378075434809,170.459601514305,164.59534682849585
2018-10-23,189.298845487692,192.79980319488735,190.9056425927169,194.64592618418936,164.04497193108895,166.26219873231523,188.7730309589786,164.53987311791545,166.87950541696114,165.23993651444496,173.41201180381637,159.62612795513365,156.15404796883573,165.70282729650535,148.55036791468072,167.53910918139988,164.52657455859807
2018-10-24,184.92801385075458,188.15128266438643,186.2909555272926,189.7257067764903,160.07461709339756,162.0542289695091,182.000031289385,160.3648847997529,162.4446826460884,160.7772403747776,168.91225139423443,155.36756240683002,153.0148448046091,161.63420892465376,144.6580978373879,164.05178063920863,160.9367821458946
2018-10-25,189.38576990918187,192.70205732617526,190.8953209056796,194.43566623541017,164.03587770771884,166.08235604459352,187.87858321456625,164.43928090407428,166.59506030096455,165.07327549281453,173.07048434672438,159.18553225991687,157.44373670784444,165.61082749179485,148.34731394862072,166.9893559925293,162.9757215164833
2018-10-26,186.9144171750951,190.080608056917,188.33684267954092,191.71489778876705,161.8587869511301,163.78087696423535,183.40183338225285,162.19496556305472,164.21711934111715,162.24486629500302,169.9031114885022,156.5988322634729,156.68854849761317,161.86868486161222,146.42995629903803,164.43996920866817,165.77753035224214
2018-10-29,181.60310338975202,184.7068123288983,182.93108459346215,186.2388140122603,157.32322409314668,159.21866707387355,177.57791648853498,157.60415157555886,159.5955589336817,157.54347242126588,166.02768963661543,152.2221729858311,147.96758848567114,157.5876327593123,144.10066940869783,161.8692973768179,162.63319444536734
2018-10-30,187.5125731300596,190.84479823036952,189.00083649944685,192.55680604476404,162.5146218161572,164.58984609759918,184.48445666800296,162.91259998819058,165.09803863192732,163.0081547629811,171.74604429756047,157.725584472962,152.12663598468475,163.1750696415096,147.97116888624444,168.726005064987,167.86620235982573
2018-10-31,187.90961355601698,191.4311609927348,189.49846445192506,193.25902521746426,162.92397423527552,165.1705482591808,185.89779891258772,163.41291734776763,165.78244496755593,163.68964623787943,172.37612610018218,158.40559693120798,152.7493667655405,164.1063546306021,148.40323537207317,169.17062329879246,168.49696419898942
2018-11-01,193.23254021342515,197.1878322916174,194.9270319431918,199.14846083328922,167.61226701052,170.22615374694746,189.2279021052989,168.17259244413526,170.93000362035718,169.0257519485481,176.07332295572354,163.32432912007891,160.85239976278024,169.4142573346682,151.75856153388398,174.3805047479035,170.85809066094282
2018-11-02,192.44459013876997,196.4893497649654,194.1523105263211,198.46869661506588,166.93650341546837,169.6349693081429,186.41186225098946,167.51294861831505,170.35981289968606,168.41065541286326,174.78057730880641,162.94525457153492,161.72396783618075,169.73063135373116,150.8538365940819,171.76009597609013,170.85809066094282
2018-11-05,193.45292324795705,197.55372762940888,195.21635944464924,199.59492475747567,167.8045427076833,170.5480623081429,187.89889923349395,168.42568383991716,171.3222797717685,169.27039884579827,175.325329654811,163.3782157890184,163.21087239026537,169.73976913638373,151.1577399482972,173.09183178919142,172.84685942560512
2018-11-06,194.7261866393048,198.9224845048264,196.52216084609591,201.00284954445956,168.86671527666277,171.68738613926575,190.31853642321988,169.50887198258215,172.48737976313663,170.66378026862475,177.34967453583533,164.71118914856493,163.75316664212352,170.8694066297274,152.35694935341374,175.18643623610782,171.3014374993694
2018-11-07,199.15060243661702,203.6138899163548,201.08814402846883,205.85743637842762,172.71943716763005,175.7591772799244,196.55073522703947,173.4672686418965,176.68110288062636,175.28303853100158,181.88767852398755,168.78740120273818,165.76548217937156,175.91120109868152,155.8434324217013,180.31905345541063,170.27841505014914
2018-11-08,194.26616027945784,198.62023607419175,196.04370537523636,200.68902069117232,168.44957808371132,171.4130312130879,193.06733181811717,169.0766618550109,172.20361714963047,170.8393577278968,178.887874020667,164.58538447375346,159.62959538773035,171.10830592543843,152.42510308386784,177.90035337576973,165.98055295041829
2018-11-09,193.76502363989601,198.113120521886,195.54563537500275,200.18498216288017,168.01719986810096,170.9778491378932,192.71807653483447,168.64962424787902,171.77400268050576,170.34333542771896,178.85351758891602,163.76958826984696,159.20157088574996,169.71509591025008,153.08943557941325,178.78412887148974,166.31254873516312
2018-11-12,189.38648909098083,193.65550012081317,191.0699766288237,195.62095223399177,164.14009982300294,167.0463628295552,186.75000808428598,164.70367732029607,167.76723191900925,166.01988400933487,174.289994164033,159.9427355856676,154.72334580708355,166.33279206808652,148.36260706661227,176.0904042542647,166.19262955758245
2018-11-13,191.20017919150044,195.98367066667876,192.89464536221482,197.9864113524092,165.72162662562982,169.08114751376348,187.09475729342444,166.2864090183871,169.8241096958833,168.31942553721814,176.41916550379105,162.77438323737496,153.70886126935852,170.6994871816806,151.31704465460527,178.40887097699704,165.3222250863052
2018-11-14,192.77782549549872,197.423728434465,194.41664125642276,199.3597014656775,167.71073817171407,170.9770904913223,187.81718914813908,168.2448242382471,171.68292983941606,170.12003647326947,177.70085461408658,164.8499543864735,157.37517664514004,172.65156777619777,153.18172455918054,178.5464225495777,167.58272947254454
2018-11-15,193.89661927599343,198.63253764854207,195.61727957446539,200.66005092642047,168.8547501847981,172.20713476165176,189.53230605817043,169.46442913135573,172.99719850089974,171.54073216769817,178.0930601987345,166.03067833682138,158.28308252428397,174.86870085486052,152.57555335080283,179.63508496739132,167.58272947254454
2018-11-16,194.87057247675423,199.6112607119149,196.581945796744,201.6288677975484,169.8188799578698,173.17798841176867,190.22659564911808,170.42054120226493,173.95975884774,172.12848717972162,178.42423531710796,166.3671502748765,160.59365988895902,174.92321648654016,152.23993892674358,180.19751979203215,172.45580937698634
2018-11-19,190.05911396633667,194.53012546662217,191.61807430298614,196.37270142980486,166.34966695221263,169.53196152795468,185.1024020265097,166.86876954093458,170.21802927312712,168.28356857112013,174.36090402772103,162.8799359887995,157.50291180726873,171.4849890065028,149.37042470930894,174.87546395718897,170.31777071201867
2018-11-20,186.32827701972585,191.07875276485927,187.6885304237835,192.72429892400962,163.4911749395058,166.96821498586053,181.41032094147224,163.8654374118039,167.51410099633475,165.36735126266703,171.70659756844128,160.14473562161047,153.97509175360403,168.7805568498007,147.1465075969618,171.9303404355496,170.31777071201867
2018-11-21,188.88097226299303,193.63158647339543,190.3443968199416,195.38677320509015,165.6026047466906,169.06028604130773,183.08890557914592,166.05331093486987,169.686580408832,167.73589314895054,173.66937649486528,162.80515605576497,155.94606867675463,171.55447875515534,149.4947605627086,175.04002436214623,169.98994162194353
2018-11-22,188.62367939991117,193.3576775694708,190.07513793480456,195.09932576441537,165.63028631756904,169.08967596829507,183.08890557914592,166.08217812064515,169.71730832946093,167.73589314895054,173.66937649486528,162.80515605576497,155.94606867675463,171.55447875515534,149.4947605627086,175.04002436214623,170.35933588432738
2018-11-23,188.72055264822717,193.8180000449095,190.08999646125028,195.49001969525398,165.73440085092602,169.52507845082857,182.60106937526984,166.11213481747856,170.08885003214957,168.18160457782886,174.71287025402088,163.3812510723612,155.41696726278442,172.21047377940397,149.73726742494054,176.66682717877572,169.85519500986322
2018-11-26,183.58050060790094,188.51796486709284,184.97155254223077,190.20641256936725,162.06922136035183,165.79156137010708,179.54530002819067,162.52616709421454,166.43696192991194,164.50011990536458,171.14182582634416,159.81537792298747,148.1333630179239,169.49747180579925,147.03447874691372,171.96049254355043,166.99205206111486
2018-11-27,196.30050005825444,201.54887392342235,197.80983059867222,203.37618794348035,173.2044468833888,177.15014218204442,192.83682727324975,173.70901303158675,177.85571287470214,176.4355696457967,183.4635170867078,171.67189864382658,159.12438668320777,181.9684956857424,156.65378071429956,184.04835555353029,171.19526605767584
2018-11-28,197.49808876531227,203.15788247264902,199.16290128131195,205.17150355431122,173.66508692513466,177.94370165322692,194.17008669703742,174.2806739287915,178.78289713311395,177.16628523511213,183.6375014865273,172.0473433442621,160.4873435028941,182.63918337922664,156.19115985702126,184.80770021548776,174.10567708543093
2018-11-29,196.16012258798116,201.62469360064188,197.786067180484,203.58722216750027,172.4518264847083,176.55613780314042,193.02202099051223,173.03652918983815,177.35433719374512,175.56174745538894,181.79089658891408,169.89638973213462,161.33795197846547,180.15785772208878,154.26991490544995,182.98389745403222,174.75644347849035
2018-11-30,195.15115166688622,200.64402566414458,196.7391985466819,202.56767043577614,171.93325299696733,176.09168399497491,193.85505748764052,172.5041131788088,176.87766346886661,174.98431032237335,181.96556536910094,169.38650379307708,159.90895498218555,180.1300912297792,153.21748417559013,182.93385300164252,175.44281945542488
2018-12-03,198.81688679833547,204.13963821500306,200.49181113184585,206.14684679992345,175.46613729689577,179.47298791489717,198.00422950738027,176.1129197679693,180.33270171755348,178.7455204083267,185.06333106630362,173.01746528994525,163.5764474799589,184.19026103135434,155.78426815367413,186.26192545963346,175.08522738915596
2018-12-04,193.71949102403428,198.81634148016096,195.15571135898318,200.55826199313006,170.72891416218883,174.53605836499005,190.23086777365336,171.1698234815097,175.16732681909915,173.36972866684397,178.8239867085607,168.04823327176337,159.86217990489425,179.06678471009675,150.8605602059401,181.13449428426355,172.82719443603634
2018-12-05,193.50845883285942,198.59142675840812,194.93493779383255,200.32230127898646,170.85577976003626,174.67094076823747,190.23086777365336,171.30210444036084,175.30833749711894,173.36972866684397,178.8239867085607,168.04823327176337,159.86217990489425,179.06678471009675,150.8605602059401,181.13449428426355,174.49671673635783
2018-12-06,192.87934480487945,198.03315964357273,194.22359737971536,199.67977139657614,170.66053922594332,174.56599342246164,190.7252809022515,171.04989099285612,175.146774421381,173.2126287799061,178.92606091528037,167.61238182990726,161.47206295156764,178.33749332548513,149.70986189435482,180.9595757418617,174.30626788719448
2018-12-07,190.7023495303545,195.57286790165753,191.86628202798028,197.0133642379162,168.8316803838677,172.49287925887313,187.29616205176777,169.0695019402847,172.90112731746686,170.947088329338,176.53240001477252,165.56809738267327,160.313857170334,175.81754949526177,148.2402156714625,180.39980083202815,172.56611359594496
2018-12-10,190.44365933879504,195.48855128675706,191.56852398783874,196.8956846884177,168.3887678345858,172.19762828060422,188.44488774671075,168.5830417721729,172.5660203060679,170.86688245911193,176.99209834266216,165.217317725165,159.69876741372272,175.26932442675636,148.1978973657027,181.10757003364785,169.44324153573098
2018-12-11,191.70319104856478,196.66991791814593,192.87245307577277,198.12056656057305,169.6719475176549,173.41459455001214,189.21364548968918,169.9083145962653,173.82491775889042,172.05058549057648,177.65363065051508,166.35608568590865,160.0983454592506,177.20236853886985,149.09669954706638,182.05270941063344,171.36439049518165
2018-12-12,193.43242796249805,198.628899968846,194.69013566668167,200.1846693210923,171.16640388831294,175.11013964365208,189.65110084577609,171.4747773824004,175.60601352801078,173.91786797463953,179.2063570226345,168.3713000420254,162.07127403539906,179.62328716115243,151.16072224485032,182.16195935846608,171.97681188508764
2018-12-13,190.97116579222205,195.82731020562915,192.2269732027412,197.36516281231386,169.30957762232356,172.97226328311146,187.48904468983346,169.6403919288099,173.4796348376053,171.53355535174614,176.7092699798579,166.21401305118397,158.62917086852084,177.48373935344645,149.12209377132945,180.2135966944036,172.92233169490493
2018-12-14,189.89963940084553,194.8792739147844,191.06655344086678,196.32836207435562,168.40244837134836,172.18573212658035,185.12868272473176,168.658088477401,172.61846572454203,170.64299279162856,175.6825010618664,165.492693278414,158.83263599438845,177.2665219988528,148.41847153413946,178.4383675225419,172.4970008202857
2018-12-17,189.52081116409343,194.6857275201597,190.5727217620477,196.02083347976156,167.40241981307565,171.3154592938867,182.5529028336082,167.52649881153602,171.6137219094968,169.74888197002173,174.42466130006022,165.04974622102168,156.27214581492487,177.26628789805417,148.17416009479706,179.21051999789125,170.39063610336618
2018-12-18,189.29327826470558,194.94799425655907,190.35130241276775,196.31276566581408,166.9516709818782,171.297868317516,180.6020098597423,167.07216142980158,171.61114698325656,169.62572692977335,173.73810304078353,164.9765440619476,156.44103520333218,177.89565913309775,147.76435326185168,179.66967907927346,171.7197842597213
2018-12-19,188.11266316551104,193.48300526650922,189.13821084400846,194.79973117761253,165.7614657772034,169.84292566538738,178.11995022404898,165.85151418126898,170.11213303886646,168.17409296536468,172.14786197844077,163.29323788485283,155.82759339919943,176.15917446759636,147.2838759385798,178.749420959641,169.88533049250665
2018-12-20,187.84202718237043,193.44387492257894,188.77127277340793,194.6683972205903,164.87906917957238,169.13081362094033,173.99104944337554,164.8563899059031,169.2869763502559,167.24177604501153,170.17970088708842,163.12932393888423,155.30452710747443,176.28871370333243,146.29784495650097,177.31016347791663,170.35649167073072
2018-12-21,182.38402413819162,187.8294673664207,183.21328042255266,188.94042629062665,160.356813555592,164.5087478229446,167.93557443830173,160.2792041888397,164.6019217551014,162.19518320706229,164.55855822624756,158.38748222078905,151.0470980527604,171.36797220176194,142.6111986441196,170.3202142482439,170.32703564817623
2018-12-24,180.92034911565193,186.4672614599742,181.60088714997607,187.42364021046302,158.72468563481468,162.9524262441424,162.99446662180395,158.50481237153687,162.8966075849881,160.3620416078001,162.14299051201445,157.07429891815033,149.41842232000369,170.01466054114854,140.53096432202406,171.02378144251762,170.32703564817623
2018-12-25,180.58464066376723,186.1079526490903,181.2509554874074,187.04804246017156,158.72468563481468,162.9524262441424,162.99446662180395,158.50481237153687,162.8966075849881,160.3620416078001,162.14299051201445,157.07429891815033,149.41842232000369,170.01466054114854,140.53096432202406,171.02378144251762,170.32703564817623
2018-12-26,187.89780564356553,193.34677493575748,188.78691022466924,194.52160050274674,165.33260394330514,169.47236450770401,175.17874829077925,165.28885037407045,169.60165721513263,167.6279920845853,170.1126596720775,163.13846065760706,155.840622823864,175.9134928441551,146.49429477209551,178.01910792474234,169.56572027434927
2018-12-27,188.64464385203232,194.32219468126783,189.47755586316188,195.44727197395628,166.3213196444405,170.68805897123934,176.96274260924062,166.23617949637716,170.78275527796816,168.76844633240452,171.52156140617927,163.86212631280006,157.45473809816082,176.85238499799814,146.58339500924933,180.18291046195296,171.0458808285695
2018-12-28,187.78782457545032,193.56828889019357,188.64587423115697,194.72520425972317,165.15187485017452,169.5884847517225,174.19514993646126,165.07716933848536,169.69728999202127,167.2690607606258,169.9391838570529,162.94169045650943,155.4663118942671,175.7938367358164,145.98485277312813,177.67893208574034,174.71603706768983
2018-12-31,187.9857790689033,193.6733642315778,188.83592583990463,194.81747018404565,165.6217923985706,169.99299692059319,175.62111096569717,165.55068664202946,170.10289069841158,167.7052028251537,170.78642176041586,163.05895297924317,156.55618160646588,175.45637167782724,146.4743364144485,177.78352245218449,174.71603706768983
2019-01-02,189.09428534589324,194.70164647121408,189.97678821473644,195.8765869897549,166.28450566380064,170.55646607525864,177.33129208893362,166.22549425315108,170.6751062360867,167.8525279899593,170.87337603152102,163.3792844698724,158.73364842428782,174.3845854398982,146.06957515733387,176.86780232362094,180.08051933070342
2019-01-03,182.7603878198077,188.03555406937465,183.4802071687151,189.02171019818408,160.82353186586064,164.82813767553742,169.22007602448684,160.649673350486,164.81258781128977,161.55414015639482,164.4893613708522,157.35858985835878,154.06868528379994,166.81315450058347,140.99968014758667,171.51587373962974,180.18295264605837
2019-01-04,186.59402859650382,192.02534861459202,187.59171999772553,193.31579642418177,164.3441986305687,168.483984960301,173.99631610884373,164.41169391561067,168.73206209769515,165.57990689305612,168.3053550073708,160.8655657160556,157.73648148034937,170.77236253395506,144.44787875719612,174.82662436741464,182.21323170262306
2019-01-07,183.19158432889992,188.49606949445155,184.195611016896,189.78796761877058,161.1226329756302,165.14668365048757,171.60510627589682,161.2021648192583,165.4026857228995,162.20869023090512,164.943792986148,157.27171988638443,155.93963350619853,166.86937378306132,140.950407940027,171.1190919540494,179.87722626404457
2019-01-08,187.53532639569946,192.84223563141975,188.60964756199024,194.2087680860782,164.9578436549016,168.96588799225722,176.54915847490378,165.08217091625457,169.26899964241852,166.26320852556594,169.49060117845164,161.1737983845438,160.52143528887802,170.53366737694117,144.65380911789498,174.48057572394796,180.87541819646083
2019-01-09,189.28693300586474,194.36953587881362,190.43491251712322,195.8039919278354,166.58774126555994,170.38947807743878,177.2002809943287,166.7747813355004,170.75054947960263,167.69250120786344,170.2400525026448,162.67112976255288,162.4258193998064,172.00508019833563,145.70676699087838,176.54562927642846,182.76907462637365
2019-01-10,187.97901484130585,193.00655573560343,189.17511653460193,194.49008950114398,166.0092215824214,169.80299911255972,176.19722780982713,166.2695936124228,170.24194785205287,167.07507115696728,169.50496413932842,162.12805471921953,162.03127384247864,171.44964343930204,144.58065159709017,175.61834353702002,183.63861948416488
2019-01-11,188.67416402766622,193.82623657543976,189.83377058490703,195.27659025362823,166.58356937602258,170.48578556632074,176.98842959540664,166.80585501315505,170.88889905694725,167.72209842851154,170.01788635219899,162.4554578915062,163.25610034153962,171.80466591386732,144.78700284282905,177.56573597900643,184.19005477528344
2019-01-14,185.74050476850155,190.93541813257505,186.84650562691897,192.33103631478352,163.94518378320265,167.89609200828517,173.67230085967083,164.12950777721298,168.26094281544556,164.72719146573758,166.89078647368603,159.30318096549675,161.5426503524019,167.9010992648796,142.34898508945318,175.29141290675886,186.37862559307604
2019-01-15,188.63077149953952,193.72957627854095,189.803872844261,195.19189732669986,166.65869224349973,170.51982746742328,177.4913883676046,166.89814762447725,170.93951675248223,167.64531057512036,169.9853688148078,162.05067356833948,163.97387981787276,171.50745640527023,144.0795695166748,177.2353536110375,185.66415017311414
2019-01-16,190.51231098461164,195.65736056318968,191.70913675891967,197.14690600675763,168.3090622360521,172.2037178120817,178.45493013856463,168.56140301404304,172.63857202908932,169.44676119683896,171.38447960041685,164.02883035347455,165.77628321016851,174.21561579538124,144.66823662973837,178.56651530219443,185.86326753885072
2019-01-17,192.08067403657734,197.31429568298842,193.32223402940085,198.855623925028,169.67482952880343,173.64258136202128,180.7886724184542,169.9603209254314,174.1159848509537,170.8751282375831,173.14840369918426,165.36096795364753,166.7233772470892,175.37783293936687,145.94140139480245,181.0914968581661,187.71605254057008
2019-01-18,194.23370933023304,199.38798610974217,195.6100912999383,201.06929017410496,171.66126251590956,175.5526170223099,184.12766736459395,172.06403010290057,176.1476781480568,173.0113481638626,175.68979615728966,167.42016524280038,168.6774435212982,177.29160793659545,148.72044748515344,182.04118319587548,188.1863496711794
2019-01-21,194.08383042784135,199.22821240593888,195.4533449011302,200.90172436799705,171.66912880441586,175.5609834144349,184.12766736459395,172.072230237828,176.15642268058573,173.0113481638626,175.68979615728966,167.42016524280038,168.6774435212982,177.29160793659545,148.72044748515344,182.04118319587548,188.29845571811737
2019-01-22,191.41227611545276,196.50407312295533,192.62772066761673,198.01089015621778,169.160393070744,173.00611644274164,180.85323532668605,169.42795642030202,173.4550850356605,170.24787173073918,173.29346843105168,164.76019879172387,165.2216829370712,174.46939758963921,146.69276419323558,179.09277394735298,186.73224305019363
2019-01-23,195.2197444864324,200.4894167177087,196.49759387368678,202.07074905962733,172.58523716310836,176.5814064855489,183.35455840224796,172.89559007803817,177.08254048656764,173.89630837506914,176.68062677507038,168.63733647394372,168.99697100295387,178.2699208306623,150.1190501946825,183.72750345484155,189.57499075747194
2019-01-24,193.8716461920291,199.06956605217823,195.19870202955175,200.7003375167638,171.40538030795855,175.3423275649765,181.7087372091553,171.76719275302733,175.89577742472608,172.40589117385855,174.73229795649027,167.2669097770295,167.46512058128752,177.52292748083468,148.12764362563038,180.94678457172262,192.20192195298077
2019-01-25,196.34889496458212,201.64085759107434,197.66391260555469,203.26280231202594,173.66867320430777,177.6859024624377,184.08123376544455,174.01165877680245,178.22275347654096,174.89404463399006,177.052433979126,169.75847486093903,169.37428978283444,180.29458715571653,150.47265107136298,184.42919437282873,192.20192195298077
2019-01-28,194.5767376061998,199.9581522226772,195.78506690658799,201.47068887191995,172.2812242469886,176.3994767454369,182.23295531361313,172.54187167076208,176.85308318299377,173.71008587634157,175.97285219624663,168.4872573796564,169.23967166725612,178.57592001821263,149.96996546129944,183.16155204943684,188.7890762363364
2019-01-29,194.34036424268527,199.5791990265468,195.51602246159374,201.0499926011816,172.12399274078282,176.1158040357655,181.28193214082847,172.3578889521273,176.5352479587412,173.3042542203505,175.7120893545099,168.35910864338192,169.41616989896568,177.96015527614531,150.01238728640277,181.32906092239588,189.56930212602873
2019-01-30,195.09305204985264,200.30254938070553,196.3420021244655,201.8501853837034,172.81636470668985,176.77974121592555,182.60830622991912,173.1152528684603,177.26724510486667,173.85302202658352,176.07525413731724,169.27127810130375,168.99176039588912,178.88568044861327,149.6859591950765,181.0988011932088,192.39882903467912
2019-01-31,194.1924814404772,199.45268353808342,195.47255297576422,201.0362046911073,172.10784555242057,176.12723616983646,182.6075725058412,172.44290735588157,176.65585160575628,173.17075147181347,175.00192887179264,168.17481779410898,169.14840126355705,178.57404984217183,147.97816716926334,179.5838787785512,192.74141328605882
2019-02-01,192.13591482339785,197.15233996551797,193.41654740743456,198.72511546398442,170.22734819003904,174.02773688921192,181.51583090449998,170.56938429531132,174.55408301079345,170.85583278468536,173.07958696737114,165.90280356011232,167.3323442123035,175.1868797315598,146.7443041373885,177.1509608993659,193.56554591584072
2019-02-04,193.4334517274792,198.58987712991842,194.7757542687834,200.23505519631678,171.4493447565872,175.37739890034004,183.5606954668317,171.84536732196563,175.96695461289832,172.27284961866823,174.60976521636107,167.01783784738623,169.64073116117024,176.78180080030822,147.45880277601975,178.6465781010105,194.70759752963986
2019-02-05,195.30092708126935,200.70046486236572,196.68925402616406,202.40627674957557,173.13698282625742,177.28259013613666,184.94186993591333,173.56854234031428,177.9197766225465,174.37335978632308,176.28575783077082,169.18778608407877,170.71093639283063,179.25606427543875,149.35230463283398,181.6255167783809,194.522580417991
2019-02-06,193.44585149977377,198.69752473692392,194.79760253040723,200.35738575353616,171.5278842597228,175.54769474858355,184.28784181282387,171.93538949499424,176.15359443533018,172.99014780470245,175.49613532632992,167.6145333260288,168.53940302082663,178.21177266513263,148.5868305899446,179.74594807924035,188.32412894354124
2019-02-07,192.7363600010799,198.05573481074958,193.98341502643197,199.6070537587318,170.8549314511944,174.93708027071142,182.8250757030191,171.16752592546572,175.4445535414825,172.3419148575866,174.8219656998441,166.92595224527713,168.47846959602052,177.71698325969666,147.16154916576377,180.21171495928715,186.9904036125428
2019-02-08,193.7854520222577,199.12667798672325,195.01062112284325,200.65541371587744,171.26521545166017,175.32935731181826,183.73862585899394,171.53142104746303,175.7864757887082,172.57196865426505,175.4454021032999,167.09691728765216,167.8767505191681,177.69845760682273,147.24693707647418,181.79598341968403,188.61780613318462
2019-02-11,193.92460546455305,199.2954858257044,195.16535048467455,200.8422846221705,171.4017206985289,175.49329832427247,184.68496461597869,171.68212404626448,175.96678473630956,172.8719247825322,175.89671894060226,167.26169969291473,167.7038986910415,178.17705716762686,147.50423574997512,182.61717951528487,187.333142447572
2019-02-12,197.1301664139847,202.55667337754758,198.4460471700395,204.18591077170896,174.28764412154672,178.41990741728804,188.5009168930336,174.6248542323574,178.95572138176703,175.8984556340126,179.38148632177848,170.3189223726161,170.05514248210397,181.1422614146727,150.36719706200398,185.47540179935592,189.44038797366142
2019-02-13,194.37680767934145,199.5925539614621,195.6934543647732,201.21299455835614,171.88283609958197,175.83565079284574,187.15167169097288,172.2340967077645,176.37855309827236,173.13914128908675,177.20029936762526,167.57243283451996,165.2022164540214,178.58972230576182,148.41740496917257,183.32177037454986,189.39168243684347
2019-02-14,197.0509176809371,202.25452350127307,198.3548667203367,203.86024542830646,174.28583533357508,178.21861540631411,189.59448407510376,174.61534139327827,178.73728342971634,175.38234487104282,179.31770107331727,169.7995034115201,168.34643225425742,180.8521379593218,149.8410783786244,185.24542286356208,192.79325917042735
2019-02-15,196.75256465541685,201.84662401392498,198.06128000241068,203.45221338441917,174.06030258358896,177.89639320732735,189.9762436236219,174.39709045495172,178.4185146055778,175.07906197778144,179.89012681527487,169.41268468375537,167.62272106120568,179.12541438799317,151.1681123981382,185.92924634205042,192.33451702711787
2019-02-18,197.18685671825108,202.30929620431763,198.51527543928438,203.9372200023565,174.06030258358896,177.89639320732735,189.9762436236219,174.39709045495172,178.4185146055778,175.07906197778144,179.89012681527487,169.41268468375537,167.62272106120568,179.12541438799317,151.1681123981382,185.92924634205042,192.33451702711787
2019-02-19,198.72058176139214,203.87647182337858,199.98227773363317,205.43442230306405,175.2554652550605,179.10556326836422,190.89880851273102,175.51780470889713,179.54891509980197,176.30695238363293,181.0113544299355,170.82813969102946,168.21113854852317,180.519842236818,152.26824922569074,186.61403524232446,192.11933092666683
2019-02-20,198.94311003722592,204.03434829625758,200.24814586810203,205.63545953843047,175.3869784584524,179.17297569450326,190.78741839471044,175.68519120695365,179.65171271112175,176.55448877895157,181.16447743784835,171.32163901279873,167.83796545273054,181.36736146130156,152.76227067598475,185.97204137647398,190.47215780264105
2019-02-21,198.44277466058946,203.53016294624555,199.8081447045578,205.1956196271147,175.00241396347465,178.79059749188679,189.44686534497757,175.36028330699673,179.3329927806149,176.21278861693895,180.74390974493016,170.95291706075707,168.23699065632695,181.4040223301279,152.3225799754249,185.30110779719416,190.47215780264105
2019-02-22,202.09609866334617,207.28527130118007,203.51241028761203,209.00934415567312,178.1827927322973,182.04555154479436,192.66263011919605,178.5690596514148,182.62138368769084,179.73770831255172,183.78953417578592,174.18575102839503,172.89285208219817,185.2413200052805,154.5722370590227,189.05276679418216,190.47215780264105
2019-02-25,201.5033215665754,206.94880583698344,202.94256337478936,208.7099604323847,177.88583684440437,181.99938933353695,192.05592958032332,178.30522223013773,182.62179440243284,179.68031586710663,183.31121231640648,174.398018083777,172.1344331243632,185.70416099890488,154.04020186078245,189.29947715868843,191.1463192048176
2019-02-26,201.6077751031468,207.01017452929023,203.03017774910006,208.75119107104268,178.0240966336009,182.1007428853572,192.0824432173734,178.42958589716852,182.7066445551012,179.78002277485425,183.8758605450078,174.7176570144658,170.9417361855847,185.38103610588757,155.44834205005097,189.63888682911556,191.0452843078039
2019-02-27,200.9817060244406,206.1717695088755,202.43760656684242,207.9383893604611,177.46190162982433,181.34638190883868,192.0890082469694,177.90038881123198,181.97884086379935,178.9750143204751,183.31630330848327,173.5846498959307,171.38802860387327,184.20631512017854,154.72247237305652,187.84765409282213,191.3230060686076
2019-02-28,198.99747751860843,204.06011201413966,200.44675737247215,205.81384623848356,175.6719675944445,179.44602256231767,190.17079460909508,176.1115977100235,180.07480542806425,176.93217081129774,181.6821864377445,171.3241072633729,168.02616667203358,181.95377934525257,154.16989856789743,186.4596946239334,191.3230060686076
2019-03-01,200.10531463309604,205.38878888585228,201.69570811899948,207.303786525363,176.64249079969335,180.6132851179913,193.2130593652749,177.20581937815987,181.38267781757574,178.33404094755687,183.67560563123283,172.6960890439209,167.21416217181795,183.4067143695187,156.0371596926262,189.0030784498515,191.3230060686076
2019-03-04,198.359072053665,203.48833177002854,199.94214382786123,205.388254295306,175.26038077080096,179.10775522127048,191.76128626602207,175.83168859085188,179.88007734489014,176.72239172394998,181.79749584994133,171.34380596051386,165.394440866536,181.93963007679707,154.16810757725912,187.37432100341104,191.3230060686076
2019-03-05,201.85990040225388,207.09352899497054,203.48746619393592,209.0453568840906,178.13203313362786,182.0460638831317,194.2228048693338,178.7189531902425,182.83786922298185,179.89243132710286,184.51009651692644,174.6997885897411,167.75926242494904,186.0916207769564,156.8156401634024,190.32075200520197,191.3230060686076
2019-03-06,200.62976201079036,205.8294984653257,202.20616637831807,207.72526809436144,176.99088915823384,180.87574607283915,192.65916211524038,177.53414601098422,181.61976567207833,178.9750987749741,183.67099214806157,174.03500890880997,165.8456637904562,185.64723705637036,156.52995656402155,189.92977153789366,186.75923694918495
2019-03-07,201.56708574807897,206.65612724525405,203.0651143389922,208.46245714289074,177.7236674243388,181.49739423224796,194.10839991522982,178.18710745837117,182.15119582319258,179.546398811033,184.60333901262317,174.1684401347865,166.18005784584727,185.91363317078049,156.65447814495758,192.33326013436113,186.75923694918495
2019-03-08,202.99691912519182,208.1654135604046,204.40860873669595,209.88316069002383,178.99319851234472,182.83384143251874,194.30066579467496,179.37181393107525,183.40027841351878,180.6902357860993,185.76628575352663,175.04777366846972,168.07206943174742,186.3021898117484,158.1723602575256,194.72959024644106,189.03975174162483
2019-03-11,202.67183961640484,207.84745367832028,204.2201048041005,209.7114548050885,178.78786908832356,182.64149226327814,194.74572214323908,179.29601375485558,183.3464791433805,180.6324129167667,185.27429693680673,174.8237033969311,169.09340681082622,186.78064407780573,157.16235505588324,192.9463985670617,189.03975174162483
2019-03-12,204.74084739243273,209.9804561886406,206.2880279321301,211.84599837685235,180.6331939754905,184.53761221294002,196.9942361057668,181.1319691363743,185.2348119297668,182.2851656665979,186.8571715205492,176.427488140303,170.66540887261797,188.99278183142897,157.95800144832617,193.522055334107,193.37692143232064
2019-03-13,204.46318085100535,209.5364137419669,205.99552992858756,211.37798417852025,180.4296354326144,184.18577555339908,197.25568911444782,180.91788198217492,184.86501146171227,181.77793238199624,186.77678370752372,176.02947456359118,170.42286187774255,187.5681232260063,158.65957341046192,192.9711029174348,194.66333179754548
2019-03-14,204.05346628427878,209.0769466482047,205.65486225898763,210.9898434845845,180.0197102539906,183.7291525193419,197.25989394569606,180.5707790119888,184.47315667970722,181.35759293438628,186.6615726056502,175.61118575779454,169.6292796897302,186.75438153965945,159.02236340347676,192.57569199753766,194.66333179754548
2019-03-15,207.2509577051641,212.4350592877272,208.908528769065,214.41514968774405,182.83477222499434,186.6768363646076,199.5824617228696,183.42260665576006,187.46585346248435,184.56721458740716,189.6192954570735,178.9767822564819,172.86046684834054,190.45352353893406,162.004724821368,195.01486899456575,194.66333179754548
2019-03-18,207.28343471339215,212.4549929414441,208.99551829302445,214.492640062794,182.78867896199225,186.61451614700817,199.46762184474807,183.42290535440503,187.45217936349957,184.552528041574,189.10412374556637,178.93763020612573,173.70381877370582,190.52652101886883,161.40307086803728,194.54744285744448,194.66333179754548
2019-03-19,206.12404880248624,211.2900607532061,207.8080049281398,213.29767832509233,181.7023492134283,185.5241949279779,198.3239543474018,182.31330683050444,186.33699037723173,183.3547770552574,188.19013613105705,178.07746372756262,171.6503998495685,189.45397373772508,161.2165252657075,192.80536874147415,194.66333179754548
2019-03-20,206.47453647586678,211.52258112423647,208.12800369711647,213.49168714763832,181.9994955622168,185.71136229587356,198.84520405743677,182.58054721344703,186.48721034049004,183.51603063517808,187.75816887785496,178.05331389017937,172.9589531449122,189.5350148063267,160.59794771652832,192.12568619447782,194.66333179754548
2019-03-21,205.8467888765971,210.92265904094086,207.53153864309346,212.92665843011983,181.54905517539046,185.29535608353333,200.3793898114677,182.16592445848275,186.11092970660687,183.41346326705724,187.9606139655662,177.63923293572577,172.02049020748177,189.60249743104492,159.35054854525197,192.43869887908943,191.14677154718328
2019-03-22,202.6340528064088,207.60553305358096,204.11360083805658,209.386099295167,178.58480875074645,182.24160941280968,196.69190619942424,179.02303714598048,182.86316102025762,179.92179493633145,185.00067643041612,174.08485452003592,167.13011021276859,186.49955090765852,156.1412507887192,191.61326777672642,191.14677154718328
2019-03-25,208.28495436373692,213.36207609704715,209.72456208200657,215.10405282376587,183.65533227534044,187.3895188949431,202.51010710344644,184.03555560860482,187.95256544863648,185.77390511283866,190.58707695163633,179.68169216672868,173.17620427653287,192.1973885206197,161.06059860431512,198.92519560902159,186.59686115974088
2019-03-26,206.69107028538795,211.63123034494996,208.2056434423082,213.44683418758947,182.2519267868491,185.86804706505723,201.55574134163183,182.70779295981976,186.50634303730558,183.99597843580122,189.21764673256484,178.0052689604678,170.31348964369337,190.5221761904234,159.40161373996716,197.48458276265154,189.01120113679542
2019-03-27,206.19736447873964,211.14640777848734,207.68683048616307,212.93577513179085,181.58054006512248,185.19260161717446,201.40988168841614,182.005648988467,185.79804606103232,183.89457391908095,189.64906153198112,177.86990529667307,168.61556315675975,190.59538542323182,160.55944620735966,196.81016438308757,181.54333849477314
2019-03-28,212.72912194654162,217.84817647002242,214.40180988879774,219.83992935779182,187.38129997842265,191.12281928040528,207.97671696324943,187.94593250712813,191.88216356067147,189.929996241302,195.5197872996878,183.73047357241143,174.33277815033767,197.36324422954664,164.50925992415804,204.2944007312299,187.3400574066463
2019-03-29,209.8909937211873,214.9206402318419,211.6111985480422,216.95924339593788,184.89807772688002,188.57143301837652,204.09514434524056,185.519563472552,189.3882832801137,187.0934157087065,192.0430624849099,180.74645485529416,172.0968259927827,194.54828346606092,161.55394153606767,201.6745964162408,188.89879697016067
2019-04-01,214.07890235053623,219.10828206045377,215.97626158467088,221.33484248808423,188.57951404509535,192.23387276589472,208.01348776873755,189.34329039134633,193.2008840158722,191.0550748425941,195.7137525713257,184.48295923594907,176.57348636253124,198.4944896370007,164.70626132912233,204.128357462354,190.53299459202395
2019-04-02,211.32994709326724,216.22297555011986,213.22280967405442,218.4384901403925,184.96659658232588,188.43687801008318,203.9132658038827,185.6860050430959,189.34840726777662,186.99010652396342,192.0329408611276,180.75791271274088,170.66122191015924,194.7103887217906,162.3953176430235,199.52229312001774,189.53411817756788
2019-04-03,212.6367076864859,217.6160020057626,214.59600125807293,219.90636123479126,186.01138143273042,189.54799682353632,203.95809930452486,186.78044489505808,190.51528526287055,188.372316764794,193.28393691711054,182.29211601609813,171.52377776880334,196.27463613479046,164.3151780993503,200.81747216512068,188.13921941962067
2019-04-04,213.82257665757854,218.88684591092496,215.78345309856118,221.1829344958136,187.13149860623278,190.7446033627386,205.53025173106712,187.90005813677072,191.71485370285407,189.37753232147966,194.1467341543993,183.39479714346504,173.1498835769541,197.3898006156722,164.91027297566913,200.0147458792376,191.31082315758243
2019-04-05,214.49631669893563,219.48066808128988,216.5249333238758,221.84473665439418,187.60091897859527,191.13129533336243,206.75766913054662,188.4223288933639,192.1537896564126,189.71408917584264,194.1693696111937,183.64230914983338,174.8072193095663,197.81781448474405,164.61428338246705,197.70382471113652,192.8270350063962
2019-04-08,216.11154885103306,220.9961370702563,218.14270731820372,223.35740890664826,188.66981209538832,192.08194685537342,208.26447544559306,189.47056481771273,193.07681543641579,190.74197344359783,195.28515625975737,184.501501699539,177.28934760569578,197.59272706664353,165.43526304345048,199.64538902735558,192.44989751033972
2019-04-09,213.8110410901247,218.65386538205965,215.74360296023804,220.90855688412768,186.74807410434835,190.138232087705,205.43914079572215,187.47461957244826,191.05345589777608,188.72496264912886,192.91082113185632,182.6558426767397,175.31007998809233,196.1430693768557,163.22956956539022,196.84993620675033,190.63420549166645
2019-04-10,214.8825927428103,219.74180333003238,216.84125452162647,222.02487449008208,187.5553402862811,190.947783104276,206.28473030060266,188.29469450523212,191.87664892295436,189.62694062526518,193.7029422544933,183.43128597067718,176.00735392877337,196.71475854275772,164.03955251537488,197.3315112243638,190.46871312185073
2019-04-11,212.13759565674204,216.96716539771566,214.12272232910857,219.27754449626988,185.46240966418338,188.85864464150202,204.8677468662738,186.25217628043157,189.84136122369966,187.63455911766818,192.06014115465675,181.26123362425085,173.28013123094595,194.03406122520997,163.08290369473565,196.63865321905013,188.2379577366144
2019-04-12,214.78686968321293,219.69255060556262,216.8393215013232,222.07788987618017,187.7727376874085,191.22534388028188,207.51897283960275,188.6105865557092,192.26156973494912,190.55276214506884,195.05273516121153,183.98319970229235,176.0031373475223,197.25934181350303,165.86932655290562,199.69902551682807,184.83170457208968
2019-04-15,215.77881018311209,220.7308408982059,217.8421089741728,223.12986892334527,188.6594149663229,192.15056760659266,208.39106040381955,189.50324120990467,193.194884891268,191.4622355764767,196.1924003405906,184.8493355148631,177.0491283645943,197.69911743817536,166.96428436420746,201.40056936557613,185.89482913742418
2019-04-16,216.46405524490194,221.39728775936317,218.65680264527722,223.93307763117022,189.05948600471393,192.51867635409351,208.597302215827,190.0082891237898,193.6729259699127,191.81682798139437,196.01885984477238,185.2426495440902,176.99965670797738,198.3907311624025,166.7951249219999,202.1092456685986,187.62746728145737
2019-04-17,218.33373233754224,223.3674561224353,220.5616738468691,225.94546589584098,190.66957255426726,194.20963467352357,210.37687320413463,191.64022574979572,195.39079765501512,193.8528730518757,197.76808290653528,187.25845031746343,179.07984524625033,200.50934881416032,169.22597866668266,203.68239712590957,185.69110473558015
2019-04-18,219.9647279851859,225.00173387629746,222.1947885976701,227.5817433715921,192.02148659914656,195.55266394418805,212.04459088321988,192.98298596928547,196.72353925038283,195.1006567121205,199.37946138420355,188.49897875393003,179.2978479727321,201.76086880255042,170.3813110563526,204.64740360744943,187.7423441226972
2019-04-19,219.95235644080572,224.9885923093311,222.18181097459305,227.56791942501135,192.02148659914656,195.55266394418805,212.04459088321988,192.98298596928547,196.72353925038283,195.1006567121205,199.37946138420355,188.49897875393003,179.2978479727321,201.76086880255042,170.3813110563526,204.64740360744943,187.7423441226972
2019-04-22,219.84040457704327,224.64725633990832,222.06915072068261,227.213947615537,191.77200243564448,195.08737940592343,213.67974854336444,192.7265373820499,196.24054687866882,194.58848431484677,199.13404460848355,187.77690555242643,178.60590728691096,200.09076025779126,170.5121773426328,204.27464265834604,187.63245276979927
2019-04-23,220.81999467448674,225.61180468270433,223.11533640583687,228.2483375991079,192.42383824887116,195.7093071433008,215.09001097927927,193.42461430356073,196.91002978128697,195.06613175694173,200.05398283879288,188.19274407032117,178.27186272507797,200.86112426715607,170.34812719407967,205.14739039773656,190.24754439795498
2019-04-24,217.64408176490892,222.34596230058915,219.79255159082035,224.82234171592754,189.7218063584272,192.94484812936307,212.59157419387697,190.60850602814517,194.0218586354932,192.08077483373688,197.9410940020068,185.24499235997735,173.5718841843225,197.84168993904484,168.7054459601678,203.12447096196556,188.7898802393408
2019-04-25,220.89374236505907,225.7333764460904,223.03954050634016,228.21324754261423,192.8765319214841,196.2272266826607,216.48330023519696,193.75957303494496,197.306149535133,195.41079160020098,201.4318855971836,188.4405626734569,176.0301909010061,201.2266339525619,171.35001861021263,207.3685522610981,191.13599952007908
2019-04-26,219.38722019160303,224.49466705470513,221.48282720345952,226.9352583036846,191.4820171691778,195.07722699080395,213.9506928131898,192.32337207923794,196.1236401367493,194.17679313143628,200.39415276016297,187.44644276336925,174.68135708375775,200.30248367625515,170.04853039583205,205.8833254036516,190.66667907962332
2019-04-29,218.5121983957906,223.52437302924685,220.65379196787075,226.00929712594055,190.7770746027656,194.29375419244437,212.8631672244583,191.66677123033313,195.38787076834348,193.36419742806606,199.70527615679228,186.84702202815123,172.9588642653706,200.03624412524434,169.81711727252247,204.93263535729645,190.86008341460698
2019-04-30,219.43045769441704,224.42764488874195,221.5580131744301,226.89661184101294,191.43631082235257,194.92674919802874,213.11189193067418,192.30254463090088,195.9946420196739,193.97162258432817,200.645056444408,187.50798992756668,173.57286773711382,199.9697135326946,171.44106054014517,205.36577853473236,191.3774601561228
2019-05-01,216.61054982124583,221.53770197270669,218.71630701635308,223.9805445916028,188.86166554581928,192.29524396190808,209.46563540884134,189.7166524478015,193.34873281819432,191.11496953374333,197.92497500187528,184.89800972101312,170.92252973399627,197.81308254740463,168.81002431764816,201.63532102488423,191.3774601561228
2019-05-02,216.50084917043432,221.6739397254538,218.62828405707796,224.1525547519865,188.61987657686134,192.26737393094618,207.92142351184904,189.48841438642697,193.34540418003084,191.2090522416441,197.67178823881508,185.0985976478271,170.86452583046963,198.658642362792,168.55150734914608,202.1498747346956,190.30159253660636
2019-05-03,222.0961449929397,227.48760052026324,224.34488464081883,230.10536348957072,193.2445639789663,197.04767333077191,212.86453047137616,194.184131513665,198.20814059547644,196.36490283126207,202.0358764416151,189.37464568657768,178.77467984813188,203.37100154589422,172.71574295357146,206.14462410040355,191.29059274651817
2019-05-06,218.38947285566837,223.47526831291054,220.50971365196173,225.94109732245445,189.97830876590388,193.52116854664956,210.6207292985546,190.81845517052903,194.56382926940557,192.62008079047638,198.87084504023736,185.1438953192123,176.1408001293032,197.95822121932162,169.89140846508064,202.40224308310593,189.2136765697072
2019-05-07,216.753877678069,221.8936042598064,218.69833445722756,224.17530544904517,188.336130409213,191.92230106631115,209.1347240542448,189.01629234668283,192.79723642679144,190.8002358367977,197.09945684542024,183.23770456459206,173.7042528710973,195.79703196626497,167.5005954202336,202.96905215360442,188.26177914235114
2019-05-08,217.27823152275198,222.34268184382762,219.2675018374544,224.66821507543625,188.6182629550843,192.12383728172256,208.88827588601316,189.32853227778818,193.02699966841968,190.82973911988194,197.17551563958926,183.34119387035753,173.7820302839987,195.31623371107727,168.52863320954177,203.15270595603914,190.63385887619066
2019-05-09,213.97763753851518,218.9791203604186,215.87866918247207,221.20821030309483,185.48991095025013,188.93917209762765,206.07736232784322,186.12573336415502,189.76088719757357,187.37239141706516,193.88559039066246,179.22872564857363,171.89726068760166,189.84193912693303,165.99984087659516,202.0765034167058,189.9182141423642
2019-05-10,216.19859947673498,221.27862177646404,218.1493187320505,223.56411872157395,187.21730487656419,190.7145184066192,207.8373454636169,187.877966537757,191.56470836385552,189.41779060660636,195.980260025356,181.2528375833165,173.23600253089276,191.81174218570695,167.76342688728045,204.4075680823911,188.7769246847283
2019-05-13,213.71395324133368,218.7133747152759,215.42942781432458,220.74464511125723,183.3299155679263,186.6638674076605,203.23633797137032,183.7165566285385,187.21573686504115,185.18663179396077,191.92484701998973,176.84767847651884,170.05917689805594,186.3384997095379,164.41759939440303,202.02308055908736,183.73401473806393
2019-05-14,217.364390144646,222.40043229404526,219.20054048859942,224.56135004962388,186.36374062970256,189.7055961678778,207.01900296092361,186.83390663858387,190.3463535961435,188.52559538767483,195.2982960386712,180.2526941017389,173.1667878453608,190.55570317395996,167.23513694144987,203.69673671048565,184.16226250346557
2019-05-15,217.55308603507171,222.56772898545742,219.43548541959413,224.77680843653033,186.37117669732822,189.68401919380707,207.94965790900042,186.87475583242826,190.35892497365117,188.7358253206318,195.39788583807274,180.13758410687782,173.55889576123784,190.46584780057353,167.63840273372753,204.4031756691239,182.04921101097693
2019-05-16,219.04631090580446,223.9878207713455,221.0079662465493,226.27731883567623,187.93638365274123,191.1933639281929,210.97508263998125,188.51441539599588,191.94465395726206,190.72135397458922,197.99509152827,181.41720572766468,175.6048269524866,191.72681219582773,170.16299296968117,206.89971055221602,179.1802699417829
2019-05-17,218.70582070696992,223.5663318221218,220.61367915060103,225.7945230385273,188.05104977907098,191.26148484856992,211.51218878836318,188.60073820326514,191.9805768529332,190.8392358338829,198.8710986699412,181.385755949427,175.5754024541845,191.3465083428092,170.96844029341224,207.44569569678396,178.36444460307962
2019-05-20,221.98691819960078,226.89394177767522,223.94403770943487,229.17619943954355,190.25652253507442,193.45606552900782,212.54489783292172,190.8063061104308,194.17464344587515,192.78873271159523,200.30395059762935,182.89619560523133,177.78165403054663,193.65719922981347,171.55809059141546,212.85596126231277,182.78320353799725
2019-05-21,223.58355000836477,228.60722226914194,225.6419304022057,231.00279042533364,191.69576319551126,194.99453092750937,214.6147963006361,192.32980182408596,195.806867131493,194.1353101779639,201.83642071016737,184.683044603057,178.99309680521694,195.12819401790597,172.6235110514575,213.48554804747533,187.17720944338686
2019-05-22,222.12651948010566,227.3213212439039,224.12358321507503,229.66065212948982,190.6607489308965,194.13126964172523,212.96760048394643,191.2574970763966,194.91202488491126,193.1982854802058,200.9996315265877,183.83087718329287,178.02690353473272,194.43097697469776,171.78587473349572,212.88017555715743,186.85019908112258
2019-05-23,216.86652380123292,222.29507274926536,218.6687498056298,224.43985673499233,185.88633347776315,189.57623607526,205.67328556252335,186.3267776792971,190.20142108810978,188.17098509807394,195.9955034317082,179.06274745213295,174.1466958286237,189.59003004535455,167.2242606861371,210.1315799802715,186.14425044427878
2019-05-24,218.08193157258322,223.48574493086088,219.9284062023088,225.67624073330595,186.86905417835632,190.527132450182,206.1480247691947,187.33972027298972,191.18296730112957,189.27236358721967,197.42780281982252,180.2691240882622,175.10998062843282,190.6178786657276,169.0318785632769,211.10209828889052,185.68688313735876
2019-05-27,219.0670292404534,224.5340793595325,220.96005374714923,226.7771948003575,187.04353325457296,190.7121428476429,206.1480247691947,187.52163555015886,191.37634984544042,189.27236358721967,197.42780281982252,180.2691240882622,175.10998062843282,190.6178786657276,169.0318785632769,211.10209828889052,187.94076186388995
2019-05-28,218.06740532377597,223.46283233145797,219.9388150387326,225.67950910151836,186.19029190299466,189.800945448767,204.7090209681205,186.65477004886347,190.44809043051748,188.03202926971042,195.94711733310962,179.86825819226365,173.06689875343778,190.91568884238526,167.49855216242878,208.37805812412483,190.54930735538136
2019-05-29,216.78262340151596,222.12796570221295,218.62909695149744,224.3158174648291,185.13334019111656,188.7089668327409,202.32315518001758,185.58450890793952,189.3404377721913,186.76073533732443,193.91313252020933,179.07482136767484,172.51359798551715,189.6208874864272,165.08598385645055,206.042411041498,191.42185840842683
2019-05-30,214.56809733689957,220.20900529013562,216.35838552565428,222.35227561755786,183.53432275325162,187.40036712378196,199.4143740125563,183.9603620939834,188.01832657935032,185.14863937991382,192.2367463443706,177.68111090078105,172.01284237370496,187.88080570336604,163.76248203612403,203.63857625959395,193.55774862801877
2019-05-31,213.82527572771707,219.8793887259307,215.45440178644247,221.8713011308481,182.6460251862545,186.8660200578954,196.61751048250474,182.92283259002465,187.34111258850336,184.39297477673395,190.8186289182598,177.63471162500198,169.67295101681742,188.04043179281553,162.32059656768138,204.9581821394312,193.8815950980456
2019-06-03,211.58607923880086,217.6894307619858,213.1096225471038,219.57124518287588,181.05351577247524,185.34937396801257,193.09846501401705,181.26257347047712,185.7556141486363,182.6917509563072,188.6084319667236,176.1555713376667,168.6394779611237,186.76425960117516,161.01985969021075,202.12231532787527,193.86780796082726
2019-06-04,211.053288810703,217.07755594960392,212.63351991846608,219.01636407402617,181.07207043821802,185.33137761783863,195.40446010986597,181.35368860157067,185.813468153398,182.68683267913585,189.56507709294218,175.66501045437832,169.33698871025942,185.6840880527423,162.0090010237663,200.73940878785143,194.64978539828314
2019-06-05,208.9018211659877,215.1346074862726,210.42604773617143,217.0242189332308,179.1055225825746,183.55330227291128,194.19503883388975,179.3438585313754,183.99764347353386,180.87181301390777,188.48127941226372,173.6802074508338,168.15403993370722,183.37082289222485,160.40684947419018,198.6194903287848,193.0962820017897
2019-06-06,211.05400388533812,217.15655745266952,212.596505403326,219.05884090472316,180.9775396911604,185.30036953593145,197.64464406457103,181.2217200342545,185.74536310233694,182.58673180301764,190.6398084874347,175.29869641428184,168.85464387505417,184.47080415807574,162.2025398148495,201.39332320116887,194.96694610871202
2019-06-07,213.18561930429775,219.30797130922727,214.7822843310077,221.26876056339472,182.68004455875274,187.00127980700702,199.8271849006678,182.95570731991057,187.4797532537299,184.30205961991294,192.65421551264282,176.94508200478538,170.06256866066641,185.92675565349063,164.17044964577667,203.44968648355905,196.66491837955147
2019-06-10,214.1343032513199,220.4156567959351,215.86106488513067,222.52344102936453,183.56577013886545,188.02777889019083,201.00629807375606,183.95464265289127,188.6333003568899,185.56018797636128,193.27433250581964,178.02017278632408,172.82794212808872,187.4884663599288,164.26647642119136,202.32755092293004,196.41791976332564
2019-06-11,215.95942875122805,222.34908076296182,217.76449445025312,224.54573616399864,185.24017186335416,189.79596336046924,201.62764682585328,185.6933488107777,190.47429649439835,187.3632271128616,194.35449325137884,179.70811520034837,176.4701013320009,189.06729139932892,165.59608430535354,204.32300257171124,198.4276267061031
2019-06-12,213.10359772893665,219.71943186912983,214.7942654210346,221.80557716213798,182.5557167088688,187.31166274782663,198.65585487078621,182.91262589417306,187.89640361537414,184.75381582270555,191.69200002545216,176.6886145081389,176.85468317466953,185.37539232038424,163.10679424920178,202.0196554744214,196.59978018671353
2019-06-13,214.35852777452965,220.8482592985479,216.0339613219201,222.9114042206786,183.5789038050745,188.21303310263153,200.65640327567854,183.91342597181324,188.76828641749398,185.45444400708715,192.661881346416,177.1560696313739,177.32352905389956,185.6431527929562,163.88341915076634,202.6898576034931,199.34594367790257
2019-06-14,212.46755847091544,218.81737162659465,214.0955700152904,220.823177986524,181.5342198578416,186.02602481808816,198.94735801986906,181.8190752861081,186.52191712054284,183.08594920151137,190.76351085845803,174.74243162930665,173.9428717807755,183.2547810769057,161.65019537035909,200.18626152089897,198.8839855632578
2019-06-17,215.58177447068613,222.14796852883697,217.26053763727924,224.2181262202485,183.70415131575587,188.33855072613542,202.3317489799424,183.9964944867986,188.8486846142867,185.61275505379416,193.25417489476447,177.12851182503445,176.09161582538044,186.11940388060154,163.41010896815342,201.84837722689525,198.46250795678574
2019-06-18,218.41617593261938,224.85038718648212,220.2007659114122,227.02680897118998,186.40645915389393,190.92831086577985,204.55513854387058,186.7883707056707,191.52907209125192,188.26267290044402,195.3914224618734,180.1316130834205,177.48753727828074,189.51696109794466,165.77927349550933,203.6746019197921,201.09752711189293
2019-06-19,218.4709902147117,224.90910858726855,220.26713531416345,227.09810097769724,186.35545237633036,190.87408476133606,203.4390184888581,186.74313865782096,191.48087215315743,188.08788730166526,194.88928399188396,180.0156557986987,177.0709932268413,189.7323825877432,165.1814373369491,203.8963660952121,202.5439501983273
2019-06-20,220.10888922046533,226.3196061662921,221.82294415911596,228.40873234095537,187.65625604038826,191.95917283217318,204.93196173633797,187.95853436175827,192.46496045067417,189.1424151653732,195.66254333219393,181.09889159623927,178.15661719538195,191.1227713352091,165.65948608923975,204.91675986978018,202.5439501983273
2019-06-21,220.49772788118904,226.64137376185622,222.1681201859381,228.6803196742042,187.52818201784328,191.7405154012378,205.3480901473899,187.7706959577453,192.17853821145908,188.63505408865743,195.13456323836752,180.51166248219764,177.9069423680881,189.92606205814005,165.45525071127116,204.34546913471002,204.90329843756584
2019-06-24,220.49654904150944,226.650184819042,222.07885365836086,228.59532756912645,186.9461273498457,191.13044072836647,203.73537955940822,187.08719688681182,191.45909633797393,187.81936299731794,194.2575509602626,179.79753427953446,177.3684409024697,189.09778390212523,164.95125400146208,205.34266191429018,205.44477337757198
2019-06-25,219.8639703274973,225.97057452539988,221.38922659823658,227.8524879229004,185.869677035272,189.98204375514916,201.63323555912157,185.94230822977713,190.23463739583997,186.85987657851163,193.0930226315002,178.66549199261118,177.20264071931348,187.98683201646813,164.14299581760454,205.97852760733187,201.22273249417427
2019-06-26,222.767375181565,228.81305163870815,224.45937293143382,230.86984248133814,187.63461559234,191.63405639781868,203.9667955007498,187.80839603010892,191.98956681855722,188.67202506404232,194.25474872242805,180.6057050576192,178.14631646259917,190.2752301173146,165.3895424384767,207.4078037235204,202.0324596568964
2019-06-27,222.1164878179904,228.12473638162595,223.79258924386374,230.16282632193156,188.08600957499414,192.1186950589429,203.82616770472364,188.29069952463223,192.50855972252396,189.1413743794891,194.81426908578163,181.21214054306225,177.34342172936715,191.58748043299278,165.45583537961755,208.82789645362996,203.05771518793802
2019-06-28,222.06579725609038,228.30931957250561,223.7766400524872,230.39617759332253,187.30548068541998,191.49856022278104,203.61539535026475,187.5105189049448,191.89583736283632,188.37609943358117,194.37347751312052,180.23310463442496,176.999926819515,189.84350377501755,165.71460622051356,207.88000515554356,204.3395249345644
2019-07-01,223.79744666276267,229.90446641924737,225.68135982082805,232.16946207679018,189.82748596052545,193.95888706482063,207.0129594346509,190.21698468949177,194.55003278663378,191.23726109498767,197.45712740208674,183.43115309416422,179.30145932747627,193.60991641726955,167.64252515582663,208.8117297494719,204.11538501804714
2019-07-02,223.30726487744505,229.8208487216633,225.00543575729662,231.90767296892275,189.2641132250086,193.7456746648679,205.83167398733835,189.48734085211137,194.17540458477217,190.90631784197328,197.40735394990918,183.03270100081227,179.12229730380284,193.47005066028137,167.64591286116712,208.54270567837102,203.2843391442603
2019-07-03,225.28774841447787,231.874651611568,227.0537533403577,234.03732027236103,190.21674145233828,194.7047697801723,207.40190685554265,190.4582415862569,195.15426049162582,191.68140624560058,198.81415256057284,183.48815482052524,179.69781444739345,192.9667799572195,169.06519491574718,211.52845618571573,206.50285654122024
2019-07-04,225.0017241926148,231.56894211575136,226.75439984063476,233.71641702609028,190.45586676369442,194.95932777477546,207.40190685554265,190.70724764855612,195.42003722185342,191.68140624560058,198.81415256057284,183.48815482052524,179.69781444739345,192.9667799572195,169.06519491574718,211.52845618571573,209.8776424478721
2019-07-05,221.7498463394411,228.05861167102256,223.5450872288129,230.23971094898633,187.79754485300273,192.09881658720212,204.95700897647308,188.10857981323895,192.61436762749278,188.51450286133877,195.57185778764938,180.1785274439939,177.82435522388494,189.2601987027354,165.56607378810833,208.46562251801936,211.86167010799642
2019-07-08,222.93358832689393,229.29537315668605,224.79848639789418,231.55342944877592,187.93944909466697,192.22570277522325,205.18305362964102,188.26881124833812,192.76012856171747,188.49041662748587,195.47084521549957,180.0322100788207,179.15665248324754,188.35832147626036,165.5656931821627,207.78385802367944,214.08334804196963
2019-07-09,221.44153255077975,227.6670089932507,223.25122543405524,229.8594754955146,186.50260622414768,190.6670472737369,204.5879271314992,186.78506550385555,191.14608209522675,186.7686405818143,193.99878632188677,178.36295764957177,176.7752728593958,186.5865925454397,164.09846722074525,206.05694435296607,214.08334804196963
2019-07-10,223.11186317420305,229.09422161080948,224.86464376514368,231.21316006880187,188.20174598823854,192.1634311874925,206.46154596645238,188.43709201659456,192.58320605100744,188.08335099592705,194.92181843400508,179.56569742243315,177.99622445161182,187.66458657968775,164.24629966754534,208.26564630471464,216.82143123218896
2019-07-11,219.93673202769438,225.8076294817151,221.72444671170788,227.95913821697292,185.9821901899408,189.89292532093165,204.0626643991301,186.2853193519079,190.3826795814774,185.81945682782302,192.5496465800772,177.11305910306183,176.7504645412609,185.2973492325734,161.92031084060645,206.16242385962212,215.79950457824052
2019-07-12,220.78364936022598,226.7209613766019,222.54745017244625,228.85001093621463,186.4289719315553,190.37641309121784,205.29180682365293,186.6951259593481,190.82841707621515,186.50135089876662,193.26691314490705,177.48366769558973,177.16324605771172,186.0152724067144,162.111985901817,207.2772144737319,213.15142979147308
2019-07-15,219.05006806350337,225.07206300739085,220.7793150946302,227.1687873103969,185.50359280038745,189.56809818519392,203.80458045757726,185.77193072665955,190.02762250974504,185.70110598445527,192.34642475876043,176.98118771488697,175.82139999720934,185.41863262222608,161.58473822965442,206.43876435407248,212.47832995420595
2019-07-16,218.16659037287462,224.2473530439914,219.88296056455164,226.33343155281537,185.62279265191694,189.79811737806665,203.55877592803995,185.9208831185789,190.29423734000463,185.99481992365196,192.58704540695163,177.3021616662802,175.50557938551353,186.33399658012303,161.8434015875492,206.09773511338503,212.358969492613
2019-07-17,218.34912381444403,224.6406568774948,219.90384192816958,226.5641106201962,185.59497877635025,189.94323725225465,202.7164744921157,185.74227382804153,190.28626125064255,185.91481336170116,192.5659600726221,177.4237284930805,175.26130119420813,186.30925067505672,161.71563966099484,207.96491638061448,213.2569779292378
2019-07-18,219.70062783591052,226.23647715039343,221.21020749094745,228.12320317433884,186.08293187073798,190.59616907611513,202.76096028872058,186.15605592704455,190.86721671696384,186.4410072834593,193.03960557632882,178.1667972805318,174.467196782643,186.89354282197922,161.75398298519505,209.98407591777618,214.43063167723565
2019-07-19,216.10802346915773,222.41558918607538,217.67803422326074,224.35684080366963,183.09750381971688,187.43431365520647,199.81744544991287,183.24624695805366,187.77854084561415,183.31159060977194,190.0523209324459,175.39336916432018,170.14061142480946,184.1665427084212,159.01336194338904,207.22208519749992,212.3822452763489
2019-07-22,217.58275638370827,223.9187710556013,219.1576819733567,225.86633763149604,184.46747069203644,188.8288726190989,202.35843484027149,184.61707364908398,189.1750628154307,184.78827634157673,191.79304842178314,176.87452659169696,170.01394525521584,185.55454138211974,160.63405320495494,209.53226491241335,212.51672047946323
2019-07-23,217.3895373557393,223.63060242436526,219.01687448438884,225.629734203824,184.61184231532565,188.9109380203703,203.1327399662406,184.82104217057102,189.31802314908973,184.95537777508758,192.61318209788095,177.1299219662375,168.47370269902328,185.72298717048034,161.71382267288877,209.30592064001655,212.32998244394898
2019-07-24,219.25477709040595,225.70983651083276,220.85170483845752,227.68649020282786,186.25914143185332,190.74014555206023,205.99542735248528,186.43380075957177,191.11831953158227,186.85359822529898,194.72769607036813,178.6953008934107,171.0958380700425,187.32932047248238,163.17039806459647,210.24792323534794,212.58862737810614
2019-07-25,217.4878739532647,223.81599834478018,219.06599350512695,225.76667608862238,184.62956845026505,189.00026060223738,204.1782458314487,184.79233797101656,189.36095160373608,185.1881684617307,193.06944981105184,177.10599356389812,169.97068061404366,185.62850531792674,161.22279575868396,210.12264127167475,209.97400370153292
2019-07-26,218.30643697058565,224.6447336556748,219.89958734954436,226.61182780134484,185.37363552097926,189.75197196606757,205.19993697580742,185.54700531342712,190.12429608682572,185.87877392311051,194.09781996864194,177.66701977942108,171.8091069828365,186.17026710204684,162.18111441183999,209.08272698513616,211.51786453250998
2019-07-29,218.16901402618421,224.37574919019377,219.70334579710902,226.27337671480058,185.50920874109013,189.7890093194445,204.4747774332774,185.64207022921505,190.1137862838201,185.7626716926756,193.89237753981635,177.34039487956827,172.52950730653745,184.97055340151053,162.47414345971552,210.02911376812943,212.83083965453184
2019-07-30,217.46112832962882,223.4144701250797,218.91996918307495,225.219032688508,184.80537924884632,188.8595803124555,205.13853337376182,184.8716931939783,189.10357605223268,184.63533554203931,192.86105887628446,176.06711184158735,171.63679396034453,183.6895444511607,159.95592731068342,209.32051277437225,213.46742317347176
2019-07-31,216.2709932870881,222.15233512635658,217.76595627161325,223.9923039772319,183.38311245740485,187.35466337922125,203.72193285606727,183.47121232519495,187.61832531468914,183.18700559394773,191.73951189447004,174.96370510851963,169.80603471618988,182.4668742793791,159.1823079689612,207.7545171913852,211.7675859536243
2019-08-01,215.4943790976044,221.79452508015888,216.70199574041266,223.34763113289048,182.43665741895393,186.76179896371787,202.44477740749414,182.2657057815018,186.7647750523298,182.09988810218172,191.5849649979507,173.9523112227558,168.83922643471746,180.35489663497935,159.2274822029733,208.59609976476509,214.03061635688098
2019-08-02,215.2377810584003,221.3338921258515,216.41004402862976,222.83950220101895,182.08344704694798,186.22253680108147,201.31700014823502,181.87772527398866,186.18063472997954,181.467587936091,191.20006722784993,173.52472611971118,167.696044467067,179.88590666040406,158.314496775562,208.9561623202651,214.1724821934626
2019-08-05,212.81734315617115,218.72835058679746,213.66395257330808,219.87691836397616,179.00440408289836,182.92932232112778,197.29508943962642,178.48783539601365,182.54698630941655,177.9627768428693,188.1738285055444,170.21838070579466,164.29736927376698,175.24939703170526,156.6975788743481,206.05323794703833,209.51406969025825
2019-08-06,218.86466235922737,225.16355837580068,219.71177512817383,226.3295533899291,184.3237926607119,188.56615193058374,203.63107086951447,183.78069889473875,188.16847918289915,183.5989861317245,194.38008774078938,175.893607187197,169.76934995492218,181.89939104287353,160.83672290783025,208.72243561056902,213.94725049438804
2019-08-07,219.01462261279,225.58752795119196,219.77083886031008,226.66856052665963,184.1952153588902,188.65907848596447,202.7899221383835,183.56275790184486,188.17482897939655,183.57638518945683,194.3498068050971,175.9968218523165,170.45109858366285,181.89878091452027,161.1513335814558,208.7850060861618,214.32359177288583
2019-08-08,222.64050300259464,229.35053918756273,223.48795008485132,230.5351714263514,187.33183207812863,191.89990708685323,207.98673874882277,186.7604532286067,191.48523362674626,186.79937827357608,197.40810860752634,178.54770113051026,174.63680159571857,184.7892436583823,162.9046416323126,213.30400977730136,218.17767734915563
2019-08-09,219.13001341247838,225.45156782795152,219.96460862429993,226.6052430246708,184.41642572539376,188.66899724012072,203.5100307799317,183.85591203488679,188.25325070044784,183.25034847422475,193.52115352664393,174.81545889515374,174.66045314979078,180.5505617231999,159.837958662687,208.7595206103852,219.58464191938955
2019-08-12,215.7321191513776,221.70931539392274,216.29125673472052,222.5526779827465,181.6947508981601,185.67581600915582,202.26243784685002,180.91981106697062,185.02046085265692,180.1484098507808,192.6738019715076,173.86579866997934,158.36946584389113,179.3215954064196,159.4290037351302,208.6628678848228,215.22147429007927
2019-08-13,220.05607213356762,225.84233658898935,220.75101675164169,226.82227968994778,185.70122166373594,189.51433984160468,207.69004437939543,185.03211357704777,188.96576186183265,184.16434604544082,197.2225985761651,177.73776470946805,161.48476652619726,183.3818792298223,162.74877346789637,212.59996196294372,217.51723612651153
2019-08-14,212.63361503848253,218.29156952437953,213.00678475323366,218.92263426775105,179.7855323809723,183.5497344814914,199.77688606687047,178.89154396725212,182.75953074634876,178.03033666861475,190.61339150033504,172.0275875440325,155.29581277172338,178.08349398203362,157.24569682818031,207.31390186631887,211.48374764388745
2019-08-15,217.83532405847504,223.71834607651894,218.18056839856092,224.32896870541325,184.01671692496956,187.93846875080033,203.8895610359933,183.0626794196364,187.09071856711893,182.91359978368067,195.33251861358553,176.57154058688184,160.38947646057665,183.96350248613166,160.59707535217157,211.1886149881511,207.8172003282236
2019-08-16,217.12908148206753,223.05568261284316,217.62365134369568,223.82788128609357,183.4599074321752,187.42615563319356,203.80195228964578,182.6416187931292,186.72449750569615,182.44063632862736,194.94932323221502,176.16060401529273,159.77608277894467,184.2538491697103,160.08396090298237,208.5240389604596,208.84662380204682
2019-08-19,218.841858845248,224.6553342096087,219.47419425413273,225.5698413255436,184.56732267253295,188.40391524536912,207.95498148924517,183.84740444149577,187.80224088940656,183.71324479400016,197.16100403712588,177.6365444052408,156.99204316470153,186.154146152673,161.9930081148578,209.99731800720824,207.2869402397568
2019-08-20,222.06102112526995,227.9617114060101,222.61529674442983,228.79636673993474,187.3662078731533,191.26588815453584,209.8380342832796,186.5626078935819,190.57785097038092,186.67212541868093,199.63435218302857,180.618180818653,160.2932676891297,189.44689376760005,163.89796976740243,214.80323362514483,207.32579693454323
2019-08-21,222.30063517558776,228.2784319878504,222.93689356819974,229.20407705716835,188.03057313330817,192.02467959486395,210.35964051624836,187.31346454677774,191.43232529212142,187.20482902439107,200.2338099692375,181.24109106952176,161.42251084207354,189.41897830978337,165.03983900304226,212.70456348788116,211.97251166395077
2019-08-22,219.2922523998241,225.19044417050816,219.8841088701797,226.06535012643795,185.44249299081173,189.38097859253816,208.36352929897078,184.70224734183049,188.76161391606266,184.55065265844985,198.39555320153957,178.5297349022772,159.13828445651387,185.5297727408327,163.6741142714965,210.07477368473477,209.54388958408768
2019-08-23,218.42099431925806,224.4248330499607,218.71694214298475,224.9880659129849,184.40231673429375,188.41921349017028,204.26365595635852,183.39768450676337,187.52129247922235,183.57966683443001,196.96935057890875,178.13766020074715,157.7220622300721,185.77576066269822,163.30803359925824,210.05209370635583,205.14867373809867
2019-08-26,222.1511932731581,228.2893090879614,222.4743228132298,228.8871858807127,187.596871875231,191.71292595432067,209.2890723477201,186.5959352538302,190.82300780189408,187.39384520882237,201.628141002971,181.85349391357508,159.47975797848392,190.10587911518292,166.76769535270446,213.26593010600496,201.6082516384385
2019-08-27,223.4302397437867,229.4107695085567,223.66963333223953,229.91225980389385,188.80399456329408,192.7832299116208,209.7117084907987,187.72700715350757,191.8074175832679,188.2646009699353,202.45211696310506,183.08114163125418,160.11988503103595,191.4264259525975,168.0391859701857,213.73631787335592,203.78397235854092
2019-08-28,222.3610753247697,228.16295869247756,222.64169231823416,228.70100057140453,188.2211868558591,192.07011794919956,209.99358415928242,187.19726014920937,191.1459571968056,187.43048687922254,201.68668752947107,182.08849082923467,158.24174644305805,190.33462274806547,166.8078675095415,213.71129750747585,205.28243093332944
2019-08-29,226.4494445700415,232.31708314537394,226.86142568514774,232.99810538159466,191.91934098432083,195.81776517033566,215.3029758898545,190.99510150302535,195.00191836588107,191.14340841512305,205.93700772143615,185.86055578649467,161.227115869475,193.7138078422121,170.41531937989632,217.07986012282583,210.2438687343308
2019-08-30,227.38225089860288,233.5527558830391,227.85343665953798,234.31000664451332,192.67131750678985,196.82774798403275,215.119899539775,191.7922728571181,196.06968185873575,192.09142709067507,206.55600266608306,186.98415115753596,162.8273407305658,194.14527218970866,170.86646105099788,218.95100442161785,212.58827814179418
2019-09-02,227.8752611594666,234.07862154038716,228.36646977188533,234.85868014917628,192.57355598088714,196.72388266312672,215.119899539775,191.69106473899635,195.96190551286364,192.09142709067507,206.55600266608306,186.98415115753596,162.8273407305658,194.14527218970866,170.86646105099788,218.95100442161785,211.1860019157403
2019-09-03,227.72324472797553,234.07053488508888,228.05123659219424,234.6822883923142,192.16769226713853,196.4273534124207,214.4907175975396,191.13381747854638,195.50824072310752,191.7625612923513,206.34780310796174,186.7768903519566,160.54428371273735,193.56392145535014,171.00781433206666,221.4659969990569,209.2962055238685
2019-09-04,230.29418639274226,236.46494528019053,230.71085077035713,237.1639409434949,194.47486925034124,198.57469239315046,216.33183440268354,193.50812112979776,197.72153211694615,194.0288883973233,208.11435490995964,188.82718967922924,162.92399224813337,196.30129748327923,172.86559296881097,223.59839229275485,210.51976182910502
2019-09-05,228.6714601246772,234.89928453444523,229.38513880193528,235.9183594227077,193.194106883305,197.35840079644558,215.68633970023902,192.49893627912928,196.79653761097987,192.89344985244554,206.5911556318313,187.38827806709148,163.85032108494136,194.52345011999248,170.95057219768904,222.11558497229706,212.25270222119767
2019-09-06,229.82852866271904,236.05110582895307,230.6383019528183,237.17262313677594,194.34265484457674,198.50657249645874,216.72581350995483,193.7308826704321,198.03361029996566,194.2462589712258,207.60336714051365,188.5241660069363,164.70019775283535,196.1843828705374,171.88027642849997,225.39042959147943,211.88908960474592
2019-09-09,227.9793626503238,233.94114672820265,228.84058647641535,235.10616257452077,192.813324449627,196.7615785962541,215.6816070938261,192.2583725878165,196.34054771244635,192.53823997195028,205.6155183312733,186.89870781027554,162.40271618835763,194.74799800743256,170.4396998880949,222.9831916421071,210.6455592745713
2019-09-10,229.61841954941286,235.69171121695703,230.5554656301577,236.942602705444,194.3526426824532,198.39871165336498,218.01530399320782,193.860205665812,198.04814930048988,194.39768100788922,207.47988350328947,188.70855847617284,163.64297031583024,196.58926549759715,172.4541647996562,224.72510163626814,210.25229062275298
2019-09-11,230.23683314674622,236.60791127445552,231.17680902402878,237.8754163335983,194.875642004914,199.1789567720798,218.54133631561322,194.3822176099598,198.83762196751675,194.94446275823964,208.21376034877605,189.358468685482,164.15513140061734,197.69525049312048,172.69012009908778,222.70518367423531,213.80461454270923
2019-09-12,230.45051408146685,237.03308686089693,231.41474650113443,238.33616110973708,194.92155064055586,199.40034503160956,217.82260196461203,194.4430742962107,199.08193942791218,195.13712611089252,208.40921570463001,189.79023158334144,164.61805117363213,197.9464928922981,172.9848555001734,221.86277426047508,214.63277754748873
2019-09-13,230.69204220778255,237.32677196351202,231.75181395914493,238.7345312620066,195.17913512571297,199.7056243195438,217.80582566015335,194.78475652748165,199.4788352423582,195.7275876116848,208.66581741188227,190.44562432334405,164.75991242118988,199.57933014340514,173.65361382752246,220.12237290476335,212.62357581250484
2019-09-16,232.3227207728906,237.8927046444902,233.31967517582282,239.18376739765384,196.62373523872566,200.21354199196008,221.13372967517554,196.1675731875943,199.8830027992494,196.22928216802867,208.98238424105412,190.30556969439613,166.52797108874623,198.4537746328727,173.06986986922104,220.5707939400259,211.79814875293786
2019-09-17,232.12334223201,238.0790953908428,233.10760476468474,239.37425733703938,196.48607931959202,200.41647804024598,220.3118515303936,196.02112754999754,200.09020792439958,196.18403508411419,209.18337881932962,190.32668151194176,167.1183202273604,198.123234167903,173.73392920835497,221.65584175928896,214.97003667226912
2019-09-18,230.99084979267624,237.02172587780538,231.99012687813928,238.33648887211152,195.5284206699949,199.5309097328067,219.79344717711245,195.0831039856989,199.2283452732023,195.21714028285956,208.7376573321301,189.52433099646083,166.01547854077546,197.30266955710692,173.36812227397044,218.402207075337,215.51286923049582
2019-09-19,232.71580249425386,238.72146129645492,233.6842339227322,240.0018969437324,196.93631045972157,200.9039797853694,221.4083606371199,196.45220027746734,200.55882811253224,196.56825060106004,210.74912977008216,190.95109619745975,167.85950610326822,197.9514518621986,175.29855724001217,220.52206679093064,216.37631325086724
2019-09-20,235.86159774528994,241.93235099104865,236.72707615916542,243.1054134237737,199.6549264837765,203.6655908832019,223.52041469777132,199.0649296157749,203.20970751177288,199.3581850821172,213.13593231743516,193.63491329476415,170.34676948367678,202.3333169111183,177.2188280489932,222.6222086897613,216.91385158207993
2019-09-23,234.35247769722926,240.3581261766164,235.14342120953066,241.44880946379047,198.7017038957482,202.68345740928467,222.57816807963712,198.06711401127004,202.17895303208823,198.28548793799732,211.98381397466216,192.81919674115312,168.08458486380397,201.85854860267517,175.70671014830378,222.75169689970434,216.54940656778177
2019-09-24,232.41556850563586,238.50121622084086,233.0484823137456,239.42690519694247,197.8456638714932,201.95603084736013,220.5361785759204,197.1124459733021,201.3516183741053,197.49422100490509,211.4711531725239,192.05560717708659,167.02633881152664,201.15970314586215,175.1935213631443,222.78285063888683,215.42137715524365
2019-09-25,231.81696609595215,237.93996171865084,232.5909712821199,239.01809423675994,197.43404657185636,201.5865545999365,221.9286334823344,196.83179994459508,201.12309305924816,197.27359371563767,211.70326141415902,191.78485266886688,167.17545543971625,200.78779347187492,174.21359193789968,222.62217022504888,215.13464797254
2019-09-26,230.8291105491847,236.91912070686172,231.5955938578333,237.9878368218337,196.91511965129587,201.06380746842234,219.76140874333444,196.32359583919984,200.61157096100092,196.54982516758557,211.06687197694333,191.32169852994446,166.5044079808416,200.05523891370868,174.5346296847878,221.66376200829143,217.25103111218357
2019-09-27,230.82190945184857,236.9715739925836,231.58672674856007,238.04117637087958,196.74376636848706,200.93491544064213,219.60957238166904,196.14472104866942,200.4763302388899,196.43796608724372,211.04592692349286,190.71440164105525,168.24669750825618,198.70489895914886,175.51212450563008,222.35859648297142,216.8535785894181
2019-09-30,230.52281888582388,236.92856496461013,231.43883931866478,238.17127621998452,196.46256542840234,200.87950245204462,219.47903562610205,195.99738728230213,200.5722919714071,196.48096181279655,211.2790318061186,190.87934592487622,167.64734426838137,199.59575327273748,175.64619333364882,221.92191427808646,217.5770841438939
2019-10-01,228.61975699312592,235.02290596964835,229.4109659794908,236.13215738505912,194.73749705664284,199.15576961667122,216.19935731871826,194.16901964470975,198.7383952478727,194.64869895713431,208.9642901235924,189.42814960624585,166.4917638702739,197.82612428179584,173.69627064508362,220.87387331252742,216.02347845881656
2019-10-02,225.83314666035483,232.21813522863238,226.40459044131163,233.09162714507045,192.2282658678498,196.6368378823227,211.9074364873394,191.47674867002112,196.02374316419994,192.14423937245112,205.25474891941542,186.77722835565322,165.50398311929712,196.826723714802,169.25317738693516,217.33790897742614,211.18867665999866
2019-10-03,226.0334120628827,232.53728159382408,226.63721703636583,233.4506268754849,192.57538134459756,197.09884808329653,212.46946809743,191.85756329833256,196.52613859304532,192.55828462830343,205.33042382893743,187.27739830551673,166.1453845007719,197.561427948219,169.03341358155146,217.00511511184516,212.67790372649617
2019-10-04,225.6817427171922,232.16246691577567,226.3587557983899,233.15324861257446,192.38675214940375,196.8988489416249,212.75535875999068,191.7393397026811,196.40080583751137,192.2392248315704,205.21992185237355,186.5053471630646,167.4226428929376,195.55372947913972,168.75043174734753,217.22777861532285,214.9266703606672
2019-10-07,223.03052943234894,229.39211579386622,223.73138229170323,230.40340438562282,190.0555015551751,194.47207740287354,210.13824266159781,189.44110463563453,194.00533176375112,190.01546956348955,203.22396460169264,184.270381077143,164.82420690553957,193.20824712970045,167.45656703814313,215.31824965179007,210.81764352971894
2019-10-08,223.434682047209,229.83526288819237,223.96905391264409,230.66994488096677,190.3372164715622,194.7819901722902,209.38251001269896,189.5716873930726,194.15514990583085,190.31170678225405,203.30539201506062,185.05792168847597,163.57097535139246,194.54532595897356,167.58845755466078,216.80336860481003,209.15590873068805
2019-10-09,224.7103665942904,231.14764732768424,225.318905775441,232.06327555568947,191.16572283399182,195.61941198295,210.63220435022916,190.44917666677523,195.045255999569,191.04725116428762,204.2896842683249,185.87752381239187,164.01576089098106,195.2875170182343,168.52474895790647,216.70452200762455,211.77029711966128
2019-10-10,227.50760425217368,233.9353947330025,228.27070692889944,235.01591028800536,193.6136027970333,198.0482322601524,213.4385156623626,193.01980993174658,197.60452863558973,193.74598668263886,206.61154083869073,188.1483571316575,167.86864232865207,197.47610403639578,170.96722048695852,218.57037478275024,212.20888182427026
2019-10-11,230.67409662635936,237.13142065250926,231.61843887248202,238.4069765637967,196.64139883224766,201.10624007077553,216.05671291891383,196.201642512341,200.82822677995122,196.8625873079918,209.64092536689455,191.1625795087936,170.4361877717331,200.31759519062794,175.3630222109945,220.5837784987365,216.20275980413103
2019-10-14,230.04511264979234,236.6514156270836,230.92674539604894,237.86671591822085,196.03629995322385,200.63151252706075,215.93690563337455,195.5421695609614,200.3007337161671,196.22711571658044,209.02649146436306,190.57194907489023,169.4812253313979,199.68175729127725,174.9786805092894,219.5877931120822,217.06516966473652
2019-10-15,232.17078715447155,238.98662116143794,233.17191708707372,240.33916860929793,198.04250260446673,202.82363743838613,218.66943576455168,197.64914696622634,202.60794627141428,198.70401605580795,212.0113077641193,193.0736422577784,170.87025003694785,202.35360113707264,177.97724116042406,222.30745827806197,216.92973999767196
2019-10-16,235.24788073474184,242.0861289509209,236.20967032242334,243.39709088950744,200.81529530698992,205.6094864227687,220.2490836304302,200.37596345901386,205.34537720901614,201.45966393602293,214.8667993248414,195.9869435070703,172.47093233696785,205.5496992144813,180.72761254506656,226.6515068098963,219.0084828592302
2019-10-17,234.62776930187053,241.37412158939705,235.6154526427494,242.7087228269235,200.26731279114975,204.98240892845172,219.12625677384824,199.8535169199254,204.7423381144927,200.82574950892015,213.88119120985425,195.20329403411031,171.90084615204094,204.97595933985087,180.32692672787897,225.87118204611434,218.87098969442496
2019-10-18,234.43269505695392,241.18727728708188,235.3944144433206,242.49446635586355,200.19579960379411,204.92532382328025,218.37837794596976,199.7637637227771,204.66636793185384,200.77876005526093,213.98375613163773,195.2487375634247,171.62758970973468,204.47502024473985,181.13851546755373,226.631740749544,218.45976653364457
2019-10-21,233.30396877048236,240.10100034578886,234.36892353291535,241.5208811196497,199.0292634466275,203.78917832139663,218.16599613324703,198.6868566323865,203.62703786873192,199.4579864312084,212.85694003045722,194.51805661632514,167.68126740859387,203.76443589275715,180.0150073262615,225.13203041770876,220.95518501891274
2019-10-22,233.86119074232298,240.55837139657083,234.89373220068154,241.93882154531434,199.65167220114913,204.33002509872287,219.0144028359876,199.28324628009585,204.13680488950953,199.86022330796445,212.97056016056035,195.00876826702896,166.76412772076418,204.531241936619,179.92261196602416,226.1105979026242,222.69146677520789
2019-10-23,231.17830509044558,237.54642653880583,232.17588118930422,238.87467966696514,197.88911841421486,202.3249678137152,217.50333938267138,197.52462161178948,202.12599009886358,197.72127312246903,211.3688578345083,193.29609903790407,164.44788767841035,202.24335605798976,179.23610935003956,221.59211437843308,222.58470447049064
2019-10-24,229.12062996386288,235.39018695694375,230.06619215589467,236.65854430480505,196.1657546426135,200.5274280726408,215.59981668031844,195.7677848827684,200.28967505247496,195.8533387789864,209.44130202481765,191.36426825301228,163.78915502393906,200.36154217384419,177.60404260545172,218.74376045549698,221.44961036591639
2019-10-25,231.20092015172708,237.51838339237287,232.20114233040104,238.84713631504613,196.82672120908924,201.14930073356808,217.38598892598912,196.4234711381421,200.90437348880505,196.51049535555083,210.27417842189263,192.27154589229784,163.32502769504345,201.51467543500465,177.60276277688038,218.7318970154996,221.4318302460078
2019-10-28,230.56220218975892,237.05704431191532,231.69158132444034,238.53217701808381,195.81448390754574,200.26728121451,216.12997837453477,195.5106643878328,200.13349895056697,195.61825294646258,209.47855710995063,191.5994686837655,161.4261290829431,201.05894157594827,176.77748309069813,217.40404206986778,222.29552030922184
2019-10-29,229.40513690603598,235.908335722185,230.5401412955797,237.39006005935659,194.6814493582185,199.13831014679687,215.08253504193993,194.38329384679824,199.0106890675044,194.40198003389807,208.51276649531653,190.23878053355864,160.07716506323916,200.06363944171554,175.7473116736808,216.18776184192222,222.53332512242392
2019-10-30,229.58628831353334,236.17017689885452,230.6628515843318,237.59304254226578,195.002900969218,199.54031240889464,214.61416469397062,194.65891924892884,199.36713441595623,194.64837608167633,209.58820072965082,191.42545189442978,158.3295653202258,201.36255985413086,177.0378572839374,216.68635388592458,224.21367786515108
2019-10-31,228.03393741111128,234.67002956089576,228.97807278422562,235.95368422662762,193.658368532452,198.24841797005251,213.58642905928326,193.2058807360134,197.96156369618174,193.27404298327255,208.50072538733255,189.99424432348667,156.3727887646493,200.0745737210916,175.93712092100077,215.44038083910127,222.65866166587486
2019-11-01,232.3912229146293,238.9452715879695,233.44774448842193,240.3450210072497,197.39526467341776,201.89188830404552,218.13267652969887,197.01829123782832,201.68210593172137,197.00757259014065,212.09044125831906,193.74990375908624,159.6316110769879,204.6251047217501,178.37791740581696,218.6758383227884,225.56236736986995
2019-11-04,232.64700484786096,239.1855386410682,233.79969433101527,240.68750555866632,197.54778943781952,202.02526677738527,219.7763635273784,197.2513268314228,201.90056557167773,197.15759163303835,211.70057876900148,193.854476449356,158.61006219661186,205.21637448322662,178.3892937796473,217.20239000277672,226.60488964006262
2019-11-05,233.57814953036552,240.0363493781629,234.86948254727355,241.68286979266318,198.38498323682012,202.78978378638902,221.01061742013636,198.2067237544828,202.7881641883524,198.20518465743964,212.84726006436375,195.39210934738358,157.5734853774726,207.2109944352812,179.14839865565094,217.48628673468673,225.31467239395707
2019-11-06,232.02050717080076,238.50977587959824,233.24675659540688,240.08837578132875,197.03199406180758,201.47066331419862,218.3311291823407,196.8041866848218,201.41761608407342,196.69263646321716,211.73810658032787,194.03532952034354,155.71929371170216,206.06652476530618,178.38553984644582,215.0003495101167,225.9548390393753
2019-11-07,238.10523441502843,244.7421489986631,239.53837342012125,246.54814183973662,202.3037213535374,206.8456306073887,224.8967916086178,202.22732529433233,206.95843696239976,202.4242692212336,217.37863140614957,199.618845999116,160.7020358522094,212.11632475813062,182.7567370647846,222.32196631829945,228.1169757652866
2019-11-08,237.3517875663881,243.81072780498866,238.7713035105625,245.59379405666476,201.99625471527597,206.4068940552946,226.02164249004898,201.9252979843379,206.51995110060096,202.315969396279,218.19850787324748,199.34171238719625,159.95675040341004,211.52581538428237,182.98312768603176,222.9165491677097,223.65970218195082
2019-11-11,238.2469283921782,244.76690545624945,239.65273211564187,246.53804745459084,202.76500886287926,207.2250112580375,227.21812976006248,202.67729151830233,207.32230600178573,203.06398154167806,219.57648535684368,200.26437960022983,160.06515931115476,211.07601208765203,184.29006411270373,226.2995470897534,224.99086376960423
2019-11-12,238.01914062095113,244.4990188960551,239.34988054133703,246.18798683506054,202.4781574413888,206.89823122624338,228.1912464211559,202.32200677827728,206.92092043498968,202.9476336941101,220.5531215677047,200.479531248046,156.90511047770877,211.16706540729146,185.20749296275966,227.05958956095077,221.18177341513768
2019-11-13,238.00651216588324,244.37635772545173,239.26289189234677,245.98059198527014,202.44242317055853,206.7641624120855,228.81669836183193,202.21999245148191,206.71213125487515,202.76355484778102,220.99569359953443,200.1760394316511,156.5465715928982,210.1589842727892,185.57218613837472,226.577192215872,220.71042250908403
2019-11-14,238.02069917723685,244.42920671968636,239.23746772676714,245.99289692497837,202.54220714397252,206.90334598719153,228.70148715894922,202.28828810071246,206.81942007969147,202.71726693123333,221.00972177553322,200.25658848105357,156.21388183739288,210.11661095468358,185.34540892643682,226.5223031552385,222.6393081407459
2019-11-15,241.63906495247826,248.0949330501466,242.98086701933977,249.79398522531113,205.88614232142422,210.28603698190466,231.82187900694012,205.73229977536607,210.3104003284352,206.4500725818486,223.83571074088238,202.88606407680052,164.1474284825571,212.94549995690124,187.57022694038812,229.9401270437614,222.6393081407459
2019-11-18,241.0197922282463,247.57572478972568,242.30536593002964,249.21947695559479,205.50765156617877,210.00834353182177,231.0284392404409,205.31356863534126,209.99406114961025,206.1253294299859,224.04484810300164,202.94952786057104,162.60717655312553,213.14547801546314,187.7039047071154,229.29129075384958,222.4729977062531
2019-11-19,241.98315750411282,248.81974155818884,243.25840050582718,250.46545168115077,206.41858277515516,211.16735385075552,231.1623809824022,206.21358467483608,211.15178478792834,207.38877002994434,224.99130785760886,203.92377077920432,163.27857362533928,214.94932088225679,188.73005990428365,231.87449936378778,222.1911807637141
2019-11-20,240.2795384423667,246.7853218519047,241.53004935637176,248.3893249725945,205.12800597579326,209.6042520895057,229.8367632487493,204.91690032831954,209.57079946072417,205.69479548703322,222.535841152021,201.60914399507158,163.49881083030192,212.63313725719811,186.20900850162863,229.5453282608018,222.1911807637141
2019-11-21,240.08575795697658,246.33169049895693,241.37137431146746,247.961119989806,205.3282183374488,209.59888351173558,230.98295966256038,205.163382421846,209.60619699056772,205.44701811311637,222.49281830102484,201.50917421553913,162.68882192584005,211.7788886462661,186.45680754982624,229.04150333105204,225.58566669175755
2019-11-22,239.65504504451465,245.95006643055152,240.94648027380666,247.58808025644518,205.3093232756101,209.6472198496622,230.7655712376702,205.16565248007902,209.67986108183504,205.3397017881529,222.63286134229955,201.4878998565417,162.62790560515333,211.6702601331357,186.5744549405441,229.13813300033524,227.8332201544484
2019-11-25,241.24641547200554,247.63860396558908,242.64510647807757,249.39554919106524,206.8817889193416,211.310534721328,232.53268418824007,206.83276550067845,211.4477680865803,207.23696826512037,224.5175553949517,203.382291847218,163.6855187490254,214.95187961526102,188.064873881637,230.68989785677178,227.72873043889632
2019-11-26,242.44134484650934,248.7799737630584,243.78030030393992,250.47032495815054,207.8072388128778,212.176112128213,233.82680390024225,207.69492888661145,212.24342447750723,208.17738926549816,226.32198008856008,204.59258471468252,162.64750497352415,216.3642509260244,189.45313518650883,233.32247983213068,226.6442537035907
2019-11-27,243.79186334217522,250.24391554472086,245.22607368423297,252.04117321564658,208.64982418885228,213.09283232131767,235.271789712339,208.60225782233726,213.23219000328223,209.19204028090687,227.4625427636317,205.34530756716754,163.39302383317354,217.20570757714407,190.20565126358122,236.21344726776954,227.16326101937096
2019-11-28,243.94529739321143,250.4074677814425,245.38634640361647,252.21248916327735,208.80117594467674,213.2535899612,235.271789712339,208.75962776423697,213.3997553903488,209.19204028090687,227.4625427636317,205.34530756716754,163.39302383317354,217.20570757714407,190.20565126358122,236.21344726776954,229.30541599659628
2019-11-29,239.80485197267677,246.50182112436698,241.10099131167374,248.16381408502215,204.94645843113952,209.60908293683138,231.41200614022387,204.78667786385407,209.638229437222,205.172200756502,223.61146009564195,200.95846144795541,160.2580997224332,211.1513489129576,187.31726829447243,235.16432588585025,229.27246484337215
2019-12-02,240.9671907017242,247.59242067388277,242.21281900242647,249.1967752710543,206.3387570302099,210.95722809067382,232.60816112631315,206.14366645661116,210.9469069250049,206.54371301811935,224.82491387043297,202.81709028734406,160.9050884016836,213.18542765821888,187.67511587495198,238.1317837395622,229.58864222293133
2019-12-03,239.28878346536337,245.75935922045468,240.40224258756885,247.2153315239442,204.87411434740207,209.36253027675886,229.57190675924778,204.57000514987246,209.23055112446391,204.67787095182325,223.04396428052397,201.20551574924156,159.53700487884143,211.53055636299447,186.495680019373,234.38139625353838,229.98648430449947
2019-12-04,240.59117105030188,246.84525770111696,241.81366407730926,248.40766298258092,206.13923153428613,210.43849062011972,230.575545589845,205.930367420653,210.4002771532798,205.7903231610617,223.79231192162598,202.01021388222293,162.16813795088274,212.04862566338335,187.39272127446424,235.4242295519215,231.66556831693802
2019-12-05,241.3761406974308,247.6768658324465,242.62296234465185,249.26732121838938,206.61901678117567,210.9436692337435,230.61525859135895,206.4199777829886,210.91697905558314,206.2793893302549,223.9785908569016,202.4505226354528,164.73132846464244,212.41147956041155,186.93481351625334,235.62483895028404,232.4365187199969
2019-12-06,241.97300104466925,248.2604843977883,243.38585258244044,250.0276327891765,207.0854472714745,211.39251662208864,232.41494881633272,207.02835931062862,211.51619564648962,206.7619092763889,224.72179130635485,202.81111560195683,164.9619467528084,212.57763347687103,187.2302110382117,236.33498968602504,234.3800022779555
2019-12-09,237.72270154999973,243.8743097901384,239.09595791261293,245.5934235164877,203.58486646074306,207.80219584941085,228.09081846202704,203.52114509739607,207.91498173589034,202.84063183335115,220.3142752695976,198.69216161805477,163.5154755993382,208.3278239796732,183.4923922084272,230.4667648350782,235.38982013812642
2019-12-10,238.87794723320658,245.00858704455496,240.22679310353902,246.7004417534552,204.70066505318152,208.90119807348614,229.32505751300906,204.61413345447198,208.9890146232181,204.03187023361787,221.45725751381806,200.1075794387305,164.06279094469477,209.75506858193032,184.80540992913564,232.05055444813337,234.77502747635958
2019-12-11,240.90787954587793,247.23123860099668,242.27522113584777,248.9516170819796,206.56612546480426,210.9347747355192,230.01328833908929,206.49007199467593,211.04084534666038,206.05103070274242,222.72622409543666,202.20912527025126,166.37793896649364,212.23637228784696,186.12235656977424,234.29901567725327,236.8775228438259
2019-12-12,242.4777019924811,248.89833589386163,243.9943650122192,250.78262542915465,207.97584622379776,212.42666244559717,231.4866024843831,208.02627885939646,212.67087840602574,207.60625581652826,223.51636883195107,203.70554706849032,167.95679601204637,214.98891766097597,186.66396982310343,234.38856953533573,239.16574216904868
2019-12-13,241.70410621305956,248.06629119381404,243.2272860464803,249.9548899653059,207.3284517538196,211.7323745421539,229.15906854936705,207.38944149524715,211.98582381283134,206.67671640091584,222.32692492345274,202.52011074906213,168.83697771245733,213.431603946455,187.1753549768183,231.13696567574644,241.70023299683453
2019-12-16,243.01483828700313,249.39028130259436,244.60099524121537,251.34658356725166,208.86858686955492,213.30335301195257,231.39460946240143,208.99518840141104,213.62798269397715,208.38396559435205,224.162971443546,204.24020255959215,169.70053585759243,214.57190112343594,189.65681358864538,232.82862775497745,242.2061862626164
2019-12-17,241.48598223237903,247.71861583620566,243.06002314841115,249.65538076993724,207.88735615845644,212.22353031927366,230.1520160836991,208.02478403891672,212.5554324493073,207.2759567081039,222.5469646223005,203.5879792461687,168.18577452491976,214.9504710875802,186.5681973371826,230.27594907132968,241.7801251028659
2019-12-18,243.51456266298982,249.8451099927138,245.1605804610477,251.86309977413694,208.91682105376304,213.28578550573974,230.9749390080138,209.0785323180897,213.64494298388078,208.24585614737936,222.89188626909527,204.28926493206,169.86295766696253,215.39181233246296,186.3707298537895,232.09384430423802,244.20695058489082
2019-12-19,243.26410754995743,249.57304523060645,244.89879095932653,251.57792748064875,208.79594335229018,213.15281343698217,231.14675662103127,208.95277235277484,213.50625054971522,207.8751944920804,222.74435885379808,203.8718557097579,169.50243057714658,214.56647201066198,185.7099210584313,233.0500885769934,247.0859272792818
2019-12-20,244.32239800839307,250.79185367226177,245.9744876464615,252.8228910720003,209.70329805952233,214.1972599696984,233.05765870701092,209.869904139823,214.5670413549047,208.95027657638076,223.7163182474847,204.58846208868852,171.01396434208937,215.5162750471735,186.46618282094656,233.64692230419703,247.76089664882443
2019-12-23,245.73447973246672,252.2171546151499,247.39575070454106,254.2583677536304,210.78663243057494,215.27708317274232,234.81801736231813,210.9486228737237,215.6417809837389,209.9225063540237,224.70265910885652,205.46018917059118,172.3722371316289,215.83228084918807,187.20279068621898,235.81579786678813,249.97199979878025
2019-12-24,245.9367072792356,252.37421095221012,247.51248463300252,254.3218175234505,210.9990950314711,215.45083167900842,234.94404964322348,211.08578304275372,215.73366008288897,210.02007974138598,224.7410794317179,205.2990676648328,172.93272481979997,215.27826938514792,187.29761342542943,236.82372712042968,249.97199979878025
2019-12-25,245.87954785572384,252.3132993706359,247.45274644960622,254.2579806130199,210.9990950314711,215.45083167900842,234.94404964322348,211.08578304275372,215.73366008288897,210.02007974138598,224.7410794317179,205.2990676648328,172.93272481979997,215.27826938514792,187.29761342542943,236.82372712042968,249.97199979878025
2019-12-26,247.44478050759372,253.8876721681387,249.0114483032299,255.82552469607478,212.43391727828714,216.89141440354666,236.08458944162666,212.5101831378187,217.16338820271991,211.28283616528685,225.88907035951195,206.62647281971846,174.6499756460037,216.1495031970106,188.2599565367299,238.414688597601,253.318960277601
2019-12-27,246.16181223075282,252.57330585406933,247.74042298659714,254.52264672922738,211.2894441521244,215.7229530072037,234.03505480247193,211.38138680569028,216.0105876218322,210.1039469239775,224.66638856042204,205.91287933411823,172.49838980910636,215.72262922051974,187.7076561517038,236.33014656257112,252.7300015398099
2019-12-30,242.83265517663222,249.11861236961772,244.31726689081242,250.962101271982,208.3837277087373,212.719810376753,230.98681688561032,208.40801104751714,212.93124379015808,206.95211547895113,221.44520465954884,202.808208453615,168.51880975988252,212.86746593593477,184.64667146463748,234.08487329474355,251.2004747678553
2019-12-31,242.78886505086473,249.14702499762052,244.2691490476256,250.9893420790534,208.46688741338747,212.87475643739643,231.37784407434765,208.49240871399198,213.09057297718533,207.12104843449578,221.89118644513562,203.31371261767976,168.33850886859366,212.97158931917596,185.5737598794031,233.0678190431548,251.2004747678553
2020-01-01,242.79949420483686,249.15835202773624,244.28025431371353,251.00120929837874,208.46688741338747,212.87475643739643,231.37784407434765,208.49240871399198,213.09057297718533,207.12104843449578,221.89118644513562,203.31371261767976,168.33850886859366,212.97158931917596,185.5737598794031,233.0678190431548,251.2004747678553
2020-01-02,245.507843333678,252.04312106681934,247.03949869654863,253.9483024607263,211.12173600486827,215.69292934098237,234.11496766778157,211.19127772158893,215.96259362880207,209.70047744781675,224.04256167124927,206.2735351579093,171.46707562482547,216.30098591738633,187.41460697740732,233.11230171069207,257.4162316679715
2020-01-03,244.35900596772692,250.52071167225316,245.69594249573424,252.2000533523391,209.66292545648756,213.8780249265388,232.98846891995973,209.54639608670158,213.93419096893265,207.49288985467444,222.2077180278817,203.55566675194572,170.21315026116613,213.2552350034143,185.18010095599607,232.0280587340628,258.21220168907166
2020-01-06,246.91227704097435,253.17332066956223,248.18305327112418,254.78631044213614,211.40080887499232,215.66340485755956,236.34689417375668,211.19413576266996,215.6257244088904,209.50340843181738,224.76447624909457,205.22562127297638,171.61161875515418,214.41952542746688,187.30473724521693,234.99750140051918,255.19012748480168
2020-01-07,247.38629522745845,253.69210851292786,248.63224258195964,255.2806080995068,211.40227035306887,215.67740788980387,236.10504778068253,211.15530372713937,215.5973946225328,209.48244627334586,224.4147761139645,205.23434642887457,172.2503812313042,214.96400107449722,186.59926580847815,234.9159131367197,255.06865994058577
2020-01-08,247.80638002687786,254.47530639210743,249.12886025568432,256.1623577830875,211.84705566317504,216.44627231248185,236.15652289380412,211.66872567192127,216.45265067128437,210.49556015934257,225.51044310293085,206.0887818170241,173.42898082002694,215.95027515973578,187.80209412560478,235.70339992282862,253.6412884274965
2020-01-09,248.30376507086874,255.14522363847166,249.7102518305909,256.9301191639898,212.49774636092087,217.2610827961861,237.73843380764168,212.3997647228185,217.3599063484102,211.4412993181319,226.42163662152,207.10125032941943,173.88183459781973,217.96654580803124,188.5139397738555,234.9632095152934,253.86337623345744
2020-01-10,250.54857611646932,257.5331400635596,251.9270477529221,259.29442887651396,214.13343877369604,218.9937258801266,238.5680041601935,213.98726112509218,219.04527795818888,213.22098568827067,227.4680960761094,208.79768073785092,176.30565568886792,220.33275234876933,189.0358170695772,237.57250622132258,253.98008594107543
2020-01-13,250.89289110317264,258.1196781429017,252.40923072240534,260.0398950108035,214.504932706681,219.5825359966516,238.7917646717992,214.48170431713024,219.774302037063,213.66455406102602,227.81365796305442,209.88681270764013,175.2911529978737,222.65375975228488,188.52779805704648,237.04286428505546,258.31164578007565
2020-01-14,255.6488737599327,262.95088877204415,257.207211406398,264.91875807803007,217.86963226572306,222.9435129036331,242.77993041270048,217.82969524810954,223.117291998097,217.10047974929086,231.9850332893362,213.28279701430998,176.5816381465393,226.03933188341526,191.98120051149593,242.62645123569507,259.76901108448214
2020-01-15,253.96651817108267,261.2713678436536,255.42658634169132,263.1344392401701,216.42968714980313,221.51465016286025,241.55303018823088,216.31224458765854,221.606199645417,215.64398192597477,231.08300989074064,211.63635122511738,174.31401420404137,223.9268395181443,191.00778978143168,242.96282669310432,257.82746519984164
2020-01-16,257.825874556243,265.1983922379233,259.3709846297448,267.1550615010512,219.83815846823117,224.9698826180028,245.65471363137598,219.77900353951662,225.12564721020033,219.36522796415306,235.03291047549047,215.11651867623982,178.11163638078293,227.47520090197736,193.68695340555712,248.3254826359701,258.0228217556829
2020-01-17,259.56403169160893,266.9987742091751,261.1458954869931,268.9974442598677,221.1587962648262,226.32578842198336,246.34532636478016,221.1160404678277,226.50055412228016,220.60845860004855,236.20609780190455,216.51301046522403,180.27625515270148,228.63518843835476,194.76416314980833,248.99221143195248,260.84714870192886
2020-01-20,259.40446777090335,266.8283270091163,260.97918465910845,268.8188522203118,221.3195237081465,226.49685028604972,246.34532636478016,221.2831646931364,226.678881159483,220.60845860004855,236.20609780190455,216.51301046522403,180.27625515270148,228.63518843835476,194.76416314980833,248.99221143195248,263.31157176902946
2020-01-21,256.25031697304047,263.52210028522404,257.66111044353715,265.3303803493854,218.38259970810608,223.42659453148605,244.96205767363128,218.20922529634478,223.45674351903693,217.45808717060996,234.91791164352134,213.25228954743477,175.78793388962816,223.45081808550503,193.5918706164841,247.9144428509052,259.7593815004013
2020-01-22,258.30467270795293,265.9448522333154,259.74983277570794,267.80693844832035,220.21856458537755,225.58188412687622,245.70714236450505,220.06744471014144,225.6491579186588,219.50327837047902,236.5330179694813,215.51155945696047,177.450690146955,226.1975181818425,194.59193314124093,250.98245346668224,263.46911390643027
2020-01-23,255.20854242357646,262.91128191646095,256.5645557471225,264.68132188262445,217.80277390919701,223.2524028969911,244.02366292977993,217.59897284465964,223.26699273618806,216.85030576372787,234.60087319873182,212.73021928846205,174.39600296661786,223.00508677909124,192.42116965288585,249.36644655865098,265.11987850782316
2020-01-24,253.04751290864434,260.8277897454941,254.27976358138517,262.46908582560116,215.87332459891618,221.39726129215686,240.97333553459146,215.5688887657441,221.30734984327094,214.98162083442253,232.35786690376105,210.89698336618815,172.70176675063723,221.07267283148767,191.61617640470635,247.12444174109848,262.3270587541724
2020-01-27,247.04215434318976,254.71177685764542,247.96898239026092,256.0210889973414,210.11677156660036,215.5327352747181,235.25643763806835,209.5516536251008,215.15938961420454,209.09954535181038,227.32618278213832,204.6395999571537,167.71047058629105,214.22411278687377,186.8413586571368,242.24377256451507,253.82945764450707
2020-01-28,252.24661663857302,260.0405788921474,253.3731355620565,261.5692421882515,214.2114314737555,219.68655149188535,240.30112100029237,213.78040357326836,219.45927471736465,213.3408776312574,232.00186861132406,208.83787054726238,173.52091124542537,217.88229645708063,190.57855150463072,245.02803428358786,258.0669011187979
2020-01-29,251.35954812245564,259.20089954000645,252.42462150052523,260.6659190655249,213.49085181243487,219.01461513544683,238.80184733151322,213.01213904937194,218.738283156312,212.78253484430712,231.23338650409954,208.4900863734779,172.29765474698252,218.0610288124221,189.97365726217265,243.52172400625562,255.32231374092987
2020-01-30,252.2897838874853,260.18472156691973,253.31187928674686,261.60590040621526,214.07084301789183,219.62257969684362,242.01535715331124,213.54126705440896,219.29300461417012,213.51246939557433,233.012589825036,208.42895832508543,173.64951148956047,216.6943271279552,191.19449766341847,244.5652112645957,253.45779395739507
2020-01-31,248.5548302311956,256.3707115553895,249.33030748207307,257.5239497961448,210.89154576241117,216.39361657545467,237.50038704456685,210.16648153856576,215.85271914343016,210.19797321158146,229.72178823409638,205.23909643631782,171.78077035271932,213.21784129743872,188.61154881123844,240.7828835519544,249.02314479906943
2020-02-03,251.9765757821451,260.2632981206365,252.86630380235638,261.55989957543665,213.87913778667195,219.78148024935896,240.51650363810663,213.23796214807936,219.34624849495358,213.58886978307999,233.13193670454612,208.51970793176534,176.80187436567155,216.96916706670257,190.33106655351773,242.76458883125213,253.19833876163412
2020-02-04,253.65837809052155,262.1982143655902,254.82572066095437,263.80466400553604,215.52912917060755,221.65986945407244,241.82379517715944,215.13014312996552,221.49332979180508,215.6722273674622,235.01452902610168,211.23414042205079,177.22641258044652,220.69975088043967,191.94231103502165,243.37777597232898,255.7728523182187
2020-02-05,256.4640476945256,264.9419444232539,257.7247171710779,266.6454888394324,217.6001717485283,223.63944620765267,246.45074579708063,217.25546350321787,223.5274817195902,217.75103958754403,237.6106596931065,213.22226537095744,177.57643639832173,222.29875344224394,194.0602299137923,245.3934033185775,256.84181710467686
2020-02-06,255.76442805804916,264.2016361789342,256.9882963400089,265.8638159120554,216.9224488710586,222.92403891803318,245.43343876691938,216.5462062919762,222.7766993406612,217.20016428864807,237.16205293948366,212.53622697462285,175.91266707145408,223.09944001553313,193.51584767289032,244.4693016842674,253.6371332133043
2020-02-07,255.7890084758694,264.2677848567635,256.8773036778011,265.7860292199464,216.79373368353282,222.82137978695263,246.79481975055805,216.29283160074758,222.54151223795282,217.34027334684325,237.85471949624704,212.43275395649707,175.89579130460336,222.64156815262,193.85398202098668,245.36600299507697,248.62418523937237
2020-02-10,258.2725312995369,266.99342418451863,259.3502849808972,268.51104237223507,218.85034701880898,225.0733107911437,250.28577068604557,218.32428173517684,224.77448710971416,220.0388720342309,241.05679912576227,215.19938863071854,176.98605094999317,226.15708883782872,195.9841653361166,247.2843886899367,244.60305844109072
2020-02-11,260.8105037870854,269.63778821517514,262.02988140691735,271.31235765435406,220.78220420631217,227.06924463097576,251.4101077568154,220.3574847842551,226.8818192020526,221.76201232598146,242.44754258218944,217.3639510292773,177.92138654232036,228.37629437739886,197.39257742516318,249.68976221397426,251.05128697828482
2020-02-12,264.11454935504605,272.8626587898921,265.46995964501684,274.6794197245953,223.57569254144903,229.77485627901765,254.27808823831776,223.2509249633175,229.69119001108842,224.50684398497657,244.1832844705035,219.51434838405527,180.7569166412458,231.24127834047593,199.04013534077794,253.9261874885483,254.17417039904402
2020-02-13,263.7249010050995,272.349912660543,264.94112309190035,274.01119693187394,223.2731532571935,229.3685477958833,255.39908178201657,222.82993004321435,229.15363490614092,224.07062488796984,244.44718877391165,218.64357266862459,179.91923515741516,230.18748044186202,198.84871555074065,253.99429921171355,252.46842081560516
2020-02-14,263.51795136354724,272.04046976039064,264.70081582758553,273.661161093694,223.0244350383008,229.02617601428923,254.8758795141829,222.55042792481117,228.77446251346512,223.7893865521296,244.0965072568763,218.22206977056226,180.6742378677985,229.42900794800494,198.24040675233238,253.36632411837834,250.94110898484007
2020-02-17,262.9910389769459,271.47559504595023,264.1511814372154,273.07019151781844,223.17099761310013,229.18270295578438,254.8758795141829,222.70252904450734,228.93733221034057,223.7893865521296,244.0965072568763,218.22206977056226,180.6742378677985,229.42900794800494,198.24040675233238,253.36632411837834,253.0849165709622
2020-02-18,261.0952557185211,269.4920667521303,262.09154114985824,270.90676867242456,221.03845815771624,226.94786148020881,252.80481535326876,220.41721914142144,226.53463176825684,221.20696478545744,241.73583607901986,215.74572604840827,177.8417746323706,226.13243061559123,196.10164714363646,251.69181865357416,253.33661936739293
2020-02-19,263.9196843814335,272.2325162592835,264.9106901437345,273.6373139319055,223.8950520961057,229.7468389277968,256.8052254513408,223.27030746022777,229.32778237351118,223.93796372715684,244.4236042289019,218.45067082065097,179.64139535858746,228.88796475909237,198.60130454148688,254.79773334763908,256.41566563976437
2020-02-20,262.1736683252855,270.2462651251142,263.0274810283734,271.4930274756197,222.36098080365565,228.00791982031217,256.1051271101182,221.62390218819144,227.46041369151774,222.22412993230515,243.42034075246605,216.39985781912821,178.82989675572028,225.64198047418094,198.00574417903022,254.2523406101753,252.9466895573954
2020-02-21,262.66910948230014,270.8204909056658,263.3250611774164,271.85832493870834,222.67204033049205,228.3781462091413,254.21127725506722,221.75478136808638,227.6403537653941,222.5034757852108,243.32544690556276,216.69764044955525,180.34048732526875,225.86159031891367,198.3270025503377,254.96313836574132,251.850290962425
2020-02-24,254.1210318692703,262.0658790188959,254.34085972187503,262.62717522216434,215.18380517371915,220.73961453439566,244.08130824105362,213.92449154041856,219.62947819324822,213.96154408029182,234.45773178060784,208.28102044335859,172.7841649674859,218.11347373568307,189.87929143794716,246.30268115840076,251.850290962425
2020-02-25,249.46243810436292,257.40306454321967,249.6807600789375,257.96275354263184,211.35768710342998,216.94346834373718,235.63941858296235,210.12769189293635,215.8651693902065,209.96100149448114,229.0950302197483,205.58321167703406,168.54642160060715,217.07234741827364,185.34357188316818,242.41845132388016,251.850290962425
2020-02-26,247.51165896870958,255.5122364702322,247.61076834203152,255.94644742652548,210.09449813375264,215.7698691368558,233.39494837340976,208.78450148439737,214.60902511343528,209.9839764602081,229.10354058574254,206.3727599656116,166.8911468197545,218.9549124851001,185.0037346026634,240.4653259990694,233.9605951728625
2020-02-27,243.57916237331975,251.55794641500546,243.38825461175753,251.67957870282072,206.546821800643,212.21024135513065,224.99532491711932,204.9976692515565,210.79226872790926,206.4615434268393,224.41589694118247,203.61414577585052,163.7792544362823,217.98799401372887,181.89828178631876,239.05237094255583,227.20056536514628
2020-02-28,243.1792232519418,251.38047223711558,243.242504559898,251.78447106025916,206.23303305339107,212.09555836261572,226.47512337894037,204.9096242813993,210.92622459320586,206.40995135376556,224.75972093592236,204.6159709021053,162.60465645220216,218.76694232687976,181.89350803627804,234.84662927922386,229.55768232488668
2020-03-02,246.8211293910017,254.90757568533365,247.0650111931294,255.5011227844115,209.33872501952052,215.08172778362703,234.39594050036737,208.15346119263904,214.05681522940353,209.22357907928543,228.04719186893516,205.81725599399664,168.1557283073558,219.1711081696985,182.8414797489164,234.17068552454748,236.02236700644292
2020-03-03,246.00884655450344,253.9976186728929,245.85331536869307,254.15748796674004,208.64176892517108,214.30296370596923,228.85603684430515,207.1108675519504,212.9046854415008,208.18933032881924,225.72570567368498,205.88604119329426,168.27116945621083,219.07405003033037,181.73423562895644,235.5710460427385,233.61203925667965
2020-03-04,253.69189043026626,262.1760407664021,253.7238130423308,262.55765827449443,215.3652074543423,221.43310861540328,239.21227025821108,213.96169442087566,220.1868259992009,215.61836314257081,235.52334344577937,212.2397534081434,173.20843440842006,224.81190649020752,190.00083188066986,245.1518929971968,237.79856729889275
2020-03-05,251.3850097150039,259.80312132305795,250.96204177858783,259.69248479316406,212.89183981190044,218.87863208971115,234.8183094014226,211.0852874077778,217.19692714395254,213.3968752275121,232.37810295655157,210.49670490469947,169.5730167163817,225.01677500115034,186.89995014477077,245.128344827143,226.00008471326322
2020-03-06,247.32740348182313,256.3182138583291,246.70375152385895,256.01407309245457,209.2429699559949,215.73924720801827,228.939250086168,207.2774298300627,213.9033763251815,210.6904903192716,229.63645539134626,207.92927913111083,166.3763059412555,223.32422101061962,184.98741597809075,243.62303185169995,216.4040559048354
2020-03-09,224.17042235434855,233.9182707752872,222.73493635782177,232.76539693973558,189.98082932240723,197.2921996847452,201.58790480343933,187.4488684451927,194.86829876664257,192.66490128994909,210.85382769717924,191.55376679385486,149.02764292548622,211.9515961472638,167.47665736413907,219.1891425779778,188.971259054871
2020-03-10,240.4413257731529,250.2664868324571,239.4610290967786,249.6159103850614,204.10182631722677,211.41761949810186,218.05659767025222,201.88435162025223,209.34234666523724,207.08031061663684,226.26959664445283,205.8473071202504,160.43269279147668,225.51549148080431,178.22427716363543,239.89553961609235,201.8742134275764
2020-03-11,225.56089696853107,234.73899253970097,224.26107477494077,233.71505439945182,191.11719199770704,197.91866307728026,203.95361616051085,188.69346099789692,195.59871206609228,193.62847812663256,211.04263227580543,192.39607417090986,148.64748301311934,213.64453267801005,165.30690263617643,222.64674373840285,187.08424359222752
2020-03-12,206.6824384005301,214.5424062831922,204.80724063263222,212.84313671449212,177.06768390592657,182.9675344032779,189.493979645195,174.3003034955325,180.24283978141335,179.6246993532813,196.06343434122255,178.00601402835127,140.21325512488093,200.29621136916785,151.33452661886778,202.66916120647687,159.6704090510572
2020-03-13,220.2694863676293,228.70174099219648,219.06667491971987,227.75248242431857,188.38062821274545,194.69319437595098,205.063766832208,186.1277806319512,192.5400537908017,190.95662856730354,209.04491167537168,188.97239581413686,144.5939399090157,212.17777967703114,158.2943568207233,224.34700321108036,179.59025964997534
2020-03-16,196.12260182816158,203.7166746186868,194.11593280532006,201.86282584635862,167.56543640268964,173.25002446858178,182.44128062931955,164.72821105713305,170.43895960283294,169.7689964106985,187.99516131154846,168.94492474222855,127.41095453694898,190.63940603330934,141.54772961624326,191.7690429009574,151.40596266240303
2020-03-17,211.19711672917876,220.19435782443736,209.2805634391214,218.48731013982103,180.46633482962056,187.31425326381478,196.50735357804712,177.62716583392802,184.5380689524621,184.29758189582813,204.33723733537138,184.14371538591038,137.3003596696989,208.71998647401097,152.18500955596562,208.92324001923348,159.17368721616717
2020-03-18,194.14090322882504,203.1958124988639,191.87254695887194,201.10164965194937,165.2994690382761,172.24113060761476,182.1832565607522,162.22842394456404,169.20665873509495,169.56192482482618,192.26388625523995,171.0088912796452,121.18625740873281,195.11296556053455,140.8114080749292,190.6970256447941,140.479438912161
2020-03-19,201.09662119841346,209.49317379924918,199.01468181628144,207.58698994188717,170.15193392655186,176.3863935824608,190.31956672151975,167.18411858578378,173.4517080993136,173.86607095234112,197.89657219352094,175.74414864265387,127.07460259299563,195.60720488836236,145.35575052740978,197.0803667473926,143.54643890417935
2020-03-20,198.5552117738181,207.40319392989085,196.30292488914822,205.3247911217628,167.92340435989703,174.5611775888966,185.36443940615234,164.81957324702347,171.487727980256,171.75575341252585,193.03824247004252,175.34757565231263,123.06431339038157,198.63446246092374,144.18608999866126,187.9445902068975,143.20746609046918
2020-03-23,191.82081335808985,200.27036200777434,189.13064678580184,197.70012174188605,161.84614530332885,168.14174185995589,177.90070090148916,158.3905914811496,164.6741997789713,165.170465739494,187.4598067496101,169.94920922343172,116.3694842773086,190.30807914816538,143.3009334694219,177.25529725693576,135.3265551850263
2020-03-24,211.7112185484738,221.5279217526026,208.99794060129992,218.98238133672433,178.84030710478925,186.23447841805884,201.13903761573883,175.25303569019172,182.6619723711019,183.64998043099968,207.69946790162726,187.15608371346647,127.00024599746871,207.8569876335358,161.47006888453845,205.90259795910373,146.1653565482886
2020-03-25,217.36623424932975,227.57534638325313,214.97246689065278,225.3926036120729,183.91378760550944,191.643902737984,203.07188275863717,180.57821363628233,188.35654237764192,188.74405320666284,211.86470126704492,192.18731093276656,133.50991493226306,213.75107969257837,165.67189752485828,207.08468385931025,156.24902322863502
2020-03-26,223.925624110456,235.2428264473651,221.7088947684438,233.29004721573767,189.72952414813852,198.41581034706812,212.0126032633187,186.5166800930027,195.28939074419668,195.23084401823513,219.3567386652025,197.99213884810285,136.7993432147856,219.42039387549076,171.47760504749084,218.46435432428729,166.19185631289542
2020-03-27,212.83926819879122,223.84105234713562,210.38388222105232,221.6113664638796,180.25837657557446,188.72260695942362,202.23963623672853,176.898029355281,185.4217992387459,185.45631103360648,212.06388938997227,188.87492459771823,129.05956666806816,209.36834655589269,164.46899378180996,202.58336489379764,156.95082187441278
2020-03-30,219.28508464785997,231.20997313902984,216.83205025955195,229.0142857539689,185.8577364988492,195.10802343727056,210.96112797806566,182.46559525183082,191.79620527896196,192.25158889603222,220.48588210285033,195.5923585431808,131.29219533416375,216.10152703947813,170.12442158873097,219.47622528175881,158.43950057956516
2020-03-31,222.37216294837165,234.47946407504463,220.12828851206496,232.5209841902326,188.44157428443313,197.83184581481626,214.02349246795785,185.21426495465158,194.70637431494063,196.25426639886868,222.70069584853434,199.02023200349558,138.50233090943487,220.22572545434903,172.63878989206177,220.072633159012,151.00217010279508
2020-04-01,215.2545055304615,226.30193745734474,212.7136229185547,223.9799132390058,181.97324970881462,190.4329095555537,204.67118739925672,178.51680578435588,187.02716384336708,188.1467171220723,213.16851338580994,190.96669258573442,132.6597203955291,210.28809372074733,164.33651782000902,216.49754581288937,148.15525890924934
2020-04-02,223.797588528746,234.0910325424681,221.27501204306137,231.77235674665778,189.21346953615173,196.96689397332733,215.71668628367763,185.72420413643255,193.51588204499728,194.93822747504942,219.28081303031726,197.65038078692058,136.5241995475245,218.61411106655814,168.76976656725654,223.63950595714104,151.00904416054868
2020-04-03,221.04556878694322,229.69572568783616,218.39576723133135,227.1881357783677,186.85200675197277,193.1799955284008,213.1816621265334,183.26679198391184,189.58953634571284,191.35287786079567,215.76274427948218,194.21600031366015,134.85206314587862,214.90532649427942,165.53536219937118,217.17213512721273,144.79355080388166
2020-04-06,236.63141418590095,246.99777701453357,234.0011875263793,244.56837906930593,199.82132686943515,207.54767014314686,230.82101028706808,196.15933820305486,203.914821320372,205.9969190618934,232.52335393824018,207.935077242064,144.34690119012697,231.03147454680095,178.16893206667777,231.40918921053583,154.18990353135234
2020-04-07,235.1987824158218,246.2252237311639,232.68396039844933,243.9401854358775,198.75543855165398,207.07822990932235,229.7618801798197,195.20536221716128,203.5797343600323,205.07945130043757,230.58159859519796,206.73022368268153,144.02256961657588,230.88635535655348,177.2366537847711,225.98535297427009,158.70342723679587
2020-04-08,237.0276632520484,247.812757260265,234.74932781368042,245.77918896402088,200.2864233981903,208.38663114278955,236.19113440513942,196.93182381726746,205.0963512181619,206.19980158342779,232.1852351068268,206.48608914316347,145.70157252620263,230.04417555375943,177.4714506548316,227.19550073250855,163.35405004739937
2020-04-09,234.73856796093543,246.18589974335822,232.3334082528103,244.0340329234564,198.4556205467525,207.15633356862244,232.33671249145456,195.00590866449204,203.77669268642757,204.97887314231588,231.9625554762371,204.51050258812666,144.82571071596914,226.08555679245677,179.77910442261052,229.7269338021639,161.38073664760515
2020-04-10,234.19050864684863,245.58900644428766,231.7701011963099,243.41868992324805,198.4556205467525,207.15633356862244,232.33671249145456,195.00590866449204,203.77669268642757,204.97887314231588,231.9625554762371,204.51050258812666,144.82571071596914,226.08555679245677,179.77910442261052,229.7269338021639,161.38073664760515
2020-04-13,232.81944433738994,244.22359811330097,230.24007971249313,241.879116100971,197.27226790029428,205.98370515782855,231.39926250391397,193.6907890882197,202.45993962689388,203.3871060800648,229.21971465359178,202.94747286833123,143.54431933097908,224.83904414241155,176.83031922082907,228.7531218310889,162.65237689272894
2020-04-14,241.18841817751874,253.69286138873633,238.60240200488886,251.37886033670392,204.50093027622665,214.14287329628758,240.9745757957063,200.8689145715751,210.5924313584075,211.78869549075762,238.66014119452234,210.85938138995428,148.34975497840693,234.49813569051236,183.32653469156102,239.57582294547043,167.14625816142896
2020-04-15,233.27758845975558,245.59857378129934,230.5863177659569,243.15912516556094,197.8193215817006,207.34631530453416,232.92683797991765,194.1405754245188,203.73612713689232,204.32808796308328,230.39141156789026,203.49847236835242,144.30767554883684,227.86110283894638,173.99694552630785,229.64296949082495,166.61248836404835
2020-04-16,237.0393425034808,249.72552107939117,234.32661450829443,247.2757381482209,200.46977879372295,210.24799735419134,234.7618206831108,196.7397765539934,206.59019623225615,207.6778227276526,234.4688888359661,207.16652229662782,146.05964432374387,232.5367631326551,176.47845364692276,237.1345414544155,164.57497268199955
2020-04-17,241.78747044983666,255.2614040422405,239.38622960046678,253.17993406461733,204.6711238162056,215.1293115834223,245.65040439632924,201.18967324555587,211.76341331282597,213.16167581207458,240.58610134851062,212.02477103853948,148.14654230918936,237.4568411491802,182.81594484204,242.749679518538,166.22568741780873
2020-04-20,237.65596379089388,251.80161795380366,235.06962544605125,249.53541955639048,201.2743450142033,212.35374698833533,240.76417163920306,197.65697639482931,208.85150074992765,209.8013807588968,237.12667006718115,209.29759595334792,146.1431976357823,234.17437636494128,179.88102126172666,237.49261851130683,167.62121142722748
2020-04-21,233.20369413227024,249.2158404351363,230.41622368175382,246.78186485725786,197.23814619178128,209.9536408783532,237.64821324015895,193.46463162381738,206.3154234096658,207.02216799095007,234.48331304547838,207.4726732271585,143.05139234184287,231.87197847895897,178.12989972864142,231.54270160680088,167.62121142722748
2020-04-22,237.62096458427072,255.1419460374132,234.7749128031998,252.6914031773341,200.8572694032703,214.85734198780727,244.5581841948862,197.0048792054821,211.1664898388269,211.74609049192964,239.47268203750204,212.14617179732275,145.1721702362155,237.8124954354675,180.9328072361503,238.7945398947032,172.84287140117408
2020-04-23,244.22963746491808,261.7270185414641,241.22219869036803,259.10094023337973,206.10380711393125,220.00760310028622,253.6043750987254,202.06569971507196,216.11435404018087,217.44349091136738,245.5750745238197,217.38963829126874,148.4432703548162,244.25295674967492,184.72465021985784,244.7965145749762,170.28461417902722
2020-04-24,247.21221074039886,265.1762789157712,244.19210707056283,262.5524903571873,208.47580150517132,222.75460612332685,259.890740798305,204.40649778315927,218.83856585320692,221.6923630709535,251.66134746015734,221.4573025716867,149.07499906702765,247.88059058382487,189.19876772336377,252.02594693474586,159.44151755357973
2020-04-27,252.5674041179852,272.5875440415527,249.68109523838868,270.179205985953,212.84662573505605,228.87485757547364,265.59594017063233,208.85973970416222,225.09763826804596,227.70718357739602,257.43426276057056,226.8696840019369,154.13114755259068,254.9205241332862,194.16806870460215,257.22668889671445,166.5798184421439
2020-04-28,258.1752334177866,279.0135190918632,255.34360927923538,276.6968820336494,217.62455978438422,234.34109284699662,269.36105013146516,213.6535456770794,230.6054159506414,232.98062016252481,261.8355691327014,231.3084073175738,163.74615112794106,259.2175288533561,198.12231299544166,262.58688699438267,173.05533790522972
2020-04-29,260.6368049704832,281.48275372579974,258.08861548319106,279.48788600457465,218.9727063835389,235.59463747191592,273.81611333863486,215.2186894260208,232.10248372870518,234.02912385199684,261.56193365816847,231.02610373885005,166.10468172213254,257.98707092732656,199.8087578863315,261.0118371078132,177.96985565950388
2020-04-30,248.5284538728747,267.5695184066763,246.1056090746772,265.647875980859,208.79009453934145,223.91056179814223,262.8960551054669,205.21629850170652,220.5680430461177,222.1949641243104,249.54468411383118,219.73618016448455,156.1846706212471,245.30794018595233,189.66536128470543,247.86599389040146,170.83181453535022
2020-05-01,249.13746703468078,268.1026439970505,246.40353355416244,265.82974833540527,208.89713571656694,223.90134561815537,260.3228914943554,205.0409706209027,220.23978789708195,221.83422625994064,250.24896700179218,219.6325624106688,156.41554573403437,244.82550811565486,190.4915584742121,246.35990520368946,170.83181453535022
2020-05-04,251.03748555033283,269.80071726110333,248.33736419204908,267.5610106520281,210.5213894343427,225.3425781997439,264.141108023599,206.68376890113228,221.69946542925874,223.85184801293417,250.43057408782298,220.6141350481308,159.2594458787782,246.3977532670013,189.7841113052535,250.87458276029247,167.3272223994743
2020-05-05,255.6736767682035,273.8726066968505,252.94819552856026,271.5904269085875,214.3817422295713,228.68236156333018,269.1131454633822,210.4938793608726,224.9752642889854,227.5412013667957,254.74612428012958,223.98665179646233,162.5187598384674,250.00252258873425,191.96655552418557,255.50936584860239,166.66071383318285
2020-05-06,256.0746775113516,274.5727705218869,253.4202488050285,272.37960480892383,214.43012487168542,228.95669421442486,268.5184178039748,210.59527097874877,225.3142728649756,228.08034784328467,255.0008004530934,224.48440727106563,166.24628630096183,250.70800349031677,191.16340120254688,253.08960945519078,165.33051880643737
2020-05-07,265.7319390989002,285.26355157885257,262.9521252673773,282.97006398947985,222.00273659043734,237.31165957796426,279.7902070944229,217.99040962693596,233.5005072525041,237.4467582744113,264.9292434635108,232.77598201957747,173.9290517339443,259.95041581906963,199.33063010283237,265.15774285569813,162.72840790873587
2020-05-08,275.3860232457755,295.2612639846832,272.73375562620356,293.12864796858685,230.30399283911183,245.87882144717662,292.55890568965157,226.3479370441347,242.1477044596268,246.73606075452855,274.72432460653863,241.6549783259385,180.64129063886617,269.55670409916223,206.94536311890045,274.4439131850698,165.01584193855717
2020-05-11,257.2095226646128,275.85773718518925,254.7343723303896,273.87093730774683,216.10225484731117,230.83278249616717,274.13628155787313,212.4312067655177,227.38050126269792,230.72134802614235,258.1975151790556,226.3181348286093,168.39094548917004,252.3272255325923,193.05583745439512,256.67531945808884,162.0715324673946
2020-05-12,269.4492958599113,288.93743729900825,266.67373826574436,286.65035260878733,226.05726471028106,241.41101081494458,285.48591248816444,222.04579778057177,237.60724879729372,242.4021301379595,269.89633734457226,238.3790207009065,176.32507503853822,267.72271837636447,202.2547311116112,269.29513901531215,159.28663040249293
2020-05-13,269.5592418496939,289.1288976047376,266.5675236212852,286.6028352576524,225.58681972633337,240.9484980564552,281.5285441844051,221.375388206035,236.92145943035166,241.90151301377054,269.7930317411533,239.7717605796873,172.95264863504218,269.3758473152121,201.38155185802188,270.126896330092,157.3883804381774
2020-05-14,271.6789964964664,291.02799362964873,268.6508274434137,288.4560362755531,226.9924961439867,242.10954091102798,284.84493151672234,222.72920303117934,238.0205921324146,242.72903712458938,270.1735264309876,239.44613089486813,175.67618785521228,269.1363417955463,199.590401733917,272.5118782854099,160.2277755856552
2020-05-15,267.06775023204403,285.560659475746,263.99320939061954,282.90692312257505,223.46470979463007,237.90414176670066,281.7948240354485,219.19613025786106,233.78844256019516,238.33388378472904,266.9134533978206,234.80277324309432,171.89650379184516,262.2538157518293,197.5497789796724,268.1425450199872,157.95453227732966
2020-05-18,280.31549495155474,299.2347028667351,277.5894666697698,296.992829732747,234.53818086249632,249.2672059214685,296.39775711204175,230.49027674164654,245.41766572979853,250.03153206328523,278.79405374985026,245.74533055563776,182.38350796937135,272.1374622671097,209.8594061077399,280.99415091775467,166.961078900456
2020-05-19,271.7527074957234,289.95002644096894,268.9315323232726,287.57347310297786,227.30579918646708,241.4530192879392,285.5681825201731,223.22597592933752,237.54507363922195,241.39036855814996,269.499257220503,237.79613910590584,175.38262966603918,263.3958945569634,202.16414857458292,269.57307690743886,166.16352709444877
2020-05-20,278.1889137957739,296.597485062837,275.455712122063,294.32987003700646,233.02737756467923,247.35476457676603,294.7384506861883,228.9917621374767,243.50692542294595,247.87095513671412,275.92166225310797,243.0111015035377,180.8420316517939,268.6802275513986,208.48719456372885,278.0697456445661,167.1367782705266
2020-05-21,273.6771483324353,291.1695432551219,271.0882454891385,289.03000487755946,229.61404437686306,243.21142428972314,288.1411129588,225.73835969196355,239.51837881000685,242.7761420252102,270.24327148879223,237.86416533299365,179.0885389559383,261.64463852287093,204.0753457361556,270.8365494294516,172.07433854199147
2020-05-22,265.84645476474213,283.2128046367183,263.2261363038817,281.02962907659304,222.9101004541631,236.43010210782626,281.0689264649034,219.05094420004735,232.7463440424255,235.15496384238236,263.253495013735,229.4450880589637,175.62779686483373,250.12581254457973,198.81446772577675,263.34917870760717,173.11145087500265
2020-05-25,266.0597351311475,283.44875644285514,263.44543670720554,281.27312734140276,223.38866783349212,236.9579994238065,281.0689264649034,219.54003761275254,233.2876693345381,235.15496384238236,263.253495013735,229.4450880589637,175.62779686483373,250.12581254457973,198.81446772577675,263.34917870760717,177.94295654346698
2020-05-26,265.61508290137243,283.13322116586977,263.3283377700228,281.32514915575956,223.20180017079747,236.90521631289732,278.98897472736405,219.64381540150174,233.55982046076713,235.44097724375467,263.8938269323538,230.89236658550814,174.79487607849958,250.20687317817223,200.54666176545516,268.22476842272283,178.05328907154788
2020-05-27,263.70353552947853,281.4910649333524,261.52738172189515,279.8137877045384,221.36044607115352,235.28496477705622,276.92848684389253,217.90422067947958,232.05637785300405,233.04403785547834,262.2317192733228,228.14806825740678,171.83989360281075,245.94270340011118,201.0011334830991,265.7686650058984,184.23923287237608
2020-05-28,259.9994814494799,277.51671917715225,257.81356041109234,275.81742992194256,217.92974186933506,231.60701850609203,270.4006173908499,214.47947564535204,228.37479794935908,229.27442062518745,259.4278206772207,225.17446600751077,167.4501804367844,242.91351596135362,199.50437566697136,261.1286138640199,181.94561093375688
2020-05-29,266.95089678319863,284.5853994276862,264.65069699688166,282.76674611377797,223.850497882058,237.59864151086276,278.4516958394439,220.26189129003254,234.22097758559448,235.6071884323334,266.15485361401056,232.32762686422657,170.75802498074515,252.0287845051746,203.98858388373586,265.73515895080504,182.55671139802374
2020-06-01,269.76116334269244,287.6939320369394,267.62724084347155,286.0715627544884,225.75159077443533,239.69494565805834,277.1592198485311,222.27946487512776,236.4534857388489,237.660230467102,266.91761060842754,234.51415364027417,173.44142172690275,254.3520227604834,206.44008075736485,271.5994439874777,185.93901342851615
2020-06-02,276.12479895751807,294.3150328737981,274.18925643009516,292.9252349979289,231.77790046632816,245.97976965980965,282.7910716142267,228.45552925660465,242.91729173797586,243.96667380159124,271.45287697378143,240.0617150786363,180.45347334340735,260.95085380191335,210.66259386614084,278.8393642594978,192.66011088778748
2020-06-03,273.9299647846027,292.21805763765974,272.4430569778545,291.3291828849359,230.02742996432897,244.3366770197623,278.287367000379,227.109197041902,241.7233220407053,242.00223961171682,268.0190466160711,237.85912600390958,179.4419705771952,257.4453940706672,211.35055933336736,277.0946530352059,198.3611381076533
2020-06-04,266.0766050689421,283.6625256157634,264.5020512978585,282.64770474634065,223.28502868101577,237.01390658884677,270.0682131375206,220.33355916673457,234.34055543786621,233.8410956442437,259.5422123743867,229.36001531015015,173.39781926267773,247.43940057170795,205.3929120071131,269.3554929693461,199.24404951831795
2020-06-05,275.86127124847565,293.82576557583195,274.69970298435993,293.2872182841094,231.83724422180902,245.8734522982662,283.9312751600329,229.19414005903013,243.55804664755024,243.5086982288522,268.2220652066223,237.18396915824997,182.6418709463452,256.77761136250285,212.56219582094374,278.8829869270924,202.678248484415
2020-06-08,272.2266002930469,290.3434610740727,271.15591378268095,289.91074919412085,228.84519531019424,243.04149864380574,281.13395332583974,226.30425673282727,240.842178795883,239.6610500291815,263.0802364348665,232.22952369075136,182.82564457400127,250.13969353887254,208.78787194227618,277.106015844769,210.78535457044737
2020-06-09,261.94638967162973,279.24875789414995,260.7145214025595,278.6031933531372,220.09436385353936,233.62972173966142,269.8758805508075,217.47128643176023,231.31192320208012,229.64058118781176,253.01816502055163,223.45981641743208,173.2352487220641,241.79253766573302,198.3725217123004,261.68439256861274,207.63928303769913
2020-06-10,265.0441829514631,282.5032711484918,263.61068206698326,281.64037562760427,222.5971728277042,236.24052383891026,270.26275309446186,219.77803447334728,233.7107501293988,232.78794607167364,256.41092896629,227.61145900006446,174.4241676796903,247.4279480563316,200.77344160308942,265.91809487613097,202.17517292930833
2020-06-11,254.11217657324082,271.04232880744934,252.2411049020667,269.6701688501295,213.4166013041114,226.66355639427314,255.91625541394208,210.28308748199268,223.7661654018222,221.98214390194084,245.68620123733731,218.5733924358562,164.39172995455448,238.48848558941108,190.9725811797004,252.84865913884937,202.17517292930833
2020-06-12,258.66016631500565,276.04633481808247,256.91003021984415,274.82662835201734,217.238384083555,230.85572510509002,259.9145238250514,214.1827267901309,228.0587244351292,227.10859771937467,249.6410940042579,223.05118861063664,170.9069011129688,244.1461789007805,194.4967763596693,257.67249182116933,197.3563105184649
2020-06-15,262.3136792844217,279.7158524445082,260.55167747460996,278.48509105229294,220.32952816855027,233.94193102687723,265.87308244559915,217.2424318147403,231.11271452190837,230.42240730923064,254.64362601225417,225.57868621638954,172.27494245380683,245.21486348313277,199.1794653561155,266.65836125143613,197.39393367615426
2020-06-16,269.9659916108071,287.69634959457187,268.2407123719302,286.5212835711394,226.7473851681843,240.59977353794423,277.32516729506824,223.64640004056088,237.76785477908672,237.55652795579687,264.03381225916564,232.59482008997904,177.5970698935908,252.14534709402403,205.87897915585165,271.30173776680454,198.37722504291702
2020-06-17,275.2591872079294,293.50668865401184,273.5013355240382,292.3160375234157,231.26496152392616,245.5438102147864,278.8923805746751,228.10611370031012,242.66423540750205,242.39571086463002,268.691929854013,238.0510144888909,179.71127485379048,259.00148289299926,209.5499027089021,279.7327021594171,202.94786186985218
2020-06-18,273.55915636933605,291.40637107054295,271.799333654718,290.19852474646245,229.87233747441073,243.8165019793527,279.4884143059169,226.7227932055254,240.9361736041263,240.3889381417551,267.28888972245653,236.84637229325637,174.27214254259275,258.75680440168696,207.3417746469771,276.7079302977989,204.08712359804412
2020-06-19,280.9006585967308,299.06701067951775,278.95698209433954,297.6693361012875,236.14583571729648,250.33590830260292,285.45212460812235,232.7959305381096,247.2463750063421,247.1552671058742,273.5586136981542,243.12841749513927,182.76955850974647,265.86320784808345,211.98016596794565,282.25804470658505,205.0386775819156
2020-06-22,280.8193806278728,298.8191231676676,278.93877905446845,297.4855572035039,235.84007491040796,249.86124211351083,284.0496127091069,232.53939945140942,246.8210376835983,246.77863555480658,272.87514128383015,242.93690425700083,180.162009972507,266.4695991344449,212.50209603402544,283.54902934992816,204.24291382385937
2020-06-23,279.6531393948737,297.7581345997245,277.7638375160853,296.4181591393254,234.9399319885765,249.06747877384,282.2652868196843,231.64066736722816,246.03114490389828,245.6760395933379,271.1162003863434,241.8820101979266,179.6466255752887,265.1252571429898,212.2491591044517,280.40772712361616,206.43736667557775
2020-06-24,268.5104454382795,286.2326712442529,266.5125042233578,284.75392611360365,225.68325421000873,239.55317757972523,267.4657869501469,222.35858664820393,236.47321201583011,235.78063747952527,259.5196316515564,232.78379246973753,173.73973183080662,256.9664510992676,201.86876764087071,268.0805488039529,201.6643685459463
2020-06-25,280.99210095322263,299.3425003124338,278.9949464622163,297.8923156042131,236.2951825702421,250.6521448902971,281.26582032958663,232.90022614028433,247.51800170742655,247.455711319131,272.52801282147277,243.72634470463902,183.14661950037393,267.863448937468,212.83713607264306,282.22854527128345,204.84909080748275
2020-06-26,276.90798718438816,295.03612860922186,274.70999809690414,293.3533269160976,232.80689450957493,246.98834523753578,274.2376064637249,229.26037300177194,243.6782408831567,243.84629398270573,268.2946366835547,241.12366794860955,179.33010158748553,266.38105401587484,209.33988602495157,277.6428858689945,199.58253899457668
2020-06-29,285.9517785370032,304.39958522135447,283.7819116154357,302.76349943912646,240.4720474955638,254.88588129281666,284.0976440249572,236.89790141293443,251.55899222957646,251.95736992924776,277.348621501682,248.27735657132854,185.91587380919816,272.9041847866714,217.1236493461647,291.079127755723,204.0124632749567
2020-06-30,282.26814802198487,300.5815338180603,280.0947780808431,298.9351744536472,237.44054590201443,251.76537216023834,285.18250894727066,233.88675930759658,248.45570640795907,248.64034612728219,274.52330671551533,244.06246557876082,180.7221195940102,268.02558186251304,214.393204087387,291.5598469697236,203.35567352095313
2020-07-01,287.20317196887663,305.79051527322423,285.11010381148975,304.2450936619593,241.55946647095377,256.09114980108865,287.78781993756127,238.0454915563615,252.8351766053594,253.00662553769672,279.17077740255814,248.7756660421058,185.15658624594946,273.36739689990964,217.23043895037208,294.79933075427346,207.08812828835028
2020-07-02,284.0506837303363,302.4567033894287,282.1292918714273,301.09406282939705,239.15632405171507,253.57374220058304,282.3056727068887,235.81621766939628,250.50471004391733,250.49843900182526,274.30079591143783,246.09833418943316,184.7734125867758,271.5098174500583,214.524692725897,292.51152091185264,206.76521802999952
2020-07-03,284.3203771090913,302.75491742214035,282.4074636326488,301.402808156062,239.35493904011827,253.79275412890595,282.3056727068887,236.01989240367035,250.73008629576458,250.49843900182526,274.30079591143783,246.09833418943316,184.7734125867758,271.5098174500583,214.524692725897,292.51152091185264,208.99750994229848
2020-07-06,290.4546656260889,309.4637032666909,288.67964422610555,308.2875347703235,244.50996083870297,259.4124454101336,286.0904951740714,241.2584509839499,256.4602135156258,256.23140574675125,279.024973840726,253.15094849763992,191.33357496796643,280.4126142731156,218.13645261404795,294.5650394966098,213.69924424153393
2020-07-07,288.7776505310946,307.5825097547321,286.7884628978347,306.1604844777455,243.09253705441756,257.8260717047852,283.6927534581072,239.66459958558505,254.6722623502129,254.55061810134922,277.7936517778558,251.2800585053687,190.32086780705052,278.39272303028184,215.66386489559653,294.3424936383452,211.24091337341784
2020-07-08,293.2413552229225,312.30686609428335,291.2746903152895,310.9209468915408,246.7748704971841,261.70222630595697,286.83680180593274,243.33833892039198,258.5477580248674,258.3302448428477,281.6529023768576,256.5290455854366,190.91033012664406,282.95366751287025,219.20746223219646,297.1859472509682,215.3137248606678
2020-07-09,288.319400790936,307.25680456745977,286.3011359239678,305.80700863886085,242.68603543779156,257.53555355894673,280.5257266186348,239.2350296954937,254.35924650393807,253.86643917558484,277.563362059812,253.2765682269188,185.17619637621715,279.8780955816285,214.85830731973698,290.5741998081797,214.38189901295348
2020-07-10,289.60705010585565,308.4347571625462,287.6673799964898,307.06898916701897,243.81911192585005,258.57070275695395,284.84938674757825,240.43006931565586,255.46121578068178,254.71705427411132,279.6752543530698,253.5561226752874,185.52867404185469,278.40422912858554,217.0984811447787,292.54288896770515,217.6257048329356
2020-07-13,287.25261153426874,306.0711739712871,285.2476508183452,304.6316156043654,241.81532578173042,256.57024628330146,280.99152076787703,238.38282474872193,253.41101794254334,252.78008900970104,277.050226332994,251.70443496828975,184.81402029656903,277.76910091909133,215.1129294463612,287.24174295381533,214.87110061198172
2020-07-14,294.1101839050333,313.33501599087793,292.1137462999902,311.92220999113755,247.68036697104404,262.75959458009976,290.16125551554114,244.2172568502126,259.58106776057247,259.222730905865,284.4961582481733,257.1835155020202,189.27722267111514,282.4016704977879,222.0064010189677,296.54993057270127,217.4103109542799
2020-07-15,294.7083669257295,313.9042405621669,292.7930583748536,312.58076285034207,248.31627632371135,263.3804706053156,291.45048274466177,244.92355753258641,260.28000249564985,259.68771416125804,285.6574863883537,257.36780085108217,188.9500964441265,281.33542459432493,223.69453929930674,299.91930552666304,220.1451657499379
2020-07-16,292.2768426326542,311.267980829398,290.39055397044524,309.96844669575125,246.25142280139642,261.1492170882454,290.03389857817336,242.89777971391055,258.08534714124346,257.4426911199478,283.9649597506345,254.80249609272997,186.53279941134815,278.61890812265176,222.68700374923952,295.05345033259493,218.80517410298194
2020-07-17,291.64602732216474,310.67566304718764,289.72375063699826,309.33729766191937,245.743727793871,260.68117116877517,287.12266986775114,242.3630894446533,257.58815895899534,256.4123664029498,283.1820813899182,254.3601386625816,183.9744112892135,278.47501260231854,222.58212439212315,295.51440194636456,223.37957739365316
2020-07-20,296.33056561746395,315.7271077121693,294.3880015735549,314.38117846918874,249.73257550317126,264.9676896709133,291.9805594545495,246.30791745122474,261.838106976157,260.6531117918338,288.232182501456,259.4363314401307,185.79346798556756,283.3846355853111,226.33938404738996,299.63122621193594,226.96740314201597
2020-07-21,296.519956927387,315.819009934256,294.5695027729299,314.4609281066719,249.78262908796248,264.920238947859,293.87677082225036,246.34717726910068,261.77588392927896,260.6635342055854,286.17769181638215,258.40906710967295,187.58128707859794,281.9803583923879,224.92148474462073,302.7940031740254,226.22033629651202
2020-07-22,289.1960332441464,308.06649074783553,287.1825685777506,306.62021952039026,243.51090684739393,258.3060426786412,284.87524457994937,240.06097969020055,255.13023619121586,253.4202974574843,278.6155539959135,250.60783448091493,185.4402058666646,272.3392964851311,218.89722652041144,294.72881173886424,226.451794726304
2020-07-23,283.792415598294,302.341437114457,281.6241414239843,300.7096098639269,238.8253474369562,253.35721790757114,278.27501202238017,235.26916608653238,250.0520192200741,248.49036930043562,273.1444037977115,246.11523933109027,183.32358793622262,267.7118113664561,214.66409103104124,286.59880533388264,220.82136183776947
2020-07-24,287.9243649578495,306.6905248387117,285.5918630695903,304.88580420454014,242.3134369192896,257.01187904289867,281.27361667949276,238.59048868655256,253.5299966236691,252.36597530403765,276.5798603002054,249.7752703103287,186.89947734645418,272.61843835830615,216.98368661840703,291.01299954491367,219.79355687159776
2020-07-27,294.6132949565835,313.9349891577895,292.2250360759256,312.0906506263624,246.70025681796707,261.7162909382577,284.7376746921162,242.85960885952483,258.117115275547,257.03150594996964,280.86977707919687,254.3001262926622,192.17464248073932,277.62547137512826,220.26783584285644,295.55293898889937,222.81730936711946
2020-07-28,288.1021065167347,307.080178207174,285.61450821453553,305.11046584275624,241.2636298861188,256.021724567433,276.59342020438544,237.37675486831296,252.35897888909574,250.75964677196967,274.4792776521009,248.30755755044603,187.72024538392373,271.0607915746374,215.25042547066028,287.4923986185688,222.976323007095
2020-07-29,292.1176505715261,311.41114826938224,289.64257290636067,309.4681095264495,244.57614996435564,259.57888491651465,281.3073347942944,240.6747243139804,255.90995961100518,254.36432579512163,278.2834459003491,252.23676754117923,188.88776619345654,274.82153936912545,218.53312287121764,293.2342899434421,225.36849893014158
2020-07-30,289.551742774396,308.7922686107765,287.0475811646769,306.8137255815975,242.30595020878698,257.26524509572397,278.67021099335375,238.392019257279,253.5789955795163,251.71008605214809,276.71756914474145,249.86383835437462,186.25730292131195,273.2380930289251,214.8972457067173,291.7887029879287,226.6036013661304
2020-07-31,286.62055689121075,305.52300570678284,283.9617633335832,303.359644024586,239.60805154882704,254.26621607117795,279.81672229356303,235.57260456945252,250.43448224118245,248.81770948881646,273.49811645026296,245.92970560635698,185.02757619399108,269.8952291501639,209.82202703682788,287.9301886690663,221.52623455502754
2020-08-03,292.649779569181,311.93302804113654,290.0096534158979,309.8064898956428,244.78544118555644,259.7515937034988,285.74467952853036,240.73254917114593,255.91407981362778,254.81407751998978,280.7240779123688,252.21556097611906,190.26592940147964,275.5588849170951,217.16977645725234,295.60323851908475,220.96588395459614
2020-08-04,299.3676799767382,318.96167115514424,296.47293799987847,316.5664317202724,250.4794057230192,265.68262247751073,294.17691546531773,246.16769506347725,261.57071623050234,261.36307299062634,287.6959454202222,259.44480779902466,192.35394793321643,285.21711605202256,221.97849390943597,301.13101354706384,217.1060608107925
2020-08-05,300.81960418554485,320.44947716893535,297.92193881107096,318.0530610774759,251.32984646121065,266.51798314834144,294.4749518230908,246.99877133047247,262.3851821359492,261.87560784780095,287.9643724212271,260.36584168614854,192.93055592277213,285.7665282168919,222.06074181714177,300.96845493525694,220.53501771322473
2020-08-06,302.0861748821873,321.8693474568352,299.0709164737104,319.3481031690724,252.40051231356105,267.7149893242872,295.6835899207471,247.9606035903426,263.4661411696936,262.7381387430003,288.9681805548578,261.05183759804845,193.25350862552847,286.9062538033075,222.5453384252289,302.8006344374399,223.44752738112277
2020-08-07,301.2670368697581,321.0048672177883,298.3250523735936,318.5630158370351,251.76371346016703,267.04875382813384,297.0000152486655,247.39300907578348,262.8750541772339,262.3803056379835,289.9995547553269,260.0190454208384,193.20925720485872,286.1502222066702,223.11503211887907,301.41984435354374,220.77940480658808
2020-08-10,307.9779659010036,328.054480196138,305.0385964209852,325.630678098294,257.1597919912607,272.6760624592832,305.8929905724989,252.745847277167,268.4662877513777,268.347224031035,296.66243278242416,266.0808174393126,194.4428878352689,294.1420349065147,227.93578522586225,309.27497778887783,221.90057011610062
2020-08-11,308.744774552464,328.9455815654068,306.3688389603318,327.1517990543033,258.13838588267697,273.7922837909454,305.18529770170625,254.21276929353587,270.1273986717176,270.2824651333829,298.77824271874556,268.3211811425191,196.31194499859993,296.8117298741406,231.10472140429619,309.76924300993716,220.77335033412388
2020-08-12,307.113005317766,327.063036343082,304.9565735690952,325.5036150898673,256.75396347818486,272.1983945426324,304.5089733714772,253.02719271905863,268.74647949987485,268.9859468143186,298.27118188209135,267.6674050615675,192.57999389106658,296.08399544682476,232.14382922716652,305.6608473845356,218.87926398453158
2020-08-13,309.18983130563527,329.29871431314257,306.6992784076288,327.3748758445845,258.2852819523225,273.83385677709674,305.654305958375,254.25247378315458,270.04769418608004,270.78020490958863,300.38680992282747,269.3477305542249,196.1579186975188,297.74500454092737,232.59504057662915,304.9369199523599,215.53621761454096
2020-08-14,305.394487188968,325.2883231004318,302.98749015761575,323.4479965798919,255.12985419792895,270.51660786007335,302.6724388776343,251.1925875058929,266.8286630697903,266.959828095924,295.6123282643283,265.05272034981346,194.1642943999821,293.5352973549914,227.70808666463864,299.6987674375268,218.15578794862859
2020-08-17,310.2583984053553,330.3596029474832,307.6265076120438,328.2791086105107,258.8422507884077,274.3433297508532,306.6262916853586,254.67301747556027,270.40543261047947,271.4374550259773,300.67042295701583,270.25550580494246,195.1016443575468,299.8620529557234,231.66290444834777,308.1189725941037,212.99806816551717
2020-08-18,315.61300256342435,336.1466508658928,312.8406050075752,333.927584742304,263.5378581161818,279.403686501936,311.48683261974736,259.2201137367877,275.3159806774675,276.06654250362146,305.6998344909029,274.5850881901466,198.88008129744236,303.19870755516007,235.46585690206365,318.0155448731547,219.45736906735198
2020-08-19,310.5677338102076,330.6420038910841,308.1178684231654,328.7629111207704,259.4373297844302,274.9476960683682,306.75729263837775,255.4309347553333,271.1908569394234,271.8306934290702,301.70974721730386,270.0709585696472,196.77621733372254,298.2540016126845,232.6968806978694,310.5760645690975,217.03907457346574
2020-08-20,314.7486749693837,335.11168482759126,312.1447513408429,333.07356793017476,262.7945237105553,278.5158528427914,311.38650062109036,258.6265630400087,274.5893351356895,275.2685817112955,306.54166565855985,273.5430247981453,199.81220349228138,300.3147429068937,235.70630857481692,315.6268621512194,219.48323188163053
2020-08-21,314.322455529742,334.78516887893727,311.8030471533527,332.843974080351,262.66912032528217,278.50273128767344,311.78759209023866,258.5820082636767,274.668534844003,275.2812581583822,306.2390997910967,273.4450287257057,198.02288764277705,301.93684168959726,233.29483082756272,315.8542058727416,220.1317154507068
2020-08-24,321.12023324430567,342.08530031828,318.7389816412057,340.3180245531057,268.29378648972926,284.51582127543634,319.91542232528985,264.2831011864063,280.78227173099725,281.866122170217,313.11627457427926,279.8216134933705,200.7489227340481,309.31431511899694,240.3700656173056,322.4142983565183,221.00734345642428
2020-08-25,321.45496634013926,342.2275849583908,319.08658680954926,340.4680958433124,268.9563589216677,285.0493306989038,319.1740085897159,264.9640964321758,281.3331758069531,282.33196762958084,313.6695155311602,281.21150779156005,200.54453397215318,311.17092246651066,240.3274767915325,322.14222264339077,222.19293472347817
2020-08-26,316.75562308488065,337.2700742277511,314.3259338308933,335.43142821055756,264.9543439884942,280.8443018650163,314.37554453291074,260.93587368528557,277.08977787968837,278.11969666416087,310.3030631510803,277.2876380041597,194.9728360799481,306.5562603774285,237.78691663034866,320.3751752855545,218.44168025967664
2020-08-27,319.8334011401378,340.5491786159746,317.42080787095597,338.73791061684784,267.59212628292374,283.64469248414844,320.1822300085371,263.57128662793275,279.8945446493201,281.2827768688023,314.2968645865501,279.7569634520854,197.0424117404058,309.30954084229484,239.21588081015148,325.70223270546956,217.64716171145548
2020-08-28,321.44077685688103,342.39521920244255,318.9505112326412,340.506738839651,268.86156805137904,285.1036439583917,321.10231262758373,264.76207897119986,281.2729673424101,282.4080203085682,314.41803340858945,280.6077546530646,199.25150961191108,310.9303858260616,239.26887083734917,325.15366389951146,220.93213709866325
2020-08-31,307.5901635187944,327.55493803482653,305.0439382520004,325.56358892164934,257.0428655672948,272.48592390823643,309.0090557122788,252.97343197668107,268.65512296936765,269.1978967414635,302.43850836592947,267.8251879930528,187.5947170022868,295.39368381593226,229.31482484038702,312.7059445705126,215.6798343737879
2020-09-01,315.98071041381354,336.5853213448853,313.4512135700645,334.638520672094,263.88943098435334,279.819215800395,316.86908273067854,259.7794360366051,275.96345318172644,276.53249702899734,309.90764726761245,275.4145847122126,193.4485461255998,304.829481203822,233.1272308266412,316.7772707877923,221.44566383955322
2020-09-02,311.9147896317562,332.62014860336313,309.6238342243054,330.93954624506677,260.9999728932838,277.09314411228286,313.45393614365105,257.13246170058966,273.50735205564735,273.74004779091615,308.1680539743052,271.9418429986439,191.29696337774925,300.62095216165983,233.3729849511021,316.33660442775187,222.39296638594843
2020-09-03,301.23243087503647,321.0226767719091,298.83685047226305,319.188956779696,252.8432506385541,268.28820915091353,300.4915318592017,248.96929173247767,264.66932008849244,264.4885176494711,296.38184534412926,263.50891335029684,185.37908696150944,292.5663264968357,224.85088576616917,304.080361272343,218.83472573450865
2020-09-04,298.5352497833945,318.61702288316,296.13183199809157,316.7831533843002,250.3304932307495,266.018794851762,295.2997862208009,246.4598566912551,262.4078757929569,261.9212548128415,293.0129903184632,261.42579035818557,184.17276645370833,289.930067447799,222.9811543341775,300.1340408525881,219.76230908127044
2020-09-07,298.40851165755186,318.4765569353469,296.00127890308477,316.63790962014644,250.3304932307495,266.018794851762,295.2997862208009,246.4598566912551,262.4078757929569,261.9212548128415,293.0129903184632,261.42579035818557,184.17276645370833,289.930067447799,222.9811543341775,300.1340408525881,219.76230908127044
2020-09-08,293.4951821581938,313.76904246420304,290.9440291886491,311.7746917008339,246.2760634822848,262.17896070155814,284.7456210295849,242.31181950687687,258.4660818410117,257.66560986747754,287.7236488289884,258.0650198259161,181.78206877624788,287.36922034818383,220.41891485757347,294.3205509815908,219.42525433049948
2020-09-09,301.7876280946675,322.53212312709024,299.2390684074462,320.56123288938096,253.28578732542732,269.5547167288997,293.46852506517956,249.27541252284308,265.8079419876101,265.4558801235864,296.461548314991,265.05715948672406,186.1439853506027,293.9846509047645,228.61772336881873,304.7082232579816,221.2446705939982
2020-09-10,294.6487302984142,315.00749492017025,292.0367976799206,312.94898888120105,247.04468378372638,262.9933683587905,283.4522009614443,243.0161703522173,259.2111986750019,258.92692841864164,289.68311256541523,259.07588306895775,181.1402772196496,288.6609465552213,222.87056680223728,295.9044697272768,215.21247797972998
2020-09-11,296.68893488523514,317.131853689041,294.1119173244158,315.11627540713204,248.7648669199007,264.7756815864906,283.5711456222996,244.75454862219138,261.01725404332893,261.17588178971374,291.96548540028874,262.0268764578251,183.0352714269247,291.8404228285272,225.289430695661,297.95819289820827,212.64450084858186
2020-09-14,300.1040825695791,320.9776500794843,297.5475460046249,319.0012678183285,251.4889394305993,267.83875100070105,286.9545997715771,247.47261807811057,264.0856819222954,263.8959802136911,294.8023207374119,264.88500778953403,184.88546756312707,295.39447326807567,225.64173838774954,301.6537678547394,218.28061273614315
2020-09-15,299.49829765388955,320.1526519802341,297.0540702560077,318.29377919851834,250.94470947017987,267.1039084788502,285.49939216763613,247.0283207496127,263.4561822133807,263.2261448244451,293.9707499147016,264.68620096964065,183.83884243602026,295.4641787202921,225.0164758764042,300.4421121873337,218.13141129476102
2020-09-16,300.225245053214,320.41701454192696,297.7573818236649,318.5164894806215,251.40698158903865,267.14482522563344,287.75218283323295,247.4622863195981,263.45456809373474,263.28142437557597,293.8736007636178,264.7179093986152,182.6073724078785,295.875694027606,224.83911499324006,300.3491368110465,217.61147181515406
2020-09-17,297.4764314305115,317.2340567337711,295.07188675316576,315.3878042190555,249.1094908462579,264.487557512985,283.47788437503914,245.23621390132618,260.8643575296478,260.3819152593009,290.83031900369656,262.592435549747,179.21738761645193,292.8967235228751,223.60169297718554,298.2803882311242,218.29956362424753
2020-09-18,294.73049490314764,314.2599065391436,292.22459358032944,312.2917988736381,246.72213871711054,261.90935372242643,280.22395129337906,242.77572829405938,258.19751981587075,257.9904118087523,288.4755860010538,260.6513602961847,177.3373825274043,291.7797126951254,221.49461226007338,293.89755547812155,213.57416482528797
2020-09-21,296.5571843734498,316.26134795058766,294.01156749008896,314.2559619592249,248.46504406592365,263.81517715106656,284.3307770700673,244.4782732881921,260.0647907066528,260.3813545875895,291.6279994817425,263.83609419912233,179.6400217780454,297.03726723559396,219.41324271061595,294.7129722452554,210.33641462204707
2020-09-22,297.4844313092558,317.28859634457626,294.97341110155145,315.3255283684177,249.16147904367216,264.58452801109223,287.2887156023326,245.19716943711938,260.8617033900989,261.1578678323777,293.7499988721022,263.8171372450556,178.95923093886205,295.7156322133183,220.23114410594272,300.63376699399856,211.1708306327754
2020-09-23,294.4827294256177,313.89602914506696,292.0101897322544,311.9609693615521,246.71781380976196,261.8269172184826,280.75683780178286,242.80652001362463,258.1518756403971,258.51279242641766,292.0957594506605,263.02343397696484,173.40713330935432,295.9391335166694,219.73882778609965,296.8140346697429,208.3738841422775
2020-09-24,302.38595964643054,322.1669306714143,299.8542541268734,320.18277802856363,252.8947294646893,268.23022754093694,287.71335318421643,248.87423512803176,264.4465803909902,265.09160372694345,298.59118695706877,268.19222159747324,182.33697541228577,299.7597462397537,225.3415059604969,305.2983209942145,211.01380519400345
2020-09-25,299.06428978398026,318.74221017222277,296.6393106545298,316.87132774815586,250.2159339714836,265.4921190496565,287.05255719742473,246.31005146942647,261.83105207583554,262.2817009139129,296.6183257635146,264.6303640418421,179.59663045295653,296.5123762654917,221.77592007481528,304.9150661559606,210.57284747853484
2020-09-28,305.3778134265141,325.46423890433465,302.91746414866094,323.571204796968,255.5939285417332,271.19652361504274,295.68212078286655,251.62152800527534,267.4760185470599,269.04294461740494,304.2479305901616,270.9572897567136,183.44167857818,303.78210199182,228.80145227826128,310.24004148215596,205.34027821480407
2020-09-29,308.93599639843853,329.6188958068985,306.275118785648,327.52518737256236,258.3852873581705,274.4644336326671,297.19213731485195,254.21368142346074,270.53913550530694,272.7375993890075,308.78523671014483,275.63733025826275,184.80615244405328,309.31198792655414,232.8093680384462,311.64072109398296,202.54041277876786
2020-09-30,309.3792114084614,329.90788133901907,306.86359250805475,327.97082409223486,258.8772144173642,274.83286872299203,296.759575765955,254.83112268280595,271.0439167666875,272.96611402795355,307.8632818182806,275.9925297808114,187.38032357575884,310.4707248144047,230.25757817215063,310.0754734778715,205.2086004280812
2020-10-01,309.90776296877266,330.8914628347656,307.34946440363416,328.9226673304945,259.52735325985003,275.8957495329833,294.76456402203223,255.44613620609204,272.07979953634526,273.68902695839694,308.84608474140464,277.0175146926493,187.20796696841927,312.35643251725963,230.29687322126202,312.151102271909,208.6417279555203
2020-10-02,309.2837114626138,330.6631347303789,306.6465871211945,328.6196459614456,258.96596112941836,275.67709195566465,293.76485883478927,254.8194575036528,271.7974741605201,273.7868891221281,309.0227208079031,276.67306160568074,187.91841510997392,311.3184961757009,231.65345211693156,313.94583516071475,205.22310922343223
2020-10-05,316.6895704441075,338.0282568223895,314.131056570278,336.0752728158674,265.12939603200476,281.7574572849409,302.6389806410315,261.00523687578357,277.9069939546175,280.0016443252813,316.23051357332895,282.6390313594114,191.69905272309495,317.5105173768406,237.35583823625515,322.1787947428159,209.33717663895757
2020-10-06,308.4084440828561,328.8867241326244,305.9703766694086,327.034104670593,258.29916631542164,274.2410608460385,292.22758994673103,254.33156327937155,270.53852089581386,272.0203620201953,306.9762434897487,276.03449018383975,185.14553061851112,311.1685013120343,229.87728198429784,311.3526994060537,208.36972583222305
2020-10-07,312.8582730720329,333.7682322893096,310.51707792336634,332.0403188386528,262.07227132806764,278.3671244755556,298.0709323393289,258.16268797108165,274.74232163483833,276.7026164959634,311.92984002977937,279.88385407635286,188.49517385618014,316.24436942224537,232.73112867824727,319.312834980389,207.7700330041343
2020-10-08,317.29164380991534,338.2994664181341,315.00655871517847,336.6394920827761,265.6634585704185,282.00427191067416,304.151489334875,261.7726757625283,278.40504580338916,280.173657657783,315.3876830373645,282.8956886692176,191.86316688799806,318.29215883967936,235.74489696766352,324.27535779850774,212.33900903137734
2020-10-09,318.82343576453576,340.22542046796417,316.39369281659526,338.41913311068004,266.8795134099453,283.5460917152704,304.2956711210536,262.8528141098147,279.806666079497,281.7604516257095,317.06325523674354,284.2859935953122,194.29878070476641,319.1090836126649,237.04309512294998,327.1830500047302,211.93851139533075
2020-10-12,317.0722374387151,338.7267374185101,314.7747920642298,337.0754526623083,265.03509746866416,281.8911608716178,305.4768798535137,261.1240894891356,278.2835144712709,280.087229217441,316.00991016340845,282.4732601332319,192.3362721019866,315.82299890408876,235.48610034731198,326.12370722712734,211.93851139533075
2020-10-13,315.134777238333,336.3946708948094,312.9663084221096,334.8723188462888,263.46625208360865,279.99768386973545,303.26402124842826,259.67955249810154,276.51731813565954,277.96939030576937,313.4948357793794,280.30596623796225,190.99600879170734,314.4408676345546,231.66016965579507,324.2110578792484,213.42502346312136
2020-10-14,316.8036010111768,337.91575293476455,314.5654178898292,336.3113522195723,264.84079832000685,281.2322501717247,304.3375135210134,260.98327926408473,277.6705895917871,279.0097691868598,314.5001956252035,281.09794051508084,191.5183315681944,315.6040172390346,232.505040046964,326.90983968419374,215.31977355691177
2020-10-15,316.34825774416885,337.3780469903103,314.00381560842436,335.6524026115926,264.3463454443135,280.65733716625704,305.9651902983614,260.39708148453553,276.99124657991246,278.2335895368935,313.5377199560024,279.5491766996155,192.6437274537812,313.6266444267338,229.183578667972,326.4834406622795,215.58721072572493
2020-10-16,317.3145109382439,338.49913010485625,314.9970827951704,336.80934909181656,265.30095179983374,281.7554764016137,304.15547996379115,261.37269996370753,278.11760652338086,279.6707682962325,315.1418057217216,281.61933930169795,194.34401737677092,315.0671219777673,232.47436618503676,327.45247537135975,213.85774325930888
2020-10-19,318.0977651120818,339.3481358191911,315.72582279621776,337.6003927367803,265.5391949413191,282.0024490277427,300.598956592965,261.54889057691196,278.29627258487426,279.7388164739193,314.53157695437517,282.40618466940197,195.52804012471177,316.9251201750674,232.1531598233856,325.46185124996475,214.9339769056827
2020-10-20,318.8508055633241,340.0644797435994,316.5281892374736,338.3706826441169,266.112365468255,282.5336077588605,300.3024539707714,262.1585974949362,278.867304146499,279.9770426116062,313.9151529648378,282.82365543906224,197.00223379739396,316.70323021521784,231.83640874652372,325.2642207731634,218.21279070163317
2020-10-21,319.3193706415734,341.01432497288187,316.92260631622923,339.25507081407955,265.7418826153084,282.49683840375315,298.05278783087584,261.702681634298,278.7449125071095,279.8185485275957,312.96489096846034,282.8173310180974,198.3869458053747,317.43549226994935,229.47108239524994,325.1835136595319,218.42236279811448
2020-10-22,321.05071828452583,342.7344972439481,318.8187593772924,341.1591861378344,267.1181730284595,283.8461877180144,302.88741671380393,263.2082035504347,280.23825779490033,281.27377465712556,314.0019835596126,282.98169192157496,199.9991022651129,317.3604090214786,229.7570263740043,328.67565804649087,219.96923287077078
2020-10-23,321.40802143868956,343.45982424233443,319.2362950594188,341.96466741942703,267.48425619466263,284.5343175683953,302.04192548952295,263.6254881067787,280.9926745291281,282.1752198909346,314.57866965060697,283.6728453202002,200.89843628925078,318.1029590920408,231.38247250447,329.1585655891034,219.32056832932142
2020-10-26,317.5051294793027,339.43637841204844,315.1622113291862,337.74450567957376,263.95058570408116,280.89009523954036,296.3744341465131,259.9618626839721,277.1976445950135,278.1881005413367,310.3674687565646,280.47432239866816,197.28899923268273,316.1562225405345,225.20150393240428,326.0933745821665,217.86423505556525
2020-10-27,317.29183500143625,338.9048390231187,314.8963730462056,337.1432204625768,263.3046509398978,279.92155041102455,295.86607840367645,259.260802984141,276.1582000484521,277.35377013411977,309.1555135385236,280.3521280456431,195.7032277844446,317.58749738046174,222.34573290829164,324.27337155591846,215.2482890048157
2020-10-28,311.5858485655659,333.04366587404985,309.03634303277846,331.1023141533165,258.5270090192663,275.04115380542993,288.698699094653,254.38607475534195,271.1624502354501,273.056205444816,304.0498074468504,276.8858254526837,192.67001127441716,316.38341530512247,216.04268381352557,321.81175882382644,205.20946333290144
2020-10-29,315.30634231859773,337.4322702636506,312.8352168983133,335.6029729498919,261.5378005424157,278.59479229667386,296.35948508495966,257.4388052325703,274.7804884020032,276.7732469244641,308.35642230313846,280.7052846209291,193.76458157545224,320.61985190790676,218.73545432682243,325.62308226645257,207.33795327519542
2020-10-30,314.4005653629738,336.5297790847459,311.77787563665913,334.531014957189,260.6181907154575,277.66543490082387,295.05765641287655,256.3911919845668,273.7075758270155,276.1907094006672,307.6853983318612,279.9312567434582,194.1248723246528,318.9254434310944,219.01457888974528,323.65855804587846,202.42338178589924
2020-11-02,316.28687086145254,338.19357734326144,313.6802944219445,336.2063445274128,262.30219160367653,279.15985985897447,297.846773564922,258.0798550767058,275.2039456007792,277.8379223023506,309.37310239010804,281.7587662984276,194.93978734169576,320.4655453344355,220.80213824638452,323.62480156756175,202.42338178589924
2020-11-03,321.34557054649434,343.5835334712823,318.8224093739586,341.7033213732888,266.36169229467185,283.4580635952177,300.7330500037167,262.17571285077753,279.5532996334703,282.14981173391567,315.8308769066653,286.0703436826017,196.06529267605657,324.1288944765735,227.6662067158151,330.1972583188342,206.2563672742795
2020-11-04,327.70960734395396,350.260980290286,325.35671909032226,348.5846652188046,271.68006144201354,289.0106672594384,308.3233572225405,267.6005599722723,285.23611136355953,287.9071498444409,321.88400993512056,292.51835775848787,199.36313381039824,332.05437689474206,230.87526010802878,332.6362531782073,210.27433766609548
2020-11-05,331.7482826578792,355.09399798326376,329.43742578652547,353.4942535953383,274.271793033616,292.17869733538754,308.0088261128469,270.18432771137054,288.4140340102929,290.5629785047442,323.68086393492644,293.8141315035094,206.85946675621807,331.78050391481275,232.88952070638166,336.7261748351756,217.05061597792633
2020-11-06,324.8944117468234,348.15073591577936,322.66430540761803,346.6347538736404,268.6567075997346,286.53543795783685,298.3005565456945,264.6831007968334,282.8909617458124,284.27675214596815,316.18747034567065,287.5031611861018,205.29501942408785,323.79639235290097,227.6575690747435,329.68306347596166,218.82683344195777
2020-11-09,323.18739203555606,345.85491167706584,321.798290288763,345.25687350892304,267.64204017401,285.070782704935,302.64411132857424,264.40656043508346,282.2342687011804,282.97592411117506,312.91112667213565,284.07132907346056,202.695404172935,318.868376165563,230.25312219779477,332.518384830397,223.74578920922593
2020-11-10,325.4502171682233,347.91530975106326,324.04610255439417,347.29338912448793,269.57372212844166,286.82114336592315,305.2008769569708,266.31265538101155,283.9520585596276,284.74985950130065,314.94986008317784,284.7035173620989,205.04844921901514,318.91179923960647,235.6229607669586,331.14593269573,224.65852603048154
2020-11-11,329.40180024036215,352.16907355686453,328.1185955062165,351.6944933908436,272.6367114311793,290.0963771292803,308.85490366180966,269.44820150969207,287.31694117474706,288.463514362775,319.10012578414944,288.27897344076507,207.04350626960078,323.141240316554,238.804553878618,337.9053677254911,224.37594681448127
2020-11-12,323.75627717740264,346.13745994688185,322.25833910146787,345.4072877757397,267.44832623486155,284.557298757457,302.7087247069832,264.0979333638729,281.58296329478236,282.86458767131063,313.8920834626999,283.885105861082,200.88581321044984,318.6649992101704,233.60082076686086,331.3677729205833,218.54678068357293
2020-11-13,332.2857898832457,355.6918467609242,330.83597529131714,355.05652651319804,274.61155898188605,292.55587137666225,312.4836158604268,271.25070996108207,289.60152939870943,290.97335679816223,322.19498345448585,291.4277620111077,207.75123794398266,327.43825495752736,240.08125629285297,338.9120173954311,224.3138394828062
2020-11-16,337.58734846293953,361.2536393034202,336.31743835200785,360.8304810280653,278.90304729362384,297.02711804490775,321.4701320317315,275.65925201539494,294.21206285843425,295.5975369105958,326.2870809269918,295.2084183376234,212.09357880101726,331.78593560204905,242.24568660082895,343.5623099237766,227.95445385986696
2020-11-17,335.7544282004307,359.295263625949,334.56807075509465,358.960055624092,276.82152191016075,294.7887639351026,319.1703756800311,273.644855625864,292.04174965307334,293.06141006593566,323.2412444691425,292.7156750344648,210.82954120752842,328.96192952912395,240.01480635050603,340.59298121565024,229.28933585129715
2020-11-18,329.2717971705346,352.25389636789447,328.14074771563816,351.95724795401196,271.3494709694591,288.86719797863265,308.9266253846581,268.2581285996869,286.1965155887044,286.92344019263527,315.6328492008253,286.8352121971594,208.12837866198674,323.1748133016436,234.93140424690137,333.1280191315058,227.04383294496643
2020-11-19,332.5580157125533,355.774637205915,331.4837884747359,355.55120584731947,274.0864601870617,291.78650617103926,313.8717639011757,271.0229857229653,289.15468840833523,289.9199170937481,319.5139800264177,289.86331230365244,209.63904224477363,325.6487656636501,237.976363500092,337.1168063823208,229.12258313988184
2020-11-20,330.24638470653764,353.2687236975192,329.1888508398039,353.05584290121715,271.74969735310543,289.25239738072463,308.5601599593888,268.70311633145366,286.6312669697669,287.1598085418884,316.03404168501487,287.96100528567,208.64195297933392,323.8532986013736,235.15439980506207,332.9404384145585,229.12258313988184
2020-11-23,335.85279556347484,359.19045135047236,335.0693818433364,359.29676240847033,276.5418209084625,294.2964720807544,320.837595874558,273.69652999730613,291.91065650478544,292.6531540892508,321.4096395716782,292.5254428145466,213.03015303940006,329.00762659581983,238.7414423256174,336.92869661949857,231.55032531151406
2020-11-24,345.676487308977,369.33432541222123,345.2971822258033,369.9053523875761,284.3826339399183,302.32128525238585,333.38851118316313,281.8096112234521,300.2493265925021,301.3566659228426,330.13801173759873,300.3715443233918,218.9423895224385,337.25045875359046,245.3727669161134,349.11481346956975,235.17401648462015
2020-11-25,340.9674502691564,364.0274348757882,340.5845704981415,364.5694775840935,280.70846263987016,298.18925631750653,327.1678705847213,278.1691858424827,296.13681868804105,296.60229922660204,325.5169290668847,295.60672146064593,215.6867630997992,330.6076265082343,242.02264894100426,345.4752401241879,237.3325067556574
2020-11-26,339.8760455578869,362.81740126488626,339.4524613817009,363.3091687988568,280.7788924297474,298.2670646697283,327.1678705847213,278.24177023488016,296.2173111849975,296.60229922660204,325.5169290668847,295.60672146064593,215.6867630997992,330.6076265082343,242.02264894100426,345.4752401241879,238.10661459522925
2020-11-27,338.87076742043894,361.86613756262585,338.6320189434926,362.56584157116225,279.9173498310549,297.45473652477136,324.9306246114958,277.543279335142,295.5870075880364,295.7757992571604,325.2046997010356,295.98802551053893,214.93080973891904,331.3879318937544,241.24304281177297,342.38489227698426,239.3252567791688
2020-11-30,335.2616008479901,357.9566412715349,334.95615630048457,358.5694671158346,275.22055703830733,292.3433863262871,319.11742272021957,272.75926480987,290.3618157391239,290.421496945752,320.9489213333519,289.80644375920315,211.10901992321942,324.2324347338311,237.93460524138936,339.4616393011398,236.2140774881241
2020-12-01,340.23208579065033,363.65234587451505,339.869871992438,364.23233887548037,279.92327534784056,297.695320182241,321.44865676721076,277.40035747787573,295.67053183946285,295.71664099385464,325.6640891975896,295.1105935853108,217.60028350282136,329.6179857544582,243.3326366541113,343.67260691338817,240.66399410889852
2020-12-02,334.36583559399554,357.3161393188216,333.99793324063467,357.8700757421619,274.9435512788126,292.336601485394,317.5929962980832,272.4493079363817,290.32766591667377,289.76799635659603,318.40185565145265,288.60871226884484,213.12641590685394,322.5279858394276,237.62701608543466,336.33882183295344,241.73068634132545
2020-12-03,337.1075529126942,360.20410876157973,336.7124667678714,360.7339121531259,277.12672574083894,294.61917129249997,319.5228584042188,274.5893489182457,292.5670532792991,291.95362719972695,320.00196508445345,291.2159491181676,215.34967988366995,325.76717351108516,238.94157840181575,335.6876777010749,244.0489095947588
2020-12-04,336.0228736974524,359.0382568051631,335.7857696361222,359.7406771352341,276.73776796494667,294.2212076358334,322.5901585912232,274.35678716705223,292.34213082369916,291.53149470937416,318.9574222452177,290.46597931126405,214.94376830971768,325.53296690834634,237.77755026654347,332.4283919227726,245.67898648832113
2020-12-07,335.4591851736438,358.473734013932,334.99954969048093,358.9281776387539,275.96850086435,293.4225620121322,320.6754010084935,273.3926102360189,291.3256946197353,290.3828212529007,317.8069904772456,289.5053754189907,212.5789757283154,324.8600870659482,236.5484335418408,332.0733296160182,246.0767456728811
2020-12-08,332.5045687753492,355.34069526507216,332.03128150438,355.77241662309694,274.0360900168711,291.40979345725657,319.4245005403068,271.4829568947531,289.33428111096475,288.2256895482986,315.2933624634028,286.74077890597215,211.5675836663172,320.7446706623069,234.86255598275366,331.8414410872859,245.99948535834972
2020-12-09,332.1225766072799,354.88998625189356,331.8007727385486,355.48766023832894,273.5304474574793,290.827744355439,317.6244767960738,271.1028148850664,288.88863875716527,288.0034682298079,315.365101746075,287.0695169850067,209.59513067955777,321.7300504449334,235.66088154706813,332.49478972963595,243.53904073940734
2020-12-10,337.737150389501,360.6482529748484,337.5256618259904,361.37494040807405,278.3950428773385,295.80463199651564,324.40539410290796,276.03213481472017,293.94402641894703,293.118201513365,319.262856489799,292.0008669454385,215.36817007266836,327.21540956185265,238.03398258519488,339.32880172341396,247.10473578615654
2020-12-11,327.4699363924145,349.7246297448854,327.2121507570235,350.3722034197587,270.0250968304932,286.94942669740163,313.7065165801988,267.69208364250755,285.100458595397,283.4058885635537,309.3838516740779,282.39485261455303,207.81599870266385,316.61602720992465,229.06822813356231,329.75123971600993,247.95684155014078
2020-12-14,330.01187262786107,352.33900605181987,329.8194460651825,353.0624138577995,271.4305569311919,288.328027088692,312.8057806460014,269.11532802732603,286.49861895749996,284.99069118859086,311.3301154568966,283.9725535079357,209.0018612582618,318.8006085257185,231.30204361792482,330.5225388459703,247.2966036269476
2020-12-15,337.0969949061231,359.89374502504774,336.8594144022379,360.5866036980498,277.27840190540456,294.53250617981445,320.7325724394225,274.87929115196266,292.6257185433569,291.4405724439833,318.4551548222921,290.12421928161837,213.8436267999972,324.49246777508444,237.33511800142145,336.5752946680188,249.19652502302978
2020-12-16,337.5216093361867,360.38506546112103,337.32735335991885,361.12895692216694,276.68988593098885,293.8998581560636,318.5254673076456,274.2957016832929,291.99667175714103,290.3746333745414,316.9102897021987,288.9594433314602,213.83506239561027,322.54186777755217,237.72206169085752,335.4183831596708,252.7940151607772
2020-12-17,341.3569038402137,364.4479214327752,341.1602334472499,365.19867652518735,279.1988470821285,296.51054887044717,319.5836494573475,276.7575937876709,294.56008722861407,293.1311130857408,319.3080572787766,291.2475138282785,219.10604106640315,323.9709745486955,239.91293186752935,339.27858646712775,253.02805451807168
2020-12-18,338.35523724574705,361.05790440272574,338.1349611938196,361.7660437449847,276.548993823611,293.5313270606077,315.41458894347414,274.10181333101764,291.5613714856504,290.01154857751635,316.21868578480854,288.41429106033536,216.7205663003294,321.407906807332,237.02517970023638,331.14447790527674,251.7377480902892
2020-12-21,336.5001437674711,359.2336240618282,336.13901985228216,359.7863463550806,275.03780507576016,292.0588455001808,315.51713598916564,272.4844364825445,289.9717394345192,288.73799814221985,316.3209948868605,287.34816433337664,214.27546475306184,320.64000770436303,234.72950199775826,331.2553879826407,247.42788154210325
2020-12-22,336.79617470921517,359.7457888329266,336.5021672134634,360.38222181287813,274.7948060099699,291.9460459152367,314.9889804612882,272.2813257509821,289.9074704598859,288.62371301977066,316.8327452813065,286.88618505734917,214.6991199012793,319.8954866947332,235.1028363662653,333.1651832452792,247.84708249125092
2020-12-23,342.56544720876053,365.75658086625583,342.30607052373887,366.44175415505117,279.8476703614925,297.2010197158658,319.2138804788025,277.33505359228553,295.1732811821146,294.0316047014771,321.35944687236656,292.0521397322264,218.7418581642478,325.68478435325625,240.68603213703543,340.7522311402995,250.78657339197025
2020-12-24,347.00353550642245,370.4435334763542,346.7085706873793,371.09953934898977,283.2585948347142,300.7707434613248,323.1760933417201,280.6796897592476,298.6769294394608,297.8389830114454,325.674973541204,295.3383625852722,221.7100522033705,330.2913383676955,244.02082531913484,345.5759045635523,250.78657339197025
2020-12-25,347.50646288818103,371.00108347086945,347.2303974820626,371.6804181834897,283.2585948347142,300.7707434613248,323.1760933417201,280.6796897592476,298.6769294394608,297.8389830114454,325.674973541204,295.3383625852722,221.7100522033705,330.2913383676955,244.02082531913484,345.5759045635523,250.78657339197025
2020-12-28,350.2642923021277,374.2016477444028,350.1404893846175,375.06905521061316,284.52407577679776,302.28881002017675,324.50903060127854,282.0245526800869,300.29240464528334,299.25747947525065,327.5608483259699,296.69471266589665,222.16209515053276,332.6683326999993,245.3940464129297,347.14128469893495,253.9255036344696
2020-12-29,354.4784556319743,378.7081259756049,354.38683436633056,379.6236637313262,287.9019175648369,305.8792501832612,325.58485106757564,285.3991269374609,303.8884912830234,303.03343023176586,330.7803286274895,301.5571884048227,226.1068317239749,337.9501521064513,247.7569220835163,352.2498814764265,255.17185770568832
2020-12-30,355.2412392279729,379.60060341709453,355.1720666031172,380.54663727554146,288.0299223323986,306.0595059435352,325.1165694501309,285.52549608053414,304.0688260430206,303.1295073092551,329.4026913312475,301.70713484954524,226.50695915595543,340.26424443179053,245.8174472099938,350.7702193651264,256.09903166722523
2020-12-31,352.84020045387325,376.9418164533883,352.67518368747807,377.77017044896365,285.98451664389955,303.8038021139451,323.91806681801694,283.41344119031766,301.7307243219457,300.58673028446725,327.69790070093626,299.5209200441375,223.55645878063294,338.77698198757054,242.12525007139982,346.30248210031516,256.09903166722523
2021-01-01,353.01123388278785,377.13156029000027,352.85271225955404,377.9679376923538,285.98451664389955,303.8038021139451,323.91806681801694,283.41344119031766,301.7307243219457,300.58673028446725,327.69790070093626,299.5209200441375,223.55645878063294,338.77698198757054,242.12525007139982,346.30248210031516,256.09903166722523
2021-01-04,354.9214276144632,379.524683025955,354.5305746581078,380.1226281554751,286.6192461912618,304.7345398546462,321.16012074415386,283.81292387116616,302.4111655968083,301.6301302561242,327.1621434574792,301.6459913538904,224.59342698241196,341.2997217048118,244.84036209804123,346.57007402277685,253.25075190810057
2021-01-05,367.8768836062765,392.903069516491,367.65674715562795,393.70932686306634,296.5538199246352,314.87779749148535,334.0981781360548,293.78333452330116,312.60749393960253,312.68326079216024,337.3097008720258,312.7235443774829,233.2300219565242,355.78099059746694,251.95547464803823,360.396516081925,253.6331897900916
2021-01-06,369.28185962445303,394.41776749271764,369.37396935189605,395.5763834836534,296.8058626820283,315.1198039569564,335.9069988208022,294.2583154469993,313.09641325874946,313.4573438313541,339.2348014131313,312.60392617188955,233.4408544741128,353.39488993825364,256.05217341239455,366.4342210772827,251.4865127031354
2021-01-07,374.7686548185894,400.2329403823356,375.0291333918183,401.592830379676,300.5294255307974,319.00650675961754,343.7867153338341,298.0610592856408,317.07858518292375,317.40177179385415,343.7548672113316,315.9999713165134,236.85738463775712,357.9146585364091,257.9087303024717,369.48760488603176,255.05870262602897
2021-01-08,385.6862294903061,411.65443998520107,386.61648987805324,413.78105092779424,308.98600295616654,327.7731505672392,352.01632351566445,306.98368743409753,326.3769683539141,327.13430226494233,353.15459003196435,327.3005472183111,243.7375818938348,372.51054982070434,263.96370608568833,372.76788283795355,258.7845100018229
2021-01-11,380.20336315556625,405.64343524172,380.92888153179945,407.51942834651265,305.94180777953477,324.4694254170038,351.59129715935154,303.854649631992,322.96841924963644,323.5294790002393,349.7475314989366,323.19908132299145,241.07104290798324,369.56087900432306,259.7357658512063,365.58205824280503,257.7209667142311
2021-01-12,387.21817966922123,412.910664701946,387.92681014217794,414.7778656747592,312.19080656665085,330.9420097353848,360.4851150480768,310.05991078855106,329.4034138764483,330.1170282719593,356.05853566890926,330.00569325821414,245.37086275491853,376.8576306102298,264.2071916513424,371.6045337851932,261.61712944207613
2021-01-13,377.26232974358373,402.4100679035729,378.0835871355246,404.37993877101303,303.0544248503534,321.3063744437242,349.7517212496779,301.05057608286324,319.88621363891866,319.98127674981174,345.2271712793543,320.0283624561096,236.41146606667246,366.5921920800884,255.55265496742697,359.28795538590805,259.2708982396809
2021-01-14,379.13939451144006,404.3694048713909,380.1099158050527,406.5086307622206,304.09083225392675,322.3496255490719,350.59260101746463,302.1816200970042,321.03488085414193,320.74815100381045,344.9131607018538,321.28851724396804,238.7844236315301,367.27761600085074,256.3061437283073,357.2227038659764,263.60785160974376
2021-01-15,365.9023007844893,390.3858482656959,366.7870921392781,392.3988377929332,293.98155494111234,311.76630090815706,337.6601526807226,292.11312478318683,310.47513055302335,309.90543647232414,334.11581001058045,310.4802525586402,230.57607280036913,355.36164977024373,246.45053945869316,346.12072321049607,257.5804079734624
2021-01-18,366.14730014676485,390.65729479652157,367.04212977487674,392.6825978622077,294.0392093920603,311.82988892306776,337.6601526807226,292.17270432619773,310.5410937479626,309.90543647232414,334.11581001058045,310.4802525586402,230.57607280036913,355.36164977024373,246.45053945869316,346.12072321049607,258.2371108778174
2021-01-19,375.24560483553836,400.274074056538,376.12258308836067,402.3009897267616,301.7923492511455,319.99588938449574,348.975347806857,299.86119432709427,318.65392220798066,318.9063005891642,343.3283707745405,319.7947701888699,235.73482146732067,367.1066728888948,253.18863454834272,350.9803006838103,256.69151438202664
2021-01-20,383.14643963172796,408.82862452086795,383.939052561534,410.7895673724373,308.4252772462229,327.1460946847285,357.8529310997597,306.37749366432917,325.6968852999849,326.7977284163352,351.06805189109264,327.60616300573486,241.4142924018881,376.1204038105572,257.8659547810381,362.583784330004,254.90202473483046
2021-01-21,376.54422266193063,401.7202535984052,377.26036171295505,403.57464737847596,304.6091190048097,323.10894455716794,350.49676075751614,302.59408339505273,321.68626680100306,322.78007784921476,347.0498535811893,324.4746939900285,235.81861148738724,373.0618328909962,255.53534572146415,360.8011219909893,251.70719828875488
2021-01-22,378.60252983414466,404.0598810529735,379.3555965432518,405.9675777486588,305.36979057545307,323.99764350999294,353.0326006541161,303.341324024824,322.56514632778084,323.90078612200875,349.0161508986465,325.47246792781266,234.6534270881933,373.98474066351184,256.68177301061485,365.8850375122503,250.3461363946249
2021-01-25,386.32898868622345,412.12378542543763,387.06594175466853,414.027198450318,311.81918752516435,330.69784369608783,360.9269704621729,309.730339709321,329.2103778424669,331.1801468208207,357.16449211806867,333.6463655013277,238.06962392528354,384.74764358796006,260.0173349377347,375.7315698267634,250.3461363946249
2021-01-26,384.9448088798414,410.6527453197297,385.66256247249936,412.53116673355504,310.58361028821355,329.3870790987413,358.34365607953407,308.48455627177464,327.88502894273023,330.20294143452895,356.49935585328876,332.5258239313,236.56052959891437,381.62675594081065,262.011364255172,378.26925711120884,246.37748344042052
2021-01-27,368.694698850828,392.95162524662913,369.15119032326277,394.4774440127576,297.980327919207,315.7371796786536,343.31941663443257,295.7944915799761,314.0952220542475,315.1275277981454,340.8251905651021,317.5563771344313,223.8755611358973,364.6096557068039,249.97048871622263,362.04357377633136,245.76718495351076
2021-01-28,377.4770940644961,402.6134458998742,378.11341403390577,404.37666088811346,304.0704451689795,322.3995409853356,350.12229733354786,301.94071243103974,320.843084822316,321.55205853158714,347.362950663748,323.4279249624547,230.51782923786087,371.1715329300959,254.65990717061055,366.47560481923904,254.0112054619468
2021-01-29,370.91204066309405,395.30016440349505,371.2220715086456,396.6682527016593,298.22528268534523,315.91937429424615,343.05827749832997,295.85258615261165,314.06823498260644,315.10658894958226,341.8766755989028,317.1700993149195,224.6491711485738,362.64087858495566,250.7000153167988,360.448542293446,245.65532987201752
2021-02-01,379.56555813480264,404.4056551398393,380.0214732606645,405.95464134280394,305.6640230725199,323.7225933961382,350.09581525575214,303.36615245615076,321.97073404165627,322.94734573206046,348.82831997888155,325.20893942082523,233.07864513940407,373.4932663086987,254.7941292728213,365.0848548983943,252.5899665674734
2021-02-02,382.32755905415024,407.2481351188808,383.1511108489897,409.2087303474359,307.3512126537527,325.40323004474726,352.9476862669208,305.3218022934268,323.9486918008004,324.78300096368326,351.2529732678148,327.44997890510297,232.95052847305323,376.8607807000127,256.35775196847794,365.12551941070024,255.4176215049516
2021-02-03,380.8077748868236,405.489808941757,381.7640641855179,407.5874046448699,305.575495885434,323.38385067319547,353.4110988557054,303.6485165614968,322.03280784287494,322.3329422874124,347.8331978765067,324.87960607238,229.85269669419986,373.9916975174636,254.03787217073136,362.4139864637231,258.4853312605518
2021-02-04,380.2206467461914,404.7301799563169,381.50884637890823,407.18861345867145,305.28965039196333,322.9776785489641,356.44915979595686,303.64761365833084,321.9368255973801,322.39205995387675,348.50852159644535,324.0691409280549,229.75071778763456,372.8064425289271,253.49534224529103,360.21717077044826,257.039344860608
2021-02-05,388.7730646628851,413.8110805228707,390.0713797377832,416.30282032702945,311.8663282519839,329.90417775912067,363.2678433427609,310.1617570557233,328.8097093805884,329.7117070639267,355.5873171764888,331.0109906389106,236.4007097362833,380.604589979039,258.6917126793047,367.81437042814696,258.69380555560133
2021-02-08,390.4365499961776,415.5062268743066,391.8113375240864,418.0838505413349,310.8712619281685,328.69041429486015,366.16482305025477,309.138104220307,327.5557066311886,328.38138032505896,354.3275510986249,329.07119536148053,235.51094210198212,378.1519345208281,257.0848882375736,365.89525147961376,258.3362457070419
2021-02-09,391.53350676126115,416.63879816717105,392.91909387902757,419.2297446484362,311.7155768590427,329.5532479603173,364.43120758839666,309.98224676180325,328.41932620191153,329.4171240980492,355.2793584200731,331.3178679215066,237.35306589662892,380.0521629581028,257.74369489660734,363.7216252837394,257.54669940173414
2021-02-10,391.6960650798481,416.73628481295964,392.99811252830904,419.23146160917594,312.22632242598155,330.047242750929,367.27453649726255,310.43630603374027,328.85028618193013,330.3281229741947,355.8477750274453,332.2962163125363,238.59968015796883,382.20233726488703,257.1394634020874,360.4906530079403,253.76754593548281
2021-02-11,395.06195113730445,420.557320258408,396.6134997742548,423.34942090459464,314.19330204253356,332.29387502654856,366.8147465125607,312.55930971894213,331.2803287525205,332.81944104576485,358.3591668481672,335.5652316613821,238.97078655970486,387.2162359789369,259.25934932370103,363.3016562564895,255.2172380132564
2021-02-12,395.405550920159,420.59457891170683,397.0731199187054,423.500996050851,314.62249274780964,332.4844358180439,368.56802673649213,313.08645644987985,331.5699820966963,333.04990787847515,358.7571623790395,335.3705554388677,239.62290406180392,386.2861274387024,260.26677718392915,360.2110300498897,255.95098577927527
2021-02-15,395.5500719559397,420.75421915850376,397.22383239584735,423.6681691890578,314.62249274780964,332.4844358180439,368.56802673649213,313.08645644987985,331.5699820966963,333.04990787847515,358.7571623790395,335.3705554388677,239.62290406180392,386.2861274387024,260.26677718392915,360.2110300498897,255.95098577927527
2021-02-16,397.4336338419123,422.6202760229029,399.40010834613713,425.8574584789576,315.8629951397449,333.6714519504407,371.3896011610855,314.54405363350867,332.99475672656337,334.61114491827806,360.03599979547846,337.0079916064742,241.4327412909051,387.38043259545617,263.1722887140164,360.995893254787,255.95098577927527
2021-02-17,398.12364949735434,423.20114453230354,400.29064496627325,426.6551847076329,315.70091390009924,333.3446832844594,372.75966693414307,314.5157877656349,332.80900381901375,334.21070939945537,358.75870735048755,336.0245411875112,240.8277164223483,388.3066205053742,260.8432542049082,359.7328031927874,257.60699000479946
2021-02-18,397.72230427981003,422.8842985034062,399.75668705904843,426.1956003430784,315.3891300920115,333.1056773645342,371.6555258779856,314.0988532581,332.45694158553255,334.10029598265317,359.19354909645693,335.3643329416078,239.83221088256235,386.7031571222645,262.4212272558532,362.06986474215495,255.2730369668166
2021-02-19,401.38847561308353,427.1232362493576,403.47389210925195,430.51726247468685,317.38159371106,335.4506252576768,374.07246640650555,316.0731030903826,334.79623204476326,336.7022462910019,361.33659209206803,338.26917500591674,242.90189785802804,390.40645676558194,263.86917122349814,363.6764058409426,254.95884827481822
2021-02-22,393.9581025526927,418.39200743305264,395.6162709951672,421.25213206509875,311.7458910538438,328.8307913333969,371.09117091840756,310.15354461954524,327.82289425043507,330.25075896293913,355.4589218268057,330.1638558915877,234.88104594881128,380.3359516996212,261.52256978493415,360.9345315200931,244.97100365419203
2021-02-23,400.280729251874,424.98312649559216,402.0113917336464,427.9341377673598,317.9661933899034,335.3422765006941,378.65000262238544,316.42791921870025,334.40687173490795,337.02581708705634,361.28285078408373,336.15589654956733,239.73706916739684,389.75947862609723,265.88216823756756,367.9039838771182,248.7297319665536
2021-02-24,401.0712641080545,425.5818349071279,402.91416022570036,428.64777785545505,318.45190132339434,335.65107086123004,383.8714102047152,316.9946906054182,334.79817672068066,337.2440291600584,361.5929526458357,334.28403968251695,242.04748832470418,385.3356491443754,267.10871613882495,369.1437625202829,250.45085533805045
2021-02-25,388.5534679265786,411.91370986852246,390.24918050822373,414.7664541257986,308.8521203547826,325.23106448543786,371.3412081115548,307.37898474471274,324.32625841285903,326.77940344550194,351.75337297730096,325.62579384013225,230.83752824498382,376.5732856219621,260.599407211873,356.4308196071088,241.93265583314337
2021-02-26,391.3750320120532,415.0922689647072,393.21600772292504,418.12152681938073,311.1008329068221,327.7531283996768,376.8100161630415,309.72611311114446,326.9676660574644,330.2303674096114,356.11357761633764,328.66015887875864,234.21688907706653,378.98098402160366,263.2936758629533,357.8303668012214,237.47278722200934
2021-03-01,404.62382796688684,429.76130224030527,406.87524557351315,433.3074638993051,321.02605895820983,338.69104203990656,391.76311401371186,319.8685169175627,338.1864273356276,342.58388117635445,368.5429926162195,340.41565745429006,243.87081071169646,392.3938757004579,271.021295411909,372.94975250684115,237.5302178874959
2021-03-02,406.07670730942675,431.4539606740954,408.185995451272,434.8537483651692,322.44196165314895,340.3185115886528,390.9229054897143,321.1669887285602,339.69332648583344,343.9351080004052,369.72894289781266,341.26287285114074,246.55755957513418,391.4121290299267,274.0819773680498,375.730584833885,239.92534103253487
2021-03-03,407.7156538306786,432.71527894986536,409.9751628452605,436.2626566349273,323.1608907775984,340.65891131324173,389.6871042686592,321.97582639884087,340.11788922864616,344.47679359687163,368.5539481987602,342.030343802079,247.26147071264884,393.9451054248649,274.9534912929386,375.17598844408815,239.3671512562299
2021-03-04,399.67281562021583,423.24705129356,401.89027628379836,426.68200727743476,317.1482967930515,333.5727676198294,385.10578324072975,316.0017803377273,333.03003775926624,336.40872068511084,360.0776323045142,333.14149557139103,239.4835807117273,383.8395720172482,269.678619823017,366.34244041561266,241.17697302730656
2021-03-05,407.54953930716295,431.2394949229514,409.96574160819523,434.8964352630135,323.4359201803494,339.90162302629045,397.769266235651,322.3949420675001,339.4775787116281,342.65747528083597,367.68068715100696,339.0859222684504,241.26927487060016,390.4870988719884,273.55553278792695,372.6357567968966,247.9297074492587
2021-03-08,403.79569623239115,427.4047887878816,406.14953237151605,430.99049840232755,319.44864903509574,335.78156555909806,395.07751179468204,318.347501707854,335.2855092726921,339.86628949171586,366.48483391139564,335.1556086089606,239.85068609638972,384.42242384886436,275.72789189794446,367.9599356854123,233.4058972370625
2021-03-09,422.92247164113695,448.0458904870848,425.2764347498386,451.6978353542612,334.1364979232441,351.5253020813457,412.8515402529003,332.8762533322972,350.8996745440111,356.68713264624466,384.13574478105284,351.70473775225753,254.08998909865613,403.5095328936824,287.8573558971873,384.2793681590656,236.77143626206492
2021-03-10,421.1898547512148,446.10548330523045,423.5883446804823,449.79722083247094,332.60069299622154,349.81698219823556,411.6142163013183,331.38368598156427,349.2316611865049,354.35921243291403,381.05750401314447,347.5889974509514,256.05614560204776,397.2702228938176,286.6589882489548,380.34442964494525,240.2636133742963
2021-03-11,419.28536639534775,444.06663944716183,421.9793266556884,448.0789086717746,330.92535308723956,348.0300177181836,406.8614338216398,329.9568681753936,347.71274126067385,351.8999704464065,376.6061528413878,346.2042465162182,256.48670530323864,396.0318758033532,281.89646343201827,375.10066275555306,246.06545856593098
2021-03-12,407.7401958020139,431.8727451238176,410.3060944373643,435.7166929388201,321.8702954781238,338.53674673933426,396.459744628241,320.8867705044708,338.1837660332292,341.42241008513895,367.6331646974431,335.3844578181587,248.7354394786624,382.2887196885257,275.5107713260402,366.55795860575506,245.7357367070617
2021-03-15,406.47753532116894,430.6363573665842,409.0307692661529,434.4681651936984,321.22935680066854,337.9599320721585,394.3101329163372,320.2581410359649,337.6229664137521,340.469523160139,366.4562030900434,333.8200346445273,249.45476889678014,381.34548254884305,272.2582854049254,368.24774777152294,248.38993615637918
2021-03-16,414.5949251156823,439.3716564631568,417.1567823930818,443.23985793351994,327.42004435977844,344.57416679583304,399.61253795686866,326.38666978192157,344.18711004614755,348.0025259436533,374.50108522487886,342.1808380334104,255.4700133199479,391.0470058367189,278.37109024446664,376.40926292291203,245.88816947423564
2021-03-17,417.93543234427324,443.02503014680735,420.5069528958344,446.91783356469267,329.68092662938216,347.02997548725114,402.2874594505579,328.61644166506045,346.61700726918156,350.0047882416336,376.648543954785,343.67040278851545,257.2877355247425,391.5955154925653,281.3379113526706,377.87124627822243,251.1571437141509
2021-03-18,407.3661346318783,432.8057452353464,409.6728116741185,436.4276240171154,321.33013089445154,339.0411996129106,387.4066826684888,320.1296812489909,338.4920797224634,341.66647229388747,369.25723252449114,336.7357388743531,250.70422178958003,383.9654669982358,276.8174762397582,367.5348650236905,246.32738863531932
2021-03-19,407.9940875071028,433.03893596466725,410.3318462803205,436.67575842588445,321.79479705910006,339.1766259271225,385.95493159070094,320.61375951656663,338.63581795761,341.29962187007044,368.28050811726325,337.5806019499262,249.77457492232332,386.0544378530838,274.74655050030657,365.6892164008894,250.49192628402292
2021-03-22,402.54206300245806,427.2484839023641,404.8455528796195,430.833171716954,318.2745898205486,335.49609904122406,383.6126248178698,317.13509320993245,334.99388994327694,337.52845804438897,365.1728415949846,333.38836381134143,246.58167211166852,381.4811766510153,272.05012061634335,359.8756481624973,248.6100310069406
2021-03-23,396.8294015318434,421.84019458438485,398.9593180848291,425.25000142852,313.51028545752825,330.9984713988717,381.0040406044211,312.2632055021668,330.3876696544914,332.9139720827977,361.220202560636,328.5009117653884,242.07481652612236,375.9162187616702,269.18443148488115,354.4943512672065,244.9762063965057
2021-03-24,394.8966279213798,418.8031698724782,396.8466564487643,421.9609006277403,312.3259151548275,328.96079677752334,382.4350222077305,310.9592107357049,328.1839804474029,330.8833400093999,359.71136497557956,324.99184715320393,240.37476274208117,370.9365480601783,268.6476456550977,354.8344289588881,241.80502481986989
2021-03-25,402.5157687568444,427.52201933461384,404.5800933365631,430.85600535972014,318.6157998484519,336.118358214139,390.28906929780686,317.29456151516075,335.4270247202576,338.3956413197393,368.20685488602675,332.6827569517286,244.38845809101443,380.4651264863601,275.07641388210334,362.3425246292337,245.45611931092685
2021-03-26,412.36525723497994,437.62200465220656,414.73664463397375,441.3043250499931,325.83146740143366,343.41039670850324,399.5998155358051,324.6664196358252,342.8957047781135,346.4067091283892,375.76496937115644,340.7586277049121,249.75269534304692,390.2246604002969,280.0678603632085,367.80639964630495,247.12124716661705
2021-03-29,418.8699310554101,444.31970144112114,421.4298929577333,448.21738045277516,330.3332805332473,347.9605846929986,405.23628080178577,329.24978415789417,347.53840895410764,351.59947343972715,381.2872898796264,345.08494578180137,253.58924291309273,395.3999650614027,284.8424482573432,374.6641261874496,246.52378600604266
2021-03-30,421.29352479778805,447.2123130359834,424.16046595297513,451.4715181187468,331.99726684362764,349.9650070778398,405.02217009205987,331.13584317470577,349.8010479069447,353.3209325537502,382.78657203366157,347.2295936640124,255.8291270306436,398.40817511886655,286.78478056703085,374.17177494340814,252.50661771033376
2021-03-31,421.32530415957206,447.54168015518525,423.9726030057606,451.57258449622583,332.04334869522427,350.2550704918054,406.0589098257121,331.00413884032275,349.90553145468493,353.5898346988612,382.3194049720721,346.96880279559144,257.12326540551544,397.5870292196589,286.27166491354154,375.0247966158638,251.29775612202133
2021-04-01,416.22015669012364,441.7858958397828,418.8332693602836,445.7491838122035,328.13829178518193,345.8698040381952,403.2303271371369,327.1143072754144,345.51687522675564,349.14173986585126,377.9025090011544,342.6076567550465,253.42140047263553,391.3080490825864,283.413887122897,368.6821919281305,248.24929610078038
2021-04-02,416.50475375155656,442.09959226243643,419.130667940736,446.0783548489129,328.13829178518193,345.8698040381952,403.2303271371369,327.1143072754144,345.51687522675564,349.14173986585126,377.9025090011544,342.6076567550465,253.42140047263553,391.3080490825864,283.413887122897,368.6821919281305,248.24929610078038
2021-04-05,424.5702089992193,451.3934210012697,427.33818618751815,455.58635934451104,334.7992976380671,353.49985816988584,410.3351952450197,333.84079358806554,353.25941375240416,356.9786207795553,388.03234340201243,350.5316694811154,257.85900389458243,398.72709013657254,292.48644190521327,379.2203200577904,253.7096360784457
2021-04-06,421.01158879726086,447.43057491021403,423.6256137878456,451.4344894546081,332.18032336460254,350.5963904295033,406.3599799676954,331.13055390495566,350.2433035232188,353.4352036061688,383.24513231784726,347.0094289747955,258.2670059703086,395.02331830831486,287.3231713360437,370.1519595000589,255.41763305965358
2021-04-07,414.33124185030465,440.2023568822001,416.890585929531,444.1217627564189,327.32839031591965,345.3882943145747,402.31533055481253,326.29992377140036,345.0434012917999,347.67207270749265,378.370708985132,340.7596720256778,253.37608930239674,386.2619917831046,284.6056120545104,367.6521542181138,255.72617698533216
2021-04-08,419.2238040536431,445.5597591780177,421.7755431096516,449.4913866889618,330.78697983526763,349.1505702231875,403.96532429476804,329.7006418078112,348.7548425896663,351.59171603818015,381.96483819938317,344.4317367881347,258.8597227281557,391.35183980557736,286.9248035503499,372.2911627034841,257.0211078232442
2021-04-09,415.3007402500248,441.44377216589527,417.9295989517338,445.45318098203006,327.692674843781,345.928157343957,401.5892688604982,326.6986539526497,345.62842363074293,348.22145022793086,380.20412312992994,340.60687561583603,255.50994419250674,386.8606466961189,284.689190915935,369.44567940401487,256.4733694713684
2021-04-12,421.7936790174929,448.1563201603311,424.48895382953157,452.2471244300519,332.39387403310093,350.71902102099347,408.5143323317581,331.3893429042394,350.4121108691813,353.11306046291907,386.5851701339248,345.5014888815369,259.21696552725064,390.68453959690726,289.7117332717128,373.91494670629976,259.4394988332869
2021-04-13,428.82088077229935,455.5366658087479,431.5642140870236,459.6948595626106,337.24781982998013,355.74166048037097,414.47494640592845,336.20391013073623,355.3990210372796,358.54935193895983,392.16966755236786,350.5487753561354,262.45975572305105,396.92466897127326,293.457259439265,381.63746728044663,259.81051843508243
2021-04-14,429.71191196347905,455.87608457880435,432.6133865806968,460.18174264175957,338.09171210387194,356.14478367425266,415.0289524385149,337.1744052896605,355.9237656772683,358.9446654850421,391.07924897209637,350.72319853870243,262.29641769528365,397.7676929188545,292.966821557666,383.80893949173355,261.2628687576626
2021-04-15,429.15281543279843,455.36194175184363,431.94746072677697,459.5519272880965,337.7374945022335,355.83944438207607,412.8564408895123,336.74103416400925,355.5333455362279,358.3828425165382,390.1973052350548,349.6630235611049,263.2723404593622,395.90373641275505,292.22281982591153,383.3861808841211,262.3220903232066
2021-04-16,427.5903754508609,453.7939249009489,430.32594666281466,457.9190037946284,336.90251945178466,355.0493648369607,409.61270698336307,335.88461552600427,354.7213847744889,357.35640895433653,389.3442776252244,348.8159887864966,263.4356261170643,393.74524709889874,293.71269872714305,382.22195543086144,263.3974489983645
2021-04-19,422.8424931586779,448.5957512318805,425.4955102512767,452.6094008340874,334.3095230864572,352.2354410067851,405.4319000968484,333.30287447605434,351.91044099529904,354.2208570915089,385.8283392496017,346.0199955886633,260.94516966248,389.94466922077754,292.2530036711721,379.2636303836487,263.77274713718367
2021-04-20,415.6881789563357,441.06820608126435,418.08029094041086,444.77805439185414,328.35730340051623,346.00263095312687,396.9802883998732,327.1807985146702,345.4784640999356,347.5034030003977,378.1128563561033,339.40235224006307,257.758496517522,384.0550689208489,285.03020606859576,370.6049561138575,260.94419592300557
2021-04-21,419.2401571437281,445.2994465928356,421.56455399726474,448.9659993625572,331.7958858771298,350.0299119666407,402.6864507113208,330.56053506199055,349.4652740019067,351.8781422320841,383.2185873907021,343.52085427113735,260.77006653979583,387.38109429616895,288.73396137010576,376.7108158947337,260.94419592300557
2021-04-22,416.091697586123,441.6954531633324,418.3819903130917,445.30341277284685,329.7158020472877,347.6404770693231,398.26562910009983,328.4910251907451,347.0746958008487,349.30170125755603,381.1098254241763,342.1292226376509,257.4606920402267,385.95953282984976,287.1235406985071,374.9254202615245,260.5406635951972
2021-04-23,410.9805389499236,436.2955855356052,413.46569788048015,440.107319884994,325.954040927042,343.7074926918359,393.5716145399484,324.9368207258642,343.3625536433861,344.98465210079183,376.7909562711379,338.71634619681544,252.34309866551916,382.2240667154541,283.1097883971185,370.5396285410345,262.5217529598183
2021-04-26,415.6786661269586,441.4218096467503,418.23237905811385,445.32836736781644,329.0222451821134,347.0287019438177,398.0536959952258,328.0020256158809,346.69124315053256,348.6025394380518,379.9811199390594,341.4075503423558,255.6929794234105,386.64826224220496,285.70804399655026,375.0908693790479,262.77760235172553
2021-04-27,412.1325531019527,437.33067791761783,414.69049359609033,441.2167041727086,325.9691394384495,343.5320644307711,396.0054487713958,324.96978433112247,343.199047432019,345.0760123949788,376.4962449686229,338.3184459143311,250.9589771635064,383.24781496134176,283.2590058723633,370.67621864297166,260.2556949754125
2021-04-28,414.92277494005367,440.19244080407196,417.5128459825009,444.11628933994234,328.27229884926317,345.88245233910555,401.2277653230332,327.2817944337639,345.56146180675955,347.41350942613127,378.3649499945567,340.98906284178867,249.55864932385606,385.4528218047358,285.3363797774981,374.20863271338806,262.36107418939457
2021-04-29,406.78896659554414,431.29357040372486,409.4013943786254,435.20811272310846,322.12997200933717,339.20257224537914,395.9318631661176,321.22929868886877,338.9575367742848,340.3059113018735,371.4530761712451,333.87043481395386,241.99948618759706,378.54605664519687,279.1428497054239,366.5162371094369,261.23717304297884
2021-04-30,402.00179736602036,426.40903564332734,404.46591692001437,430.15697983980584,317.2352885515176,334.1582164599588,390.49983779453754,316.20833751838114,333.7675529660862,334.77795077121624,366.96396444454894,328.502185733209,237.98694762093723,372.02168254213706,275.143232003591,360.85876043005914,259.91681656437197
2021-05-03,411.9123597909531,436.7338411277855,414.31380008168446,440.42845317217905,325.2391378905249,342.44395551014605,401.2921605094893,324.0932204264655,341.9352508340485,343.74288045318696,376.4420138158606,336.61455834403364,246.04176597997736,379.5289353221937,284.0401420063109,372.8524682959581,259.6799070216355
2021-05-04,407.1612473992144,431.1678048033616,409.47264158124705,434.72507813138515,322.1925101659531,338.8347697349089,398.02171149655794,321.034697067764,338.2898561389269,340.03768569007417,372.4061342465207,332.57386001180026,244.7385231003252,375.11776979205075,278.5018263808071,370.2393247564677,257.2482335913511
2021-05-05,412.0525669548126,436.610695166193,414.50260338641317,440.34590911762035,325.25049046754884,342.2316112278883,402.23452453653766,324.1397068504474,341.75244474933993,343.3567545352178,375.19791550665553,335.5969181636673,246.46214784615887,377.6136592277794,283.1060429742387,374.6728178278887,261.2245375781254
2021-05-06,407.97515110718876,432.4939255199519,410.2449997963878,436.0298433327224,322.3349960867571,339.3426729588799,398.3166127714903,321.11942187793693,338.7489663246519,340.1475618084773,371.70718519828347,332.982860911119,242.51370750432022,375.45627536765045,280.75358118028777,367.1046617920537,260.53235441197427
2021-05-07,407.2695432585334,431.95610379643733,409.6019908536415,435.5696351549585,321.7317770708343,338.87721755149124,396.7649412423995,320.57081054897446,338.34888542410926,339.10585067930043,369.8751965068513,331.7849753812753,241.79791701996797,373.6759439063768,280.9421173617422,365.75057600168736,265.6166817127819
2021-05-10,401.0313547147416,425.1862530718638,403.15268813410626,428.54299117349984,317.0238082963381,333.8023566355117,389.3437859049977,315.74584373000573,333.1298011101463,333.555895503755,364.1389191812267,325.6674689104734,238.5670044083456,367.1287818330844,276.98832951379336,361.1901187812051,264.2697279641361
2021-05-11,397.08679452922706,420.74177426283165,399.0714404135696,423.924807211268,313.63265975144003,330.0060512971475,383.690796224308,312.26315447969927,329.2161317298695,329.02884427159927,359.7120123260348,322.3260204993844,234.96959108404377,361.1076127320858,272.6080766287527,357.11654031010596,266.4670861529629
2021-05-12,387.4075763528783,409.9683920137709,389.12508997209216,412.80738799014466,307.30262324312145,322.9787117896145,378.2025358546823,305.83510925675324,322.0523742326485,322.20789099964577,352.4735164290943,314.9718337736537,230.2429045545365,349.8983532153326,270.5675873729811,351.73766685534906,257.6512007259949
2021-05-13,394.29967166469265,417.7944032898474,396.01679691752037,420.6749035964611,312.6563400444506,329.0371032916658,385.1028052204688,311.13345670052917,328.0786293730225,328.5697332062353,360.9056524266765,320.97377983327283,234.5003597089988,357.67706222877837,276.8880285772957,357.3309710856789,259.5461283866603
2021-05-14,401.1835992656458,425.02472520099406,403.0444425710954,428.0781603049006,318.2746153995038,334.9042076230111,394.2331872011138,316.823659201344,334.0358145208443,334.66529315030385,366.98813554577515,326.43747078817614,241.33433154109812,363.0437453493845,282.4602074788825,358.5800328704368,263.1340330528527
2021-05-17,395.5763641280004,418.72660685864975,397.1269732219624,421.4064315776382,315.2886426793701,331.53067741236396,393.2968142597434,313.6771709427477,330.47017169625764,330.445263538134,363.7345308865001,323.6092089084024,231.95808273420226,358.09994583744793,280.41639536775216,355.125993286505,265.92681383586824
2021-05-18,396.5819470788507,420.02108540599414,398.13979031734215,422.7220888652788,316.29136516333557,332.7829458241727,388.38756532529914,314.6854813002546,331.73841008869357,331.79005296299573,363.75019134581055,326.52047818517286,232.63383555896496,364.42607279152213,279.9994359739264,354.66695022534253,266.26885796827673
2021-05-19,390.6291907480345,414.01762366076974,391.95818277835286,416.4652632073594,313.05972002378337,329.6947207209736,384.0996055716854,311.36167806919843,328.5536162913427,328.33287551266915,360.6444563495079,323.84913059965345,228.66527539387297,362.99942384379335,276.00529355335027,348.57288298250364,266.1127489010073
2021-05-20,398.45907264546724,422.8401834891806,399.9083734638484,425.4645680063267,318.2236241329896,335.5200738339632,391.33279905421807,316.5307535282038,334.4113501957039,334.6760734367253,368.4401825515996,330.0368958885748,232.9807417251904,368.0327441269077,283.01029859412967,358.3358302315716,266.4940090578491
2021-05-21,394.2709001289813,417.84189165183847,395.6137104938243,420.3119900955233,315.85027047666864,332.6016365212488,388.81400323251887,314.13355775437265,331.44514414205577,331.56596015563935,366.2594715613458,326.6067293745678,230.34215455891274,363.9788747086886,281.5207484415829,354.6655669867841,265.3701445174991
2021-05-24,403.50608491464885,427.26783125897566,404.9776252018358,429.88659558952867,322.8846783453265,339.6946448449515,399.60667179676403,321.19558678543984,338.57281073320104,339.004299103631,374.57175622966446,334.0481505254923,233.91708529598964,372.8176770938466,287.9502673079839,361.602102649127,268.36462755597256
2021-05-25,400.4594918519514,424.08667189187923,401.7879273080668,426.5420259326324,320.5499979956762,337.2798367912155,393.58554715114195,318.7683513285068,336.0526595816693,336.320822982742,371.57109131291736,332.9552651652064,228.80165675239073,373.1612767756483,284.9915726983863,358.1446776498665,267.76131538228987
2021-05-26,403.4689637184023,427.2569603425375,404.9150497654825,429.84886869301135,322.736295913864,339.55702074201264,396.3795023903707,321.02247844129926,338.4084249669647,338.59754875433816,373.0249764114134,335.06568678622295,231.5045309742716,376.48434490621787,284.489416716914,359.6105516826325,270.34701411527686
2021-05-27,402.58638622973785,426.2219068477653,404.04814148716036,428.8242860045087,322.3199734116836,339.04817324574174,394.5552679921775,320.6354192684636,337.9280634779563,337.7968705322197,372.16614010249225,334.21677010354824,232.1915750983119,374.9758654081373,284.0008180867925,358.0265437977132,272.7741674994798
2021-05-28,398.57255319028866,422.07831789345073,400.01857783313557,424.6583823750288,320.02307258047136,336.75823882108136,390.07376687740367,318.38604320074063,335.68993008253625,335.214247194741,368.1620285772903,331.15980913298705,234.2174810250163,371.913168367225,280.7551623295579,351.8157769870597,274.0352411492638
2021-05-31,399.4526707691503,423.04618730788644,400.9358619727784,425.6711195760613,320.1935745917715,336.944833727633,390.07376687740367,318.5624582282879,335.8836831717744,335.214247194741,368.1620285772903,331.15980913298705,234.2174810250163,371.913168367225,280.7551623295579,351.8157769870597,275.93324891564816
2021-06-01,401.7910883344058,425.36041871955746,403.47814866411386,428.20869534438077,322.403274310988,339.14980707760066,392.9058658397632,320.9355320737301,338.26851221532934,337.44321274474737,368.1605579782662,334.01500527530675,236.52934032942073,374.20384312527557,281.5231467508996,354.27794099938876,279.2606798983026
2021-06-02,398.88786904803254,422.1797930356423,400.5747035569011,425.0156645698714,319.8460499757603,336.3613644456475,390.7312933740003,318.39078287100983,335.48414154830454,334.1863038875738,364.09181173149244,330.540166916566,234.6129695361643,369.1009897694204,278.57028820047606,350.7860633848096,281.32554429407395
2021-06-03,390.82939039522626,413.53595721460994,392.6931075710277,416.541928933752,312.78850733591787,328.81921064254345,383.56225540285874,311.516010067854,328.12202407981204,326.185972900318,356.85552178369073,323.03413056129284,226.1941875409546,361.49195920043076,272.64770581195285,341.86179025689023,281.32554429407395
2021-06-04,393.7999590413786,416.69612453037865,395.6243564470583,419.66674995928616,315.9634444512352,332.20447163315544,387.8929956778875,314.66567627637687,331.488531432986,329.57956146706107,360.3478077824646,326.26808062795317,228.53981862622322,364.69010156232275,274.6065151801619,347.8321604460983,283.7665486347352
2021-06-07,390.38527304213693,413.0406452957737,392.0963296617303,415.8759228930263,314.28541278022794,330.44980139891567,385.175785985831,312.95616385884773,329.6959336191452,327.61498416793984,358.4832183282197,323.88246488264036,229.37884809945936,361.08709231888594,273.91152131051246,345.92387032546833,283.9585977218005
2021-06-08,389.69272877234124,412.07280997294635,391.41883966261156,414.91192964114464,313.73671482415295,329.6776409541817,386.420296541229,312.42515491883415,328.9342831933673,326.9613212208744,358.36509656148155,323.0166997825742,228.41309823877643,359.61490883239736,273.5675600101327,346.3833151755006,282.31886835827953
2021-06-09,389.6966164884111,412.20853566642165,391.4824366663672,415.11969712215756,312.37142734109136,328.29497538653357,384.66667218214,311.06061828105635,327.55146068366867,325.4738429849079,356.54730477010213,321.3140516725852,229.82072456824815,357.1104143431315,271.6847514209252,343.7320676578514,282.2048232780363
2021-06-10,393.4749198232278,416.1913154257551,395.27949064410575,419.1316331205774,315.6608342028652,331.7516080161144,388.47913871562554,314.34779720011096,331.0129428487864,329.0830803868833,360.0018403405043,324.8630744521992,233.1255999073706,361.4610180079221,273.5801522475987,346.8376593614935,283.5684508576304
2021-06-11,392.7534807494585,415.3408045175814,394.71872768963465,418.4524272175205,314.8678946186087,330.8367728567618,388.0515103133964,313.68525071893384,330.236166413934,328.44853717322104,360.1510553689747,324.13431530660944,232.5736186584987,360.6676360921683,274.4908173027949,346.2297658558232,281.5977625107612
2021-06-14,399.3589878537784,422.31322698928943,401.5149717648927,425.65041505617603,319.2703289653199,335.4142001987255,393.8304711080445,318.1658827468772,334.9071628485116,333.2194325682531,365.30915823334226,328.97604559981164,236.85123325436015,365.67463645305685,278.34934386436845,349.99686982770555,284.40019639472195
2021-06-15,394.3642025811539,416.79425510141124,396.5339993841426,420.1232306425602,315.20709551127266,330.94672043094187,390.72135182073885,314.1475155567214,330.47194898315274,328.45005551979955,360.68322859317703,324.14087211311596,231.93932783007304,359.7591497560051,275.5827571839038,346.16686648959643,283.9809531684349
2021-06-16,389.47282990617236,411.5478051730623,391.72803759725963,414.95554277237596,311.7986539527516,327.32564605155164,387.68556244265324,310.863055161569,326.9776066414075,324.7992496118733,357.28957671412775,319.90780058932546,229.45511982264287,355.6638422750457,272.11822315994414,343.1325240645308,282.66960544102903
2021-06-17,387.91223488952164,410.0333918053939,390.5307846427299,413.84425667338263,310.5682731738046,326.1461569664138,385.6917014026713,309.94445140563863,326.141598092867,324.1405378623201,356.61795678913137,320.4141671773887,227.8890918586311,357.29338307900065,270.73129664618244,341.20903557130737,280.3029047681032
2021-06-18,378.9783545432149,400.26910391417243,381.4125933062868,403.83959919040444,303.9561895210718,318.9596276607779,375.62023232622937,303.2648738613108,318.8565152908514,316.1427425284956,347.76459900347925,313.1295756844938,222.2991604335743,351.0307484654845,262.0744555214714,330.83992115939094,281.24646872736696
2021-06-21,387.6727472805661,409.2087581753382,390.0569669536456,412.7326102050467,312.3573532589115,327.6338773431442,390.31263492238236,311.6163754030014,327.48859858410907,325.18858266251993,358.5593036048949,321.7104458813152,226.88436452928116,359.17400709807384,271.0103699888329,341.3195021264706,284.0924930086081
2021-06-22,382.238630658883,403.4893643154592,384.6850695950375,407.0698815877511,307.6967085114756,322.7472731884593,386.692666712038,307.0349863224613,322.6789034662745,320.1420823274084,353.6183394486827,316.03172552920876,225.57063171732898,352.1193626947639,266.692870737883,335.21433660215234,282.52042032881377
2021-06-23,379.2659222207085,400.31089833903263,381.7532266368526,403.92748821711086,304.905620996764,319.7692788073883,382.6329130769556,304.2837259282352,319.73647031426725,316.9532772188906,348.6494711040293,312.5828509035554,224.74924185868886,349.38074682010335,262.04071898239187,330.95424867457155,282.5603531798043
2021-06-24,383.28680125272655,404.6557425648208,385.9409993270241,408.47028997994636,307.916104546495,323.0009868171669,385.9038646133,307.39569300305925,323.0887506998184,320.4902113052668,351.86068696116695,315.7669306951072,228.56897948881917,352.8780444966315,264.7836358149152,335.08644891266283,283.4259218208031
2021-06-25,378.6758942173691,399.638424479777,381.22789430084015,403.32230038002785,305.21714448755114,320.0880068047418,382.78962151934576,304.6832300951917,320.1517923360284,317.77741539490654,349.4489375174328,314.05938208562355,223.91484253081657,351.3564689010352,262.3579613640902,331.6692718982256,278.8986723287659
2021-06-28,378.2759768726866,399.40898584851993,380.80261879996715,403.07358696758894,303.8377316645672,318.7574893357487,380.49600762846427,303.2451841141712,318.7590301808731,316.239809700678,348.7244800257376,313.4655575452197,221.7607450978012,351.6084060503042,260.4588582564426,329.0963116177233,279.1834432979425
2021-06-29,379.4682905101277,400.57821438835424,382.17521223216625,404.4396119237831,304.32250390770804,319.1717735242253,381.1339934883103,303.85284069563346,319.30497583645445,316.91453734799114,349.43715822706025,313.98816832347865,222.3111185896565,351.40954777050666,261.1304471019956,330.01344133422316,278.369099248201
2021-06-30,379.98830493183647,401.0565855497692,382.5568617622477,404.76337901169535,304.95508182716435,319.7857808900315,384.97037593019485,304.37557449528845,319.79800765325575,317.5703573587469,350.0190193526935,313.75362706186525,223.04144733624778,352.13221078227565,260.507399895498,329.4105059472714,277.19038395233054
2021-07-01,380.4539961884567,401.2936140276256,382.9510849808663,404.9102197723754,305.8028311458585,320.4836104312135,389.07468407161343,305.17889567645045,320.44103796971524,318.49117601853794,352.2704246759857,314.35293983512986,222.55976064071191,352.07789264942113,262.23243529051615,330.04770995831853,275.037600582522
2021-07-02,387.92313756397095,409.14317555423037,390.43536107208115,412.792100719783,311.74208647735884,326.681454044123,397.2472441712341,311.0753789228678,326.6034243409431,324.68415494097667,359.1454663842086,319.7652741965209,227.0610177033062,357.72111740142657,266.99001855922285,339.03049381367657,279.6800321930077
2021-07-05,387.6753250823586,408.87175469510686,390.17635076110423,412.5073055452732,311.5553523972886,326.47794394400876,397.2472441712341,310.88159081300125,326.39148528825365,324.68415494097667,359.1454663842086,319.7652741965209,227.0610177033062,357.72111740142657,266.99001855922285,339.03049381367657,277.50215713127153
2021-07-06,386.78050374012497,408.07733432321356,389.0370568706356,411.44939190412214,310.5645569493882,325.55230883869154,396.6482560036747,309.68429780182163,325.2426100700639,323.8350746792972,360.38873915267664,318.7440523365767,223.64013324605133,357.8039755425627,266.56213619892276,339.26740009054464,273.7633415788978
2021-07-07,395.13680914937794,417.30150888459605,397.39305546192287,420.71227258197973,317.4168167636924,333.07954293925764,403.544336408349,316.4822082915477,332.7388045701044,331.66056330835374,368.9563680164151,326.1289822675191,228.99762841130288,365.6799933240975,274.2694821091657,349.5378149800881,276.7092067651978
2021-07-08,392.3160224656969,413.81138498226494,394.3514655399904,416.947634672526,315.33443230902446,330.47783774887216,403.6305774517135,314.2437365612,329.9447641055359,329.05397189705707,366.93421203091674,322.7968862366362,226.98773163618418,361.94961664231846,271.80770344408296,346.69757883066023,272.7484399265437
2021-07-09,400.07130537686237,421.9371598473944,402.318487357921,425.32138322906417,321.40420592329775,336.78703250168803,410.86081296489175,320.42811901221694,336.38992690736796,336.06607590581723,374.3737934218649,329.79942562557983,232.58694780635412,368.9995595722072,278.7253295906615,354.1133318237313,272.7484399265437
2021-07-12,400.92374432837755,422.9032660053957,403.2281821480909,426.35562914590014,322.35046962349475,337.845225996236,411.67124548966177,321.4253945377323,337.50857300307666,336.7157301981007,375.48917411144254,330.70032424368725,232.86292164078074,370.0689865654243,279.88473991804204,353.46411081482813,277.83276374647585
2021-07-13,393.39170878805623,414.6491265794552,395.5929411602724,417.9557560464524,316.4294990224425,331.3884269211878,403.5168340590583,315.4771290971374,330.9993105985119,329.47092051597394,367.72160935118114,324.4352355063698,226.81733872131028,364.2318137748275,273.46039116732896,345.8088235981083,279.28931575748044
2021-07-14,393.40062347912925,415.1418360503672,395.4692322067469,418.32610084609627,316.41648985468373,331.7756727811096,399.155690558506,315.35331777192164,331.28164448392516,329.64079718475847,367.558383800768,324.91350871529505,226.56180787662456,364.465997037089,273.5659041931673,346.96377787451644,280.56400394245406
2021-07-15,384.4483288654464,405.8257801439649,386.39365184607254,408.86002594022284,309.5364701197727,324.6839975029901,388.81371455223575,308.4459848864625,324.15043268745734,322.16398181930015,358.973176875148,318.2131288443233,221.73118159279625,358.32285484303276,265.5288132524193,337.07512764913827,278.0908868895355
2021-07-16,384.3961937920146,405.613093614319,386.3670424557742,408.66777651111425,309.5343349363368,324.5522531738534,386.10391037254226,308.4668556753127,324.0386941675878,322.352049919754,359.03358562918083,318.2422737801442,222.74545556480837,358.74750777635774,265.34505357778585,339.2212687427722,275.15481454135653
2021-07-19,377.8683855217234,399.49232768963947,379.5201438795921,402.2176485116203,304.29205337361185,319.6947788320576,379.0014295429454,303.0060648521416,318.9566083690022,317.20948109589904,353.4385948088045,312.974060555202,221.47042331560672,353.5287791806619,259.17816263426687,333.0965526066087,271.6556791953704
2021-07-20,389.9388064221608,412.1067806271858,391.7423864548875,415.0214306841683,314.4699446211698,330.2849914765309,394.14517587997733,313.2414266955624,329.62827306919735,328.54130886735567,366.6786686856003,323.20724359869075,230.31648471147267,365.21180564735687,267.7351229286511,345.56336579745357,273.9751360187341
2021-07-21,393.1045199848927,415.07846512573076,395.18972192153007,418.29322525419155,316.2634470439921,331.82504907370264,398.43974476639823,315.21967944807096,331.361174821303,330.36112207803234,368.79241745173294,324.690638285375,232.00248862104053,364.6902847711843,270.9405381013932,347.98468226631053,274.56580037644704
2021-07-22,391.6306303628442,413.26623282969985,393.7164152521762,416.46588780095703,315.0318252389916,330.31810049809553,395.62628633243366,313.9972640787562,329.85302869982746,328.5555759397275,366.989892389517,323.20593844356125,230.14872177037873,363.57909137366664,269.48801541580167,345.2059615886299,276.0766496125259
2021-07-23,392.68409541405305,414.2857532996085,394.8278948725858,417.5472366672292,315.40634288115,330.61436220835776,398.9793317838603,314.3951628755454,330.17179216795097,329.20732058933805,370.17442710772514,322.7614429216813,229.00535410664267,362.0694695899118,272.5787017774976,348.30519833386086,273.2541063847614
2021-07-26,393.2600070515971,414.8575287244329,395.4702120387002,418.19164715585373,314.5343076456174,329.61459460310465,402.5681312523768,313.525099082708,329.16889574389245,328.063883635821,369.9828941322858,320.1558172707065,229.3236270765398,357.43549811163285,273.1613326936444,347.07029399482815,273.7340371456199
2021-07-27,389.0000401415864,410.3238026074539,391.06216159295843,413.48335443740984,310.3808618430944,325.19783929977046,397.5083279343858,309.25286985107556,324.6109612555361,323.566450076767,366.3028940573505,315.105457931696,227.72353286770945,349.2222803489754,271.4606599885687,342.16677155927397,269.52883740506405
2021-07-28,392.5642221206343,414.1675144894556,394.72554976824995,417.44836894308906,313.17041136838367,328.1876432474412,398.68754941839495,312.0961693111866,327.6680145485932,326.5301807622102,367.6117186317249,319.3878761094995,230.95274240810176,354.55653662789877,271.9107060421449,341.9963679880387,272.8321247056245
2021-07-29,391.70556051571043,413.10243469543053,393.82160726299026,416.3238316049342,312.5818624785366,327.4437474988181,396.54829115639615,311.4801374049624,326.8877437389706,325.8147350391364,365.92173831018783,317.8960036640952,231.63342138975867,352.7976497595203,271.4865105184164,342.41746488831734,271.6115267037909
2021-07-30,386.52692196101907,407.53148173837354,388.63526926831054,410.72731683493026,307.7064690763928,322.21521455708483,390.4666103679425,306.60899768646925,321.6489067106034,320.9182031196634,361.30428132492665,313.34161322527837,226.9394582548637,348.32390175141796,267.5243840243357,335.6311049019386,264.2773171851741
2021-08-02,394.60752366806247,416.45251978871045,396.71390279389766,419.6838833751458,314.9593310632878,330.17440488119314,399.05880835371124,313.83089730330596,329.6036960982228,329.4320813653145,371.1800487263667,323.0975770808083,230.53556624412178,358.68772689905535,275.00580763228186,345.8595619850409,265.5850056988686
2021-08-03,394.5006322035125,416.54700854167254,396.7129235567428,419.9046156876027,315.27205877345125,330.6898557448468,400.58686697304086,314.24597473672566,330.2392582125708,329.94127474919145,371.40960567001366,322.82986508869425,230.0168091982778,359.2209867085023,275.10138224723414,347.98959162142074,267.21483835814473
2021-08-04,395.34436058425337,417.94688045770715,397.52493988878064,421.296178211296,315.41130201732494,331.23370430989144,398.2086523776509,314.3334104509167,330.74270132309647,330.92228647283525,371.9910868766095,324.4102790658507,230.03538536676612,361.956958533032,276.33697533449055,350.4540702857191,263.3636172567845
2021-08-05,395.31976783247796,417.7035237954021,397.6434972795753,421.2000355403142,315.11711743804784,330.73407643067634,399.1870852916976,314.14711801802946,330.3530333707825,330.65124102354685,371.7216076752917,323.2071109697538,232.70542975469132,360.1737028619847,276.04719751944674,349.70726345276984,262.013021010792
2021-08-06,399.93502762054993,422.707970150869,402.6244853090677,426.6245347265591,318.1709859490512,334.01834087370975,406.0045039674778,317.444862123146,333.9142432707814,334.27334387161187,376.4422051370639,326.0356221113969,235.43701843821472,362.81051700426246,279.19000387239373,354.28811574631897,264.3347683216437
2021-08-09,398.95449136402505,422.00333876435707,401.91231554865084,426.2297715910083,316.3799520375512,332.368267726414,403.21374388483974,315.8430305421168,332.4771038261843,332.6507515351115,375.3525527910403,325.3868156884796,233.13358341566288,362.50012546887984,277.987642658892,350.78172859917873,264.79681449523935
2021-08-10,400.17939287623926,422.97330684320207,403.1895701784211,427.24402109006274,317.593950148539,333.38703004900486,405.0446649208572,317.100022225702,333.53490790914555,333.95971176628615,375.8547223858358,325.946770403612,238.24354518234517,361.46465615990826,278.8017676151643,352.6795448117153,263.4449457526274
2021-08-11,399.2390376941942,421.86664258122636,402.122647550098,425.9899395260712,316.9182299102962,332.5882495185064,402.83093973816636,316.33043271085796,332.62804422695007,333.0902896358277,374.39417394347777,324.5593606734485,239.24176368441658,359.53088279394797,278.31857321317506,351.234822748505,262.3937359456965
2021-08-12,399.48596771046726,422.11166971391896,402.2880018945743,426.14488029607355,317.36488104962416,333.0544715232312,405.90911099719403,316.71806467930344,333.03047893754336,333.9458295205976,376.3266299122391,324.7554635604858,240.52044563910295,359.09275693571755,280.314868993801,350.6644928548738,258.78974535632943
2021-08-13,403.95663981795735,427.1390693611851,406.63927070117063,431.0664831543221,320.04305969028627,336.07744954251626,407.6730432794671,319.23247666773807,335.88869066467385,337.00083509923485,380.03109912570363,327.2725421747014,243.83527742819817,360.9108184128234,283.9109197032171,356.03253237406676,259.400208952206
2021-08-16,400.06915246178016,423.0200516585487,402.511504552209,426.67281268658996,317.3159822442111,333.22166421110006,405.1867847547252,316.3512865927423,332.8583590210941,334.50133364305805,378.5148458673426,324.65499811822707,239.73118635841547,359.1419545139726,281.84221902085716,352.3992437429681,252.48042403655808
2021-08-17,395.90835876087425,418.5729997451819,398.15150906602594,421.9938388020654,314.2086374277659,329.92769387288246,402.6536505330669,313.11901565473806,329.419419748155,331.1425503702097,375.64184331263635,320.7062659806459,239.5405933454942,353.7608978665482,280.1167781776217,346.5274631708351,249.06546158811628
2021-08-18,396.87373491582264,419.9375055558373,399.0469553582581,423.30025197425556,314.89596428425364,330.927977471237,399.7094790597532,313.73914810415073,330.3587257683399,332.32424124795165,376.09523689514293,322.5433289690597,241.74597763522928,356.7512578918418,281.0247560983604,346.5814076668567,247.81091705064702
2021-08-19,400.22921096463284,423.5950582040665,402.3519096917702,426.91540425420885,316.94157017663696,333.1395596373672,403.42472096592434,315.69632509553514,332.48032515735275,334.1714529047885,379.3469270690918,323.2445748013587,242.7472061467455,357.88028216519547,282.0154666843544,353.5255539893418,251.75661534443682
2021-08-20,404.34570538238546,428.50277046204735,406.53884981320834,431.93743804947235,319.55777351952094,336.3129914034509,408.8622776542601,318.31627354546765,335.6804739870582,337.2983910338772,383.8012539806841,325.72972600597717,245.9492937977523,360.36868087791606,285.113042849204,356.94037601768474,254.92139051859962
2021-08-23,407.4991472427183,431.16759869857333,409.74353459702337,434.6340512751349,322.17427583335143,338.5193057815976,414.5029084615352,320.95536336192686,337.89585292261364,339.8088873435301,385.2625150326704,327.8022229952546,248.3503629017826,362.83734470608107,285.6529656313403,357.3610959257655,254.23909304293156
2021-08-24,411.29260076992756,434.7831296653338,413.70942422212204,438.4297702224954,325.7469725974615,341.97217772571014,417.5067191796518,324.6608509824691,341.4902918244509,342.97926405048634,387.2269950136071,332.1118961103876,251.0390672240051,367.513783101847,286.1041597151025,360.14812171447556,260.60113407579394
2021-08-25,403.22227031888895,426.1891140452285,405.7837078624672,429.97279489592086,319.10037022378634,334.93247696851347,408.5778514130491,318.182980510047,334.6185216944713,335.30986700697423,378.0556882560412,324.3187780696501,246.50749539604053,358.78114330311877,279.2810940375552,353.6591191607259,261.77320869492934
2021-08-26,397.32282477754035,419.9349547011838,399.7043905472792,423.50543748144054,314.8361871944733,330.4584329990752,402.15694437187256,313.83106826932806,330.0392079164005,330.91683897605253,373.1325738776607,319.5884425441396,244.37562201606826,353.65144077161364,275.8135733228848,348.14205579740513,256.5098006011138
2021-08-27,405.9989891327714,429.1020507351209,408.41563015219907,432.73170629163144,321.3309967775829,337.25723301685224,411.41160867178456,320.2761620176455,336.79687428331437,337.78335530199945,379.88265224511173,325.8722198043846,249.66194058069377,360.55925035334167,280.68505490935706,355.460152096477,260.9870248920204
2021-08-30,402.39265574125034,425.2123709267066,404.8710777529976,428.89770464567664,318.98187970059234,334.7490290360457,408.11266499832016,318.0227887342703,334.38674958137466,335.4295246627964,376.9615395783829,323.0946114573463,250.02270037428266,357.7847995050225,278.44056926114934,352.705849803272,258.5809500003333
2021-08-31,402.48427131139965,425.4966367427784,404.995219608156,429.22721048693575,319.07521022515976,335.00131896623094,405.3227720950305,318.1427744948827,334.6746925259865,336.0725280794665,375.66253687441815,324.0218505342277,251.3567623616149,360.5044713607912,276.4350136675361,351.9027494173566,255.80037256014487
2021-09-01,402.0714234976377,425.1867202869944,404.6638882022904,429.0123710508659,318.3805221074628,334.36013654397766,401.01988990207616,317.50416408709634,334.09703098214396,335.39149030667,375.43759159570897,325.4674337752186,247.9287916609914,362.22580730260137,276.3117814069734,351.73307234886266,256.2041792254408
2021-09-02,404.7993091916559,427.719875950537,407.4498169457376,431.5987340692985,320.4184036758695,336.2076490813967,407.5342290679971,319.56457242023555,335.96174567484877,338.10746972410163,379.3435568012531,327.6147757779613,249.07607062298402,364.0613306525101,279.5900807798828,357.97172145059284,250.54180158393308
2021-09-03,406.40727041163507,429.59052283069053,408.9715193084021,433.3866484061268,321.572588323186,337.5540442252481,406.92133532207856,320.6320031831423,337.2211535321675,339.3863058026136,380.26886333521253,329.07478659461714,249.677177209786,367.13081143281505,278.7429749857657,359.6989923162144,251.38820113760647
2021-09-06,407.41887325866475,430.7009592124429,410.02865821162595,434.5517072405913,321.73888567873524,337.73558867532216,406.92133532207856,320.8044465642536,337.4100758380874,339.3863058026136,380.26886333521253,329.07478659461714,249.677177209786,367.13081143281505,278.7429749857657,359.6989923162144,253.07823172350007
2021-09-07,404.1298050776436,427.3407228003222,406.93734722063476,431.4073312792282,320.4539752469206,336.5371438485624,404.84032964561754,319.7536708127338,336.4714707892463,338.35637578964884,378.5110755579742,328.8169039593881,249.28385843057364,367.33288581507725,277.2468358982124,357.1092724066613,253.07823172350007
2021-09-08,399.40579194702224,421.9641222647504,402.03585235942023,425.80467397762857,316.7528044871708,332.33983148892315,402.4984342139981,315.94415655014546,332.13442305638563,334.8529950944033,376.30301000274847,325.0646889663811,244.06070972891615,363.5328435795698,274.4103360148162,353.8725781807479,242.7571295606277
2021-09-09,409.61719970804825,432.9819091458357,412.1877763841601,436.79242369223215,324.72506593102906,340.8872112792136,413.47846420617157,323.7874664181713,340.56521165382384,343.454513558957,386.46403927092945,334.18772421802,250.40256595547982,373.59935840373464,281.28615812173166,362.3480733941421,248.10799538401636
2021-09-10,399.71990838524175,422.14846716106183,402.29341802548254,425.92032924633776,317.2648831551376,332.7676587688576,401.6949558659132,316.41735416018236,332.5164222052797,334.9110198292815,375.71927663135017,325.8789628861643,245.34144582528447,365.39941291813625,274.34133498052387,351.79684284224055,245.6327572175831
2021-09-13,406.5850073112907,429.29139590817203,409.265757398588,433.19215925029624,322.783093716071,338.4703891097591,409.72712374135875,321.97515374081416,338.2707763636755,340.4975813118354,381.2472348851493,330.80728593219516,249.07502376566785,370.414188754261,279.3217270742087,358.2868475722014,251.57157119399272
2021-09-14,403.0129854156281,425.53755471563477,405.5325967706046,429.2534657488863,319.33404655688764,334.8424809469774,404.00984587289355,318.3976991999694,334.4945645058918,336.3397132511117,376.74437265937854,326.76491596216346,247.86589796092352,365.21662008880924,276.31541997833347,352.19569133471754,251.6629687718352
2021-09-15,406.99102658299944,429.35849518908225,409.7044925305839,433.2784850737487,322.26272744131217,337.59351507555914,413.19394478376665,321.44686570658973,337.3706741858195,339.7873660709348,380.62309201958783,329.1050128105154,251.31207977326997,367.07279212108494,278.1210939119158,355.8459559616894,249.2532743445309
2021-09-16,402.92432929652824,424.95426140524825,405.860580717541,429.10428674152473,319.06026373137695,334.1461889594262,410.15731080270444,318.4571212938598,334.14546699719625,336.4793104469455,378.40272047841626,325.74008933208603,249.48032711218033,362.2464911625933,276.8019128718711,354.07600243958143,247.35254664164802
2021-09-17,401.3530328209904,423.246775418017,404.1369379132741,427.2231715147304,317.81903674100664,332.80528433657327,408.91878087960026,317.1033858476977,332.6773230060959,335.3882486442189,376.8467500013581,325.1851551406122,247.1809822811864,362.9591748318993,274.1841507968452,353.240071114688,243.1336220672431
2021-09-20,393.8323917556255,415.1433504743621,396.0638469187679,418.48663115738407,312.70929209694754,327.3489247214181,402.16841896446425,311.6306489212844,326.8093985574722,329.7160787340631,372.29597400291647,319.8485536069748,241.56727190023832,355.7767513923613,270.0037618733236,349.8294338152435,236.90281554849898
2021-09-21,398.3530690314556,419.99728731874956,400.5862878884912,423.3570235811052,316.9680845535425,331.9078083836127,405.06812232538783,315.8819143850593,331.3727828626071,334.2776735688,376.4151201456165,324.31007762002935,244.83143135571845,360.84332435375006,274.70405500473186,354.9717518331624,240.5457215029343
2021-09-22,399.84232174339235,421.50238933499287,402.3555969684098,425.1701803212981,317.46877069091056,332.34995335460593,407.60900454570015,316.57643112283216,332.0244813819122,334.4129536770193,375.58412474470975,324.0062650699305,245.23572301451844,360.69702775926453,274.91590412024703,352.91628866517516,245.15176828692722
2021-09-23,405.62588186975506,427.48583644592395,408.52345589157386,431.58349911389706,321.82250673019644,336.80478331191256,416.75524268990944,321.193140174163,336.771328497574,339.3042631689797,381.2422250551903,328.3353096848266,247.01099538210104,364.84179468703,279.53288943964253,359.5512915181366,247.7670548429661
2021-09-24,402.85763689828656,424.2708643535983,405.6062431650507,428.18374929597354,320.07666575300635,334.7527218355293,419.2822996478044,319.36305901409133,334.61436398716523,337.0484862925574,380.28162524802275,325.82910612369676,244.60081239021378,361.3046176460488,277.5460809763912,355.94248093903957,246.84354099956548
2021-09-27,406.0849842770872,427.34693916818253,408.84461264911886,431.26308790181474,322.83268914025376,337.37824626453653,425.53541126909823,322.1115892296614,337.2266329346602,340.0355421616195,382.57770988575606,329.03927506795753,244.3997800005167,365.48553240933256,280.04615685813536,357.9483131111705,245.90438547982686
2021-09-28,401.9551579165142,422.8292844727876,404.52378349456285,426.5183601044196,319.655678522327,333.9216395435713,423.34124978086993,318.8124048405788,333.6249214585551,337.03040967826513,378.3334452472566,326.4266786829233,241.32119710593477,363.09529283147293,276.7361715117657,352.9359569614059,238.2936568475396
2021-09-29,403.6854218279486,424.6321774077439,406.29527732958917,428.36937381391334,320.8399154434717,335.13656707595743,426.26899921198526,320.0105985839812,334.8564661727384,338.2188401953034,380.18183216613045,326.62071648173315,241.42506968657446,364.1687300958039,277.8684225719672,353.66148689737634,239.6063832252897
2021-09-30,403.77585909266156,424.696252197229,406.14786417187065,428.1713144861346,320.28538316762996,334.505661533402,420.82734254554646,319.2371973168024,333.983809398103,337.3423367156522,377.1082521312225,326.64060768038723,241.9026868003065,363.98357282337287,275.7609204036522,354.94488927422185,238.9436458708739
2021-10-01,409.61748651444543,430.7755566321594,412.1353801664984,434.42006823926863,323.81188744977305,338.08924797742026,430.24338011418644,322.7992209998507,337.6089520007501,340.66367189577005,381.47152478067386,328.8344726408373,244.27237644643392,365.0075609173401,278.1032120243419,360.23219395681207,244.18832528257255
2021-10-04,400.9431930104539,421.14960247679215,403.21391231010847,424.4798511402571,316.6055350138986,330.13951684585476,421.9269713814414,315.4435770393769,329.4656051592604,332.5391790899596,372.12384102335034,320.50681251280366,237.11882576001977,354.082987582831,272.9758513182378,356.41391101925086,237.5687159750038
2021-10-05,409.70556537378286,430.1059043270815,412.19175757208626,433.6785684741118,322.992381571197,336.57526324986986,432.88259343490046,321.920702977027,336.0026184505601,339.84247525750544,380.8358049889475,327.7175519244895,240.375155334569,362.2057629096722,279.01907503476804,363.97122904865785,236.7397914774332
2021-10-06,409.9630899244414,430.7579185344576,412.35342358659705,434.24479246925233,322.22099973334707,336.0414436530603,434.65656126327315,321.0339046220106,335.3526707013803,339.27236074617656,381.56014847389906,326.93904788254906,238.64485270634788,360.86487677854774,277.84883494966516,362.8360674927193,235.61319229977755
2021-10-07,414.380583481628,435.160201829809,417.00392484250256,438.9000462626211,326.138709578456,339.9516457083149,439.66884245507407,325.12274973650347,339.4494809759186,343.78659774532844,386.4296169526476,332.51952409458534,240.04534102392637,367.855047686111,281.1613691910866,365.4805946554495,235.66856308458162
2021-10-08,416.9312617413379,437.83190646779315,419.5893023131431,441.6147410472577,328.12819792998613,342.01905307512226,445.20937561567126,327.1203642938814,341.52914858846003,345.32876023192034,387.9559434555308,334.4484315688194,239.23159425291382,368.94916114247593,282.71852200980044,366.6147878275497,241.36588062526428
2021-10-11,416.020900343986,436.6548211277779,418.6978512108878,440.4456177035448,326.58635823908924,340.19791462186055,441.6358721286612,325.57038488875037,339.6877110405446,343.4332748769082,385.42319821736896,333.0994570984302,238.40528942806452,367.429164325878,280.91338228674107,364.9921665428721,240.3225301419367
2021-10-12,417.14496608068316,437.81230621341984,419.7144813004579,441.48680072514094,327.7534770119164,341.4074444079438,443.220422031976,326.6524950794175,340.80672329801854,344.66747600840495,387.1414233266182,333.8515093650713,239.73443471307786,366.65546622872034,282.6518607822827,368.1796342193953,240.3225301419367
2021-10-13,420.93391911500714,441.9406256079011,423.39950583302624,445.5166609187262,330.5495493843543,344.435442591947,444.44254082380183,329.3289510873526,343.7144036156124,347.3918247679045,390.1518687075112,337.8071426395935,239.86731436566876,370.5478062691951,286.11083082318186,370.5235708606887,244.03166647028803
2021-10-14,422.58797776347114,443.606350156509,425.1434760434718,447.2807960248522,331.9596334454127,345.8519452803755,449.9258575271785,330.8031545446922,345.20111425282425,349.10177042234744,393.6797488375391,338.9748291266375,239.2324872519174,371.4180250993421,288.51392171022707,373.2319592886751,243.48514794448684
2021-10-15,427.21739048972165,448.551748924341,430.24076524900244,452.7519131955376,334.7852048078726,348.8314800315869,452.72442804966835,333.94251595937146,348.52831870842505,352.40138147401996,396.7036934045646,342.43358459903095,242.34473955613734,375.3864392107248,290.7931527827229,374.9931654025779,246.33210843378438
2021-10-18,422.91354507268545,444.0843587331854,425.9419031938743,448.2835529985569,331.3190353546715,345.2575428822134,450.3550669980833,330.50994968016687,344.98610233292663,348.5101749024,392.55212801643,338.0447541114602,241.72274178654516,370.84271628012544,286.23219173285423,368.85052320060345,246.2093036405759
2021-10-19,429.58253580389487,451.0517287863634,432.70505656687897,455.3661692440027,336.15729244161577,350.2545626407863,458.75336474535385,335.35842552699387,350.00128622567655,355.19123621464496,399.34965576841597,344.657050718362,244.55598165241935,379.06349013983083,290.5474859398253,378.2455615825977,237.2409768327698
2021-10-20,436.7794158550994,458.4580336533888,439.8678853883818,462.7427281578531,341.48391355414407,355.670505890397,466.4078079899737,340.59060217768774,355.31881788408117,361.17993228910717,405.9278468092575,349.6821800328477,250.0116535825524,383.6500615531683,295.0105014753574,387.48841636948987,236.49352058328054
2021-10-21,432.83129846310146,454.3294240308688,435.71477470120624,458.382421210547,339.0024705412174,353.12366804761297,465.9745213921247,337.9972037139389,352.647349850584,359.34912705266197,406.1600298037341,348.12595571042436,248.23789249163616,381.59266027453424,294.7333528752189,384.45966417941474,228.3431023278473
2021-10-22,436.8040298395835,458.277044211129,439.5799875182374,462.2096877489308,342.4120165928714,356.50785854134443,471.0902159674471,341.30043140412516,355.9154504753987,363.55231804936255,411.34580244705774,352.37832671793535,250.29090007980523,385.8999413442943,299.5027325246497,390.1071458229764,224.35726977696305
2021-10-25,439.9648727761912,461.808266974159,442.79224179098,465.81414050720286,344.49650420836997,358.8357180210664,475.11993491645273,343.3877641456538,358.256437233363,365.35693626645343,411.5345105920552,352.702737698559,254.47587957362026,387.1168085542356,298.7530672796327,391.81647002361433,229.81500499061278
2021-10-26,432.0113212031181,453.249577456246,434.88939937564055,457.28412687348083,338.80463781488686,352.759349082929,468.6777087503755,337.8177027851683,352.296203787587,359.71410396896374,404.7471529000376,346.1142776807628,251.83775475613075,380.78334430057595,295.472176404479,383.7112146131809,222.97811521858674
2021-10-27,428.7236972137106,450.0981777512011,431.3772920475071,453.8951618039732,336.50966223925184,350.62273301806596,464.7259527244733,335.37705567640427,350.00740907838707,357.0684788749718,403.31682247758937,344.5803885605479,246.3741842757661,378.67049129178076,294.8383315235809,383.2085724190262,223.63396191941888
2021-10-28,428.3044399569974,449.58248578110556,431.03198885418783,453.4558394512251,335.7662249598864,349.7696543546639,466.5349233916218,334.6814961940682,349.2018921580965,356.83486272540836,404.8897248142914,344.61800382301476,245.21140797893025,377.51070190712005,295.6713405448259,382.9978610125826,219.06729779407357
2021-10-29,433.09470860982407,454.5376017078957,435.8528563697694,458.4507974504308,339.0606661794012,353.12311854207263,475.8583487369112,337.94699498345136,352.5267636676251,360.9918396721877,411.20808733673664,347.9045385881821,246.4052535829585,381.33611401523655,299.4339581707561,388.5642868861174,216.02461365900018
2021-11-01,435.5802569716647,457.16521831413183,438.3963589997726,461.1478840917395,341.3631711207923,355.5513323422518,478.4547398283223,340.29012423932147,355.0044938303115,362.94037289157734,413.2100159018489,350.2368901276429,248.07364639839494,384.23355639553233,301.6508430068166,387.59325206497215,221.41808433562232
2021-11-02,438.40026228244244,460.0977312736382,441.24500389296884,464.11623095713867,343.07081086429025,357.2869864343792,482.1031747273902,341.98076548122873,356.72305204555374,364.85707331849653,416.3130856570862,351.0733781853731,250.78873885657288,385.35380315292593,303.8519921338307,386.77292925611795,221.41808433562232
2021-11-03,440.9858759395662,463.5902181010607,444.0894962613476,467.9354853197248,345.2262031913496,360.1662431081661,483.43266002844433,344.3297156940714,359.84191767740776,367.7670356142325,419.0609907451242,353.159271616153,256.44068779494665,386.0329708178947,306.3278836530417,389.5462400534718,225.22323443148937
2021-11-04,431.28664737326625,453.53022506197647,434.1365195323478,457.5834429429708,337.94913367774893,352.6976495084034,475.67073474215294,336.9345785246859,352.23608732749653,359.99772415687244,410.16594434974587,344.8495636584299,254.05319220111036,377.4197930594154,297.69327004221464,377.7350526097829,220.43564348577206
2021-11-05,437.4511237189301,459.5847656061597,440.21207823175826,463.5327055787033,342.9195748766272,357.54480304161723,482.68799156297354,341.791035707549,356.9548648319375,364.68689821163093,414.81064121669596,348.1904170216072,258.3973910295077,381.23430583407844,301.5054496483613,384.0747300880904,224.2884989831619
2021-11-08,436.37669147088224,458.43681296990377,439.2122908708571,462.46328821156357,340.8128258681053,355.279965683881,478.83436700991524,339.70655651590295,354.7076102135236,362.33982597047816,410.9449423522444,346.0908498355801,257.80659848451654,379.55591644405786,298.1703124666133,381.0580262896905,223.22243120762667
2021-11-09,436.55044755040484,458.34812453706866,439.3045260286068,462.27237006695805,341.0644925109624,355.32854587498167,478.03217089536184,339.8955474448673,354.6799377387809,361.95085201278914,410.0353713415615,345.15984105514224,261.8270531214273,377.4212191827239,298.02033405124513,379.21715909480326,225.64939180928593
2021-11-10,427.29745625968036,448.9589757128687,429.64875750523765,452.4390748860281,334.09149576755374,348.337319024099,464.76856046032583,332.6795310962047,347.4227092656403,353.56240257013326,401.05992374080745,338.35977146236235,254.40869601907718,370.6533117192459,291.36628932830087,369.604685448958,227.76961829764258
2021-11-11,431.03013444503733,453.0284051140992,433.42100103379823,456.56683119655844,337.1058570521162,351.60325380724595,466.7594614695469,335.70029293235825,350.70600321721474,356.58714053542843,403.17734120415423,342.31798557583164,256.6030279688667,375.44653200841816,293.025858043664,368.35127417280285,232.1655257558444
2021-11-12,424.3133430260585,446.0621062460724,426.655170959243,449.5369751269724,332.02354912212525,346.38481021903067,461.339064708078,330.63649102709104,345.5013808234799,351.4036112229999,399.13604411541036,338.24780832620036,250.35682625219766,371.6266241661326,288.3772006730057,362.1059367323201,227.94395290821248
2021-11-15,428.4376992112183,450.34730955969655,430.80628918958064,453.85790510540704,335.3543303182948,349.8231525763023,467.7473213745924,333.9607030670275,348.937432210469,355.2160655003947,403.1637484524689,341.208211290817,251.28211887024938,375.9057566771946,290.54620312083955,367.64268072705727,227.94395290821248
2021-11-16,424.9524238299042,446.5068755253513,427.29073618506715,449.96833890180517,333.21355850546206,347.4715904262199,469.60462084876787,331.8433454465988,346.60270295387306,353.4444108184771,403.27185610409543,340.7378150506985,243.52971049537297,376.10288681498776,290.4737042045995,364.1864912031008,222.14764193091847
2021-11-17,425.5351771955465,447.3680450182236,427.6095561535887,450.55364527740124,333.5358528645051,348.0034664207158,470.8378280964995,331.94318502362376,346.90079834546395,354.2991087877227,405.45215330842746,342.26087239838347,241.57541664971131,377.4932415210815,293.22541884956775,362.9572764318868,218.53117417832354
2021-11-18,426.01587203258913,447.63707660555906,428.08499639052843,450.8067464470231,334.5968407155422,348.9478426695724,474.33823033681415,333.0202106001175,347.8584013354557,355.3703615937034,407.59672788109975,342.1937455191166,242.21733091758128,377.41113957871704,295.0417725982564,365.71833203902776,218.5018930128253
2021-11-19,425.53839139566276,447.58113740642125,427.63077672565083,450.7963836888084,333.8754834126674,348.54249408455075,471.1156396575589,332.3091595264601,347.4762448678267,354.7726487951793,407.4957755793253,342.348261358012,242.3375827812571,379.34692805254866,292.5914724378642,363.33123121798434,219.663930420182
2021-11-22,428.414654998567,450.33513295612806,430.8413765106773,453.91027519345135,336.499825314725,351.0777894312777,476.3222916296666,335.19459945158934,350.2930970605565,358.2730606620947,409.19557497932806,343.353225149918,251.54374296091254,382.21831572468983,293.3516197022193,363.8267349886723,217.19189187728026
2021-11-23,427.57982769797394,448.94999270230136,430.18901991077786,452.6987852316836,335.58596145912725,349.70201360855054,478.46163914089726,334.4254614163305,349.05652681443667,356.74444236997675,406.9996918892441,341.4098881430645,247.64222997642244,379.90173437224206,292.01672651910366,366.0621848663118,218.1848282401004
2021-11-24,424.6713539968705,445.92373980595494,427.21105860682354,449.591750746862,333.5387053076976,347.60080232452924,479.64954571454194,332.3528400583871,346.92525617294575,354.21813681380814,405.3110373474559,339.3157660405351,243.81759434680293,377.489543993467,289.03313601562724,363.83434239915294,219.1944709927979
2021-11-25,425.5443914456126,446.87572658283193,428.1230963442768,450.58996092954004,333.94257980484895,348.0385403767995,479.64954571454194,332.771376160435,347.3803471401587,354.21813681380814,405.3110373474559,339.3157660405351,243.81759434680293,377.489543993467,289.03313601562724,363.83434239915294,222.6449003416062
2021-11-26,409.9071249739014,431.75992124441274,411.8282373214356,434.785100993615,322.11616436828893,336.78874302621045,466.1756743134714,320.54918940221785,335.72110280862995,342.4686558359751,394.5604352748577,328.9491576976745,234.65603050341332,365.2782819065011,279.59508670621426,351.82263726190723,214.20932213382963
2021-11-29,416.12399805291415,438.25059924302394,418.2149478779037,441.47342133880016,326.1070297055312,340.8772350971831,475.9730615455592,324.5989298650592,339.8785497368178,347.01117626551667,400.5915380505502,332.7950918792241,234.5649428812869,369.6718818591977,282.96166822225405,356.6269226852551,214.78748945411303
2021-11-30,411.8605347056202,434.3674153247703,413.8936091004058,437.54612021175444,322.82683000440085,337.94201935165427,466.24673546704696,321.30690331769637,336.9429929936673,344.10339671310487,394.96358636702087,330.8065373641958,232.8626537216782,366.61773678521206,280.3599681350916,355.34242622204204,212.3237853014348
2021-12-01,411.2626700015059,433.9569241089836,413.1486393624747,436.9830039124434,322.2464128050383,337.5077899699836,461.88266674443133,320.60838474472064,336.38525529801996,343.9555534153784,392.83688381491817,331.4885290597408,232.22856786131624,368.98499704850104,280.6413119585868,354.6048612251735,209.10977023993146
2021-12-02,422.22000597412375,445.30457232893815,424.4688217632475,448.7450058759074,331.1713163849849,346.69621807175565,475.7349906152715,329.7537056186295,345.8269960569433,353.6205300606808,403.58752590609316,340.03353364899294,239.5096766962784,378.91281678267876,287.9649636321757,363.91123481455196,214.90721536725115
2021-12-03,415.6144749581846,438.3171017145738,417.5749146907,441.4243304989243,326.54283683201885,341.85707067881947,466.35537390819746,324.9624841872596,340.8008133601336,347.47380445560964,397.1288420069013,334.1818754231808,235.1771061378994,372.9028755206116,283.2294255038291,355.12059732147407,218.51749115573318
2021-12-06,419.63995154392063,441.8228965194972,421.7952147452042,445.11849858129955,330.51964385518585,345.4545847438419,472.3203729137579,329.0947600163405,344.554575096187,351.0736272742344,401.6709479272429,337.4989793126678,238.07834996476225,375.1834035652288,287.1715089812323,358.5046103654931,222.49769483199913
2021-12-07,429.0925654897146,451.67819712755136,431.4950124773503,455.26140578649586,338.1361332188388,353.3435253892145,487.2504909928521,336.84641840814567,352.60320798728617,360.0763587341684,412.96455345457383,345.9817688572561,244.08789259624166,384.02580355437175,295.5650019155434,365.00014739609037,222.1053524089395
2021-12-08,426.11340674746117,448.37859671421586,428.59744523412735,452.03686373538136,335.9218333950816,350.90208591441854,481.8362854692877,334.725662439542,350.2543705533941,356.7988306312404,408.51008644601666,342.4102485200354,243.39173212705535,379.9765314591924,291.6689912380436,363.78358524004057,226.58931210845358
2021-12-09,415.53347637000877,437.5181166316038,417.8814356976146,441.01714288859944,328.1594103902832,343.0392618987797,470.3352334123519,326.9534923228137,342.375528648286,348.6287205162933,399.2359985861354,335.00643335015434,236.94927393140551,373.0790459174244,284.31388893640093,356.4006804779015,222.49857797595888
2021-12-10,419.8731779308921,441.80749761323216,422.23043519083967,445.31283264943096,331.7426343190333,346.5632321516256,478.0637434335175,330.5173795473082,345.8767304159889,352.0094717755246,403.67714001874,337.90412366637327,238.69799618867836,376.3224790395849,287.3651796627991,360.0560689913752,226.06841862302005
2021-12-13,417.00063399236205,438.74805965869825,419.0799511117829,441.9404650963436,329.4372470287468,344.12330945090457,473.09170560954925,328.00593866191605,343.2064340419901,349.256814103905,402.3041476174283,335.7455558005785,234.05689097831691,373.11623926083973,286.93548397863043,360.21419276711896,224.57044320960117
2021-12-14,419.59980888393005,441.54697964651285,421.7408729177412,444.81584255880443,331.4434037261207,346.2692878642634,475.6722377506681,330.0412096887312,345.3900216476185,352.14690624370434,405.1222188886652,338.7520366687636,235.7269647922467,376.63223662084437,289.04363522740493,362.98833228406505,221.27443124463593
2021-12-15,424.01483658328135,446.1354364956934,426.27690984781515,449.5439756935659,334.438200259679,349.3305626139974,481.0681830843628,333.0838647508184,348.5067008210531,355.3402159639636,410.23306704061275,340.49090095974634,239.6603237839646,377.83491354059606,292.0391025146522,366.0783674717942,223.16290205397974
2021-12-16,423.9932511429605,446.0323916151492,426.05953778090065,449.22229996670177,334.7470802606158,349.60139532696724,476.4475673306305,333.2454679987548,348.6155879738191,355.3199184268926,408.74878239745505,340.68302762951834,242.8941420070749,377.4488639554287,292.2858224169911,364.03883787866,224.13982129735223
2021-12-17,420.6809945878231,442.7507896217829,422.6151725347601,445.79823769343625,332.4091076822267,347.3365853140796,471.39448740757166,330.83468455858156,346.27374336462185,352.8536045554214,405.1568596316736,338.14985003189423,244.0081974759118,375.2606628604245,288.5507914643966,359.0737850358013,223.18532602809412
2021-12-20,416.03445403681826,437.95084354435147,417.82040267153445,440.82971483988126,328.3957797082406,343.2024700253699,466.7165863018471,326.72347251064224,342.02730174901745,348.76206019630166,402.38991652268874,335.4174280750277,233.3358503480613,371.12467432230414,288.3490412449444,361.35773599212405,218.80920696564922
2021-12-21,425.7329027694769,447.84163504343644,427.8057225436042,451.04178980962837,335.6799233122438,350.53988846616227,481.43791769610067,334.155185757589,349.52953797649064,357.1331833077926,411.9938040690622,343.1839276505804,239.0864743215814,379.23121960539316,294.65806423632404,369.8173256010192,218.6317641876232
2021-12-22,429.3710029836947,451.50367082272345,431.43966535588845,454.6993656379595,338.7340570227501,353.6026628407105,486.25567449725605,337.18507008774145,352.56691997996484,360.54621245924426,416.1451205920787,346.0868255927434,240.96996028123164,381.41845554625286,298.55541339307155,375.04377612117133,218.44698441311175
2021-12-23,426.2284490906529,448.1354697491307,428.3866009613039,451.4194420228718,335.7974429596137,350.4661971744355,480.8344906891905,334.3287141140905,349.5094833559623,357.31863253403736,412.14114742311256,342.45369712370916,241.42681920921314,377.1732329552209,295.8608912407557,370.6055285483623,217.22540673442938
2021-12-24,426.2926818806564,448.2056014042181,428.45364198655346,451.49291343170813,335.7974429596137,350.4661971744355,480.8344906891905,334.3287141140905,349.5094833559623,357.31863253403736,412.14114742311256,342.45369712370916,241.42681920921314,377.1732329552209,295.8608912407557,370.6055285483623,217.22540673442938
2021-12-27,431.4510947406613,453.3301309122322,433.7457114757733,456.76079892894705,340.06486203930064,354.6853651986727,490.82157261024054,338.6728400667178,353.8112394299393,361.8477244509428,417.4851899389318,345.76262479866136,246.14888293121135,379.96365357841256,299.86322958943936,372.67652926532793,219.02150522343712
2021-12-28,426.4497100423595,447.96993722416795,428.7339089146711,451.3735231172239,336.86123410366906,351.2892187033861,485.7534983038791,335.5248811732356,350.46749561835475,358.122330296896,413.72888052876203,342.2669443602299,244.12810372791913,376.467017468833,297.12343539002114,368.7902627927441,218.98701026511307
2021-12-29,426.0255018125097,447.3674737922247,428.2859493973832,450.73664285035926,336.8171080578671,351.12742270743166,485.18987416685155,335.4750407890035,350.29485721388045,358.2498049424545,414.01622849563336,341.80877560356686,244.50332580561894,376.000709613447,297.2091889454133,370.83053716992083,216.8351089457312
2021-12-30,432.7793677136667,454.4961959729153,434.9968642546702,457.83429087448553,341.9816957507616,356.5339470226777,489.7301982697742,340.5478945446555,355.61210322399694,363.7927589150435,418.93416291348615,347.77752113942074,249.2363965134255,382.42972167477166,300.2722427928143,376.8114159831728,219.4277313677144
2021-12-31,422.32100254607286,443.7260691420497,424.3576954452087,446.85439457033516,333.9426398701928,348.33600049066723,477.35711866384764,332.4479325315225,347.3400538543811,354.56111179237627,408.5608988143396,339.121321296038,243.4768821412524,372.76590955479975,293.48448181395634,365.96491005950554,219.4277313677144
2022-01-03,423.62941037411855,445.0088899974692,425.9766602433898,448.47574872466856,334.9770443904172,349.33994924080923,484.66316287057396,333.72558490625426,348.60778689247405,356.6453659257334,410.82828665289287,341.0870762786367,243.50031738326646,374.49205963784163,296.5814942614952,363.5594359191207,214.84948712046008
2022-01-04,432.1325615655404,453.6988211742416,434.40348029458056,457.08844533238783,341.8590658918261,356.32579645272665,497.9110912504271,340.48762422068614,355.4684621906983,364.7380496237128,419.5329160443548,347.91916880109864,246.65585840337582,382.76520986325266,303.87051242287504,377.62783676734784,211.9619532501752
2022-01-05,425.9741891964752,447.04996257077096,428.0395517210162,450.19300519318585,337.4778700990143,351.6300655378508,489.16636533558835,336.00237335469984,350.6463881324003,360.5000776141474,413.29080917575834,343.48811179213163,244.14911515764283,377.60949593001493,302.35584654126677,374.66107853911257,204.54891406179237
2022-01-06,428.0279552393457,448.7438407623112,430.29989793485896,452.09527319375866,339.22243821212203,353.07517165714586,495.0890749340219,337.9045107091705,352.2515488521794,362.22833165377983,414.2535427481838,344.96642069981624,246.38660678742727,379.5896848402077,303.03561563868936,370.0671118725349,204.9985376079992
2022-01-07,427.19035145537407,447.96868079091456,429.41784302725756,451.2747612578385,339.06881846800644,353.0207885990008,492.89712184347076,337.7391448221451,352.18827547632657,361.9949224237898,412.9140644346053,345.8066488633611,245.0952435951889,380.9459260906467,303.4799909383576,369.1775164892563,206.00970690362232
2022-01-10,422.2331493325666,442.87632656579507,424.3392773912616,446.0447025188909,335.0161610624041,348.88330188433144,487.94280345140317,333.61954908025945,347.9739780404869,357.51947600747684,407.1671005158892,341.0303191543666,241.71462400950284,376.75741947717154,298.5910086987649,362.77097116269266,204.44479715564472
2022-01-11,431.60618012136246,452.38515998343695,433.8364746661483,455.6932005673864,342.38719942302635,356.2925255638343,500.0493931664513,341.02053208004605,355.4187180533234,365.13289965004896,414.15751663085746,348.55119518486094,248.5665608013918,384.46667729698703,303.47626377814225,367.80986273806633,209.0423400425314
2022-01-12,430.5253297930659,451.27970776939765,432.9445598856965,454.79326374924796,341.3499229811783,355.2281069008173,493.07241941558357,340.13925135787736,354.5223939619435,363.459439282323,410.25010075909813,347.3855869935955,249.19823633567825,383.29974924714287,301.1073232487583,364.57857106343147,213.25498447162747
2022-01-13,423.7077360976924,444.15232488353996,425.98317981036,447.4959178259269,336.220030531069,349.9165657762421,482.8900621518784,334.95235509279337,349.14088060570896,357.62554825893346,403.2597299635862,341.57541807753347,246.75756439508052,376.8018432233529,297.820280065963,361.22520033605747,212.06197872180087
2022-01-14,424.51133476300225,444.5493674226501,426.88853876193275,447.9844624055592,336.74332188936233,350.0915337868318,487.1641319130373,335.5488015561952,349.38166666569447,357.56923233708073,402.4982044508238,340.74765025721933,246.75786157061904,376.2592348527434,297.75027491677474,357.86883094439116,214.18430039643744
2022-01-17,424.0528476281951,444.05077201291306,426.4097512942325,447.46191635448895,336.60565024636344,349.94267980676926,487.1641319130373,335.40613094066623,349.2269248380075,357.56923233708073,402.4982044508238,340.74765025721933,246.75786157061904,376.2592348527434,297.75027491677474,357.86883094439116,213.04594861897303
2022-01-18,417.90669395515397,437.1166882971227,420.0510896682597,440.2598508503974,331.54203817311287,344.26252243075646,479.951835357564,330.2072974435477,343.3748603403834,351.23313538466186,395.12773014829196,334.72364590876344,242.28653800889126,369.5573113952974,293.2582469587137,351.5259250361785,211.7320332683999
2022-01-19,422.38139565544384,441.8027402913133,424.31669792337107,444.7268794444135,335.30486357493487,348.18319656682786,479.67308599046277,333.7737369958036,347.08966829632266,354.79504174791236,397.12159778276543,338.5044511262312,245.661317679352,373.17021335094125,296.8869793159748,355.0446540245619,215.60030216629426
2022-01-20,412.20868306653875,431.25139470558753,414.12095478177883,434.13498871905813,327.5375612432848,340.2034121544843,463.4075827882517,326.07346646621755,339.17270156170946,345.3308076036625,385.0591983516936,330.4068556285162,238.77889709291017,365.7543903601454,288.05770400022044,343.2998630689203,219.85032450612803
2022-01-21,405.45064157255393,423.93479102302337,407.17816443755044,426.5922979254002,323.3085814694884,335.65617581231584,451.44561888069285,321.78320769206124,334.5459358380792,340.0377378229407,377.59772676151096,324.48645734990504,240.34752204809104,360.22439443927493,282.83512180409554,333.63495664763906,220.92911971875765
2022-01-24,404.50828820340325,422.97524472590726,405.99600751073837,425.3708617580843,322.3710533279102,334.6963326850261,457.0520118484947,320.6489028251326,333.3719318725528,339.05552604719855,378.5392276708035,322.65454502035584,237.71886625091585,358.998556290714,281.5227080007844,331.3927449513406,218.64536698604607
2022-01-25,406.78871168619526,425.13104640587665,408.23967698837515,427.4804852356098,324.0905263447746,336.28924966802145,460.00463015906394,322.3182173740494,334.9061914707142,340.10042911871284,377.3437124287546,323.1217989179458,238.96460015093805,359.32664436859653,281.70344352121094,335.2051064811657,223.30843720959467
2022-01-26,401.4203536660877,419.2513084022402,403.0266234605177,421.74740320439,319.786257099083,331.60027788987145,455.32269920077806,318.1796468035351,330.3811306486092,334.70662103797986,372.4486756756691,317.8100334742385,234.860555007169,351.70482909142737,280.1385836563738,328.3037814828598,226.05890309067868
2022-01-27,398.5413434328681,416.11599923777163,400.25730033075007,418.720171214291,317.33531161110136,328.946626540018,453.7333505605525,315.8342675967899,327.83344273694473,331.611607834184,369.27365374298387,314.2868619271907,234.85394963972595,345.71928819645905,279.4548544753538,321.804499062647,228.13413634683067
2022-01-28,398.96812487476564,416.6261213971227,400.82093551160096,419.3829767621171,317.5346073021018,329.20043268660214,459.4079019662699,316.1378260064607,328.2021032301008,332.10478886711036,372.07153831843283,314.4957244872077,236.28983245018716,345.2770266015176,278.5686315935243,316.63903674595105,227.48052241620144
2022-01-31,404.3885943551918,422.4945712546858,406.50202792464853,425.55484489964897,321.882878371393,333.88085957843407,464.20064663433214,320.661464677888,333.08582843760104,337.04245841708735,376.3300340766006,319.4089314051825,241.12595068792535,351.89584488013264,279.7417826138833,317.6177700743418,230.8965936475866
2022-02-01,403.407063185614,421.59708889071953,405.6380130064828,424.78954885679315,321.1261553838951,333.20214472811784,466.580103686149,320.00920828023317,332.5230734908943,336.2748944334967,375.3313142459645,318.34269811945774,240.30467185883984,349.4103478446856,279.55509471077033,319.75110657030143,231.9995010427983
2022-02-02,400.3795524187937,418.4319723054562,402.5340728208,421.53541638618526,319.2799320199763,331.30899534602577,466.4358376016652,318.1429089662767,330.60603709224927,334.5541173227988,375.12799986378883,317.14208043811414,235.51373161109402,348.277744040305,278.868529394305,320.5924413789805,229.00843298933816
2022-02-03,395.1556587804718,412.51890456605605,397.1126468961162,415.37569658140114,314.8953955888408,326.37663614954766,454.690894541871,313.6260084112162,325.5080512909422,329.02961368767143,368.06300386006694,312.694599078793,228.0663826372452,343.46891350192595,275.4110253175854,319.29717428911243,228.23023951338422
2022-02-04,399.519177844284,416.8317986870747,401.5789129268227,419.7969600703078,317.03304317316827,328.33726627253276,461.60608383626595,315.7683133351173,327.4672201252786,331.355112015001,371.02372597192004,314.8944367385984,229.04864769815507,346.77740277834073,275.9191224347352,320.10478410810526,226.97050220761653
2022-02-07,403.85844604265515,421.45698443423305,405.86437907183387,424.37617634985025,319.8142117304147,331.27035339497894,465.686253569529,318.44971255555504,330.29893571240507,334.57607748018626,373.9481316514963,317.6732345960317,232.5964685771559,349.31309850650666,278.79476084162826,324.6979601379271,226.25360932936601
2022-02-08,402.0703818946199,419.97734903205367,404.1396057613249,422.9803356026524,318.41516397944713,330.13770997610106,459.75324155459265,317.11620037015734,329.24712049475573,333.32692474405474,371.92589245846455,315.9494661016487,233.41423785518973,347.533168419765,276.6825418607967,325.1744160949782,226.89972532151126
2022-02-09,407.13866374754923,425.3483313597081,409.38951941203624,428.5621352018906,322.53196495609524,334.4732743100744,466.150786969912,321.3472476728059,333.7155039948363,338.08851716572156,377.5737068150234,320.63539201816985,237.43620438904375,352.4098564335389,280.25681609588247,330.1120115756766,228.19819420526258
2022-02-10,402.17323810631234,420.08895275297056,404.3356830534243,423.19375488165656,318.7189629363296,330.4653270297222,456.786410515333,317.5032928139311,329.6657670083774,333.4420176382083,370.7739816095895,316.18193572704865,236.41886631641148,347.4158093912572,276.50810594021556,325.6274331201931,229.465670112829
2022-02-11,400.06065061278787,417.30267612300366,401.79072479948513,419.9052575542269,317.2735987223139,328.5020187820356,454.6124634250038,315.7287384894885,327.3258897590997,331.00994602544483,365.56004565093576,312.4285455262821,239.49896445152726,344.00244706698095,272.3763700487389,321.0879069531204,228.33199327321827
2022-02-14,397.9942372349434,414.909052958651,399.54914904885203,417.3064515713913,315.5173367023469,326.4837655057872,450.8400207155462,313.84050633667744,325.1548123150819,328.51936099514216,363.86285308983275,310.4508153719717,237.13957284763697,341.1896134164957,269.5350235362941,317.84426968244276,229.0564806567392
2022-02-15,401.5819201808119,419.3991251963365,403.53960988045736,422.2749185369818,317.9913555733349,329.64214660272273,452.30713543164126,316.6042297275825,328.65201270228164,331.8846406477725,367.5919945489849,314.0680803452939,240.3510790644686,344.9449830338949,273.84264401525235,320.61703602941,232.80942279288817
2022-02-16,399.71451901992754,417.7311225949522,401.6000265824614,420.5381984553517,316.75385828624644,328.6000294505177,448.775813053971,315.33026736435295,327.5777586815659,330.69100620776953,364.7912974717793,312.6612350632393,240.8075297123216,342.83639585856923,271.867322760009,321.68605126106786,232.88808219157414
2022-02-17,392.3561534497216,409.6555409672375,393.7785688180716,411.9262986661711,311.6954063282909,323.06904679050507,439.0018493453449,309.97550496593135,321.70696694583,324.62071217367327,356.7000321708541,307.10435650419214,234.21811897528823,338.0168101922417,266.3281214103653,319.6217936921479,229.82756122107486
2022-02-18,392.18989321845925,409.2276082131033,393.51384734313115,411.3793006172958,311.62797487647316,322.79322861198335,438.4385666463639,309.83090350907963,321.3399375784808,324.55377386582325,356.74966110481785,307.05317816359525,233.57747233859877,338.9512078654285,266.49397022709593,318.59389223822535,227.2023971249203
2022-02-21,390.45116418881133,407.34356504639726,391.7021487670542,409.4095932992044,311.14929910480515,322.27756942005567,438.4385666463639,309.3359515114039,320.8052109399737,324.55377386582325,356.74966110481785,307.05317816359525,233.57747233859877,338.9512078654285,266.49397022709593,318.59389223822535,222.66547557109587
2022-02-22,384.07264418114096,400.44782433913315,385.22385749948666,402.38294017411056,305.5636764622805,316.27283977341386,427.35331205882903,303.6977359006821,314.7268356026845,317.3220930553166,348.0897282330391,299.24964334121483,230.9250707703435,329.9749680511159,258.2268157304773,318.61470329991477,226.6142586657642
2022-02-23,377.9275726105141,393.7689383170807,378.88953206921315,395.47527207864397,300.8927333407459,311.22395232314153,418.8686680347803,298.9239153741659,309.55189847125484,311.8180601336441,340.67820433877733,293.70329106134574,227.85331311433396,323.45795869655916,253.91030947256047,314.38135500136735,225.1381493430014
2022-02-24,371.910019872105,387.3803088227984,372.8571956680882,389.0547629297749,295.70986269035234,305.74922515926636,420.50439216371586,293.75982137308665,304.08553648764376,305.83697491746636,336.9023152687116,286.1283985027227,223.18817954759905,316.2792076680058,245.18247742908716,305.4372205072132,224.93264658419895
2022-02-25,387.1449229260598,403.6456669462873,388.44222747978023,405.74421350373706,307.76397386102997,318.5357746597048,439.19945743903656,305.98718000770685,317.0884255701849,319.97733253568435,352.5158557603633,298.94304247110335,235.70805621025897,328.78098195810117,258.42742078145267,320.2024097455747,225.9545370282591
2022-02-28,389.4491278735892,405.6284748079851,390.5785877695585,407.52973701005726,308.37038957475704,318.7683102643763,446.09063670774975,306.3975341776312,317.0956555682426,319.98529166508416,351.8552833233462,297.1826437289337,237.4795094104323,328.12320974800684,252.65567912437135,320.8641351258719,225.9545370282591
2022-03-01,386.9040000664353,401.8754844879431,387.6580141523002,403.31546379757776,305.9610692194047,315.3606907889715,442.9591477474114,303.68768102071886,313.32730388288496,315.8369003907342,345.53891301414245,292.07427024306446,234.42128528258306,324.55623544019574,244.88979742457263,320.7282113680757,225.9545370282591
2022-03-02,391.60068037685664,406.16487565372285,392.698283060917,407.95843991422265,309.9308884112867,318.9822981113038,451.58146894531194,307.9106292550099,317.2098426389447,319.6908869078272,350.34865925268787,294.4030183644763,237.39723017504483,325.54563505941985,248.96294682456687,327.0275417921796,229.2238273099833
2022-03-03,383.9764283548127,398.32427700217465,384.85273931837963,399.86992006957917,304.2037547207636,313.1554415995916,443.65420164840657,302.0700024145769,311.2563077273805,313.15708450366697,341.90337620976084,286.78989366346394,236.91825072807444,318.7246441504447,238.7783939594708,320.7956340686373,229.13106211056297
2022-03-04,374.2773619339077,387.07266166180943,374.71543012327004,388.07721638580466,297.2764394195476,305.08235433868674,438.8543950446651,294.881667818094,302.86085365049735,304.1871910517533,331.2986048686662,276.6494864321352,232.4806833627575,308.5046605192193,224.0771461355156,322.0800251525735,227.16148522330704
2022-03-07,365.9671739946389,377.511631441027,365.77508216013933,377.7843431742045,290.67072031146876,297.5105219484729,433.84803489484705,287.82117690426287,294.7678997642282,296.318936310407,322.9845732909697,268.9515319008183,225.252678605167,298.5514009217534,218.0756942710121,316.52665357430055,218.95439093980974
2022-03-08,371.7614670196808,383.0305867220974,371.2615508223182,382.96156596444365,295.13925114231284,301.703254868786,438.63909866488024,291.99118850445274,298.63452566827283,300.37907195470837,326.5916423693468,272.95129087807675,229.15380059064088,301.9084956769359,225.72977272679034,313.57018802791146,220.4190437789693
2022-03-09,377.15869668245995,390.65450635698767,377.4232463123252,391.49450594723476,298.7622367837495,307.0697945610447,438.86843470841194,296.1805647305445,304.6596500282867,306.18200979752504,333.92912214696827,279.23994045338117,234.04738280403393,306.3019868154321,236.84248432849014,316.50637350571736,226.94368397146582
2022-03-10,370.7475683726014,384.1771415552011,370.8517100719755,384.8415615116444,294.2860307635841,302.6272723867557,436.9354606253861,291.6396782761152,300.1477851547035,301.3461889507601,327.8357165947134,272.656949684614,232.1997818213493,299.59437607705956,228.76178222773254,316.6945173744251,226.04023324832184
2022-03-11,366.1686829467561,378.78851542207985,366.20070767622906,379.34137333399127,290.70008207434427,298.4141922409548,430.7427120773228,288.0299730248834,295.8874692014069,297.37587216171573,323.789037074759,268.5747616644003,229.53738192278274,294.73158234432555,227.2401558186348,312.2246906518667,220.2986341806985
2022-03-14,366.6295070249381,379.7855239703986,366.7149362671385,380.4181698139376,290.68316013441506,298.8074007769684,428.02130264509606,288.04168817718516,296.32478875929496,298.2537133483361,327.2270689713568,269.758360678801,228.3451904829791,294.79953687054274,234.36237239875175,312.1134918868324,217.0523955007453
2022-03-15,371.14232227652224,385.3543981230997,371.5355716375169,386.36310609307174,294.3865305474284,303.35104713385897,434.47283640444124,291.9669691487529,301.13499577206983,303.4813700707445,334.74845243873375,273.87553557072386,233.896375612754,298.23950398387444,238.74166614982633,318.49134524740964,217.4846787295623
2022-03-16,388.5158382306909,404.0422277097147,389.38958886951093,405.62563829348727,308.0808429291666,317.9901751675747,446.00057881695943,305.92296426223743,316.09108302795016,319.46813544969956,348.65752205297656,291.1176976414318,243.69700124076408,320.167300590754,250.15704286714268,330.4388645395086,221.08005402951298
2022-03-17,386.4132830624868,400.83265323916163,387.38840600424135,402.4773514408822,306.6089476897917,315.64167896560383,446.90826921835026,304.5558305923863,313.82392408089663,316.54860451158913,346.02246333588084,286.75792427546804,244.57358867646818,315.3100835139932,246.65286403690953,328.458076502883,224.2760144482331
2022-03-18,388.5107473020514,402.99731466885567,389.80334976075983,404.9877704048514,308.17432307985166,317.2400303276245,448.3805968896666,306.36204526020674,315.68228615121836,317.9110708206298,347.13687772061974,287.94577578757156,246.02762603672406,318.1924057971057,245.83785912642537,330.7073764881874,229.59463597876515
2022-03-21,386.5091457145522,399.8944770769526,387.6680464066003,401.69106986508643,306.7805279724909,314.97275034835263,452.00061493984504,304.8803160643714,313.28844035798335,315.07837955534046,344.33607903328635,283.9410268572615,246.81173534485183,311.6391321910085,242.3583145430007,328.18624949811425,231.20560016934837
2022-03-22,384.6691440880514,398.35710059839283,386.10332138765546,400.46409491368627,305.0962951011517,313.53444285826424,448.116229068269,303.4272819086917,312.1061874285118,313.3224910341437,342.35253699000367,282.88645795248357,244.535035257051,310.2297242200264,241.70673610846606,326.5546987885769,234.90887317622716
2022-03-23,380.9946664842188,393.8259814873653,382.1473076452836,395.59091027614517,301.9825324325652,309.7321873434722,444.33496425902155,300.1037167751407,308.05322170910415,308.7918864937717,336.50722809758804,278.70918722505064,241.56243596967255,305.8300488641465,235.91315751472416,321.6773170361943,235.6672485386182
2022-03-24,378.8172220867657,392.15285308083975,380.03126600250727,394.0066906651624,300.10909878734543,308.2770983545838,442.35832901878007,298.29160248605564,306.6784524919465,306.7403784173069,334.0226103637451,275.84166107741095,243.3303430570325,302.4840099929292,233.44601901666704,317.93283147292675,240.2691390935725
2022-03-25,379.34201200458864,392.52313065663765,380.6315116231885,394.4513127923542,300.4339505741633,308.4656296934447,446.3834126542573,298.6710952350252,306.92061402477646,306.68730965076884,334.79537037258507,275.00219875370885,244.47216468983717,300.1600183452318,234.01652245580044,318.7446120244277,243.0030698563777
2022-03-28,371.9082381682432,385.9545131542811,373.4183218493424,388.1605588648408,293.82336872206986,302.5668146640004,437.79698310865234,292.27117808153054,301.2721619599691,300.6187177758046,329.0363483876353,269.9750002978063,238.7976402541025,294.93806686897176,230.42107988828602,307.85683702835007,242.2302212470545
2022-03-29,379.2769880686286,393.48593032770606,381.0126312115392,395.94187020371373,299.72256308765543,308.55047056607737,444.270174017317,298.3015452998302,307.40074399064116,306.91663573415207,336.64304010922024,276.4772710285973,241.8171534548812,301.6659677112349,237.41787699778237,313.96037669944945,245.53902491354359
2022-03-30,377.8427304949774,391.6166037643688,379.42309275398645,393.8848011231581,298.66239709571414,307.15111031022604,442.70530574701326,297.12823098937156,305.866960299642,305.4407197626112,334.42926776318393,275.12096508569135,239.9012724552943,299.7103994888061,235.52114326375585,315.32294050370047,243.82591066126363
2022-03-31,373.90461838641784,388.0699838915963,375.2693154484627,390.1241083065961,295.7702512145603,304.6222773381557,437.8447071540668,294.0974948803373,303.2026442984845,302.62678786647314,330.1778623703917,271.7018056076314,242.476915720429,296.12025969945154,231.30764527414587,312.80078107266377,243.04840056379015
2022-04-01,375.33565420748846,389.7021831774808,376.9486132398596,392.0336219935267,296.8375093177431,305.83877412045706,436.227157350904,295.3542298598349,304.6283008694588,303.65772066541604,330.3393432727338,273.29955644301754,244.32867848507541,297.68999215735033,231.90775659774633,313.11251132194167,247.65444753375309
2022-04-04,372.60677998458834,386.48051319934757,374.28017396141644,388.855103072939,294.70787922430355,303.3287771221813,433.1587540035888,293.295180091696,302.17952899076425,301.08095775075077,327.11544286283805,271.5634867100993,241.53247516293737,297.47648436055715,227.996528929611,309.27076362931905,246.8819013471491
2022-04-05,362.0085432620481,375.66019113989034,363.5098106478325,377.8406892305567,286.41306191797366,294.9357556868146,420.06736898174717,284.9421280620908,293.7191306731059,292.3306082341844,318.2934138665172,263.93889611317405,232.809366023986,288.392717367323,222.03213147949614,305.1187159717398,242.86246340889898
2022-04-06,361.5213333861219,375.29841941129024,362.79542291119617,377.2392082024095,286.4514299164894,295.110147792087,421.61514796073084,284.81361305616383,293.719420793648,292.7104042141812,318.4166268020717,263.85218982326757,232.76092699806446,288.16139838468075,222.0841294434107,306.4182551511924,239.3945455238938
2022-04-07,365.92105695095245,379.8292688539203,367.1334018400883,381.7084800025441,289.8420231867242,298.5694104126288,430.3842745586798,288.11794955551534,297.08914381367475,296.29387029711796,323.42188412307394,266.6209598685215,236.16403065606667,289.73228829170574,225.57890402237862,309.64905113994115,240.11396059698205
2022-04-08,368.447762764298,382.2371777851134,369.5663069744369,384.00918891690077,292.1472184545728,300.78090806922165,435.3234381841806,290.33812372703426,299.2063215072436,298.8118509648373,325.571562576356,268.8491752659742,237.31864854223664,292.18371255010936,227.74346246057596,311.506392660497,238.20170927341618
2022-04-11,358.7262928845578,372.28601146139124,359.5321134224141,373.71123018771254,284.9966957991596,293.551812622656,420.21965899878586,283.02265676978055,291.79597459433546,291.04487694638493,317.7134622697913,262.7160094567076,231.16353602358814,284.1793021181057,222.91073740368708,303.16281952097654,235.5151014030764
2022-04-12,358.2785899747066,371.0891204221209,358.9733379604417,372.3613704160096,284.47011463777824,292.4018878984437,421.0295307755093,282.40282443260685,290.52370049524063,289.94741101004445,315.6861005275249,261.1190061844581,231.21564531215145,282.68649182106157,221.07878118022728,303.19482036610674,232.96135814634948
2022-04-13,361.0163303078187,373.639806865784,361.81636724890757,375.01722213131154,286.4930429895287,294.2415158396304,425.71602302501634,284.4868632273859,292.4228294794708,291.81193828832886,318.0946212466563,263.2985764496365,233.46707842566138,285.1789491477438,222.5929504401538,301.43109716360254,234.75672479297484
2022-04-14,358.9145178546251,371.1167368661613,359.62409780269917,372.3784022267873,285.0513888078028,292.4853478180834,422.7088055722264,282.9941322687568,290.6006086499513,290.0795502299754,316.6080122532144,261.8729346065387,230.8670640720535,283.28209741036363,222.5866619013403,302.10571001028364,232.53257997908446
2022-04-15,359.1512958701162,371.3709812145511,359.8704687833863,372.6437152634052,285.0513888078028,292.4853478180834,422.7088055722264,282.9941322687568,290.6006086499513,290.0795502299754,316.6080122532144,261.8729346065387,230.8670640720535,283.28209741036363,222.5866619013403,302.10571001028364,232.53257997908446
2022-04-18,359.50379778158646,371.56670034410377,360.16360549029497,372.76863960603004,285.2691253470117,292.5679743347858,425.8818578074091,283.1587056976929,290.62168852956927,290.0559102721108,316.3854798253302,261.6305888635132,231.7769942057385,282.01188177834507,222.47353864830498,300.52190546526464,232.94344417537022
2022-04-19,356.5519025140553,369.1705773118609,357.44295838931356,370.645789859961,282.7701860405704,290.5348975017108,425.7421949358438,280.86554445176745,288.8243013868953,288.05409134247367,315.88031693140204,258.9828574920126,230.3449026457282,278.8366774306445,221.62214263827838,299.50654931573604,233.33965443131763
2022-04-20,357.9467384684241,370.56024949615016,358.78916069211414,371.98261896654964,283.9222743306636,291.67587751153565,425.29982636342413,281.9691040989022,289.91312243826025,289.3865171404254,317.73091835404546,259.97825269442916,231.37472894587154,279.61910287741836,224.508538052863,303.8154139508875,232.02276911508017
2022-04-21,349.17613788889435,361.1055661060962,349.8391704876101,362.3054169731377,277.02279397134714,284.28334235387666,411.80862669531246,274.989615446423,282.41612410279504,281.2228292087579,310.25208112622005,253.62794031453956,220.91797126154583,273.0203388549918,220.54493744532962,295.232432909742,232.02276911508017
2022-04-22,342.81969097006606,354.6009174769168,343.3565248768277,355.6589994636217,271.9927909203227,279.17850214894804,401.0910153499394,269.9037451047229,277.2479118464784,276.406045154303,303.6849704906302,250.17158137260057,217.46968552732517,270.98619237804525,216.2944861944536,286.8035607841145,224.7855375302154
2022-04-25,352.4715920418057,364.7616281725128,353.1432047695247,365.986044359503,279.354160808967,286.8672009553698,414.2273376453635,277.294637226071,284.98102510808997,284.6583260604813,314.8171253766782,257.8607687763657,222.85801173295164,279.606710663413,222.31539715973648,293.94166486632224,226.2009795167657
2022-04-26,350.4791199125438,362.0374877719924,350.8196593244736,362.8734369002081,278.1649335998984,285.1203917394107,412.04902895057216,275.8623962456421,282.95440321406187,282.9764584699828,311.376227563411,255.73508799425525,222.0035896540248,278.72474198184267,218.55610829638357,294.7955624492166,221.59891472512965
2022-04-27,360.88535781424264,372.86990720699794,361.40466565226853,373.91562634126745,286.1516705949408,293.36364563295575,424.6123016954597,283.9101432624712,291.2732062556623,291.79768470995947,320.42415019269015,264.19621299358465,229.14555214439582,288.241074914521,224.60321565655104,302.76303218159654,223.79153954318133
2022-04-28,363.866939788105,375.8482090585319,364.5259734207383,377.04390636738304,288.5336705084157,295.72271021358563,434.5122978877931,286.3848430831077,293.73103555372666,294.3064005372289,324.3118679396047,266.15376011147885,228.28685832619914,290.57522582789335,226.96349117455895,303.8447728594027,225.28798323783116
2022-04-29,356.9756835752504,368.7008463446528,357.431158722539,369.667089783421,283.23974136065016,290.27998354188134,416.7465683608375,280.9809911514055,288.16470375920596,288.8679261052936,315.67459372240666,263.4107483760231,223.0201224067157,288.5538742253636,223.39372891168657,297.6688667495965,219.85026060603002
2022-05-02,358.6838446288909,370.21102411114884,359.37062547519656,371.4174836982195,284.5961548988992,291.4621092244565,424.9842319471572,282.51395444957654,289.5297752217013,290.6845183402984,318.14920105108,264.49976914106526,223.32621381566707,290.85229097110135,224.35089890212984,298.0319003223186,217.13955217475834
2022-05-03,368.3693891521142,380.5815435829585,369.09520463551627,381.85881942215036,292.55331744185344,299.92837387472895,439.55854905060454,290.44046023660576,297.98245836359223,299.9789033952115,327.522405873156,272.6102650458147,230.7568907432253,299.9756404701502,231.5808047083765,305.89480129107164,216.8396402383785
2022-05-04,368.0371617043754,379.93256330714036,368.96700587943354,381.41562236302184,291.9933279279019,299.09153896706175,443.7299486344505,290.04026258083275,297.3066266953339,298.5756752682582,326.24763159379006,269.6161305339971,231.28845180276357,295.62370783952554,230.27556409973195,304.9423113622707,222.09561981344646
2022-05-05,352.78106230731413,363.6464710168677,353.2502458920278,364.59058564670784,280.3894735071424,286.78652387710906,425.39912942498734,278.1887977419722,284.7104239776573,285.7935473557543,312.86087030601004,258.30250857517314,221.21212814495524,283.3527810988139,220.91252871804787,292.5663242532582,213.7673033249362
2022-05-06,357.2565759581054,367.8336445174394,357.5794501143218,368.60810280542813,284.00500920030726,290.13738775789636,436.5618162221491,281.653570223032,287.89219579947314,289.5562870855908,316.72790334138745,261.29695288550465,224.2230692392446,287.20743787305423,222.55405389094025,295.7892979340421,211.47578109003763
2022-05-09,346.81229368162406,357.4868374879824,346.78154548434,357.8868223003402,277.02805907034065,283.3975865226031,418.4862696690633,274.5050350889919,280.97638367676814,282.4845546533958,309.8062075076126,256.11906591236647,216.38141294853094,282.18050927180855,219.2054825312916,288.2138719863161,207.32714003307763
2022-05-10,353.32154489371163,364.6087572132548,353.4436382403988,365.19788682941714,281.999343416326,288.8137758302814,428.4517996198679,279.5482994654398,286.48497824887005,288.5262175297833,315.9695567749378,261.4287946383,220.37197944843268,288.20387919931443,225.10240808887977,292.0912214384507,207.32688969666066
2022-05-11,349.7347948845745,360.1626587593922,349.6852299285713,360.5316358174269,279.81403408504343,285.9898687404794,421.4328199986069,277.2686645482612,283.5386598256613,285.2257477662157,310.97201034801594,258.2596835265169,219.65110267932596,283.94776648738906,223.07170830529114,290.1675047284796,207.82804481726455
2022-05-12,349.83004851488613,360.0704029084537,349.9827467588741,360.64855654441675,279.84552904499066,285.86303627097107,421.7925299238418,277.4649032322078,283.5821391601826,284.748232519087,310.46441891139443,256.97222796110213,220.8470355137019,283.68167978411446,222.2812901242047,285.5563532778509,212.0378034784569
2022-05-13,358.4272706341489,368.90366049885233,359.02590600245117,369.9692579774973,286.9019584313704,293.06561658814474,435.09823781519987,284.83299196065207,291.12273028817947,292.58378554964486,318.9073669161422,264.0797559585889,227.46679108760935,290.7467797609739,228.88032269558357,292.07596254704566,215.51390040935922
2022-05-16,355.020210082657,365.1549394967298,355.55412495201443,366.13673500529376,284.016036617651,289.91120518865284,430.26471061668235,281.91287267639916,287.92211803629357,288.7741851566759,313.7092484516724,259.9268250428536,226.6296331369467,285.0550716998876,226.3048290260167,289.5015737390468,217.94869620708766
2022-05-17,361.7954848421493,372.72583216610576,362.68267767992785,374.11956879428027,289.4357232472678,295.94060286540076,438.7118545376413,287.5753153383835,294.23168079463886,295.37087031759137,320.0898890738146,265.68938825639987,234.63391134963874,291.6987433970609,232.07421076314284,292.3647583065634,220.49614952939805
2022-05-18,344.3232856064265,354.6919332679275,344.8219873653168,355.6460696107732,275.79696907956156,281.98124677075674,411.7499041684736,273.7526695711876,280.06293043176913,280.51699372488247,302.9670584230536,253.1355335176673,222.7179591609747,278.96614672216316,219.23853671240968,280.7519828607276,215.05363127211382
2022-05-19,350.5368371731075,361.0342835265875,351.0088250612192,361.964834642785,280.30992375898427,286.5282094227573,412.1090595424545,278.18426387432027,284.52512429647356,285.3080331457987,306.1801236594353,257.9836800679291,229.67091450444195,284.1007942935965,222.71383611784566,286.38372672083767,215.76790866986744
2022-05-20,349.30128191828265,359.63461431707486,349.81658459951046,360.6046978502698,279.75834312807194,285.8773215254628,409.21985924637016,277.6912638452929,283.9331400742585,284.2431038881041,305.019288709494,257.2724540849575,227.7147966522037,284.0955976375092,222.28978337841477,286.4394572140675,219.23980930893458
2022-05-23,350.71234657423787,361.22936050897243,351.35805557629055,362.3470119726504,281.0777773343319,287.3506938194724,413.4246246525156,279.114406388531,285.5225097997206,285.71961251101953,306.87503468791795,257.8467964994774,229.28812237527163,283.26719910029954,225.0583215066063,287.88502072594474,221.43932798323996
2022-05-24,343.9514522714592,354.1827641577693,344.4086400345105,355.0864411197403,275.39463455622746,281.46126448577564,404.36470016742226,273.31498431449546,279.50105452668845,279.29116626848077,300.62938287860186,251.75629857167033,225.355878510048,275.0212588364888,221.236462210373,282.3636337569039,220.20360341539336
2022-05-25,345.4762432049848,355.7213201394584,346.0622954275669,356.7636565974757,276.6863232021121,282.7581931386547,410.59218263643515,274.7044119399854,280.9024967174605,280.64054008139385,302.25677925984525,252.5258190883092,227.10699313907674,276.0632731633896,221.95314215004652,282.3710466596456,221.75017509449074
2022-05-26,350.49826506796126,360.72658918120976,351.297139570262,361.9959911271196,280.95838188820323,286.99725634106676,419.06552945577926,279.1244611889998,285.298723369993,285.0761965459596,307.04099783691504,256.0246586486677,232.02158212010892,279.7434398204056,225.1741583603144,282.8676142262223,224.8422993797656
2022-05-27,351.1731019925177,361.4638257770561,352.1455355787989,362.9218866385286,281.8759725379115,287.9852957994001,424.7450945919024,280.19317686984414,286.4502975328995,286.4219943770183,308.92583301600274,256.12679031143443,233.90540255873327,279.8859866057024,225.4730606368505,283.582427485951,224.05700925157973
2022-05-30,352.288235874562,362.6557839746383,353.30676590931057,364.1665235689547,281.72921228635767,287.82935705145445,424.7450945919024,280.04145741117276,286.28872714271273,286.4219943770183,308.92583301600274,256.12679031143443,233.90540255873327,279.8859866057024,225.4730606368505,283.582427485951,222.54047481385072
2022-05-31,351.00927634644466,361.3331396147531,352.15379144367984,362.9771421740633,280.59221581222175,286.65808439026375,420.05156351838184,279.01363386914113,285.23232883528874,285.26232998087244,306.46282312063875,256.41429043712344,229.95358325529472,281.14341969988044,224.1608719509539,282.5006539104247,222.59768106608723
2022-06-01,346.8128984396802,356.900196673138,347.75863969710133,358.32107300276897,277.83210108505943,283.76924247356715,418.218594628661,276.1401754160253,282.21775856623975,281.97505461958406,302.61685118418353,253.20376775402397,225.80349309943938,278.5344277700267,219.98914958383455,281.82308065989156,222.5831520342506
2022-06-02,359.1475793910412,369.55555630555017,360.1944382828814,371.0975986370447,287.6572362137651,293.7705488019827,431.88287725141225,285.9589717679596,292.21993257080953,292.5674286285726,314.3689993407638,262.71996642933397,235.05982954885235,288.2358225350561,229.27916712467376,292.68309351538005,225.27234667743934
2022-06-03,353.213237914428,362.9126553520038,354.2109154316209,364.3712631805667,283.0428047466577,288.6201063894407,425.92263590040886,281.3509709545244,287.0563707408468,287.3146842730536,308.05918758998814,257.4309310601205,232.04734227560394,281.82766461243307,225.35161588443287,288.4914528044812,221.99511024189468
2022-06-06,352.37782211844024,362.249296828005,353.45945689917426,363.80541441392467,281.7865623113434,287.4764586757959,424.8275809357518,280.1502103840654,285.9755962824729,286.5585668639262,307.8754362299276,257.34009350160113,228.4337780508592,282.54903303519524,225.85133903296386,286.1354806223902,218.39170050279
2022-06-07,354.8583636208113,364.580253229011,355.8996765434424,366.08627065974974,283.87753967726445,289.43322944533617,433.37174421464005,282.1938011674341,287.8773622668344,288.81187557141016,310.90556678682634,259.1551236223272,229.64447341556507,284.55358359437616,227.4750517120895,286.14272949194947,216.92943651027167
2022-06-08,357.64962092997894,367.03548448692686,358.6102924815194,368.4400462999468,286.3642207456385,291.6383529919233,437.6686263258427,284.60257021265056,289.98982674810173,291.45334830907365,312.3213165105019,261.87489584102394,232.1279589608158,288.48830372386726,227.7476987922542,286.4765253754259,214.2071621109261
2022-06-09,352.5116700724019,361.6117527947575,353.2179433683269,362.73241832514174,282.0604869121172,287.1228857531126,429.74869900877735,280.1191821409088,285.27561242929704,286.46373296869217,307.2863868741173,257.8019352523619,226.64917866194995,285.64333503171804,223.07699302256032,281.8316448052283,212.75906364407464
2022-06-10,345.71520893399025,354.5021476331651,345.9491133168632,355.1053016335538,276.77247658209257,281.6323771934037,418.55767390998835,274.4951661383749,279.42091598281564,280.5941427637103,299.8918296446552,253.80187261016442,220.49516365012857,282.57030783824814,216.91820167028743,275.602934085631,208.31508937049122
2022-06-13,336.08744946344484,343.9901998603668,336.0825189549814,344.30183736644307,271.04715724574464,275.358862136321,406.06638512061784,268.70389173460944,273.0582682825813,274.474841678086,293.8099947892308,249.05850420903084,213.41364773493626,278.4141311577594,213.03294579733688,268.4578667981243,201.36612553683557
2022-06-14,342.90688667754597,351.181862452186,342.93467102146764,351.54345996941925,276.62120811962956,281.20098834302433,416.7069956701572,274.25998644752195,278.8909997711157,281.18582381984965,299.9024341928408,256.00967836362247,217.26549275928284,288.3628979684366,216.13341522408564,271.8852655599922,198.8241189470051
2022-06-15,348.28879978702344,357.13074902283137,348.34483937926535,357.54563201287436,280.94866947150547,285.96351865927136,419.31024765407574,278.5730878161525,283.6533423364509,285.95496753574196,304.94249692957806,260.1759605586709,222.85277489585442,291.17748746966026,221.59519932420548,276.2663173649846,202.47113230549178
2022-06-16,334.88150564891896,342.91252363802016,334.4387548830914,342.76190411386824,270.8888291917701,275.3629981126043,396.14642351314353,268.2152159115057,272.7172009210265,273.9278260923236,292.61763137057005,249.7953273695886,212.19713661164877,279.59736848577865,212.80384092539543,269.8459359925549,202.47113230549178
2022-06-17,333.15882392487765,341.7301568274742,332.75744715177217,341.6449837108672,269.3954050090599,274.3265807668185,390.83320146856704,266.7651826967214,271.74096470907807,273.42129810388536,292.35286569700764,249.9450799450313,212.97135998285174,280.15907633341214,212.58023245831316,266.7875634517667,197.8921349488883
2022-06-20,333.3006701695227,341.8812484010107,332.90457155765694,341.8020797828245,269.2435384230469,274.16574846560246,390.83320146856704,266.60878349509284,271.5750101203651,273.42129810388536,292.35286569700764,249.9450799450313,212.97135998285174,280.15907633341214,212.58023245831316,266.7875634517667,196.4418814149702
2022-06-21,346.9500601134387,355.954143149693,346.7690801557874,356.121623155365,280.5669693611284,285.76844200907533,414.9480513570721,278.02586313502087,283.28798908836154,286.23370947901714,306.0371661397905,260.2846461409596,221.77231097402986,292.02192560706885,222.01203859038495,280.30252799131637,196.85483928708584
2022-06-22,338.4397336478033,347.56705000955384,338.04913686384634,347.5157315936293,273.92655854466346,279.3020639402009,403.8811777052472,271.2766848872701,276.7107342448057,279.10232682729156,300.15638878674105,253.56697983047437,216.30623547604984,283.6168953385864,217.5763350591451,273.6717260407028,195.95901584804568
2022-06-23,342.30118527287283,351.81878335379685,341.95557696765,351.83114404157635,276.43930665130404,282.07827547301656,407.77450901550276,273.7821227650781,279.48808884777753,282.325919588934,305.12519315521115,257.0731866978411,215.03745843894927,288.6590778387589,218.6352905551489,279.7569031111564,194.66488883783376
2022-06-24,352.7195932131975,362.4273480460137,352.6645766988541,362.75829944757953,285.01169534380153,290.74901350177515,422.12038801975604,282.52911782851197,288.3493426522417,292.0082154810909,316.9889061994829,266.1616547441584,221.3271153718429,297.6631862330256,227.08154377257608,288.24683799954596,195.29198054200054
2022-06-27,353.4981806462712,362.9641759533897,353.4793414342194,363.3239115858695,285.91425245825235,291.4613142306136,424.95444823676564,283.4648981862251,289.0908301909684,292.5238200799211,316.4197625778752,266.1049720705921,222.79217473374834,297.9491058843145,226.3820191075614,288.16385670295955,197.52513832413052
2022-06-28,350.3876209821414,359.35867329119026,350.283633344348,359.607155392348,283.55228141782624,288.7160164520701,421.1997987511509,281.05811207307545,286.284807290428,289.6203709460306,312.53474969056094,264.25894363986157,219.4146816792172,296.15276595084066,224.49881119342248,286.691820394435,196.08403338257125
2022-06-29,349.7305366884788,358.87060228296497,349.53519778259596,359.0284432242278,283.0335351441707,288.3436300833318,418.7042413562024,280.4680518204345,285.84148564982786,289.429644139728,313.07865819397813,264.55484413352093,218.5184159651281,296.78674105471345,223.69083849034598,287.217451727321,193.8607433510598
2022-06-30,341.3267992475893,350.56576609335457,341.11224254147913,350.70715762169084,276.3181110662171,281.7718731241309,406.17816283325476,273.79693822868217,279.32031412911806,282.5297815347638,305.8192178219036,258.88704068151264,212.89623686636165,291.2399408898352,218.16998792536572,279.7981145476307,191.62501568348767
2022-07-01,345.8085145840574,354.9362487495402,345.5944114100799,355.07359476101067,280.220571434068,285.56816123796074,416.1635551461204,277.67739514252133,283.09046174870485,286.4894606485089,311.61264952158234,261.7664307226756,216.91635807234547,293.53234176685095,220.94992430206725,282.3863841915451,193.12064666820953
2022-07-04,346.4743945526963,355.64599162100075,346.2854740185879,355.81201297486706,280.07269500032936,285.4114348666621,416.1635551461204,277.5249994050424,282.92862158947196,286.4894606485089,311.61264952158234,261.7664307226756,216.91635807234547,293.53234176685095,220.94992430206725,282.3863841915451,191.79578354078913
2022-07-05,345.9005448207124,356.0063270389208,345.7829748845798,356.286421026991,279.61833471336126,285.74116553774087,419.3002477629946,277.1343585395343,283.35150550602,287.0284253230335,312.7831758697139,261.6755343034359,216.38397148438574,295.99419346843234,216.34012113674657,284.6872714535136,191.26681124583905
2022-07-06,348.84356617536343,359.21102748703026,348.90906976194157,359.697928051663,281.78126410180033,288.08928143373925,422.7489258501319,279.42293536749816,285.8399615361985,289.48982117300363,316.33546777252644,263.6215465035272,217.32987065524267,297.7191791786591,218.75663835741483,291.16377265451297,193.38161043398964
2022-07-07,358.67296523632433,369.0676385625302,359.0042767602283,369.84029797904356,289.36116632492235,295.6031915745797,436.39640336683397,287.14497332735624,293.5045200293584,297.39064115228007,323.95951950374507,270.6701511075918,223.16175263313366,305.5303837099477,224.14126128312697,297.95585782674203,197.55004730586333
2022-07-08,353.2026362857789,363.0942110166916,353.54087799037137,363.85339210357535,284.9150226449357,290.77277553791174,429.17801359173524,282.74154321216736,288.70568998371607,292.14422655135996,318.7499437397848,266.35665031333315,218.17647190387382,300.63048144046326,220.88073059337,292.2497385154642,197.1263297397335
2022-07-11,340.3243667119746,349.62061580034583,340.44070239035824,350.1179054000629,275.1736962434885,280.6621452256526,416.44241528567505,272.9259056914108,278.50186153411573,281.5576419728392,308.94273872526736,256.6756276678375,209.43414386694005,289.08488482235293,213.0669392374831,280.98054256605434,192.09813305246286
2022-07-12,345.0809980787494,355.3332988378489,345.1247416757557,355.79242491896923,279.270214954076,285.54029483220114,420.80430432457894,276.93701950390573,283.3161909544198,286.7827945360646,314.8272881812665,262.04037104092873,211.31101414826378,295.68673765648714,217.60850348980227,288.3218197278444,192.73207090041598
2022-07-13,349.1700655861604,359.482965059247,349.160980059047,359.88781802773116,282.0891497291889,288.35158215654656,424.1814354851725,279.6684352452065,286.03448004146645,290.00438350730195,317.36149703572926,264.5418807098091,215.52580077293246,298.87464519129645,219.93323405709498,293.0829022943204,191.10646252014115
2022-07-14,342.6900128440129,352.7345892155438,342.7315702048586,353.1828672969589,276.5531906142347,282.61624609819745,418.13401588692744,274.2100982754082,280.37415525992884,284.0027194734484,311.6299544631662,259.39295808009166,208.51915227428148,294.2509374635909,214.0403944497945,288.90434106017426,189.22948531317422
2022-07-15,349.65230026237174,359.9295743583636,349.9111441652822,360.6201069561224,282.1863895419898,288.39739479158726,428.11516470835375,279.9762447432161,286.3028842907921,290.51019635312025,318.596852145503,263.63480805274054,218.44871753788468,297.46686984130133,220.16411016640345,294.30537081377037,189.55147109674857
2022-07-18,351.76586529148494,361.6463733872761,352.1264770320526,362.4292095804381,283.1260483057624,288.94401977128496,427.99090538823,280.96152341704095,286.8848604538672,291.26359382222,318.03762733202905,264.70009424336183,220.84556215430186,298.1093516452041,221.17888792706015,293.4814886371696,188.76782541569023
2022-07-19,360.90865349994067,371.1131835399527,361.5313110208555,372.1896750802465,290.2742694038182,296.2863873126333,442.7997320242601,288.25641044519784,294.39098153251115,299.132953664847,327.783504883799,271.5914593530753,225.15722729086755,304.2461367121146,230.37689389264062,300.77993876520173,191.9339792762668
2022-07-20,359.07297553188357,369.2898786661584,359.81252230596186,370.49219930937625,288.8646866241279,294.9037068819272,445.55869816446216,286.95883335007665,293.1282001034576,297.34068146727736,326.5292204299497,269.1664614327052,224.602375347754,301.3367619480205,226.6938631423267,299.6275628720254,194.7042551216286
2022-07-21,364.9079461835131,375.7693269254437,365.54108101963527,376.88512093580334,293.65454073636687,300.1949693357538,451.31053485251977,291.6226625818574,298.3037532405638,302.9822757776536,333.4904561553073,275.051064049371,226.90681614561154,307.9667200789343,230.70566782046234,306.26717384874684,195.32084631865024
2022-07-22,363.79244794966337,374.6882452015888,364.27446780230656,375.64358041344354,292.88568997322886,299.47044264073384,448.2901358310488,290.74047578854294,297.4599036488171,302.29948702325424,332.8923534142661,274.6127529386527,226.0024236156203,306.96104021714126,230.85732848067337,306.59095256884245,193.53234048506403
2022-07-25,365.5406450448568,376.2342248291546,366.13347296647925,377.29964565411916,295.0205173646875,301.4714047954973,453.01146554952714,292.9786033572927,299.5666609127531,304.47327956081483,334.49895127201216,276.2818970127652,229.83549866512595,308.04162087286744,232.9070672923145,308.20022551380345,194.6723362245342
2022-07-26,353.1825442348657,363.5910998946661,353.65521184871756,364.5164882650596,285.01587970260533,291.3105051291206,435.4716021311624,282.95867367288844,289.3825078237259,293.44669219165445,321.84062146344223,266.1936904466829,222.57422367903752,297.7921818955622,222.7540104107176,296.01229572013534,192.8059663416733
2022-07-27,362.18914233838404,372.7322934285227,362.8981019784034,373.9160707243803,291.704745358496,298.0143886662588,448.13275477020136,289.76284051318476,296.2107945679204,300.24134743607146,329.13036796572135,271.49220317433105,228.65994785140336,302.7066801143468,228.50598834005442,304.2423524105683,198.29159809948928
2022-07-28,358.8889517419817,369.62589807721093,359.5770072766532,370.795962876018,288.73122807526806,295.20468453082276,443.2519031307139,286.7845850241105,293.40141873141886,296.7621278104411,325.3058933963632,267.45310104094517,229.32175653638555,297.70453776385096,224.61973873755534,301.33540956186823,200.99952261431895
2022-07-29,357.68871451794735,368.33808946917526,358.44884543435086,369.5817694861458,287.874272791139,294.2900474807273,449.2816465874578,285.99941672962564,292.56112189626,295.89319744663584,325.6666646154182,265.7784266423896,228.9237578637583,293.4424882080779,225.94421477546643,301.38970366365095,200.56548419963377
2022-08-01,355.12812450544857,366.16011730377164,355.73675455487694,367.25824005787734,285.98637701806376,292.748420717942,444.6653273475726,284.00948841631504,290.922814036272,294.038183408284,324.33329307265086,264.0535221687596,226.56591207767264,291.384067754059,225.28369463820516,301.87393418565046,200.91900633104999
2022-08-02,352.9196083611699,363.61022124605654,353.4869473758522,364.64948359988966,284.2711702059074,290.7684435028803,443.99440770947683,282.2775119695445,288.9153554685518,291.65177401390076,321.7536674332494,261.9082944299567,223.76572640416424,289.90148254868495,222.76609178469946,299.2864742868888,202.2193685615387
2022-08-03,361.4833936219799,372.9700261790608,362.11491745795314,374.1116566645931,291.3006047267936,298.4101924334522,454.1559783567807,289.3047400768687,296.5773101566444,299.74052444840527,331.0380100733302,268.6905187075038,230.47813884122655,296.7825102718082,229.84625690491322,308.2652568229521,204.88050113458667
2022-08-04,363.843176506808,375.8753994053331,364.3259685436766,376.88056964697165,293.3705611877768,300.92915474922717,449.5727097850927,291.24019628939,298.96882056546985,301.3453822485468,332.2492788111304,270.60074778274867,234.94817799076802,298.3360616568194,231.71951662328846,309.46634261693185,212.6390536489456
2022-08-05,358.86300331166336,370.72660119420675,359.4927590784121,371.8830634391327,289.0296841905458,296.4598151796774,444.95126769413326,287.04559865880157,294.65061847187684,296.56767987415043,326.39037137908707,265.9704185017494,230.94931605194643,294.3132703023255,226.60289954163972,302.2975482646812,212.86795104187354
2022-08-08,358.7952514978721,370.3860872327501,359.42959034724896,371.5356912109714,288.8261394968322,296.01994323943995,441.0993947493005,286.8414376321367,294.20170767657214,295.59081714766324,324.00912933730183,264.24171835829895,234.47890132270405,291.62188164280474,225.13278614069648,301.5293567656393,216.68901836823338
2022-08-09,353.46584552339476,364.8404961810787,353.98945501585945,365.8622134492282,284.78608630089377,291.8529274253226,436.7749479081968,282.7549980483079,289.9799767128305,291.183062591759,318.8546932339744,260.3372078115584,229.94077397950971,287.2146644995654,221.60569613230575,297.3727370787559,214.91889229024505
2022-08-10,361.12825147794297,372.84967324473774,361.95641162302553,374.21299384194975,290.7965680254489,298.0892255639482,446.13256968094834,288.95970233398856,296.4327062253351,297.5932602433492,326.8250901253515,265.76306015751084,235.5858550165778,291.7766136562243,226.91644227384091,305.5778702510489,220.26400983927795
2022-08-11,360.13551585668284,371.4932836043821,361.0411547498311,372.9240930886073,290.0273238508916,297.02635107995474,447.76694806860735,288.2627333438799,295.43641227103655,296.79493977488966,325.0762088163166,264.71197115215506,236.17969140953,290.7433049041603,224.93222367571488,303.2822686780068,217.88012418483032
2022-08-12,369.05430646457023,381.11616918394253,370.0243880588579,382.6461523621398,297.13759878983547,304.65683839938544,459.9765828832891,295.3617612316476,303.07468020060134,304.41896290476353,333.02379063470136,270.5371804210183,245.19619077480485,297.2984412398876,229.565186180716,309.83892275577773,223.91189778444001
2022-08-15,361.6990870001975,373.8657882418708,362.7729729142648,375.5129613672688,291.2923664492238,298.95384367927915,451.5528763157585,289.6567353641368,297.525852007464,298.0808073268215,326.94739320681106,264.6003551973442,241.4334043679124,291.6241602956625,223.5730917261038,302.04273781560426,225.99967424391082
2022-08-16,362.78086947298095,375.2932105259054,363.8673041018012,376.9691485052926,292.26961446938185,300.21832575326783,452.98325064323024,290.64046712240315,298.8079478158417,299.4573420809383,328.5919881093582,265.8814271492436,240.68350996717092,292.819985355398,225.84484862812678,303.57991148911924,226.20587284400054
2022-08-17,362.9873041613655,375.21867514356427,364.04694534687553,376.85317058447737,292.60046469020784,300.325256562825,455.535882507304,290.9532470284429,298.88733980023545,299.6108986879728,328.9503625773038,266.66595705396963,239.59994704907447,294.2108497201004,224.9887399643252,303.3886891782247,225.6511563933974
2022-08-18,363.43534911220826,375.19974253420065,364.48703757990137,376.80481861638356,292.9843194423269,300.3188895247026,462.50585918872673,291.32814598802366,298.8571306444972,299.66260208834626,330.05658242007786,266.60706186988546,236.49284278010558,293.87933208357435,224.93606341058842,304.9661643486317,224.94912902503756
2022-08-19,356.6246445299435,367.9217389691197,357.49115404023473,369.3078595172427,288.4123730475068,295.4646726541094,457.5666283488557,286.6810288601944,293.91163943486737,294.9090254491904,325.5351901054597,263.00641372982,231.24187327955767,290.21331963480674,221.38978376710963,298.8664322078177,219.53188600174488
2022-08-22,353.5149027185884,364.4677612040095,354.3415184875726,365.79626002641623,285.52061887639127,292.28154050049113,450.20931562953155,283.7646818592188,290.6912901241923,291.6041472063722,319.82648181374714,259.83798466352755,231.14294980196877,287.55186989780583,215.8893304179384,297.9882633541019,217.729181870112
2022-08-23,355.4957749161656,366.21930401743987,356.3407733548946,367.55727998378285,287.1420274962746,293.699773631949,454.0506755485371,285.38842738879055,292.10493059376046,292.57856718076437,319.2108578858323,260.134784661708,235.65915286395102,287.5464206472589,215.64398675327695,296.8379630922653,222.43189875787647
2022-08-24,353.07008236295263,363.5484540573239,353.91560920391913,364.876519512821,285.28761548420937,291.66385493460643,452.17356329334575,283.5547523592237,290.08433547179834,290.1310191643125,316.70112128241277,257.87234324495535,234.86259882543257,284.48323294806136,213.54136594843607,292.8506460186769,224.4363431892176
2022-08-25,358.48449382565445,369.59618104874374,359.4923839478665,371.12549815283694,289.7109184661437,296.58233841650497,458.71875473127693,288.07759372535713,295.12731147896403,295.4493307713285,321.44712109341185,262.27706022587097,240.93890790624482,290.0340530297708,216.15173552322992,296.7945551528148,226.00206472791973
2022-08-26,350.20687633442907,360.85839473778327,351.044001625709,362.18502367745117,283.45858359412915,290.02970627730343,445.3658523060058,281.7549801387456,288.4879090220193,288.58855938881413,312.1478288385893,256.6309000425045,237.47566652523568,284.8029186114907,209.117718440267,289.69311259999546,222.71948008138165
2022-08-29,347.27106485383945,357.32748540702903,348.1018155862339,358.6215170998143,281.06927680990196,287.1616887675583,441.13543808303734,279.38005114955905,285.61761234585407,285.42102687627533,307.8767762398366,253.38008702322347,236.2839101112323,280.0884035190185,207.9423532759031,287.49102040300704,223.0183655217929
2022-08-30,340.9367082342,351.2132995374889,341.7123387964766,352.4585700687109,276.0857208856056,282.4132895105765,429.88147474209165,274.3987823299854,280.8795075219667,280.6029742356358,302.80609714407495,249.05348792576905,231.72156340078723,276.6189761082007,205.5430675823347,284.4257601773498,220.03390185184531
2022-08-31,344.6790811600865,355.39265951282135,345.46335813805734,356.66590396446657,278.8945338166349,285.54851130025816,434.6899147873425,277.18172940920437,283.9992805508228,284.1366880226142,306.57292089325875,253.36447896275746,231.41774890746652,283.3554597513756,207.62971479957133,288.0300694402304,218.88086640522656
2022-09-01,345.9851331455571,357.0400693824903,346.7857565018708,358.3456501497233,279.8248427850278,286.747156874864,436.68318032737614,278.1124574385916,285.2081682597378,285.21824891172156,308.14202230450474,253.73932144240666,233.95061256056616,283.9383985211755,206.85015281780562,289.2279841242253,220.89645304453308
2022-09-02,349.79166433516326,360.869790303348,350.4779779358283,362.05311207696195,282.98506927587584,289.90668639707764,440.69772714529194,281.153901780151,288.2412420641798,288.38833194048095,309.20440213469453,254.8238628512508,245.82675907299335,283.3977522223707,207.9888785012086,294.41446611614913,222.07928776454438
2022-09-05,349.7852138330485,360.8628795560994,350.4712661944003,362.0459013324775,283.20844110477015,290.14467515878687,440.69772714529194,281.38470524924634,288.4877228697974,288.38833194048095,309.20440213469453,254.8238628512508,245.82675907299335,283.3977522223707,207.9888785012086,294.41446611614913,224.35814063239255
2022-09-06,341.19728083202085,351.89320984326895,341.8354505531587,353.0090752274092,276.55779611840126,283.25177096472765,430.5035331857504,274.7630002448384,281.6160631674617,281.5714393939492,302.61344286657106,248.5589059127167,238.36947235609318,275.78694883001975,205.60286235818586,284.9032077993239,218.5656006618228
2022-09-07,349.30933141068385,361.0694814179317,349.90114025330905,362.1808580354305,282.933141130421,290.45125371250407,442.1762720708827,281.0375889497267,288.73832007919617,289.33994304513766,311.9978648273349,255.1667472611622,245.31684925546907,282.56051769516404,212.66272746072067,291.78992264732466,218.5656006618228
2022-09-08,349.69387155542375,361.38706505340946,350.3831994222843,362.60049100694965,283.23534133413904,290.69425703371246,444.5014457024205,281.41831152821493,289.063307857453,289.6122611329668,313.0978545290882,254.82489714224695,247.564603350146,282.0265381275567,211.33772363973273,293.4035254184286,219.2548825621888
2022-09-09,356.056273533251,367.69305443637904,357.01836887504595,369.1969226855645,287.50743481184736,294.81751131904446,450.84694844455066,285.84534506819426,293.34770475473294,293.6451128618607,317.668779090718,258.34172663760324,249.26650095255823,284.67242617605524,215.78448576467127,299.9586324381656,224.66715287991664
2022-09-12,356.55815027658605,368.16365663172434,357.64873200847757,369.80426036444453,287.56531845809377,294.82286183121903,451.1345003439803,285.9949373980564,293.449184503237,293.6872321361807,317.4396744373119,258.392246466074,249.37842745696543,283.46855529646666,217.8726186921643,298.2191137429842,225.24532146392121
2022-09-13,340.628896835233,351.3024242364085,341.37845102696593,352.5369474147506,275.3553706562699,281.9865106762182,427.9930256381222,273.6339173619378,280.4267084238974,280.0452543103867,302.25925355929775,247.24669867797235,238.6495145289635,271.7794960428556,207.59966884470856,282.74996171752036,220.38686413520287
2022-09-14,348.6098231713833,359.4528037931981,349.4838818745258,360.82758764248393,281.8812462521193,288.6052796622868,442.0287858022909,280.21109766641763,287.1045251400193,287.3238320611154,309.3607956253586,253.38973767689734,245.68688286634827,279.2568337400745,212.01242675150684,287.7890199611192,220.35573344618751
2022-09-15,342.10606234743636,353.12263287093634,343.0329992358961,354.5625863891382,276.7644014939475,283.68605897374255,431.83854063452986,275.18790724797265,282.29173443886,282.30603597859454,304.63883731608996,249.54406801470174,239.3197804400705,275.1034438262601,208.75522960199237,284.47494847216785,218.36031285773294
2022-09-16,345.10259373061166,356.08752301711417,345.8656850255406,357.34956599381957,279.0706934426601,285.9381376135911,433.6836282612015,277.3329011181323,284.36978629746517,284.707426362022,307.1013867046329,251.45286440543342,240.98275368639054,278.6625356009071,210.51138918736663,288.3642063742067,217.21755515460836
2022-09-19,347.6319340290264,358.7563284274236,348.4761982137447,360.11140977566873,281.3094515479556,288.28914683936966,436.39840560475085,279.628433515397,286.7857996731024,286.6322234404323,309.05939665909733,252.530536466056,245.72924028631923,279.61551808825766,211.82240982413018,289.22267879898857,223.2096246132763
2022-09-20,338.74094338683136,349.5986318879775,339.49984339747033,350.8513015613756,274.35862279270594,281.1907406664351,425.983439306791,272.67561963338215,279.67894618880774,278.84358843107077,300.0990619974419,246.06012635267624,236.69108966113157,273.48936546919157,204.58869162598185,280.92886913489775,223.55103048639648
2022-09-21,332.7797086164987,343.3904432492165,333.3094209209154,344.3866539118323,269.59542100129784,276.26484869515525,416.50117667600017,267.76393783387874,274.5878538885329,273.48022962250064,293.90993755980554,241.1151337474688,233.96850560929613,268.04869762822904,200.62916461885285,274.4503341663171,222.0168145975719
2022-09-22,333.98929034291507,344.55627931376597,334.5029133057708,345.5332121280613,270.06779757221824,276.65923547189817,415.45510770191123,268.1978904868426,274.93851585905753,273.36884965339266,293.6007361675167,241.34566075164537,232.08767014551185,267.59352179664245,201.21122223941447,277.0032627785362,226.41375490053264
2022-09-23,320.6395765816705,331.0890948478457,320.97495248660573,331.8706393472692,259.0295280397902,265.59618800778117,397.0691705648077,257.0948616656232,263.8036403807773,261.74635423839555,283.0754843912498,231.91619016400477,220.1722549832312,258.9738282812141,190.2856487760295,263.76155972413466,222.2657801364432
2022-09-26,323.6115677920647,334.34412617305827,323.8662918046386,335.05075127830037,261.2835057782166,268.05660832244115,402.9433641013809,259.2563962620716,266.172819960512,264.96867156952635,287.1397323977209,234.87312018084046,219.34296707304517,263.2146650531296,192.62763438386796,268.04838465702403,216.1203325641696
2022-09-27,330.47596901238194,341.1351997685291,330.6648025944258,341.7674068398339,266.8494806328766,273.51687415910584,414.195822117249,264.7207744238938,271.52189864409405,271.0073169275112,293.02302195653476,239.84136390124337,227.06259069376586,268.1665425251646,195.76324282384695,271.5507088475333,214.05957215366888
2022-09-28,336.1251772416622,346.6676190526478,336.2974982567876,347.2768774353665,271.43856500176116,277.97242527039094,424.8828796029571,269.2579069151921,275.91829199232285,275.64061421368615,298.61959092131076,243.11204302929514,232.92640438208073,268.8969050745148,200.66621024340088,277.60667379567656,215.39481504880183
2022-09-29,331.00170859290915,341.2613381329099,330.98613176339484,341.65722918815885,267.0709540106053,273.38841833304633,417.5386488348317,264.7619806130624,271.189135560629,270.83666703560976,293.42086510377186,238.8370941975086,229.6884572105245,263.192116375239,198.11967218069898,274.1813424957862,212.3868067004766
2022-09-30,330.4693998525418,340.9317887676575,330.3804359471411,341.25726792475166,266.6573255827992,273.1483321118553,413.60076174541547,264.2914848000406,270.89406755624725,269.8466066743909,292.01778564014495,238.69640250790138,229.9910791678354,262.75537257835015,198.66050916155604,269.8083544933863,218.15407655220946
2022-10-03,340.2422767387736,350.8318363285911,340.17390025792014,351.18441267029107,274.7104386104688,281.2524914734292,429.70265101947166,272.29909950599404,278.95306022376104,277.3894041026108,299.9089063019077,244.19858818105976,240.05241861827633,267.0243569152481,204.19238056280702,276.877589047489,228.95738794953
2022-10-04,335.7332875767348,346.17571358809556,335.9197059682531,346.79592915275794,271.0530535119529,277.5016508484405,424.19601175312727,268.8845098118722,275.4574562192193,273.60300279774134,296.2990490066224,241.25289633821882,234.45300013132123,262.7302146855131,204.3729978438603,270.70295656430426,228.90646015609337
2022-10-05,335.2590373865418,345.3209538626906,335.46788990718176,345.9493510990172,270.7211109257757,276.8589693587123,427.7301680711549,268.5761390129184,274.82930375006856,272.7675007134864,294.9081415009062,240.25447615112313,232.05283702935503,262.99013814458016,201.73353110807253,270.5433880285745,230.3316214787581
2022-10-06,334.27418809904646,344.02317186296517,334.4107492245946,344.56097773742545,269.9626461352677,275.8485318147393,429.27456994732074,267.7654631464582,273.75450473156553,271.37964978357905,292.1139158378304,238.51886969731515,232.91508239845723,262.40651562771694,197.814697767976,266.5266080456277,232.413577058096
2022-10-07,330.3282812476059,339.3582393496729,330.39143641450806,339.7876250653073,266.81718373752454,272.1325453527992,420.7269406682266,264.5874536916522,269.98404649453016,267.54961678371444,287.1234970949105,235.26658224688393,229.96434483601655,258.72278333742656,195.32281967536667,264.42129571804065,230.08188006559013
2022-10-10,325.861255097763,334.87531370632814,325.996906726088,335.38173513700355,263.3248359910672,268.663929405368,413.6471979817152,261.18997567526475,266.61648981073904,263.92959720064295,283.7177693174457,232.00157742331277,227.78888497674168,254.42109135309119,193.91316544323593,259.4506483886656,229.88745681596137
2022-10-11,321.51381441256876,330.6181064928141,321.5341036699498,331.0050279410808,259.74674616488073,265.1862695951226,408.86389128105316,257.54369887185476,263.069136093761,260.4634777545156,280.3547816579397,228.47200166738818,224.7536909896021,250.78477894826426,190.6865352858376,257.30645203579184,226.392985458787
2022-10-12,326.9454766542883,336.30852375261827,326.8564726167238,336.5889274117729,264.0441444393404,269.6574998105438,417.777903833021,261.7097192758343,267.40712895663165,265.1489603659343,285.31046204248275,232.82117265103025,226.57362076337705,256.0308699202477,194.5632671136203,261.8824325852653,226.392985458787
2022-10-13,331.453662255034,340.8357158577324,331.6252291292126,341.39586372319343,267.70667567493086,273.3069689653819,430.35395870882434,265.558732554377,271.2553303871618,269.45741854422585,291.43834513841045,235.5885683917601,229.20038728832063,257.01153683941146,200.69726576979014,266.5473699019686,225.0229375843822
2022-10-14,322.5905561945584,331.87198046243867,322.650840276733,332.30918446316645,260.438679663156,266.00775757388465,414.9224696639537,258.25584995139,263.91674150516593,261.9858197112223,283.9802668891889,230.43149386501747,221.35114122401913,251.19973477752734,196.11005384997395,258.3738484915747,220.60378481493848
2022-10-17,334.342589121186,344.27046327961637,334.66151176295443,345.0110337606835,269.9696153266861,276.0012787799146,430.22572204127823,267.9220850742402,274.0714648867942,272.6349621457364,295.17106748429154,239.54716440679454,231.7230659733597,260.0508181172613,205.113241595858,266.9952621771302,223.8242363037104
2022-10-18,332.31834098037376,342.497777537503,332.6508815642476,343.2636992248214,268.48359590035744,274.74799093763477,430.2180710951065,266.4661764894188,272.85801901590816,270.9843562310634,294.912071385859,238.1751007061866,229.82278490228828,256.5710683980511,205.43439948365256,266.0606941003471,226.83852705916684
2022-10-19,327.5174297317482,337.19814000225733,327.9215900608121,338.0201286359773,264.63254173159936,270.514826606284,429.8305619260506,262.7088246804799,268.71096265828635,266.4916982196362,289.66896995396553,233.0792049528224,226.26170034019694,250.71717142562986,201.39477053785532,263.40845589978596,226.8354182357864
2022-10-20,329.01595036278167,338.70145546669187,329.4289673564349,339.5330371587027,265.87868070660386,271.7571553424896,430.43548768414286,263.95314683835426,269.9514190218757,267.8641755686205,290.11110851864464,234.84132338756888,227.59658798369898,253.13174976041662,202.3161207236911,264.46246026802675,226.55051382100692
2022-10-21,332.0540695673696,342.00767293566287,332.49075222149145,342.8758153223896,268.46721751998956,274.5574627408438,437.02350972724196,266.54477785849997,272.76278346933304,270.2291375762175,293.0243073159245,236.23783062874892,231.10514803350634,253.11636864556283,204.15563617216733,267.09152204856565,232.86072963240719
2022-10-24,325.2197201617648,334.8669222010558,325.5556813941043,335.61448419151924,262.7421176679676,268.60955507202726,436.59733139926686,260.77627074234016,266.7599367797404,264.32485478890095,290.35792214260425,229.47276561634578,226.6422736950959,242.6255803647519,203.53791752634686,262.3758663019398,227.33029173820628
2022-10-25,338.3471426173356,348.50417785896013,338.8264823109272,349.4261932722256,273.0733094765018,279.2607021025191,454.3079711111012,271.1274185253952,277.44506513707427,276.157860574636,304.1922583463506,239.68974083229662,239.78528493845394,251.4179305718252,213.48031546153007,274.3897207440497,224.65386356329935
2022-10-26,342.3260732749089,352.2886872171067,342.85912954437447,353.2596942044763,276.03716447312235,282.0200246502714,452.6485314170627,274.1003374760425,280.20737533228385,279.7234274014673,305.77477139906813,243.01441619152513,242.42954606416004,255.99414814332025,216.55506644489094,278.9472907468748,219.58796641783582
2022-10-27,345.28227777946194,355.1505461076523,345.7840547929741,356.0837562635999,278.6262876353444,284.52348129154626,455.45238792848295,276.64961701183705,282.6657884110274,281.8809190094277,307.83032653212433,244.558034427516,246.50679739932312,257.0178356031518,217.8277445060018,281.94066930461923,224.07638457516882
2022-10-28,344.8572825922015,354.9572033693781,345.58715962679844,356.1446346256371,278.196969685055,284.2846773739922,460.38477582981886,276.4102230800467,282.63570424219915,281.3975359560423,309.318121187352,242.90203039837525,246.45581356334088,254.41703494801226,218.49068511986317,281.11205593165454,228.0170301304778
2022-10-31,340.13125804142965,350.27486311615326,340.9026443759962,351.50914767688477,274.3906899954674,280.5470343342372,454.4248366850166,272.6714850400744,278.97193693192946,277.0367569956371,304.14135583663943,239.23749751965636,244.04796289022127,249.8213034981882,213.47199380152807,279.68671976115394,231.4170282234626
2022-11-01,337.34082002457615,347.27688175571603,338.1392770264756,348.5314274201546,272.27721313430743,278.28820784367804,444.2678955229721,270.60450367828173,276.75717418359096,274.4177911042398,298.97903462079444,237.29633690284996,243.04696490519592,249.58492157024352,210.96010425816957,276.5868555904409,233.43504519118446
2022-11-02,330.9793202880297,340.3958813345966,331.69892205390306,341.5438469008569,267.1841572838121,272.8076148850811,428.8706279108567,265.4912875940965,271.2405227498019,268.45049646881586,291.26287782846845,232.8296652472055,238.01037247192727,246.48850188494112,205.03335024465068,270.18662813417114,233.43504519118446
2022-11-03,330.23349917469176,339.7384519387729,330.9707927337636,340.9092815941087,266.53279866071614,272.23189442499347,427.2663127489785,264.85817345797363,270.6868350146462,267.70658653718556,288.89592764401624,232.6053763033459,239.40775017756377,247.41081004089037,202.81276156276527,266.8545213735999,234.83252273855834
2022-11-04,340.2851617910165,349.9215665297408,341.11228110599797,351.19333745668536,274.53993828579695,280.2743783404097,431.0075420036352,272.86688758726075,278.7332791118148,276.2243120387198,295.4847392223003,240.4774806601077,245.533834864802,255.66044031099477,211.87278361638312,277.59330754560085,236.41083329026006
2022-11-07,338.2078307785522,347.8452174940585,339.09573063501625,349.18232945513404,273.14528651711976,278.911905042127,433.2914057246991,271.54668512910104,277.4510130862461,275.6790871614975,295.0431242409209,239.26326466808771,244.20623695321518,255.36486978214126,211.54004301752587,274.965943130053,228.4930395651629
2022-11-08,344.18763084678454,354.4044846839633,344.8229806911424,355.4959589004614,279.0716799392003,285.349344220133,441.70817877135187,277.25861005022466,283.6793833448981,282.24060714091627,302.0314638860699,245.1999741519305,250.69788422961415,262.00265238500333,216.907181621415,279.91281574806203,230.22232311981327
2022-11-09,335.15777511321244,345.2877746584932,335.521497749636,346.0850774601762,273.02714072114424,279.3727813976753,427.22200837532904,271.0908860469431,277.5731027227217,276.13854983616284,296.2357830387032,240.88197484424902,243.69425814412722,257.64770637942627,213.27453695051415,272.99624883008164,225.5067103697083
2022-11-10,351.4809161027808,362.5356082432005,351.9888616828114,363.52574238635754,285.6122786881195,292.5842275216383,452.4067052609586,283.6647957478876,290.79647906999793,291.63715716922707,314.9332454631498,254.0299001202751,251.5709124642038,271.8918061676499,227.99636377814645,288.9832248001926,215.19719492653672
2022-11-11,367.76980676817163,379.13697046160166,368.42826804023787,380.3008126004936,299.3818683314551,306.54405822393136,474.9315017780025,297.468103563972,304.8012378481519,306.65313764112074,329.6741035921064,267.10159211525195,261.92511498115334,288.61406433996166,239.3180971342515,303.97884153236674,217.68180435277156
2022-11-14,361.1615352593239,372.7116806467692,361.68876638878453,373.7431598026831,294.2082736129396,301.58073835361876,466.62210625333233,292.23550354255514,299.78169782033325,300.90625418442056,322.53356412559015,261.77923716613583,258.7892174253555,283.5246463495319,234.84982671734488,295.46594678319497,219.53828660998659
2022-11-15,368.76367955048255,380.4473364168752,369.4080189127581,381.60975281936913,300.3443303601753,307.77599011105485,476.3977342495308,298.41723993658536,306.0288530043833,307.74689763594455,328.5392585525654,268.0702368153125,262.8049252567269,292.43404195701874,238.56485059613775,303.75768802423875,219.53828660998659
2022-11-16,364.31023151431884,375.9164382645392,364.806497908745,376.91684237544,296.7237991544443,304.1196967017998,469.82200528373176,294.7023385305859,302.26991991222485,304.5567181165062,326.40711474876935,265.3124209732299,257.73455643329453,287.9026444737764,239.2655624022096,302.525103482681,212.2130501441762
2022-11-17,367.25235281568126,379.27269147851075,367.7920871262168,380.3372784430315,299.0556780030196,306.7766330275502,475.2613016787805,297.04892408506277,304.95443622090613,307.66525110191697,329.8680627223502,268.8456498598431,254.92387118783327,292.00759990594406,242.81797789530245,306.7434464856884,211.00344969735838
2022-11-18,368.1137234203632,380.36589694261284,368.72531180654806,381.5176366979651,299.7277601659884,307.63616846309304,476.7651555144558,297.7746220505619,305.87807060496186,308.89163998283766,331.9431246616139,269.41660556281926,256.45013274844223,291.4720759841525,244.92214018996341,310.676532724253,209.42047753069244
2022-11-21,362.83266123473226,374.80926678471627,363.4174135643788,375.9207410826494,295.9730098789212,303.7207908689391,468.84712252032637,294.050836140787,301.9894705310941,304.16934306868455,327.3055525980192,264.8234743045165,256.1314034839749,285.17924173213294,241.10987989828163,306.21515120420236,212.68989177912871
2022-11-22,362.07780912219334,373.9713900725824,362.7789094878808,375.20452223362844,295.1793727380321,302.8501065115381,472.5236548142591,293.35421378004287,301.21968952426585,303.76080929905413,327.8280729467794,263.9616373010846,254.68410926055975,283.7531146638346,241.21052579753828,305.5539323752751,209.32638207151513
2022-11-23,367.34921820138646,380.0517356452481,368.0734967374478,381.34438409033646,299.2612952902943,307.5647231354965,476.8706649058138,297.4132374297733,305.93325236369793,309.0504600194779,333.2075837418965,268.55694796611164,261.48558999274354,288.11844275837564,245.5021558097894,310.28324947963364,208.53649357078515
2022-11-24,368.30859728234697,381.082464089366,369.0717393108414,382.4199876608345,300.0759502420863,308.435472189209,476.8706649058138,298.25524652760953,306.8354713045303,309.0504600194779,333.2075837418965,268.55694796611164,261.48558999274354,288.11844275837564,245.5021558097894,310.28324947963364,215.91636115565245
2022-11-25,364.66536813718494,377.36818573921147,365.3683307269432,378.6381775212152,297.133013188806,305.4581472620505,471.859508712551,295.28694023844764,303.8292422513538,306.6313547734768,331.5362551528559,266.7125828811248,258.4434991268827,285.66574059676685,244.94659985926376,309.7863116184875,209.122039230125
2022-11-28,365.943679147961,378.5180856519187,366.5775087217559,379.7078409629421,298.23868358512516,306.4518474399084,470.42500429250947,296.32811012623847,304.7499499219709,307.80508038650976,332.2403805565501,268.6793798055521,259.8235709630269,288.47159781893777,245.2553235356865,308.1156023441698,207.9213177566953
2022-11-29,367.5900622582522,380.0892017204787,368.3352647584803,381.3955099539445,299.5652402348287,307.7033024216771,467.52087107455213,297.7367973893106,306.0869173488619,308.7043929022879,330.2853092236527,269.58072774034935,260.48139013952425,291.8475179292032,244.62792780364416,310.85604559038524,212.18505922658517
2022-11-30,370.3600912383064,382.9295198231981,371.29467449382946,384.4425227746607,301.61889361525095,309.7842515512273,471.66744640448,299.9242999454585,308.31251383443544,310.8167756879568,332.3950155323259,270.800210096236,261.54123207080363,294.9077681904095,245.0330436553685,315.1144323712685,214.72775965265427
2022-12-01,364.60931628143436,376.95163944970017,365.2841937675928,378.1757090726676,297.07995825780796,305.10150704085106,463.48019056956656,295.21062646007374,303.43673204962226,305.9603675115133,328.26902716466026,267.236411171713,258.30737106925966,290.25174382996113,242.74583518781859,312.9281561939821,210.8837787623137
2022-12-02,365.20346221682667,377.709479503816,365.9454504394604,379.01284623593415,297.4963758025574,305.6472503003265,461.9473714215562,295.6772151585063,304.04091409217426,306.3088410453451,328.13876533676984,267.7971512782135,257.88150438654634,290.55456597863207,243.63031567943497,313.43362808333507,213.28049682722786
2022-12-05,361.12410886558416,373.6756569476637,361.8502981475763,374.96444841204413,294.04629891956415,302.2533085738629,455.02329703621155,292.2368741332862,300.658884713333,303.3541827568081,324.8781884553634,265.9622702576502,251.15347604919904,289.5065516577527,242.39919794919174,309.6957070918525,207.44149969969789
2022-12-06,363.3167879350189,376.3957704400666,363.92797473985314,377.5833656041402,295.688671922699,304.31521908323344,450.99169821512197,293.76315838375046,302.61182713292163,305.27116840659403,325.6689613604289,267.9648728153499,253.98035897778755,292.30250414084946,243.81759988190188,312.37273647621026,209.19110696753785
2022-12-07,359.7466719206351,373.0286037425587,360.210835241692,374.06671416624016,292.9296585722988,301.76045844367684,445.8513495830461,290.9095529169174,299.962384247962,302.5653448719579,322.4519737817806,264.93888733641353,253.4163707299751,288.382935976143,241.96163632059222,310.80443227061096,207.6090711445155
2022-12-08,359.3296149581047,372.87242166316275,359.8449943537593,373.9770738653642,292.3853699432397,301.4237565284719,445.5425077278455,290.404355593653,299.67492180674935,302.8555970575783,322.83574057173075,265.59276735813154,252.23238471142452,290.52131249119145,241.23450901225846,310.75766441169384,203.0308167321651
2022-12-09,359.03162175130643,372.46321980667256,359.4318646099407,373.4386661496023,292.15542069165343,301.1031625449132,441.59161482241916,290.0801857987913,299.249773158653,302.54869671298,323.09510616228414,265.94871510320274,250.86901996610206,291.56989080682604,241.80120579290843,311.6110211688557,201.83750626985432
2022-12-12,360.62996809890024,373.7994920211599,361.1796517345625,374.9250791017503,293.4348927781717,302.15033795436057,450.3451113770944,291.4736646365177,300.41153798284085,304.37619503474633,325.9955808449654,266.3897664553158,252.95593159442296,292.3287956687962,242.7842931222658,311.6729629940246,197.82968101013515
2022-12-13,370.1588579354926,383.49024450902454,370.6199213398503,384.5261928108015,300.9171615648424,309.68721570169237,463.4598979467964,298.8085838583106,307.79359317853374,312.95504248810147,334.8463390865488,273.62489906565474,258.3897276672614,300.1924783179839,250.6688284614416,321.9110473913537,194.8310850796282
2022-12-14,367.66152229767806,380.54832049838734,368.1341456318681,381.57792728995,298.8486523837292,307.2589935331424,457.91416863346495,296.7653479849971,305.37938448399274,310.05919605785334,332.1191491897164,272.1543797787372,253.9360877603281,298.14718306281975,249.16256922220597,317.9445932926917,196.32396363127077
2022-12-15,358.5358739392565,371.04480420465234,358.91800910907506,371.9614730939752,291.46955368360625,299.6251052200791,446.81081342667756,289.3731929279857,297.72110953731095,301.5280298619047,322.82176466769397,264.7916557857594,248.42191730866793,290.1738918221214,241.482673464305,309.3813411712149,196.66284932920257
2022-12-16,358.5393195102069,371.2263785268748,358.7100739295964,371.92280491635637,291.86512353815345,300.197388564479,444.69806550349915,289.60427233502435,298.12337620600033,302.3025316517095,322.03665976037917,265.69517772665574,250.32111357710272,292.4530764431247,240.16234614141268,311.26199758115484,194.29489986326692
2022-12-19,358.98943578189864,371.4674270182579,359.230305049979,372.2306631252256,292.3967956916773,300.56181474947897,440.9006053395747,290.197076682663,298.5477049663092,302.25366837498717,320.17834589745587,265.40075745513917,253.11002674887578,291.7590709981798,239.71721352424703,310.30163430518604,197.9589130660898
2022-12-20,360.26023418062914,372.84076702213736,360.3610494228062,373.4573182080177,293.1849555902779,301.41094937210363,441.96004952839223,290.8511234845423,299.2553951265869,302.2868916534878,320.2778337830228,265.1770057143268,255.48903175140936,291.48112005064434,239.77962405578376,307.211916772575,203.3505627760556
2022-12-21,358.2119959795967,370.5006067217323,358.5001006940023,371.3069352238853,291.7107331849316,299.7179879233764,441.1886226294004,289.5539723969137,297.7444047772967,300.5340654957927,318.43379764305246,262.9023304650326,256.5230088483601,287.58826207815684,238.66922257112958,304.0397276255625,204.00007849188998
2022-12-22,355.0129568018533,367.1358467462215,355.33805727251246,367.97523003156243,288.9936066720202,296.8745823067327,432.2286094098121,286.88572604749913,294.94842167864425,297.44019064228695,315.03844723099616,260.76531818111823,255.1640466101024,285.34654055871056,236.29482452175415,300.6998740794288,204.1130762221259
2022-12-23,355.8498160818344,367.7920480890186,356.2573431994402,368.7124901501311,289.7962666819718,297.5281608716504,435.08597439997453,287.7559195949608,295.6692765152221,297.47105239600404,314.44929031295186,259.5276574861992,257.0970823573491,283.47327790818827,235.52441299198682,302.7109300161531,209.86635027952457
2022-12-26,355.71320370486274,367.6454203784433,356.1153140313807,368.5596157002483,289.6020378064958,297.3207734432304,435.08597439997453,287.55534375702126,295.45459763848265,297.47105239600404,314.44929031295186,259.5276574861992,257.0970823573491,283.47327790818827,235.52441299198682,302.7109300161531,208.03779888421894
2022-12-27,359.89547331232086,371.9488964153262,360.2091105497064,372.772711488018,293.15799588102624,300.9616562352243,438.3735477091706,291.0138996895748,298.99486940693964,301.7657176503193,317.7601390129671,264.24046433633765,258.60375360939884,290.2753481921271,238.38243076152904,305.67548870665775,204.91300372730348
2022-12-28,361.5367163885712,373.7035168975574,361.7796640485869,374.4559390546415,294.49727720516734,302.3858388017731,437.54083458215985,292.28288396077875,300.34703250393216,302.5255131115972,318.35916068198287,264.5194200329248,263.1013219152483,289.47409605996774,239.38068261194041,308.2713683106115,210.35799130643431
2022-12-29,364.027526952333,376.4568599808726,364.35753687966564,377.3139041262657,296.5976993072111,304.6958482268708,443.10175171417507,294.4420952515805,302.7276462173617,305.38904387572245,322.1547125336714,267.616902428949,262.018884960642,292.80993542903985,241.99817180846935,311.08264205459625,208.46369919879785
2022-12-30,362.98054356184747,374.9485977370116,363.1561506086004,375.6198812927509,295.70063151702846,303.4142867397783,445.057640297246,293.4208308486463,301.2994655183796,303.81733144313444,320.93606859622406,265.3235064773525,262.98312833178386,290.0424383139337,240.2335652710317,309.2028812869574,208.46369919879785
2023-01-02,362.25227092447454,374.16737873877526,362.39950160152557,374.80595894521235,295.0237482490882,302.69196465676373,445.057640297246,292.72229964889357,300.55229109982673,303.81733144313444,320.93606859622406,265.3235064773525,262.98312833178386,290.0424383139337,240.2335652710317,309.2028812869574,202.26022015961976
2023-01-03,366.26680173496777,378.7820001857859,366.25257286968287,379.27178836069015,298.26471257505796,306.40977946401347,444.486825771538,295.7998456314547,304.11232801815527,308.56251871915765,326.20625947694344,270.9191555880331,263.77988493846823,296.7947840739371,246.5342801136614,309.55954503538345,196.26031473089844
2023-01-04,379.4111032169729,393.3118076247192,379.4553054632681,393.9213653937142,308.9980557733366,318.22520131578267,456.17508681718977,306.4951642157103,315.92605639229095,321.1579205065209,337.8488871263621,282.9985748968302,272.58078296033193,310.0492256528241,257.648484416621,324.53853570941476,199.6248883922161
2023-01-05,375.213004427926,388.81423542074793,375.4042849071049,389.57030796243504,305.5710685366324,314.57297907949663,450.8158383635771,303.2195799413616,312.42789645793414,316.5452692115599,331.319987747581,278.2316900848968,273.94018879114816,304.83380466284393,253.5135103877165,318.1432182873459,204.6385870723721
2023-01-06,377.9956043896912,392.01837728524146,378.2427820379217,392.85232816269075,308.0189099870439,317.3702364876727,454.4390220968492,305.701560072736,315.2744137647777,319.4410569633591,334.43877601040634,280.86110143631424,276.9938409604732,306.8712797823798,256.28135469157456,322.51708094918996,206.4194322076348
2023-01-09,371.9715447132579,385.64549533144293,372.292043547038,386.54431897782183,303.0320267955759,312.1232030033586,444.13690025409346,300.8140381865237,310.12396588210447,313.64348411342877,327.57101069878547,275.85113991190804,273.33916082547296,301.6394920483446,252.55844146033226,313.4966398057254,207.16326829908982
2023-01-10,376.5499144764028,390.48702018824014,376.91736470037284,391.4473699327215,306.66974189465395,315.94609524817463,449.98987536435993,304.4576093628862,313.9604018422938,317.14811447433203,330.8959534110462,278.6702144531999,276.5055037175237,304.46533473627125,255.73017094203587,317.53729190081356,212.45310048512033
2023-01-11,377.0180766262455,390.664732018004,377.5667268124068,391.8083965252747,306.8632154991249,315.8786948540817,450.14550543704985,304.7940656354182,314.0374694665684,316.7536454323322,330.4755230025718,277.51557756936637,280.66486156801784,302.0148906925886,255.4020133175293,315.77355387205955,215.98565135401384
2023-01-12,377.81793474311195,391.5177576222926,378.3430385431271,392.6382226760455,307.0192557884622,316.0393016982392,450.88399589866714,304.9086424299982,314.1537676685673,317.44329646827816,331.07191861530316,278.04532541753025,280.941749144906,302.0775894405953,257.0225226499421,316.28796001019674,211.77269271170195
2023-01-13,376.9162793352098,390.3828282563208,377.375779848263,391.4225463869307,305.7302618601188,314.52114476170397,448.2603680237078,303.5524762545857,312.55514226777206,316.10590763565153,329.4289619088378,276.7510269072341,280.3130376995084,300.2994262937665,255.76042872377664,316.9069486864442,208.65517564772352
2023-01-16,377.3846576841771,390.88659911125114,377.86276571312106,391.94786345218586,305.44667813523125,314.21773743678114,448.2603680237078,303.25965001276376,312.2410685256136,316.10590763565153,329.4289619088378,276.7510269072341,280.3130376995084,300.2994262937665,255.76042872377664,316.9069486864442,206.13914811948936
2023-01-17,380.65085798915794,394.1118961140364,381.24574335590916,395.2971012801567,308.04551300786113,316.7574678692573,451.96929962539747,305.93211613552853,314.85821309793045,318.3862766545502,332.1203488275006,278.51385209524506,284.35956964021335,302.15936159120275,257.7193396152822,322.4506592220151,210.51514267254277
2023-01-18,374.18085738267166,387.5783097248439,374.6903408930357,388.6693069827867,302.9773384024315,311.690955763001,440.86311273405056,300.8425422551535,309.7678668667915,312.71476141842646,326.25948906413487,274.4610108076917,277.0446613803306,297.57729569919434,254.34389069339977,317.5373641494957,210.92379363385825
2023-01-19,381.0249872841747,394.45413556263395,381.33267372541815,395.3281773208767,308.3084522503442,316.9882797833147,447.5736107878614,305.95143933518267,314.8267050671148,318.16599107213426,330.69176158823126,280.03228451004986,280.49246232382615,304.8316409089263,257.61530525821087,323.43874444988205,211.8141530223983
2023-01-20,386.345889278557,400.0045856358074,386.9462816027617,401.2035644734736,311.91574107733436,320.70352618687764,454.8363573256721,309.744090818558,318.7451290811428,322.44935002840765,334.4446075012427,282.7629272703704,287.7157087524465,308.39356034908667,258.8423402386298,328.0465446106349,212.08236440400597
2023-01-23,390.8963733547721,404.8089367033242,391.5549196325526,406.08113008161473,315.5163360028095,324.4800889404187,463.18738920167266,313.359234695556,322.54418362369165,326.8815421164803,339.11550274759014,286.23504516084125,292.87776550955454,312.6442425362868,261.4068951409529,330.99178485657745,210.34882964310682
2023-01-24,390.9477934177696,405.1441363351106,391.55507325854006,406.37330803808777,315.71801631475773,324.9291284346257,462.0745505106073,313.5231579347052,322.9615471794389,326.853449911967,338.80407814127227,286.1539393696637,294.8484142739998,312.318878264702,260.5041559745682,331.4701371715635,213.8139100240935
2023-01-25,388.00926732154153,402.12030436411936,388.62561773719017,403.35587781825126,313.1562371342668,322.30268963689537,455.8196709172525,310.9830467041991,320.35557038670134,323.66854385317777,335.4395520301883,283.32113581682955,292.9990316802157,308.8139125099531,258.5980020817787,329.491996488502,216.02849764416962
2023-01-26,386.1092285895465,400.1837482046648,386.97554339722967,401.6877529933535,311.76269608366266,320.90136849237604,459.25553806203385,309.8152729037115,319.1959632235325,322.40025404667006,333.3297403435175,281.39846606309595,292.7640881134993,307.2368738032213,255.8333328035828,327.5729489320744,215.9564119161826
2023-01-27,383.14684157899046,397.3337041246174,383.94075383279767,398.76485789096915,309.27720077743237,318.5229105643713,457.1864224325978,307.2868352324406,316.77485295886527,320.2130424958165,332.7200812881773,279.9665531037811,288.576524754281,305.16939660367103,254.41212474647335,325.5059886326864,212.4158738131876
2023-01-30,381.78481379157887,396.0432733895592,382.4319790129754,397.31921684730594,308.1550861842946,317.46805420388534,452.6417739954085,306.05124284976614,315.60035233553185,318.92218386793456,332.0060445396363,278.5308088493712,287.4834223958258,303.53326992504685,255.25336323716604,326.2783378148483,212.3843409851276
2023-01-31,384.9342261867981,399.13969788587076,385.6323249942267,400.46803556437294,310.62154978340317,319.8637145260048,459.14968005427596,308.53581358071096,318.0134364452285,321.15701969216155,335.6731248209589,279.89170188867536,292.12535998504893,302.9805398894109,257.3602907025124,328.02069630602693,215.5000272462085
2023-02-01,385.1896196035245,399.97329493822895,385.8365667022053,401.27148910939604,310.6360459204218,320.3447921163206,457.18788565617217,308.49965237823665,318.4567572845486,321.80597405133034,336.2037632840833,280.54450501901584,292.67128780588416,303.5663928113944,258.16647074975907,328.8240472262861,214.3149802712126
2023-02-02,383.1488719336124,398.0091888752504,384.07530006377016,399.61322193531174,309.09742507522,318.8915813741591,459.70020407541983,307.21112007968674,317.27517962948195,320.9746885950351,336.7533298387121,278.72025764576694,291.6831870230985,301.0786269829212,257.8417842057497,327.58762347811484,210.86262051502135
2023-02-03,376.51198640688676,391.3613297980228,377.5474204669321,393.0837852843181,303.5588525330877,313.3752487564679,454.623021933093,301.8030441270211,311.899031064164,315.6485153268778,332.6664289292004,274.468362647069,284.43397349020427,296.26088453970016,254.8408278272047,320.9502142160329,206.47546242346948
2023-02-06,379.98615740321236,394.5492819360342,380.8450814502482,396.0672944496681,306.58497340454744,316.15606741060265,460.7276174394113,304.66592882421315,314.4956358562932,318.55328682123826,336.1284466705138,276.62646660395137,286.9668172617853,298.43666835025573,257.03450983898273,324.8640642480808,206.20161121445855
2023-02-07,383.00324037509046,397.29138778308567,383.9834780984726,398.9280989111455,308.86126377972477,318.1713852658854,470.5326071468712,307.0169466542331,316.5822806239359,321.16962460090326,339.2904138509283,278.2481987372511,288.4947435098232,300.4326819638313,258.4463123763196,326.2713138131872,203.98982096586863
2023-02-08,386.2913379688504,400.4344375319512,387.1872893239713,401.97318231739064,311.63595569696764,320.811814878841,470.3688775327665,309.70287955546746,319.1229476097256,323.54304941288706,340.88182504861066,280.5422096382577,290.8183924533887,303.72435486863225,261.02380336292646,329.3772423352829,207.0525671727176
2023-02-09,383.8099004815987,397.96229582246616,384.75005896396897,399.5495075045338,310.1639334374174,319.40171155807246,465.4037721116375,308.3026131881814,317.79184889267736,322.72142203704044,339.28200094061253,280.81321271880427,289.1921408685769,304.7647958179134,261.50379047631947,327.23642973434335,202.47272291217965
2023-02-10,389.5369231508601,403.416890550292,390.4270628864816,404.9372644231538,314.8569234437723,323.8334859238279,478.97331166466347,312.9166452538516,322.1301224317648,327.5077957196655,344.5119824101696,284.0076709108706,295.164461095236,307.8407247508537,263.7719079096511,332.599960134729,202.608686996376
2023-02-13,387.10050382811653,401.1005817504443,388.1820905856725,402.8330442838476,312.89938868397985,321.9933751456595,476.0562636013508,311.1358600528974,320.4834701219327,325.4983607968185,342.9854207647311,282.262865928935,294.3588255946449,304.5084526396185,263.3321820147193,329.53645709367254,203.8546753007806
2023-02-14,383.66780989449387,397.5918924132871,384.754018424066,399.3264737851652,309.9197801464802,318.9589362765245,472.16671941825734,308.1767423751011,317.4685452271996,322.4011892327721,339.5952901573575,279.0119111037208,293.0147284341722,300.7490496432181,261.7994454592807,324.83749900348613,202.1785253980863
2023-02-15,385.86911366630574,399.94696911814077,387.09990878430955,401.844131605378,310.5631152213666,319.63595938726564,474.2318894885386,308.88657161568574,318.2182595412707,322.7719720691274,341.3357664012309,278.9958535744718,295.59646229535355,299.0655281863889,263.2600691779264,324.15473363125056,205.35024834914455
2023-02-16,386.2932596606568,400.452663361669,387.4780350641279,402.3037360700379,311.1946541818287,320.3528123219839,469.9213401738207,309.4869323508739,318.90490678442325,323.5322721314476,340.30162827246016,279.88502402002155,300.1127879046562,300.8202041399175,263.3642624980881,324.4620447159313,205.3466712901705
2023-02-17,384.1689432532457,398.49101532194794,385.2241728198364,400.2098388576957,308.94302740640677,318.2127931778646,462.74005402606815,307.1239707310179,316.6491721205713,321.21295098093054,339.8547000778579,278.82144805896985,295.44505067202687,298.43311967334756,264.2670298255505,323.08119179177817,204.10960067547833
2023-02-20,384.1792583357353,398.50212648197464,385.23491405932674,400.2214443072756,308.94302740640677,318.2127931778646,462.74005402606815,307.1239707310179,316.6491721205713,321.21295098093054,339.8547000778579,278.82144805896985,295.44505067202687,298.43311967334756,264.2670298255505,323.08119179177817,204.10960067547833
2023-02-21,375.80119389291593,389.699404429725,376.70784260726754,391.24010941709,302.13107579702194,311.10010794563857,450.8553043902208,300.24470268882453,309.45207057939837,313.2484076149852,331.36432228284457,272.68817896033164,286.5501188277665,292.4036255402789,258.8489867468717,313.0607864093268,204.10960067547833
2023-02-22,373.7647410457005,387.9047848686939,374.6700405737538,389.4549801891226,300.54901316959035,309.7366612048806,449.74213041230087,298.677665102886,308.11238011691034,312.3095536707559,330.0464793264148,271.26540510726693,288.31552036315753,290.6161998151965,257.20625832502253,313.10868052595373,200.23517029517723
2023-02-23,374.897421241877,388.83517948686705,375.8994312329275,390.480830367093,301.6440773057861,310.6692291003784,452.7660659182459,299.8511399416806,309.12351955776745,313.38347560330106,330.82356451837137,271.95435293921236,289.53219814465433,291.17594663673606,258.2932135271057,313.06747372419807,200.5466502373916
2023-02-24,367.98943969798734,381.27661363355475,368.85239949586565,382.7441824873415,296.26787547586997,304.8124790055334,447.12513126715623,294.4140914345566,303.182996705882,307.0713723265368,325.24662118410725,266.1580796172073,285.8496972130773,284.4159421214506,252.3282835142615,304.6089023526296,198.73208923575243
2023-02-27,374.74129493983446,388.52525203755255,375.6262270473676,390.03750490171143,301.5922737893103,310.4961922085283,455.4013723472881,299.7058376359196,308.84556442434024,313.4556312067769,332.265829875549,272.02527973008483,290.8436243310301,290.3475914740958,259.7056768179893,309.87701101924637,197.82308257639338
2023-02-28,372.6293174673045,386.05841549622164,373.38459269892115,387.41530583321907,300.03010834620903,308.6632023647107,451.75925451643053,298.05546066539176,306.9078281000452,311.72082775560807,329.90199758932675,269.71379282418064,291.04476056386574,288.28951896387025,257.1561636421365,310.0852415716301,194.97233077064445
2023-03-01,379.50821890818276,393.16463943301596,380.35909542458603,394.6337960842642,305.45088787298033,314.2179916654177,456.0932171296205,303.50366962799944,312.4978051506487,317.8595063339072,333.3611013557989,275.3776745143063,299.02717835757915,295.39758082011593,260.61745498100476,315.52683331846595,195.35150380292166
2023-03-02,374.96788017618877,388.3958271090075,375.8029646409026,389.838494585356,301.8693044506596,310.48250037651405,454.81090152307047,299.943152502476,308.7787519160961,314.0690779773354,331.03737929131114,273.0412466066015,287.42609479981786,293.69650635808205,257.8695230187648,312.15481425633504,193.07775919762145
2023-03-03,381.47253048156847,394.98850620673915,382.3577541450609,396.4883075644259,307.812166804274,316.5035132290985,464.33903315051816,305.9057595977212,314.8247735973753,320.54151199996505,337.27900465792777,277.32370735588506,299.51102152274285,298.502148555446,262.62333239966125,316.68124865912745,194.6752359364686
2023-03-06,381.1640041847423,394.5350926502677,382.1254269846596,396.11074167353416,307.53000497151913,316.1003862878235,464.22809194544936,305.6880225642564,314.486293942879,319.8210884862887,336.4221517995906,276.3128168181092,300.9792819999371,297.70152926756333,262.30865597854483,312.7801262638025,196.97650786297746
2023-03-07,371.99098742247077,385.36208049245954,372.94980069665144,386.9361487638348,300.05032448863653,308.6771524034666,453.5489041339444,298.26709077090106,307.12689368203667,311.64110051170144,328.213954869986,269.32829699081935,292.00216377309687,290.9832279154728,255.1388854396044,304.68861940735275,197.08057492824304
2023-03-08,375.9274516692514,389.65318049507323,376.9498211232309,391.3109662189458,303.5254330880383,312.44207304940755,456.32326592473015,301.7778955473835,310.94121916644184,315.1071914096908,331.72395781355993,272.68763107737175,297.4254798510964,293.9983097308318,258.53076456352136,307.88522586114584,202.34063570562967
2023-03-09,367.09532400925553,380.4685436649268,367.73889287956086,381.70301751259245,296.9446130138822,305.665540824434,444.7889128781766,294.9614576540018,303.9035861233021,307.6263768539907,324.15779291985785,266.06960751050354,290.06546074609287,286.28977975191765,253.9548063184633,301.3943336668863,200.2253773786442
2023-03-10,365.29226914880576,378.2734601085153,365.5040195933307,379.02498345946316,295.48613017118873,303.89155522289826,440.31783734682836,293.15513905536943,301.7447632809463,305.642283957906,321.3903463728262,265.11329482022916,284.492319052418,285.0177216325853,253.05495410180052,300.1707508489072,197.36271448171553
2023-03-13,369.886434931605,383.481305612701,369.81051048471676,383.9481065432599,296.95069934092675,305.6814820204515,442.61748804191853,294.2766161573496,303.1783108880766,307.2722843805316,323.37928836647257,267.03870867711555,281.4608824910014,289.04245970099424,252.90659458758515,302.42410536717927,197.03646894747286
2023-03-14,374.41872187759293,388.8032240773803,374.5169090661107,389.4904586373851,300.40291970699104,309.7440424168646,452.50124513225654,297.8352222310965,307.37616500410314,312.0133620287668,329.4563263085839,270.15969934815956,286.87179725440024,290.8931658956095,258.52567097319763,308.9699230368032,196.33278382527385
2023-03-15,366.1412260297583,380.5523111442991,365.7897747426408,380.754797325719,293.66609308512204,303.0792890739369,444.75745839399326,290.78210221909023,300.3720724778898,304.43861389382516,323.33916053916266,264.1276892369312,275.3953082026562,285.7911191467488,249.36689967160817,301.51286107130187,195.07751686608327
2023-03-16,373.87743053577685,388.7962398957051,373.6923690049958,389.19940986552626,299.7177543963971,309.486938163145,455.9291736647963,296.9119643538165,306.8772710204272,311.44025974500397,330.76831048123427,269.8984831638333,282.41127009897,292.370622512952,254.81777546799717,308.29045565304443,196.42386401667983
2023-03-17,368.2034613522232,383.1739285203478,367.54541132364176,383.06703979831343,294.0404853549131,303.8081970391674,446.1380925223719,290.8499562191947,300.78255788878005,305.03490900672614,323.4347411396859,264.56423894761576,273.9164373401864,287.32529333717014,248.4051012865713,305.29977273263995,194.0491868636966
2023-03-20,373.6328460932671,388.61902998632917,373.03781639590306,388.5812499613851,298.2959387718015,308.03262436381635,455.2304687610137,295.11590639244696,305.0188511158561,310.22978582263,330.310164479017,269.5007246394544,277.2964382116582,291.41275910215484,255.53240739028035,308.419120017482,190.4934467024044
2023-03-21,375.0935407759121,389.95886114692536,374.9353764841136,390.38956469803526,299.43100702065715,309.0555291612783,460.9372362370015,296.5989925188959,306.4133025613445,311.76156303389257,331.9749963207775,270.3996677026464,282.3352779522482,291.16153464329193,258.36357824697444,304.7116899381049,190.59767463520822
2023-03-22,374.7095573098965,389.4362357559876,374.27677952023146,389.5638744256679,299.45654547913955,308.99386746003404,453.41049784988286,296.41138607185826,306.11941910337464,311.5347243808193,329.4115287661099,270.63004684054357,282.02645429192347,292.655674058317,258.1593686972405,305.05177759941705,189.92950338875036
2023-03-23,375.6753687630441,390.64292244063296,375.11143797151607,390.638313185857,299.8360584752218,309.5367168848694,453.1021005290067,296.6644024442501,306.5315308177573,312.96394072390024,329.7336894334863,272.1308419811524,282.84911564050043,295.9828930299862,257.5415302804527,305.3495081824626,183.41314474130482
2023-03-24,379.25216099402564,394.33885864181286,378.8174695300645,394.47905883971225,303.01324421026425,312.8107586990529,460.50164838355164,299.93145799234003,309.9064420690369,316.10669277798047,333.7091193108766,274.5486328071975,286.4590240896239,298.5466336864236,258.2952847626341,307.59859526331826,187.38570539649447
2023-03-27,377.6322475270407,391.9515340166361,377.41267417020015,392.2937180854721,301.9310735815349,311.12241637335416,458.4978499291372,299.0442965828021,308.40824134207105,314.25087820664345,332.23013472004817,272.3804878957234,287.5870271048688,294.5947625601841,258.73268832910213,305.6847193369193,188.6162599972691
2023-03-28,377.39119036020975,391.73653183138157,377.17754727500903,392.086196392669,301.78282830352936,311.0005468919619,455.49919612119254,298.90400255402153,308.29573006034383,313.7255848381566,329.5498937444193,271.7731064502558,289.2401062384866,293.6789246994017,256.6293702942347,307.1776259050961,191.25868931597478
2023-03-29,378.3386918245041,392.9454551459785,378.32372303428133,393.52059131396675,302.18572056976274,311.58722843196955,459.66909098625985,299.45317994691516,309.04568963301017,314.56866709269826,331.39640951952305,271.9928522047206,291.8396995514447,292.75972323205355,258.68253906979743,306.5858444944471,191.1880408853856
2023-03-30,380.21699892116783,394.7856579138591,380.22852039877574,395.38779309204824,303.93996576492174,313.3153014008732,459.9844197610235,301.22349832061184,310.7906624272172,315.9111418506718,332.56407539081334,273.50280638737354,291.7497981520113,293.2556976127016,261.3108302040173,310.0063719959624,195.1669628139417
2023-03-31,378.3487467138413,392.635697585973,378.48217041135564,393.35802990449326,302.2995297227787,311.4447727377424,461.9931975246536,299.6923795276127,309.0295190468886,314.4475192457383,332.64428551125434,271.73129779612975,289.63730008736684,291.8638721399843,259.67089426643753,307.21829650766637,191.8419739104339
2023-04-03,378.2729417346375,391.7788130180422,378.3860684570765,392.44647335210993,302.58535650527045,311.1115356633528,466.37709088447485,299.97278497383627,308.66973906663645,314.29055864497604,332.7169776819372,271.6030924187706,285.8772062077388,291.20368121682685,260.0459200243404,308.01089083219,190.21517138039664
2023-04-04,378.1811511908887,391.677708474476,378.017089603151,392.04599638678616,302.3490018964837,310.85683476379677,462.244132194317,299.5034966038205,308.1646926731706,313.61646925513105,331.89046228867136,271.67165975048226,283.47277309306855,290.7871782542881,260.6257682091892,307.8889664947073,190.9681053086492
2023-04-05,376.40618655506904,389.7525217352633,376.16445033626496,390.03091097750615,300.85382363046114,309.2447444033664,463.33399776641943,297.95473568625084,306.49096118657576,312.0740553680635,330.4258595007276,269.9220778062323,279.92176269729293,289.2017937134947,259.75374157744716,308.2275841597843,188.85298449608138
2023-04-06,374.164354809012,387.448543645433,374.0473382853588,387.85891878860593,299.1331878054668,307.4933584072161,459.21168851494565,296.3550556925787,304.8677222484213,310.2718471152576,329.13592252562364,268.9500751000601,278.133408360838,287.6092835833455,259.68822641290336,304.49002572256296,188.84729180401243
2023-04-07,374.17472357573996,387.45969349842653,374.0581024833482,387.8705269177306,299.1331878054668,307.4933584072161,459.21168851494565,296.3550556925787,304.8677222484213,310.2718471152576,329.13592252562364,268.9500751000601,278.133408360838,287.6092835833455,259.68822641290336,304.49002572256296,188.84729180401243
2023-04-10,377.0671743322311,390.6137661303762,377.10717625448234,391.20418258480055,300.83235439135916,309.34597096997516,462.4467113775763,298.14393561643266,306.8219389320833,312.2096931971475,330.8236345372339,270.47898431698565,282.21910114262397,289.64648036009424,260.8580092035031,305.1398946918675,190.39934088874105
2023-04-11,381.39871683085045,394.95837727775694,381.48264318322407,395.5965434480913,304.1685015086286,312.6542045717936,463.95485942168193,301.4812638900235,310.13135062473276,314.5899925996056,332.50608451467883,272.60287789426184,287.7745806184757,291.6359724604282,262.00700636685934,306.63298554404383,199.07559817915546
2023-04-12,377.5659411196435,390.7333455975353,377.6083320204483,391.3105433824586,301.1725437596769,309.3664097273851,456.4737255923109,298.48073673561413,306.8282195109948,310.78515076179184,328.7731617888061,269.2236990300236,286.5430442220603,286.6112820271523,260.86460887114276,303.9827740870073,200.11709684665436
2023-04-13,376.10586562900005,389.5542580624133,376.1518481839631,390.14705751859185,300.0665235945197,308.5060098336438,454.3749933595382,297.39001374952034,305.9920674564125,309.8798458830708,327.4764015923241,268.33800589584985,285.2472138110771,285.5151652335864,259.42659765026144,303.25764303465905,199.98517961922553
2023-04-14,375.18789967253093,388.4764021197454,375.426356606259,389.2702130946864,299.25002109555413,307.5584282879986,454.90349684537426,296.7358108299171,305.21388579959563,309.0945511008975,326.9294074605276,267.39439231614625,287.1046073177538,284.0100897454854,259.1663353528552,298.7187810840827,199.45689566716007
2023-04-17,373.2721605239337,386.72923747299285,373.5525015740384,387.57543340526126,298.09676385257865,306.58322473732204,452.12762904779413,295.64253660253945,304.30868869273314,308.2138340416424,326.09765132171646,266.89697840991795,287.90449802490497,284.0940208681985,256.9047417556657,297.8054141028509,198.60989034848185
2023-04-18,376.2580272907513,389.87073462702625,376.50840130101295,390.69097260872184,300.12712704139705,308.6963822861887,455.6987471618203,297.6156225249301,306.3637125051248,310.65346295540263,328.978235626342,268.8666454523099,288.34107819305876,285.85521593964216,260.41437393148857,300.54355568080615,197.41185944279115
2023-04-19,375.7592112242192,389.50480580274194,375.9294234704545,390.24417358227254,300.2133872928265,308.9293128876622,459.1746999274693,297.6547382199368,306.5510678005407,311.5412509037074,331.0253866376477,269.3900051932751,286.5654969751316,285.7795206538376,262.5128608337622,302.8309849414368,192.65475795430413
2023-04-20,380.8537288736668,395.09242537116,380.9032321322673,395.7218835850932,304.46691507010723,313.56689123259673,464.0542210014799,301.77798318593574,311.06284111416903,316.3721356158801,336.2285413162048,274.0613047189682,291.56276415456614,290.475403165315,266.5821472468826,306.4049827944213,193.81911998600597
2023-04-21,377.0379686894303,390.9250155315616,377.1610902523796,391.6195387560861,301.76018895875177,310.6209228084228,461.0016637146936,299.169856294218,308.2140540044229,313.21132374111664,334.9361821954912,271.78235180292774,283.51266948632207,287.3226202061086,266.93894997847343,303.7394260230243,193.81911998600597
2023-04-24,377.71288986566816,391.4218562167745,377.8175323176747,392.08893714307595,302.2149640029567,310.91783426310224,463.2107636747351,299.6019150258052,308.4813972816222,313.667144640231,335.33462957817216,271.8319375524902,284.8568309506649,286.4883178309852,267.70586756389383,306.3507203444253,192.73378744405827
2023-04-25,371.8730207869422,385.53385053157075,371.7194152484363,385.9204839570826,297.0666624999008,305.73703248042705,453.6412304421826,294.2676205500808,303.09875136993736,307.92219590554976,329.0116324758304,266.3124424338875,281.53639107591573,280.59585222346186,263.0761361144151,301.46032892910426,191.20801477911655
2023-04-26,373.14111069142587,387.33858267327446,373.0578197815562,387.8231344900266,298.0272648072154,307.1276871496468,453.66818181641094,295.27541726396015,304.55435914781344,309.6693825973498,329.80373786717854,268.34385264669936,283.3910161044487,283.5658691589435,264.6431490588211,300.85697017249294,190.2928471974056
2023-04-27,377.36018770285335,391.8140487441607,377.466095130259,392.51361075298325,301.1265078845528,310.3894646934359,460.41158307852453,298.49183796612624,307.9482544655673,313.1602499057953,334.23989572420976,271.3293863932104,285.9597455159133,286.954707280919,266.6323356114177,303.32587406014505,192.1432477260105
2023-04-28,375.0528744020143,389.1439673598905,375.25779528577243,389.9355461196721,299.41968673926544,308.4096159936861,458.9986558503619,296.8872404329275,306.06866872348104,310.5786547802729,331.13239736848584,268.42886789529825,284.1927847566902,284.10832352291544,263.61417477205896,301.53496907384397,195.49377251950082
2023-05-01,373.9648221514243,388.15320176548556,374.16380498710623,388.9425283609997,298.98604377648195,308.0947563068616,457.8431888935343,296.47012100686936,305.77545470908075,310.25407159726024,331.41551451573287,268.3985598649716,283.73662385863037,283.826467061395,263.73669099847336,301.1573678735567,195.49377251950082
2023-05-02,370.1161916648671,384.78466906386217,369.88173844424955,385.12587688354995,295.5451344224407,305.05087430214417,448.33146699859236,292.68824758644456,302.3778134032577,307.02817179468934,327.8859069237718,265.8884099828562,280.97272171824096,281.72580054373265,260.5833580424743,300.1384171483884,191.78623171207914
2023-05-03,373.0992774055134,388.50508166671267,372.71171491090405,388.71062457354606,297.77329567408935,307.8547925855563,447.99654807715353,294.7643273078082,305.03749758920816,309.8712083244628,330.6409310548034,268.676230932865,285.7534250787507,284.38977008102074,264.02128905626904,301.65406529105064,192.4943747481036
2023-05-04,370.3421027698005,385.5583446484826,369.8767194584828,385.6717841008983,295.65022941809207,305.6006534479062,440.8640909748685,292.59941811577215,302.73331151516135,307.26612695619747,326.8108369243609,267.210439239213,282.7150135160773,284.0987914795289,260.7203422104599,300.60190646574057,192.8469155282496
2023-05-05,375.9019012373463,391.03635870626164,375.89879377390116,391.6478711855235,300.0162519561959,309.8549019657819,449.6317870643779,297.30358896996177,307.3499579599186,311.4634713429473,331.4874677547563,270.3578391750057,288.8702607673057,286.2809559429173,264.24537536354313,304.7826797448171,199.1598290208078
2023-05-08,374.0451896202701,388.8322001813995,374.0427182191424,389.4300135727095,299.2634043536105,308.8827604005162,447.25207073956926,296.5869568272906,306.4093013648022,310.2114031440654,329.5854026681724,268.7388769753728,290.9841743735352,284.49020467739734,262.2906651658175,303.88702626042914,200.65213389328886
2023-05-09,376.792084811001,391.4838999377099,376.62857351082147,391.9032745080425,301.4297018983287,310.9490316748163,450.77749551848586,298.5998497762319,308.30777515579445,312.0576612864782,331.98140278156166,270.4082465884747,295.1548307419755,286.0944762466436,263.2883914674879,305.33064829378753,202.43447906865396
2023-05-10,375.80367844944084,390.5948243661036,375.6871221426309,391.06911676869794,300.67518486423813,310.2860687625457,449.4189119076826,297.8922129577461,307.69801301781956,311.1409475848062,330.85133961174097,269.09509825620887,296.54497106863465,284.65408998452455,261.81882615144224,306.4002760211284,204.1715312441948
2023-05-11,370.626715352087,385.40039348109065,370.5602759185347,385.92835640828116,296.7313354260758,306.37824450148423,443.9901502526448,294.0327244761169,303.8809734940785,306.60449849338664,326.97136625217,265.5118363755749,294.4352083791863,280.9245354590244,257.6705723025371,300.33509896400943,206.52332521802856
2023-05-12,367.9757792961771,382.85374113618883,367.870818484295,383.34438659796126,294.6407871372426,304.39462757620925,442.289593844302,291.9302700266618,301.887467294312,304.3782347607412,325.2375828469958,263.1097791462746,293.8828677671159,277.4134125049533,256.15957965245195,297.33392265172165,206.76071289974848
2023-05-15,371.1277306042269,386.06919900067174,371.13951970937575,386.6889061237009,297.11942571677037,306.90058944742395,443.5092986030368,294.48141408684137,304.47319187125885,307.0627948963307,327.04398583197735,266.0027196503335,294.64731708759246,281.99591686465254,257.2744497794699,299.02243265347073,207.95255239744438
2023-05-16,365.1221568783786,379.7844228176386,365.1737262556657,380.43585409835197,292.26669553933266,301.85532177013346,436.1723648609454,289.70297884830575,299.5000867562983,302.01702336049044,321.9799952377454,261.9957852003506,287.6427271761735,278.052696465971,253.49204327234855,294.06870800010114,204.78220144878287
2023-05-17,372.21139423574516,386.80184083473387,372.43781772880624,387.6393879056345,297.88902549512324,307.3652606056679,447.1545339474078,295.41735479984396,305.1069961600088,307.60451258150255,327.97859119840206,266.104180012881,293.9141810616293,282.4530503728654,257.72208614790316,300.1892567726425,209.11219436950094
2023-05-18,371.7493385452481,386.4372460011658,372.1483969373015,387.4658092810749,297.7458026030212,307.3223444139974,452.28584729316043,295.42695096801447,305.23186179713844,307.32679894106514,328.7826917069108,265.12420585204114,292.8734521945461,281.70114174706333,257.57912845621024,298.8391738260197,212.2158626273721
2023-05-19,374.4823297552164,389.33978479437485,374.7696997465105,390.25442930865,299.9321542308249,309.6298303742198,455.33938223065843,297.50154100726434,307.4237978775441,309.63847111553594,331.31241579949926,267.44963315245667,292.2749541936698,284.141947798446,260.935936318919,302.91973380470563,212.94461824151446
2023-05-22,377.21007562904344,392.18473868708384,377.544429454745,393.1550421175026,302.1423883799387,311.9200132582371,458.25311937666726,299.7319367277258,309.7389969741369,312.17891554184365,333.9157830288736,270.3677079864315,292.00009194047595,288.207020466666,262.0929657555346,304.0882290173519,212.97050684526914
2023-05-23,371.890658255634,386.30892034874245,372.0874089604364,387.10692514284636,297.628034669715,306.96354419238486,453.4366096393426,295.1338175843906,304.6759995970025,306.75876629189827,327.5357729042908,264.9260598685559,288.79506564092503,282.3614416865768,257.0353220825444,298.1125107829871,211.87016083727497
2023-05-24,369.0691137989787,383.06886768048076,369.2566837314145,383.8394709583311,295.64628968756773,304.6755895330259,452.6906290899209,293.17330035285124,302.3999704182432,304.49094673536314,324.33193790843836,262.54394577863167,288.7343245787604,280.7281541172828,252.9998493849041,292.4479146754578,210.10684203116506
2023-05-25,367.50638105293996,381.7732148077233,367.8052685291792,382.67549315691633,294.31422603146626,303.5694900800639,453.83568092753654,291.9417691587569,301.4092049402478,302.9294355338656,324.0376203848902,261.3146459392192,286.53123954874616,279.6704689465008,251.70992031375653,289.87833793327155,213.69858794417092
2023-05-26,376.99172292139576,391.6137545424597,377.38751451666957,392.63527508005654,301.92223950718017,311.4064624347637,466.1586400413385,299.56254665127733,309.26966351346,311.3169830457295,332.8379658573023,268.7572233392201,294.4413437727126,288.367952778803,258.48344106085443,295.73107523180613,215.48916002538436
2023-05-29,377.3265049535619,391.97489710833696,377.7355377761739,393.0118430667874,301.8560458919315,311.3354585750355,466.1586400413385,299.4942433255341,309.19620867209494,311.3169830457295,332.8379658573023,268.7572233392201,294.4413437727126,288.367952778803,258.48344106085443,295.73107523180613,214.87498835840339
2023-05-30,373.11842867867784,388.0661845909711,373.3205829267471,388.892429443102,298.3196447822913,308.0632216359574,463.74438287543285,295.81193834546707,305.7753197356039,307.87887193160213,329.91445950661637,265.23210214336524,290.9106802905833,284.709636051426,255.3385680188101,293.33521694654866,212.45026282417223
2023-05-31,370.5319919962851,385.6244187128443,370.5632678331622,386.2718092555911,296.3345759840219,306.2217257368823,460.82028579306325,293.7071811042331,303.8092771719168,305.8049665533317,328.32707140866984,263.73404094608406,286.87907560506017,283.56925413465876,252.7128381032973,289.93935901269725,211.80034119774476
2023-06-01,377.95155634849584,393.1127215101512,378.0992200344519,393.8888244554772,302.619376471216,312.5379089378023,467.81046763612534,300.04559529864184,310.1861395439618,312.0309990063185,334.0066996138283,269.11014834376783,293.5518618386966,289.14138918978637,257.37365613783703,297.77639551632717,217.71421093827178
2023-06-02,380.3149883558548,395.4066736273456,380.8871718989073,396.6396584776451,304.49563247755856,314.3391570768951,472.0543819091047,302.2548516162957,312.34397172313874,314.13771473453573,336.25293372763963,271.0962210244132,295.3231915574645,292.13627206399616,257.52702327082477,297.77600867545414,219.71957819416698
2023-06-05,375.2321776262748,390.11844504885136,375.67883185058605,391.2071226193748,301.034542211316,310.7882256210775,465.51368488242383,298.7461011169154,308.73777141540194,310.12692475115836,331.09614977191416,267.03233194137994,294.80214169921817,288.2857793353194,252.6945762613909,292.2979766999817,220.13628040025503
2023-06-06,377.04321342380075,392.22347881581567,377.636364739796,393.483261414194,301.95530324049486,311.9008988240107,464.15526446597664,299.75811179903013,309.9555782092945,310.8917578318433,331.1607731306373,267.792299506146,299.5453807666315,289.345365121882,252.19762162278928,291.4059799996463,224.58424524934753
2023-06-07,374.71420798683334,389.53220580687565,375.4280454613074,390.90732080870055,300.430047225103,310.1173960388645,463.81083516563103,298.36010676675045,308.2996942166555,308.89017241265566,328.13509942071386,265.215974249166,299.90003388361555,285.9122707899361,250.84167254410104,286.79086236357614,226.0917339428207
2023-06-08,377.73941024209245,393.056293372466,378.3538464618392,394.34519236310746,302.85305230736526,312.9324408655918,466.99285781648365,300.67940001208547,311.0175791086392,311.86081646853376,331.42037786794515,268.09596443152304,300.19982030744495,288.6880962352667,254.15763722767397,291.31259473104933,226.0917339428207
2023-06-09,378.2413295564215,393.72582294785275,378.91586782903477,395.08709009733525,303.283887427859,313.5007187881181,466.98222591101495,301.1572707056415,311.6414894196583,312.3091489974454,331.6333920765256,268.59270497583657,301.26059726057434,289.8520952802809,252.4980460918702,290.4947758141471,227.9589575235915
2023-06-12,375.0167641165411,391.01763711875856,375.7048723830917,392.416517045434,300.9559216764146,311.64190373449753,465.31536099540045,298.87182930107093,309.8446209679716,310.26183946240036,330.68479772568537,267.1365041483164,295.48484013739204,288.34167876989466,251.9126408321613,288.55622379095377,228.62448490634947
2023-06-13,376.46128740708275,392.1624022933302,377.3650412740723,393.78223831574684,302.19358393306857,312.62720813321795,466.60078637993917,300.2802499348706,311.0056275520235,311.90027706009886,332.28686523085327,268.71591480232246,295.27709509910426,290.7518450109976,253.2812451504365,290.62356595364287,225.62394490177766
2023-06-14,378.0626380490652,393.96870989328966,379.02273946145357,395.65853540430237,303.88361515842615,314.50688508941397,466.35958856273294,302.01911147792464,312.94522306213264,313.3614687201311,333.03814043754517,269.99504725284777,298.0021119938585,291.40994981703176,254.7301308999488,292.18681540956777,230.88222377972102
2023-06-15,378.62516560603234,394.33729595431646,379.64481645024955,396.08305949564834,304.25561552978763,314.70790523024306,467.38194216450574,302.4338082389837,313.18616502659415,313.48399775206445,333.43530739890343,269.9148198201119,298.35814998472307,290.3718345857145,255.72727175660694,292.80382855869806,232.02228408828566
2023-06-16,378.4881940180701,393.98285965755724,379.542231333621,395.7562559710333,303.8121837855855,314.0596713725254,465.07907808485083,302.00857131513897,312.54996778768515,312.86405089501176,332.0657073826906,268.71408696739303,300.42243514064864,288.7815056998462,255.53981568229912,293.71175896962484,231.41373181201388
2023-06-19,379.0321649650132,394.57087832286135,380.1086973887415,396.3705480451836,304.03869596070086,314.3031898250374,465.07907808485083,302.24274547577096,312.8024134593273,312.86405089501176,332.0657073826906,268.71408696739303,300.42243514064864,288.7815056998462,255.53981568229912,293.71175896962484,233.65667793808825
2023-06-20,373.3310160131154,388.61039408921783,374.41995447356635,390.41286329975685,298.72390134022345,308.75707965039106,457.4896535095081,296.95350424404,307.2743370650095,306.7774491589669,326.26516560717454,262.74790370059964,296.9259560916668,281.7758458677918,250.47535985264054,289.13053363073254,234.10674145630247
2023-06-21,375.14606334695884,390.2710211132053,376.2938104360352,392.1300343664865,299.5110432339306,309.3541799836747,457.0199716290075,297.7536716453766,307.8786614002668,307.34633051743623,326.55947038278987,263.15375638185503,300.3617192390693,282.107468150453,250.78344058126726,290.49880725855525,234.85648004201934
2023-06-22,370.53265910075163,385.949951539856,371.7126193003294,387.8578148701204,295.7949239535724,305.90890342264214,454.7445546471989,294.0961749241216,304.50576991346793,304.0139906800855,324.04015154927725,260.40265432577115,294.83912179772943,279.82851487818135,248.36235105213885,284.61927452633574,231.99172576405584
2023-06-23,367.4395428720874,382.60481972915727,368.42850182018685,384.2946098362015,292.914624355918,302.81146246169885,451.71079104426565,291.067009793156,301.2392172467554,300.3998288650555,320.50015618824597,256.8350983819967,293.4356155190001,275.0837071491943,245.4925741947383,281.37260617187104,232.46519150582924
2023-06-26,368.6020170143614,383.7398709312673,369.5673725344982,385.4026459034597,293.9959893332529,303.873696296419,453.2757103148534,292.1257376641418,302.2765773752862,301.8570679568708,321.6410400503855,258.6119473170883,296.07045646664625,276.9748117268988,246.57441806078592,280.9295467397893,229.66694425483763
2023-06-27,369.3968772867135,384.9905066444728,370.514069235815,386.8381176196165,294.54216874042703,304.78306624585474,456.1340169831654,292.7880620089053,303.32439395651255,303.3236634120015,323.51140408736995,259.9174007464426,295.136174118965,278.5843009667629,248.20907488745357,282.1168792702504,226.94600336331655
2023-06-28,371.85291770422185,387.2171284108893,372.9763315680451,389.06072778957747,296.6973927684508,306.74712467023187,462.19921159475905,294.93728787515295,305.2753962260582,305.5352179236048,326.512175642389,261.478499775272,296.4080475969895,280.5592066924575,250.0169069138102,282.62203492665117,226.26130630787
2023-06-29,375.28624738108357,390.70030237025514,376.4487037654092,392.58789022383405,299.30994564190974,309.36711584882664,468.1361915159967,297.5528759432701,307.899438666366,307.8493107646545,329.4747531389016,262.8620134862332,300.5359841497362,280.76393992901137,251.53192670366943,287.18267388240366,230.74919712749082
2023-06-30,379.0274190875669,394.58817056290854,380.23399953018554,396.5295497553375,302.3843033976913,312.54278595418236,473.8877284044444,300.63953357886624,311.09267177417206,311.33235565711516,333.55344171081015,265.8529652391111,302.29603218595884,283.07377592084555,255.7729800502443,291.95411521145087,230.74849625347036
2023-07-03,376.2042111227092,391.7968265534326,377.4917540237665,393.82796901582446,299.9609973670429,310.1527267433601,467.82932702682325,298.2973757991078,308.7908538752461,308.47071616144603,329.45123398688594,263.6585784964553,301.38015741481314,281.79870770102366,251.23677052804743,288.72009339537993,233.59081639722726
2023-07-04,376.01481265205126,391.59199156322234,377.2943978572551,393.6138362500157,299.8913412893476,310.07782306079497,467.82932702682325,298.22533525256324,308.7131718102795,308.47071616144603,329.45123398688594,263.6585784964553,301.38015741481314,281.79870770102366,251.23677052804743,288.72009339537993,232.88564718328578
2023-07-05,378.86617311647484,394.20228767718254,380.14837689989116,396.2154812638373,302.27216847516615,312.2481384991763,472.16455883029676,300.59135719425984,310.86014571549214,310.5286580129314,330.9151032937151,264.5109559431488,307.4712650169442,283.0752849757374,250.15600413792137,291.7799441671812,235.23064878718495
2023-07-06,372.2064630882943,387.02825875072546,373.23070560377363,388.73978707684955,296.9677199114546,306.56737943787635,466.89623501648106,295.12315834546416,304.9881157423482,304.64312760822395,326.73773322613823,259.99959300327333,298.05585231173137,278.13189440145345,245.43274881208333,286.4207291902802,230.95190265941713
2023-07-07,381.4492057121498,396.45861523544824,382.5343367197544,398.2430015817455,304.2894941929714,313.975012572659,476.2549700145996,302.4265190539063,312.3804713734225,312.20165991333363,333.00301989904585,266.4700602549785,308.0691664261481,284.4371586642865,251.08787415091564,294.43727315527195,235.09424877023793
2023-07-10,377.84694651018475,392.78988361823536,378.9144490101406,394.5527906575049,301.3915332598563,311.0457988869991,473.30197083162943,299.5392630770626,309.46109022717627,309.3684036032146,330.68063224001946,264.25659704363545,304.0075953932228,281.6291089898996,250.0348251460418,290.20274321006593,232.1976039616563
2023-07-11,383.1781924231203,398.11507578602425,384.32978100015185,399.96791632473366,305.66347890819526,315.276763538883,481.2368118241718,303.8424752444999,313.7250297030713,314.1303394968876,335.4399758872796,268.402124587145,307.5226283530115,286.21446562066353,253.92524920997664,293.05766293442394,231.27491359283394
2023-07-12,385.5629526424133,400.6440238279052,386.7563782540765,402.5482166521679,307.83826614060047,317.5733796699162,481.40397635454076,306.04364483498625,316.0548683134105,316.768546906297,336.98748097639907,271.09438357808034,308.75534275698556,288.25723732124345,257.5081717254621,296.64340029519207,230.5194602334171
2023-07-13,388.4394102019306,403.58283526535183,389.84824745159113,405.7225177809772,309.888190340036,319.636604187846,481.3332078267318,308.2417571652827,318.2783584333817,318.92573925082536,338.85295108661404,272.77266728071265,309.39385593843826,290.11926504510876,259.9483387007169,302.13708232494383,232.71209815399004
2023-07-14,383.2588471417994,398.426796715873,384.5652750619571,400.4577452328978,306.08141884535524,315.91009182069695,474.7727206061847,304.3994278437039,314.5159802207389,315.27974212059365,335.89373127007286,269.9507372039947,304.5880609221966,287.1987848416856,257.40720664608705,298.8316996414475,228.96565357600144
2023-07-17,383.50849372987386,398.9195768300693,384.835491633519,400.9837702161116,306.37784083968086,316.41238184363954,475.8235167482858,304.7143142306182,315.04582490241506,315.69849606940414,335.979933644232,269.780751617541,308.3321864283834,287.32532336659983,256.85586545350844,296.25006490517603,230.24910752627528
2023-07-18,385.9031659799198,401.1303730634759,387.10595959399774,403.05117226591085,308.4344314408685,318.31120115288155,481.67355002967645,306.6563457767056,316.8157513742782,317.7138509415351,339.34377510757827,270.9321842020459,312.65718030439325,287.37504704383696,258.5645810953434,296.5945388742792,229.60307557548472
2023-07-19,386.11084182666855,401.404648729894,387.3090180362463,403.32340787416206,308.57535372270115,318.5038019272307,483.2834115885281,306.791121513494,317.0036628230096,317.8902572096361,339.80725365409427,270.8874337718582,314.2742428062304,286.99427790918503,258.5290464268974,295.579108979423,229.83495276568564
2023-07-20,382.60479120739535,397.6000347668875,383.79203406198855,399.4941314961024,305.7616361339302,315.46729132312817,478.45523096371664,303.9931631205496,313.9754200017134,314.59796183882463,336.2478433055393,267.93538373893193,310.415374120988,283.4263243386162,256.71697476739394,293.4233162797634,229.6720626191343
2023-07-21,383.6968610129553,398.5446603086077,384.95335593862575,400.5069113160606,306.6046083223151,316.1788093812861,480.0898920992534,304.8843316591943,314.7341108625244,314.9451643478712,336.98444541152213,268.44405084540483,309.9189839144666,283.67005454984167,258.08865031200077,292.6017500253801,233.54359831127587
2023-07-24,384.2838162311591,398.8639071998637,385.6882029130785,400.97399803858104,307.4269832943612,316.80182248282006,481.6761310316568,305.8363800102593,315.48934532555774,315.4122805510321,336.30197844433735,268.9927368533255,309.5115920914527,285.37285509073047,255.81655805113462,292.52458852969534,236.45829433675104
2023-07-25,382.16937800190067,396.65060309556594,383.56387119579034,398.74589328211545,305.778593376693,315.0895458156583,478.78762482682976,304.1964498249618,313.7835232537129,313.4620307398853,333.6722329638833,267.50921649369747,307.3436889872703,283.75394433868706,253.40726062223945,290.5440694783133,237.19889069888947
2023-07-26,384.96739329888567,399.6985154668602,386.3347179071476,401.7752794683435,307.9935975249904,317.4898807291555,480.70553159229934,306.3682195376229,316.14465974412735,315.89248388321727,335.8149268453651,269.68467982951773,309.961744907211,286.6651670298619,254.83781864718992,292.9225346144937,238.38663573318252
2023-07-27,380.6983536182244,394.96967772424125,382.15831656320285,397.12654624885414,304.5365321459269,313.6796211219387,476.9590668167381,303.0166494366065,312.43409979779176,312.3596439091822,333.00869369949874,266.7288197421426,303.9203090098305,283.7853392932916,253.13802682705094,288.8522610608058,234.13801355547892
2023-07-28,386.0172341214641,400.5423460976056,387.5687452050496,402.80872862744053,308.8980391903664,318.2214002592018,482.4438816056447,307.41930866577565,317.02747033078373,317.16087812058385,336.62403300914815,271.27862089200556,308.13562565783246,289.8226240534152,256.6251407664811,289.1455387978877,235.85734708237024
2023-07-31,385.629861094317,399.9544910146779,387.18237831163856,402.2128394151368,308.65796659780267,317.8233566907326,484.01205992173846,307.1852827233076,316.6299244273482,316.44331344639284,335.7839326137288,270.38702653737636,307.0263155124151,288.3022825527249,255.34193441197766,292.1014241523717,238.1780272455229
2023-08-01,382.1177487996535,396.2114212604183,383.67048026237325,398.46009921766733,305.5541984949055,314.5323159997547,482.5629561443896,304.09651592002473,313.34750031986187,312.8928294292441,333.1814083041351,267.2794051501897,303.4415330474721,285.5542728870817,252.1712685965924,286.2139734905281,237.94428457208588
2023-08-02,379.46651268689106,393.45312576617187,380.7672152991787,395.4251984559407,303.3956197086686,312.3010674085902,481.4510596129514,301.74783232056956,310.90916973858407,310.30973032478386,332.00925580664733,265.31445189583167,298.7939264051926,282.81529989916675,250.52940338478945,285.0806534541571,237.3333109613732
2023-08-03,381.02380988454104,394.71903786203495,382.3386310902129,396.69291764213034,304.63307396533116,313.28660918611433,484.21094667429105,302.9854979981876,311.88580308391465,311.41175432155205,332.44681894249953,266.4317760046644,299.40001731642576,284.84849558901396,250.6401864137326,286.2935923007609,237.0080609778308
2023-08-04,389.4214639403097,403.28070113100193,390.71091161664515,405.23320659340254,311.3900693472128,320.1235437773439,493.5904757465576,309.6628643049013,318.6413234781012,318.788559067611,339.6504945806849,272.71404359800067,309.16953184215583,290.69290260686245,256.64452524961587,293.15142577249344,236.85445786439922
2023-08-07,388.36339131454065,402.2343656148963,389.7372374492009,404.27860639963586,310.5433992483873,319.2938787410362,493.4775615722126,308.89332064802744,317.8948256861946,318.0373600231381,339.99414329556345,271.81218370759274,307.40684506337874,289.44434683753906,257.49117327730187,292.88107543430726,236.33516981804163
2023-08-08,386.65531937454256,400.3037410935423,388.0107824049479,402.31836209914167,308.85172874252294,317.4077737554246,493.54664435185754,307.1875015685605,315.9860928889394,316.10759566305535,338.7292314815308,269.95133006619733,306.7824279782567,286.49845951429376,255.65582867437874,290.51655734866114,235.08106454745618
2023-08-09,386.57367399553834,400.0010323536041,387.9979215530443,402.07984110812316,308.86637953294166,317.2461938125674,492.66719171216414,307.26212141522785,315.8822513592695,316.19683812284904,337.86007087681594,270.47895641879694,307.7042788557283,286.6500903171757,256.58047790904914,290.2368446933611,233.42397654620376
2023-08-10,387.52923681506985,401.2025662940199,389.00040610447826,403.3429502907282,309.7047458500867,318.28589176521615,493.32313371383583,308.13485806229585,316.966358445762,317.34003462996424,338.7637178021814,271.11392548913716,311.43364521798503,286.84134849430626,258.1191032200736,289.3218524524033,233.75402111584816
2023-08-11,384.20317608520685,397.64844512899197,385.56444139531993,399.66051778945246,306.9820596903293,315.3937730010692,493.6752599484308,305.3432658575713,313.99370682288173,314.18531425319105,336.60320786051415,267.95424551494443,307.3996507729333,282.7979992525333,255.4939250360507,286.55356136056105,233.0086149149716
2023-08-14,383.6099135397418,397.04082923507593,384.9323312464487,399.0104724310368,306.43841129780935,314.83765236104506,497.7109277265498,304.7694852336078,313.40476968227773,313.9979601225829,337.7961932821693,267.70576029009266,304.52728454561503,281.9786236332083,256.0950979982719,286.6793251579284,229.2925672092589
2023-08-15,383.31221884645527,396.810728141294,384.50777881758927,398.64671511600915,306.1652356301933,314.61987415188383,495.67528607846907,304.3927783569037,313.0780965615957,313.74621158451794,336.98993750367896,267.2848843402474,306.68802654992237,281.7441072032546,255.2000947225753,286.66349893982,228.44676191511124
2023-08-16,381.6145742738674,395.18462872663605,382.76223974822597,396.9724368245495,304.8969982400959,313.4285127040259,493.36987254049154,303.1002995163267,311.8633746125457,312.54056494574974,335.8058351346877,266.19548755395505,307.38817843780924,280.01120826685633,254.8635728425384,284.6657241445094,227.46695393042685
2023-08-17,379.16531854390996,392.40943569398473,380.2228594058805,394.0858275038809,303.68913285547313,312.02063982810284,492.65401407020795,301.86117948853644,310.41451445245525,311.2503531272549,333.83341144192207,265.8629104470849,303.4973440368209,280.4261139822061,253.21508849153642,282.265508991002,225.11489052924296
2023-08-18,377.8628067067179,390.87463104451575,378.89741097264323,392.5161544748123,302.9012546450814,311.06717056689087,493.0220421310163,301.0722580962767,309.45378766853685,310.010554344835,332.95282692080536,264.40462600420807,303.56655114271757,278.1750533399302,252.30108843447096,281.16529074141636,226.61784070757255
2023-08-21,377.86926311025763,390.95084961476203,378.8894966463936,392.5799846145844,302.89346830381544,311.11619694638534,494.84597123011287,301.0521130607635,309.4916410208976,310.25422232398444,333.85253830139374,264.77374669562727,303.0147276883516,277.89231092401747,253.1687293796212,279.5547165237526,224.99115261430643
2023-08-22,378.8647134319375,392.04695011644526,379.8673074658709,393.66140711794145,303.73575688948875,312.0379527880765,494.0635249407644,301.87424721225284,310.39483039727276,310.7832268076431,333.91410083167614,264.85852229272905,306.80663959202,277.8582442529933,253.11526887801946,280.4993413140503,228.65037522727798
2023-08-23,380.8236626517549,394.46833949560056,381.8817951369751,396.1628742869449,305.2862613762539,313.956385142792,493.9191134952616,303.4560711018292,312.3603768979385,312.511434861631,334.8768977177452,266.0500318684696,311.1653130598552,279.6315790577072,252.26117254400168,281.93495136084425,232.03895598671426
2023-08-24,370.8522794572351,383.983965205662,371.7453205031123,385.4789818803708,297.2979339353417,305.6125066775576,478.8988224343056,295.40230257450366,303.9320630597411,303.72328609389365,325.1648836703053,259.5510289220575,301.13277785852756,273.7293134826283,244.53936863418585,271.82935107684705,228.68357941565984
2023-08-25,373.9467421542055,387.0183764955851,374.9109148180336,388.5870698335146,299.8651004894649,308.1146201385629,485.3132898076843,298.00916298682705,306.4748325060735,306.77181223615463,328.8283238341784,261.8783937366828,303.8523380314366,275.4540943587359,247.50984908806393,274.5685235016029,226.39351993961415
2023-08-28,376.20295181078404,389.48166091912356,377.24787438951637,391.1462603365006,301.7414783690592,310.1515295189519,487.65523014585665,299.93854139232474,308.5746333668653,308.9163742508117,331.0559639251294,263.92319012989896,305.5510332032353,277.8893025143506,249.5922419877551,275.40419435535654,227.5977999442932
2023-08-29,381.70038376371,395.1969261339158,382.82425377608746,396.9555726870318,305.59411036290294,314.1083564262395,494.2205262398359,303.7986722615844,312.5439163641897,312.9554054946226,335.6716893401012,267.45000755559096,307.41732717709834,281.9999940121417,253.22655125824403,280.33604443627024,229.99581478052517
2023-08-30,379.63070219792706,392.9679126758474,380.6963294095062,394.65694184840635,304.1062798537623,312.51481663591204,494.4665786215437,302.2832713974895,310.9167357670797,311.3855356805876,334.73050653245775,265.82421309765766,306.3996557927072,279.86773765124,252.26494104724804,278.7395201736228,228.31777682655675
2023-08-31,379.0810537450246,391.97202662797434,380.03650930050503,393.5225080206899,304.1492902285333,312.22578071446776,498.61508403808415,302.2555360905149,310.5398421332524,311.59306027663985,336.28763008824967,265.82794188909725,304.1862064672566,280.45956943918617,252.0453951427399,280.4946948203029,223.322771921856
2023-09-01,386.3631763653137,399.21111549299906,387.41481599344155,400.86237441161387,310.1199647079564,318.1194643981224,508.86920216207824,308.258499005892,316.46628213769407,317.4475538473215,341.673502202753,271.1278456618591,309.62124273968277,287.31708515611797,254.02061856855528,285.2569471488381,228.31041305802256
2023-09-04,386.34055998492374,399.18684825142054,387.39126582520737,400.8370320885919,310.0415095159385,318.03576630846544,508.86920216207824,308.1773953628436,316.37954970754566,317.4475538473215,341.673502202753,271.1278456618591,309.62124273968277,287.31708515611797,254.02061856855528,285.2569471488381,227.55954948473004
2023-09-05,381.57021576501313,393.9557864875287,382.5980846913009,395.5615980839307,306.17698180756486,313.8197934349561,507.43967217212804,304.3264999329931,312.1648256418567,313.09643822997015,338.0699250842254,268.03025331448305,299.37409855664396,284.8076621227274,250.3186219072934,280.7794612861878,225.4913552337809
2023-09-06,382.1993291521732,394.3876742234523,383.2293663365123,395.9870140971283,306.640737143312,314.1131328643343,508.0065653702225,304.78621193962675,312.4477496530264,313.67112825436504,338.3978005469107,268.4130965395688,300.1803224971422,285.55371558293416,250.88091930377252,280.76116409557164,223.3909921012445
2023-09-07,380.9110507189509,393.0860684537764,381.841584471094,394.5780472346801,305.31946290121994,312.77086405778107,507.1582505700401,303.3820611435925,311.0160287338135,312.10313540992274,337.75771248707395,267.1174178817496,296.66092329002214,283.5848130117206,250.35460254548224,280.85620695687305,223.3909921012445
2023-09-08,380.37181442755264,392.443055886161,381.2779481184719,393.90431251822895,305.0224251378606,312.40050337052725,509.18875399101375,303.07320803526443,310.63037823679593,311.8588826140178,337.6405734126908,267.13885745621843,293.4421182761346,283.5130429733457,251.03238753372804,278.8178950728742,221.9901056143431
2023-09-11,383.58196289035425,395.84802331023826,384.5719588261145,397.40757829425445,308.0163458803341,315.560982808711,510.7810528681098,306.12768208653483,313.8619256964839,314.9549121452341,341.2664893186044,270.59361674975105,295.64367603030064,286.21606669392565,254.02692868009908,282.4359257044539,225.46070412521732
2023-09-12,379.8760205249693,391.7846483435371,380.9481028011113,393.4170983372068,304.74107813776635,311.9951362866011,506.4631030812639,302.9364694318523,310.3748822415948,310.8058875778144,336.0884231875161,266.60485927199335,292.56462059819825,282.4916729185642,250.02624858179138,277.6049889684328,228.07286510766832
2023-09-13,381.42255301932477,393.3922247461804,382.5414895895142,395.077513262871,305.80871377130546,313.0915046301963,507.79771684732407,304.02604336718724,311.4958554447831,311.9809479937048,336.94542610846645,267.1055715388788,295.8865508392509,283.4163309742335,249.9995533148375,279.17480034496185,228.47256747070966
2023-09-14,382.2616266260469,394.1146298446351,383.5007618919895,395.9237279423283,306.44276717684266,313.62071111523875,509.38905461771185,304.75217731679965,312.1196111685186,312.5821072544858,338.4821317643272,268.13325987395285,295.7361806579902,283.89350335665705,251.29071107794226,280.48107678372577,229.11992640126945
2023-09-15,377.35678481262715,388.977299738056,378.4359275526714,390.6048740631991,302.44235534997273,309.45725619882023,497.1603094489945,300.6520287638,307.8432597734868,308.0657818911974,333.1599281579807,264.729958242208,292.5081807918352,280.1949923804901,248.8036594751701,275.91734056179604,227.86454878808118
2023-09-18,377.11101603668857,388.68846729712305,378.09788832988454,390.21511479129384,302.17703794281954,309.1536195309957,498.71165099549825,300.3099078826237,307.4562811651523,307.7488747460567,332.415237053943,263.98060030170893,292.5351399025165,280.03687312374177,247.19428519596477,276.7290883487451,227.00571142654212
2023-09-19,375.5424138550363,387.0412250997908,376.5181749313823,388.55265854760734,300.7056328178813,307.61424966150605,495.10380567677555,298.8332803215211,305.9086888603458,306.26140087461494,331.0826061877245,262.5365003840704,291.4671161855579,278.1279480148011,246.41611827561664,276.0966396701035,225.3633211746906
2023-09-20,375.0347439327391,386.70980456413275,375.9429777923991,388.1565881874029,300.2883709217471,307.3454931714038,490.89177396203365,298.3635391464378,305.5892424705418,305.76305403626725,330.0644418830708,262.2957209232144,291.0566525496591,276.94293794942615,247.06368576631496,276.2531736952014,226.57309171345082
2023-09-21,369.53044131344325,380.72587276088865,370.2795847262943,381.98137591073794,295.92162209750256,302.62296981749483,484.23451448315154,293.9060825801743,300.75657863041914,301.12015672801317,325.47484294273715,258.5084191904873,285.6907969126345,272.73275526380434,244.40981142307828,271.2598956268925,221.42079868860702
2023-09-22,374.7598988582036,386.11208816882214,375.5113098339066,387.3763446468503,300.1344174709101,306.9308051510211,489.73300451267176,298.08429877101025,305.0315572058669,305.89538561782797,329.24724735571107,263.0256206393825,287.0373701857667,279.037456770052,247.15199467815526,277.6395536797426,220.56358788310013
2023-09-25,373.26721100041385,384.56223679919907,374.0354028836404,385.8421536626361,299.0173799189856,305.7818034162003,493.1421338112426,296.99433093605865,303.91011070172016,304.7077617244255,329.01830553513497,261.95090054709897,283.2287602238867,277.63205951714866,245.08362862709757,278.20121514253276,220.25238192844648
2023-09-26,370.80698618110677,381.7361714833902,371.49075427622773,382.9098476392433,296.926324505639,303.39755832780077,490.7111504832168,294.84711174750566,301.4553308328384,302.51931727718005,326.5817842026897,260.0318088081267,281.61747906649725,275.01366908043036,243.34571795772945,276.95358583992913,216.3044320803771
2023-09-27,372.2914420415113,382.90224719082204,373.1610020328612,384.2612073233932,298.0603645606993,304.25475010715087,497.01916095234503,296.12213951318427,302.4531615664215,303.64845995017,327.56708381638873,260.88979212050475,280.4695724011921,277.19742372701353,243.55272737812484,276.67730800748905,216.0153258947745
2023-09-28,378.75927971263457,389.88380585860597,379.80462566641376,391.4528432194561,303.0147734805759,309.5751787955278,505.15573216021767,301.16804404573287,307.8846050545036,309.0971276462087,333.60495935173196,265.3008439311347,287.38981642373193,280.6948734767012,248.74283277665748,281.9699030322254,219.92770855991085
2023-09-29,377.2895488594398,388.4709548344134,378.4512081311937,390.16734807721525,301.86274317321227,308.4817954267338,500.5394126188092,300.1232459823311,306.9073710845709,307.8373076098975,332.0083649186118,264.4114376937106,286.3568644891969,279.83034959582585,248.376704975785,281.20579731722637,221.411241687598
2023-10-02,374.01332889068516,385.2103749266961,375.16270405236673,386.8947034309854,298.8500076306354,305.4800981281309,499.53351679632243,297.1104903375266,303.90567528925965,305.05545432452095,329.856069058064,262.20840208508076,280.98829564295806,279.230040030688,244.37930205384598,277.38765485977166,217.43444558726023
2023-10-03,370.7560373593709,381.5704470820205,371.75805905897136,383.0801012935315,296.1468312811423,302.47769102277016,496.1025101881403,294.30593228847727,300.7840385161228,302.11665244260456,326.71817407345424,259.86229475240725,274.7273684526893,276.6638383269057,243.38984944697395,275.3273840049278,213.67490822901826
2023-10-04,377.73548711883376,389.5392399384638,378.7312115275905,391.0850133435061,301.5437757869306,308.63054010348066,504.60024446946016,299.64153788403934,306.899389826611,308.66547397436,334.4751292192412,264.87968370148496,281.4963812503934,281.71070299838215,249.76018131184978,283.25985307654315,214.8576622114198
2023-10-05,376.9817908191212,389.0824352535945,378.00608840612574,390.67208362455335,301.10485398085245,308.45200770234203,501.86254734727464,299.2369991399458,306.76680405068504,308.72321182774255,335.28535500769834,266.0022518544727,276.38150277392594,283.66433100067616,250.1667378404431,286.34995530970235,213.30170055613934
2023-10-06,382.11464940558517,394.5191606073871,383.2464442767304,396.23716136679985,305.1142913411272,312.67026944562826,508.6770766088897,303.2949936694648,311.0450323409684,313.4019016917787,339.7628768208377,269.8167850595163,280.3070801779244,288.01512500437866,254.23868423028418,290.39343859573637,213.44027350604935
2023-10-09,381.6851249384596,393.5099188236367,382.5841647797718,394.9518927268416,304.9538059644272,312.0469585539598,514.3547674493223,302.95220170114425,310.21016444043084,312.1342584779259,339.1573943455311,267.97897049948637,277.6241852970395,286.05159811981963,252.09098540677127,288.93597323647117,216.06211896306186
2023-10-10,385.57724196175735,397.7900803176597,386.6901672543045,399.4782652645393,308.28876904325654,315.6892922989175,515.3557875122084,306.4428193963308,314.02994954337805,315.84662450977504,341.84905142844997,271.05667384695533,283.73293406786195,288.6820227114781,255.44722687581483,291.4145642020472,219.72093028473356
2023-10-11,380.80049943354135,393.12738486570686,381.85241291082866,394.7557031930322,304.7374747571339,312.28272836078924,506.6318203331128,302.88452227333715,310.6206496550581,312.0876016757402,337.75603241110815,267.85794521492096,281.23658416390737,285.4415177013902,252.6273770314494,286.06586122451046,219.8607416231459
2023-10-12,377.17232274868155,389.29182982507314,378.1231305098077,390.8027216990059,301.77639156903393,309.1716730621839,505.06830183754585,299.8640162600465,307.44026165522024,308.6017021995435,334.83035725800295,265.265253026264,277.0722395861302,283.38091235371337,249.50565073383095,278.6620242437193,219.8607416231459
2023-10-13,375.8126635945456,387.13726299242677,376.2510785120594,388.06255364184165,300.60942543151504,307.35239340646774,505.4494788471181,298.2815301278138,305.1536606128482,306.6829737760655,332.2182333472562,263.3310281321953,275.1937047173688,281.35027233940997,246.32746817348016,277.01491303733724,215.27485439022146
2023-10-16,379.7562870189122,391.4623361080501,380.41499372037754,392.63985453962334,303.1663940577967,310.159112892952,510.4881043017193,300.97281661442025,308.11249970568446,309.63067626923277,335.3849624542739,265.5134091415685,278.59748287862607,282.87446749774693,249.039298688048,280.29071128704265,217.56269576155435
2023-10-17,379.13384695298896,390.7490626072844,379.7711414703191,391.8997356623916,302.71717751900775,309.6424495404734,510.6219926603967,300.51201421425543,307.58106176561495,309.3719650853528,334.7539742624641,264.68124620426795,281.6033016013714,281.4609009102723,248.80409694797697,279.90444240065557,215.0592474918525
2023-10-18,374.09096509641006,385.1540438502038,374.31471981579983,385.83756881825116,298.5721294895023,305.07001401004203,507.65126788567636,296.05910555681766,302.6648772341278,304.60432856337684,329.5564682864753,260.2618964457062,276.25024983785744,277.21435024237815,244.2743565807426,275.63577980724517,210.26710079481043
2023-10-19,373.4990967710645,384.1235786461732,373.4689138205195,384.51655570424606,297.87966643540125,304.0066080073604,506.1587414986053,295.15515058382476,301.3637176545554,303.1690386257455,327.9370907925038,259.5498888686437,271.78898486187967,276.47125853424143,244.1083853426523,274.4522778321015,210.31833572021154
2023-10-20,370.29947360424956,380.8640042735795,370.08789780994977,381.0603846232394,294.82955624469594,300.89898892605265,499.40895851918367,291.9638857053249,298.1035305541796,299.7135305359424,324.7938718821071,257.0069884373565,268.3890671334673,273.92522144060695,241.83821608725603,269.51303788185805,209.38455858805992
2023-10-23,369.2371711637763,380.14729933587296,369.12197968222137,380.4609157482414,292.72998280941437,299.01386981511916,493.82842038047005,289.9136375193214,296.27731792263114,297.5014201396233,322.53297460530797,255.3803184710313,264.1154309569883,272.16307390649786,241.21841409919304,268.50592889401577,210.99158866958228
2023-10-24,370.3793884254375,381.7855945049338,370.36291777110364,382.2252763762023,293.4364884187311,300.1056103147569,492.486833527794,290.6863901213139,297.4521032244157,298.56067201967727,323.44624495630165,256.6793689204608,265.4041913058804,274.57010939238137,240.9976113669459,269.84131478852703,212.7673832688974
2023-10-25,365.89671498346644,376.7587542374926,365.7088752185635,376.9922373577602,289.5970919484854,295.83517142009356,483.74823650458484,286.7315211733102,293.0437874803298,294.0673086043723,318.36691580443653,252.82881092818306,264.2970342708546,269.34599512036317,238.40575137791987,264.86299106228296,210.1520217690711
2023-10-26,364.5295113218672,375.57625310791667,364.25717035247305,375.72667541307464,288.5769476254393,294.97956017105776,477.8420165507812,285.6544500525817,292.1325966456315,292.51014128216184,315.8361461559795,251.3958166273522,266.0744270682894,266.8974818501406,236.7079157367236,264.48411378974305,214.55159791143203
2023-10-27,363.0379511009562,373.73192407097326,362.5731402822408,373.66163319466665,287.45170067745966,293.5803897505535,473.17181238450246,284.3849144189643,290.5708080640441,291.3459203396889,314.0774356683806,250.42207500195013,266.27024353888595,267.14510087561143,234.60089368299245,262.1076064898904,210.18057892502955
2023-10-30,363.05598093936607,374.2680436771306,362.76303689321054,374.40258301599994,287.34840015588054,293.892907586812,474.17049205816556,284.4182781284631,291.0416433076063,292.14376648620345,315.8434029706532,251.81541824980073,263.1878623763773,268.43687505457353,236.2796164181103,264.4162658388718,207.9361111047474
2023-10-31,369.17356643778595,380.7423295618752,368.92332299590174,380.9370414775853,292.1125829920435,298.89943195460876,485.4907131376841,289.1696461338714,296.0432420688478,297.3761647228659,323.07552030697843,256.0405332290653,267.8941196085058,271.71507420325923,241.12063606884652,268.4707179342647,209.85080586134993
2023-11-01,372.57437260168496,384.4720083714007,372.5308783748795,384.90202090385617,294.68494600060524,301.7082051298254,488.4811443194721,291.8818143482643,299.00919462887214,300.15033452358193,325.5320193164114,258.0105989472621,272.98513900939116,273.66166277721686,242.1704617023263,272.98735258961517,213.5455853123518
2023-11-02,373.6891424564158,385.62442108170546,373.8703571622529,386.29740222485907,295.9386458759469,303.00868679356535,491.5039428294702,293.3215366524274,300.5099713189892,301.7937937166603,327.0233294082931,258.9893710339313,275.59040144733007,274.13091801600615,243.4172772523731,275.21946977535725,213.5455853123518
2023-11-03,379.13653709747757,391.7233030609149,379.4800149551448,392.59758550202116,300.48747998335017,308.0660225721739,493.1972782750656,297.96969484683046,305.69105315542606,306.4838314130151,330.96015798055913,263.1319433593698,282.4950310957189,279.5289551807807,245.03308268425604,278.7555544830582,221.22162395770192
2023-11-06,375.2539594608017,387.7089454763882,375.7152020191488,388.70464617605916,297.3168623583455,304.809248043004,487.0488743626427,294.9209776833583,302.56100949033373,303.2968929550465,327.10765299374526,261.056216467034,276.8896724498442,278.80542713485397,241.77435381871925,275.75552165209547,219.34376811341235
2023-11-07,372.6787972157247,385.609120810502,373.14196169496,386.62739237067643,295.10114933869096,302.9890399422312,483.9500194260705,292.7203135374611,300.76989542746804,300.9051837563662,325.1581058641821,258.9821088893733,276.77915006390697,276.02310799884697,240.00136586821364,272.52041668271744,222.788474441954
2023-11-08,369.8895548265133,382.98207069704046,370.4215478244519,384.08169512467214,292.76923309948825,300.8013496547519,480.9069274897556,290.461301223081,298.66466518812746,298.55729332448436,323.98013812658894,257.13921300807334,271.5157245053571,272.7960016176423,240.59431137723877,271.3044017590421,223.1976670464827
2023-11-09,370.7708009891369,383.8026178887628,371.17027088170664,384.75663871155416,293.0758895548829,301.0252960306479,481.6473707397475,290.64092281243126,298.7497749608548,298.87662970940465,325.10132573462175,257.8638713628713,269.6623497257839,273.31088040540624,242.6715457824157,271.9010841570383,221.33486607443965
2023-11-10,375.7599045115606,388.7665198050068,376.44183610709814,390.0235552568635,296.9230433921002,304.8092417164147,491.98608391572674,294.6779343208708,302.73569830911356,302.68664004019365,329.8344304780191,260.73623099350215,274.4238007846762,276.35904942843337,244.63360391224512,273.04215062162217,225.73471373910974
2023-11-13,373.0224985414694,385.714807524989,373.6329008297182,386.8814436149463,295.01691565091426,302.6840142774829,488.45335237924854,292.74223134448886,300.5708825942156,300.403001231876,327.286445978765,258.8256978213548,272.2332843831614,274.37915733580365,243.70089011926964,269.7922394287421,225.09815999386365
2023-11-14,382.9508611718575,396.3838872342786,383.79383517281303,397.83191350403854,303.442028754995,311.6804139512864,497.87151135495594,301.30139598522067,309.73190160642184,309.6528722009995,336.02756839111663,266.37097913739984,283.327891623361,281.62316532488126,251.20221703512308,280.29578955572725,231.18432613463668
2023-11-15,381.92919912624814,395.6960279628309,382.89457982855515,397.29076484344444,301.93764394275433,310.4089149026591,493.80154735255496,299.88180297657203,308.5591175477035,308.37379785419654,333.52118187804695,265.00806143090864,282.38308112279987,281.16551482858966,249.6374606692862,278.7186351551928,231.18432613463668
2023-11-16,378.9211569170881,393.1722987434517,379.60776311797616,394.48804810771486,300.0054279993613,308.9244025443361,490.5700258395154,297.7595788522116,306.8864870681112,306.19797129005434,332.741238045129,263.39817070471526,281.52665650204585,278.91250112717,249.38194321233175,274.44822137825633,234.08905568726888
2023-11-17,381.86505713369087,395.7402086046676,382.66811594054735,397.1651108711908,302.28170623354254,310.86839207694277,494.37391740322647,300.1072987690732,308.89609122925975,308.42166076461655,335.32515263071184,265.3509246264389,284.3187605825279,280.03126263322014,252.87167953923938,276.206137103622,233.78368433606536
2023-11-20,383.85992236379167,397.69124167947257,384.8981213046272,399.36778127167,303.74726106232896,312.2758807958662,493.47675895811943,301.74616462935614,310.4876448226813,309.955851061812,334.3496557687532,265.20712113741416,295.82121109183754,280.58052863222764,251.41929955732425,277.0029763623572,235.44614285865748
2023-11-21,384.03243161568605,397.7243103823829,384.816605997433,399.1205178888057,304.3318905264459,312.7764061931189,495.12326566803813,302.137257092856,310.77782657270643,310.5457053581035,335.57481765171934,265.67460588257694,296.883322581099,280.88825538643005,252.21242131474554,277.57724327080007,233.1580548553687
2023-11-22,387.6187081625956,401.62747167872357,388.4672212299024,403.1064690887662,306.6344339419156,315.2752601018653,501.2174417671818,304.44832995150506,313.29312533184293,313.3111903451369,339.67379493113776,268.270607565687,298.86933447389066,283.73181435997606,254.6111800677186,278.3507830100698,232.96337664482624
2023-11-23,387.77124749399525,401.79160279988923,388.62597421632057,403.27779404595077,306.7898430629303,315.441440124236,501.2174417671818,304.6088031528141,313.4651412162041,313.3111903451369,339.67379493113776,268.270607565687,298.86933447389066,283.73181435997606,254.6111800677186,278.3507830100698,234.49829961697355
2023-11-24,389.66358295025657,403.9882724579122,390.5078605116086,405.47628215293486,308.21559379806206,317.09708329385404,502.1037609490376,306.0096646019638,315.10245069666695,315.5093861490648,341.21973954653,269.4370471520894,304.56335409560864,283.48091646487916,257.5825353104059,282.23928117932616,231.09876485388673
2023-11-27,388.96382948668094,403.4285875737628,389.68335580025195,404.7881147790464,307.7911238970648,316.80103022724484,500.9014813259098,305.4929243074116,314.7118538263058,314.9354391488853,340.28945071600924,268.6168011021935,306.2539376913795,282.2465579894848,256.54401821284205,281.1725090589146,232.28550145539128
2023-11-28,390.85927453529865,405.19921776909433,391.4722617100191,406.43799003771795,309.17861703820114,318.0650117240294,500.991294944569,306.77587414467075,315.85963817028005,315.92022537177826,340.48287993034137,269.6949527735018,305.86328777509425,283.5122863353073,256.82527835914,284.27702777236726,234.461724422397
2023-11-29,388.7186882289625,402.70244670765294,389.3027438501447,403.89483165736965,307.47409702446134,316.08437473602373,496.8462268778553,305.0633104155707,313.8605024597941,313.86133766235605,338.9776226750806,267.8206239450034,305.5634256903968,280.46516819066653,256.6528901769683,283.4243712118972,233.46243865502655
2023-11-30,391.6114753138094,406.21736196301237,392.26869083741303,407.5151867765443,309.812833806061,318.91357996217494,501.6947354740179,307.4417967488407,316.7496368525805,316.60749198633556,341.9422297308688,269.8659703717404,310.2728808084896,282.2563909286969,257.8323846277252,286.88408999845706,236.78145570393613
2023-12-01,396.51452752850906,411.6396164974491,397.0488250199703,412.8265676312105,313.4851971576136,322.9599253203834,505.98422994118704,310.97095818003424,320.6560165162863,320.57254382182185,346.2756194617114,273.03333081401644,315.7864901015337,284.44358940043907,261.71203121473627,293.30449810711343,239.2045188225162
2023-12-04,391.781869702947,406.7801232542801,392.52113329792667,408.18374727735545,308.6295582518558,317.95543435070385,500.6208454319663,306.2822069504442,315.8245654166899,315.6625904771393,342.372903302907,269.1738814562404,308.04086623327646,280.0567489058821,259.40589806191497,286.57466954662686,236.25499701294603
2023-12-05,394.341462957524,409.61431738694614,395.1156391823406,411.0673445226924,310.0253993333119,319.5114541627495,502.2485501442415,307.6672128419345,317.3748058308323,317.14882635414006,344.37822162709455,270.4022869593436,312.8275981626734,280.36260421875755,261.3028613082338,286.9347902492822,237.93506085683796
2023-12-06,392.3153283733927,408.1332023776297,392.998935913763,409.5123133922299,308.4984871744416,318.4463390348017,496.5570882161979,306.08441176022166,316.2653253608888,316.22015625530156,343.0990716690917,269.57759806107487,312.3901601349055,279.86200096462215,260.63101712583176,288.5337926151283,235.61765947501132
2023-12-07,392.5259012902791,408.3607274543916,393.2744651207022,409.8109423912045,308.8566669588286,318.83088750665405,496.3175713922616,306.499749385255,316.71238985779394,316.4468633908131,343.2941103340135,269.47995250027054,312.56594202221714,280.00025409136424,260.58864417255666,290.4205294605698,237.75628565123264
2023-12-08,394.01611952034466,409.59900794954206,394.9996356127779,411.2926388757944,309.8125279245814,319.55528427559506,500.46295185553606,307.6278456954657,317.6143566462943,317.24895496813906,344.88726605946636,269.7983006587807,314.2731281070319,279.7643124962204,262.30207533372374,290.6873564024097,239.2525758688726
2023-12-11,392.2222433097509,407.65269207602915,393.3513298893808,409.4974889893264,309.17441122931416,318.8628461100827,501.01813663235777,307.1464395058264,317.0884055945431,316.8450341498934,344.8607609288167,269.88105442221826,310.8936188113696,280.64976188940733,261.7689615530435,288.8554019945898,237.84908991095838
2023-12-12,395.4554427996319,411.6070638679242,396.5926366780894,413.492323138853,311.65551258429673,321.90209798197895,505.2620945588555,309.6076092421167,320.1267166669068,320.1043455817345,348.61067460960425,272.4150808524632,316.54743439128566,283.2608032462678,264.66308554627346,290.894437563256,238.283976273795
2023-12-13,404.74307954439223,421.28908519403996,405.83323088411333,423.13932616535004,318.7701279122271,329.2544013723933,514.9539154192738,316.6074540489637,327.3653648897385,327.1756222100564,355.8017123603263,277.5752666530079,326.2829560974167,287.6363931938397,269.54620099883965,302.2890267148074,245.0383647618431
2023-12-14,406.154878184633,422.5159125055195,407.35756389712014,424.47969465558566,320.0009261238239,330.3333363658848,515.5690307639555,317.92284437616075,328.53024597249834,328.24614058335476,355.19149649341944,278.0376396302411,328.47183763934316,288.27976983963885,269.127293780258,302.3593889172204,246.68213810342135
2023-12-15,403.2014779801091,419.3403465232863,404.4371004783385,421.3303938231372,317.9067924169072,328.097290660117,514.8062628672561,315.8853932305671,326.3497025335146,326.07803155346517,352.6536144883658,275.5964131847033,327.4900424371315,286.7036891879025,265.3422870724827,298.88568898277595,244.95763966566355
2023-12-18,404.49957731859143,420.49972734412177,405.7024716794283,422.4478443949472,318.75454752424463,328.8098097226561,518.7873427216118,316.6909568949669,327.01209104000475,326.6505633344369,354.41311174891297,276.16285530768357,327.7083660348119,286.68981488801256,266.1445990978603,301.71436222872734,246.19279883958126
2023-12-19,406.3045686555257,422.22618497083806,407.5520017893391,424.2186948638492,320.39187685822907,330.3857308565686,520.2726675605999,318.35802890569784,328.6181041681417,328.1939039001779,355.56298712286616,277.2488357388555,328.1803821057582,287.3008070708346,267.6498637651432,306.2746048922343,247.90676581324703
2023-12-20,399.40177504492476,415.0071722912769,400.54069049677156,416.86924594790185,314.41293321807126,324.1609814677804,510.5995729178395,312.32480405952157,322.3250253448569,321.62412273239414,348.9486639295325,271.6173161987937,321.23935468589656,280.9586927341092,262.8330142116522,300.54831459069976,245.5259471077211
2023-12-21,408.7810032796437,424.9136956618249,410.04616412404965,426.9343789819184,321.90012434756017,332.015234132061,519.9480073616119,319.84708275776654,330.2315592326864,329.870578360821,357.37554435396567,279.2710754790021,328.69046958418136,289.6787735437234,268.93558400456664,308.52448353344687,248.54981179718635
2023-12-22,405.87999270511074,421.9712427197555,407.0600385766069,423.898425823298,319.57435639377354,329.6740381455297,517.589407482746,317.47274166998835,327.83713720731265,327.17911986158106,355.6146146396602,277.17087579394774,325.716959521023,286.70560079472136,267.15507650731024,306.7172422015968,249.23124691359072
2023-12-25,405.7120376960728,421.78991316808043,406.8851166700234,423.70898181413884,319.57435639377354,329.6740381455297,517.589407482746,317.47274166998835,327.83713720731265,327.17911986158106,355.6146146396602,277.17087579394774,325.716959521023,286.70560079472136,267.15507650731024,306.7172422015968,249.23124691359072
2023-12-26,407.0845841052027,422.95370375773456,408.2342576234772,424.83784748082394,321.0052850331726,330.95071737058555,519.5698399827643,318.8859467334903,329.08949545373827,328.3842962792321,356.4216228910266,278.158873467917,327.03348974997584,287.833193792321,268.1186430646425,307.9597508674812,250.55761529819688
2023-12-27,404.5782494589451,420.73283187096456,405.7350926771332,422.6378977037208,318.83075210331936,329.0124505632589,513.468025846237,316.729470790432,327.1786874383975,326.1690722992909,353.6474260968042,276.63376330888644,323.61561105286285,286.23038412703596,266.24325541977146,306.16662235396757,251.69212421863617
2023-12-28,404.76927984122125,421.3063833942468,405.9841776406657,423.291410186953,319.18564006963334,329.6919992583391,512.179147453681,317.13682829871505,327.9264068677376,327.0680752925534,354.4564277481787,278.03833153021367,322.9410706992272,290.21998871010805,265.14978621693626,307.54871833497185,250.9636080466142
2023-12-29,406.344209058337,423.05626352898787,407.5712018178643,425.0619693991706,320.5669796334856,331.21458387092514,513.1095972574087,318.5208275176749,329.45722198448044,328.7336843273615,355.7270330489012,279.5358605284592,324.64820084981255,291.5978425161054,266.6567120238988,307.94701514690206,250.9636080466142
2024-01-01,407.0844334162813,423.85657279026947,408.3422174854392,425.89823706013556,320.5669796334856,331.21458387092514,513.1095972574087,318.5208275176749,329.45722198448044,328.7336843273615,355.7270330489012,279.5358605284592,324.64820084981255,291.5978425161054,266.6567120238988,307.94701514690206,250.9636080466142
2024-01-02,402.5334246457442,419.14375705334794,403.6314309936287,421.0056927461742,316.6197316649229,327.1420910551626,511.32591116986015,314.4661185665861,325.26365224562414,324.79000361413506,352.5584754721959,276.37377260882863,320.22398042397265,286.9842017546012,263.6118716480671,304.53385237390467,245.748014347762
2024-01-03,404.9661688444511,420.939686155324,406.0716541661197,422.78089530262514,319.0106525504923,329.0337996758151,518.2869619110465,316.8604260183261,327.14169677100364,326.8107672523301,354.72170655884213,278.5683162700872,320.6255178498874,289.5881053004673,264.91446864771444,305.5877833911476,245.95632897556516
2024-01-04,403.2256263981828,419.21886463125924,404.2540248626411,420.9777728269307,317.2139456800164,327.2349251399509,513.4677238241566,315.00021858293536,325.27409850219425,325.24952437545016,354.4903992881485,278.3153822069009,316.11241204001783,287.9828637988351,265.7408237618507,305.712545814591,242.03166592389866
2024-01-05,402.73801617219266,418.4230518889993,403.8185104681675,420.2247860484798,316.878861475975,326.65675719127603,511.58056839766203,314.71262518068903,324.7383333587987,324.4152309722632,353.1102071794194,277.37569365682367,317.75770164301605,286.85283904579893,264.28003936273967,304.91913630797336,244.07696220131703
2024-01-08,402.61668618911347,419.0157464751313,403.92353302034866,421.0942295651252,316.0973437328115,326.40639753154784,511.8871054564587,314.09292151758865,324.68062804899927,324.07711668168224,354.6166124263302,277.21610852346834,315.7423095222392,285.721529039104,265.46457651548275,304.68089022104857,246.3547181448071
2024-01-09,399.44123246455246,415.3155223419009,400.58364017682413,417.19264374472607,313.7029436330908,323.6176280446883,510.1066302021729,311.5929786135759,321.7634992340973,321.04895188348405,353.0391039132406,274.51460287264536,309.7854941649659,282.3389363325819,263.33342057678567,303.64341649066245,245.11513024478626
2024-01-10,402.3915141899515,418.5807979884391,403.57743852174525,420.5186177424931,315.89105001608965,326.0298198121968,514.3337614189987,313.7896234350152,324.19330436942386,323.86597433901574,357.44444227050553,277.00216663462095,312.79103335782827,284.9652719313355,266.2567273842446,304.84035009284685,243.66883825759072
2024-01-11,402.15300523210067,418.1052067754817,403.3418353712519,420.03559383149104,315.79789312926255,325.7532818330181,513.6178575608701,313.7037425614227,323.9180136897901,323.63207729201275,356.21581309200405,276.7591718587153,312.9733474727821,285.6170098421966,264.609269328569,304.1151413785059,243.12164666976926
2024-01-12,400.93619918854824,416.7752569137406,401.99205245553253,418.55677252357043,315.7762726421044,325.71694480372184,513.4627390680133,313.61472197810554,323.8086512389622,323.3995061542691,355.4895746215381,276.55685271218834,312.78787915490847,285.60684612968384,263.93381783538865,303.97192156793034,244.0584974270539
2024-01-15,400.83600623198186,416.66710000469214,401.8877319203415,418.4438085261461,315.83259306711784,325.77736193790486,513.4627390680133,313.6728942747631,323.871217036261,323.3995061542691,355.4895746215381,276.55685271218834,312.78787915490847,285.60684612968384,263.93381783538865,303.97192156793034,244.624376606154
2024-01-16,393.03172625331604,408.4483845585622,393.9322644415594,410.0442425018519,309.2394648530653,318.8719605195454,507.9560262165404,307.0011173305962,316.8688044042561,316.3612022125259,350.6469494500181,270.3413741910853,306.06035435812566,278.3303836831331,258.3610783453467,295.18449634160874,239.71885460537638
2024-01-17,393.6025530026557,408.69857357789573,394.5000798010342,410.27695849200194,309.6675886790339,319.0340424363292,511.1619392913675,307.4218073648051,317.0136398244893,316.72009065906235,352.03650053333877,270.4605575658577,307.26707004389107,276.5612333498667,259.80693015251563,296.63716333597625,238.042335332263
2024-01-18,396.50996009225247,411.54494653528485,397.3730099712372,413.08293508903023,312.4342985921803,321.7641119432978,515.7701756560488,310.1541710087237,319.70609770493974,319.8842073454533,355.7846500367125,273.07401157161945,309.1069220560851,279.8821042014082,262.7682656291722,298.3591124243631,236.14404970054017
2024-01-19,399.155882771278,414.47708753724663,400.1055460941611,416.12091003661294,314.5149980959066,324.05792234378237,521.0465480216626,312.2851515576135,322.0617811160983,322.23140678135996,357.8567193721765,274.4695055308724,313.5891377443111,282.2598671058252,263.163120887724,298.5003726635165,237.9635747850842
2024-01-22,395.80494389044077,410.73248727147114,396.7423621019866,412.3461936287795,312.43668235387463,321.72420255833975,520.0155253908014,310.24042534533015,319.7547268480355,320.02037769585996,357.0677035011817,272.55165798031607,313.2405854301322,278.8704289974801,262.1879282264733,296.1060623529464,235.46903174375439
2024-01-23,404.309397598821,419.6345740472042,405.2740377547754,421.2939960970009,319.0984573131095,328.6445281798451,530.5034546361455,316.8590885236403,326.6391855464873,327.1870962335071,363.38989558498986,278.0031668835517,319.3697860151393,285.9233887160606,266.24537693263164,304.0270497056814,238.30053976374984
2024-01-24,404.5864559148552,419.84758209333233,405.80286159776523,421.77632414107063,319.3435562164324,328.8373260529045,530.3339247926319,317.30769349661296,327.0487130420608,327.77207437887836,362.2212639145274,278.21515522971293,318.9268640490857,287.28041210631625,267.91392245884344,303.68213622601735,237.1991674698178
2024-01-25,404.8867114819629,419.8500490546638,406.115975094822,421.7793038788787,319.682257768544,328.9384940974904,533.3579182646953,317.65800013128273,327.1538481740758,327.7356633212165,362.0930018041699,277.5747464918151,321.35773055994576,285.7713810720762,267.63666833122284,303.4719177363098,238.40403178693262
2024-01-26,405.75265112015995,420.64335762554174,407.081648094141,422.67693668189173,319.85606880568247,329.0110952838566,531.5851049674355,317.88943544719365,327.28465307423795,327.7347904343433,361.56306887112163,277.41870021967316,322.4934097429401,284.96957613427537,268.7946433020232,302.8288340402266,239.55486043384178
2024-01-29,406.6657016258011,421.8658455746575,407.92946387105064,423.84275262853566,320.1763465415865,329.54855770452775,534.3113353942293,318.13645476201515,327.7514628314679,328.4919067011143,363.7687123067539,278.2545693958883,320.7985367299496,285.96919413335786,269.3501813647603,304.8120021524077,237.56753553600257
2024-01-30,407.9197916910371,422.92356211941654,409.09714640001573,424.79806956331663,321.20615806887423,330.412642469063,538.8135950958658,319.08814794683155,328.52592717284983,329.66022512264647,365.84335392614946,279.15022969634504,322.3438868746359,285.14194375399705,271.6147628900302,305.818447482242,235.00960068793705
2024-01-31,404.79131916438524,419.97718840448107,405.85033361881557,421.7325298898708,318.7541468932621,328.1322727210708,529.0162539552871,316.5640884232152,326.17399088606055,326.80343643112536,362.092100136741,277.73403458967,320.53957235124386,284.06887771336346,268.64888751897104,301.73692450583616,237.22238936849175
2024-02-01,408.82082337142197,424.7349334412843,409.8783185378986,426.52030524342376,321.9032386067418,331.84193559834006,533.551840886062,319.6808080407555,329.8693724956823,330.77222993309977,366.39408880745856,280.6085894689298,324.84912104348257,287.54576200370565,272.113328608849,305.4851224591317,237.78380950581496
2024-02-02,404.06425243384075,420.09107866428917,405.19141468298807,421.95760615691535,318.074744619726,328.1338430387798,534.6716856056148,315.9419309490013,326.2611199132875,327.1272570786375,363.75001679927686,277.0446824009388,320.5623874556229,284.4665837698968,267.80649655247294,300.24722960576736,235.39510390067053
2024-02-05,403.6435882902828,419.41700143689644,404.7827202041023,421.28525717217474,317.83610488197627,327.69916858560146,535.2885516215117,315.7192247497386,325.8365356460117,326.82024266888334,363.2323999238915,277.37739414891024,317.53231904330147,285.58807226222575,267.18549945057373,299.4527429667359,234.14923386388554
2024-02-06,409.87264744997907,425.9332382865485,411.134324063661,427.9458929115116,322.76498618959556,332.8175518827118,537.8744833303153,320.70137727469523,331.0199009023765,331.9033412458789,366.61371412364014,282.2382473822347,321.0636087819545,292.2419742615816,270.78444594296366,303.97837713349145,238.7875682150949
2024-02-07,411.30717996375427,427.29483371132255,412.5933462223192,429.3304623800717,323.55079356265657,333.5086998185437,542.9314322686206,321.4847791262051,331.70519408191126,332.6227109973464,368.85200274901166,283.1739121041052,318.16527417454733,293.7405409374781,270.67761385082974,304.71057436174027,239.0267117889036
2024-02-08,410.6057628112157,426.01709042893896,411.8546201039291,427.98656312768804,322.68374881399455,332.1562794348519,545.9740712179953,320.58228422816717,330.29702668893725,331.5776554346973,369.1884481807702,282.45469206991396,313.73425404183183,292.8006771829082,271.20087277685474,302.69997913344315,235.11089484681798
2024-02-09,414.1535800633581,429.73060322981394,415.53973501722356,431.8552714846943,325.0147389987058,334.5632558048874,548.5042468442941,322.98233759863535,332.7812561989948,334.3949522702856,372.65511133603513,284.84764711505335,317.2468371064786,295.6689306909276,272.92384540733866,306.1351346890073,234.35649771543976
2024-02-12,413.1094005713551,428.63326247999083,414.61740945242775,430.8874282121062,323.5214246904609,332.98707814025823,545.4548873809716,321.5729006190263,331.2918585133678,332.76227595797144,370.3849011002028,283.95363684798116,316.02541605381373,295.2841343829063,270.8599952147639,301.8327814519808,234.35649771543976
2024-02-13,406.53769212481075,421.43190869308603,407.9907753642653,423.59937820161394,318.2329263954648,327.2288138681498,538.1822516841991,316.2856568219422,325.5170141107301,326.43448431221213,364.21235526440523,278.6882772174802,309.3713642147157,290.21652667007385,265.9483442991271,292.77268081119047,234.35649771543976
2024-02-14,410.71305397744345,426.17278093071826,412.35221288159846,428.5660271597283,321.11471786760876,330.50930253023864,541.5734169184929,319.27243268651733,328.9249459398957,330.4420734118663,368.388077702063,282.49433988787496,314.74461690559326,294.11679291560813,269.19704569088435,296.0013581780431,232.1502794458882
2024-02-15,415.37363833390043,430.84434826120537,417.05217475938196,433.27967147693187,324.83133294361267,334.2050120142353,550.1893908522072,322.9873489266204,332.61862325288274,334.26727402252163,373.0175303675247,285.74304821701566,318.04510244686253,296.2334804022994,273.1024668793745,300.7173586803691,233.87246965930407
2024-02-16,417.0114594425478,432.4650514445395,418.68782605943534,434.8968977176475,326.0977360438091,335.4443461579013,547.957864626249,324.2389115280543,333.84122866410803,335.39981467242217,372.82937593870065,286.695792375086,319.4445258430399,297.9146739212515,274.08907012329536,302.43864217421856,235.4719117216216
2024-02-19,416.866694412439,432.3091474981882,418.5368888122431,434.7338458639105,326.0900850236018,335.43616103168085,547.957864626249,324.2309998239316,333.8327432382794,335.39981467242217,372.82937593870065,286.695792375086,319.4445258430399,297.9146739212515,274.08907012329536,302.43864217421856,235.40009029502406
2024-02-20,415.74808045994695,431.38149509823444,417.3250911863455,433.7145186940507,325.0810977318048,334.5802788685659,542.1584715367939,323.15097302600907,332.90613993752544,333.94473004946883,371.37559574621304,286.5336247109957,319.71248506118695,297.1105943039182,274.51934803252016,298.15697036443,238.79317708665005
2024-02-21,413.7847474251049,429.1887887533482,415.3748131786824,431.52585793334725,323.6685005286442,333.00598288890785,541.6891782400402,321.7681473508636,331.3576766970512,332.3661530471229,369.2743995357441,285.0851468824674,315.76297955818814,296.75642451324194,273.2662474928423,295.8030249952687,237.88133527781235
2024-02-22,418.59407116570696,434.2501702116804,420.3539099752981,436.7811987138999,327.68214246095823,337.2046954996902,551.9763876892354,325.8901192419581,335.67996452091893,336.9519280168125,375.3477876486612,288.44048920448853,318.253868086269,300.7322661288793,277.36516738826833,300.7417912211038,239.01345235535234
2024-02-23,419.5921592507962,435.6157035220222,421.2127692813679,438.01298150721,328.56482901947254,338.38380096362147,553.4163156042558,326.6563695119721,336.745217510784,338.2743793611604,377.7866450063935,290.2005597256525,316.2936595013099,302.30196674759816,279.3668817768875,303.83005433159497,237.7965859427364
2024-02-26,421.9201236735058,437.8165766318183,423.57437611008316,440.24393878847235,329.4285700293495,339.0593472024093,556.7549152653686,327.4968306781376,337.38900737763504,339.0842413047205,379.19476789923897,291.11849488184123,315.91191586093686,302.5074910605789,281.2243244175907,304.4231032745783,236.98963206363953
2024-02-27,423.1159152469927,438.90988047286424,424.88592379399586,441.45742606386574,329.84132057139936,339.3438882099337,555.1221584040334,327.9757565534544,337.7399426857907,338.71728085201227,378.8376517100952,290.7921835280702,316.08438364749964,301.7729378641394,281.64288308642733,304.5187484260169,242.768889151231
2024-02-28,417.91974449781407,433.5221777068651,419.5906709759329,435.9549732482254,324.56019392643293,333.8619329084096,548.356531308659,322.6134686415689,332.1627790530957,333.0310639584991,373.6285354754832,285.44319274889307,311.49580029095773,296.0503285050686,277.639882995655,298.65807879961204,239.49253972333787
2024-02-29,422.0088144901818,437.86837617884044,423.656100159379,440.28655215560184,328.0323692537606,337.5294929865885,555.3776024817913,326.0446322002653,335.79399893237576,337.1096156427226,377.5557286224884,287.9599127457144,318.04498710199294,299.1789074553354,280.64115353928827,301.4053217554892,238.64718519526429
2024-03-01,426.9355595870653,442.80091618353686,428.47580898983335,445.1026456637387,331.7466980114406,341.2028255908521,562.3350887604413,329.6308079824402,339.3289488614352,340.84844910705414,381.43130069494435,291.44639876622676,320.8849568307837,302.7577574743658,282.0650165789081,305.0331876600865,239.6796373360485
2024-03-04,425.2314303877499,441.23917483462674,426.49081083422135,443.2442608877458,329.2160793601008,338.7152964222788,557.5397310838464,326.8485804172488,336.5727444696555,338.1764637731636,379.3972388754069,289.5755535675442,314.9987257340632,301.37642132935696,280.9521373603301,301.28118973817584,236.985931146425
2024-03-05,421.123871622041,436.9679939871354,422.13987440961756,438.70340259715056,326.7715965478888,336.2233733811331,552.8540644157227,324.26660788918787,333.93120456825955,335.2206516042171,376.50145147000813,287.65617266409686,310.8155088903934,298.1327664815256,279.5239870212879,300.168188151375,237.4515382351691
2024-03-06,427.2987427052655,443.3760033538543,428.3939381831966,445.2063847786248,331.260972840383,340.8308282520934,556.889374181925,328.7609447847865,338.54899998202995,340.1068849883803,380.9327263931426,292.134455594667,315.33082176480167,303.06334886483893,282.6464612117902,305.28500018361257,238.78248293173638
2024-03-07,429.0473925983033,445.3318362179912,430.1659734372733,447.19640193636235,332.5460858468036,342.2632009416045,561.5926054795913,330.04864689728237,339.9895222054723,341.8231263627628,383.96954382393915,293.8983055936472,314.40696746557836,303.59907304203233,285.8234764356198,308.7282576782002,237.72034501997376
2024-03-08,427.79816819765966,444.2196311507282,428.7585486342648,445.9194274929981,331.30376833123074,341.12071708045573,557.3203782642404,328.68114178654344,338.7159197743141,340.4790336679036,381.6211556619206,292.64932268360775,314.37929249823924,303.19891456853964,283.42508303493605,308.54614387047064,237.31654416571314
2024-03-11,432.142062587489,448.69119815830015,433.1029179528959,450.3965019112404,333.9645565088539,343.8001783505119,563.3385679372631,331.28556187528994,341.336103354515,343.59181540355877,383.80644301775027,294.82146745275327,318.3806552881005,306.3160939685341,285.9681971859202,308.3793706047797,235.48011650400537
2024-03-12,435.07260283898495,451.9147709712546,436.3356487341953,453.9593659352071,336.4312235155509,346.4918858519371,567.7393152850489,333.97566499713605,344.27586705277344,346.41057883093447,387.3025650836508,297.40093481078975,321.1056823231539,309.90473042490987,288.97936116210053,307.9015286488631,238.56685396357727
2024-03-13,436.24622068529135,452.79949110601,437.4698833350548,454.78835570691183,337.1067481205286,346.9114629346806,568.0150555522348,334.6029843113653,344.6348599857154,346.6675944206163,386.27427920175217,296.2251282674939,327.1913350120874,307.5019903029506,289.1732391820786,308.1615885945072,239.60501183502276
2024-03-14,433.93154754388854,450.02217005391174,435.12800509954417,451.9613833063744,335.547300180723,345.0174405217758,569.1693461801079,333.0477429049335,342.73338190778674,344.65799266669126,384.38013675069476,294.4775171137661,326.6843394687629,305.59523956018154,286.90838918092146,304.16993179693964,239.01979994029867
2024-03-15,433.5720643645379,449.5463262798415,434.7282345938645,451.43690105953357,335.55952399041826,344.95979519596244,568.8500383111453,333.04011684626226,342.6520313206936,344.88903439337855,384.86503516083064,294.90761641682604,328.1205596791752,305.3466457156138,288.24514717197184,303.8615134248317,236.57650216299646
2024-03-18,432.0197989784128,447.58843161795687,433.16787138261657,449.4525011795204,334.7189633189697,343.83245403380255,569.6142988308028,332.2170370203526,341.53330840567133,343.6082822143611,383.98358249637647,293.7679393944941,328.4904489598564,304.5741814386626,285.51423452839686,302.27340461487483,236.97157898049167
2024-03-19,435.2658687124522,450.76766358855735,436.36139485368705,452.5715792567297,338.25906081645684,347.3642064137124,580.3892252086849,335.7225787561957,345.02844163077236,347.2630147357497,389.8436307421519,297.0270261368275,327.7772119334447,306.89897212056746,289.6754504519853,306.3285123751559,238.3469987345955
2024-03-20,441.85864345057865,458.116640700533,443.0230240054504,460.0272761561314,342.316878632042,351.90534692947455,584.2693300945278,339.7494787990853,349.5540046674032,351.63084213851573,393.91132232824293,300.3111478289614,335.56598707038586,309.4494378556737,293.2439065707184,309.9383417584983,242.885458028663
2024-03-21,436.1807498346656,452.323739786564,437.34481172350525,454.2298011260562,338.3795500592879,347.95172862833874,579.5527879800447,335.87167932200947,345.6628444044431,347.60282194370404,389.66506680938596,296.7344850642995,331.622661889636,306.4908790659668,289.08363978088266,304.6953400023464,241.04592926990262
2024-03-22,434.5449163728737,450.5648003920761,435.7485600277161,452.5084064757495,337.38085087722925,346.88584499150824,579.9579557058804,334.92621628549523,344.65149674350886,346.8429055865117,389.1664491716089,295.80552671172495,331.31474295691265,305.0182136003174,289.0644216223517,304.84762778647075,238.37946400433262
2024-03-25,438.5635916723935,454.5545513163944,439.7905954445486,456.52146154286856,339.28804875365825,348.65510843845453,583.60237277538,336.7811503947427,346.3602810014516,348.81341084772856,390.5266082680866,297.340723584401,332.67176024014884,306.1967569055896,291.30319953997366,308.281265733452,237.66484943399902
2024-03-26,435.82825944148294,451.8158395994332,436.9847966779817,453.7069586200295,337.1600181195173,346.5447030178082,577.7763930889467,334.61834608934674,344.2128302835533,346.4728149547331,388.13650275514846,295.49663084098967,330.09372832683357,304.27557629401554,290.35007986923176,305.63937589887456,237.52492139252905
2024-03-27,438.836062461802,454.99217578951396,439.98296216496004,456.87990213401923,339.6659758698435,349.1741993162083,582.2502633102017,337.0984912226792,346.81944227859,348.98914964608537,391.18076763212645,297.05655538118083,334.1695937442062,304.95947175438585,292.7533516490367,308.48305393978563,240.13346631468923
2024-03-28,441.12546880836925,457.12956265173796,442.0980401483201,458.8219395790211,341.224554815106,350.57902813707756,585.6677082324557,338.49314131331965,348.0435709621687,350.2752513939643,392.0920649223257,298.21147136336685,335.63571640052976,306.0637605990029,293.14340977889793,309.0150914905619,240.5699331063935
2024-03-29,441.00565842894304,457.000630261229,441.9733473657641,458.6873534684434,341.224554815106,350.57902813707756,585.6677082324557,338.49314131331965,348.0435709621687,350.2752513939643,392.0920649223257,298.21147136336685,335.63571640052976,306.0637605990029,293.14340977889793,309.0150914905619,240.5699331063935
2024-04-01,442.47541074590345,458.2907885907204,443.25064916602406,459.76172477054195,342.4436571152344,351.64910501264006,589.8832929256085,339.54987846051654,348.9349115808809,351.56378385379463,392.7133531577846,299.24405900361137,336.72436490817535,307.52629548301456,294.3352994428719,308.4964933694098,238.22849580331228
2024-04-02,444.94775197080816,460.55814802529585,445.43132241343517,461.7052832242483,345.1350578256718,354.2107179799717,594.4379455189107,342.01357344828523,351.2489918502517,354.18828613394203,393.51250952473805,301.15758652096457,339.27334482800023,310.7150088353362,294.1640947298787,311.91400954881766,237.62449403348143
2024-04-03,447.6596706734976,463.3342439298087,448.06338327134495,464.3977882360384,347.18265490346266,356.28509192274805,597.731025460185,343.9743098221993,353.2317909594357,356.5159995931265,395.71700588927064,302.8836112512157,345.91297502667487,311.0442886978172,297.0255993989922,312.8993262873521,236.5429038102826
2024-04-04,444.3235792402288,459.6167465526984,444.78197357563675,460.72333478356234,344.0548468732261,352.8414913524012,589.1128275791109,340.9000457825534,349.8344008331931,352.6117653288536,389.9811793258677,299.55326572693025,344.298596430344,307.5035109093805,293.06440881901784,309.8704198349472,237.7364095202731
2024-04-05,447.9809091399728,463.45146809801435,448.2261928851697,464.33571097476937,347.0765199500173,355.9892396278102,597.8051222043803,343.72865108130907,352.7805777970113,356.1171452649448,394.0019135558851,301.59511333472193,349.7703203708787,309.2241965877949,294.62108183409634,313.22765405058766,235.76474886546904
2024-04-08,450.6793681125161,466.4025425031955,450.93117245702797,467.30423846518477,348.5080203058026,357.557815388247,596.4208122283603,345.1242536849515,354.31554155101094,357.19278479862874,395.00475166339146,303.16188650128646,352.2344586491941,310.3118380219013,296.1824566020069,313.0058398725161,240.2413098541506
2024-04-09,449.09849164758685,465.04133621814685,449.300184634422,465.89835859279145,347.7842460379775,357.0548281840404,593.7834790659693,344.3880771928021,353.8062292608118,356.28205828659605,393.0023181984998,302.342961541996,351.3084954516211,310.24396929627045,293.272874715273,312.64740950609036,242.83519715646867
2024-04-10,442.70490041513756,458.0176587589893,442.8767843896223,458.81653282468784,342.4065804325556,351.19441339074797,588.7665659906345,339.02456097788973,347.94406555774316,350.5136347969519,386.78263416792794,297.0354769959575,345.3929113023285,304.77346199758347,289.2011332873207,306.3444160572261,237.80133340816775
2024-04-11,449.62793048884294,465.3667194577137,449.5346498738848,465.8972949257683,347.91249951659296,356.9966291106673,600.1833118360527,344.26884720054846,353.4774141286319,356.78572203048196,393.29981260774565,302.0176981763875,351.81521849050256,310.9817834695774,292.16956246067724,311.2748069662591,236.37498055924584
2024-04-12,442.44847901774637,457.56907192552603,442.22802042339,457.9373800785463,342.62937346253193,351.2940227001986,593.8002925368776,338.94934458585703,347.7213255881441,351.05454634329215,388.7231754639943,297.47310801742594,343.95656382805544,304.8969768739461,288.522779724575,307.3889484922809,231.9516455010841
2024-04-15,440.1475750937477,454.9796679914732,439.43053866046034,454.80146915451536,341.45307685629837,349.9452437203007,589.2859660401816,337.412897949157,345.98201062638975,349.46865399098,387.82111216276155,297.5423629059629,337.53421841448727,304.3284335746145,289.8390583707793,306.7598684628557,229.55515888133812
2024-04-16,441.12542958416583,455.87106963169754,440.20345338124713,455.4688692929691,341.98902518826884,350.38988130524126,594.8769091811781,337.7713209358659,346.23445681591437,350.0026336899453,390.0483341441844,297.9224326361042,336.0200856417127,303.9352111207833,291.28499436679937,306.38662876877345,227.70679886493053
2024-04-17,447.76369850738797,463.18271967561816,446.8773363576716,462.845364577435,347.60790030837376,356.5270416643542,602.3175775725952,343.3790562324006,352.37658827788084,356.9119012386439,396.80209296984793,303.8077087947693,343.3560414723832,309.1390064266257,298.2348382234535,316.6023325538906,226.7346901679785
2024-04-18,444.12100719225106,459.47701643096235,443.21593546488475,459.1169351252429,344.3220618481869,353.18807905090057,594.1337157096007,340.0943830649156,349.0362948879567,353.3558511140915,392.30910671521576,301.3616429437276,341.3048731306882,307.5670957607468,294.5964483642186,309.7838422147415,225.79267041606718
2024-04-19,444.63330078371905,459.9809446544226,443.66372726192634,459.5510622987757,344.64238322786457,353.4926474050888,591.7198481852853,340.3570940177932,349.27891059295087,353.1722535079555,391.6552301561142,301.2597465005648,342.9870077325466,306.27150070550584,295.3651162795146,310.72215710046663,228.96655446508368
2024-04-22,446.50129841514314,462.12316476054605,446.13357706651715,462.3523905963593,345.6183217725627,354.6419181195943,592.7655274858988,341.78568329889015,350.9174287120253,354.92517858840074,392.9372230800283,302.3401438151472,346.7902719993724,308.5522364334815,296.8990427879619,311.69072802120354,229.35503231224584
2024-04-23,446.79845911388145,462.3121858317444,446.61725632013327,462.7380566410183,346.0455332623769,354.9937713060805,594.4933967456367,342.3647612651527,351.4295074047796,355.57535422524273,394.1335773100406,302.81344226580967,347.1938831242966,308.6933897458718,299.16331688468466,309.62748329941473,228.7496609216128
2024-04-24,443.1367706676873,458.57387198890297,442.9650615236173,459.00695124560826,343.61523506128265,352.5576167691975,591.1590416547758,339.982752722495,349.0441566058878,353.14839811353653,390.96422010315587,300.79126826396197,339.89183576636935,308.8191047396457,296.13850939793264,308.71023183999375,227.2922940925171
2024-04-25,444.42960357853804,459.73394034017446,444.1553887727857,460.0510696491722,344.5754009952862,353.3988696179692,592.0861486749928,340.8496717518475,349.782223704833,354.06411285013115,390.7249618329688,301.3452060192414,340.9524022058973,309.9584416740505,297.1554428025394,308.3870311264977,226.57664738196664
2024-04-26,449.6931529850154,465.3541640003867,449.5189968395454,465.7934754181648,348.9292322913469,358.0156228330583,596.6990695165268,345.24967436062906,354.45765279039915,358.5893488966029,395.077669026599,304.88404086208834,348.0289100229203,314.0935534255129,300.62981846674523,309.1183663505896,231.0653601451131
2024-04-29,449.9505002618395,465.9767515460102,449.9654137572286,466.6347740301793,349.23081171054184,358.61430044856684,594.5521706847402,345.70320808326613,355.2282212203252,359.1404391641265,393.63956912538123,304.71850851927684,351.1830116936566,314.9588960099165,298.3024842823243,311.5278133421759,233.18703150723152
2024-04-30,442.15463048887347,457.8399966988884,442.2094988747772,458.5273680177718,343.6177198600473,352.81777416979367,581.9453187425136,340.1962769090581,349.53802326358976,353.4209155763874,387.92701323705035,300.6878874580762,345.9997449597569,311.13785297437767,293.97406281127695,304.2709216738757,229.21360633642652
2024-05-01,446.8716987927831,463.206326777633,446.6965519982815,463.67238641095946,347.75309462821684,357.46938683908814,585.4909300394893,344.124570146396,353.9855712073296,358.3266837464169,393.0020360333842,305.13596441842924,351.41367457522625,316.1757164973955,297.5329885486266,308.3377997711715,229.21360633642652
2024-05-02,453.7797560871537,470.64058865739867,453.9188823399055,471.46727495224417,353.13474346028033,363.22130482134133,590.9881654529843,349.7042590287698,359.9628778136389,364.5875654303471,398.19575053674004,311.18204462060197,356.0631930933201,325.13469798828413,300.7132198135656,313.51158463412753,231.60447565900424
2024-05-03,452.98394918372804,470.26417124487506,453.3885739318901,471.39524292035276,351.8602953903494,362.24384819080177,587.7382530220203,348.6291604589809,359.2084293334148,363.06483151091857,395.7648382374202,308.90464403542376,359.2788960913608,322.37327838507304,298.3640578715305,314.18893159672746,236.41991444287837
2024-05-06,452.41115512180556,469.6594938365242,452.74565882977623,470.7134399351015,351.4444942401623,361.8089385882923,588.8767634877465,348.1626652797931,358.7183747233235,362.8098290729853,396.09396221092436,307.75773472297294,361.7968977119622,320.9460849937876,298.69366236322,312.5241390120071,234.37602079909277
2024-05-07,452.0506648039178,469.29484740874125,452.43746023743785,470.4051894563926,351.32017431983644,361.695046241764,589.3997849745081,348.0877109829882,358.65777309271823,362.5717423861397,396.66394196853247,307.2655480839308,361.64966239053365,318.94545904156877,300.957123808202,313.4277937667998,235.59272723810113
2024-05-08,451.474192805712,468.5332718328395,451.8949537744825,469.672532395185,351.10771667986364,361.3552719164368,588.8851423810144,347.9141155113386,358.3554634780201,362.117585919354,396.2499852044947,306.95728876648997,362.52744366694907,317.58489909620295,301.8379551278634,311.7755023132384,236.45590927831623
2024-05-09,455.58926144198716,472.8188672613342,455.84722743564663,473.7890386687214,353.9800655876047,364.31001694467034,594.7867510138894,350.6139210911782,361.12852513999724,365.7024380165001,399.99137827040164,309.41517243800183,367.48047173438323,320.00913373084416,305.8107586418917,313.3373645215556,232.66386307463404
2024-05-10,459.4790143344957,477.11486312747456,459.5628717003977,477.91365567272004,357.4694501046516,368.12811641505624,600.5972578508974,353.9475984448329,364.7911946078113,369.9964726381496,404.5947287860607,312.87046938856525,368.9725860498597,324.6540351568287,310.00305449540343,316.5305309256454,230.92976353313142
2024-05-13,459.5430824968595,477.04498069088714,459.88705063318935,478.1194952008472,357.09285363715463,367.61326495202763,598.5036156291237,353.7661595904894,364.4812991611906,369.53554667344264,403.248695432142,312.85407147338367,367.052073891345,325.8675294616374,309.06732157043416,314.2104616371216,231.74013296848887
2024-05-14,463.67015341003713,481.60627178396413,463.91866271947305,482.59561371959325,360.63649436792736,371.49719591141906,604.5873146540132,357.21128850538844,368.27159032385714,373.67905450398126,408.20389297563804,316.6875461501154,371.8276311476617,329.3841493912308,312.9258614465027,317.22189284241557,232.0760301458018
2024-05-15,467.7704160444365,485.95965751706547,468.0423940199568,486.98474323539165,362.9623346874879,373.9333290003469,607.55651544144,359.4978687453172,370.66979442258867,376.2108172373767,410.59540943922366,318.3430802356244,375.71057256750595,331.5444930029463,314.2234829194579,319.6224114376891,232.91546547724568
2024-05-16,467.40526839501877,485.4533369036643,467.71278524042367,486.51095090925514,362.8707878668729,373.7453069056931,606.853379160382,359.4433524278776,370.51837653699414,376.03090691876304,409.5645220172038,318.1805319424479,375.40109036710174,332.10677666812694,312.17449297104895,321.18068484176297,232.99894421078426
2024-05-17,469.4901242711366,487.5440303550413,469.60028491134256,488.3882223438036,364.17613573150743,375.0170850203597,609.2812482073377,360.5651259081739,371.5922952164401,377.2479384435586,410.3415723131246,319.217215698002,377.20971395319356,333.0696975744888,312.61442291028015,322.80315601154945,232.80773290105503
2024-05-20,468.22446596474236,486.33457393818986,468.30701508293674,487.15133021391705,362.3156675898259,373.14893242557304,606.4436403226699,358.66649383341274,369.6823987378186,375.1234584282218,408.436142346034,317.1035968152593,377.775033444177,330.86455169599003,310.39092593869333,317.72544350346135,232.8704931536957
2024-05-21,466.21384175042425,484.3008121635233,466.2412840718057,485.0571080494272,360.95286942618384,371.7969312923873,606.4799240118554,357.2814542740138,368.3064687908668,373.7531026267091,408.3232651665005,315.9393377510516,373.322566036415,328.0991958782491,310.5811996708347,318.37071914457437,231.82741522892658
2024-05-22,462.73208334441324,480.7929114574403,462.8900371566819,481.6895248344827,358.3038812213298,369.15725615587064,604.1995699939997,354.7654326744852,365.8090925184621,371.51802234147186,407.205893588811,315.08785343843886,366.07379997881884,328.0958733876254,309.14471200293934,314.86823936518414,228.21384283902972
2024-05-23,461.3238414565301,479.2723319987284,461.68274170378936,480.38180258301287,357.3321016235631,368.11511698955985,603.405791776857,353.96850087406114,364.95221052367964,370.7874063922365,406.89186696652706,314.8092941599614,363.33732649542145,327.66454451815264,308.9793317992763,316.82300356053776,226.73572668784715
2024-05-24,463.1838355692339,481.085152310745,463.626918660466,482.28355699161636,358.7290684551118,369.45694913140125,605.9825144538956,355.4165547237512,366.34748415773913,372.4402906249866,409.2415996411117,316.1273081129654,363.4870739077098,328.60961790901786,311.28594583821354,319.64883163724045,226.01982422258757
2024-05-27,463.6141561963373,481.54929459910466,464.0742175595041,482.7674674187274,358.8277713058318,369.56266989839907,605.9825144538956,355.51825780676927,366.4566831036062,372.4402906249866,409.2415996411117,316.1273081129654,363.4870739077098,328.60961790901786,311.28594583821354,319.64883163724045,226.82827393606905
2024-05-28,466.4333698834093,483.91624324754866,466.7168181562447,484.9237908242197,361.30715073690425,371.68045463666124,612.3512311097218,357.84361377803367,368.39784034276676,374.896459031861,411.471039657516,317.74005483830916,368.2538444973422,331.65244935173945,312.3057733591316,317.1484773074913,224.79190253532283
2024-05-29,459.6791331934084,476.9374633880116,459.9013114871253,477.86985644734904,356.04774605813907,366.29178088897567,604.660586253963,352.5879551676664,363.00760606966355,369.24461305087084,405.41800675444637,312.1767138929386,363.12797088322117,325.42447214954115,306.8409062982597,314.7679671443258,222.60121042588983
2024-05-30,462.87089973444074,480.48254688755065,463.04379811155377,481.3763074739211,358.3460664085469,368.83556242523053,606.4987989572576,354.8165322307392,365.48514046048336,371.99381533302375,409.42187730343846,315.5625470757939,368.81417763874146,327.5670681923715,311.01342143666466,318.7637890142573,222.60121042588983
2024-05-31,463.6870743790519,481.5360787723596,463.9961179741532,482.5869337129327,359.1783516459877,369.8651617183853,612.9882092154087,355.7568116090602,366.6372002314092,373.4216558721362,412.5804163087575,315.60463662852834,368.5150452274902,325.9456491993448,313.5545219870308,326.337346054608,221.62262622298718
2024-06-03,466.4819911356002,485.14576809735377,466.5949125751486,486.01869536723956,361.04325568867114,372.3381060248257,613.8537582020286,357.43419007683286,368.9291422046033,375.88930409992014,416.70206140366804,320.24242121447713,355.3728441663459,332.30699354289914,316.59268583109275,329.21234560690476,222.1378418678015
2024-06-04,464.2107046093508,482.86879067011637,464.3812001334276,483.80399964659614,358.84943501128276,370.12566263732305,613.2184381920621,355.2913438474829,366.770247307775,373.6702982897533,416.19591866042003,317.7585534210703,353.71297046696935,329.2196018807229,315.110358185093,328.75812469487613,220.9639305244453
2024-06-05,472.21222512744026,491.1645726130269,472.3487060926765,492.07471385753036,365.0695239841171,376.5208387170183,624.315173964107,361.4217282981338,373.076464287705,380.87468696749943,423.28230591842527,323.68124520175485,361.48604749077197,336.19484313446867,320.46585745979996,337.9335759106469,219.6925596532337
2024-06-06,474.4685173194919,493.19544611305525,474.5142200064806,493.99762955709434,366.9117237290003,378.17294846402797,626.8295128773595,363.17663842823004,374.6291609161665,382.0077969890707,424.89802709670926,325.75623968321855,359.019030332991,337.92964465603654,322.43672934890964,337.88665394831133,223.4750596974608
2024-06-07,464.11981766942284,482.24115123698164,464.5614691416294,483.44739293161683,358.99626693024805,369.8609411604932,620.4478656438429,355.6611767123535,366.7319221585391,374.00721011235703,418.31239814111507,319.5055559370268,345.90617585870353,331.6156852127846,315.63539080289496,327.65726025818077,218.42829879281197
2024-06-10,467.616059613007,485.3451994194644,467.9860633961861,486.45686079094935,361.7357050042219,372.26301695461797,625.0671706771119,358.316860724737,369.0336889651776,376.6645235740929,420.30393259591426,321.3548167343541,350.1616945164413,334.71848862105224,315.52949463289804,329.11762156102225,217.8084810362697
2024-06-11,471.7641150685596,489.5118473934133,471.9635773036092,490.4395808378698,365.29373618047765,375.82834901598017,636.3765951474795,361.716687306206,372.4304680865325,380.141947990502,424.7413472605994,324.1333856802302,350.2120390331823,337.52342846919106,316.7365889623922,332.05460511659857,219.7471065896493
2024-06-12,476.3612093190938,494.3053336617998,476.6500410000938,495.3375737762894,368.7683429812195,379.4183853977652,640.0669215108505,365.22358757482374,376.0598025434239,384.68839655528063,430.1769924251089,328.3904263418925,350.4814316475961,341.5800796677385,322.96517029374917,338.11544353591205,216.5347130969022
2024-06-13,476.45049796565553,494.3340793940428,476.7698806451193,495.39677816566973,369.0553626603959,379.671646564652,644.003113432064,365.5407827601686,376.34440999656965,385.18910172154875,430.0879535805052,328.00318469496733,354.36991582898924,342.1215370585718,319.25879142126263,338.4583545862052,215.40100712421025
2024-06-14,471.9196705494542,489.5063539254203,471.95949707991184,490.25477485379116,365.6716977176819,376.0945164901114,638.9532997787576,361.9738402853075,372.5635431016409,380.97654473613,424.94688727499187,324.4509231134768,348.93873519071525,339.61169973997283,311.5445742089406,333.5714807236893,215.34589575022062
2024-06-17,473.18853913030443,490.46576122917287,473.3863384631662,491.37190203415673,366.6022347505932,376.76435281390263,643.2854578903908,363.018801900156,373.34800354982673,381.99178978633495,426.9319241797798,325.8427007589161,346.31452957236996,340.7843181030311,314.04849499380964,331.2658317189829,214.47451094842117
2024-06-18,482.02866121658525,499.52979722527493,482.2694042528833,500.4910914181974,373.8284681445855,384.127428961205,652.8354538952539,370.22064952329123,380.69124019888835,390.0750409822564,433.8964512280304,331.9587250451938,355.07956285691773,346.66716977466854,318.53783058237303,340.9963342981016,215.17252923903806
2024-06-19,482.16614823738945,499.6777559756906,482.4122505431614,500.64526463942957,373.93699227876584,384.24340349017496,652.8354538952539,370.3324253617403,380.810966329942,390.0750409822564,433.8964512280304,331.9587250451938,355.07956285691773,346.66716977466854,318.53783058237303,340.9963342981016,215.9845817912751
2024-06-20,482.29055977827716,499.6365898183839,482.31541538347693,500.3583400320423,374.1125071677739,384.290971214848,654.3755451712614,370.33269061533673,380.66672110225073,389.7624627045672,433.218938434782,331.4605308885364,354.15148247530806,345.8487355211819,319.77999180610976,339.69732709630085,216.90666367799508
2024-06-21,482.3133758058649,499.73974983025016,482.5254752250023,500.66685167484854,374.21474815399966,384.4630788585114,655.8508489175333,370.5867660553812,381.0036548201055,389.9291649893344,433.6798729472336,331.6890260692084,353.5314439889314,345.3812644094314,319.3056071322373,340.9109107808406,218.19002488149417
2024-06-24,480.90760174188097,498.06441887348694,481.08132884399504,498.9389053612194,374.00483066825353,384.10857495545304,654.9920912627321,370.3836180604742,380.6516781669668,389.01835513328444,433.13201753848756,331.50557685357893,352.0706163641449,344.313481548659,320.8587648293484,339.0021709348511,221.37743270679934
2024-06-25,477.9507044665121,495.2052361834676,478.2263666420617,496.19394482070743,371.3524254145359,381.53300177367004,654.3605554887346,367.8253925015619,378.17874647787175,386.3431310480493,431.10971241834034,329.1197699435294,349.39634725836515,341.79583727463324,318.02682944077605,337.5966402586571,220.8652884381333
2024-06-26,481.3040488424878,498.63289963404833,481.6728108257943,499.7249530653712,374.1275306497446,384.35370707582473,660.3763649317343,370.6537868761636,381.0586951076408,389.49532119089787,434.6672591291314,331.3572017264131,351.4051715054152,345.26248988051134,319.8640987425365,338.9681833838785,221.2262390333803
2024-06-27,488.46234993794167,505.79284598286216,488.65529838957553,506.6946982412299,379.52604669319084,389.6876830599642,670.5196596387007,375.8505168123252,386.1757665722524,394.6450545932514,441.2332477385662,336.3198391877999,356.63920735982424,349.69704273014287,324.3694136256115,344.9160785791525,224.70074906007204
2024-06-28,486.69188287054953,504.0465558377895,486.8891405891481,504.9541815498998,378.4588553776504,388.67428991390744,666.6749667256976,374.8098848808349,385.1922719059711,393.85860802374935,439.0742449744871,335.5234342080508,355.10512752617126,349.64029754394363,323.0501776045919,343.7480307632791,222.7592658227176
2024-07-01,495.10003052857974,512.2844388617513,495.2634610777321,513.1478998402717,384.38563382171435,394.3589373946858,679.6667815980561,380.6254840421018,390.75154196560976,399.9741714528139,446.94025296883694,341.58721928905305,356.2282529814551,355.5757224152431,329.9557575006196,347.5094314866876,223.29145627944024
2024-07-02,500.7045795416019,518.1892985637575,500.8714364389732,519.068649243756,388.93318375197555,399.1172230614427,691.1079566782906,385.1375835382575,395.4797918389128,405.135328082814,453.8296540815553,346.3089218039081,359.54774195179147,361.50946050980446,332.4652668071573,352.2420014747944,224.02024045842305
2024-07-03,507.68918520446596,525.5841223966082,507.8393101759267,526.4621436744553,394.96206978444934,405.46196400332235,697.5874020732257,391.11629401144245,401.7824952000641,411.72294341565043,459.5474959300669,352.0234844225798,368.05674216038875,367.0950493917519,338.3626083240901,357.6446369649751,226.7934134479169
2024-07-04,506.78831438088406,524.6156276648298,506.90351383898144,525.4532265048942,395.3455359418371,405.87137085862776,697.5874020732257,391.5112156223599,402.2050906037851,411.72294341565043,459.5474959300669,352.0234844225798,368.05674216038875,367.0950493917519,338.3626083240901,357.6446369649751,229.65591309174692
2024-07-05,493.36130891830044,510.8443970461759,493.35232325687076,511.53455249093264,384.7402323214925,395.08139926705155,674.4728617513916,380.90628366518354,391.4069480000057,399.4903845122149,446.71228529870245,342.1912765566478,355.97152276003044,355.3337657205659,329.7691530436997,346.8061672752446,230.7235760237551
2024-07-08,490.8899388562809,508.4556090744992,491.0728886161901,509.3562737329745,382.7684745885196,393.19167951584785,672.0386413096933,379.10649284738145,389.7034166102815,397.6654290836207,444.7959915388076,340.5363711577111,358.12522344725505,352.7442470334329,327.4508335663561,342.50357068177686,230.26728785338128
2024-07-09,491.85489483137275,509.6547553530451,492.0463819107919,510.5743661773861,383.21370297556723,393.7969847009169,670.3648268510576,379.54185731360275,390.30346066193056,397.99796039961916,444.1575776710244,340.49541399848187,361.43266040351205,354.2857293900713,324.04388727160034,344.0547663144399,232.40385712115557
2024-07-10,491.7949744155828,509.60849617730366,492.0999273599994,510.6511309919842,383.3759396259423,393.9850099935079,669.82583093801,379.8018581930319,390.59708832796105,398.3799788554013,444.9224382507691,340.3309459766574,364.5522318439958,353.34459531416746,324.94384768914716,345.6105263019482,232.04812114069915
2024-07-11,493.6365810062027,511.4869086658513,493.6864459604469,512.2556633114879,384.97478417470046,395.61076837624313,665.0330987026389,381.1865974996391,391.9947531420229,399.63262104331466,444.4387489230353,341.86590722696457,366.7512892607073,355.64075128050007,326.63390043306543,346.9572013029437,233.98609165750185
2024-07-12,499.2776251781003,517.6405206821124,499.475296017035,518.5897710089524,389.3357781532869,400.3388928926668,671.1740953345695,385.62139308697476,396.81486847401504,404.92271774526125,449.9263776782608,345.7026343329742,373.08998491098913,359.4649273482666,332.29240789928383,353.4900448133102,234.44122509181904
2024-07-15,497.3468040184322,515.6495030183166,497.4612940794481,516.5065425341679,386.01629443274743,396.8596930888289,673.887849180932,382.19554217177534,393.2156115340761,400.7141306959033,447.3431846603925,341.7935395138661,367.2300840052491,354.09738129021576,327.89149949203147,350.7552035362546,235.72706516927596
2024-07-16,501.66740058677277,520.4771693474452,501.4814910011978,521.0307281982488,389.38081767791977,400.59778337252476,679.3014270945202,385.28638163582985,396.67328029836256,404.6175799810306,452.1088677733515,345.30780916083677,371.1191383714414,357.90742523164187,329.6904375102263,353.2952918718783,235.34194127924314
2024-07-17,494.92844002561685,512.9059503236485,494.65479533937946,513.3307487146623,384.2350542126678,394.8433413869528,668.9617224823058,380.12598670015836,390.8824943110714,398.1256229334141,445.6480094493541,340.1890976263992,361.9429150341103,352.13682344947716,326.778429062665,350.1092903704902,235.65044866543076
2024-07-18,495.00355841943514,512.9344568368352,494.6332136346733,513.2529833058302,384.15663182286784,394.71763083351755,674.3907000316592,379.96574176271565,390.6676415808828,398.66283408810756,446.83678059636674,340.8777247815891,358.68801758092815,352.6566720692643,327.62690935485136,351.38871872087987,230.59838877818558
2024-07-19,497.243365895109,515.6190205842979,497.1097308505268,516.2110215886563,385.17399130734384,396.0243409847119,675.2106526592939,381.1339288205481,392.14514740378024,400.25094762297397,448.48062083189876,341.58930642680497,363.670533844306,353.0543151021524,328.48613890828835,352.8560832528284,230.95914086990112
2024-07-22,499.59569872265683,518.3282078560983,499.6228825378946,519.1084896797252,386.93235729014344,398.0452257870593,676.7340542300672,383.0000622658793,394.2902922938857,402.3898011508624,451.14713286546754,343.20152564213606,366.94206509523343,354.1797983221531,331.88453415055375,353.25386399843575,232.54393639795933
2024-07-23,500.1234740313663,518.9760600817563,499.9293650436318,519.5221833945742,387.59080644545196,398.81295609115426,678.0620847849318,383.4852592589575,394.8758951176352,403.5939305520188,453.4521199474817,343.619718339175,368.17730334501164,354.5536219972876,333.33823443180586,355.82848014407705,229.0338231723292
2024-07-24,494.8527621654001,513.1943635092506,494.47522306284515,513.5214429157489,383.4358268219058,394.2851937500262,666.5999373515065,379.2235461978676,390.2207242792413,398.62826342406476,446.8514329139342,340.4418867847116,362.59943351629516,350.00745513185433,330.7406036208846,352.6509145521128,227.6304142819662
2024-07-25,498.45558916794334,516.6639875354124,498.2823737728226,517.2062522192936,386.06199684587096,396.7657319137545,674.9831992791219,381.9794804159598,392.83663682492363,401.71636859664545,450.10363090499413,342.8185853901145,362.4364793261378,352.29727615809315,334.55662642706386,354.89386539952517,226.54438153476843
2024-07-26,502.3963636133219,521.2884168609619,502.20737284160543,521.8415945909604,388.77813892073567,399.9743994940564,679.2566900428944,384.6421147540199,396.00418986120496,404.7867772427745,454.724511072612,346.1769772918675,363.1253377119424,355.78750196244215,338.47666171339546,355.43648997919604,229.4178526541503
2024-07-29,497.664850243133,516.5036180758018,497.39211255587287,516.964283731437,385.2691334169717,396.4700712562319,675.470631771456,381.1083481106988,392.47241840428984,401.25918352213193,452.1575669925159,343.59988131731586,357.78752829821303,354.04019944109285,334.3078844710008,350.46078247447116,226.85741433552687
2024-07-30,496.7081083183138,515.6945207636472,496.2367520331982,515.9465675271676,384.6590056276831,395.9943565370755,673.7353715169511,380.35128526953315,391.84308639995294,400.70548125286666,450.9250641526832,342.8848748124688,356.5439492190823,352.01554797056616,334.206383142963,354.42253495528786,225.93568212918566
2024-07-31,504.55109983262514,523.2893153660733,504.03977310645837,523.4879712408191,391.3285910965201,402.4473948856227,684.5607249853484,386.9438173051148,398.2089100712032,407.3850384144964,457.666791689363,348.7382195076821,363.8158327667004,359.1235848205913,336.2769924887202,358.37896829469923,228.55332057790378
2024-08-01,499.1320777836721,517.6681127116913,498.3281166324134,517.5425830383077,386.6685627648067,397.63541865449963,675.1864741267548,382.07990502421427,393.1722707194758,401.9083333734441,451.93030670629446,344.27481356229646,356.42909420971756,354.90767050372614,331.27379969966825,354.99865652910256,227.66204290637836
2024-08-02,498.68616430446025,517.6264129995749,497.5844069284654,517.195294767658,386.97469313470833,398.31316990694916,670.8157255984529,382.17012286670337,393.62982323235843,402.3340579629192,451.25245380979555,344.388416540323,357.9100775401661,353.787195154316,334.30265147567803,358.85382932806,228.18865033514507
2024-08-05,483.78854038478954,501.69689186974244,482.46940274913595,500.9898483797354,376.8231354487576,387.5491776914414,649.9912872474405,372.0003295180349,382.82463073162336,390.6895336171218,437.8971240543924,333.73407107911294,348.5428849554799,343.73817911278076,326.00847448607794,346.9552072972583,225.6706027091294
2024-08-06,485.5992945821889,503.869156805332,484.511782389301,503.42628404673763,377.7546373608726,388.72407306631357,654.7235896345251,373.0906927503033,384.17720524248966,391.9449727489051,439.7877850754027,334.3664502994734,352.1973743240635,342.6549260298023,325.8130509741929,351.4796749448537,227.26167084044224
2024-08-07,483.3554884925505,501.0806000901211,482.41244670626384,500.77246586580424,376.36618813813925,386.9406607502895,644.3285394213549,371.8451640693826,382.53496139789405,389.47588119633843,434.81695582870304,332.67176810143485,352.7393657412072,341.83846226537963,323.3593298538307,349.54062829768037,231.35215625995613
2024-08-08,493.5809109075322,511.9835603386444,492.7850016885354,511.8611957956374,382.93306706217595,393.87765681788795,658.1867735762595,378.41196239476955,389.4850647424173,396.80324970317264,441.8987890785257,337.9982566498246,361.9870703506364,348.5842317689137,327.06717604462983,354.0517905485623,233.91439212457752
2024-08-09,488.92286115397354,507.0582758710505,488.21146312300715,507.0165267659366,379.60959706438524,390.3962858241267,650.274591082754,375.2007023755329,386.11816257751144,392.4286580599201,436.61976701984554,334.0863213088448,361.7766046262726,343.722344215818,323.1642676343637,348.8185515826774,238.01643047253677
2024-08-12,486.5288260065223,504.00768376744116,485.54409664685244,503.64450122924796,378.1473498975832,388.4541864265142,647.2436670167338,373.5498677443738,383.9589163362183,389.9958938904639,433.6762223682783,332.2597225486942,359.2045532410092,342.38178686527556,320.57063269424725,345.9179312142168,238.2747947368277
2024-08-13,491.2498619069173,509.38055181482105,490.5141676550838,509.31173232190343,381.68913882496054,392.4738020733399,652.3455549412043,377.25045777462304,388.16385153461175,394.49829475811106,439.36217638384744,335.8228670988612,362.8251696327101,346.47292414975436,324.32999066069215,350.77498653935766,239.32943578811182
2024-08-14,487.506388601141,505.741971643958,486.9097434806803,505.82746361396545,379.2159520015892,390.14340572229924,650.0594615250551,374.92998030186595,386.0006585427128,392.0608297832866,437.7719791219226,333.4354698198807,361.4706272472983,342.13946276099716,323.8979777956179,347.9199459553383,239.59041534752785
2024-08-15,494.6294639198359,513.15987816941,494.19349445766585,513.430773493484,385.22760237932437,396.37043748536877,663.4396534878503,381.0279599714004,392.32875334385386,398.7684287610604,445.10495423369,338.0753732433008,370.36945454523476,346.98344287189514,328.79340518706204,352.87760054953367,241.63502318383067
2024-08-16,498.5384513827439,517.5922717615285,497.7668629860492,517.5216853289209,388.0013583230281,399.5161034836575,665.9181276472027,383.4944161141078,395.15720818963683,402.2148504322446,448.3947568129155,342.02596212699234,368.8744794974967,351.75078233575834,331.9481065069791,356.5137470658684,239.5674707841223
2024-08-19,502.3374812391129,522.2423374529748,501.7846554063225,522.442246583034,390.95728819066255,403.1263368973919,670.7856446631835,386.5959740497401,398.9445654021619,405.64883492073534,452.03499519956756,344.97750153597224,371.06913868720284,354.4451454977726,334.7479620539873,360.9431277807379,244.62201426534423
2024-08-20,493.8943081567053,513.5149434588566,493.1881656642746,513.5374511729336,384.43402324001295,396.4424094840403,656.0868647755202,380.0170805005122,392.1936995011069,398.1066622044357,445.4197323976921,339.0377829271051,364.146686471919,347.30263536083214,329.604431221141,355.29651577726224,244.979090591467
2024-08-21,501.9573979061482,522.2893517112345,501.3206304156772,522.4154956718008,390.20412946794806,402.685816182469,667.0564784714027,385.76571636796984,398.4304640503528,405.0300689670949,454.3637068857099,345.91172664959896,366.6304138833207,353.7036292677026,337.41228055601,361.1340729387654,244.86343578143018
2024-08-22,497.43269713735947,517.1127850451145,496.84345794156144,517.2642192427226,386.73421556016103,398.73113003728,662.8937569651208,382.37058932542413,394.5401566442993,401.3069535259269,451.201265112825,342.93161534633197,361.2091854809083,350.7307277390409,335.7663292311702,357.79046824243875,240.9321955164301
2024-08-23,516.7920068950866,537.0757892858659,516.3205684983653,537.3789567382033,401.1375048776432,413.424419034325,684.2036431407773,396.6983830073884,409.1660742508703,417.00002582174534,467.3798904852453,355.9241405431321,376.0501210926858,364.53819496756853,348.2485312298649,375.3555252767273,244.47282434528378
2024-08-26,505.9400553849724,525.1423011328745,505.3741019650772,525.2994732958332,392.9679417511946,404.49023323227874,670.5921977944374,388.54583393579156,400.2238462323637,406.8939789274248,456.6819733520054,346.9527480169632,364.76254497699557,354.78286810903626,340.7581322738769,368.1710284521033,245.53119207687405
2024-08-27,505.63471715101116,525.1236596691052,504.96816819317615,525.18364783363,393.5063966946843,405.31535472530305,670.7405814182132,389.0281976084881,400.9977492061103,407.9601681583009,458.86938522159875,348.7170253778229,361.8241886850273,356.9358742092044,343.09337184514317,367.64856086894486,244.15147136752302
2024-08-28,503.72179166633674,523.2830358241024,503.0779488284196,523.3704878571305,392.04828802460787,403.93197345387495,666.9476246586197,387.6040651936316,399.6526526247942,406.4583908117189,457.3964212231548,347.344802988617,361.24765302212273,355.0339461839442,342.5273481971842,368.8118220332755,244.21020338047174
2024-08-29,509.9015222764894,529.40388328869,509.19522727537253,529.4213776478732,396.8013133578922,408.5868095363169,676.140306370299,392.25725645777396,404.1988303379104,411.9967913532097,462.6769089954779,351.3698376684197,368.2067439887814,360.12639280693645,346.8346971987502,371.91252814673805,240.9421598282643
2024-08-30,516.5809806746871,537.017862384724,516.0325583528183,537.2434850485357,402.08928004502525,414.5805895210569,689.849821354799,397.6221221229677,410.2984014169296,418.69824945118097,470.87151059875544,356.54432419465445,376.4245487996379,365.5035418264833,351.68343430684047,376.8827992702765,241.46318226330666
2024-09-02,516.2565789881576,536.6676561781148,515.6960373217579,536.8791175726153,401.8797268498163,414.35588381717963,689.849821354799,397.4066080321319,410.0667506599646,418.69824945118097,470.87151059875544,356.54432419465445,376.4245487996379,365.5035418264833,351.68343430684047,376.8827992702765,239.82724718511102
2024-09-03,504.9294863789277,525.3864263158225,504.0760305853695,525.2827383242857,393.1468958213214,405.75186821228976,670.9122931955128,388.52971772344904,401.3089704376101,409.12279783373566,461.02051337690597,349.39030604369486,367.33538678558887,356.6897729525671,344.9101543336547,371.40289238481034,238.69569200528548
2024-09-04,507.71561156651694,528.7034438367712,506.84070028777353,528.5976696765237,395.16927224418146,408.1687612497493,670.6304370187029,390.50911020055594,403.6922919165896,411.13936018095336,462.393524105289,350.82738962032784,371.3834065448248,357.76220997438656,346.5328358569624,375.2805340397953,242.7648653429869
2024-09-05,507.376181216378,528.2744758947907,506.34553576964964,527.996217395794,395.3840783422951,408.3497997219273,667.9126503443775,390.61505907728304,403.755168984179,411.248579620458,461.51694283699163,350.6510763093646,371.0995695333521,358.02874305482743,346.0284508039779,377.85616263541067,242.50921016432457
2024-09-06,491.7087724493106,511.8780268378176,490.50800170487145,511.3860484925611,383.4971067121652,396.01903262734305,646.7611205044711,378.7221729719005,391.40017589363265,398.1026038495782,447.4268176652604,339.68004919228935,359.94674618719375,345.32318218954634,336.0937149105044,365.6215305596783,238.73178349397878
2024-09-09,499.2211449931705,519.7988176129475,498.111892789305,519.4223552752965,388.66051063867843,401.4029732244105,656.916963400154,383.8820249415976,396.7888478340979,404.16150470911595,454.46250048060523,344.78086651393033,364.43459153481854,351.2866895622414,340.4003035645168,372.2962838406496,238.20615503979283
2024-09-10,495.78485148603005,516.7924384424479,494.5092793352733,516.2523457671291,385.75061354892597,398.84700750047216,654.6862692582359,380.8592092766046,394.12067158040213,401.3158809137907,453.24213240213015,342.8604263397031,359.4435439857969,348.6100511862717,337.0558177120485,370.3765818227563,237.4333696090951
2024-09-11,506.2364853714057,527.5582762374871,505.0979483081685,527.179769802159,394.06630026599055,407.34934631019104,668.9235353497912,389.208006863046,402.6676730308302,410.6224040802267,463.094699196629,349.79901477958566,372.1098850043674,356.38483423524553,344.1203540051671,377.07630259316306,238.65492768169912
2024-09-12,512.5359901328873,533.7489229846757,511.26804382800464,533.2259275923948,398.93919961975166,412.0847486625686,675.535916779855,393.9272615272186,407.2353849743559,415.8870206271478,467.53329207463895,353.0710999927759,382.20335720659403,359.8931618545822,346.86427644729775,384.49279275476664,237.48356402181753
2024-09-13,512.0307791384499,533.368194046538,510.6952900353316,532.7767646805539,398.00326218431576,411.2122884628963,673.9947740390402,392.9265229193002,406.294631753602,414.38692625438085,466.1033357758935,351.76713946325526,382.4320774850716,358.16447044658275,346.158556350819,380.12992626008935,240.32281520037176
2024-09-16,512.5719773336675,533.6974792299479,511.30402040808593,533.1711182222451,399.07614221103245,412.159732036275,674.30486943311,394.0666400121353,407.31127683403605,415.37832510730084,467.3619989392263,353.14230571120146,382.4792958338233,359.03179204462157,347.9466771135667,380.939247606796,241.21439200168732
2024-09-17,503.973785747697,524.5587438593889,502.8839576543752,524.204066954243,391.8736286882498,404.55056673460473,664.4581673307304,387.0601948458224,399.89835931640596,407.2133219374999,457.34645112548105,345.5488360070063,374.527143687606,352.0325441915476,340.15810058023203,371.68605232728555,240.69071716264622
2024-09-18,500.67575244900036,521.3723325122199,499.69303018065256,521.1380375457359,388.9375258674894,401.701709662897,660.5961891930046,384.2254987291389,397.16009108712564,404.49551995830444,454.11540017887785,342.9526240114595,372.3615324798991,349.11416506312133,338.4837864796059,368.86022653324784,238.58387956166246
2024-09-19,507.58832871306146,528.3323521953977,506.63241018555914,528.1291901259906,394.2583898604019,407.0042197918047,670.0116151742922,389.5122479922695,402.4273785482391,410.77824559023964,460.6573315321316,348.4200657887412,375.1065762295678,356.02946559046967,343.16955025654244,376.4338185025436,235.79096650257486
2024-09-20,501.7362200785677,522.0976889863916,500.4530489216754,521.5244589832374,389.5806548460394,402.05491843849745,664.1554856704927,384.61512197323543,397.2320629118277,405.69592985282304,454.9659662710238,344.041957778777,368.66644828741136,353.39619496239396,336.6356771879007,367.7406951864596,231.3527038513214
2024-09-23,511.63598974146726,532.6508871756913,510.3509957903488,532.1015905629397,397.28234682015017,410.20539208657283,679.0769473274466,392.2380158525933,405.31392551845863,414.81961457043707,464.1992917740334,351.7763343089994,375.2789494868206,362.2627625183536,343.53107757640487,375.03716806144325,230.6046538092897
2024-09-24,521.6578073022109,543.1059277360281,520.376711268795,542.5782312063202,405.06565721215003,418.2592318535689,683.0337270611643,399.9457915797654,413.2975120608928,423.20440229044516,469.162168543834,359.94594592810324,383.57679263929236,374.4258504857173,348.4317400509608,378.49804453233264,233.83853075766982
2024-09-25,508.6596209726172,529.8866585395972,507.25132669896647,529.2117832440189,395.1039397600994,408.22943581132665,667.7006712704758,389.9879870070936,403.2659284999304,412.4221044415938,459.4626139236472,351.16624826492995,372.3327593622096,364.3825106997604,340.3644041596139,366.9388529642687,231.26409341990774
2024-09-26,520.3876275876976,543.1912205143257,519.2107307812162,542.8291334511007,404.0042891509946,418.28783838101737,668.8333881822516,398.9758056378029,413.4558804830178,423.4863204451749,468.53798550221563,362.7051181704828,378.94548203514364,381.1989190549516,349.1793618247962,376.0016870150169,233.14226154268343
2024-09-27,517.3013194335069,539.6085016496504,516.3057186666399,539.4239011441784,401.47703791366143,415.37655921611696,667.2575497611821,396.6141351773133,410.71087957407065,420.3250884955465,463.5871034557037,358.6688987900299,374.3390209577498,377.98896744520397,347.63236420982565,374.0070929304841,233.7117393250312
2024-09-30,512.7829110372116,534.8306365805595,511.7940884898136,534.6430029937151,398.4226487134173,412.18341747682496,669.8765600858412,393.61308467570143,407.5698729810137,417.0921465906945,462.89638496894446,355.36947955533964,370.04346738516915,373.07247309500485,345.07546184980276,373.1654122596856,232.03696586205896
2024-10-01,513.9571565112366,535.3984361827482,512.748617804382,534.9480889714465,399.9317640289543,413.24281166748636,671.7379340305913,394.9536360401116,408.4345691226649,418.06368586474764,461.1497378909325,356.2080908720246,371.27521299282495,376.8914841893069,342.43101504935345,372.9494961186349,231.99905261321314
2024-10-02,514.5141351029547,535.9087798982828,513.4103418992102,535.5702836712036,400.5024139652754,413.78204062214235,671.4100618244115,395.60756268717927,409.06280693031374,418.2901518604666,459.40571412187865,357.37170810283374,367.9317247889095,381.9271093748858,339.7819199628932,369.5892184966134,234.89885495449138
2024-10-03,513.1403603867146,533.5170155230537,511.941153690066,533.0349093012388,399.3133701874152,411.7770530037891,676.808663876728,394.34949890856353,406.9587067994048,416.4545943692757,457.7365731765043,354.480567150759,367.8725372804939,377.99268811499496,337.2628032157083,368.49921902190596,231.73855562709144
2024-10-04,520.4484450718173,541.102652685525,519.4218509426819,540.8185940513429,404.7846140882093,417.4000175502845,688.1684787781611,399.89617237947084,412.66928765504167,422.7678512869776,464.34133287258203,359.49202910429096,375.1907390839773,385.33289969262535,341.4095757625833,369.1850795485294,232.1170222561687
2024-10-07,518.0424698734191,537.8148540817309,517.0759309224727,537.5609755146361,402.8616448836565,414.7841482816735,681.7002848312255,398.0386686010001,410.10239931667405,419.9868509750728,459.72257948051663,358.21499937250695,369.31982790043907,386.1211025978828,337.84635990441683,366.09671270576473,231.58695662713114
2024-10-08,517.0191255796874,537.4573959186503,516.0174069352485,537.1917698724203,401.9481267286677,414.4041760391673,686.2977874385037,397.10174246903676,409.71295007228906,419.5429408107614,463.5105059813785,356.54527591763474,373.1678771016486,379.4075224019989,339.84524413529476,367.6834399418091,231.64043335176476
2024-10-09,519.9671628066836,540.6358326799555,519.0354870602876,540.4552056913117,404.60270009547753,417.247272346058,696.1580028683131,399.79926987134724,412.60880276693837,423.33445258884603,468.2427603182079,358.27633492867386,379.16555563918996,380.64512265339425,343.99987748321746,370.857630528193,228.25995756333396
2024-10-10,526.9037990809215,547.1908503409173,525.856337182666,546.8698207376442,410.1151686634345,422.4091368472947,704.7916167301674,405.16803648444454,417.6076085322276,428.88887718073823,472.7537292811726,362.34730817054975,387.2756286481781,384.8639944841467,346.97983078317384,376.3036767527228,228.500605439319
2024-10-11,529.5067552934304,550.1277275557939,528.3859191789643,549.7405555385103,411.69311485787387,424.2035491431933,706.1955630701611,406.6545927641188,419.3109077817735,430.73042888661985,474.39511942815705,363.582043630056,390.6055198582982,385.8570087688853,347.49436687651735,379.11902311360694,228.8920224544217
2024-10-14,532.7368101355016,553.9312560295124,531.6611705832973,553.6156040739888,413.3012479593148,426.1823390635638,713.6707027309633,408.24900498604745,421.28653005121544,432.6250946554637,478.8019719387858,365.2506947520937,389.8761410568233,386.4292920731177,351.44313398182675,379.6019248978164,230.75820472470525
2024-10-15,524.136414567559,545.5920773628859,522.7352515370156,544.9339691432264,406.1786224049592,419.30194365750424,698.9887988209525,400.92182549113835,414.19082026881904,424.7075295260695,471.8892033778095,357.9318650438867,385.40479895678936,375.7208074115075,345.7191777093196,377.26884890416295,230.5731181102185
2024-10-16,530.831469329246,552.7192099283734,529.3617194978634,552.0038623997971,411.27193020451944,424.68218444120316,708.3269607630945,405.9050319161284,419.46296717453765,430.44011164413735,478.76411414426576,363.9990245394148,386.83525397780676,383.0664564990939,349.32253157984644,379.2147876407129,231.5577944788736
2024-10-17,531.7174288326563,553.5522192835174,530.0993020489368,552.6739669540674,411.9899107270184,425.3533770328043,711.6450371904643,406.498521798511,419.99909846033256,431.18039816383396,479.91069114103675,364.47828095506935,388.8304233675536,381.3949869925713,350.76437953335517,381.54780810733746,230.72869002144353
2024-10-18,534.0262991016018,556.4717047526933,532.3320824487888,555.5345349947158,413.6541141110906,427.478608138408,711.288471639323,408.0805399251607,422.0497451271072,433.63507827063916,481.1518498070516,365.9935727946445,391.28355846587635,384.8473620544628,352.6641074215341,383.44501956011607,229.79834425583877
2024-10-21,529.4670826365649,551.3352288485336,527.6741951531444,550.2685213210192,410.27519017447116,423.68497705901245,708.646792551815,404.6629688536435,418.2011940625698,429.3155763353912,476.3864222217629,361.8679253661007,389.7013881377476,379.4726672885518,347.66278884976055,378.4483039423759,229.8323599218891
2024-10-22,533.6836297050525,555.188977184531,531.6291573487275,553.8251650850963,413.52355927855433,426.6095987226804,715.8993219668611,407.66891397753415,420.8571422990341,432.48078266908027,479.2509633471406,363.74835204323904,393.19025636448566,382.0161822875759,349.4900924563949,380.66157180443463,228.70874546688097
2024-10-23,529.5736989383048,550.8686232734601,527.6197210772863,549.6053724550063,410.4325922450531,423.3888712305445,708.9693226207128,404.6929266743818,417.75511566846524,429.0738907547246,475.01392369609147,361.0523188438012,392.95198713886083,379.04265663486103,346.9301210300867,376.9135572204571,228.29805312190854
2024-10-24,532.0892512805892,553.7374839185512,530.0763310063967,552.4239180031204,412.05434523443677,425.2498441087564,711.0202839063778,406.23945508805923,419.542554624648,430.7909724671794,476.1310669722715,361.13469372843326,397.08855007377963,379.13356013271823,349.3522855032712,378.25112879162543,229.97009953490104
2024-10-25,529.1183438614275,550.2713418069998,527.0417268198297,548.8698403426575,410.0795736041258,422.9262912350508,709.4851039608002,404.2456778587246,417.18802286153596,428.4329480520263,473.2032572844994,358.9465097437221,396.0068221185445,377.94587413415195,346.1569053197537,373.9799227187065,228.3292888091457
2024-10-28,533.3979016624417,555.8992791988543,531.3895722500885,554.6225671676245,412.6873745246933,426.5275750821056,711.4822923270694,406.85629475305234,420.8208296441841,432.0105602669644,477.83859943356754,362.2882799638372,397.0959784619577,381.6489272670098,350.9276695606159,376.7682728594378,231.21514865068366
2024-10-29,534.1300804409319,556.8347437883491,531.8357637357815,555.2553251790498,412.56619487941543,426.51147089082014,713.5763867385763,406.48418097571124,420.5372213774535,431.974510016744,479.12584806027934,362.6872546380516,393.1862344980264,382.8279232005198,350.44330657631764,375.4187889492007,229.55748305400766
2024-10-30,535.9011969150284,558.0381638593112,533.3750970804577,556.1862765415509,413.93229675805196,427.4114724345643,717.8068909785786,407.6518764557889,421.211455370194,432.45914832521163,481.2005214623967,363.3581923057997,390.90214840121143,383.00993540837305,350.1057726190117,377.6622843860891,231.14100822619554
2024-10-31,532.2216051211506,553.5331047494394,529.8818048974845,551.8525463290382,411.4422091456836,424.3183821208918,708.8543273432348,405.3477333685425,418.3012728798218,429.51981697558506,475.5078609926323,361.3932957473733,392.3438200271136,380.6240460974459,347.61989942962094,374.09561628747116,229.25852536209774
2024-11-01,534.1501015485351,555.826094482852,531.8638224290951,554.2171832258718,413.0818930116018,426.2445400626647,713.4458052035823,407.0183196963602,420.26910303899064,432.4284903510285,479.34523841165395,363.948466830627,392.2751939806503,384.0078244112036,350.7589744703809,376.27790387041335,225.1229161473644
2024-11-04,527.3909520769662,548.2744537300779,525.2414403734356,546.7835973176242,408.3354104192125,420.953364394423,702.557455109928,402.44627950717717,415.1486272094216,425.5711717548752,470.19423880229283,357.7404656434738,389.2169301458498,378.0586669276607,343.8980500739733,368.4412496249645,231.47791086302684
2024-11-05,542.6165919104624,564.1644221496065,540.5394529260861,562.7783481514064,419.89889601671786,432.91394157507284,724.0846866135612,413.9412417542088,427.0514806471215,438.88602790185087,485.0396232755566,369.1689369422075,397.36534759841555,390.77474186935706,354.1205271526051,382.45843235253176,231.45439122120058
2024-11-06,538.2101491078249,559.651829727497,536.7896321165663,558.9723070527341,415.05022123586235,427.91057672879253,739.1745604171715,409.61414232599145,422.6022743485293,433.91363945436296,482.75137190616135,361.39423290065565,398.98142820373573,382.2188614859234,343.16221899608183,376.466066385856,231.36274966203092
2024-11-07,539.24503152185,560.978828058831,537.7671301453481,560.2485295060796,416.0043040214717,429.1001577876404,735.4030267731292,410.51851511438764,423.7455789441395,435.5903512955008,483.1578478119649,363.9330845292558,395.73158258782775,386.32929609685556,344.91451823930646,380.25015163012284,229.03962125589862
2024-11-08,533.0453104625481,554.662998346958,531.4279718622805,553.7767786276972,410.85643287515063,423.881581254122,740.4911912214084,405.2999281392582,418.44685492511263,430.2192861791762,481.5359667803917,358.1378948956776,389.04656292435595,378.75705822079146,339.82083638603865,376.48865160994586,225.73733595158973
2024-11-11,537.8403094573545,560.3181280012619,536.7128034584455,559.9960733809569,412.03884457507843,425.52681609022534,747.8969417912183,406.76723016340804,420.41207558136364,432.1606625130771,485.6996670174684,359.53292323555644,390.4462916376801,379.7265458255971,342.48412385090063,378.9039732158577,227.2542384923538
2024-11-12,532.9642084942409,555.0476796188196,531.7701679531863,554.6377463586645,408.240767825974,421.45131985452383,747.8179167384204,402.95477816424705,416.3114721892305,427.70746917607676,482.1566592361544,354.65397262927974,389.5273049500783,372.8663284939832,336.7560056871767,376.21105272643433,226.41432544095665
2024-11-13,531.2850287008865,553.246305081335,530.2618284865036,553.0168327704422,406.45610305070096,419.54676989359535,748.6209420777737,401.3052117020427,414.5481151335717,425.66441536942585,479.99144033852633,351.8728046649113,391.4795904262889,369.4242193741117,334.4485783734718,374.47129124476186,226.80291875951627
2024-11-14,534.8545951926707,556.7226321100846,533.810572860593,556.466962372231,409.71619513707066,422.74380472634795,753.7233175689855,404.5339123754854,417.7108175718742,429.3446416894333,483.35627634613553,354.66157208657745,395.88641802806734,371.79644991769624,339.72050462184905,377.399668187873,225.99710792955966
2024-11-15,532.6196628161266,554.832905705447,531.5927226422918,554.6093489825887,407.29904284625337,420.5654708367234,741.8926326592367,402.12951007866053,415.55224378624507,426.9242492694373,478.34795798676436,353.0172890278566,396.41120429233337,370.0087818006861,338.27809495569585,376.48955266171845,225.99710792955966
2024-11-18,538.8679655702678,560.8583468567637,537.6572720044162,560.4267259291478,412.33402895183156,425.3939477641067,748.727303056752,406.97565006803444,420.1734195139224,432.15642796570773,481.6795067335975,356.4650254001024,405.49043544232387,374.3851430311739,340.27087037185623,381.04354541991574,225.68886124583054
2024-11-19,535.5533976065237,557.3840276627612,534.2112354079654,556.803511156221,409.5192815816513,422.4592392091037,743.5339789399245,404.0771291076666,417.1440263199056,428.47569075802534,478.3340178601547,353.38269308567754,401.25454916585204,371.109841440874,336.05135585135315,380.23557109955254,227.30709165802025
2024-11-20,537.6937091033699,559.6888571179336,536.2212458292978,558.9735980905187,410.807325648289,423.8345094434559,749.2670397779674,405.23601581319355,418.38342485770175,429.86449073056514,479.9533593600654,354.2447682019379,403.4699882833646,372.1270440223828,336.46226656499266,378.9402643299094,227.30709165802025
2024-11-21,539.5377368563535,561.3336154778065,537.9629242427789,560.499795344585,411.575919653095,424.3847092885613,753.3847261367031,405.8924496041208,418.8071492495875,430.8895125072588,481.61733118875236,354.1854048166722,403.15183952612574,371.9923835720196,336.55858903357426,382.45310340589197,224.10738869392532
2024-11-22,545.452995566163,567.2501459560572,543.6633956161868,566.18401540902,416.0629485514323,428.82344878113565,760.6315922457675,410.1615272716922,423.01216484890745,434.7922586012394,487.24156334412106,357.84337119303257,405.99892019445116,374.6222366527125,340.2598937370303,387.6196285386188,228.78090326783055
2024-11-25,543.0094671849167,565.2969075671,541.8018573911222,564.8795805758645,415.11863691897804,428.35032720084774,754.9613562158899,409.71722043136145,423.0887793539593,434.67837315314455,488.036856829414,357.9953531497515,406.6258516608196,375.2690474577565,341.6500962908918,387.96368469348914,229.93730757676622
2024-11-26,541.3743466289891,563.6847855327105,540.0747927900338,563.168612777418,414.01780857299303,427.29158035195417,757.0091731663798,408.5614352748728,421.9716908591322,432.98067601019073,487.22892168176816,356.19299957007627,404.1161927162798,373.468661589846,339.6769870187613,383.9188924170345,232.5305942362437
2024-11-27,543.2786413045454,565.6640718571746,541.9568837122554,565.1268253603427,414.8061013211784,428.0748208379541,755.6055820063121,409.2990978851434,422.700638209119,434.92130990104164,488.8044878047384,357.959457438695,404.5258858646015,375.4500798707096,342.7607647989452,390.94725685468904,225.88658659873278
2024-11-28,542.3080458790904,564.6146149256022,540.9514099045274,564.0364267556893,413.7382498230094,426.9287307713027,755.6055820063121,408.20327629615736,421.5217822712559,434.92130990104164,488.8044878047384,357.959457438695,404.5258858646015,375.4500798707096,342.7607647989452,390.94725685468904,218.3269743391329
2024-11-29,564.0705794959721,587.4145655635307,562.5770221556554,586.7292740230998,430.4700595885526,444.311160179074,787.2115563633661,424.651598840047,438.6247260307674,453.66764769330865,510.4415796420157,373.46894172841576,423.01394600710404,390.81022696239745,359.4093738526069,405.42166795188785,221.11289082395325
2024-12-02,560.2949083543513,583.6629285577615,559.0010923472304,583.1950225676578,427.8592114576685,441.76935742593145,782.4332971382089,422.23567016484697,436.29349976274307,451.3147454755846,507.876225527845,371.5697244216532,422.08456303764154,388.92986125564516,357.85807406324057,401.07217220714597,219.6252793466255
2024-12-03,569.4544484089232,592.6164346203822,568.1461660451378,592.1251006526545,434.86861133921354,448.54436307450715,794.2897327154998,429.15878091625535,442.9717887261938,458.6430636909589,516.2908072129663,378.0057577853506,430.062615343151,395.48420868153954,364.6441320730768,404.4702320560131,220.73826413964466
2024-12-04,568.4413333746123,591.9342903079884,567.0797877969711,591.3981421874911,433.6221405911914,447.5321518100646,791.0264523634341,427.86634168974496,441.9163835569143,457.50428283743247,516.7713279422937,377.63725207132774,427.7227849011974,394.3585735475416,366.24728030549915,398.6395810739181,220.45607442931626
2024-12-05,570.2929206904182,594.0825262070164,569.1747393118952,593.8219920134703,435.46776906778194,449.6279514210397,790.3282274224542,429.8990144262162,444.22133445103043,459.4471075061501,517.3125543546028,379.43400768149496,432.76955760552045,394.5681308690256,369.9445405221137,399.3993709043581,223.95634500742952
2024-12-06,565.9519073008456,589.8857198877224,564.7708430629887,589.5625667316433,431.5304017915362,445.79287961430924,784.9960655347778,425.931330150611,440.3550309754868,455.95930511789476,515.0534149863823,377.0057964759805,429.3228557278261,392.28121286099895,367.6509241927821,390.9516450419788,219.267082914583
2024-12-09,576.5719714837119,600.781907401714,575.2761816896318,600.3453778910813,440.1427354906016,454.5751611315885,791.3175402887911,434.3796395539842,448.9691616496363,465.46047723011446,520.5633743452859,384.9919560654132,439.5591658138692,404.02445001812686,372.2541710894026,400.7790190705702,220.4787592131717
2024-12-10,571.4503832041962,595.2098843556121,569.7213688230167,594.2853150595132,436.24650644364016,450.36650708930966,786.285034141856,430.1857158798978,444.42937039536037,459.87251583427036,516.1676725643813,379.9291844577342,435.7076978766595,397.1570955195795,368.9809044657732,391.59170241079596,222.84196149651603
2024-12-11,575.0861135205471,598.6447269542447,573.3905478492138,597.7489821994674,438.4386377146689,452.32846379682155,789.3519589435915,432.3592854940303,446.36588075605,460.9442231668151,517.259493574266,380.28657767585986,440.01116736490997,397.65830947156843,368.5227350432462,391.2235524137282,228.7812935720557
2024-12-12,561.2949203976932,584.1262012041921,559.7673900917088,583.3837914685861,427.9637717058124,441.39578344202926,772.1617393373439,422.13110283746704,435.6812248008734,450.36548184563196,505.4831463584089,371.5667195734409,430.21744970319713,389.41019355899994,360.2650760647599,378.55235391789597,220.8214924766758
2024-12-13,565.1591080086706,587.8293259950817,563.8745365797776,587.3442319670445,430.6686467088094,443.9254941047221,778.4232948694353,424.98838508591757,438.37097552315856,453.91816922190566,508.3392065846542,373.8921781703582,435.0894058716307,391.84458931066854,363.74241967711805,381.5184388366034,218.01949035012268
2024-12-16,568.2953820089983,591.2044846806824,566.909223047772,590.6187986254652,432.27499850642334,445.63779721072683,783.3773585468282,426.46857923366053,439.95139091535424,456.10318051151637,511.9935610414834,375.1081955532167,437.68876529935204,391.76403554075534,365.14266635189335,386.72489412788786,215.90733136339776
2024-12-17,575.7368069040106,598.9687179968795,574.3191384754513,598.361778386286,437.84250869762485,451.39148368673716,792.9307069554436,431.94719090643014,445.6170708819962,462.27514408199306,519.2029975013138,380.5547870487482,443.32599285637525,397.53857267563586,370.2879065644998,395.600069768063,217.13459437019745
2024-12-18,555.7101916535278,577.6102587718862,554.1526854846818,576.7990820713983,423.10821577997535,435.81120016605706,762.1980272158835,417.2828999374997,430.08208455059724,446.2116409175569,501.04354952795705,368.7670113799634,425.02034128388414,386.19786391037826,359.25026053505326,380.0772162159131,209.2951330114305
2024-12-19,570.364595430616,592.8556403842986,568.6483574852497,591.8962247380651,434.6273400971594,447.70162003919063,781.8691006892366,428.56554863639616,441.7336265387781,459.2744600299268,515.8476471079055,380.3888660999161,434.48613873282255,400.20827994889447,368.7933572485066,388.7900898331497,209.93827805334436
2024-12-20,562.450207527917,584.6600651816499,560.7085707880711,583.6618720254985,428.68499946587895,441.60844003928173,772.5964081592646,422.67100567620764,435.68515280367205,451.7961946828627,507.20534759716907,372.62005812251004,430.7027388768807,391.95176880715985,361.051270173001,383.8268502926034,213.04528249795885
2024-12-23,557.3202896819378,579.3810312302702,555.7345648237113,578.545574994301,425.3174502301187,438.20370690238343,769.6341561050061,419.4818656439044,432.4695702783788,449.14845656204153,504.58603040639167,370.6714088016018,426.2929417845874,390.3259732412236,358.60623035324033,383.4350180807569,207.91066631577792
2024-12-24,570.2059703831859,592.7070076875799,568.6490416423887,591.920421087507,434.5326627468757,447.61775709573345,792.1645212733288,428.5976282114521,441.78611034947545,459.70392651922776,517.1598000980272,378.6381371375266,436.78829105004695,398.7186121537686,367.1630960965764,391.8894845735888,207.91066631577792
2024-12-25,570.2765371663178,592.7831803328916,568.7221224414918,591.999535505679,434.5326627468757,447.61775709573345,792.1645212733288,428.5976282114521,441.78611034947545,459.70392651922776,517.1598000980272,378.6381371375266,436.78829105004695,398.7186121537686,367.1630960965764,391.8894845735888,207.91066631577792
2024-12-26,568.5699740370551,591.142583500405,566.8465436098767,590.1784267463887,433.75320078017234,446.94098270516287,790.3653440381013,427.7132498366863,440.9992593447363,458.8206488896211,517.2583856057093,378.06674469458386,436.0094801644165,397.50926300726485,367.5569462111371,391.942361177428,207.86131802079817
2024-12-27,563.1967376434923,585.2446827170724,561.5534643333174,584.3468708886168,429.87133607730857,442.7052393303879,779.7091388745016,423.94413095685604,436.87316613224726,454.21739550084163,511.31653276323823,374.75612497105874,432.4762571347672,393.483838735187,363.5030971545533,389.6976264395372,207.4634523851072
2024-12-30,562.9979596728224,584.5668745608324,561.2582648608923,583.5463052019223,429.86137129341637,442.3300842619371,778.9403369528574,423.8637352421067,436.41219920410646,453.62048326285895,510.5845678799407,374.79510571768395,429.3525162155136,392.9488097394963,363.86352004991033,392.4259861807135,207.8356218179123
2024-12-31,561.1339267073575,582.3955375359459,559.2493660968547,581.2064683048226,428.2856664815267,440.5167639985966,777.2110503406391,422.18569845405113,434.4819192802872,451.43169057356437,508.4672138737495,373.5564574861869,428.05290234511426,391.22145498169994,362.73530808135223,386.5794176643879,207.8356218179123
2025-01-01,561.3542693612854,582.6330248979884,559.4774149882322,581.4529508915635,428.2856664815267,440.5167639985966,777.2110503406391,422.18569845405113,434.4819192802872,451.43169057356437,508.4672138737495,373.5564574861869,428.05290234511426,391.22145498169994,362.73530808135223,386.5794176643879,207.8356218179123
2025-01-02,573.3954646333882,594.7510288831888,571.2164715476105,593.2482039666336,437.06136019277346,449.2276523005993,794.4901867060073,430.6146695604392,442.82281196056823,461.16623831588964,517.4637609583018,380.2128961629975,446.18929186453374,397.3557461175038,367.4286538727506,395.5926629737191,206.4154828217526
2025-01-03,564.0376742829511,584.9249979071667,562.2239859854145,583.7983852411994,429.8450089602203,441.71294540655407,785.5810797278524,423.75999053257243,435.6846444220851,453.53711990379776,509.7035663853523,373.9830697383459,432.9561006379248,392.51102106943347,360.31235231802344,388.281133580293,204.04950147023496
2025-01-06,571.4854336605695,593.0168647704635,569.8556890077749,592.1138748400972,434.9869712421972,447.2641858807102,792.7108352290736,428.9710696390985,441.3230904991325,459.09480831346247,516.0698916143015,378.16444863394423,441.34374312148594,396.2657711931865,368.00333075975533,392.3658031439466,208.23329888488377
2025-01-07,563.7927010217825,584.7138858113359,561.9989019687972,583.6097545515303,429.9189552787917,441.83418240607944,779.3401738829418,423.8585918353304,435.8334513758435,452.56860612071563,506.75249722477514,372.2808197100285,440.8663713483177,388.6684738579617,365.1624076924873,386.88087659626945,209.7118562190522
2025-01-08,559.8807357448868,580.80409541292,557.8863790444069,579.4831868080607,427.1804658098322,439.1456391202332,778.1687593096275,421.0012772120554,433.01797372372164,449.9330000975765,505.40479167838146,370.2044269776167,435.713417525762,386.28810970346825,362.92376647656954,385.12132426479553,206.8892280709165
2025-01-09,559.3506470787082,580.2330468009297,557.3378632110689,578.8906469224154,427.19007383095845,439.1559113441586,778.1687593096275,421.0111250142584,433.02852465013405,449.9330000975765,505.40479167838146,370.2044269776167,435.713417525762,386.28810970346825,362.92376647656954,385.12132426479553,206.94972088608887
2025-01-10,548.2508873201898,567.5647823972175,545.882954053559,565.7788490239301,418.1891172858312,428.9728498914308,762.8208315586138,411.8093226689791,422.59466196314213,438.3859270845068,492.2196143958612,360.1821884996236,429.14288078511953,373.5891411411058,354.99635970829723,372.36360523040287,205.53474303135593
2025-01-13,553.2270814603658,572.2209915809505,550.9915551519898,570.566546579344,421.97253671457923,432.4640094850262,776.8197919197036,415.6552842599324,426.14646502058,442.51465887513285,497.60988567460964,362.65800000403806,430.3840377079987,376.49220503093403,357.7678768788062,378.2156375676449,204.97130792907808
2025-01-14,556.4282119305016,575.8540049632616,554.2347387376628,574.2611176156162,424.1955997731784,434.9864568683144,778.1170917564641,417.87959496273857,428.67896172955267,445.1477088268901,498.25909052585627,364.5607774839126,436.3439505330713,379.1516848737561,359.39995552013994,379.93838817854464,206.1726931477939
2025-01-15,562.6624550868175,581.9748532116078,560.6596453943135,580.5837669828161,428.56765830139085,439.19405651715965,787.6196717513183,422.3403337931788,432.97855393583706,448.7319683666124,502.35598905802703,366.7182410561845,438.1153374587378,381.18256855785665,362.33556920303425,383.2779762833525,212.7265329184171
2025-01-16,557.0852677634718,576.5107961749383,554.8923062161272,574.9187582316431,424.39397084440947,435.1589602382944,781.6371790898131,418.0657004137937,428.83794166061324,444.77030683766026,499.54234612775895,364.6378643644696,428.113560567656,378.15682269653223,363.119700304674,379.2068253870304,208.9734423389761
2025-01-17,564.3576338416932,584.3001575870113,562.3948005955255,582.9759348915239,429.2701616465673,440.3383829549789,795.6205002212866,423.0457669375351,434.13818516686246,450.4738380251827,506.33388555045366,369.24719408078124,429.27875824625437,383.809870866056,367.44850715312293,382.7016468563954,210.48967273952192
2025-01-20,564.1949822279695,584.1252815140655,562.2264806098191,582.7944759574065,429.4848367609589,440.56740162253334,795.6205002212866,423.26579176754973,434.37338721201604,450.4738380251827,506.33388555045366,369.24719408078124,429.27875824625437,383.809870866056,367.44850715312293,382.7016468563954,211.8581108047342
2025-01-21,569.8182324886502,590.6283360642756,567.7837376485973,589.2599063444645,433.36444783175693,445.0649753812846,795.5965680940074,427.0371090973533,438.77329042437134,455.34212979301964,511.86153029977925,373.47864572625946,437.2972165823588,386.3598947733279,374.86021634828086,387.3890510123712,212.42466631890787
2025-01-22,568.6691476963036,589.6166659166502,566.5164197133296,588.1256970186729,432.8735238819808,444.71710773641337,794.4282681187685,426.4727581198549,438.3505011718766,454.8129760592908,511.74999509178514,372.5236320633513,440.41347705032183,385.4652683622388,373.9224309974362,384.7809850568339,212.68388020243262
2025-01-23,562.8885158294917,584.0340706754325,560.8568549901725,582.6807021006356,428.4771546136993,440.52298522679723,787.0228013340433,422.21920164536846,434.3129727282103,450.45571666964327,507.9225580008526,369.520492643012,435.5662520342162,380.8141071199865,372.21691761035754,382.2571740512464,211.58959715301475
2025-01-24,563.132972802253,584.2488095825686,561.0352117273519,582.8229250842965,428.5797705160257,440.5945373458364,780.0955788033424,422.2659682670054,434.3238847777068,450.3226604500277,507.4793110352895,370.306686961476,436.18295646512104,382.01465034316595,371.7676678135507,382.0265474984308,212.3408868819856
2025-01-27,556.3184574820729,577.4336187765931,554.2631868043593,576.0530164112213,423.6640008365157,435.75195750924775,764.2142475255381,417.4466674930951,429.58465987446124,443.97796048496707,501.9569855036905,365.71965489745645,427.50139678225815,374.99756495025883,371.68688894413503,380.63534150920685,217.44572787588257
2025-01-28,556.0521498691123,576.9442889473237,553.8631634427543,575.4107654515822,423.61910082800546,435.5451731413628,765.5998012644925,417.3031421534718,429.2677768425316,444.038495999206,502.57501795414754,365.87327089030555,426.87954472259315,376.3808095560371,369.79208994504046,376.64754180513785,215.1948111128979
2025-01-29,553.5436157776011,574.6808627375245,551.4816572641647,573.293472559812,421.3566105470682,433.47097106541906,759.8110427428938,415.1523362035148,427.3173454529571,442.03748719889353,498.4603855017636,363.6758533480301,430.0522409612199,373.851130464419,368.21464124863996,372.6869322255912,214.12889871038354
2025-01-30,560.8469713759837,582.5609855519818,558.7142050137485,581.1193175490645,426.966768723604,439.4781962361427,763.6269150889436,420.64775485308525,433.21452306643334,447.3967048543757,502.98888956965266,368.54064396311566,438.03661732982675,379.5936374767018,371.9601130457226,374.32826743757863,221.03298891284467
2025-01-31,556.6556925279456,577.8938485946785,554.2703646187324,576.1607801357426,423.9698444997496,436.15540500684966,757.0818293061361,417.4925880470469,429.7119700645439,443.7281548974703,500.64124668635384,365.6954381325074,432.3712136841811,376.1837481188304,370.3561962379991,372.49101366823044,219.52490089130686
2025-02-01,556.3035483305308,577.5142082406603,553.9062434259608,575.7671382265977,423.9698444997496,436.15540500684966,757.0818293061361,417.4925880470469,429.7119700645439,443.7281548974703,500.64124668635384,365.6954381325074,432.3712136841811,376.1837481188304,370.3561962379991,372.49101366823044,219.52490089130686
2025-02-03,550.3594226366746,571.2908973560096,547.769987277706,569.3251651875648,419.2388504641218,431.2388959233584,750.5910482753617,412.6552757130246,424.67457691171785,438.04198958327544,493.048792312712,360.2303595243582,430.43556214017696,370.9524658464075,362.3752407839656,366.55558295977266,219.5879326879853
2025-02-04,552.5664361030686,573.8863906191621,549.9689242033378,571.9263616424294,421.6382573655192,433.9756112166406,756.1094275858061,415.0470880340347,427.4129075799665,441.47408682413527,495.1372479735498,363.3125560361407,433.08829022494774,374.0942182273607,365.29984987715176,370.0944003045902,217.6535515744576
2025-02-05,548.5745306509776,570.1686164640735,545.8916099613489,568.1256862041705,418.81861256789693,431.419505191553,752.3901090268008,412.1986729448629,424.83151219250175,438.67781938034784,494.1835905018724,361.6022504701278,426.92959223824306,370.638362148502,365.74896590396474,368.22039824221287,217.0437473825921
2025-02-06,555.5562155129384,577.715686441139,552.9954203303571,575.8264367442338,424.2294845106501,437.22513866603583,755.9229885503541,417.64991087313535,430.6931642887397,444.843387238984,499.9238426429222,366.0565202179299,439.37893346455945,375.0760860350748,371.1715096394397,371.66905510507024,219.42413914784598
2025-02-07,548.1227707604386,569.7309286208714,545.4293914840641,567.67694548646,418.46488432599693,431.0797443399311,744.9268991369481,411.84018564351607,424.4866855324295,438.3877029464479,492.29886843083597,361.7766212006798,431.6226129501356,369.9275633330137,364.9388468159695,367.0745354791298,216.5079031547184
2025-02-10,557.2892879316482,579.0146995473333,554.3882265354397,576.7414732453182,425.4603325575558,438.0938708055391,760.68358995369,418.5970642236045,431.248410136632,445.60658068570734,499.42730812282406,367.5901200991719,436.5485815159018,376.8660517466286,370.59463562465726,371.22969151589393,218.67611566631317
2025-02-11,555.6050734867171,577.0104600951246,552.785872198987,574.8140491164827,424.4540791992075,436.86909435900435,760.1767884410656,417.6754419008295,430.10843625285514,443.9436090293743,498.8039442200552,366.4380027537462,432.18600468523096,373.9836336385509,373.5867120044264,370.1068341369535,220.7163809184504
2025-02-12,554.4297917449144,576.3796207509745,551.6316997574456,574.2254894729288,423.2216861592169,436.05123444479705,750.4830383221278,416.461464346754,429.3203583970683,443.81921367463013,496.88804390802426,366.3600528533341,434.3736291503632,374.8410218006448,375.3191607378148,369.80168199296924,216.54372287753
2025-02-13,559.7800577527872,582.1356824327394,556.9508214309408,579.9632840918531,427.6730103590656,440.8052522673848,758.5921021415065,420.85288802627224,434.0199038213181,448.9268266161455,502.7457056015387,369.77866471415916,441.74743050720815,379.2952117450409,379.0975429165595,374.04298188590803,217.57581758311534
2025-02-14,562.246114413389,584.9562890592774,559.8082017924414,583.2208596632172,429.47167011343834,442.8572739662409,760.9860624559639,422.93682418979824,436.3857403712127,450.40933413238145,503.1784491083392,371.26503183833785,442.8741196126162,381.31036824597516,379.8074904186069,374.97466836880824,223.90425661384538
2025-02-17,561.9615314163747,584.6488236123388,559.5139547141839,582.9020442640846,429.7247763351114,443.1287087004048,760.9860624559639,423.19604934243927,436.6643531019054,450.40933413238145,503.1784491083392,371.26503183833785,442.8741196126162,381.31036824597516,379.8074904186069,374.97466836880824,225.61969056810344
2025-02-18,559.5402061944626,581.9116509354648,556.8619446609185,579.902984924764,427.81083780070605,440.9805829039982,758.4930258324321,421.118975053981,434.3338049646947,447.843505481318,500.85696844514524,370.19126655525355,436.15456920877006,379.97233820937726,379.5639773919988,369.0137958581515,225.30773038581682
2025-02-19,555.5385726532147,577.5401269504434,552.8025882657662,575.4549237696925,424.51331262042214,437.4063086715154,758.0211405189069,417.8031975730767,430.7311883491097,444.494006252806,496.9516060176577,366.70209121465547,433.130626027184,378.82831312953704,372.36656331520925,364.87089552646637,221.4180050799151
2025-02-20,561.3407770655047,583.5909310766104,558.6687479691053,581.5848064210709,428.73804770487885,441.7655552756225,762.4291852379727,422.0256571406903,435.09343420946516,449.2159905149715,499.91180703285283,371.23341643358725,441.3746101675784,383.1795666794164,375.4334027524989,367.35165409805677,222.45299241479154
2025-02-21,554.0088253477235,576.4430859032444,551.1821684515115,574.2752612497123,423.346576568425,436.59258568574614,745.0425730953966,416.57790557519564,429.86319304166545,443.52431862248886,492.46992648566214,368.0100273740613,435.82322487927144,381.09753324131725,371.77636989298804,358.0621328045393,221.3676547891977
2025-02-24,552.8163311868333,574.855705921321,549.723991084443,572.3855591530389,423.116990739351,436.1109266555322,744.8958010952231,416.16520581484286,429.1781391716465,443.3038945515464,493.1839605469464,367.1147354901561,436.4141628944889,379.76895394624455,374.0506064067233,357.86730682034784,218.3444249556228
2025-02-25,555.1700920929908,577.7567679946882,552.2630709324511,575.5071503422811,425.3362515626067,438.7733408757793,742.9743059314877,418.5207116005415,431.9991347645909,446.46665584842384,497.95883708473195,371.5516828887361,435.85439226940235,384.49600966432394,381.31850775661013,355.7397596029195,218.4309930882953
2025-02-26,552.183418912062,574.7566518017427,549.283416629805,572.5136793207056,423.8701357301961,437.3801841690732,737.470824881903,417.10365120040456,430.65986527369563,445.481969217604,495.5404424518772,371.0444072373168,435.33878076929443,385.45782909419455,379.7638028265884,354.6655009191961,215.6041911341979
2025-02-27,550.6020401905429,572.3782348460542,547.7492748797258,570.1575641239243,422.36538261115584,435.2358340636638,735.8314558293165,415.64221692517395,428.5449452318806,443.09791140266174,493.8096187351113,369.0983585669726,431.4204409496404,383.0661667655693,378.43386126949446,353.2842090380094,215.5906978373376
2025-02-28,552.7130187515306,574.533227730872,549.9274942672284,572.3872548575865,424.0064802897959,436.8966202166855,752.1418282922028,417.3197447489458,430.24613825634674,445.63035280803626,500.17546114796465,369.1816338292218,434.9625389665154,381.16979376419704,382.78498903426595,354.96466582357664,212.3068098119847
2025-03-03,554.0815131715502,576.4159064337273,550.9107389463876,573.8716814997672,424.651568784504,437.90855694045,738.7025827851243,417.6401231014746,430.91912792828265,446.3907749307768,501.40991573808265,371.6866369047418,432.8785564868334,381.1121973538027,393.22005647840183,356.38191457994293,212.3068098119847
2025-03-04,567.4989197627779,590.3859109367442,564.0709574295701,587.5850504957939,434.7164312928175,448.2879135308652,750.1171826665386,427.3879808074086,440.97072906574084,457.7498572362498,510.39706334333346,381.4241551324064,444.98967581544014,392.92079190065726,402.9747615779436,364.94692514124824,212.3068098119847
2025-03-05,566.1055288546174,589.9612924166473,563.0743272398105,587.6239645526648,433.34495288244074,447.67047670592507,735.5661738143224,426.33367543076287,440.71207029588305,457.409633953345,508.2790341688633,382.83209720342313,444.7527756468604,395.43239409233297,404.7700355515622,363.3432771176565,212.54819539187935
2025-03-06,549.5551082895358,572.701237533969,546.6224424423583,570.4425683381322,420.7196130945426,434.6199503239311,707.2723882459085,413.9221370997177,427.8743377524996,442.6951671546514,489.1573916514264,370.4656437640123,433.7600668298663,383.23571380220125,391.48352194177716,350.61637571930515,213.4634435043809
2025-03-07,554.7185240541997,577.9027355844697,551.8609448353449,575.7278031467399,425.341343050001,439.28043190821217,717.2090411907385,418.57634700311576,432.57319042073925,447.26096454223824,494.9779822785965,374.72621665731,436.8354680891367,386.74434348850804,397.45402531742025,352.1749813342678,217.37670107110637
2025-03-10,543.2356961044087,565.7743962417395,540.1110955016688,563.2846183234172,417.6953711313238,431.3008512739619,705.781872785856,410.8403016566633,424.4841654839471,438.4027819745051,484.37863579072496,367.4120401869635,424.86732622603256,378.98944304966244,388.9920894687723,348.9283905999042,215.95549359196187
2025-03-11,551.4168027970752,574.1852643356065,548.0599661613171,571.4532557482411,423.1367736814764,436.79747793429715,709.8843190946698,416.0125034133504,429.69529709723383,444.4794924160102,488.2798301027157,372.63523152637094,433.46260024627287,386.1904210479106,393.4203303134413,350.911162768993,214.8423290323625
2025-03-12,551.4670373871759,573.9926302290905,548.1804285525167,571.3282731335934,423.1323264872163,436.59732407889396,709.4815569057856,416.06212133281383,429.5484712835713,444.23898035828097,487.62325106457905,372.21344054571296,437.26439630805237,387.0158056340955,391.89142875593365,347.9750894361075,215.2401813434094
2025-03-13,547.1743842215701,569.751007879884,543.4147694840062,566.5749238124945,420.25747531266336,433.82734826185106,699.1554831312362,412.8582203599242,426.4257357325017,440.2776809779465,481.71583463925725,369.2283346066443,437.38727544762037,383.6239242866806,388.32959210398093,343.4038235032307,217.575492351595
2025-03-14,557.7753226978792,581.0092881217123,554.3369166233899,578.2064684463983,428.1319601428714,442.1192181075903,716.585803750626,420.8949005587561,434.9064875700014,448.7921398924426,491.37520786011476,376.15330429530644,446.7334198554447,388.85797298284666,397.04398998360574,349.238567583286,223.216939392554
2025-03-17,559.462893366842,582.9262876519634,556.177216962235,580.297518327981,429.62084169008995,443.79067355914304,716.5545989375602,422.4950428543841,436.70300832144704,450.1595649423758,491.6251085629444,377.687916993006,449.17386175400367,391.1526465673306,396.88171067891244,349.77635912458317,226.80045127864457
2025-03-18,550.4251841114301,573.54407694505,546.8330742711561,570.5688862957618,422.8575247732511,436.83893826571796,702.5570178580257,415.56683887872816,429.56540302300743,442.0203893264871,483.73232443267335,372.4915216251755,436.60350003428806,384.7291053408686,393.93225910507954,339.46121154564923,227.42539861905487
2025-03-19,555.1268068879367,578.5907084282898,551.6194726702271,575.7204987643163,425.81321512611726,439.98209895689524,711.3128938060856,418.5370231876452,432.73038432497526,445.01935017825394,486.5960944603211,373.1802769160548,441.48608458692456,386.6934739940359,392.9841833114682,342.07057966896525,230.56002326730183
2025-03-20,548.7095047844529,571.3382307132802,545.1142809213206,568.3421450004578,421.27528856653623,434.86307730510276,707.6848662296679,413.99041011528357,427.585239835067,439.5671297897647,481.91377671007604,368.5309312834302,435.89028646172994,381.50901840426246,386.6509164944034,337.5843417827715,228.73598809365134
2025-03-21,549.4819138598552,572.055085063998,545.9849157958448,569.1637575660627,421.8410762304483,435.3767986352291,710.1236636925064,414.6269228091141,428.17410016073813,440.19259819632293,482.5230763611719,368.5594220622407,437.6499703925524,382.4144436854624,385.05049982584796,338.69006952229086,228.9359053691553
2025-03-24,557.6904766126263,580.3853575837829,554.343213200558,577.6623217961906,427.55227659084613,441.07629904281833,729.344463059581,420.3767513355557,433.91793828028193,446.95127614763504,491.9178707804092,373.00211520062743,443.39765746694485,387.1443530052793,388.6402540994167,344.02649699206603,227.12357740574132
2025-03-25,563.2014133554342,586.2375716662409,559.8213289045892,583.4920142521642,431.8553191244355,445.61115850261206,736.298990897439,424.61084971931086,438.3866423302746,451.5348805399411,495.8833004412718,375.73520358496154,453.6441294434809,388.5546726000254,393.59598266857074,349.1006147748288,229.5706237272586
2025-03-26,553.3226198182899,575.6245950069109,549.8749682480413,572.7780912157917,424.27618102676024,437.52946169758405,722.3901815077642,417.058622453135,430.3174718694565,442.3178082063777,484.9628080071502,368.3193116818796,441.04264181148267,380.7946564332538,383.6040049163288,344.87904080431133,230.4113471574455
2025-03-27,557.4009137336858,579.8763532365607,553.6681964128809,576.7278974182852,427.3709035934898,440.72670049734535,722.4648815004839,419.89460882386106,433.24074629159054,445.40473163595556,487.7259051409907,371.6138257778971,443.8601709113685,384.5876339733211,386.4910763330851,347.78618934846867,231.5060031454865
2025-03-28,549.9104080794926,571.9715488073123,545.7621435639918,568.3570371045872,421.9232581003164,435.0322583485897,710.8522376593224,414.18656064937534,427.25759156665515,439.05572759167325,480.70243460418595,366.56260942965224,437.4340224091856,376.98929925753146,385.32628862060085,343.83844611665836,229.44011127981727
2025-03-31,549.9711817858488,571.2094552318301,545.4535348845742,567.1673903741689,422.2667578126088,434.7458518333675,717.389857904894,414.24423795106014,426.6497303630342,439.00405860064586,481.3786364956706,365.88406200152593,433.00175889497467,376.1820545365127,383.70324839659526,344.86737887788496,225.82001702709945
2025-04-01,548.3392642610912,569.7473978774258,544.0313531716338,565.9372405427862,420.62379437958623,433.2226083806229,713.9208608042358,412.7722531483731,425.3116825299621,437.06997414219063,478.02983151225294,363.5367720192114,434.4488710660326,374.29472722513276,380.8290399657703,344.51452249131734,228.26513198006455
2025-04-02,547.5030594048872,568.7238170402311,543.1897979541546,564.9014612975924,420.5144209761334,433.00952069465063,715.3397210841728,412.6764011408238,425.1106988360198,436.27368927909276,478.78975939155384,363.14385203242256,431.9928774495104,373.6536231292127,381.23833921795745,345.9188995135496,231.54527904526776
2025-04-03,533.4226533348808,555.1428410326948,528.873511778274,551.0781929527529,409.2133750052727,422.18023604199476,670.0217734342228,401.29288308207276,414.19746653279833,424.21764284112305,461.61193856812554,354.53009950530515,434.28966306451116,363.0327215726819,373.6742730857353,340.43019225747497,230.59997477724386
2025-04-04,499.91893880651116,520.3307578198912,494.96983678366064,515.7801600659917,382.4750338966984,394.5960480063335,618.890007340496,374.4903429777479,386.5094546966001,394.6563930787278,430.75112205006087,331.6893569278869,400.3873013393824,342.0349241906152,346.88007753244847,312.89683708820843,222.38076806504893
2025-04-07,505.1344865802927,525.8165565007181,500.04851685046845,521.1278830313172,386.9102671693339,399.23539135496026,640.6593326686773,378.7833437290639,391.0029472514206,400.03785158671707,440.2983058529971,334.1943349182907,400.82876134057807,344.287846070026,349.1921328208988,319.24116398377976,220.04934137733585
2025-04-08,503.97922202149965,525.1323589496733,498.51259770827426,520.0451602136704,386.36745040590046,399.09872442847217,636.4469094841431,377.9562833513423,390.5684792307808,399.9614417467548,441.3066058324464,334.93673627493126,400.4662102140606,342.58792104132664,350.4624903502086,323.399526220999,217.57755251603865
2025-04-09,549.1966829034055,572.3444943877734,543.9153899730183,567.5369560744055,420.86688358067806,434.804612769475,712.4333360486464,412.23104717046056,426.0806463147803,438.707793167782,485.86411164874266,365.07549127604904,439.10477245555785,371.73296237740743,384.7360926405995,352.3977072430773,223.11800397569974
2025-04-10,521.6215611482107,543.9286871237424,515.739793792514,538.4332170109811,400.0070007725021,413.5192124483178,654.4567641773971,391.1275276448913,404.5099946596134,414.8752833424442,457.8313357727726,346.6530721395077,412.97572918536946,353.1454649055413,367.29485431408426,339.29279960220396,220.8999254716835
2025-04-11,540.6464419928484,563.9228790709438,534.6650107710433,558.3562772565832,414.24395356186443,428.3456343895997,675.3791641024729,405.1252554102724,419.1005711489268,430.4988529517588,473.0810935800209,360.68728602581757,432.1689678141303,367.81445804076685,379.02833117130984,348.8410525385579,225.00730794074272
2025-04-14,546.8163336087748,570.6149625028662,541.1885016288736,565.4506374289228,418.9910178927887,433.4577855803643,677.5657700855688,410.1010300269119,424.4697452193429,435.92776183087005,476.9557482694624,363.19852573560775,446.69841055196787,370.7054203946936,382.2038700871897,354.53051404916584,228.3860313047258
2025-04-15,546.6222410454035,570.5012195375091,540.9157882014226,565.2538416251073,419.0302567637384,433.57630843215844,675.6884047898236,410.083260633724,424.5284235358086,436.05731476366236,477.47633964906464,363.6733194292172,447.40183001577395,370.5898827988612,385.4619813674056,352.7333612927133,228.0182819010496
2025-04-16,547.9045149127588,571.3556861019676,541.4449343798921,565.2773275529908,419.8966902267516,434.0855862042029,669.1996525147067,410.3433812647192,424.37740202321254,436.0263935894311,474.68575168378476,363.09239506556594,452.73224810121764,368.8244118591449,386.79412183272404,356.47423158987897,227.22275924595107
2025-04-17,552.0467372096425,575.3537295387866,545.8548437857135,569.5637883739801,423.0808485597147,437.123735261849,672.3148411719947,413.70495093949984,427.6064411492327,439.2066008428126,476.32841267146705,365.4698410670932,462.4107376246435,370.79170589067877,388.76351727734135,358.6928351525595,229.73968256070827
2025-04-18,551.9395771936698,575.2377497613321,545.744810392247,569.4443832269349,423.0808485597147,437.123735261849,672.3148411719947,413.70495093949984,427.6064411492327,439.2066008428126,476.32841267146705,365.4698410670932,462.4107376246435,370.79170589067877,388.76351727734135,358.6928351525595,229.73968256070827
2025-04-21,549.2261197332585,572.5748343546453,542.3092717131854,565.99819905074,420.32971591013484,434.38401212246924,655.5777238662608,410.3952513765227,424.26352174456,435.46084826458554,470.55571341313697,364.53532986391156,457.24291839616427,370.65012301095123,385.41329566293564,357.2105828891695,229.73968256070827
2025-04-22,554.6905363496143,578.4712471707638,548.4128661230935,572.6032600654194,423.75001741924405,438.04474676308195,665.8765648651607,414.2621773320541,428.41210499358453,439.7386925772418,475.8127938868316,367.1583831948209,465.1270105681074,373.0452125408512,391.1140585184863,356.1335969095017,231.87141726487414
2025-04-23,550.1578056223375,574.3134730949917,544.5739837734764,569.207930597905,420.35464576977637,434.9859526679748,663.8205116077808,411.45024910160026,425.9855742710441,436.6352028968488,473.03003429255483,364.02354519494276,463.07444987851466,371.47541333844555,388.1463614617732,349.9392605094338,234.1125053430666
2025-04-24,556.4782385021823,581.0962017843289,550.8273095574667,575.9344723974708,425.3741261059143,440.3335777500355,676.288430120305,416.36852715857265,431.23433915726315,441.4990881260784,479.2776115601149,367.6092745765259,467.4041749822865,373.77169126244155,392.01891106331726,356.6708174813995,240.04101982464675
2025-04-25,555.2617625003732,579.6885656216807,549.8973181208321,574.8319866125659,424.34465748817314,439.1555435831502,677.075621867668,415.57245785989033,430.3043544953269,440.47108497078204,479.24863316631274,365.79254068447426,465.93068200164305,371.58241005165513,392.45163855942826,354.923501844276,239.977178920187
2025-04-28,556.5644618869823,581.4879476894688,550.9131677566783,576.3355528245506,425.3167132301993,440.5067264586574,679.3958942276986,416.3079386505439,431.40890347302474,441.8625077856111,481.6115791338894,367.91297018261537,463.556517470069,373.0850030215782,394.6985563653745,354.7214369161284,239.03033774156825
2025-04-29,553.5614216252352,578.9817531772218,548.1500242321632,574.1044242375435,423.1439394389862,438.75880228424995,677.8499443823794,414.3505373595185,429.90038774203316,440.1568488428895,480.9390957781508,367.0881013442706,457.828270283329,372.83976677264286,393.286279926786,351.94165448449104,239.15011718935978
2025-04-30,549.105976147331,575.0419817792634,543.8479755661265,570.3460544471559,419.7152096065878,435.770257826566,667.9105038555444,411.07851214674776,427.08767018174177,436.97493687008205,477.8172021166229,364.9120170193134,454.37174720413367,372.0019569531789,388.9566907928089,347.7620809137711,239.39089858633332
2025-05-01,554.0006179168761,579.8195815618761,549.1238986482746,575.5377953570061,423.05319148566474,438.9447287972882,679.562807374573,414.66857803592933,430.53414896392576,440.82177280756633,482.8158565869588,367.4785275077197,454.51623821425306,374.76832093755695,391.8791128495596,352.74684023820873,239.39089858633332
2025-05-02,563.5896296409727,590.4013763323353,558.9414764213169,586.4042727639473,430.5747717163298,447.1869020913202,690.1064568025324,422.2946876563032,438.9105730208388,450.1761377639002,491.64726846481915,376.43547052232503,457.04980261089537,385.97163899544967,400.1465055327467,362.77568078941147,239.4022660592818
2025-05-05,562.8257657948516,590.1919458004181,557.5524644595341,585.5307587856902,430.36729330700877,447.45241035548673,682.0421154517124,421.6097956886985,438.6696450171999,450.211579732733,490.3830343926998,377.6271995489646,454.6960539476503,389.50390380721933,401.1212293083664,360.65229829500544,237.61797861098034
2025-05-06,566.8021068533741,593.6299003984363,560.9666291349005,588.3392113483469,433.1079607292739,449.7124613371988,680.404966307308,423.87013152712,440.4011105997217,452.2836856862275,490.15651351530556,377.94007517485795,464.1309319527857,390.65164162755053,401.9233643791316,363.66346248382064,236.84270799571917
2025-05-07,567.0523619713481,594.1827161831696,561.448275973403,589.15382534999,433.1891732000407,450.0212631006333,685.5136104089437,424.12916456772683,440.9070065633759,452.9162126646263,492.10973698929183,376.85529528921506,470.2098548822273,388.7965354523145,401.937806350419,363.13174065499084,236.46397184997912
2025-05-08,572.5116631168842,599.2397805387421,567.3689683770398,594.7041823847206,436.35528072635196,452.74608553760663,696.3266423986619,427.59459092682215,443.94943685154067,455.3003274251299,495.408797997006,378.0755536410036,475.26111536119674,388.99784564137667,403.2141412179312,363.3608314046314,242.35229327390942
2025-05-09,568.5886093662215,594.9589213664449,563.4908886872473,590.4594030002131,433.5360555125501,449.6908159710954,688.1230481279514,424.8462932622931,440.9637061517433,451.99915285683073,489.7712125223456,375.0514199893555,472.9661986041962,386.05714344826845,400.1858265008895,363.21430166370595,242.12238750363633
2025-05-12,573.5297225045234,600.042916786862,569.2368571088559,596.4269117448906,437.5134210796198,453.7572757064878,709.3478375376515,429.41799669705694,445.6776162270433,457.2912325910724,497.3966229763088,379.18005553510034,475.23098395142915,393.5314744243256,398.4140610567447,361.9015503896582,241.99900842622296
2025-05-13,580.1397948987234,606.4543084247928,575.8724562946587,602.8613473900244,442.4625339813591,458.4896934026597,720.5848504803513,434.33071414436546,450.3690345989661,461.8167948421446,501.2833158357643,381.38363871230416,484.23731224869283,394.12827275633055,402.36134742888476,368.5482051372507,246.22353708582824
2025-05-14,573.2932434149108,599.5918808093099,569.5459805838277,596.5626910471925,437.3497727737713,453.42794305667445,712.0601653926487,429.68463293306434,445.8091856235907,456.8957932030413,494.6295305334702,377.3108259308096,482.9499473270996,391.5178468776162,395.72206739124766,361.02275681933514,245.16892474382357
2025-05-15,579.3737683697847,606.4325382431374,575.3262182348126,603.1041219666334,442.0250744414007,458.6550942424849,719.0793313407792,434.0750087639418,450.7446960546451,462.0082017118385,501.39734904025204,381.78264604018693,484.6083198546415,394.70896548995125,402.5023448148124,367.24357396624094,247.56348721865072
2025-05-16,583.894721834975,610.9838590476461,580.0819650170885,607.9136791716016,445.5139838520811,462.13471923614355,727.0097154547389,437.71174468870583,454.3863272675514,465.87398655294965,507.38108190046347,385.27532500529105,486.3227530899721,397.85937926260334,406.4090791251306,368.8118201137942,248.77874252403709
2025-05-19,584.9252768401615,612.0563727932441,580.9477897849804,608.8083658074812,446.04968051092555,462.67539830846937,721.4754156975783,438.10421906951814,454.77259793412907,466.1079656268342,507.71331467380537,385.8591237273541,491.91724057341276,396.8793299778729,410.16468456860775,367.4451708749096,249.94215921964727
2025-05-20,584.2611845626768,611.3423030263613,579.9037572532471,607.6783132835069,445.3747482229539,461.9532430538566,715.8442921643681,437.133165945143,453.72867887046755,464.9549199508679,506.8735102604674,385.60245620679746,489.5003559460221,395.51087941399265,411.3935560022024,366.727735498108,249.85863194737163
2025-05-21,583.3482082343488,610.6232006266201,578.7074034956189,606.6566634213337,444.1178787183424,460.81193032478814,706.9556388250762,435.65003988792495,452.3445512409155,464.10287242907265,503.77370334096486,385.8383110676496,488.54571013713183,396.58551908816514,411.57977230595793,366.7102837719679,245.74874948507687
2025-05-22,580.3534043449425,607.6171944973198,575.9073694113338,603.8616721236953,441.50878547821833,458.1922113348669,703.7528935117587,433.2116158016373,449.90733394705904,461.3688591157574,501.3634775895214,383.58698169307036,485.17090289445497,393.4121618233804,410.084949164989,364.6825109512134,245.7843844909229
2025-05-23,588.4857533265276,615.8634283431943,583.515855492346,611.5429538712206,448.3937026012259,465.1559731628656,709.6013635029012,439.63346210317064,456.37677753335606,468.56048600413817,507.388425398001,390.00166235476695,493.9853342017533,400.517796930557,413.70523422537235,372.19276361896556,246.05243200176074
2025-05-26,588.9504098548508,616.3684045564133,583.9943083659847,612.0644448643345,448.6338554622429,465.4150688607116,709.6013635029012,439.87834155271435,456.64157504769764,468.56048600413817,507.388425398001,390.00166235476695,493.9853342017533,400.517796930557,413.70523422537235,372.19276361896556,247.76559732302684
2025-05-27,588.5689144323086,616.404906390735,584.173768419732,612.7259361300878,448.33720375098096,465.4492684803954,715.8658927451056,440.02415323921633,457.1613124131053,468.46943860710644,510.86522878845153,389.08692843368806,490.6855388901784,399.6460255428454,416.5009101183148,370.62688082840316,251.67918519623146
2025-05-28,581.7492277182693,608.8963111050939,577.3111009814222,605.14515131997,443.2190835224783,459.85126881304996,706.7374719159374,434.9303808077456,451.574994271342,462.23332346320507,504.30952635185633,384.43605289595763,484.06891661554914,395.2747451937227,409.5493132338447,361.83591784078504,251.62722500136908
2025-05-29,587.8438241209604,615.5512086477942,583.2570125134698,611.6586176146949,448.23061767553014,465.2828464934888,716.3504425848131,439.7825807921441,456.8473456359246,468.1845818835517,510.881310512787,389.7249191015731,485.6715990437687,401.71840658319314,414.58665010264787,364.6268465070112,251.2448935578031
2025-05-30,582.0134433571541,609.3234585628752,577.4896226467141,605.4844626379726,443.9525272382928,460.75261395186214,710.6273149581422,435.60541956517164,452.41755241884204,463.6550691142396,508.38655879407986,385.885766379095,476.69225791639616,396.27302396501386,413.4093383929687,366.0521495159597,248.74843510054222
2025-06-02,593.4808926044568,620.7144881236837,588.4909839175712,616.3682607921578,452.5561056171578,469.1925442173755,723.9903348803927,443.74588338703677,460.3587645113628,472.60256650010575,517.7662684003707,393.5387761846485,481.7361128530588,404.48696509730684,421.7303737148294,374.7923573187614,248.34020435802012
2025-06-03,589.3108263824495,616.2715791397604,584.5871772130637,612.2050604803999,449.4743966145164,465.9375596792123,723.939203693437,440.90932395404604,457.3627024180545,468.64142045548823,512.963368354105,389.127746059251,478.35779845303216,401.4225003091469,415.73534479602,369.27907623945407,251.84177924421203
2025-06-04,587.6522146701334,614.8003466244747,582.871765892395,610.6776549172868,448.38030206450554,465.0174811780395,715.4502141435511,439.7878044086581,456.4161511005084,467.83567710712515,511.548934116714,390.1568340068124,471.2755134716185,403.58430705946466,415.6604433999874,371.48959419500716,250.35023692852536
2025-06-05,587.3033363225989,614.2442217667428,582.6481767438017,610.2510897589099,448.6404581660927,465.1587784069466,711.5496831131799,440.1597129859313,456.6757789637194,468.34744693299643,510.0641035050609,390.70366055948017,473.93647541987775,404.4680015485599,415.7020969570133,372.4736125906251,249.04668319036404
2025-06-06,585.240247237756,611.7170241140108,581.0098303814659,608.1704853421483,446.67531273148444,462.8141532555653,714.6865332743588,438.53730081774194,454.6916113727229,466.3051039768223,508.91398244721114,388.8281524617092,469.5487345176093,403.17911526720263,412.9603118977338,368.50999917285185,248.00828439132107
2025-06-09,585.5899168341637,611.9688597025363,581.3529272072301,608.4119374394245,446.05203999233885,462.0420408179855,712.9022333470214,437.88725077411164,453.8866939548754,465.56338623710633,507.4761837738559,388.7958125139661,464.24603541855447,405.1528918569872,410.4473298231852,367.59257964071423,247.0792239472948
2025-06-10,587.7267571038059,614.4588194881828,583.5722520974326,611.0042442846271,447.7656103492545,464.0222887759826,719.3203284420341,439.6495540768874,455.92687551674265,467.60333649891203,508.95862753828106,390.1312891466551,468.0315521006566,406.4207623837275,409.5389267196433,370.42783661313536,248.49757583541444
2025-06-11,591.0112476083646,616.8948409584843,586.7761595538587,613.3244152620679,450.5633692029382,466.150171510521,723.2557784592688,442.36325818756967,457.9500330898081,469.66768554678373,509.75946776686334,392.14607312068244,472.4616535516137,408.7873834192742,410.7768369324039,371.1170638130891,249.66236929246165
2025-06-12,589.3262499736355,615.1505102213316,584.9074404848329,611.3779147251248,449.7790939263388,465.37083453155896,720.8909433273681,441.45939186741685,457.04136272386575,468.54896575424965,509.14663196278093,391.3066287379344,470.1076326855689,407.59606662582115,410.4488298086453,370.22547975845146,250.259255715224
2025-06-13,584.6219628711325,608.414515321471,579.7579568280856,604.0883533008671,446.01951206734316,460.03761017315543,719.5729328691215,437.3855679954749,451.3306478711355,462.4862877848483,503.13753992537517,385.88912140647227,463.26393650823877,402.0087838883068,404.30936429581106,364.5647362799513,248.3553661350154
2025-06-16,589.237027253319,613.8709837616803,584.8222543301172,610.0603986374415,449.5567417759216,464.2006439276716,724.6927785394578,441.23756146063073,455.84785915354,466.66687450685026,507.05357396713885,389.158918753138,463.7567656466247,407.34354030509945,406.7715742143894,370.7947120646218,253.4890460023487
2025-06-17,578.5360092871321,601.3939420165017,573.9768065394679,597.3643210901521,441.5809629378651,454.9279524746188,716.2536218536067,433.2405392924305,446.5178885080216,456.4986489387762,497.21259751129844,380.887186040926,452.2966970961685,398.1476537205772,397.22514895414525,361.8023112677131,251.9863648646508
2025-06-18,579.0512909750846,601.9493524909655,574.6177850542001,598.0572420524306,441.9367447894805,455.30849524530896,714.9015190868251,433.68998816393685,446.9997435819647,457.07797345230557,498.0043742358052,381.6511832117315,452.56076450403117,399.44988187861816,396.87821924332127,362.53919372964793,251.73185999582634
2025-06-19,578.9801956646145,601.8726032147202,574.5445205861214,597.9779389039142,441.9367447894805,455.30849524530896,714.9015190868251,433.68998816393685,446.9997435819647,457.07797345230557,498.0043742358052,381.6511832117315,452.56076450403117,399.44988187861816,396.87821924332127,362.53919372964793,251.73185999582634
2025-06-20,575.1549694866485,597.5167911593057,570.6239273960256,593.5002895241208,439.11317114078986,452.10501006608956,715.4128440601997,430.8250086210792,443.74164771145155,453.9282153824023,494.9271822430556,378.68042950933244,446.4025668971712,396.1344531895715,395.2842301554425,358.24027837311667,248.79568505958045
2025-06-23,579.3720489814541,603.8122548903824,574.787592275636,599.8076552030145,441.9965274372272,456.5662987423216,717.8844099623316,433.62489047126206,448.15028091961545,459.0368629962706,501.82275882061685,383.6795544698231,446.8672836509916,402.27611203997225,400.9320078721689,362.83437833103227,247.65725594881823
2025-06-24,584.00174602411,609.9581477047673,580.0018242200337,606.6394088153598,445.66510074027434,461.40018007652566,717.8575549557773,437.7167006644025,453.468215849867,464.71003749046247,506.0730238794343,389.28826359219113,456.34919143927436,410.4437283641799,404.1825231548482,362.75587328779795,249.25449834223326
2025-06-25,584.6057096369461,610.4428347833908,580.4897636686408,606.993938547249,445.8789519480245,461.4963976975697,719.7157383289,437.82921517606826,453.4524112904937,465.2526098800279,506.33456600084895,389.61513805588675,455.99520776426334,412.47342913788015,403.11247629141576,362.9339748937315,245.94906317014824
2025-06-26,593.9879171162258,620.3232350622087,589.9962948633926,617.0288738485309,453.22649560957063,469.1749173141126,733.5520073567682,445.20097555193996,461.1693400442762,473.36296579369935,515.5854948351148,396.47892468960066,464.89562249545963,418.16604060469916,410.45754137982175,371.8366176798819,249.0146433603331
2025-06-27,585.6661289691108,611.7441250745843,582.1476951377839,608.9536062499733,446.8653538893646,462.6772752852764,723.6453374499612,439.2794809027516,455.13899496511067,466.7494640482067,510.62769928351577,391.24135279805705,456.88635375220673,411.8627458405333,408.21881830451366,364.27610620487684,248.21031783006381
2025-06-30,588.136176476242,614.4723982244078,584.423617727009,611.480293705652,448.81088527592556,464.81077234113286,725.1474638199246,441.0536813724085,457.09334612581813,468.27115564751665,512.7244355225273,392.8709101467097,458.45676690412176,411.65991440806494,408.8970027946158,366.93236608063995,252.09865765786543
2025-07-01,583.8410328868847,609.7575185655056,579.9903912959855,606.5995635302584,445.7885467657132,461.5123683096649,718.5065871627974,437.96395996026456,453.71367343625366,464.35982048543633,508.0154911105769,389.47237943596144,454.28933956615094,408.19620401059586,404.26343013048626,365.30677293204917,252.89373631723794
2025-07-02,589.9299218919543,615.7083962419133,586.0303220210106,612.4938024601549,450.0107292803402,465.5444040016503,729.2006960568168,442.088344520456,457.638122399898,469.280454720996,512.6858459670336,392.89146569988225,460.313480698517,412.12741449003653,407.2993547893015,369.7932507519488,249.6649950312101
2025-07-03,588.8611754641059,614.815168650334,585.2144591237728,611.8812768690007,449.1421918438971,464.8184258287208,729.4326013402763,441.4258619807716,457.13724282703987,468.11328919929906,511.7198124401979,391.76991586742446,459.1962554648475,411.4128150526169,405.4781341251249,365.951443848505,253.21639586588063
2025-07-04,588.5983061662669,614.5301574458335,584.9431699845474,611.5862796897361,449.24184311154863,464.92568035980446,729.4326013402763,441.52771879453815,457.24712005251433,468.11328919929906,511.7198124401979,391.76991586742446,459.1962554648475,411.4128150526169,405.4781341251249,365.951443848505,253.94675110494148
2025-07-07,581.3023423884332,606.2452832514892,577.425839625843,603.0245496930721,443.3842874266623,458.32648543221336,722.5090328930077,435.5500420989288,450.49681945933423,461.01890889601435,505.91399810120447,386.02942543981857,449.75501890565795,402.84422380671924,402.96473201707846,360.1998797728453,251.2937475381185
2025-07-08,592.0412769754521,617.4337240618939,588.4584067815615,614.5497984105692,451.5717474460816,466.78084228954935,738.1824720137682,443.8792196888125,459.11493300776743,470.51127817174114,514.1793641865985,393.3919954274966,460.04054480192974,411.60108160854384,412.03095768385015,367.7864569688453,252.06601189941273
2025-07-09,588.3815951573729,613.6594908440031,584.7521062740464,610.7201948377025,448.4287326750621,463.5507757007673,734.5380487156918,440.72197452054775,455.86566567818795,467.6415717321578,513.3871333397968,391.61740668336324,450.84877320236865,408.37263111838575,413.95310743130676,366.05381257754277,247.57002631470755
2025-07-10,602.8216798514773,629.1953480959558,599.0433795429692,626.1356789280613,458.6875820081635,474.4981865313071,755.0966094168406,450.7283431455188,466.5635495886161,479.82244481251524,526.9916691477861,402.1504202916624,460.4126194821519,419.74777832122084,422.9089970293049,377.36104425276574,246.35302362818058
2025-07-11,595.4158044585477,620.7836182040436,591.3909300546641,617.4192202998046,452.7653816083664,467.8252031203126,747.9242592068742,444.66835362323866,459.72037805270827,472.2762983043907,519.0056211526108,396.26761452914906,449.37912396471995,414.6959025031623,414.8176930294971,371.3700217706569,245.6115890756553
2025-07-14,598.5872002777317,624.560880819414,594.5780124625893,621.2350483283109,454.79305095069947,470.27339761252574,752.0700568953225,446.6737095581424,462.1556371249306,475.49726150330713,523.6015349021774,399.8019037378242,449.39882993515033,418.7122443387403,417.8405306430493,373.2186275414308,242.7984113067394
2025-07-15,597.9172464267597,623.8845401910062,593.9202687805503,620.57160377962,454.52035666793256,470.01895912616646,749.6429025080803,446.421201667769,461.9232276375424,474.9827670565883,521.646022391302,400.2779919550545,449.98224334989106,420.8865805280594,413.94549106994054,369.4931490646855,244.22304825513268
2025-07-16,596.2046116386052,622.205572531774,592.1876205518695,618.8716617330693,453.13925023180684,468.67213745733227,743.7539529966327,445.0369989668211,460.5730733650216,473.5044601259075,520.4670367299772,399.43910257673065,445.476472121062,419.84879401828874,413.7288600071905,370.697062741092,244.01813234498547
2025-07-17,600.4225969030693,626.3999798001397,596.5239724640145,623.194873785833,456.3382666605169,471.81795727580413,750.9069833860218,448.2932721335172,463.7812494650013,476.94946671666213,523.9160629475036,402.17347681020107,449.65650261076286,422.5267172472943,415.7980391808988,373.6420417183677,244.88594330415046
2025-07-18,596.6915454376373,622.5168507043123,592.6975494843324,619.2020426834441,453.6451793144647,469.046736447845,745.7721365749682,445.5597926440502,460.96308033498036,474.69988169323676,521.3539579373335,399.8439444893104,447.485111166177,419.6958368340022,412.57948291837374,372.813889383571,239.73468372254638
2025-07-21,602.4531450893895,628.7308530759921,598.1588684657131,625.1066793984924,458.17874095943563,473.8996521603304,749.1893466585523,449.81395714619714,465.5251130247194,479.64022831302185,526.3855552767322,404.64667727585856,448.9574353389789,425.7614886205408,417.09467862592555,377.11256589866105,240.7608789282487
2025-07-22,602.4161901981961,628.8220319535138,597.9550171621597,625.020814396762,457.8067094391397,473.6023327878721,747.4146220780028,449.30447983355924,465.0811326163228,479.2448058376141,526.8056879721182,404.557203594932,448.24988254448056,425.3677159825497,417.5853366643166,376.69285957793875,240.18881359750714
2025-07-23,608.9566474248575,635.9411747836907,604.9884669303962,632.6971036079827,463.15533715702617,479.3798693948353,754.3596120734834,454.99172470141156,471.236933376721,485.635736232402,534.4978502659152,410.8894429689495,455.42416458795907,431.88402906386915,424.97547250337294,378.4178212612265,243.10519825235914
2025-07-24,602.0375060070128,628.3853976968055,598.189826245787,625.2487580456344,457.9000571615405,473.68206235773584,750.3132414247207,449.8883429129015,465.6892684864532,479.9325302203007,527.8669020030777,404.8703986300792,453.7953190345208,426.5238892151149,417.3967736758832,372.8580033246415,240.16630385854185
2025-07-25,600.9390004799245,627.5730652053219,597.2543023836471,624.6233200816444,457.12992312162896,473.1501275526338,751.5179214495386,449.25624018165485,465.31145757214824,479.5500763699298,528.707970029702,404.233907186635,454.43121044337056,424.9954619646492,418.18669786958634,372.68348631929456,239.93340772884676
2025-07-28,601.6965500615097,627.4426979930246,597.9979921482951,624.4468565946426,457.5408954635089,472.846123083419,761.268077086982,449.64642744965914,464.9678144568595,479.62497073421224,528.7201954434161,402.9662274329291,452.3777309951184,426.13911948063475,413.34397317735556,372.2178900431514,237.39486118328813
2025-07-29,606.6975724635383,631.9389817257153,603.0066645219354,628.9347523034565,461.4220737207953,476.2970624508281,765.64328803937,453.49373911712735,468.3739625008782,483.3771088397428,530.0636388817585,404.6914782422179,461.2910154351577,428.23666336499946,416.9368086033697,375.50920817822555,237.83474110706965
2025-07-30,602.0736430856894,626.6198422445791,598.6902026156699,623.9238844182769,457.82695674730263,472.1886627949016,760.1650396346569,450.1757925916839,464.5493577392956,478.48962097160853,526.2365641805469,400.7998237995737,453.9334063670193,424.4405586242032,412.8543042401197,370.4169540635703,240.98222693277455
2025-07-31,598.1135638573613,622.7616723292426,594.438753584034,619.7528864540926,455.0027858494889,469.49001249651144,756.8120746170903,447.1609217842122,461.6474227432623,475.7042319098648,523.127726505146,398.0694272707362,453.9366928619933,421.9862245710618,408.3464646607486,369.06806419372214,238.34878029083256
2025-08-01,595.687219883165,620.6813497637265,591.3725516201504,616.9904143657885,453.38268968750646,468.1773376704284,746.1401732278551,445.06537708356257,459.83005288267276,473.69379312284786,520.442179690371,397.60454393700485,453.45960787316494,419.8559600526436,407.4773831864418,368.3528371406277,238.16957594327067
2025-08-04,595.5042438268863,621.154561720093,591.300311919378,617.6059256987965,453.1611101507742,468.4659085071395,745.7565613799072,444.93026637442483,460.22333690922386,474.07275386044336,522.0495081272567,398.08573271454065,450.8893150929667,420.58015967029974,407.5061924915775,367.92593411833536,238.5180758299568
2025-08-05,592.6226616361665,618.5531466309279,588.4825343932613,615.0826631278576,451.15539322665006,466.7172909072679,737.5195237361536,443.00233879577524,458.56334602068534,472.1723843174333,517.5906696694557,396.11411501632256,453.910063551911,418.7503128839525,405.4436196889052,367.39293865733475,238.7116426236219
2025-08-06,596.6784007167716,623.3098437648764,592.6844943466066,620.0232371077274,454.2049940895347,470.2813060045968,741.154088178271,446.1319958974032,462.2275926354446,475.7387491957535,521.9970977393444,398.9937286350343,457.96857017761187,421.1166272226664,408.7179437913569,371.0988501251704,241.76820811952572
2025-08-07,596.2514558143315,623.1580531067743,592.235967487066,619.8573634079343,453.63554069228354,469.9124306954129,734.8841775685008,445.5439271616028,461.8430600740036,474.6766948620073,519.7739118534549,398.8009903508698,458.23214089726673,420.9372217946073,409.24135054453757,368.39645200518294,245.29169190444145
2025-08-08,592.3899848144902,619.2017789295877,588.4441371164284,615.9727029452272,450.8462675277894,467.09154094645226,734.5955880288839,442.84438455992347,459.11658131604406,472.00596024173115,518.3498319469373,396.2100770400169,455.68072720787677,418.07584403338325,406.61088453193645,365.3931850231583,243.09609133657074
2025-08-11,593.0169472671072,619.6401555517904,589.3420504663206,616.6996781672824,450.979566948064,467.04518257854505,733.8579881992656,443.17714182303735,459.28141780458634,472.48481630733295,518.4654521004413,396.28623357179686,457.67210125931905,418.4389256945243,405.97376382829407,366.90589567461126,241.4305710076782
2025-08-12,600.3288185541982,627.8052693244903,596.8669756240657,625.1281172499934,456.5110929267604,473.18408396307535,742.0907304012837,448.813883934437,465.5519779485619,478.7088353853445,525.3308450155014,401.7755488219433,465.356077456221,424.4977461228864,410.03190707453285,369.19739861448045,246.00165046679882
2025-08-13,599.3658794145757,627.102842318112,595.9766607711001,624.5138741331291,455.4234453401542,472.28072954090806,740.2913782426174,447.7830507146183,464.71395089513425,478.3551416037762,523.8391208456637,401.7509839357263,463.2107044624182,425.5810121440091,410.22164590997204,366.7114553343608,242.6871425891302
2025-08-14,594.4614166191715,621.3934296704666,591.0998305569353,618.8048990148208,452.2924700400196,468.60586923060185,738.5226496760598,444.7279495063618,461.1056608191209,474.40926212073515,521.8812502613761,398.33125788250015,455.08794801764606,420.461061165699,410.87648151794065,363.8777659899886,242.09568055108787
2025-08-15,596.8828028341795,624.2481852110427,593.5112812582684,621.664745816871,454.28961198387515,470.9353105498102,739.3103045986803,446.70071952482334,463.418242028294,476.73456378415267,524.4275520020898,401.02393329378475,458.5570734855809,422.7654560663873,412.66825966697303,366.14095901621073,243.61299179807344
2025-08-18,596.5955013798701,623.8529429700827,593.2869123785275,621.3341509252328,454.2609317134774,470.83910354705847,736.5031275314312,446.72798081402664,463.380780595248,476.36246786537794,523.5370531427741,401.399511067876,459.62145576608873,423.5201910540692,410.84073694807415,366.30039426363754,245.46824104425068
2025-08-19,594.7151595438532,621.9413859619879,591.3216335085333,619.3286224808613,453.1774515717937,469.7734511191571,736.7112240491623,445.60148763503446,462.2684721548587,476.20452836998027,525.0123344797696,402.16671768946065,454.93795708354634,423.2744541047195,413.7180637609265,366.15005695899106,239.292762438547
2025-08-20,601.9288253068322,629.0948048815789,598.2781788897794,626.2012018295089,458.46171324433305,474.93566549452214,745.0387545482399,450.61979900156297,467.14334635103467,481.51934463178253,531.0164403926517,406.80658092014,458.3578336034993,426.9179761768814,420.20321120681984,371.23007841442217,240.19679587384002
2025-08-21,597.6300948860536,624.3547169164582,594.0396527151495,621.5102229632975,455.4377177503023,471.6191681150581,740.7487629126398,447.6841003591867,463.9132213894418,478.0569973526557,526.1176308063388,403.41294454428123,456.99729565861225,423.3411214250624,415.71199209338346,370.0120125720438,239.26471183952427
2025-08-22,608.1569830675032,635.6293990809517,604.6795423064269,632.9363414859902,463.08886940222686,479.7444405989015,752.7800797740223,455.3285389232746,472.0473800441729,485.8973902935471,534.4274375922442,410.1436014613216,465.5304735860274,430.6552197618406,420.8386075817924,373.2810078199037,246.44255317675658
2025-08-25,598.3197225818676,624.786239880346,594.7631786757505,621.9694126751356,456.47227776444026,472.48533638649786,745.623875805016,448.75120676175885,464.8108129460468,477.85802367630106,525.6754754827974,403.284236032414,453.4215456095866,424.73075289804854,412.13769415238477,366.74193484177835,245.9588715863732
2025-08-26,596.6018838940716,623.5129751032266,592.8730526463805,620.5241365321608,454.88186517323743,471.2369601463329,745.6697881381353,447.0334877434878,463.432639203198,476.260568387435,525.4354163127161,402.20042413002545,451.3811881700957,422.68688689144017,410.5551789882651,365.18729315684266,246.25210267645667
2025-08-27,598.1044116059566,624.843526782786,594.2867754391312,621.75232362815,456.0932183677499,472.30614508698585,752.3854987444153,448.16425080381936,464.41204888197075,476.9393482833163,527.4590712337713,402.42807584083494,453.19731235939474,422.02054995857577,410.93459013124755,364.7331633377133,248.63657720006822
2025-08-28,600.5433243628495,627.3694471240914,596.6909852688672,624.2440503075288,457.86007695039797,474.11464377053943,754.8740263431032,449.88173144108987,466.1693089288865,478.09251312019694,528.2664447803015,402.9901989241777,456.49959243716296,423.45972273468027,410.7723031258281,365.2474110645777,253.31337569848174
2025-08-29,597.0789134997706,623.7601848643739,592.9150443413196,620.2900310720426,455.7787493757893,471.9904039699821,751.1800081713263,447.5969776777979,463.82321610921576,475.57051670363074,524.9234193463601,400.68122181595305,455.0114673514751,419.3702783064888,408.7117458054683,364.8225531014744,252.71400548698222
2025-09-01,597.3150746657866,624.0163882217987,593.1585783608258,620.5550002189838,455.7668540195924,471.9775927677402,751.1800081713263,447.5848285846052,463.81010202500966,475.57051670363074,524.9234193463601,400.68122181595305,455.0114673514751,419.3702783064888,408.7117458054683,364.8225531014744,252.62826300666853
2025-09-02,598.9295229656193,625.0366357272593,594.1744967535988,620.9040834803444,456.7135136294075,472.42193660420736,751.0942616376719,448.04240296683633,463.7152225347164,475.76903579413903,523.3295154501785,400.4544104139757,456.8228477770781,421.3004139401425,404.50184473790324,366.5608170700193,250.8481043961158
2025-09-03,602.1682759885855,629.0277583931005,597.211008535868,624.7012559682294,459.1028434084313,475.3705576513986,752.744112600208,450.24477799319493,466.47636372921124,478.8996993722459,527.8616306456751,403.8218124596976,458.2818201545406,424.6275283649415,408.0026516264904,367.8057215274909,250.61488810905678
2025-09-04,602.1680431455161,629.3205707496177,597.391326227231,625.2001097730441,459.32114530785907,475.8359711434757,756.1620323710594,450.6090010253062,467.1048832869731,479.06802459005775,529.541604938162,403.0212244775487,462.83845028288727,423.0310918598156,408.743485303628,368.0774744693224,253.6980049022831
2025-09-05,604.8991080159767,632.8081561468767,599.9158136731647,628.4887675639325,461.50934067275074,478.6052499273279,750.3637612251299,452.6147539838857,469.6917134538512,481.3728336108724,530.3135157358895,406.0804981151176,466.39050218292806,426.4197532731297,409.1222420502578,371.08609294639393,257.13175476008485
2025-09-08,603.1213640604914,630.8824372677288,597.9584531755253,626.3619181198465,459.97799065971526,476.9580368225857,747.2352398614756,450.95362551506827,467.90057040239816,479.73950721624794,530.7214558522936,407.4604544825604,445.3748120309175,429.3382071307695,409.6762560482476,371.83717397974584,254.96215933924864
2025-09-09,604.0784443313737,631.7693135193537,598.9616985516246,627.2971196711261,460.79502741690516,477.7190114990551,750.8390655042639,451.8006828430741,468.6933412716985,480.70561647610896,531.4730615417379,408.26277355923935,444.4873844044988,431.70397915664796,409.66344412022596,371.3163780815294,254.49806502348787
2025-09-10,609.5029909218598,637.1629847981645,604.4076834532592,632.7149045898475,464.66230648171097,481.49727675460133,757.8718539516788,455.63472590872294,472.4364336674052,484.7290948629028,533.6724943383178,410.8509656635971,451.48299625951205,436.2571256841906,408.57707976920955,374.5080253544598,255.4563472437675
2025-09-11,611.7682749476925,640.3223200735875,606.9100893958628,636.1623870513741,466.3176188721895,483.83144862115176,757.0697026297074,457.45582022316256,474.9657752875636,487.231831887016,536.0216862681146,413.2506126516707,455.8717138964828,439.2399025220045,410.1416440181072,375.9001045181375,257.35976758978285
2025-09-12,608.332926987115,636.5469320487136,603.3846706232256,632.2764569593884,463.5521408536783,480.81479787353334,754.6664709296397,454.6451410025482,471.892649372319,484.11230903022346,533.2980897590754,411.27360562860724,448.0172961956176,437.6533064518602,407.9771635715507,371.8321698353842,255.50304960836976
2025-09-15,608.3690694658289,636.4501088117793,603.3423200386707,632.0897125336451,463.80398041950997,480.9795523156389,752.0781355661015,454.8396618942628,471.99366170080816,483.74333531082067,533.1802121303954,411.4911974672152,448.24418774893013,436.99170482192324,407.52284822156435,372.96335489269967,258.30145064381065
2025-09-16,606.6678439534999,634.2939875651571,601.6992642479057,629.9814749599485,462.3618528674574,479.1821895063766,750.6669756608388,453.454298943965,470.2487670295642,481.50432442548976,529.1637816793634,410.0359313565524,448.1665064120743,436.0714566816056,402.96654948576645,368.83766722871627,259.9936572721931
2025-09-17,603.933135183756,631.6386719919724,599.144993598224,627.5244025151064,460.319200391223,477.2271689162479,747.702925089409,451.576496666443,468.47238438623503,479.0144019016874,526.197024839335,408.6351162038551,444.2803411496704,434.87302216350326,400.0714225204997,365.9980743084833,262.9971032021912
2025-09-18,604.8160271422162,632.6229608927639,600.0849205893584,628.574450665445,460.8682945723486,477.8391441222832,752.3653594338892,452.1604959111086,469.12386947883283,479.87511348188735,529.7274033406242,409.8903526735632,439.99091439102295,435.5786979650295,403.7269353512178,362.21513923871686,262.1877761223052
2025-09-19,603.2085950899643,631.2842713573494,598.2093830018408,626.9521810828204,459.83461746757473,477.0444950740606,751.1570993817335,450.9339022571548,468.12544742173685,478.65322967417853,528.8688713730813,408.04347664294045,439.08795812511494,432.92749570152563,401.37488458507863,362.40610658987123,262.83526362076464
2025-09-22,607.0383703407152,635.3954873753349,601.6838233201231,630.6865749903689,463.2632626902618,480.70368542584407,755.8372453016742,454.0624683997339,471.46767101973285,483.00700460566856,532.9874234015139,411.19765612079743,451.87108112690504,435.8528520943388,403.61510537151446,363.2457588204146,259.0557808902757
2025-09-23,608.9396614647545,636.8650155905594,603.4859900786761,632.0347675832635,464.8401277855067,481.93554550988694,759.0955473713822,455.5483169280238,472.59476784537753,483.92586171107183,532.7622838113257,412.04863593746575,456.20805670738457,434.89819810915674,404.7024052063578,362.1975465659813,261.06639292432817
2025-09-24,601.8146649815027,628.9356371874167,596.5908176055664,624.3273888465839,459.16095634961937,475.6616481579134,753.1782576928246,450.10357968755625,466.55736662690333,477.1976656005833,524.7204412124711,405.7121183098868,451.1013895979595,428.6086171217711,399.5035120389924,354.89447432450334,260.9715989101432
2025-09-25,603.0682188801026,629.883120885215,597.5750005350534,624.9722061739653,460.66560407768293,476.9579128662321,760.0765161302176,451.39722270564766,467.62231029959213,478.86618223043246,526.4645673034429,407.0481272408264,449.2281674859353,431.05267937725955,399.4757069254193,356.56916102192434,258.0824597425672
2025-09-26,608.8918394632996,636.0364953981564,603.2882577133516,631.0180730347624,465.0643347552233,481.56591687796777,769.7551145677479,455.6604743881391,472.0916197500473,483.69482630186604,532.7405376316871,410.2480293216237,451.64170603880666,432.0352541631836,407.1521471102291,360.8607873005916,259.05589704274365
2025-09-29,609.2976967249432,637.3432924946309,603.4173800942713,632.0526245177941,464.69658551876336,481.8522195859346,763.8839917672561,455.0591567435318,472.13943965478666,483.52226444290187,532.613396938231,411.23764182605373,448.21969353006085,434.55519161924985,406.55304628610554,361.9820777777711,260.38740786913354
2025-09-30,607.7263098032732,636.0056584760104,601.69315587037,630.5552217322415,463.5743774320713,480.93240946015106,759.8987715474781,453.83144422347425,471.10894614515735,482.48899732774817,532.4463089196041,411.061745556849,443.04326116267896,433.48801533941554,407.90271365596124,362.4669720876554,259.68834469898707
2025-10-01,610.1532918641757,638.855621900241,604.1615882975924,633.4644927188009,464.786579553528,482.4073076539572,761.6619533049706,455.04455723513854,472.59112140347884,484.3092051934117,535.370938536685,414.0553470583897,433.9689913845171,436.8115460378186,412.8116452747016,366.4000419119893,258.7160146761327
2025-10-02,611.2681159804598,640.5632836815417,605.3483676049841,635.2695780356829,465.3304706788612,483.38352314790944,761.7699878036375,455.6300297011388,473.62159489623554,486.06982658670114,537.3617767123774,416.19350421423366,436.2962948396328,439.2757884935138,414.83195852806415,367.1255627034032,255.13981777020027
2025-10-03,614.642540543292,644.140743385541,608.5972618100701,638.7177737984359,467.73642575327966,485.9084781860092,763.1621032454764,457.9067694425577,476.0109999168626,488.5877150317434,540.5963387364898,419.293655853906,435.76540664402205,442.0168545952551,416.8600835589725,371.36222102621974,256.04774267876877
2025-10-06,616.1993622983042,645.4437041004616,609.765864258804,639.5897149514121,468.60781431862966,486.5429239127912,766.9562746578935,458.4557780944774,476.2922095859688,489.2704442608432,542.1055235527764,420.425091977041,431.85672928599814,444.92054985644234,415.7314914620956,370.55273233257753,253.92722667928155
2025-10-07,609.3871998700544,638.0307662505984,602.7479553468572,631.9309840998741,463.78193768097253,481.3295434684502,761.7069623663957,453.53183625488845,470.9611273243997,484.2033700033626,535.9815320324212,415.27316517451743,429.3819405889539,439.1152603442393,410.8401134683164,367.09186831985176,248.7485543851122
2025-10-08,618.5712440128584,647.7079886688705,611.6100125696577,641.2761462501716,470.61552217647744,488.4634500571166,770.7894701586805,460.0346203790154,477.7486064343284,491.48543849280134,542.879179731944,420.82793111552127,438.4744975893698,444.60580087148094,416.6758448773322,370.8463694507871,250.61706227076144
2025-10-09,612.6381897199138,641.6874453826241,606.0323921120388,635.6377639631372,466.2320318228486,484.0697021060154,763.5778340059835,455.9805948345898,473.7073891349147,487.37302361044624,537.6322742797039,415.6088142984146,444.488860406378,440.4848870212094,410.9790899933439,365.4143712558609,248.24471044768922
2025-10-10,600.8128484078788,629.7010262162412,593.4639268598551,622.830495883533,458.00631247227574,475.8749385743319,746.3256455120255,447.28473844691274,464.99765145742174,477.8866661264827,529.0722927314401,407.4378623114125,436.2941927436378,427.60811822429014,408.80840621049856,361.9635547906075,246.62392542884453
2025-10-13,626.9423272669533,657.1644077121997,619.0778616283798,649.7834396340795,477.88488295851914,496.5883282643386,779.3831538330185,466.5428132937654,485.0719807226268,500.01657373072845,551.0266145802658,426.7377195239397,459.17476207162434,450.3074395410775,422.8787244561859,371.8638820218575,248.760525061813
2025-10-14,618.14540893187,648.3137572897097,610.1428996194014,640.7757001522461,471.4571190873733,490.211568876152,769.0156497773684,460.0837686971733,478.6563173159406,492.92838682207696,545.419927445666,420.90546833084875,451.46946959273936,443.14094104408366,419.11674340978954,366.6361825541615,248.06907898938903
2025-10-15,625.1708269879688,655.8896648083933,616.8613114509952,648.0357508519521,477.3392951105859,496.51279203065604,774.2720488678885,465.6750601418352,484.65508075221686,499.12574923601613,550.6229279533474,427.2708477450161,459.64644210022226,451.706307430052,420.2088137285876,369.39799902402456,251.0687616377608
2025-10-16,622.5762569215012,653.6400395507674,613.7905206684818,645.2737576387098,475.81777922628953,495.32122078978927,763.9350221173362,463.8076965204175,483.09262280558653,497.7926357301148,547.0525617301208,426.98295171222844,458.37051615024274,452.1350533861355,419.09619757640843,368.9132318280212,248.73221579144445
2025-10-17,621.3324130103712,652.2601203639038,612.9973512801542,644.3821293173046,475.14928154584857,494.57874025863237,767.9452560333611,463.50745051833593,482.7478176573468,496.8952895359138,547.6448325571649,426.27107626459093,454.06725399348164,453.4406671424815,418.4052672890706,367.0242224538755,251.53398808801367
2025-10-20,624.8443795302901,656.3037691001042,615.8931343604951,647.7689061386949,477.35200285323094,497.1328460226906,771.5876589691713,465.189851427348,484.7455068131705,498.76606922767274,549.3523411368216,428.1849340755727,452.39917322465965,456.99965774168516,418.76374084173415,368.51904313151533,253.60754470115876
2025-10-21,614.616726428719,645.1600229177611,607.1000207265788,638.1631126596072,469.713258158109,488.868820054421,765.5912690124497,458.7643094561722,477.7804805306295,491.03470112268724,542.9167121989137,421.02406552027867,444.4185629245072,449.4669006505605,413.4869552294325,364.038956482762,253.1231223918419
2025-10-22,616.9996632590631,646.813733084662,609.4635726204116,639.7760175648418,471.67558611750906,490.2490581358232,767.6387149733191,460.6940809519058,479.1167539386593,492.3572887341747,543.2982493291304,422.4737697060674,446.97036230148444,450.0928742674029,414.7356226774295,364.587148666939,254.11887017174504
2025-10-23,624.9510392980216,654.4721536221422,617.470610525622,647.4911123370675,477.5430902792351,495.8050449387962,776.5434135121538,466.5368392987845,484.6456662014619,498.24775157776565,547.8606310513626,426.28756584303306,459.4265111295569,453.7450453829532,417.65482758917886,367.4282846269588,255.8661527543173
2025-10-24,625.6014127596844,655.2940331466898,618.2898709058472,648.5024680375572,477.954900277604,496.3399856961237,776.4245149662532,467.07465587518095,485.31956242299924,498.7662449965155,549.1163385339115,427.0328031722697,458.0429335902461,455.95729719165917,417.16470439628506,366.64047009457624,257.2066202630678
2025-10-27,635.1545858022333,665.6808946830472,628.7333734967532,659.8897105220937,485.00439273286247,503.94984934441015,785.4912937562319,474.7411391895638,493.6137400087004,507.7466725015152,554.7675903604753,431.38814380962475,490.52177304444973,462.11684369517707,420.1292008029425,369.7793380487492,259.01311686273294
2025-10-28,633.7786760321447,664.8587452878157,627.559113685849,659.3042183154361,484.15486881472305,503.56355419493246,783.2849538132172,474.06489494098867,493.4238322765839,507.6396874489844,553.5955496581435,430.08982260561436,494.24960267275833,461.5589883173467,418.3883950685536,369.1991358987552,258.4176478149035
2025-10-29,632.4412116147487,663.3309711856268,626.3464041560104,657.9062283341407,483.6257664418693,502.93549320259956,784.2013312331878,473.65381239335755,492.9212460056571,506.8140065116098,550.6794098453787,428.7536859004214,498.75353322800197,462.3333246763889,414.96473865139416,363.94647166213724,259.8825602939523
2025-10-30,628.8886671513746,659.4916814102461,622.2177636614456,653.427116158653,481.0990299856832,500.2264844143792,775.8433978744312,470.70660882938915,489.75057358664674,502.9920133892405,546.4715944327417,425.48093140978176,497.91847091410943,456.8257235502883,412.78352653207236,363.55091641405585,261.38063203503344
2025-10-31,632.9587668183482,663.5074150866384,626.4220267899614,657.5895987185296,484.034197428616,503.0718017430747,783.3533736414728,473.71090973271566,492.67152274737447,505.9731835833933,549.4270439658312,426.852689793953,505.1971385561502,459.60480629225896,412.70915830677063,364.8968858429564,263.04674231653433
2025-11-03,634.3220836489268,664.9633648265302,627.813147839614,659.0793528561637,485.65299448002907,504.79938430901063,784.0429428838295,475.35067994583267,494.42535559511265,507.91478156824957,549.7435489652867,428.22614079472817,508.5014876975878,464.4071544139646,412.4300284683141,364.15692643600073,263.1801640401225
2025-11-04,622.0225423961363,651.951273874456,615.6815486170832,646.2232706622755,476.8082667563532,495.53626061555224,769.9906386859391,466.74883981587067,485.4096259070581,497.62572341839746,540.6817060075714,419.9500050629643,494.9511052691239,454.6236357009926,406.393335491924,358.60610602849766,264.2367741318771
2025-11-05,632.5776144015864,663.5638607909135,626.0735979661671,657.6951243546989,484.6513771816491,504.11162348793005,779.1476947103862,474.3730802670483,493.76920914985,506.1704351926415,547.8022616153994,426.34820489083165,506.1499730298665,461.42851598901655,413.38562889704764,365.24062926879924,268.93488747667215
2025-11-06,623.812489925401,654.2456960404339,617.2601022945323,648.30316158793,478.26810383724103,497.38813649413584,768.6978758093718,468.02905304243245,487.0760102703853,498.9952729816911,539.9830904059743,420.7450401246097,496.7349838764584,454.8265763685312,408.43085370252925,358.99668452717674,267.1237304630755
2025-11-07,624.6395749801753,655.0545488056569,618.0052695742083,649.0223558523597,478.5823974776261,497.65537210933724,770.5175370282719,468.26635226940175,487.2591003713094,499.0941188558054,540.317203090676,419.9445948708987,499.2155660812603,452.61709114549274,409.34202083204843,359.23987997142103,267.74660117767854
2025-11-10,631.9107012756308,662.9126202072771,624.9108796199349,656.5024260742866,483.96595912733363,503.42970579458546,779.8103166676171,473.29935891861663,492.6658051566472,504.7699168125853,545.7617821308733,424.64622274954326,502.27205103031844,458.75063876560296,413.1324221535569,360.8883706589633,269.9045638717893
2025-11-11,629.9001853635251,660.5523278882322,622.9380057766331,654.1718028508851,483.03339376230986,502.2865526118437,777.0555867342357,472.42320920242094,491.57892102155205,502.69100453465103,543.7484891538448,422.8231946274195,503.5531599717335,455.98556076235593,412.824136986975,356.8970996007073,274.9869572693617
2025-11-12,628.657434346313,660.3101975603159,621.3631658993232,653.5963543579209,482.3502855694864,502.4265776145943,770.5953943124563,471.49290727470066,491.4664391765991,502.64879358809867,543.7566612782796,422.76170584679596,504.5239890620478,456.27651908104355,413.71313348843637,355.20346271457186,274.4858925315584
2025-11-13,623.4266826850953,654.4835889482378,616.0947829500344,647.7082638453052,478.4701253508146,498.12736026834426,764.72060619704,467.6277040368641,487.17191642512364,498.00812379806825,538.1276003573063,419.56726839662383,497.7992510523819,452.2557461951654,411.3498433601756,349.487174102423,273.57969287071205
2025-11-14,622.9217388659439,653.3564415357569,615.9813790395731,646.9907533197993,479.02880622751985,498.2758068427535,769.9662069813593,468.51510189815633,487.6699088896967,498.40012392201726,538.2684261643693,420.01592613601844,497.9774621635671,454.0867986008569,408.49693392926616,349.5477990421148,274.5667780590205
2025-11-17,615.7460744731909,645.5731455622024,608.8883317637512,639.2760239028837,473.75118642587057,492.59226990553947,760.5680497408368,463.36483440303834,482.1119311910067,492.6008899491647,531.9736111638332,414.76438518605096,497.3538061313429,447.2440652345134,402.3910936587127,345.99825000596024,272.15844304730837
2025-11-18,616.8285084142658,646.1721462816593,609.6787362675421,639.5422516432993,474.32914251202726,492.7573730599815,762.2212017303318,463.69856555643264,482.00478725439115,492.3316447564635,530.6838990129997,414.1303825783846,500.5285182957472,445.4101115985414,400.88158644986623,345.60513571299197,273.06894965458844
2025-11-19,613.4532355603548,643.0921177697362,606.2113221369109,636.368668329278,471.95179581250466,490.65822618001783,760.2841798203609,461.2792024823957,479.8633628797103,490.53855165634747,529.7228448266259,412.19855135699595,501.71808947503973,442.6702393708319,398.5186640750636,342.18391739886215,269.45065892477203
2025-11-20,605.3039148989807,634.442563386706,597.8242098344697,627.4406930060461,466.37750789767335,484.8074006882252,748.5436200349424,455.5938420618912,473.8820348192004,483.8683074370318,522.6570998789952,407.2800148089193,491.5524637152501,437.32488339136745,393.83298189033786,340.5843007408232,269.45065892477203
2025-11-21,607.7968008614689,637.4348818101925,600.4006228191116,630.5397923703855,468.67899449494485,487.5172035973436,754.9999903011521,457.9476070408147,476.6579971667819,487.0507377690094,529.1567305129025,410.3866055109571,488.3140293715216,439.4691902510241,399.4209204534746,345.6753934967884,268.8975777433993
2025-11-24,621.3377723114537,651.4600171460678,613.6183366096493,644.2331568490855,478.6037670377213,497.67929171367376,774.4429469504726,467.4992179954966,486.42894344617235,497.6143384935155,541.1009840511905,418.8909820099811,498.4957523987963,450.22610192753183,404.26329020918627,351.51369141840195,270.88965255654233
2025-11-25,623.3084225268277,654.0917568697835,615.7136295404139,647.0209017279865,480.4253531130439,500.03544267981795,774.6407710461401,469.4085628405089,488.8915704592967,500.09913736200957,544.5838929499685,420.34871367649487,506.6895748716124,449.48049498732104,409.67429115780334,352.66458654241086,272.46740407190873
2025-11-26,629.9410112064286,661.0675669938473,622.3607747492571,654.0261521247215,485.08845065323163,504.88263167209874,779.5848658662964,474.0227965096125,493.6934768042202,504.6215777227781,548.7582246615711,423.50567694641325,512.3527603153781,452.8000857755033,413.68252509291034,356.58804869704966,277.4781784478461
2025-11-27,630.0233411477923,661.1572880112255,622.4452424265035,654.1184680852648,485.1661808163764,504.9667697167111,779.5848658662964,474.1017918021776,493.77917824825073,504.6215777227781,548.7582246615711,423.50567694641325,512.3527603153781,452.8000857755033,413.68252509291034,356.58804869704966,278.0561957406939
2025-11-28,630.824104968348,661.7711046315234,623.0774955749581,654.5431436287306,485.79562032526235,505.44250379999045,783.0065290545376,474.59152182109176,494.101065643605,504.78540499526525,548.9474343297927,423.14931900607917,517.603929478521,451.6776188542637,414.1957838934041,355.8279916589196,279.23833298902525
2025-12-01,626.2058022225756,656.8385190248453,618.3148540049556,649.4413083822204,483.1133930747174,502.6185105494155,780.5228876141344,471.84605684874555,491.2034146861981,501.7040198124259,544.30075086392,420.3192845029097,513.5975929099152,449.0101830149138,410.38503427484454,353.0936206838164,278.33749063920186
2025-12-02,631.1983292755722,662.4870036893105,623.496879803202,655.3181864114072,485.95560403142156,505.8611268746595,782.6602207269217,474.7828663408961,494.5584835082858,504.6869164090107,547.7150732672101,422.6151345294709,518.627235955953,451.0643654871493,414.5541020966015,357.14612288416987,282.9475432176407
2025-12-03,631.3946532418965,662.675283765151,623.8525237898889,655.6804933902029,485.7724232507678,505.6424056587234,784.746055542417,474.71890086445666,494.46829243583943,504.479353022145,547.104529202227,421.60376178691064,521.1172094782623,448.80041135953934,414.7761165657297,357.90522838690356,283.60839131689335
2025-12-04,629.8391890276908,660.8143162969787,622.3320824133369,653.8481005533312,484.8763950643323,504.5409649311059,782.8246805167825,473.86802767211896,493.41118742955234,502.56052841036586,546.1552713755254,420.45471377540053,516.7473257336277,446.8191981999708,413.6075387616037,357.0216747577385,288.19858476803233
2025-12-05,628.3374085444858,658.9739481052961,620.8193818517753,651.9851650688141,484.2222559986011,503.6709799563081,783.7814581074357,473.2255412939398,492.5492102419248,504.0272379360366,547.2771140682609,422.142956465911,511.75220059278735,451.1085145070665,414.1485456674669,357.53788654097485,272.9047759593244
2025-12-08,640.7407780991341,672.3837078017216,633.0309876856617,665.2212454806922,493.42935014318243,513.5525050862097,798.5643997740668,482.1754312156999,502.1727882816851,514.391320155402,559.1474777792414,431.67433475571266,524.9141833077048,459.8569886011218,423.4098648536148,365.6357496246793,275.1621649968981
2025-12-09,640.0876016103043,671.9412161927335,632.2722250988198,664.6690986918494,492.5063649961907,512.7673703579203,799.1118980022893,481.1672139719671,501.2968981790953,513.8186370209726,557.7488150982938,430.563695693676,525.1431360359046,458.6078900989393,422.37503267458425,365.53912319563307,272.7726934613994
2025-12-10,645.193438891774,677.2485262368887,637.3993798833899,670.0083516731041,496.71796280528196,517.1222538223677,804.9895788756689,485.3591175924449,505.6370009772896,518.2148838094437,563.1008035193079,435.2006343844318,525.386333251463,462.64633791644025,427.24793101404435,369.0742898060017,275.4395044795646
2025-12-11,651.2524204031977,684.1491869934099,643.1766330733487,676.6286639625584,501.32478458907457,522.3452418430331,809.1333924398751,489.6931869328894,510.57971506132816,523.6416394956012,568.8788629195437,438.2772125132514,538.0878623152643,464.2110604426714,433.92140880491786,371.8479485157479,276.0208106010951
2025-12-12,639.3109123277682,671.5965399244998,631.0836433033346,663.8859409930931,492.4670691996713,513.1237708834351,789.0502581196986,480.81686377963695,501.3228458463649,512.919680376728,557.6296476437865,429.58861139516927,531.7922641702727,453.6354866473025,425.77831071305764,364.11200537242456,278.138426806696
2025-12-15,639.7034274851123,672.3102182947126,631.4068340474727,664.5330223931547,493.5464144154408,514.520217394957,787.3287842727972,481.85009147322296,502.6758865426267,513.9736342871972,560.0527291126201,431.291291762717,528.086929481575,455.2091143502875,428.6939276375515,364.43906327958786,280.8598303643818
2025-12-16,634.1071586390924,666.8799299456912,625.6866906150588,658.9683590366428,488.7669558750703,509.8775351127534,778.4272320780174,477.0099456094708,497.9648822123925,510.06386287041323,556.9524749700205,428.1903597495992,522.5364947111358,451.2664410088086,427.0223681736847,362.84151182543513,272.7750587056414
2025-12-17,640.8075331355757,673.0379714545556,631.9237918813235,664.6082454473801,494.17361480327884,514.8212167821723,790.0050695863504,481.99922880801864,502.4522769099627,515.4566927284658,561.6419679705282,432.6614748866905,525.3126476680139,455.37282982879833,432.0493721296165,365.42904339474967,270.54818957954535
2025-12-18,646.6800539640942,679.6928113571582,637.9330068564909,671.4375317636736,498.9891776896812,520.2373152351564,793.5687444402656,486.88036215739817,507.95451228382547,521.5880042142016,567.2157654706682,437.51565251037806,537.9886536920126,461.29039785807936,435.8035252557394,368.0511022268378,270.70108304823697
2025-12-19,652.3740972882443,685.5674625135504,643.7259076189066,677.4289994749595,502.9486956733565,524.259717199762,799.8199816717812,490.8664532310228,512.0109428110221,525.8816745066989,571.862336369066,441.36419664888996,541.7916270578731,466.8553876436151,438.7067933185982,369.23147107864526,272.1300229774406
2025-12-22,658.6528098504572,691.669947475322,649.5033296009558,682.981906045197,507.8254625184809,528.9504076983809,808.2180368793054,495.2959427330591,516.2173677325253,530.996277947912,576.9454502040505,445.0540773783212,549.4092047109917,469.58531496140193,442.1623851313421,373.88900060768714,269.8448174242218
2025-12-23,668.700265893657,702.1663808977794,659.2318622654452,693.1481935644877,515.9327249092844,537.3664548431157,819.8406776865482,503.0750035995001,524.2905118020764,539.1803067859648,585.359807491272,451.92063018446004,558.6170832407215,476.36644876833077,447.48978539147373,382.09848165367464,274.7370961966943
2025-12-24,661.8288978060468,695.0569739742764,652.6250370775247,686.3171621337063,510.63669510741676,531.9348859675254,810.3044569739217,498.04391035524816,519.1388782772168,533.4007365629212,579.1165999796546,446.9733436923876,552.0452092199534,471.4038245047321,442.89505332510595,377.9685861662312,274.7370961966943
2025-12-25,661.7233590836096,694.9418735490623,652.5169633194218,686.1989628836344,510.63669510741676,531.9348859675254,810.3044569739217,498.04391035524816,519.1388782772168,533.4007365629212,579.1165999796546,446.9733436923876,552.0452092199534,471.4038245047321,442.89505332510595,377.9685861662312,274.7370961966943
2025-12-26,663.5340031106282,697.5667083097842,654.0734382694,688.5689135959968,512.0690918784678,534.0042760017544,809.3714971686962,499.2605928020334,520.9860961731567,535.2830110918713,580.068893982576,449.0205742490185,555.2371574236927,474.0746157802162,444.22353274239515,378.5642152497766,275.8035729216779
2025-12-29,662.9508978201608,696.3737556071038,654.4712996162322,688.4333582032008,511.5567047748082,533.0056212842378,813.0416849986874,499.53072181032496,520.8295719081798,535.3442640218085,580.8744568856073,449.99993082933474,554.2527631642251,475.6019488561317,443.92813269982383,377.38686351804154,274.46206384742413
2025-12-30,667.6740289930907,701.3470219785879,659.1741450499404,693.3942890973726,514.9538662130664,536.5444773181938,818.0545756887562,502.87021015986386,524.3116550786565,538.9281979478513,583.8382700858577,452.98367053193294,555.9519153707085,478.96376830911817,448.5214459914605,378.6968365095455,276.26989094048986
2025-12-31,653.9275141904717,687.0224195254016,645.6648151842678,679.3047004387219,504.4771709951007,525.7254048875299,798.7144627216486,492.6935949725337,513.8021022992167,527.1436156935257,570.6475332679526,443.73046501832505,545.5294502348157,468.3236073579018,438.60968075722263,370.25466835815746,276.26989094048986
2026-01-01,654.2660432209315,687.3917606203509,646.0119225610185,679.684500195066,504.4771709951007,525.7254048875299,798.7144627216486,492.6935949725337,513.8021022992167,527.1436156935257,570.6475332679526,443.73046501832505,545.5294502348157,468.3236073579018,438.60968075722263,370.25466835815746,276.26989094048986
2026-01-02,665.6189208981292,699.6582458993703,657.3431671278074,691.9598981799736,513.1558627354486,535.0359982226587,810.2765272704823,501.26308321576755,523.0139637720687,537.8023561134393,579.9057170648119,455.5672044608196,549.7686622670591,483.8434467920756,445.93478182940265,375.8311585135967,274.26083077491387
2026-01-05,664.3415515214541,698.2460565639255,655.8165889613765,690.2702852684878,511.6253425965402,533.362188705765,807.3508258993422,499.5364773229314,521.1229145130261,535.164721950825,575.3227960817065,452.61677067667296,554.3918002082114,480.4926763204147,442.463152360741,371.892864968227,277.1573062925564
2026-01-06,665.3857088738166,700.1078434470455,656.6805534634867,691.9584512617264,512.5436730410589,534.931500907067,802.0504138100437,500.305440047958,522.5423930724324,536.1952532960277,576.4080191215138,453.8266715423436,553.6575526084198,482.60196171649136,442.3959676146584,371.2621043881872,280.34590109997424
2026-01-07,656.8526029644702,691.2420336380658,648.3408612895987,683.2899082501204,506.3531062604717,528.5759595183149,793.2167326326546,494.34241577236253,516.4250791112054,529.7845398990394,570.3416262325486,448.4570399456089,546.1088266846389,477.04044307657733,437.53516943450956,367.8926512212122,277.8321243243741
2026-01-08,660.7340114317938,694.3439619006626,652.126069776683,686.266983375516,509.4771898338717,531.0611670836787,801.7772610685034,497.3611505761451,518.7875659958123,532.1156112573639,571.8637666727122,449.6937461376133,554.8428944103649,477.5919632787806,438.7234920730064,368.6926564230875,279.6369022417773
2026-01-09,664.4618260930426,698.3077746538723,655.7525176183558,690.1287319209304,512.5630615169405,534.3234740507148,807.3002893688655,500.34001131333747,521.9398017256727,535.4079295615188,576.4717095036771,452.833248426848,557.962353457859,481.62250028247183,441.68869849677196,367.5482980459684,280.99438489083724
2026-01-12,668.1955300695265,702.1347266363999,659.1845439339163,693.6304004681186,515.4660226837539,537.2734882827021,803.6042751677744,502.9740822966045,524.6013829004687,538.3766782703364,577.5801290305053,455.79224895226844,563.238295737636,485.39533303202484,443.7942562720344,368.2398850781901,281.0504838339975
2026-01-13,667.7051396971492,700.8923381184886,658.7021577708593,692.3758508054291,514.162438931305,535.2975535219085,806.9972415447916,501.667079443081,522.6089048718114,536.5795837703006,575.5119402205545,453.2416076136294,562.8267476208229,481.29554620869703,442.57045581904356,365.8764841135401,278.56062943957124
2026-01-14,670.7657518344922,704.5597119031111,661.5900841005785,695.8729653506387,516.2853705473511,537.8591242570725,808.5069262761843,503.62519969461,525.0011901106401,538.5260508347055,575.804951073839,455.2197819275605,565.2773650704653,484.3097167942871,442.8425748905339,368.0994858842844,282.7468335696157
2026-01-15,673.0966772954306,707.5320191846774,664.0167058566324,698.9688863927668,518.3404270675411,540.4269077872721,811.4166444047909,505.7410495840038,527.645684597534,541.5665491496468,579.5574579786157,458.83362536622815,564.2370529330456,490.1343959462052,442.87849390761903,369.5177966016994,282.2774328373582
2026-01-16,669.0698679789016,703.0807113581332,660.1473243581083,694.6756935920356,515.2297784641229,537.0097498010634,807.177802780586,502.78730591069865,524.39061498995,538.3939092176608,577.0611874358025,456.2345092289595,563.2157011632399,485.65235282347,441.59477223570434,368.73099585927156,279.57106255265063
2026-01-19,668.3988882553635,702.348504951692,659.4598298894344,693.9233022599578,515.3103571986683,537.0970941872026,807.177802780586,502.8690840322498,524.4794607084178,538.3939092176608,577.0611874358025,456.2345092289595,563.2157011632399,485.65235282347,441.59477223570434,368.73099585927156,280.1394638444804
2026-01-20,662.970855717216,696.3421828902412,652.9348181364119,686.6971496213298,511.8696099824684,533.3012484687746,795.5946690190035,498.61292319426616,519.7881169844648,532.8186436992584,567.7830823695274,451.4860110598236,563.4626323681043,478.4903763131488,434.5270339282461,368.18490166238325,281.98050613867133
2026-01-21,674.0916412679186,707.8918877265801,663.9160598234431,698.1132210801942,520.5275950245625,542.2205026975212,809.4909919426741,507.07235105583266,528.505135684861,540.7725620047216,574.9737312459249,457.8022442789589,578.408241414054,486.349911462416,438.9810263193903,370.3204427234813,292.4239185347729
2026-01-22,673.1398526761003,707.6935527663946,662.739706880094,697.6879419568456,519.9521603542247,542.2659554260221,805.3439784748375,506.3282211339479,528.37632764579,539.7247613041184,572.1637956863984,456.13491329444616,582.6398445930315,483.48677918558434,435.895935438055,371.61874299266873,297.80128389840115
2026-01-23,673.6966036266045,707.6791018255433,663.1290973525878,697.4762276903515,520.5215250802661,542.3876043930832,802.4947501935834,506.7619517885878,528.3444708675776,538.7556355560127,570.4294297811603,455.9659851761757,581.4082624634678,482.14028023514095,436.61104060425527,370.72750809278676,303.46785142828986
2026-01-26,677.171622065186,711.6161747198845,666.282589289918,701.0757615460891,523.5669119619095,545.8045259687214,805.9857219702154,509.5286570778849,531.4675825633926,542.2434008517089,573.4320300049484,458.08589848586314,588.5489400293321,483.42582656572023,440.43243545265574,373.71376945525344,303.3835982551017
2026-01-27,687.5216186431829,722.1511641521064,676.2778185735215,711.235151691777,531.7240418906276,554.0421975506382,810.4434345758733,517.3233109002762,539.3218826889728,549.8716447069773,578.8251185457904,465.22475865736726,600.0473204833695,491.70404368716413,445.53859299581705,379.79455821904173,310.23851495874135
2026-01-28,678.3689342390472,712.3241264550348,666.4088104554654,700.6010511903263,524.7246513236688,546.5820946306908,798.6634234312316,509.82761192176105,531.3083835331706,540.2516064416,566.5073410401707,456.85666120195077,588.4417526302173,485.3925734222698,433.70292820767463,370.8530225692956,314.6265321079533
2026-01-29,678.4155490076392,711.400179710613,666.3199831229763,699.5068464980687,525.7584006640426,546.9240902474291,801.0694052382595,510.76367852025726,531.5368799258296,541.1886065476563,568.6922555949843,458.1404720509166,587.3666574065226,486.44079901946355,433.71114749301876,373.9423138305358,310.2477529493378
2026-01-30,664.8456746709809,696.5336567267702,655.147441696047,687.2170712814399,514.9716545580166,535.1826289249766,798.7045652065586,501.99235868901724,521.9559731866595,530.9230104694758,562.1859407598554,449.7539321544235,565.0368832034095,478.6798394672495,429.6726948883988,367.8264476018284,307.87614067315195
2026-02-02,671.0820055516602,704.4082961664208,662.2316079892488,696.0634589086595,521.0337514486031,542.6054718843277,806.7426083815233,508.6978025818262,530.1032825269095,539.4890659003581,572.0296583927411,457.1987211404502,574.7139700771509,485.91026335446486,438.81919426829984,374.5470736517913,310.9035763678289
2026-02-03,676.6835750768399,709.7212026519801,666.3296304436184,699.728201389929,526.312079941762,547.6869381822441,809.7187082660312,512.7453096339121,533.850355920465,542.9548095019338,571.5457367997542,459.4818348522922,587.4801048196265,488.7155758267377,438.4156121955062,376.47800899763087,315.30520165603775
2026-02-04,668.7974797598191,701.1017652529943,658.3902206404499,691.0263824056474,520.7234621769572,541.614491449554,806.3840209447154,507.1827558727869,527.7929197478949,537.571241314196,568.0510237552639,455.1531983024767,571.8580043646165,483.87260217869715,437.05955650341434,374.3801851259294,306.763000984806
2026-02-05,657.9657530638,689.7196108504082,647.988961061959,680.0926165667775,514.7938184343045,535.5292495166337,796.0790471989992,501.71468799719304,522.199512447194,531.1752973430856,560.9325205129303,450.8078410507786,561.289951011506,480.6568450559218,430.75726147484784,372.61087739570644,307.8991347035778
2026-02-06,677.806203793252,711.0484852216422,667.3547722158967,700.9550220618237,528.2959631078263,549.9198611221582,817.1035136265351,514.6550536707847,536.0087788125486,546.3409492536067,576.6976433558578,464.34446430507643,575.8452432662333,495.9920303575823,441.702315061205,379.4987042211028,308.9061943600751
2026-02-09,678.9769263279536,712.2450941147232,668.1724069408319,701.7674210046707,529.5779065067634,551.244298638406,813.9772532118682,515.6495831288024,537.0234061243216,546.6686337677442,576.5883987674966,464.722313902585,580.0510088842933,495.3159648548707,442.25913943376094,381.057522194859,313.8850152725814
2026-02-10,674.1738470838652,707.137019917025,663.6372773182312,696.9409390238395,526.1660960318821,547.6507593682473,807.9178853696382,512.4942438842855,533.7017462210304,543.1002910341389,574.1314492466496,463.5373016263439,571.0502000821942,494.6296530178022,438.35104646528674,378.11147779669994,313.1247726723628
2026-02-11,680.8449241082567,714.0792790519008,670.1450939329969,703.716492664188,532.085490476934,553.7972420135075,816.3373683637687,518.2402191144785,539.6698079842428,548.8154105911374,577.1047402602162,469.1676164313176,575.2234271837464,502.1733410819155,440.80808049699885,382.41288744191667,318.89696877508266
2026-02-12,670.5214076289562,703.6964294097646,660.4761432035743,694.0395149359256,523.9328057411226,545.6669490147558,802.03547355197,510.69232819457255,532.1872649879277,541.2631691879178,570.538091364181,464.91238019687034,560.3252579121072,496.9707334004216,437.89209911427315,379.5338548859462,314.1104467964976
2026-02-13,675.3656204290338,708.9535768559692,664.7231954382343,698.6580572982257,527.0001688977171,548.9713761235955,806.9786086289589,513.2323420469804,534.9262269705207,544.4559000088717,573.8065570928892,468.15598254884605,564.9597437303858,500.1246565376646,439.62869942868224,378.2689627300027,313.1285465022009
2026-02-16,675.3794694019183,708.9686737230052,664.7373504379759,698.6735300316521,527.0001688977171,548.9713761235955,806.9786086289589,513.2323420469804,534.9262269705207,544.4559000088717,573.8065570928892,468.15598254884605,564.9597437303858,500.1246565376646,439.62869942868224,378.2689627300027,313.1285465022009
2026-02-17,675.1259490771309,708.7117218279615,665.1326310699797,699.1255049805221,527.0928809398537,549.0874495017321,808.7929819737873,513.8517073458089,535.6145377499437,545.2201614497313,576.6178981191516,469.35409222267,564.071485403355,500.9686737577379,443.6432804186831,373.92420576381437,313.1285465022009
2026-02-18,676.5206312153734,709.038650810776,666.1009004777835,698.9595754432839,528.6337233147594,549.7951644726022,813.683352114501,515.0454489115889,535.9335642266612,545.4402476072311,576.4540302917042,469.29440047647927,560.9087568184231,500.8291618315474,444.22681611906665,373.60128051547076,313.97625177443376
2026-02-19,679.8192782744433,711.9397818716094,669.3337001669929,701.7811247481324,531.092955403319,551.8994882823708,816.0768606603941,517.4247600525216,537.9483102154393,546.9743404475861,577.1193359418771,469.9742338122443,567.1567141514043,501.23196002465085,442.9161738922269,378.16660549916656,318.4263926240699
2026-02-20,684.6970173492291,717.4924852867997,673.9417807609533,707.0601199544086,534.8319208605271,556.1403163713373,814.9669356864384,520.9083969003876,541.9240642075132,550.9316601171821,579.6732789651113,474.8695533091843,570.2541211804712,507.89551940039894,445.3265910645885,377.69528710327916,321.3249792327219
2026-02-23,675.408297888134,707.538648313118,663.9121363190218,696.2747028980021,528.4434551049918,549.3558794121857,805.2032615923227,514.0071525007409,534.5713833710523,543.2788282101408,571.6702651229036,468.30134271209766,556.8269988901941,500.2360403954127,440.3199636114305,374.14188848445053,318.10691520866897
2026-02-24,680.5106904760186,713.1658333365905,669.5017158206028,702.449503744454,532.7797598740747,554.1058615043239,808.9177553851371,518.7005865456517,539.7185740681314,548.1557574988864,574.5777044836444,472.2974747724776,566.0909441560098,505.82792734577663,440.5429166377211,377.77617979042395,323.4505675276416
2026-02-25,683.546196430494,716.9181623171158,672.7614204004658,706.4661776032201,534.0863573338736,555.8817723382635,811.0003371462006,520.1512045490887,541.6588223634087,550.6458166309236,577.9484193362565,475.6710259858731,561.3268939232498,509.2198463242223,443.8300026621434,381.8579420911818,321.24152141578924
2026-02-26,678.4988416265967,711.5558106196186,667.5215508626279,700.8820846600398,530.2540109786173,551.8423708218658,802.7689284720544,516.2043574002032,537.4880487446553,545.859229041971,573.4076316661232,470.985495085608,554.2257399855879,504.1383964947458,441.59869928120025,379.9533813698727,322.275745332572
2026-02-27,679.0030911854657,711.2890139760788,667.6366433358284,700.1719013397122,531.0903224688981,552.0894267064211,806.8040990249035,516.7293131791938,537.3897154906842,546.5442494040933,573.1433260777087,471.705863387725,549.9775020422865,505.7372206929249,440.84985031278785,381.56494976389996,317.1194199475798
2026-03-02,673.5603904750303,703.6586304822353,661.7829067203724,692.0371460888438,525.8012780737088,544.9912907186726,811.5901967455228,511.138934317722,529.9343063347069,538.4392062536767,566.7982910089967,462.8575503377527,537.6952696686094,496.42496591073,429.5465773412622,378.58731681502564,316.0555825454695
2026-03-03,657.0189477287453,684.5569409566307,645.8481916862644,673.5245844468061,512.3743487538467,529.5861342791387,810.2211460701518,498.3214609109249,515.1483002216314,523.9033956008558,557.1722678407443,447.1301167245249,517.0280455384634,479.46997712396194,419.598265305847,371.9038024406903,304.0894541090864
2026-03-04,678.2000355462326,706.5245263147398,666.75766470314,695.2301481553615,527.8189164977059,545.4236553204769,831.5261235970443,513.3716944143173,530.5804621968018,540.3023818576432,574.2415570073516,461.2148982437832,540.1060816607954,492.3916891766462,433.297926658026,383.48124709180496,308.70061599387736
2026-03-05,661.0841311936841,686.8538941548591,649.8181330294944,675.6796587567422,514.684732947271,530.3819275991143,823.1475475659224,500.51426481029404,515.7994330226093,525.1414906058648,560.2241470551627,446.71398106524134,521.2818103979471,477.15111877622644,420.1216614236025,373.1389455716924,300.78597888228853
2026-03-06,663.4904685687732,685.8425031390402,651.7170853959799,674.0422103510977,517.2647801596387,530.2497566420489,821.055373429979,502.6771733964098,515.1862705498412,524.7790390285838,558.0370230682864,446.5473977558439,520.4908897507507,479.0098806764714,419.5222809016559,372.25042954386834,298.7788461367812
2026-03-09,666.4720711527037,690.2155264189902,654.9048746902806,678.6694322806314,519.6765510332974,533.7636728923978,822.7760520945003,505.23215766778327,518.8680350626912,528.5410842620935,561.2178849735839,451.2340769319086,522.7611936748207,485.140369212133,421.19882250142695,372.2836740153201,300.84062211478283
2026-03-10,665.1313579222267,688.5805754033196,653.4382162079128,676.891322887737,518.2943135192768,532.1318983350739,812.8682146882337,503.7555234775402,517.1311246438503,526.0489982066828,557.2723544186368,449.02363969124576,527.2776441521916,481.80232734091095,418.6347748716847,369.20766670799617,304.35904841039047
2026-03-11,661.1567669743008,683.9824963506937,649.6749469354393,672.5046792487203,515.1637532234038,528.5279020364112,812.4659587347448,500.8248882069025,513.7328196841778,522.3163381103735,551.9991501950672,445.44573502399487,526.3057177014598,478.9344535858787,413.98459786551814,367.2950628175878,304.11394096818196
2026-03-12,648.838191000349,668.2924164180723,637.6480327792104,657.0457057433493,505.1570724395038,515.8772096503897,804.5065232091537,491.1431760651216,501.38931720255056,509.97752387300466,540.8320386628913,433.0703621211833,507.3741168230913,464.81935584560114,407.79206912258036,360.77869411124055,295.4560673068175
2026-03-13,654.4071370321599,673.4558990112189,643.2140303403983,662.1995450446948,509.177482428521,519.5104981296221,816.6911711698722,495.11436475753084,504.9676982213106,514.6492927240269,545.8778809145088,437.5303358036094,510.76904369094683,472.03882198776876,409.931583656781,361.2075684827243,290.9873210463533
2026-03-16,676.3447617769957,697.5466228379375,665.2261731922254,686.4287166789092,525.4932245918818,537.3416541848741,836.8381151149199,511.3102134807912,522.6990393045244,533.5689165393844,563.8984070341079,455.4055544072058,527.4802350282481,492.4956852490517,423.55006042788983,375.6825313782788,295.9288389369692
2026-03-17,667.9818122953629,688.1989137098947,657.20711058224,677.4230580186825,519.3574453433966,530.5034255380431,826.7536434763153,505.5191190531747,516.2149866732333,526.3098419909554,555.6081712402372,449.3871889145454,523.969080220336,484.98844398674106,417.8854050247112,368.3243051009026,296.16350252300384
2026-03-18,652.1928869436363,670.8858653570961,642.0645158960244,660.7597503050646,507.48170207936533,517.5503914299051,812.3542881072327,494.2886928065249,503.92732039785966,513.1658430685845,542.4763403094363,437.571511109281,514.1205410208672,472.8439976625066,405.6259722072481,359.3806321820066,292.92703088809844
2026-03-19,659.1995451503678,678.9529333735497,649.9299446717664,669.7745069945465,513.2532832005834,524.1391681528374,826.0036623316745,500.6973626404548,511.2070922030921,520.9403609167822,548.576609652517,443.39682689632934,523.0729461263245,481.46830083746164,410.750732212324,365.73710331903186,294.8901436731653
2026-03-20,637.8203882934677,655.3972944711784,628.9989039341431,646.6347691006049,495.9547414375641,505.2140033344541,810.1860353632617,483.9146970722796,492.79625808863835,501.5907750465129,531.003723208049,425.56815873116716,501.1705724925632,461.3168739033137,393.84466355221997,351.4342260509329,287.9325305890517
2026-03-23,659.6507717473155,680.5440312882753,651.4852297877491,672.5765548942669,513.1382615622463,524.9032178492471,833.7938144273013,501.455614001853,512.911960811042,521.9807688284677,551.073063498065,445.3421389191648,519.9230312544167,481.91732576608865,410.8177500956037,367.25535049984717,300.2206078153372
2026-03-24,647.2459252584142,666.7150993420958,639.1298921725045,658.7570503518584,503.51983251221054,514.238374501766,824.1582660298595,491.9741003572974,502.36968628088096,510.3698873370506,539.5098790600989,433.5058339451027,514.7204062663267,468.4868114520229,401.7730866984836,353.32799048128555,299.631431176403
2026-03-25,656.4386491330769,676.8074562319231,647.818275936912,668.3365117305362,510.7299042205677,522.104159664928,826.229129763637,498.7096694747145,509.7455085928125,517.7307268495861,545.1636506631346,439.9207269636724,526.3667424647028,475.89564950377064,407.30307791708657,356.9505766807552,304.8859440955536
2026-03-26,643.1608349710908,661.6810624154479,635.128295040937,653.7863232947075,500.6805028992539,510.6899120566523,819.7142490601724,489.2387987735216,498.91917619386794,506.4988425893202,533.9342019588577,427.80950900193506,517.020254806616,461.8761957604941,399.07448705124955,350.4679259252171,299.9390348979035
2026-03-27,640.3057927684093,657.133381805014,631.3514094431421,648.2042002276645,499.0652308708273,507.7744704318663,814.0715520284532,486.9171115647264,495.229700441511,503.1375843271227,527.775619023009,425.25775339099584,515.3692805347803,458.24084928111625,395.1635752535513,349.87287456168485,295.21788185286096
2026-03-30,640.4314034443051,656.1069250026303,631.4736070429033,647.1443355170424,499.05404952470303,506.830177263165,808.9355484702215,486.9006166078442,494.264907359804,501.6795777273294,526.9780551088569,423.7318149101407,517.8351485595193,454.6364897817627,397.4081794512213,346.8145566530561,297.72665592515824
2026-03-31,662.8398637360239,680.3255267918089,653.372977207212,670.8733457537701,516.6461310519774,525.7152631040505,826.9402039864392,503.91246756776786,512.5626687793305,520.3153628526296,546.3600094584044,440.5572549838313,541.2373476623599,472.58967264570595,412.25281697043084,356.0608613561439,308.33380439971535
2026-04-01,659.0985054571017,677.3327001494995,649.4492934636183,667.7037600815437,513.931024291958,523.6415551456853,810.9982315047885,501.08302089270654,510.3767822018688,517.7991265886246,545.4091987248725,439.8440332099665,540.1190158433478,471.05256614484017,412.9346894122817,352.87962175390413,308.95674246279697
2026-04-02,653.3283021337239,668.4849011303309,644.2053926640054,659.3390970836418,509.7474205739537,517.0456794282472,806.8400601749611,497.3708447961275,504.2424489082668,511.13976606243926,539.2907111209485,432.6878671756587,534.4090874954502,462.78091691872135,407.2369578339135,349.55702607814703,308.1037604766762
2026-04-03,653.3526140448862,668.5107338211767,644.2302871062311,659.3655955178622,509.7474205739537,517.0456794282472,806.8400601749611,497.3708447961275,504.2424489082668,511.13976606243926,539.2907111209485,432.6878671756587,534.4090874954502,462.78091691872135,407.2369578339135,349.55702607814703,308.1037604766762
2026-04-06,657.1919087848686,672.3829526597622,648.2468606074647,663.4283885861253,512.2872221669699,519.5581936066176,812.2168850694954,500.0165796224836,506.8671555248775,514.2123065942511,542.8015931072517,436.38594680699265,533.2702127582959,467.18051571069736,410.0327217477152,351.23652186243925,306.976180271779
2026-04-07,656.8666277846116,672.2950871167459,647.7667975514123,663.181904536429,511.22057975211214,518.6402614434219,811.4596778135779,498.8160255791284,505.8099251170687,513.0376988782925,540.7974184358862,435.2163483201532,528.5777943709647,466.5056604058198,407.8210261682229,354.0664013872056,307.00607277359626
2026-04-08,677.5130095383112,696.7113805454576,668.6932971232029,687.9996420195278,528.083947173917,538.4161834019931,818.8596576764493,515.7546314375661,525.7167111396583,533.9128496617726,561.1057711905482,457.22366983573846,549.0465243854316,491.2508193879159,424.9040668621265,366.69595744506023,314.5868727892591
2026-04-09,673.0980126497002,691.7519520312234,664.2217443330751,682.9636488873556,524.5268503554316,534.4477496596455,810.8822483294338,512.1845899075673,521.7260520793164,528.6167764668628,555.9281683617666,451.2377584988452,546.195726727337,484.748684449917,419.96458272861616,365.8303326046975,320.2564322180879
2026-04-10,673.0660587513452,692.1888771631326,664.2565046314106,683.4844648909427,524.1782145044754,534.4567832436621,808.5562427728762,511.8846763119761,521.7926803126346,528.4492226782705,555.969309084895,452.42759218993484,547.349811709818,485.0207506924005,419.9846514341031,364.71841171663976,321.863837312696
2026-04-13,666.7640694092449,685.1683144254056,658.3546292627651,676.8707739271988,519.032231753813,528.7669409126377,800.2640305010267,507.1046435607867,516.4800670527416,522.4608680311991,550.8277711989708,447.972297720716,540.0900065669432,479.0896621764626,415.1738829775577,360.96746410664207,322.6600544345123
2026-04-14,670.5516092368475,690.2115858105084,661.7271481419638,681.505776595451,522.2173051953558,532.9453433935439,801.2390930456636,509.9315794968512,520.29706906797,526.4193353872978,555.7301942015513,453.3080346620799,540.4020563684693,486.09096019527465,417.19992545382974,361.2294285860803,324.38389251065536
2026-04-15,669.0221648681666,688.8973332385971,660.4729453201028,680.4916200022661,520.7831510895259,531.6806215819166,804.6289748917363,508.7261288436027,519.277668307201,525.5604239769032,555.6750784382465,451.78311497979405,540.8454118070176,484.0019125705485,415.22655919883096,361.836897302939,322.5791879757904
